village_code,province_code,province_name,city_code,city_name,district_code,district_name,village_name,postal_code,postal_code_candidate,candidate_status,candidate_sources,postal_code_diskominfo,postal_code_open_data_jabar,postal_code_kodepos_dev,postal_candidates,verification_status,confidence,review_required,selected_reason,administrative_resolution_applied,former_village_code,source_village_codes,source_ids,source_rows,snapshot,unresolved_pattern
32.01.07.2011,32,JAWA BARAT,32.01,KAB. BOGOR,32.01.07,CILEUNGSI,LIMUSNUNGGAL,,,,,16829,16829,16820,16820;16829,review_required,unresolved,yes,No automatic selection: Kodepos.dev does not corroborate exactly one local source.,no,,diskominfo:32.01.07.2011;open_data_jabar:32.01.07.2011;kodepos_dev:32.01.07.2011,diskominfo_jabar_village_2024_unreviewed;open_data_jabar_postal_2023;kodepos_dev_rest_api,diskominfo:85;open_data_jabar:17440;kodepos_dev:85,2026-08-11,government_sources_agree_api_differs
32.01.08.2004,32,JAWA BARAT,32.01,KAB. BOGOR,32.01.08,CARIU,KUTAMEKAR,,,,,16846,16846,16840,16840;16846,review_required,unresolved,yes,No automatic selection: Kodepos.dev does not corroborate exactly one local source.,no,,diskominfo:32.01.08.2004;open_data_jabar:32.01.08.2004;kodepos_dev:32.01.08.2004,diskominfo_jabar_village_2024_unreviewed;open_data_jabar_postal_2023;kodepos_dev_rest_api,diskominfo:90;open_data_jabar:17445;kodepos_dev:90,2026-08-11,government_sources_agree_api_differs
32.01.13.2001,32,JAWA BARAT,32.01,KAB. BOGOR,32.01.13,BOJONG GEDE,BOJONGBARU,,,,,16926,16926,16920,16920;16926,review_required,unresolved,yes,No automatic selection: Kodepos.dev does not corroborate exactly one local source.,no,,diskominfo:32.01.13.2001;open_data_jabar:32.01.13.2001;kodepos_dev:32.01.13.2001,diskominfo_jabar_village_2024_unreviewed;open_data_jabar_postal_2023;kodepos_dev_rest_api,diskominfo:135;open_data_jabar:17497;kodepos_dev:136,2026-08-11,government_sources_agree_api_differs
32.01.13.2002,32,JAWA BARAT,32.01,KAB. BOGOR,32.01.13,BOJONG GEDE,CIMANGGIS,,,,,16924,16924,16920,16920;16924,review_required,unresolved,yes,No automatic selection: Kodepos.dev does not corroborate exactly one local source.,no,,diskominfo:32.01.13.2002;open_data_jabar:32.01.13.2002;kodepos_dev:32.01.13.2002,diskominfo_jabar_village_2024_unreviewed;open_data_jabar_postal_2023;kodepos_dev_rest_api,diskominfo:136;open_data_jabar:17498;kodepos_dev:137,2026-08-11,government_sources_agree_api_differs
32.01.13.2003,32,JAWA BARAT,32.01,KAB. BOGOR,32.01.13,BOJONG GEDE,SUSUKAN,,,,,16929,16929,16920,16920;16929,review_required,unresolved,yes,No automatic selection: Kodepos.dev does not corroborate exactly one local source.,no,,diskominfo:32.01.13.2003;open_data_jabar:32.01.13.2003;kodepos_dev:32.01.13.2003,diskominfo_jabar_village_2024_unreviewed;open_data_jabar_postal_2023;kodepos_dev_rest_api,diskominfo:137;open_data_jabar:17499;kodepos_dev:138,2026-08-11,government_sources_agree_api_differs
32.01.13.2004,32,JAWA BARAT,32.01,KAB. BOGOR,32.01.13,BOJONG GEDE,RAGAJAYA,,,,,16928,16928,16920,16920;16928,review_required,unresolved,yes,No automatic selection: Kodepos.dev does not corroborate exactly one local source.,no,,diskominfo:32.01.13.2004;open_data_jabar:32.01.13.2004;kodepos_dev:32.01.13.2004,diskominfo_jabar_village_2024_unreviewed;open_data_jabar_postal_2023;kodepos_dev_rest_api,diskominfo:138;open_data_jabar:17500;kodepos_dev:139,2026-08-11,government_sources_agree_api_differs
32.01.13.2006,32,JAWA BARAT,32.01,KAB. BOGOR,32.01.13,BOJONG GEDE,WARINGINJAYA,,,,,16925,16925,16920,16920;16925,review_required,unresolved,yes,No automatic selection: Kodepos.dev does not corroborate exactly one local source.,no,,diskominfo:32.01.13.2006;open_data_jabar:32.01.13.2006;kodepos_dev:32.01.13.2006,diskominfo_jabar_village_2024_unreviewed;open_data_jabar_postal_2023;kodepos_dev_rest_api,diskominfo:140;open_data_jabar:17502;kodepos_dev:141,2026-08-11,government_sources_agree_api_differs
32.01.13.2008,32,JAWA BARAT,32.01,KAB. BOGOR,32.01.13,BOJONG GEDE,RAWAPANJANG,,,,,16927,16927,16920,16920;16927,review_required,unresolved,yes,No automatic selection: Kodepos.dev does not corroborate exactly one local source.,no,,diskominfo:32.01.13.2008;open_data_jabar:32.01.13.2008;kodepos_dev:32.01.13.2008,diskominfo_jabar_village_2024_unreviewed;open_data_jabar_postal_2023;kodepos_dev_rest_api,diskominfo:142;open_data_jabar:17504;kodepos_dev:142,2026-08-11,government_sources_agree_api_differs
32.01.14.2009,32,JAWA BARAT,32.01,KAB. BOGOR,32.01.14,LEUWILIANG,CIBEBER I,,,,,16642,16642,16640,16640;16642,review_required,unresolved,yes,No automatic selection: Kodepos.dev does not corroborate exactly one local source.,no,,diskominfo:32.01.14.2009;open_data_jabar:32.01.14.2009;kodepos_dev:32.01.14.2009,diskominfo_jabar_village_2024_unreviewed;open_data_jabar_postal_2023;kodepos_dev_rest_api,diskominfo:152;open_data_jabar:17515;kodepos_dev:152,2026-08-11,government_sources_agree_api_differs
32.01.14.2010,32,JAWA BARAT,32.01,KAB. BOGOR,32.01.14,LEUWILIANG,CIBEBER II,,,,,16642,16642,16640,16640;16642,review_required,unresolved,yes,No automatic selection: Kodepos.dev does not corroborate exactly one local source.,no,,diskominfo:32.01.14.2010;open_data_jabar:32.01.14.2010;kodepos_dev:32.01.14.2010,diskominfo_jabar_village_2024_unreviewed;open_data_jabar_postal_2023;kodepos_dev_rest_api,diskominfo:153;open_data_jabar:17516;kodepos_dev:153,2026-08-11,government_sources_agree_api_differs
32.01.16.2005,32,JAWA BARAT,32.01,KAB. BOGOR,32.01.16,CIBUNGBULANG,CIARUTEUN UDIK,,,,,16637,16637,16630,16630;16637,review_required,unresolved,yes,No automatic selection: Kodepos.dev does not corroborate exactly one local source.,no,,diskominfo:32.01.16.2005;open_data_jabar:32.01.16.2005;kodepos_dev:32.01.16.2005,diskominfo_jabar_village_2024_unreviewed;open_data_jabar_postal_2023;kodepos_dev_rest_api,diskominfo:172;open_data_jabar:17537;kodepos_dev:172,2026-08-11,government_sources_agree_api_differs
32.01.16.2011,32,JAWA BARAT,32.01,KAB. BOGOR,32.01.16,CIBUNGBULANG,CIARUTEUN ILIR,,,,,16637,16637,16630,16630;16637,review_required,unresolved,yes,No automatic selection: Kodepos.dev does not corroborate exactly one local source.,no,,diskominfo:32.01.16.2011;open_data_jabar:32.01.16.2011;kodepos_dev:32.01.16.2011,diskominfo_jabar_village_2024_unreviewed;open_data_jabar_postal_2023;kodepos_dev_rest_api,diskominfo:178;open_data_jabar:17543;kodepos_dev:178,2026-08-11,government_sources_agree_api_differs
32.01.17.2005,32,JAWA BARAT,32.01,KAB. BOGOR,32.01.17,PAMIJAHAN,GUNUNGBUNDER II,,,,,16697,16697,16812,16697;16812,review_required,unresolved,yes,No automatic selection: Kodepos.dev does not corroborate exactly one local source.,no,,diskominfo:32.01.17.2005;open_data_jabar:32.01.17.2005;kodepos_dev:32.01.17.2005,diskominfo_jabar_village_2024_unreviewed;open_data_jabar_postal_2023;kodepos_dev_rest_api,diskominfo:187;open_data_jabar:17553;kodepos_dev:187,2026-08-11,government_sources_agree_api_differs
32.01.17.2010,32,JAWA BARAT,32.01,KAB. BOGOR,32.01.17,PAMIJAHAN,GUNUNGBUNDER I,,,,,16810,16810,16812,16810;16812,review_required,unresolved,yes,No automatic selection: Kodepos.dev does not corroborate exactly one local source.,no,,diskominfo:32.01.17.2010;open_data_jabar:32.01.17.2010;kodepos_dev:32.01.17.2010,diskominfo_jabar_village_2024_unreviewed;open_data_jabar_postal_2023;kodepos_dev_rest_api,diskominfo:192;open_data_jabar:17560;kodepos_dev:192,2026-08-11,government_sources_agree_api_differs
32.01.18.2010,32,JAWA BARAT,32.01,KAB. BOGOR,32.01.18,RUMPIN,TAMANSARI,,,,,16352,16352,16350,16350;16352,review_required,unresolved,yes,No automatic selection: Kodepos.dev does not corroborate exactly one local source.,no,,diskominfo:32.01.18.2010;open_data_jabar:32.01.18.2010;kodepos_dev:32.01.18.2010,diskominfo_jabar_village_2024_unreviewed;open_data_jabar_postal_2023;kodepos_dev_rest_api,diskominfo:207;open_data_jabar:17576;kodepos_dev:207,2026-08-11,government_sources_agree_api_differs
32.01.18.2011,32,JAWA BARAT,32.01,KAB. BOGOR,32.01.18,RUMPIN,KERTAJAYA,,,,,16353,16353,16350,16350;16353,review_required,unresolved,yes,No automatic selection: Kodepos.dev does not corroborate exactly one local source.,no,,diskominfo:32.01.18.2011;open_data_jabar:32.01.18.2011;kodepos_dev:32.01.18.2011,diskominfo_jabar_village_2024_unreviewed;open_data_jabar_postal_2023;kodepos_dev_rest_api,diskominfo:208;open_data_jabar:17577;kodepos_dev:208,2026-08-11,government_sources_agree_api_differs
32.01.18.2013,32,JAWA BARAT,32.01,KAB. BOGOR,32.01.18,RUMPIN,MEKARSARI,,,,,16354,16354,16350,16350;16354,review_required,unresolved,yes,No automatic selection: Kodepos.dev does not corroborate exactly one local source.,no,,diskominfo:32.01.18.2013;open_data_jabar:32.01.18.2013;kodepos_dev:32.01.18.2013,diskominfo_jabar_village_2024_unreviewed;open_data_jabar_postal_2023;kodepos_dev_rest_api,diskominfo:210;open_data_jabar:17579;kodepos_dev:210,2026-08-11,government_sources_agree_api_differs
32.01.19.2014,32,JAWA BARAT,32.01,KAB. BOGOR,32.01.19,JASINGA,TEGALWANGI,,,,,16672,16672,16670,16670;16672,review_required,unresolved,yes,No automatic selection: Kodepos.dev does not corroborate exactly one local source.,no,,diskominfo:32.01.19.2014;open_data_jabar:32.01.19.2014;kodepos_dev:32.01.19.2014,diskominfo_jabar_village_2024_unreviewed;open_data_jabar_postal_2023;kodepos_dev_rest_api,diskominfo:225;open_data_jabar:17596;kodepos_dev:225,2026-08-11,government_sources_agree_api_differs
32.01.19.2016,32,JAWA BARAT,32.01,KAB. BOGOR,32.01.19,JASINGA,WIRAJAYA,,,,,16673,16673,16670,16670;16673,review_required,unresolved,yes,No automatic selection: Kodepos.dev does not corroborate exactly one local source.,no,,diskominfo:32.01.19.2016;open_data_jabar:32.01.19.2016;kodepos_dev:32.01.19.2016,diskominfo_jabar_village_2024_unreviewed;open_data_jabar_postal_2023;kodepos_dev_rest_api,diskominfo:227;open_data_jabar:17598;kodepos_dev:227,2026-08-11,government_sources_agree_api_differs
32.01.20.2006,32,JAWA BARAT,32.01,KAB. BOGOR,32.01.20,PARUNG PANJANG,PARUNGPANJANG,,,,,16361,16361,16360,16360;16361,review_required,unresolved,yes,No automatic selection: Kodepos.dev does not corroborate exactly one local source.,no,,diskominfo:32.01.20.2006;open_data_jabar:32.01.20.2006;kodepos_dev:32.01.20.2006,diskominfo_jabar_village_2024_unreviewed;open_data_jabar_postal_2023;kodepos_dev_rest_api,diskominfo:233;open_data_jabar:17605;kodepos_dev:233,2026-08-11,government_sources_agree_api_differs
32.01.22.2004,32,JAWA BARAT,32.01,KAB. BOGOR,32.01.22,CIGUDEG,BANYURESMI,,,,,16664,16664,16660,16660;16664,review_required,unresolved,yes,No automatic selection: Kodepos.dev does not corroborate exactly one local source.,no,,diskominfo:32.01.22.2004;open_data_jabar:32.01.22.2004;kodepos_dev:32.01.22.2004,diskominfo_jabar_village_2024_unreviewed;open_data_jabar_postal_2023;kodepos_dev_rest_api,diskominfo:253;open_data_jabar:17627;kodepos_dev:253,2026-08-11,government_sources_agree_api_differs
32.01.22.2009,32,JAWA BARAT,32.01,KAB. BOGOR,32.01.22,CIGUDEG,BATUJAJAR,,,,,16667,16667,16660,16660;16667,review_required,unresolved,yes,No automatic selection: Kodepos.dev does not corroborate exactly one local source.,no,,diskominfo:32.01.22.2009;open_data_jabar:32.01.22.2009;kodepos_dev:32.01.22.2009,diskominfo_jabar_village_2024_unreviewed;open_data_jabar_postal_2023;kodepos_dev_rest_api,diskominfo:258;open_data_jabar:17632;kodepos_dev:258,2026-08-11,government_sources_agree_api_differs
32.01.22.2012,32,JAWA BARAT,32.01,KAB. BOGOR,32.01.22,CIGUDEG,BANYUWANGI,,,,,16664,16664,16660,16660;16664,review_required,unresolved,yes,No automatic selection: Kodepos.dev does not corroborate exactly one local source.,no,,diskominfo:32.01.22.2012;open_data_jabar:32.01.22.2012;kodepos_dev:32.01.22.2012,diskominfo_jabar_village_2024_unreviewed;open_data_jabar_postal_2023;kodepos_dev_rest_api,diskominfo:261;open_data_jabar:17635;kodepos_dev:261,2026-08-11,government_sources_agree_api_differs
32.01.22.2013,32,JAWA BARAT,32.01,KAB. BOGOR,32.01.22,CIGUDEG,BANYUASIH,,,,,16664,16664,16660,16660;16664,review_required,unresolved,yes,No automatic selection: Kodepos.dev does not corroborate exactly one local source.,no,,diskominfo:32.01.22.2013;open_data_jabar:32.01.22.2013;kodepos_dev:32.01.22.2013,diskominfo_jabar_village_2024_unreviewed;open_data_jabar_postal_2023;kodepos_dev_rest_api,diskominfo:262;open_data_jabar:17637;kodepos_dev:262,2026-08-11,government_sources_agree_api_differs
32.01.26.2006,32,JAWA BARAT,32.01,KAB. BOGOR,32.01.26,MEGAMENDUNG,CIPAYUNG DATAR,,,,,16772,16772,16770,16770;16772,review_required,unresolved,yes,No automatic selection: Kodepos.dev does not corroborate exactly one local source.,no,,diskominfo:32.01.26.2006;open_data_jabar:32.01.26.2006;kodepos_dev:32.01.26.2006,diskominfo_jabar_village_2024_unreviewed;open_data_jabar_postal_2023;kodepos_dev_rest_api,diskominfo:302;open_data_jabar:17682;kodepos_dev:302,2026-08-11,government_sources_agree_api_differs
32.01.27.2009,32,JAWA BARAT,32.01,KAB. BOGOR,32.01.27,CARINGIN,MUARA JAYA,,,,,16739,16739,16730,16730;16739,review_required,unresolved,yes,No automatic selection: Kodepos.dev does not corroborate exactly one local source.,no,,diskominfo:32.01.27.2009;open_data_jabar:32.01.27.2009;kodepos_dev:32.01.27.2009,diskominfo_jabar_village_2024_unreviewed;open_data_jabar_postal_2023;kodepos_dev_rest_api,diskominfo:317;open_data_jabar:17698;kodepos_dev:317,2026-08-11,government_sources_agree_api_differs
32.01.30.2003,32,JAWA BARAT,32.01,KAB. BOGOR,32.01.30,DRAMAGA,SINARSARI,,,,,16682,16682,16680,16680;16682,review_required,unresolved,yes,No automatic selection: Kodepos.dev does not corroborate exactly one local source.,no,,diskominfo:32.01.30.2003;open_data_jabar:32.01.30.2003;kodepos_dev:32.01.30.2003,diskominfo_jabar_village_2024_unreviewed;open_data_jabar_postal_2023;kodepos_dev_rest_api,diskominfo:343;open_data_jabar:17727;kodepos_dev:343,2026-08-11,government_sources_agree_api_differs
32.01.31.2002,32,JAWA BARAT,32.01,KAB. BOGOR,32.01.31,TAMANSARI,SIRNAGALIH,,,,,16610,16610,16611,16610;16611,review_required,unresolved,yes,No automatic selection: Kodepos.dev does not corroborate exactly one local source.,no,,diskominfo:32.01.31.2002;open_data_jabar:32.01.31.2002;kodepos_dev:32.01.31.2002,diskominfo_jabar_village_2024_unreviewed;open_data_jabar_postal_2023;kodepos_dev_rest_api,diskominfo:352;open_data_jabar:17737;kodepos_dev:352,2026-08-11,government_sources_agree_api_differs
32.01.31.2003,32,JAWA BARAT,32.01,KAB. BOGOR,32.01.31,TAMANSARI,PASIREURIH,,,,,16267,16267,16611,16267;16611,review_required,unresolved,yes,No automatic selection: Kodepos.dev does not corroborate exactly one local source.,no,,diskominfo:32.01.31.2003;open_data_jabar:32.01.31.2003;kodepos_dev:32.01.31.2003,diskominfo_jabar_village_2024_unreviewed;open_data_jabar_postal_2023;kodepos_dev_rest_api,diskominfo:353;open_data_jabar:17738;kodepos_dev:353,2026-08-11,government_sources_agree_api_differs
32.01.31.2004,32,JAWA BARAT,32.01,KAB. BOGOR,32.01.31,TAMANSARI,TAMANSARI,,,,,16261,16261,16611,16261;16611,review_required,unresolved,yes,No automatic selection: Kodepos.dev does not corroborate exactly one local source.,no,,diskominfo:32.01.31.2004;open_data_jabar:32.01.31.2004;kodepos_dev:32.01.31.2004,diskominfo_jabar_village_2024_unreviewed;open_data_jabar_postal_2023;kodepos_dev_rest_api,diskominfo:354;open_data_jabar:17739;kodepos_dev:354,2026-08-11,government_sources_agree_api_differs
32.01.32.2001,32,JAWA BARAT,32.01,KAB. BOGOR,32.01.32,KLAPANUNGGAL,KLAPANUNGGAL,,,,,16871,16871,16710,16710;16871,review_required,unresolved,yes,No automatic selection: Kodepos.dev does not corroborate exactly one local source.,no,,diskominfo:32.01.32.2001;open_data_jabar:32.01.32.2001;kodepos_dev:32.01.32.2001,diskominfo_jabar_village_2024_unreviewed;open_data_jabar_postal_2023;kodepos_dev_rest_api,diskominfo:359;open_data_jabar:17744;kodepos_dev:359,2026-08-11,government_sources_agree_api_differs
32.01.32.2003,32,JAWA BARAT,32.01,KAB. BOGOR,32.01.32,KLAPANUNGGAL,NAMBO,,,,,16873,16873,16710,16710;16873,review_required,unresolved,yes,No automatic selection: Kodepos.dev does not corroborate exactly one local source.,no,,diskominfo:32.01.32.2003;open_data_jabar:32.01.32.2003;kodepos_dev:32.01.32.2003,diskominfo_jabar_village_2024_unreviewed;open_data_jabar_postal_2023;kodepos_dev_rest_api,diskominfo:361;open_data_jabar:17746;kodepos_dev:361,2026-08-11,government_sources_agree_api_differs
32.01.32.2004,32,JAWA BARAT,32.01,KAB. BOGOR,32.01.32,KLAPANUNGGAL,LULUT,,,,,16875,16875,16710,16710;16875,review_required,unresolved,yes,No automatic selection: Kodepos.dev does not corroborate exactly one local source.,no,,diskominfo:32.01.32.2004;open_data_jabar:32.01.32.2004;kodepos_dev:32.01.32.2004,diskominfo_jabar_village_2024_unreviewed;open_data_jabar_postal_2023;kodepos_dev_rest_api,diskominfo:362;open_data_jabar:17748;kodepos_dev:362,2026-08-11,government_sources_agree_api_differs
32.01.32.2005,32,JAWA BARAT,32.01,KAB. BOGOR,32.01.32,KLAPANUNGGAL,CIKAHURIPAN,,,,,16877,16877,16710,16710;16877,review_required,unresolved,yes,No automatic selection: Kodepos.dev does not corroborate exactly one local source.,no,,diskominfo:32.01.32.2005;open_data_jabar:32.01.32.2005;kodepos_dev:32.01.32.2005,diskominfo_jabar_village_2024_unreviewed;open_data_jabar_postal_2023;kodepos_dev_rest_api,diskominfo:363;open_data_jabar:17749;kodepos_dev:363,2026-08-11,government_sources_agree_api_differs
32.01.32.2006,32,JAWA BARAT,32.01,KAB. BOGOR,32.01.32,KLAPANUNGGAL,KEMBANG KUNING,,,,,16872,16872,16710,16710;16872,review_required,unresolved,yes,No automatic selection: Kodepos.dev does not corroborate exactly one local source.,no,,diskominfo:32.01.32.2006;open_data_jabar:32.01.32.2006;kodepos_dev:32.01.32.2006,diskominfo_jabar_village_2024_unreviewed;open_data_jabar_postal_2023;kodepos_dev_rest_api,diskominfo:364;open_data_jabar:17750;kodepos_dev:364,2026-08-11,government_sources_agree_api_differs
32.01.32.2007,32,JAWA BARAT,32.01,KAB. BOGOR,32.01.32,KLAPANUNGGAL,BANTAR JATI,,,,,16874,16874,16710,16710;16874,review_required,unresolved,yes,No automatic selection: Kodepos.dev does not corroborate exactly one local source.,no,,diskominfo:32.01.32.2007;open_data_jabar:32.01.32.2007;kodepos_dev:32.01.32.2007,diskominfo_jabar_village_2024_unreviewed;open_data_jabar_postal_2023;kodepos_dev_rest_api,diskominfo:365;open_data_jabar:17751;kodepos_dev:365,2026-08-11,government_sources_agree_api_differs
32.01.32.2008,32,JAWA BARAT,32.01,KAB. BOGOR,32.01.32,KLAPANUNGGAL,LEUWIKARET,,,,,16876,16876,16710,16710;16876,review_required,unresolved,yes,No automatic selection: Kodepos.dev does not corroborate exactly one local source.,no,,diskominfo:32.01.32.2008;open_data_jabar:32.01.32.2008;kodepos_dev:32.01.32.2008,diskominfo_jabar_village_2024_unreviewed;open_data_jabar_postal_2023;kodepos_dev_rest_api,diskominfo:366;open_data_jabar:17752;kodepos_dev:366,2026-08-11,government_sources_agree_api_differs
32.01.32.2009,32,JAWA BARAT,32.01,KAB. BOGOR,32.01.32,KLAPANUNGGAL,LIGARMUKTI,,,,,16879,16879,16710,16710;16879,review_required,unresolved,yes,No automatic selection: Kodepos.dev does not corroborate exactly one local source.,no,,diskominfo:32.01.32.2009;open_data_jabar:32.01.32.2009;kodepos_dev:32.01.32.2009,diskominfo_jabar_village_2024_unreviewed;open_data_jabar_postal_2023;kodepos_dev_rest_api,diskominfo:367;open_data_jabar:17753;kodepos_dev:367,2026-08-11,government_sources_agree_api_differs
32.01.33.2008,32,JAWA BARAT,32.01,KAB. BOGOR,32.01.33,CISEENG,CIHOE,,,,,16389,16389,16120,16120;16389,review_required,unresolved,yes,No automatic selection: Kodepos.dev does not corroborate exactly one local source.,no,,diskominfo:32.01.33.2008;open_data_jabar:32.01.33.2008;kodepos_dev:32.01.33.2008,diskominfo_jabar_village_2024_unreviewed;open_data_jabar_postal_2023;kodepos_dev_rest_api,diskominfo:375;open_data_jabar:17762;kodepos_dev:375,2026-08-11,government_sources_agree_api_differs
32.01.34.2001,32,JAWA BARAT,32.01,KAB. BOGOR,32.01.34,RANCA BUNGUR,BANTARJAYA,,,,,16253,16253,16311,16253;16311,review_required,unresolved,yes,No automatic selection: Kodepos.dev does not corroborate exactly one local source.,no,,diskominfo:32.01.34.2001;open_data_jabar:32.01.34.2001;kodepos_dev:32.01.34.2001,diskominfo_jabar_village_2024_unreviewed;open_data_jabar_postal_2023;kodepos_dev_rest_api,diskominfo:378;open_data_jabar:17765;kodepos_dev:378,2026-08-11,government_sources_agree_api_differs
32.01.34.2002,32,JAWA BARAT,32.01,KAB. BOGOR,32.01.34,RANCA BUNGUR,BANTARSARI,,,,,16254,16254,16311,16254;16311,review_required,unresolved,yes,No automatic selection: Kodepos.dev does not corroborate exactly one local source.,no,,diskominfo:32.01.34.2002;open_data_jabar:32.01.34.2002;kodepos_dev:32.01.34.2002,diskominfo_jabar_village_2024_unreviewed;open_data_jabar_postal_2023;kodepos_dev_rest_api,diskominfo:379;open_data_jabar:17766;kodepos_dev:379,2026-08-11,government_sources_agree_api_differs
32.01.34.2003,32,JAWA BARAT,32.01,KAB. BOGOR,32.01.34,RANCA BUNGUR,PASIRGAOK,,,,,16252,16252,16311,16252;16311,review_required,unresolved,yes,No automatic selection: Kodepos.dev does not corroborate exactly one local source.,no,,diskominfo:32.01.34.2003;open_data_jabar:32.01.34.2003;kodepos_dev:32.01.34.2003,diskominfo_jabar_village_2024_unreviewed;open_data_jabar_postal_2023;kodepos_dev_rest_api,diskominfo:380;open_data_jabar:17767;kodepos_dev:380,2026-08-11,government_sources_agree_api_differs
32.01.34.2004,32,JAWA BARAT,32.01,KAB. BOGOR,32.01.34,RANCA BUNGUR,RANCABUNGUR,,,,,16251,16251,16311,16251;16311,review_required,unresolved,yes,No automatic selection: Kodepos.dev does not corroborate exactly one local source.,no,,diskominfo:32.01.34.2004;open_data_jabar:32.01.34.2004;kodepos_dev:32.01.34.2004,diskominfo_jabar_village_2024_unreviewed;open_data_jabar_postal_2023;kodepos_dev_rest_api,diskominfo:381;open_data_jabar:17768;kodepos_dev:381,2026-08-11,government_sources_agree_api_differs
32.01.34.2005,32,JAWA BARAT,32.01,KAB. BOGOR,32.01.34,RANCA BUNGUR,MEKARSARI,,,,,16256,16256,16311,16256;16311,review_required,unresolved,yes,No automatic selection: Kodepos.dev does not corroborate exactly one local source.,no,,diskominfo:32.01.34.2005;open_data_jabar:32.01.34.2005;kodepos_dev:32.01.34.2005,diskominfo_jabar_village_2024_unreviewed;open_data_jabar_postal_2023;kodepos_dev_rest_api,diskominfo:382;open_data_jabar:17770;kodepos_dev:382,2026-08-11,government_sources_agree_api_differs
32.01.34.2006,32,JAWA BARAT,32.01,KAB. BOGOR,32.01.34,RANCA BUNGUR,CANDALI,,,,,16255,16255,16311,16255;16311,review_required,unresolved,yes,No automatic selection: Kodepos.dev does not corroborate exactly one local source.,no,,diskominfo:32.01.34.2006;open_data_jabar:32.01.34.2006;kodepos_dev:32.01.34.2006,diskominfo_jabar_village_2024_unreviewed;open_data_jabar_postal_2023;kodepos_dev_rest_api,diskominfo:383;open_data_jabar:17771;kodepos_dev:383,2026-08-11,government_sources_agree_api_differs
32.01.34.2007,32,JAWA BARAT,32.01,KAB. BOGOR,32.01.34,RANCA BUNGUR,CIMULANG,,,,,16252,16252,16311,16252;16311,review_required,unresolved,yes,No automatic selection: Kodepos.dev does not corroborate exactly one local source.,no,,diskominfo:32.01.34.2007;open_data_jabar:32.01.34.2007;kodepos_dev:32.01.34.2007,diskominfo_jabar_village_2024_unreviewed;open_data_jabar_postal_2023;kodepos_dev_rest_api,diskominfo:384;open_data_jabar:17772;kodepos_dev:384,2026-08-11,government_sources_agree_api_differs
32.01.35.2004,32,JAWA BARAT,32.01,KAB. BOGOR,32.01.35,SUKAJAYA,SIPAYUNG,,,,,16660,16660,16661,16660;16661,review_required,unresolved,yes,No automatic selection: Kodepos.dev does not corroborate exactly one local source.,no,,diskominfo:32.01.35.2004;open_data_jabar:32.01.35.2004;kodepos_dev:32.01.35.2004,diskominfo_jabar_village_2024_unreviewed;open_data_jabar_postal_2023;kodepos_dev_rest_api,diskominfo:388;open_data_jabar:17776;kodepos_dev:388,2026-08-11,government_sources_agree_api_differs
32.01.35.2006,32,JAWA BARAT,32.01,KAB. BOGOR,32.01.35,SUKAJAYA,KIARAPANDAK,,,,,16295,16295,16661,16295;16661,review_required,unresolved,yes,No automatic selection: Kodepos.dev does not corroborate exactly one local source.,no,,diskominfo:32.01.35.2006;open_data_jabar:32.01.35.2006;kodepos_dev:32.01.35.2006,diskominfo_jabar_village_2024_unreviewed;open_data_jabar_postal_2023;kodepos_dev_rest_api,diskominfo:390;open_data_jabar:17778;kodepos_dev:390,2026-08-11,government_sources_agree_api_differs
32.01.36.2001,32,JAWA BARAT,32.01,KAB. BOGOR,32.01.36,TANJUNGSARI,TANJUNGSARI,,,,,16851,16851,16841,16841;16851,review_required,unresolved,yes,No automatic selection: Kodepos.dev does not corroborate exactly one local source.,no,,diskominfo:32.01.36.2001;open_data_jabar:32.01.36.2001;kodepos_dev:32.01.36.2001,diskominfo_jabar_village_2024_unreviewed;open_data_jabar_postal_2023;kodepos_dev_rest_api,diskominfo:396;open_data_jabar:17787;kodepos_dev:396,2026-08-11,government_sources_agree_api_differs
32.01.36.2003,32,JAWA BARAT,32.01,KAB. BOGOR,32.01.36,TANJUNGSARI,TANJUNGRASA,,,,,16856,16856,16841,16841;16856,review_required,unresolved,yes,No automatic selection: Kodepos.dev does not corroborate exactly one local source.,no,,diskominfo:32.01.36.2003;open_data_jabar:32.01.36.2003;kodepos_dev:32.01.36.2003,diskominfo_jabar_village_2024_unreviewed;open_data_jabar_postal_2023;kodepos_dev_rest_api,diskominfo:398;open_data_jabar:17789;kodepos_dev:398,2026-08-11,government_sources_agree_api_differs
32.01.37.2001,32,JAWA BARAT,32.01,KAB. BOGOR,32.01.37,TAJURHALANG,TAJURHALANG,,,,,16931,16931,16320,16320;16931,review_required,unresolved,yes,No automatic selection: Kodepos.dev does not corroborate exactly one local source.,no,,diskominfo:32.01.37.2001;open_data_jabar:32.01.37.2001;kodepos_dev:32.01.37.2001,diskominfo_jabar_village_2024_unreviewed;open_data_jabar_postal_2023;kodepos_dev_rest_api,diskominfo:406;open_data_jabar:17798;kodepos_dev:406,2026-08-11,government_sources_agree_api_differs
32.01.37.2002,32,JAWA BARAT,32.01,KAB. BOGOR,32.01.37,TAJURHALANG,CITAYAM,,,,,16935,16935,16320,16320;16935,review_required,unresolved,yes,No automatic selection: Kodepos.dev does not corroborate exactly one local source.,no,,diskominfo:32.01.37.2002;open_data_jabar:32.01.37.2002;kodepos_dev:32.01.37.2002,diskominfo_jabar_village_2024_unreviewed;open_data_jabar_postal_2023;kodepos_dev_rest_api,diskominfo:407;open_data_jabar:17799;kodepos_dev:407,2026-08-11,government_sources_agree_api_differs
32.01.37.2003,32,JAWA BARAT,32.01,KAB. BOGOR,32.01.37,TAJURHALANG,SASAK PANJANG,,,,,16936,16936,16320,16320;16936,review_required,unresolved,yes,No automatic selection: Kodepos.dev does not corroborate exactly one local source.,no,,diskominfo:32.01.37.2003;open_data_jabar:32.01.37.2003;kodepos_dev:32.01.37.2003,diskominfo_jabar_village_2024_unreviewed;open_data_jabar_postal_2023;kodepos_dev_rest_api,diskominfo:408;open_data_jabar:17800;kodepos_dev:408,2026-08-11,government_sources_agree_api_differs
32.01.37.2004,32,JAWA BARAT,32.01,KAB. BOGOR,32.01.37,TAJURHALANG,NANGGERANG,,,,,16934,16934,16320,16320;16934,review_required,unresolved,yes,No automatic selection: Kodepos.dev does not corroborate exactly one local source.,no,,diskominfo:32.01.37.2004;open_data_jabar:32.01.37.2004;kodepos_dev:32.01.37.2004,diskominfo_jabar_village_2024_unreviewed;open_data_jabar_postal_2023;kodepos_dev_rest_api,diskominfo:409;open_data_jabar:17801;kodepos_dev:409,2026-08-11,government_sources_agree_api_differs
32.01.37.2005,32,JAWA BARAT,32.01,KAB. BOGOR,32.01.37,TAJURHALANG,SUKMAJAYA,,,,,16933,16933,16320,16320;16933,review_required,unresolved,yes,No automatic selection: Kodepos.dev does not corroborate exactly one local source.,no,,diskominfo:32.01.37.2005;open_data_jabar:32.01.37.2005;kodepos_dev:32.01.37.2005,diskominfo_jabar_village_2024_unreviewed;open_data_jabar_postal_2023;kodepos_dev_rest_api,diskominfo:410;open_data_jabar:17802;kodepos_dev:410,2026-08-11,government_sources_agree_api_differs
32.01.37.2006,32,JAWA BARAT,32.01,KAB. BOGOR,32.01.37,TAJURHALANG,TONJONG,,,,,16932,16932,16320,16320;16932,review_required,unresolved,yes,No automatic selection: Kodepos.dev does not corroborate exactly one local source.,no,,diskominfo:32.01.37.2006;open_data_jabar:32.01.37.2006;kodepos_dev:32.01.37.2006,diskominfo_jabar_village_2024_unreviewed;open_data_jabar_postal_2023;kodepos_dev_rest_api,diskominfo:411;open_data_jabar:17803;kodepos_dev:411,2026-08-11,government_sources_agree_api_differs
32.01.37.2007,32,JAWA BARAT,32.01,KAB. BOGOR,32.01.37,TAJURHALANG,KALISUREN,,,,,16937,16937,16320,16320;16937,review_required,unresolved,yes,No automatic selection: Kodepos.dev does not corroborate exactly one local source.,no,,diskominfo:32.01.37.2007;open_data_jabar:32.01.37.2007;kodepos_dev:32.01.37.2007,diskominfo_jabar_village_2024_unreviewed;open_data_jabar_postal_2023;kodepos_dev_rest_api,diskominfo:412;open_data_jabar:17805;kodepos_dev:412,2026-08-11,government_sources_agree_api_differs
32.01.38.2006,32,JAWA BARAT,32.01,KAB. BOGOR,32.01.38,CIGOMBONG,TUGUJAYA,,,,,16749,16749,16110,16110;16749,review_required,unresolved,yes,No automatic selection: Kodepos.dev does not corroborate exactly one local source.,no,,diskominfo:32.01.38.2006;open_data_jabar:32.01.38.2006;kodepos_dev:32.01.38.2006,diskominfo_jabar_village_2024_unreviewed;open_data_jabar_postal_2023;kodepos_dev_rest_api,diskominfo:418;open_data_jabar:17811;kodepos_dev:418,2026-08-11,government_sources_agree_api_differs
32.01.38.2007,32,JAWA BARAT,32.01,KAB. BOGOR,32.01.38,CIGOMBONG,PASIRJAYA,,,,,16747,16747,16110,16110;16747,review_required,unresolved,yes,No automatic selection: Kodepos.dev does not corroborate exactly one local source.,no,,diskominfo:32.01.38.2007;open_data_jabar:32.01.38.2007;kodepos_dev:32.01.38.2007,diskominfo_jabar_village_2024_unreviewed;open_data_jabar_postal_2023;kodepos_dev_rest_api,diskominfo:419;open_data_jabar:17812;kodepos_dev:419,2026-08-11,government_sources_agree_api_differs
32.01.39.2005,32,JAWA BARAT,32.01,KAB. BOGOR,32.01.39,LEUWISADENG,KALONG I,,,,,16286,16286,16641,16286;16641,review_required,unresolved,yes,No automatic selection: Kodepos.dev does not corroborate exactly one local source.,no,,diskominfo:32.01.39.2005;open_data_jabar:32.01.39.2005;kodepos_dev:32.01.39.2005,diskominfo_jabar_village_2024_unreviewed;open_data_jabar_postal_2023;kodepos_dev_rest_api,diskominfo:426;open_data_jabar:17820;kodepos_dev:426,2026-08-11,government_sources_agree_api_differs
32.01.39.2006,32,JAWA BARAT,32.01,KAB. BOGOR,32.01.39,LEUWISADENG,KALONG II,,,,,16287,16287,16641,16287;16641,review_required,unresolved,yes,No automatic selection: Kodepos.dev does not corroborate exactly one local source.,no,,diskominfo:32.01.39.2006;open_data_jabar:32.01.39.2006;kodepos_dev:32.01.39.2006,diskominfo_jabar_village_2024_unreviewed;open_data_jabar_postal_2023;kodepos_dev_rest_api,diskominfo:427;open_data_jabar:17821;kodepos_dev:427,2026-08-11,government_sources_agree_api_differs
32.01.40.2007,32,JAWA BARAT,32.01,KAB. BOGOR,32.01.40,TENJOLAYA,GUNUNG MULYA,,,,,16273,16273,16371,16273;16371,review_required,unresolved,yes,No automatic selection: Kodepos.dev does not corroborate exactly one local source.,no,,diskominfo:32.01.40.2007;open_data_jabar:32.01.40.2007;kodepos_dev:32.01.40.2007,diskominfo_jabar_village_2024_unreviewed;open_data_jabar_postal_2023;kodepos_dev_rest_api,diskominfo:436;open_data_jabar:17831;kodepos_dev:436,2026-08-11,government_sources_agree_api_differs
32.02.01.2002,32,JAWA BARAT,32.02,KAB. SUKABUMI,32.02.01,PALABUHANRATU,TONJONG,,,,,43318,43318,43364,43318;43364,review_required,unresolved,yes,No automatic selection: Kodepos.dev does not corroborate exactly one local source.,no,,diskominfo:32.02.01.2002;open_data_jabar:32.02.01.2002;kodepos_dev:32.02.01.2002,diskominfo_jabar_village_2024_unreviewed;open_data_jabar_postal_2023;kodepos_dev_rest_api,diskominfo:438;open_data_jabar:17833;kodepos_dev:438,2026-08-11,government_sources_agree_api_differs
32.02.01.2003,32,JAWA BARAT,32.02,KAB. SUKABUMI,32.02.01,PALABUHANRATU,CITEPUS,,,,,43313,43313,43364,43313;43364,review_required,unresolved,yes,No automatic selection: Kodepos.dev does not corroborate exactly one local source.,no,,diskominfo:32.02.01.2003;open_data_jabar:32.02.01.2003;kodepos_dev:32.02.01.2003,diskominfo_jabar_village_2024_unreviewed;open_data_jabar_postal_2023;kodepos_dev_rest_api,diskominfo:439;open_data_jabar:17834;kodepos_dev:439,2026-08-11,government_sources_agree_api_differs
32.02.01.2004,32,JAWA BARAT,32.02,KAB. SUKABUMI,32.02.01,PALABUHANRATU,BUNIWANGI,,,,,43314,43314,43364,43314;43364,review_required,unresolved,yes,No automatic selection: Kodepos.dev does not corroborate exactly one local source.,no,,diskominfo:32.02.01.2004;open_data_jabar:32.02.01.2004;kodepos_dev:32.02.01.2004,diskominfo_jabar_village_2024_unreviewed;open_data_jabar_postal_2023;kodepos_dev_rest_api,diskominfo:440;open_data_jabar:17835;kodepos_dev:440,2026-08-11,government_sources_agree_api_differs
32.02.01.2006,32,JAWA BARAT,32.02,KAB. SUKABUMI,32.02.01,PALABUHANRATU,PASIRSUREN,,,,,43317,43317,43364,43317;43364,review_required,unresolved,yes,No automatic selection: Kodepos.dev does not corroborate exactly one local source.,no,,diskominfo:32.02.01.2006;open_data_jabar:32.02.01.2006;kodepos_dev:32.02.01.2006,diskominfo_jabar_village_2024_unreviewed;open_data_jabar_postal_2023;kodepos_dev_rest_api,diskominfo:442;open_data_jabar:17838;kodepos_dev:442,2026-08-11,government_sources_agree_api_differs
32.02.01.2008,32,JAWA BARAT,32.02,KAB. SUKABUMI,32.02.01,PALABUHANRATU,CITARIK,,,,,43312,43312,43364,43312;43364,review_required,unresolved,yes,No automatic selection: Kodepos.dev does not corroborate exactly one local source.,no,,diskominfo:32.02.01.2008;open_data_jabar:32.02.01.2008;kodepos_dev:32.02.01.2008,diskominfo_jabar_village_2024_unreviewed;open_data_jabar_postal_2023;kodepos_dev_rest_api,diskominfo:444;open_data_jabar:17840;kodepos_dev:444,2026-08-11,government_sources_agree_api_differs
32.02.12.2003,32,JAWA BARAT,32.02,KAB. SUKABUMI,32.02.12,NAGRAK,NAGRAK UTARA,,,,,43356,43356,43352,43352;43356,review_required,unresolved,yes,No automatic selection: Kodepos.dev does not corroborate exactly one local source.,no,,diskominfo:32.02.12.2003;open_data_jabar:32.02.12.2003;kodepos_dev:32.02.12.2003,diskominfo_jabar_village_2024_unreviewed;open_data_jabar_postal_2023;kodepos_dev_rest_api,diskominfo:545;open_data_jabar:17952;kodepos_dev:545,2026-08-11,government_sources_agree_api_differs
32.02.12.2004,32,JAWA BARAT,32.02,KAB. SUKABUMI,32.02.12,NAGRAK,CISARUA,,,,,43356,43356,43352,43352;43356,review_required,unresolved,yes,No automatic selection: Kodepos.dev does not corroborate exactly one local source.,no,,diskominfo:32.02.12.2004;open_data_jabar:32.02.12.2004;kodepos_dev:32.02.12.2004,diskominfo_jabar_village_2024_unreviewed;open_data_jabar_postal_2023;kodepos_dev_rest_api,diskominfo:546;open_data_jabar:17953;kodepos_dev:546,2026-08-11,government_sources_agree_api_differs
32.02.12.2009,32,JAWA BARAT,32.02,KAB. SUKABUMI,32.02.12,NAGRAK,BALEKAMBANG,,,,,43356,43356,43352,43352;43356,review_required,unresolved,yes,No automatic selection: Kodepos.dev does not corroborate exactly one local source.,no,,diskominfo:32.02.12.2009;open_data_jabar:32.02.12.2009;kodepos_dev:32.02.12.2009,diskominfo_jabar_village_2024_unreviewed;open_data_jabar_postal_2023;kodepos_dev_rest_api,diskominfo:547;open_data_jabar:17954;kodepos_dev:547,2026-08-11,government_sources_agree_api_differs
32.02.12.2013,32,JAWA BARAT,32.02,KAB. SUKABUMI,32.02.12,NAGRAK,NAGRAK SELATAN,,,,,43356,43356,43352,43352;43356,review_required,unresolved,yes,No automatic selection: Kodepos.dev does not corroborate exactly one local source.,no,,diskominfo:32.02.12.2013;open_data_jabar:32.02.12.2013;kodepos_dev:32.02.12.2013,diskominfo_jabar_village_2024_unreviewed;open_data_jabar_postal_2023;kodepos_dev_rest_api,diskominfo:551;open_data_jabar:17958;kodepos_dev:551,2026-08-11,government_sources_agree_api_differs
32.02.24.1013,32,JAWA BARAT,32.02,KAB. SUKABUMI,32.02.24,SURADE,SURADE,,,,,43379,43379,43179,43179;43379,review_required,unresolved,yes,No automatic selection: Kodepos.dev does not corroborate exactly one local source.,no,,diskominfo:32.02.24.1013;open_data_jabar:32.02.24.1013;kodepos_dev:32.02.24.1013,diskominfo_jabar_village_2024_unreviewed;open_data_jabar_postal_2023;kodepos_dev_rest_api,diskominfo:650;open_data_jabar:18056;kodepos_dev:639,2026-08-11,government_sources_agree_api_differs
32.02.26.2007,32,JAWA BARAT,32.02,KAB. SUKABUMI,32.02.26,CIRACAP,UJUNG GENTENG,,,,,43376,43376,43176,43176;43376,review_required,unresolved,yes,No automatic selection: Kodepos.dev does not corroborate exactly one local source.,no,,diskominfo:32.02.26.2007;open_data_jabar:32.02.26.2007;kodepos_dev:32.02.26.2007,diskominfo_jabar_village_2024_unreviewed;open_data_jabar_postal_2023;kodepos_dev_rest_api,diskominfo:663;open_data_jabar:18083;kodepos_dev:663,2026-08-11,government_sources_agree_api_differs
32.02.26.2008,32,JAWA BARAT,32.02,KAB. SUKABUMI,32.02.26,CIRACAP,PANGUMBAHAN,,,,,43376,43376,43176,43176;43376,review_required,unresolved,yes,No automatic selection: Kodepos.dev does not corroborate exactly one local source.,no,,diskominfo:32.02.26.2008;open_data_jabar:32.02.26.2008;kodepos_dev:32.02.26.2008,diskominfo_jabar_village_2024_unreviewed;open_data_jabar_postal_2023;kodepos_dev_rest_api,diskominfo:664;open_data_jabar:18084;kodepos_dev:664,2026-08-11,government_sources_agree_api_differs
32.02.27.2001,32,JAWA BARAT,32.02,KAB. SUKABUMI,32.02.27,GUNUNGGURUH,CIKUJANG,,,,,43346,43346,43156,43156;43346,review_required,unresolved,yes,No automatic selection: Kodepos.dev does not corroborate exactly one local source.,no,,diskominfo:32.02.27.2001;open_data_jabar:32.02.27.2001;kodepos_dev:32.02.27.2001,diskominfo_jabar_village_2024_unreviewed;open_data_jabar_postal_2023;kodepos_dev_rest_api,diskominfo:665;open_data_jabar:18085;kodepos_dev:665,2026-08-11,government_sources_agree_api_differs
32.02.27.2002,32,JAWA BARAT,32.02,KAB. SUKABUMI,32.02.27,GUNUNGGURUH,GUNUNGGURUH,,,,,43346,43346,43156,43156;43346,review_required,unresolved,yes,No automatic selection: Kodepos.dev does not corroborate exactly one local source.,no,,diskominfo:32.02.27.2002;open_data_jabar:32.02.27.2002;kodepos_dev:32.02.27.2002,diskominfo_jabar_village_2024_unreviewed;open_data_jabar_postal_2023;kodepos_dev_rest_api,diskominfo:666;open_data_jabar:18086;kodepos_dev:666,2026-08-11,government_sources_agree_api_differs
32.02.27.2003,32,JAWA BARAT,32.02,KAB. SUKABUMI,32.02.27,GUNUNGGURUH,CIBENTANG,,,,,43346,43346,43156,43156;43346,review_required,unresolved,yes,No automatic selection: Kodepos.dev does not corroborate exactly one local source.,no,,diskominfo:32.02.27.2003;open_data_jabar:32.02.27.2003;kodepos_dev:32.02.27.2003,diskominfo_jabar_village_2024_unreviewed;open_data_jabar_postal_2023;kodepos_dev_rest_api,diskominfo:667;open_data_jabar:18087;kodepos_dev:667,2026-08-11,government_sources_agree_api_differs
32.02.27.2004,32,JAWA BARAT,32.02,KAB. SUKABUMI,32.02.27,GUNUNGGURUH,SIRNARESMI,,,,,43346,43346,43156,43156;43346,review_required,unresolved,yes,No automatic selection: Kodepos.dev does not corroborate exactly one local source.,no,,diskominfo:32.02.27.2004;open_data_jabar:32.02.27.2004;kodepos_dev:32.02.27.2004,diskominfo_jabar_village_2024_unreviewed;open_data_jabar_postal_2023;kodepos_dev_rest_api,diskominfo:668;open_data_jabar:18088;kodepos_dev:668,2026-08-11,government_sources_agree_api_differs
32.02.27.2005,32,JAWA BARAT,32.02,KAB. SUKABUMI,32.02.27,GUNUNGGURUH,KEBONMANGGU,,,,,43346,43346,43156,43156;43346,review_required,unresolved,yes,No automatic selection: Kodepos.dev does not corroborate exactly one local source.,no,,diskominfo:32.02.27.2005;open_data_jabar:32.02.27.2005;kodepos_dev:32.02.27.2005,diskominfo_jabar_village_2024_unreviewed;open_data_jabar_postal_2023;kodepos_dev_rest_api,diskominfo:669;open_data_jabar:18089;kodepos_dev:669,2026-08-11,government_sources_agree_api_differs
32.02.27.2006,32,JAWA BARAT,32.02,KAB. SUKABUMI,32.02.27,GUNUNGGURUH,CIBOLANG,,,,,43346,43346,43156,43156;43346,review_required,unresolved,yes,No automatic selection: Kodepos.dev does not corroborate exactly one local source.,no,,diskominfo:32.02.27.2006;open_data_jabar:32.02.27.2006;kodepos_dev:32.02.27.2006,diskominfo_jabar_village_2024_unreviewed;open_data_jabar_postal_2023;kodepos_dev_rest_api,diskominfo:670;open_data_jabar:18090;kodepos_dev:670,2026-08-11,government_sources_agree_api_differs
32.02.27.2007,32,JAWA BARAT,32.02,KAB. SUKABUMI,32.02.27,GUNUNGGURUH,MANGKALAYA,,,,,43346,43346,43156,43156;43346,review_required,unresolved,yes,No automatic selection: Kodepos.dev does not corroborate exactly one local source.,no,,diskominfo:32.02.27.2007;open_data_jabar:32.02.27.2007;kodepos_dev:32.02.27.2007,diskominfo_jabar_village_2024_unreviewed;open_data_jabar_postal_2023;kodepos_dev_rest_api,diskominfo:671;open_data_jabar:18091;kodepos_dev:671,2026-08-11,government_sources_agree_api_differs
32.02.32.2006,32,JAWA BARAT,32.02,KAB. SUKABUMI,32.02.32,SUKABUMI,PERBAWATI,,,,,43341,43341,43151,43151;43341,review_required,unresolved,yes,No automatic selection: Kodepos.dev does not corroborate exactly one local source.,no,,diskominfo:32.02.32.2006;open_data_jabar:32.02.32.2006;kodepos_dev:32.02.32.2006,diskominfo_jabar_village_2024_unreviewed;open_data_jabar_postal_2023;kodepos_dev_rest_api,diskominfo:716;open_data_jabar:18142;kodepos_dev:716,2026-08-11,government_sources_agree_api_differs
32.02.45.2008,32,JAWA BARAT,32.02,KAB. SUKABUMI,32.02.45,TEGALBULEUD,SIRNAMEKAR,,,,,43386,43386,43186,43186;43386,review_required,unresolved,yes,No automatic selection: Kodepos.dev does not corroborate exactly one local source.,no,,diskominfo:32.02.45.2008;open_data_jabar:32.02.45.2008;kodepos_dev:32.02.45.2008,diskominfo_jabar_village_2024_unreviewed;open_data_jabar_postal_2023;kodepos_dev_rest_api,diskominfo:810;open_data_jabar:18246;kodepos_dev:810,2026-08-11,government_sources_agree_api_differs
32.03.01.2005,32,JAWA BARAT,32.03,KAB. CIANJUR,32.03.01,CIANJUR,LIMBANGANSARI,,,,,43218,43218,43211,43211;43218,review_required,unresolved,yes,No automatic selection: Kodepos.dev does not corroborate exactly one local source.,no,,diskominfo:32.03.01.2005;open_data_jabar:32.03.01.2005;kodepos_dev:32.03.01.2005,diskominfo_jabar_village_2024_unreviewed;open_data_jabar_postal_2023;kodepos_dev_rest_api,diskominfo:827;open_data_jabar:18272;kodepos_dev:833,2026-08-11,government_sources_agree_api_differs
32.03.02.2002,32,JAWA BARAT,32.03,KAB. CIANJUR,32.03.02,WARUNGKONDANG,JAMBUDIPA,,,,,43261,43261,43260,43260;43261,review_required,unresolved,yes,No automatic selection: Kodepos.dev does not corroborate exactly one local source.,no,,diskominfo:32.03.02.2002;open_data_jabar:32.03.02.2002;kodepos_dev:32.03.02.2002,diskominfo_jabar_village_2024_unreviewed;open_data_jabar_postal_2023;kodepos_dev_rest_api,diskominfo:834;open_data_jabar:18273;kodepos_dev:834,2026-08-11,government_sources_agree_api_differs
32.03.02.2006,32,JAWA BARAT,32.03,KAB. CIANJUR,32.03.02,WARUNGKONDANG,CISARANDI,,,,,43261,43261,43260,43260;43261,review_required,unresolved,yes,No automatic selection: Kodepos.dev does not corroborate exactly one local source.,no,,diskominfo:32.03.02.2006;open_data_jabar:32.03.02.2006;kodepos_dev:32.03.02.2006,diskominfo_jabar_village_2024_unreviewed;open_data_jabar_postal_2023;kodepos_dev_rest_api,diskominfo:835;open_data_jabar:18274;kodepos_dev:835,2026-08-11,government_sources_agree_api_differs
32.03.02.2007,32,JAWA BARAT,32.03,KAB. CIANJUR,32.03.02,WARUNGKONDANG,CIKAROYA,,,,,43261,43261,43260,43260;43261,review_required,unresolved,yes,No automatic selection: Kodepos.dev does not corroborate exactly one local source.,no,,diskominfo:32.03.02.2007;open_data_jabar:32.03.02.2007;kodepos_dev:32.03.02.2007,diskominfo_jabar_village_2024_unreviewed;open_data_jabar_postal_2023;kodepos_dev_rest_api,diskominfo:836;open_data_jabar:18275;kodepos_dev:836,2026-08-11,government_sources_agree_api_differs
32.03.02.2008,32,JAWA BARAT,32.03,KAB. CIANJUR,32.03.02,WARUNGKONDANG,BUNIKASIH,,,,,43261,43261,43260,43260;43261,review_required,unresolved,yes,No automatic selection: Kodepos.dev does not corroborate exactly one local source.,no,,diskominfo:32.03.02.2008;open_data_jabar:32.03.02.2008;kodepos_dev:32.03.02.2008,diskominfo_jabar_village_2024_unreviewed;open_data_jabar_postal_2023;kodepos_dev_rest_api,diskominfo:837;open_data_jabar:18276;kodepos_dev:837,2026-08-11,government_sources_agree_api_differs
32.03.02.2009,32,JAWA BARAT,32.03,KAB. CIANJUR,32.03.02,WARUNGKONDANG,CIWALEN,,,,,43261,43261,43260,43260;43261,review_required,unresolved,yes,No automatic selection: Kodepos.dev does not corroborate exactly one local source.,no,,diskominfo:32.03.02.2009;open_data_jabar:32.03.02.2009;kodepos_dev:32.03.02.2009,diskominfo_jabar_village_2024_unreviewed;open_data_jabar_postal_2023;kodepos_dev_rest_api,diskominfo:838;open_data_jabar:18277;kodepos_dev:838,2026-08-11,government_sources_agree_api_differs
32.03.02.2010,32,JAWA BARAT,32.03,KAB. CIANJUR,32.03.02,WARUNGKONDANG,TEGALLEGA,,,,,43261,43261,43260,43260;43261,review_required,unresolved,yes,No automatic selection: Kodepos.dev does not corroborate exactly one local source.,no,,diskominfo:32.03.02.2010;open_data_jabar:32.03.02.2010;kodepos_dev:32.03.02.2010,diskominfo_jabar_village_2024_unreviewed;open_data_jabar_postal_2023;kodepos_dev_rest_api,diskominfo:839;open_data_jabar:18278;kodepos_dev:839,2026-08-11,government_sources_agree_api_differs
32.03.02.2011,32,JAWA BARAT,32.03,KAB. CIANJUR,32.03.02,WARUNGKONDANG,SUKAWANGI,,,,,43261,43261,43260,43260;43261,review_required,unresolved,yes,No automatic selection: Kodepos.dev does not corroborate exactly one local source.,no,,diskominfo:32.03.02.2011;open_data_jabar:32.03.02.2011;kodepos_dev:32.03.02.2011,diskominfo_jabar_village_2024_unreviewed;open_data_jabar_postal_2023;kodepos_dev_rest_api,diskominfo:840;open_data_jabar:18279;kodepos_dev:840,2026-08-11,government_sources_agree_api_differs
32.03.02.2014,32,JAWA BARAT,32.03,KAB. CIANJUR,32.03.02,WARUNGKONDANG,BUNISARI,,,,,43261,43261,43260,43260;43261,review_required,unresolved,yes,No automatic selection: Kodepos.dev does not corroborate exactly one local source.,no,,diskominfo:32.03.02.2014;open_data_jabar:32.03.02.2014;kodepos_dev:32.03.02.2014,diskominfo_jabar_village_2024_unreviewed;open_data_jabar_postal_2023;kodepos_dev_rest_api,diskominfo:841;open_data_jabar:18280;kodepos_dev:841,2026-08-11,government_sources_agree_api_differs
32.03.02.2016,32,JAWA BARAT,32.03,KAB. CIANJUR,32.03.02,WARUNGKONDANG,SUKAMULYA,,,,,43261,43261,43260,43260;43261,review_required,unresolved,yes,No automatic selection: Kodepos.dev does not corroborate exactly one local source.,no,,diskominfo:32.03.02.2016;open_data_jabar:32.03.02.2016;kodepos_dev:32.03.02.2016,diskominfo_jabar_village_2024_unreviewed;open_data_jabar_postal_2023;kodepos_dev_rest_api,diskominfo:842;open_data_jabar:18282;kodepos_dev:842,2026-08-11,government_sources_agree_api_differs
32.03.02.2017,32,JAWA BARAT,32.03,KAB. CIANJUR,32.03.02,WARUNGKONDANG,CIEUNDEUR,,,,,43261,43261,43260,43260;43261,review_required,unresolved,yes,No automatic selection: Kodepos.dev does not corroborate exactly one local source.,no,,diskominfo:32.03.02.2017;open_data_jabar:32.03.02.2017;kodepos_dev:32.03.02.2017,diskominfo_jabar_village_2024_unreviewed;open_data_jabar_postal_2023;kodepos_dev_rest_api,diskominfo:843;open_data_jabar:18283;kodepos_dev:843,2026-08-11,government_sources_agree_api_differs
32.03.02.2018,32,JAWA BARAT,32.03,KAB. CIANJUR,32.03.02,WARUNGKONDANG,MEKARWANGI,,,,,43261,43261,43260,43260;43261,review_required,unresolved,yes,No automatic selection: Kodepos.dev does not corroborate exactly one local source.,no,,diskominfo:32.03.02.2018;open_data_jabar:32.03.02.2018;kodepos_dev:32.03.02.2018,diskominfo_jabar_village_2024_unreviewed;open_data_jabar_postal_2023;kodepos_dev_rest_api,diskominfo:844;open_data_jabar:18284;kodepos_dev:844,2026-08-11,government_sources_agree_api_differs
32.03.09.2001,32,JAWA BARAT,32.03,KAB. CIANJUR,32.03.09,SUKALUYU,SELAJAMBE,,,,,43284,43284,43287,43284;43287,review_required,unresolved,yes,No automatic selection: Kodepos.dev does not corroborate exactly one local source.,no,,diskominfo:32.03.09.2001;open_data_jabar:32.03.09.2001;kodepos_dev:32.03.09.2001,diskominfo_jabar_village_2024_unreviewed;open_data_jabar_postal_2023;kodepos_dev_rest_api,diskominfo:921;open_data_jabar:18369;kodepos_dev:921,2026-08-11,government_sources_agree_api_differs
32.03.09.2002,32,JAWA BARAT,32.03,KAB. CIANJUR,32.03.09,SUKALUYU,SUKAMULYA,,,,,43284,43284,43287,43284;43287,review_required,unresolved,yes,No automatic selection: Kodepos.dev does not corroborate exactly one local source.,no,,diskominfo:32.03.09.2002;open_data_jabar:32.03.09.2002;kodepos_dev:32.03.09.2002,diskominfo_jabar_village_2024_unreviewed;open_data_jabar_postal_2023;kodepos_dev_rest_api,diskominfo:922;open_data_jabar:18371;kodepos_dev:922,2026-08-11,government_sources_agree_api_differs
32.03.09.2003,32,JAWA BARAT,32.03,KAB. CIANJUR,32.03.09,SUKALUYU,PANYUSUHAN,,,,,43284,43284,43287,43284;43287,review_required,unresolved,yes,No automatic selection: Kodepos.dev does not corroborate exactly one local source.,no,,diskominfo:32.03.09.2003;open_data_jabar:32.03.09.2003;kodepos_dev:32.03.09.2003,diskominfo_jabar_village_2024_unreviewed;open_data_jabar_postal_2023;kodepos_dev_rest_api,diskominfo:923;open_data_jabar:18372;kodepos_dev:923,2026-08-11,government_sources_agree_api_differs
32.03.09.2004,32,JAWA BARAT,32.03,KAB. CIANJUR,32.03.09,SUKALUYU,TANJUNGSARI,,,,,43284,43284,43287,43284;43287,review_required,unresolved,yes,No automatic selection: Kodepos.dev does not corroborate exactly one local source.,no,,diskominfo:32.03.09.2004;open_data_jabar:32.03.09.2004;kodepos_dev:32.03.09.2004,diskominfo_jabar_village_2024_unreviewed;open_data_jabar_postal_2023;kodepos_dev_rest_api,diskominfo:924;open_data_jabar:18373;kodepos_dev:924,2026-08-11,government_sources_agree_api_differs
32.03.09.2005,32,JAWA BARAT,32.03,KAB. CIANJUR,32.03.09,SUKALUYU,SIDANGRAJA,,,,,43284,43284,43287,43284;43287,review_required,unresolved,yes,No automatic selection: Kodepos.dev does not corroborate exactly one local source.,no,,diskominfo:32.03.09.2005;open_data_jabar:32.03.09.2005;kodepos_dev:32.03.09.2005,diskominfo_jabar_village_2024_unreviewed;open_data_jabar_postal_2023;kodepos_dev_rest_api,diskominfo:925;open_data_jabar:18374;kodepos_dev:925,2026-08-11,government_sources_agree_api_differs
32.03.09.2006,32,JAWA BARAT,32.03,KAB. CIANJUR,32.03.09,SUKALUYU,MEKARJAYA,,,,,43284,43284,43287,43284;43287,review_required,unresolved,yes,No automatic selection: Kodepos.dev does not corroborate exactly one local source.,no,,diskominfo:32.03.09.2006;open_data_jabar:32.03.09.2006;kodepos_dev:32.03.09.2006,diskominfo_jabar_village_2024_unreviewed;open_data_jabar_postal_2023;kodepos_dev_rest_api,diskominfo:926;open_data_jabar:18375;kodepos_dev:926,2026-08-11,government_sources_agree_api_differs
32.03.09.2007,32,JAWA BARAT,32.03,KAB. CIANJUR,32.03.09,SUKALUYU,SUKASIRNA,,,,,43284,43284,43287,43284;43287,review_required,unresolved,yes,No automatic selection: Kodepos.dev does not corroborate exactly one local source.,no,,diskominfo:32.03.09.2007;open_data_jabar:32.03.09.2007;kodepos_dev:32.03.09.2007,diskominfo_jabar_village_2024_unreviewed;open_data_jabar_postal_2023;kodepos_dev_rest_api,diskominfo:927;open_data_jabar:18376;kodepos_dev:927,2026-08-11,government_sources_agree_api_differs
32.03.09.2008,32,JAWA BARAT,32.03,KAB. CIANJUR,32.03.09,SUKALUYU,SUKALUYU,,,,,43284,43284,43287,43284;43287,review_required,unresolved,yes,No automatic selection: Kodepos.dev does not corroborate exactly one local source.,no,,diskominfo:32.03.09.2008;open_data_jabar:32.03.09.2008;kodepos_dev:32.03.09.2008,diskominfo_jabar_village_2024_unreviewed;open_data_jabar_postal_2023;kodepos_dev_rest_api,diskominfo:928;open_data_jabar:18377;kodepos_dev:928,2026-08-11,government_sources_agree_api_differs
32.03.09.2009,32,JAWA BARAT,32.03,KAB. CIANJUR,32.03.09,SUKALUYU,BABAKANSARI,,,,,43284,43284,43287,43284;43287,review_required,unresolved,yes,No automatic selection: Kodepos.dev does not corroborate exactly one local source.,no,,diskominfo:32.03.09.2009;open_data_jabar:32.03.09.2009;kodepos_dev:32.03.09.2009,diskominfo_jabar_village_2024_unreviewed;open_data_jabar_postal_2023;kodepos_dev_rest_api,diskominfo:929;open_data_jabar:18378;kodepos_dev:929,2026-08-11,government_sources_agree_api_differs
32.03.09.2010,32,JAWA BARAT,32.03,KAB. CIANJUR,32.03.09,SUKALUYU,HEGARMANAH,,,,,43284,43284,43287,43284;43287,review_required,unresolved,yes,No automatic selection: Kodepos.dev does not corroborate exactly one local source.,no,,diskominfo:32.03.09.2010;open_data_jabar:32.03.09.2010;kodepos_dev:32.03.09.2010,diskominfo_jabar_village_2024_unreviewed;open_data_jabar_postal_2023;kodepos_dev_rest_api,diskominfo:930;open_data_jabar:18379;kodepos_dev:930,2026-08-11,government_sources_agree_api_differs
32.03.22.2004,32,JAWA BARAT,32.03,KAB. CIANJUR,32.03.22,AGRABINTA,SUKAMANAH,,,,,43273,43273,43276,43273;43276,review_required,unresolved,yes,No automatic selection: Kodepos.dev does not corroborate exactly one local source.,no,,diskominfo:32.03.22.2004;open_data_jabar:32.03.22.2004;kodepos_dev:32.03.22.2004,diskominfo_jabar_village_2024_unreviewed;open_data_jabar_postal_2023;kodepos_dev_rest_api,diskominfo:1078;open_data_jabar:18543;kodepos_dev:1078,2026-08-11,government_sources_agree_api_differs
32.03.22.2005,32,JAWA BARAT,32.03,KAB. CIANJUR,32.03.22,AGRABINTA,BOJONGKASO,,,,,43273,43273,43276,43273;43276,review_required,unresolved,yes,No automatic selection: Kodepos.dev does not corroborate exactly one local source.,no,,diskominfo:32.03.22.2005;open_data_jabar:32.03.22.2005;kodepos_dev:32.03.22.2005,diskominfo_jabar_village_2024_unreviewed;open_data_jabar_postal_2023;kodepos_dev_rest_api,diskominfo:1079;open_data_jabar:18544;kodepos_dev:1079,2026-08-11,government_sources_agree_api_differs
32.03.22.2006,32,JAWA BARAT,32.03,KAB. CIANJUR,32.03.22,AGRABINTA,BUNISARI,,,,,43273,43273,43276,43273;43276,review_required,unresolved,yes,No automatic selection: Kodepos.dev does not corroborate exactly one local source.,no,,diskominfo:32.03.22.2006;open_data_jabar:32.03.22.2006;kodepos_dev:32.03.22.2006,diskominfo_jabar_village_2024_unreviewed;open_data_jabar_postal_2023;kodepos_dev_rest_api,diskominfo:1080;open_data_jabar:18545;kodepos_dev:1080,2026-08-11,government_sources_agree_api_differs
32.03.22.2007,32,JAWA BARAT,32.03,KAB. CIANJUR,32.03.22,AGRABINTA,WANASARI,,,,,43273,43273,43276,43273;43276,review_required,unresolved,yes,No automatic selection: Kodepos.dev does not corroborate exactly one local source.,no,,diskominfo:32.03.22.2007;open_data_jabar:32.03.22.2007;kodepos_dev:32.03.22.2007,diskominfo_jabar_village_2024_unreviewed;open_data_jabar_postal_2023;kodepos_dev_rest_api,diskominfo:1081;open_data_jabar:18546;kodepos_dev:1081,2026-08-11,government_sources_agree_api_differs
32.03.22.2010,32,JAWA BARAT,32.03,KAB. CIANJUR,32.03.22,AGRABINTA,SINARLAUT,,,,,43273,43273,43276,43273;43276,review_required,unresolved,yes,No automatic selection: Kodepos.dev does not corroborate exactly one local source.,no,,diskominfo:32.03.22.2010;open_data_jabar:32.03.22.2010;kodepos_dev:32.03.22.2010,diskominfo_jabar_village_2024_unreviewed;open_data_jabar_postal_2023;kodepos_dev_rest_api,diskominfo:1082;open_data_jabar:18548;kodepos_dev:1082,2026-08-11,government_sources_agree_api_differs
32.03.22.2014,32,JAWA BARAT,32.03,KAB. CIANJUR,32.03.22,AGRABINTA,NEGLASARI,,,,,43273,43273,43276,43273;43276,review_required,unresolved,yes,No automatic selection: Kodepos.dev does not corroborate exactly one local source.,no,,diskominfo:32.03.22.2014;open_data_jabar:32.03.22.2014;kodepos_dev:32.03.22.2014,diskominfo_jabar_village_2024_unreviewed;open_data_jabar_postal_2023;kodepos_dev_rest_api,diskominfo:1083;open_data_jabar:18549;kodepos_dev:1083,2026-08-11,government_sources_agree_api_differs
32.03.22.2016,32,JAWA BARAT,32.03,KAB. CIANJUR,32.03.22,AGRABINTA,KARANGSARI,,,,,43273,43273,43276,43273;43276,review_required,unresolved,yes,No automatic selection: Kodepos.dev does not corroborate exactly one local source.,no,,diskominfo:32.03.22.2016;open_data_jabar:32.03.22.2016;kodepos_dev:32.03.22.2016,diskominfo_jabar_village_2024_unreviewed;open_data_jabar_postal_2023;kodepos_dev_rest_api,diskominfo:1084;open_data_jabar:18550;kodepos_dev:1084,2026-08-11,government_sources_agree_api_differs
32.03.22.2017,32,JAWA BARAT,32.03,KAB. CIANJUR,32.03.22,AGRABINTA,MULYASARI,,,,,43273,43273,43276,43273;43276,review_required,unresolved,yes,No automatic selection: Kodepos.dev does not corroborate exactly one local source.,no,,diskominfo:32.03.22.2017;open_data_jabar:32.03.22.2017;kodepos_dev:32.03.22.2017,diskominfo_jabar_village_2024_unreviewed;open_data_jabar_postal_2023;kodepos_dev_rest_api,diskominfo:1085;open_data_jabar:18551;kodepos_dev:1085,2026-08-11,government_sources_agree_api_differs
32.03.22.2018,32,JAWA BARAT,32.03,KAB. CIANJUR,32.03.22,AGRABINTA,TANJUNG SARI,,,,,43273,43273,43276,43273;43276,review_required,unresolved,yes,No automatic selection: Kodepos.dev does not corroborate exactly one local source.,no,,diskominfo:32.03.22.2018;open_data_jabar:32.03.22.2018;kodepos_dev:32.03.22.2018,diskominfo_jabar_village_2024_unreviewed;open_data_jabar_postal_2023;kodepos_dev_rest_api,diskominfo:1086;open_data_jabar:18552;kodepos_dev:1086,2026-08-11,government_sources_agree_api_differs
32.03.22.2019,32,JAWA BARAT,32.03,KAB. CIANJUR,32.03.22,AGRABINTA,MEKARSARI,,,,,43273,43273,43276,43273;43276,review_required,unresolved,yes,No automatic selection: Kodepos.dev does not corroborate exactly one local source.,no,,diskominfo:32.03.22.2019;open_data_jabar:32.03.22.2019;kodepos_dev:32.03.22.2019,diskominfo_jabar_village_2024_unreviewed;open_data_jabar_postal_2023;kodepos_dev_rest_api,diskominfo:1087;open_data_jabar:18553;kodepos_dev:1087,2026-08-11,government_sources_agree_api_differs
32.03.22.2022,32,JAWA BARAT,32.03,KAB. CIANJUR,32.03.22,AGRABINTA,WANGUNJAYA,,,,,43273,43273,43276,43273;43276,review_required,unresolved,yes,No automatic selection: Kodepos.dev does not corroborate exactly one local source.,no,,diskominfo:32.03.22.2022;open_data_jabar:32.03.22.2022;kodepos_dev:32.03.22.2022,diskominfo_jabar_village_2024_unreviewed;open_data_jabar_postal_2023;kodepos_dev_rest_api,diskominfo:1088;open_data_jabar:18554;kodepos_dev:1088,2026-08-11,government_sources_agree_api_differs
32.03.25.2001,32,JAWA BARAT,32.03,KAB. CIANJUR,32.03.25,CAMPAKAMULYA,CIBANGGALA,,,,,43278,43278,43269,43269;43278,review_required,unresolved,yes,No automatic selection: Kodepos.dev does not corroborate exactly one local source.,no,,diskominfo:32.03.25.2001;open_data_jabar:32.03.25.2001;kodepos_dev:32.03.25.2001,diskominfo_jabar_village_2024_unreviewed;open_data_jabar_postal_2023;kodepos_dev_rest_api,diskominfo:1114;open_data_jabar:18584;kodepos_dev:1114,2026-08-11,government_sources_agree_api_differs
32.03.25.2002,32,JAWA BARAT,32.03,KAB. CIANJUR,32.03.25,CAMPAKAMULYA,CAMPAKAWARNA,,,,,43278,43278,43269,43269;43278,review_required,unresolved,yes,No automatic selection: Kodepos.dev does not corroborate exactly one local source.,no,,diskominfo:32.03.25.2002;open_data_jabar:32.03.25.2002;kodepos_dev:32.03.25.2002,diskominfo_jabar_village_2024_unreviewed;open_data_jabar_postal_2023;kodepos_dev_rest_api,diskominfo:1115;open_data_jabar:18585;kodepos_dev:1115,2026-08-11,government_sources_agree_api_differs
32.03.25.2004,32,JAWA BARAT,32.03,KAB. CIANJUR,32.03.25,CAMPAKAMULYA,CAMPAKAMULYA,,,,,43278,43278,43269,43269;43278,review_required,unresolved,yes,No automatic selection: Kodepos.dev does not corroborate exactly one local source.,no,,diskominfo:32.03.25.2004;open_data_jabar:32.03.25.2004;kodepos_dev:32.03.25.2004,diskominfo_jabar_village_2024_unreviewed;open_data_jabar_postal_2023;kodepos_dev_rest_api,diskominfo:1117;open_data_jabar:18587;kodepos_dev:1117,2026-08-11,government_sources_agree_api_differs
32.03.25.2005,32,JAWA BARAT,32.03,KAB. CIANJUR,32.03.25,CAMPAKAMULYA,SUKABUNGAH,,,,,43278,43278,43269,43269;43278,review_required,unresolved,yes,No automatic selection: Kodepos.dev does not corroborate exactly one local source.,no,,diskominfo:32.03.25.2005;open_data_jabar:32.03.25.2005;kodepos_dev:32.03.25.2005,diskominfo_jabar_village_2024_unreviewed;open_data_jabar_postal_2023;kodepos_dev_rest_api,diskominfo:1118;open_data_jabar:18588;kodepos_dev:1118,2026-08-11,government_sources_agree_api_differs
32.04.06.1001,32,JAWA BARAT,32.04,KAB. BANDUNG,32.04.06,CIMENYAN,PADASUKA,,,,,40399,40399,40191,40191;40399,review_required,unresolved,yes,No automatic selection: Kodepos.dev does not corroborate exactly one local source.,no,,diskominfo:32.04.06.1001;open_data_jabar:32.04.06.1001;kodepos_dev:32.04.06.1001,diskominfo_jabar_village_2024_unreviewed;open_data_jabar_postal_2023;kodepos_dev_rest_api,diskominfo:1189;open_data_jabar:18666;kodepos_dev:1189,2026-08-11,government_sources_agree_api_differs
32.04.06.1002,32,JAWA BARAT,32.04,KAB. BANDUNG,32.04.06,CIMENYAN,CIBEUNYING,,,,,40399,40399,40191,40191;40399,review_required,unresolved,yes,No automatic selection: Kodepos.dev does not corroborate exactly one local source.,no,,diskominfo:32.04.06.1002;open_data_jabar:32.04.06.1002;kodepos_dev:32.04.06.1002,diskominfo_jabar_village_2024_unreviewed;open_data_jabar_postal_2023;kodepos_dev_rest_api,diskominfo:1190;open_data_jabar:18667;kodepos_dev:1190,2026-08-11,government_sources_agree_api_differs
32.04.06.2003,32,JAWA BARAT,32.04,KAB. BANDUNG,32.04.06,CIMENYAN,CIMENYAN,,,,,40399,40399,40197,40197;40399,review_required,unresolved,yes,No automatic selection: Kodepos.dev does not corroborate exactly one local source.,no,,diskominfo:32.04.06.2003;open_data_jabar:32.04.06.2003;kodepos_dev:32.04.06.2003,diskominfo_jabar_village_2024_unreviewed;open_data_jabar_postal_2023;kodepos_dev_rest_api,diskominfo:1191;open_data_jabar:18668;kodepos_dev:1191,2026-08-11,government_sources_agree_api_differs
32.04.06.2004,32,JAWA BARAT,32.04,KAB. BANDUNG,32.04.06,CIMENYAN,MANDALAMEKAR,,,,,40399,40399,40193,40193;40399,review_required,unresolved,yes,No automatic selection: Kodepos.dev does not corroborate exactly one local source.,no,,diskominfo:32.04.06.2004;open_data_jabar:32.04.06.2004;kodepos_dev:32.04.06.2004,diskominfo_jabar_village_2024_unreviewed;open_data_jabar_postal_2023;kodepos_dev_rest_api,diskominfo:1192;open_data_jabar:18671;kodepos_dev:1192,2026-08-11,government_sources_agree_api_differs
32.04.06.2005,32,JAWA BARAT,32.04,KAB. BANDUNG,32.04.06,CIMENYAN,CIKADUT,,,,,40399,40399,40191,40191;40399,review_required,unresolved,yes,No automatic selection: Kodepos.dev does not corroborate exactly one local source.,no,,diskominfo:32.04.06.2005;open_data_jabar:32.04.06.2005;kodepos_dev:32.04.06.2005,diskominfo_jabar_village_2024_unreviewed;open_data_jabar_postal_2023;kodepos_dev_rest_api,diskominfo:1193;open_data_jabar:18672;kodepos_dev:1193,2026-08-11,government_sources_agree_api_differs
32.04.06.2006,32,JAWA BARAT,32.04,KAB. BANDUNG,32.04.06,CIMENYAN,CIBURIAL,,,,,40399,40399,40198,40198;40399,review_required,unresolved,yes,No automatic selection: Kodepos.dev does not corroborate exactly one local source.,no,,diskominfo:32.04.06.2006;open_data_jabar:32.04.06.2006;kodepos_dev:32.04.06.2006,diskominfo_jabar_village_2024_unreviewed;open_data_jabar_postal_2023;kodepos_dev_rest_api,diskominfo:1194;open_data_jabar:18673;kodepos_dev:1194,2026-08-11,government_sources_agree_api_differs
32.04.06.2007,32,JAWA BARAT,32.04,KAB. BANDUNG,32.04.06,CIMENYAN,SINDANGLAYA,,,,,40399,40399,40195,40195;40399,review_required,unresolved,yes,No automatic selection: Kodepos.dev does not corroborate exactly one local source.,no,,diskominfo:32.04.06.2007;open_data_jabar:32.04.06.2007;kodepos_dev:32.04.06.2007,diskominfo_jabar_village_2024_unreviewed;open_data_jabar_postal_2023;kodepos_dev_rest_api,diskominfo:1195;open_data_jabar:18674;kodepos_dev:1195,2026-08-11,government_sources_agree_api_differs
32.04.06.2008,32,JAWA BARAT,32.04,KAB. BANDUNG,32.04.06,CIMENYAN,MEKARSALUYU,,,,,40399,40399,40198,40198;40399,review_required,unresolved,yes,No automatic selection: Kodepos.dev does not corroborate exactly one local source.,no,,diskominfo:32.04.06.2008;open_data_jabar:32.04.06.2008;kodepos_dev:32.04.06.2008,diskominfo_jabar_village_2024_unreviewed;open_data_jabar_postal_2023;kodepos_dev_rest_api,diskominfo:1196;open_data_jabar:18675;kodepos_dev:1196,2026-08-11,government_sources_agree_api_differs
32.04.06.2009,32,JAWA BARAT,32.04,KAB. BANDUNG,32.04.06,CIMENYAN,MEKARMANIK,,,,,40399,40399,40196,40196;40399,review_required,unresolved,yes,No automatic selection: Kodepos.dev does not corroborate exactly one local source.,no,,diskominfo:32.04.06.2009;open_data_jabar:32.04.06.2009;kodepos_dev:32.04.06.2009,diskominfo_jabar_village_2024_unreviewed;open_data_jabar_postal_2023;kodepos_dev_rest_api,diskominfo:1197;open_data_jabar:18676;kodepos_dev:1197,2026-08-11,government_sources_agree_api_differs
32.04.34.2002,32,JAWA BARAT,32.04,KAB. BANDUNG,32.04.34,SOLOKANJERUK,SOLOKANJERUK,,,,,40387,40387,40375,40375;40387,review_required,unresolved,yes,No automatic selection: Kodepos.dev does not corroborate exactly one local source.,no,,diskominfo:32.04.34.2002;open_data_jabar:32.04.34.2002;kodepos_dev:32.04.34.2002,diskominfo_jabar_village_2024_unreviewed;open_data_jabar_postal_2023;kodepos_dev_rest_api,diskominfo:1383;open_data_jabar:18882;kodepos_dev:1383,2026-08-11,government_sources_agree_api_differs
32.04.40.2001,32,JAWA BARAT,32.04,KAB. BANDUNG,32.04.40,RANCABALI,PATENGAN,,,,,40363,40363,40974,40363;40974,review_required,unresolved,yes,No automatic selection: Kodepos.dev does not corroborate exactly one local source.,no,,diskominfo:32.04.40.2001;open_data_jabar:32.04.40.2001;kodepos_dev:32.04.40.2001,diskominfo_jabar_village_2024_unreviewed;open_data_jabar_postal_2023;kodepos_dev_rest_api,diskominfo:1440;open_data_jabar:18946;kodepos_dev:1440,2026-08-11,government_sources_agree_api_differs
32.04.40.2002,32,JAWA BARAT,32.04,KAB. BANDUNG,32.04.40,RANCABALI,SUKARESMI,,,,,40363,40363,40974,40363;40974,review_required,unresolved,yes,No automatic selection: Kodepos.dev does not corroborate exactly one local source.,no,,diskominfo:32.04.40.2002;open_data_jabar:32.04.40.2002;kodepos_dev:32.04.40.2002,diskominfo_jabar_village_2024_unreviewed;open_data_jabar_postal_2023;kodepos_dev_rest_api,diskominfo:1441;open_data_jabar:18947;kodepos_dev:1441,2026-08-11,government_sources_agree_api_differs
32.04.40.2003,32,JAWA BARAT,32.04,KAB. BANDUNG,32.04.40,RANCABALI,INDRAGIRI,,,,,40363,40363,40974,40363;40974,review_required,unresolved,yes,No automatic selection: Kodepos.dev does not corroborate exactly one local source.,no,,diskominfo:32.04.40.2003;open_data_jabar:32.04.40.2003;kodepos_dev:32.04.40.2003,diskominfo_jabar_village_2024_unreviewed;open_data_jabar_postal_2023;kodepos_dev_rest_api,diskominfo:1442;open_data_jabar:18949;kodepos_dev:1442,2026-08-11,government_sources_agree_api_differs
32.04.40.2004,32,JAWA BARAT,32.04,KAB. BANDUNG,32.04.40,RANCABALI,CIPELAH,,,,,40363,40363,40974,40363;40974,review_required,unresolved,yes,No automatic selection: Kodepos.dev does not corroborate exactly one local source.,no,,diskominfo:32.04.40.2004;open_data_jabar:32.04.40.2004;kodepos_dev:32.04.40.2004,diskominfo_jabar_village_2024_unreviewed;open_data_jabar_postal_2023;kodepos_dev_rest_api,diskominfo:1443;open_data_jabar:18950;kodepos_dev:1443,2026-08-11,government_sources_agree_api_differs
32.04.40.2005,32,JAWA BARAT,32.04,KAB. BANDUNG,32.04.40,RANCABALI,ALAMENDAH,,,,,40363,40363,40974,40363;40974,review_required,unresolved,yes,No automatic selection: Kodepos.dev does not corroborate exactly one local source.,no,,diskominfo:32.04.40.2005;open_data_jabar:32.04.40.2005;kodepos_dev:32.04.40.2005,diskominfo_jabar_village_2024_unreviewed;open_data_jabar_postal_2023;kodepos_dev_rest_api,diskominfo:1444;open_data_jabar:18951;kodepos_dev:1444,2026-08-11,government_sources_agree_api_differs
32.05.03.2001,32,JAWA BARAT,32.05,KAB. GARUT,32.05.03,WANARAJA,WANARAJA,,,,,44183,44183,44180,44180;44183,review_required,unresolved,yes,No automatic selection: Kodepos.dev does not corroborate exactly one local source.,no,,diskominfo:32.05.03.2001;open_data_jabar:32.05.03.2001;kodepos_dev:32.05.03.2001,diskominfo_jabar_village_2024_unreviewed;open_data_jabar_postal_2023;kodepos_dev_rest_api,diskominfo:1494;open_data_jabar:19007;kodepos_dev:1494,2026-08-11,government_sources_agree_api_differs
32.05.03.2002,32,JAWA BARAT,32.05,KAB. GARUT,32.05.03,WANARAJA,WANAMEKAR,,,,,44183,44183,44180,44180;44183,review_required,unresolved,yes,No automatic selection: Kodepos.dev does not corroborate exactly one local source.,no,,diskominfo:32.05.03.2002;open_data_jabar:32.05.03.2002;kodepos_dev:32.05.03.2002,diskominfo_jabar_village_2024_unreviewed;open_data_jabar_postal_2023;kodepos_dev_rest_api,diskominfo:1495;open_data_jabar:19008;kodepos_dev:1495,2026-08-11,government_sources_agree_api_differs
32.05.03.2003,32,JAWA BARAT,32.05,KAB. GARUT,32.05.03,WANARAJA,CINUNUK,,,,,44183,44183,44180,44180;44183,review_required,unresolved,yes,No automatic selection: Kodepos.dev does not corroborate exactly one local source.,no,,diskominfo:32.05.03.2003;open_data_jabar:32.05.03.2003;kodepos_dev:32.05.03.2003,diskominfo_jabar_village_2024_unreviewed;open_data_jabar_postal_2023;kodepos_dev_rest_api,diskominfo:1496;open_data_jabar:19009;kodepos_dev:1496,2026-08-11,government_sources_agree_api_differs
32.05.03.2007,32,JAWA BARAT,32.05,KAB. GARUT,32.05.03,WANARAJA,SUKAMENAK,,,,,44183,44183,44180,44180;44183,review_required,unresolved,yes,No automatic selection: Kodepos.dev does not corroborate exactly one local source.,no,,diskominfo:32.05.03.2007;open_data_jabar:32.05.03.2007;kodepos_dev:32.05.03.2007,diskominfo_jabar_village_2024_unreviewed;open_data_jabar_postal_2023;kodepos_dev_rest_api,diskominfo:1497;open_data_jabar:19010;kodepos_dev:1497,2026-08-11,government_sources_agree_api_differs
32.05.03.2008,32,JAWA BARAT,32.05,KAB. GARUT,32.05.03,WANARAJA,SINDANGRATU,,,,,44183,44183,44180,44180;44183,review_required,unresolved,yes,No automatic selection: Kodepos.dev does not corroborate exactly one local source.,no,,diskominfo:32.05.03.2008;open_data_jabar:32.05.03.2008;kodepos_dev:32.05.03.2008,diskominfo_jabar_village_2024_unreviewed;open_data_jabar_postal_2023;kodepos_dev_rest_api,diskominfo:1498;open_data_jabar:19011;kodepos_dev:1498,2026-08-11,government_sources_agree_api_differs
32.05.03.2011,32,JAWA BARAT,32.05,KAB. GARUT,32.05.03,WANARAJA,WANAJAYA,,,,,44183,44183,44180,44180;44183,review_required,unresolved,yes,No automatic selection: Kodepos.dev does not corroborate exactly one local source.,no,,diskominfo:32.05.03.2011;open_data_jabar:32.05.03.2011;kodepos_dev:32.05.03.2011,diskominfo_jabar_village_2024_unreviewed;open_data_jabar_postal_2023;kodepos_dev_rest_api,diskominfo:1499;open_data_jabar:19012;kodepos_dev:1499,2026-08-11,government_sources_agree_api_differs
32.05.03.2015,32,JAWA BARAT,32.05,KAB. GARUT,32.05.03,WANARAJA,SINDANGMEKAR,,,,,44183,44183,44180,44180;44183,review_required,unresolved,yes,No automatic selection: Kodepos.dev does not corroborate exactly one local source.,no,,diskominfo:32.05.03.2015;open_data_jabar:32.05.03.2015;kodepos_dev:32.05.03.2015,diskominfo_jabar_village_2024_unreviewed;open_data_jabar_postal_2023;kodepos_dev_rest_api,diskominfo:1500;open_data_jabar:19013;kodepos_dev:1500,2026-08-11,government_sources_agree_api_differs
32.05.03.2019,32,JAWA BARAT,32.05,KAB. GARUT,32.05.03,WANARAJA,WANASARI,,,,,44183,44183,44180,44180;44183,review_required,unresolved,yes,No automatic selection: Kodepos.dev does not corroborate exactly one local source.,no,,diskominfo:32.05.03.2019;open_data_jabar:32.05.03.2019;kodepos_dev:32.05.03.2019,diskominfo_jabar_village_2024_unreviewed;open_data_jabar_postal_2023;kodepos_dev_rest_api,diskominfo:1501;open_data_jabar:19014;kodepos_dev:1501,2026-08-11,government_sources_agree_api_differs
32.05.03.2024,32,JAWA BARAT,32.05,KAB. GARUT,32.05.03,WANARAJA,SINDANGPRABU,,,,,44183,44183,44180,44180;44183,review_required,unresolved,yes,No automatic selection: Kodepos.dev does not corroborate exactly one local source.,no,,diskominfo:32.05.03.2024;open_data_jabar:32.05.03.2024;kodepos_dev:32.05.03.2024,diskominfo_jabar_village_2024_unreviewed;open_data_jabar_postal_2023;kodepos_dev_rest_api,diskominfo:1502;open_data_jabar:19016;kodepos_dev:1502,2026-08-11,government_sources_agree_api_differs
32.05.07.2001,32,JAWA BARAT,32.05,KAB. GARUT,32.05.07,SAMARANG,SAMARANG,,,,,44161,44161,44160,44160;44161,review_required,unresolved,yes,No automatic selection: Kodepos.dev does not corroborate exactly one local source.,no,,diskominfo:32.05.07.2001;open_data_jabar:32.05.07.2001;kodepos_dev:32.05.07.2001,diskominfo_jabar_village_2024_unreviewed;open_data_jabar_postal_2023;kodepos_dev_rest_api,diskominfo:1543;open_data_jabar:19061;kodepos_dev:1543,2026-08-11,government_sources_agree_api_differs
32.05.07.2002,32,JAWA BARAT,32.05,KAB. GARUT,32.05.07,SAMARANG,CINTARAKYAT,,,,,44161,44161,44160,44160;44161,review_required,unresolved,yes,No automatic selection: Kodepos.dev does not corroborate exactly one local source.,no,,diskominfo:32.05.07.2002;open_data_jabar:32.05.07.2002;kodepos_dev:32.05.07.2002,diskominfo_jabar_village_2024_unreviewed;open_data_jabar_postal_2023;kodepos_dev_rest_api,diskominfo:1544;open_data_jabar:19062;kodepos_dev:1544,2026-08-11,government_sources_agree_api_differs
32.05.07.2003,32,JAWA BARAT,32.05,KAB. GARUT,32.05.07,SAMARANG,SUKARASA,,,,,44161,44161,44160,44160;44161,review_required,unresolved,yes,No automatic selection: Kodepos.dev does not corroborate exactly one local source.,no,,diskominfo:32.05.07.2003;open_data_jabar:32.05.07.2003;kodepos_dev:32.05.07.2003,diskominfo_jabar_village_2024_unreviewed;open_data_jabar_postal_2023;kodepos_dev_rest_api,diskominfo:1545;open_data_jabar:19063;kodepos_dev:1545,2026-08-11,government_sources_agree_api_differs
32.05.07.2004,32,JAWA BARAT,32.05,KAB. GARUT,32.05.07,SAMARANG,PARAKAN,,,,,44161,44161,44160,44160;44161,review_required,unresolved,yes,No automatic selection: Kodepos.dev does not corroborate exactly one local source.,no,,diskominfo:32.05.07.2004;open_data_jabar:32.05.07.2004;kodepos_dev:32.05.07.2004,diskominfo_jabar_village_2024_unreviewed;open_data_jabar_postal_2023;kodepos_dev_rest_api,diskominfo:1546;open_data_jabar:19064;kodepos_dev:1546,2026-08-11,government_sources_agree_api_differs
32.05.07.2005,32,JAWA BARAT,32.05,KAB. GARUT,32.05.07,SAMARANG,SUKAKARYA,,,,,44161,44161,44160,44160;44161,review_required,unresolved,yes,No automatic selection: Kodepos.dev does not corroborate exactly one local source.,no,,diskominfo:32.05.07.2005;open_data_jabar:32.05.07.2005;kodepos_dev:32.05.07.2005,diskominfo_jabar_village_2024_unreviewed;open_data_jabar_postal_2023;kodepos_dev_rest_api,diskominfo:1547;open_data_jabar:19065;kodepos_dev:1547,2026-08-11,government_sources_agree_api_differs
32.05.07.2006,32,JAWA BARAT,32.05,KAB. GARUT,32.05.07,SAMARANG,CINTAKARYA,,,,,44161,44161,44160,44160;44161,review_required,unresolved,yes,No automatic selection: Kodepos.dev does not corroborate exactly one local source.,no,,diskominfo:32.05.07.2006;open_data_jabar:32.05.07.2006;kodepos_dev:32.05.07.2006,diskominfo_jabar_village_2024_unreviewed;open_data_jabar_postal_2023;kodepos_dev_rest_api,diskominfo:1548;open_data_jabar:19066;kodepos_dev:1548,2026-08-11,government_sources_agree_api_differs
32.05.07.2007,32,JAWA BARAT,32.05,KAB. GARUT,32.05.07,SAMARANG,TANJUNG KARYA,,,,,44161,44161,44160,44160;44161,review_required,unresolved,yes,No automatic selection: Kodepos.dev does not corroborate exactly one local source.,no,,diskominfo:32.05.07.2007;open_data_jabar:32.05.07.2007;kodepos_dev:32.05.07.2007,diskominfo_jabar_village_2024_unreviewed;open_data_jabar_postal_2023;kodepos_dev_rest_api,diskominfo:1549;open_data_jabar:19067;kodepos_dev:1549,2026-08-11,government_sources_agree_api_differs
32.05.07.2008,32,JAWA BARAT,32.05,KAB. GARUT,32.05.07,SAMARANG,CISARUA,,,,,44161,44161,44160,44160;44161,review_required,unresolved,yes,No automatic selection: Kodepos.dev does not corroborate exactly one local source.,no,,diskominfo:32.05.07.2008;open_data_jabar:32.05.07.2008;kodepos_dev:32.05.07.2008,diskominfo_jabar_village_2024_unreviewed;open_data_jabar_postal_2023;kodepos_dev_rest_api,diskominfo:1550;open_data_jabar:19068;kodepos_dev:1550,2026-08-11,government_sources_agree_api_differs
32.05.07.2009,32,JAWA BARAT,32.05,KAB. GARUT,32.05.07,SAMARANG,CINTARASA,,,,,44161,44161,44160,44160;44161,review_required,unresolved,yes,No automatic selection: Kodepos.dev does not corroborate exactly one local source.,no,,diskominfo:32.05.07.2009;open_data_jabar:32.05.07.2009;kodepos_dev:32.05.07.2009,diskominfo_jabar_village_2024_unreviewed;open_data_jabar_postal_2023;kodepos_dev_rest_api,diskominfo:1551;open_data_jabar:19069;kodepos_dev:1551,2026-08-11,government_sources_agree_api_differs
32.05.07.2010,32,JAWA BARAT,32.05,KAB. GARUT,32.05.07,SAMARANG,CINTAASIH,,,,,44161,44161,44160,44160;44161,review_required,unresolved,yes,No automatic selection: Kodepos.dev does not corroborate exactly one local source.,no,,diskominfo:32.05.07.2010;open_data_jabar:32.05.07.2010;kodepos_dev:32.05.07.2010,diskominfo_jabar_village_2024_unreviewed;open_data_jabar_postal_2023;kodepos_dev_rest_api,diskominfo:1552;open_data_jabar:19071;kodepos_dev:1552,2026-08-11,government_sources_agree_api_differs
32.05.07.2011,32,JAWA BARAT,32.05,KAB. GARUT,32.05.07,SAMARANG,SIRNASARI,,,,,44161,44161,44160,44160;44161,review_required,unresolved,yes,No automatic selection: Kodepos.dev does not corroborate exactly one local source.,no,,diskominfo:32.05.07.2011;open_data_jabar:32.05.07.2011;kodepos_dev:32.05.07.2011,diskominfo_jabar_village_2024_unreviewed;open_data_jabar_postal_2023;kodepos_dev_rest_api,diskominfo:1553;open_data_jabar:19072;kodepos_dev:1553,2026-08-11,government_sources_agree_api_differs
32.05.07.2012,32,JAWA BARAT,32.05,KAB. GARUT,32.05.07,SAMARANG,SUKALAKSANA,,,,,44161,44161,44160,44160;44161,review_required,unresolved,yes,No automatic selection: Kodepos.dev does not corroborate exactly one local source.,no,,diskominfo:32.05.07.2012;open_data_jabar:32.05.07.2012;kodepos_dev:32.05.07.2012,diskominfo_jabar_village_2024_unreviewed;open_data_jabar_postal_2023;kodepos_dev_rest_api,diskominfo:1554;open_data_jabar:19073;kodepos_dev:1554,2026-08-11,government_sources_agree_api_differs
32.05.07.2013,32,JAWA BARAT,32.05,KAB. GARUT,32.05.07,SAMARANG,TANJUNGANOM,,,,,44161,44161,44160,44160;44161,review_required,unresolved,yes,No automatic selection: Kodepos.dev does not corroborate exactly one local source.,no,,diskominfo:32.05.07.2013;open_data_jabar:32.05.07.2013;kodepos_dev:32.05.07.2013,diskominfo_jabar_village_2024_unreviewed;open_data_jabar_postal_2023;kodepos_dev_rest_api,diskominfo:1555;open_data_jabar:19074;kodepos_dev:1555,2026-08-11,government_sources_agree_api_differs
32.05.15.2001,32,JAWA BARAT,32.05,KAB. GARUT,32.05.15,SUKAWENING,SUKAWENING,,,,,44184,44184,44179,44179;44184,review_required,unresolved,yes,No automatic selection: Kodepos.dev does not corroborate exactly one local source.,no,,diskominfo:32.05.15.2001;open_data_jabar:32.05.15.2001;kodepos_dev:32.05.15.2001,diskominfo_jabar_village_2024_unreviewed;open_data_jabar_postal_2023;kodepos_dev_rest_api,diskominfo:1643;open_data_jabar:19172;kodepos_dev:1643,2026-08-11,government_sources_agree_api_differs
32.05.15.2002,32,JAWA BARAT,32.05,KAB. GARUT,32.05.15,SUKAWENING,SUKAMUKTI,,,,,44184,44184,44179,44179;44184,review_required,unresolved,yes,No automatic selection: Kodepos.dev does not corroborate exactly one local source.,no,,diskominfo:32.05.15.2002;open_data_jabar:32.05.15.2002;kodepos_dev:32.05.15.2002,diskominfo_jabar_village_2024_unreviewed;open_data_jabar_postal_2023;kodepos_dev_rest_api,diskominfo:1644;open_data_jabar:19173;kodepos_dev:1644,2026-08-11,government_sources_agree_api_differs
32.05.15.2003,32,JAWA BARAT,32.05,KAB. GARUT,32.05.15,SUKAWENING,MEKARLUYU,,,,,44184,44184,44179,44179;44184,review_required,unresolved,yes,No automatic selection: Kodepos.dev does not corroborate exactly one local source.,no,,diskominfo:32.05.15.2003;open_data_jabar:32.05.15.2003;kodepos_dev:32.05.15.2003,diskominfo_jabar_village_2024_unreviewed;open_data_jabar_postal_2023;kodepos_dev_rest_api,diskominfo:1645;open_data_jabar:19174;kodepos_dev:1645,2026-08-11,government_sources_agree_api_differs
32.05.15.2004,32,JAWA BARAT,32.05,KAB. GARUT,32.05.15,SUKAWENING,SUKALUYU,,,,,44184,44184,44179,44179;44184,review_required,unresolved,yes,No automatic selection: Kodepos.dev does not corroborate exactly one local source.,no,,diskominfo:32.05.15.2004;open_data_jabar:32.05.15.2004;kodepos_dev:32.05.15.2004,diskominfo_jabar_village_2024_unreviewed;open_data_jabar_postal_2023;kodepos_dev_rest_api,diskominfo:1646;open_data_jabar:19175;kodepos_dev:1646,2026-08-11,government_sources_agree_api_differs
32.05.15.2005,32,JAWA BARAT,32.05,KAB. GARUT,32.05.15,SUKAWENING,SUDALARANG,,,,,44184,44184,44179,44179;44184,review_required,unresolved,yes,No automatic selection: Kodepos.dev does not corroborate exactly one local source.,no,,diskominfo:32.05.15.2005;open_data_jabar:32.05.15.2005;kodepos_dev:32.05.15.2005,diskominfo_jabar_village_2024_unreviewed;open_data_jabar_postal_2023;kodepos_dev_rest_api,diskominfo:1647;open_data_jabar:19176;kodepos_dev:1647,2026-08-11,government_sources_agree_api_differs
32.05.15.2006,32,JAWA BARAT,32.05,KAB. GARUT,32.05.15,SUKAWENING,SUKASONO,,,,,44184,44184,44179,44179;44184,review_required,unresolved,yes,No automatic selection: Kodepos.dev does not corroborate exactly one local source.,no,,diskominfo:32.05.15.2006;open_data_jabar:32.05.15.2006;kodepos_dev:32.05.15.2006,diskominfo_jabar_village_2024_unreviewed;open_data_jabar_postal_2023;kodepos_dev_rest_api,diskominfo:1648;open_data_jabar:19177;kodepos_dev:1648,2026-08-11,government_sources_agree_api_differs
32.05.15.2007,32,JAWA BARAT,32.05,KAB. GARUT,32.05.15,SUKAWENING,SUKAHAJI,,,,,44184,44184,44179,44179;44184,review_required,unresolved,yes,No automatic selection: Kodepos.dev does not corroborate exactly one local source.,no,,diskominfo:32.05.15.2007;open_data_jabar:32.05.15.2007;kodepos_dev:32.05.15.2007,diskominfo_jabar_village_2024_unreviewed;open_data_jabar_postal_2023;kodepos_dev_rest_api,diskominfo:1649;open_data_jabar:19178;kodepos_dev:1649,2026-08-11,government_sources_agree_api_differs
32.05.15.2008,32,JAWA BARAT,32.05,KAB. GARUT,32.05.15,SUKAWENING,PASANGGRAHAN,,,,,44184,44184,44179,44179;44184,review_required,unresolved,yes,No automatic selection: Kodepos.dev does not corroborate exactly one local source.,no,,diskominfo:32.05.15.2008;open_data_jabar:32.05.15.2008;kodepos_dev:32.05.15.2008,diskominfo_jabar_village_2024_unreviewed;open_data_jabar_postal_2023;kodepos_dev_rest_api,diskominfo:1650;open_data_jabar:19179;kodepos_dev:1650,2026-08-11,government_sources_agree_api_differs
32.05.15.2009,32,JAWA BARAT,32.05,KAB. GARUT,32.05.15,SUKAWENING,MARIPARI,,,,,44184,44184,44179,44179;44184,review_required,unresolved,yes,No automatic selection: Kodepos.dev does not corroborate exactly one local source.,no,,diskominfo:32.05.15.2009;open_data_jabar:32.05.15.2009;kodepos_dev:32.05.15.2009,diskominfo_jabar_village_2024_unreviewed;open_data_jabar_postal_2023;kodepos_dev_rest_api,diskominfo:1651;open_data_jabar:19180;kodepos_dev:1651,2026-08-11,government_sources_agree_api_differs
32.05.15.2010,32,JAWA BARAT,32.05,KAB. GARUT,32.05.15,SUKAWENING,MEKARWANGI,,,,,44184,44184,44179,44179;44184,review_required,unresolved,yes,No automatic selection: Kodepos.dev does not corroborate exactly one local source.,no,,diskominfo:32.05.15.2010;open_data_jabar:32.05.15.2010;kodepos_dev:32.05.15.2010,diskominfo_jabar_village_2024_unreviewed;open_data_jabar_postal_2023;kodepos_dev_rest_api,diskominfo:1652;open_data_jabar:19182;kodepos_dev:1652,2026-08-11,government_sources_agree_api_differs
32.05.15.2011,32,JAWA BARAT,32.05,KAB. GARUT,32.05.15,SUKAWENING,MEKAR HURIP,,,,,44184,44184,44179,44179;44184,review_required,unresolved,yes,No automatic selection: Kodepos.dev does not corroborate exactly one local source.,no,,diskominfo:32.05.15.2011;open_data_jabar:32.05.15.2011;kodepos_dev:32.05.15.2011,diskominfo_jabar_village_2024_unreviewed;open_data_jabar_postal_2023;kodepos_dev_rest_api,diskominfo:1653;open_data_jabar:19183;kodepos_dev:1653,2026-08-11,government_sources_agree_api_differs
32.05.24.2001,32,JAWA BARAT,32.05,KAB. GARUT,32.05.24,SINGAJAYA,SINGAJAYA,,,,,44173,44173,44170,44170;44173,review_required,unresolved,yes,No automatic selection: Kodepos.dev does not corroborate exactly one local source.,no,,diskominfo:32.05.24.2001;open_data_jabar:32.05.24.2001;kodepos_dev:32.05.24.2001,diskominfo_jabar_village_2024_unreviewed;open_data_jabar_postal_2023;kodepos_dev_rest_api,diskominfo:1746;open_data_jabar:19286;kodepos_dev:1746,2026-08-11,government_sources_agree_api_differs
32.05.24.2002,32,JAWA BARAT,32.05,KAB. GARUT,32.05.24,SINGAJAYA,CIUDIAN,,,,,44173,44173,44170,44170;44173,review_required,unresolved,yes,No automatic selection: Kodepos.dev does not corroborate exactly one local source.,no,,diskominfo:32.05.24.2002;open_data_jabar:32.05.24.2002;kodepos_dev:32.05.24.2002,diskominfo_jabar_village_2024_unreviewed;open_data_jabar_postal_2023;kodepos_dev_rest_api,diskominfo:1747;open_data_jabar:19287;kodepos_dev:1747,2026-08-11,government_sources_agree_api_differs
32.05.24.2003,32,JAWA BARAT,32.05,KAB. GARUT,32.05.24,SINGAJAYA,MEKARTANI,,,,,44173,44173,44170,44170;44173,review_required,unresolved,yes,No automatic selection: Kodepos.dev does not corroborate exactly one local source.,no,,diskominfo:32.05.24.2003;open_data_jabar:32.05.24.2003;kodepos_dev:32.05.24.2003,diskominfo_jabar_village_2024_unreviewed;open_data_jabar_postal_2023;kodepos_dev_rest_api,diskominfo:1748;open_data_jabar:19288;kodepos_dev:1748,2026-08-11,government_sources_agree_api_differs
32.05.24.2004,32,JAWA BARAT,32.05,KAB. GARUT,32.05.24,SINGAJAYA,SUKAMULYA,,,,,44173,44173,44170,44170;44173,review_required,unresolved,yes,No automatic selection: Kodepos.dev does not corroborate exactly one local source.,no,,diskominfo:32.05.24.2004;open_data_jabar:32.05.24.2004;kodepos_dev:32.05.24.2004,diskominfo_jabar_village_2024_unreviewed;open_data_jabar_postal_2023;kodepos_dev_rest_api,diskominfo:1749;open_data_jabar:19289;kodepos_dev:1749,2026-08-11,government_sources_agree_api_differs
32.05.24.2005,32,JAWA BARAT,32.05,KAB. GARUT,32.05.24,SINGAJAYA,SUKAWANGI,,,,,44173,44173,44170,44170;44173,review_required,unresolved,yes,No automatic selection: Kodepos.dev does not corroborate exactly one local source.,no,,diskominfo:32.05.24.2005;open_data_jabar:32.05.24.2005;kodepos_dev:32.05.24.2005,diskominfo_jabar_village_2024_unreviewed;open_data_jabar_postal_2023;kodepos_dev_rest_api,diskominfo:1750;open_data_jabar:19290;kodepos_dev:1750,2026-08-11,government_sources_agree_api_differs
32.05.24.2006,32,JAWA BARAT,32.05,KAB. GARUT,32.05.24,SINGAJAYA,PANCASURA,,,,,44173,44173,44170,44170;44173,review_required,unresolved,yes,No automatic selection: Kodepos.dev does not corroborate exactly one local source.,no,,diskominfo:32.05.24.2006;open_data_jabar:32.05.24.2006;kodepos_dev:32.05.24.2006,diskominfo_jabar_village_2024_unreviewed;open_data_jabar_postal_2023;kodepos_dev_rest_api,diskominfo:1751;open_data_jabar:19291;kodepos_dev:1751,2026-08-11,government_sources_agree_api_differs
32.05.24.2007,32,JAWA BARAT,32.05,KAB. GARUT,32.05.24,SINGAJAYA,KARANGAGUNG,,,,,44173,44173,44170,44170;44173,review_required,unresolved,yes,No automatic selection: Kodepos.dev does not corroborate exactly one local source.,no,,diskominfo:32.05.24.2007;open_data_jabar:32.05.24.2007;kodepos_dev:32.05.24.2007,diskominfo_jabar_village_2024_unreviewed;open_data_jabar_postal_2023;kodepos_dev_rest_api,diskominfo:1752;open_data_jabar:19293;kodepos_dev:1752,2026-08-11,government_sources_agree_api_differs
32.05.24.2008,32,JAWA BARAT,32.05,KAB. GARUT,32.05.24,SINGAJAYA,CIGINTUNG,,,,,44173,44173,44170,44170;44173,review_required,unresolved,yes,No automatic selection: Kodepos.dev does not corroborate exactly one local source.,no,,diskominfo:32.05.24.2008;open_data_jabar:32.05.24.2008;kodepos_dev:32.05.24.2008,diskominfo_jabar_village_2024_unreviewed;open_data_jabar_postal_2023;kodepos_dev_rest_api,diskominfo:1753;open_data_jabar:19294;kodepos_dev:1753,2026-08-11,government_sources_agree_api_differs
32.05.24.2009,32,JAWA BARAT,32.05,KAB. GARUT,32.05.24,SINGAJAYA,GIRIMUKTI,,,,,44173,44173,44170,44170;44173,review_required,unresolved,yes,No automatic selection: Kodepos.dev does not corroborate exactly one local source.,no,,diskominfo:32.05.24.2009;open_data_jabar:32.05.24.2009;kodepos_dev:32.05.24.2009,diskominfo_jabar_village_2024_unreviewed;open_data_jabar_postal_2023;kodepos_dev_rest_api,diskominfo:1754;open_data_jabar:19295;kodepos_dev:1754,2026-08-11,government_sources_agree_api_differs
32.05.35.2001,32,JAWA BARAT,32.05,KAB. GARUT,32.05.35,CISEWU,CISEWU,,,,,44166,44166,44169,44166;44169,review_required,unresolved,yes,No automatic selection: Kodepos.dev does not corroborate exactly one local source.,no,,diskominfo:32.05.35.2001;open_data_jabar:32.05.35.2001;kodepos_dev:32.05.35.2001,diskominfo_jabar_village_2024_unreviewed;open_data_jabar_postal_2023;kodepos_dev_rest_api,diskominfo:1842;open_data_jabar:19393;kodepos_dev:1842,2026-08-11,government_sources_agree_api_differs
32.05.35.2002,32,JAWA BARAT,32.05,KAB. GARUT,32.05.35,CISEWU,GIRIMUKTI,,,,,44166,44166,44169,44166;44169,review_required,unresolved,yes,No automatic selection: Kodepos.dev does not corroborate exactly one local source.,no,,diskominfo:32.05.35.2002;open_data_jabar:32.05.35.2002;kodepos_dev:32.05.35.2002,diskominfo_jabar_village_2024_unreviewed;open_data_jabar_postal_2023;kodepos_dev_rest_api,diskominfo:1843;open_data_jabar:19394;kodepos_dev:1843,2026-08-11,government_sources_agree_api_differs
32.05.35.2003,32,JAWA BARAT,32.05,KAB. GARUT,32.05.35,CISEWU,PAMALAYAN,,,,,44166,44166,44169,44166;44169,review_required,unresolved,yes,No automatic selection: Kodepos.dev does not corroborate exactly one local source.,no,,diskominfo:32.05.35.2003;open_data_jabar:32.05.35.2003;kodepos_dev:32.05.35.2003,diskominfo_jabar_village_2024_unreviewed;open_data_jabar_postal_2023;kodepos_dev_rest_api,diskominfo:1844;open_data_jabar:19395;kodepos_dev:1844,2026-08-11,government_sources_agree_api_differs
32.05.35.2004,32,JAWA BARAT,32.05,KAB. GARUT,32.05.35,CISEWU,CIKARANG,,,,,44166,44166,44169,44166;44169,review_required,unresolved,yes,No automatic selection: Kodepos.dev does not corroborate exactly one local source.,no,,diskominfo:32.05.35.2004;open_data_jabar:32.05.35.2004;kodepos_dev:32.05.35.2004,diskominfo_jabar_village_2024_unreviewed;open_data_jabar_postal_2023;kodepos_dev_rest_api,diskominfo:1845;open_data_jabar:19396;kodepos_dev:1845,2026-08-11,government_sources_agree_api_differs
32.05.35.2005,32,JAWA BARAT,32.05,KAB. GARUT,32.05.35,CISEWU,SUKAJAYA,,,,,44166,44166,44169,44166;44169,review_required,unresolved,yes,No automatic selection: Kodepos.dev does not corroborate exactly one local source.,no,,diskominfo:32.05.35.2005;open_data_jabar:32.05.35.2005;kodepos_dev:32.05.35.2005,diskominfo_jabar_village_2024_unreviewed;open_data_jabar_postal_2023;kodepos_dev_rest_api,diskominfo:1846;open_data_jabar:19397;kodepos_dev:1846,2026-08-11,government_sources_agree_api_differs
32.05.35.2006,32,JAWA BARAT,32.05,KAB. GARUT,32.05.35,CISEWU,NYALINDUNG,,,,,44166,44166,44169,44166;44169,review_required,unresolved,yes,No automatic selection: Kodepos.dev does not corroborate exactly one local source.,no,,diskominfo:32.05.35.2006;open_data_jabar:32.05.35.2006;kodepos_dev:32.05.35.2006,diskominfo_jabar_village_2024_unreviewed;open_data_jabar_postal_2023;kodepos_dev_rest_api,diskominfo:1847;open_data_jabar:19398;kodepos_dev:1847,2026-08-11,government_sources_agree_api_differs
32.05.35.2007,32,JAWA BARAT,32.05,KAB. GARUT,32.05.35,CISEWU,KARANGSEWU,,,,,44166,44166,44169,44166;44169,review_required,unresolved,yes,No automatic selection: Kodepos.dev does not corroborate exactly one local source.,no,,diskominfo:32.05.35.2007;open_data_jabar:32.05.35.2007;kodepos_dev:32.05.35.2007,diskominfo_jabar_village_2024_unreviewed;open_data_jabar_postal_2023;kodepos_dev_rest_api,diskominfo:1848;open_data_jabar:19399;kodepos_dev:1848,2026-08-11,government_sources_agree_api_differs
32.05.35.2008,32,JAWA BARAT,32.05,KAB. GARUT,32.05.35,CISEWU,MEKARSEWU,,,,,44166,44166,44169,44166;44169,review_required,unresolved,yes,No automatic selection: Kodepos.dev does not corroborate exactly one local source.,no,,diskominfo:32.05.35.2008;open_data_jabar:32.05.35.2008;kodepos_dev:32.05.35.2008,diskominfo_jabar_village_2024_unreviewed;open_data_jabar_postal_2023;kodepos_dev_rest_api,diskominfo:1849;open_data_jabar:19400;kodepos_dev:1849,2026-08-11,government_sources_agree_api_differs
32.05.35.2009,32,JAWA BARAT,32.05,KAB. GARUT,32.05.35,CISEWU,PANGGALIH,,,,,44166,44166,44169,44166;44169,review_required,unresolved,yes,No automatic selection: Kodepos.dev does not corroborate exactly one local source.,no,,diskominfo:32.05.35.2009;open_data_jabar:32.05.35.2009;kodepos_dev:32.05.35.2009,diskominfo_jabar_village_2024_unreviewed;open_data_jabar_postal_2023;kodepos_dev_rest_api,diskominfo:1850;open_data_jabar:19401;kodepos_dev:1850,2026-08-11,government_sources_agree_api_differs
32.05.36.2006,32,JAWA BARAT,32.05,KAB. GARUT,32.05.36,CARINGIN,SAMUDERAJAYA,,,,,44169,44169,44166,44166;44169,review_required,unresolved,yes,No automatic selection: Kodepos.dev does not corroborate exactly one local source.,no,,diskominfo:32.05.36.2006;open_data_jabar:32.05.36.2006;kodepos_dev:32.05.36.2006,diskominfo_jabar_village_2024_unreviewed;open_data_jabar_postal_2023;kodepos_dev_rest_api,diskominfo:1856;open_data_jabar:19408;kodepos_dev:1856,2026-08-11,government_sources_agree_api_differs
32.06.07.2007,32,JAWA BARAT,32.06,KAB. TASIKMALAYA,32.06.07,PARUNGPONTENG,GIRIKENCANA,,,,,46476,46476,46189,46189;46476,review_required,unresolved,yes,No automatic selection: Kodepos.dev does not corroborate exactly one local source.,no,,diskominfo:32.06.07.2007;open_data_jabar:32.06.07.2007;kodepos_dev:32.06.07.2007,diskominfo_jabar_village_2024_unreviewed;open_data_jabar_postal_2023;kodepos_dev_rest_api,diskominfo:1979;open_data_jabar:19544;kodepos_dev:1979,2026-08-11,government_sources_agree_api_differs
32.06.11.2001,32,JAWA BARAT,32.06,KAB. TASIKMALAYA,32.06.11,BOJONGGAMBIR,BOJONGKAPOL,,,,,46475,46475,46476,46475;46476,review_required,unresolved,yes,No automatic selection: Kodepos.dev does not corroborate exactly one local source.,no,,diskominfo:32.06.11.2001;open_data_jabar:32.06.11.2001;kodepos_dev:32.06.11.2001,diskominfo_jabar_village_2024_unreviewed;open_data_jabar_postal_2023;kodepos_dev_rest_api,diskominfo:2000;open_data_jabar:19568;kodepos_dev:2000,2026-08-11,government_sources_agree_api_differs
32.06.11.2002,32,JAWA BARAT,32.06,KAB. TASIKMALAYA,32.06.11,BOJONGGAMBIR,PEDANGKAMULYAN,,,,,46475,46475,46476,46475;46476,review_required,unresolved,yes,No automatic selection: Kodepos.dev does not corroborate exactly one local source.,no,,diskominfo:32.06.11.2002;open_data_jabar:32.06.11.2002;kodepos_dev:32.06.11.2002,diskominfo_jabar_village_2024_unreviewed;open_data_jabar_postal_2023;kodepos_dev_rest_api,diskominfo:2001;open_data_jabar:19569;kodepos_dev:2001,2026-08-11,government_sources_agree_api_differs
32.06.11.2003,32,JAWA BARAT,32.06,KAB. TASIKMALAYA,32.06.11,BOJONGGAMBIR,BOJONGGAMBIR,,,,,46475,46475,46476,46475;46476,review_required,unresolved,yes,No automatic selection: Kodepos.dev does not corroborate exactly one local source.,no,,diskominfo:32.06.11.2003;open_data_jabar:32.06.11.2003;kodepos_dev:32.06.11.2003,diskominfo_jabar_village_2024_unreviewed;open_data_jabar_postal_2023;kodepos_dev_rest_api,diskominfo:2002;open_data_jabar:19571;kodepos_dev:2002,2026-08-11,government_sources_agree_api_differs
32.06.11.2004,32,JAWA BARAT,32.06,KAB. TASIKMALAYA,32.06.11,BOJONGGAMBIR,CIROYOM,,,,,46475,46475,46476,46475;46476,review_required,unresolved,yes,No automatic selection: Kodepos.dev does not corroborate exactly one local source.,no,,diskominfo:32.06.11.2004;open_data_jabar:32.06.11.2004;kodepos_dev:32.06.11.2004,diskominfo_jabar_village_2024_unreviewed;open_data_jabar_postal_2023;kodepos_dev_rest_api,diskominfo:2003;open_data_jabar:19572;kodepos_dev:2003,2026-08-11,government_sources_agree_api_differs
32.06.11.2005,32,JAWA BARAT,32.06,KAB. TASIKMALAYA,32.06.11,BOJONGGAMBIR,WANDASARI,,,,,46475,46475,46476,46475;46476,review_required,unresolved,yes,No automatic selection: Kodepos.dev does not corroborate exactly one local source.,no,,diskominfo:32.06.11.2005;open_data_jabar:32.06.11.2005;kodepos_dev:32.06.11.2005,diskominfo_jabar_village_2024_unreviewed;open_data_jabar_postal_2023;kodepos_dev_rest_api,diskominfo:2004;open_data_jabar:19573;kodepos_dev:2004,2026-08-11,government_sources_agree_api_differs
32.06.11.2006,32,JAWA BARAT,32.06,KAB. TASIKMALAYA,32.06.11,BOJONGGAMBIR,CAMPAKASARI,,,,,46475,46475,46476,46475;46476,review_required,unresolved,yes,No automatic selection: Kodepos.dev does not corroborate exactly one local source.,no,,diskominfo:32.06.11.2006;open_data_jabar:32.06.11.2006;kodepos_dev:32.06.11.2006,diskominfo_jabar_village_2024_unreviewed;open_data_jabar_postal_2023;kodepos_dev_rest_api,diskominfo:2005;open_data_jabar:19574;kodepos_dev:2005,2026-08-11,government_sources_agree_api_differs
32.06.11.2007,32,JAWA BARAT,32.06,KAB. TASIKMALAYA,32.06.11,BOJONGGAMBIR,MANGKONJAYA,,,,,46475,46475,46476,46475;46476,review_required,unresolved,yes,No automatic selection: Kodepos.dev does not corroborate exactly one local source.,no,,diskominfo:32.06.11.2007;open_data_jabar:32.06.11.2007;kodepos_dev:32.06.11.2007,diskominfo_jabar_village_2024_unreviewed;open_data_jabar_postal_2023;kodepos_dev_rest_api,diskominfo:2006;open_data_jabar:19575;kodepos_dev:2006,2026-08-11,government_sources_agree_api_differs
32.06.11.2008,32,JAWA BARAT,32.06,KAB. TASIKMALAYA,32.06.11,BOJONGGAMBIR,KERTANEGLA,,,,,46475,46475,46476,46475;46476,review_required,unresolved,yes,No automatic selection: Kodepos.dev does not corroborate exactly one local source.,no,,diskominfo:32.06.11.2008;open_data_jabar:32.06.11.2008;kodepos_dev:32.06.11.2008,diskominfo_jabar_village_2024_unreviewed;open_data_jabar_postal_2023;kodepos_dev_rest_api,diskominfo:2007;open_data_jabar:19576;kodepos_dev:2007,2026-08-11,government_sources_agree_api_differs
32.06.11.2009,32,JAWA BARAT,32.06,KAB. TASIKMALAYA,32.06.11,BOJONGGAMBIR,PURWARAHARJA,,,,,46475,46475,46476,46475;46476,review_required,unresolved,yes,No automatic selection: Kodepos.dev does not corroborate exactly one local source.,no,,diskominfo:32.06.11.2009;open_data_jabar:32.06.11.2009;kodepos_dev:32.06.11.2009,diskominfo_jabar_village_2024_unreviewed;open_data_jabar_postal_2023;kodepos_dev_rest_api,diskominfo:2008;open_data_jabar:19577;kodepos_dev:2008,2026-08-11,government_sources_agree_api_differs
32.06.11.2010,32,JAWA BARAT,32.06,KAB. TASIKMALAYA,32.06.11,BOJONGGAMBIR,GIRIMUKTI,,,,,46475,46475,46476,46475;46476,review_required,unresolved,yes,No automatic selection: Kodepos.dev does not corroborate exactly one local source.,no,,diskominfo:32.06.11.2010;open_data_jabar:32.06.11.2010;kodepos_dev:32.06.11.2010,diskominfo_jabar_village_2024_unreviewed;open_data_jabar_postal_2023;kodepos_dev_rest_api,diskominfo:2009;open_data_jabar:19578;kodepos_dev:2009,2026-08-11,government_sources_agree_api_differs
32.06.14.2001,32,JAWA BARAT,32.06,KAB. TASIKMALAYA,32.06.14,SALAWU,JAHIANG,,,,,46471,46471,46472,46471;46472,review_required,unresolved,yes,No automatic selection: Kodepos.dev does not corroborate exactly one local source.,no,,diskominfo:32.06.14.2001;open_data_jabar:32.06.14.2001;kodepos_dev:32.06.14.2001,diskominfo_jabar_village_2024_unreviewed;open_data_jabar_postal_2023;kodepos_dev_rest_api,diskominfo:2031;open_data_jabar:19602;kodepos_dev:2031,2026-08-11,government_sources_agree_api_differs
32.06.14.2002,32,JAWA BARAT,32.06,KAB. TASIKMALAYA,32.06.14,SALAWU,SERANG,,,,,46471,46471,46472,46471;46472,review_required,unresolved,yes,No automatic selection: Kodepos.dev does not corroborate exactly one local source.,no,,diskominfo:32.06.14.2002;open_data_jabar:32.06.14.2002;kodepos_dev:32.06.14.2002,diskominfo_jabar_village_2024_unreviewed;open_data_jabar_postal_2023;kodepos_dev_rest_api,diskominfo:2032;open_data_jabar:19604;kodepos_dev:2032,2026-08-11,government_sources_agree_api_differs
32.06.14.2003,32,JAWA BARAT,32.06,KAB. TASIKMALAYA,32.06.14,SALAWU,SALAWU,,,,,46471,46471,46472,46471;46472,review_required,unresolved,yes,No automatic selection: Kodepos.dev does not corroborate exactly one local source.,no,,diskominfo:32.06.14.2003;open_data_jabar:32.06.14.2003;kodepos_dev:32.06.14.2003,diskominfo_jabar_village_2024_unreviewed;open_data_jabar_postal_2023;kodepos_dev_rest_api,diskominfo:2033;open_data_jabar:19605;kodepos_dev:2033,2026-08-11,government_sources_agree_api_differs
32.06.14.2004,32,JAWA BARAT,32.06,KAB. TASIKMALAYA,32.06.14,SALAWU,NEGLASARI,,,,,46471,46471,46472,46471;46472,review_required,unresolved,yes,No automatic selection: Kodepos.dev does not corroborate exactly one local source.,no,,diskominfo:32.06.14.2004;open_data_jabar:32.06.14.2004;kodepos_dev:32.06.14.2004,diskominfo_jabar_village_2024_unreviewed;open_data_jabar_postal_2023;kodepos_dev_rest_api,diskominfo:2034;open_data_jabar:19606;kodepos_dev:2034,2026-08-11,government_sources_agree_api_differs
32.06.14.2005,32,JAWA BARAT,32.06,KAB. TASIKMALAYA,32.06.14,SALAWU,TANJUNGSARI,,,,,46471,46471,46472,46471;46472,review_required,unresolved,yes,No automatic selection: Kodepos.dev does not corroborate exactly one local source.,no,,diskominfo:32.06.14.2005;open_data_jabar:32.06.14.2005;kodepos_dev:32.06.14.2005,diskominfo_jabar_village_2024_unreviewed;open_data_jabar_postal_2023;kodepos_dev_rest_api,diskominfo:2035;open_data_jabar:19607;kodepos_dev:2035,2026-08-11,government_sources_agree_api_differs
32.06.14.2006,32,JAWA BARAT,32.06,KAB. TASIKMALAYA,32.06.14,SALAWU,TENJOWARINGIN,,,,,46471,46471,46472,46471;46472,review_required,unresolved,yes,No automatic selection: Kodepos.dev does not corroborate exactly one local source.,no,,diskominfo:32.06.14.2006;open_data_jabar:32.06.14.2006;kodepos_dev:32.06.14.2006,diskominfo_jabar_village_2024_unreviewed;open_data_jabar_postal_2023;kodepos_dev_rest_api,diskominfo:2036;open_data_jabar:19608;kodepos_dev:2036,2026-08-11,government_sources_agree_api_differs
32.06.14.2007,32,JAWA BARAT,32.06,KAB. TASIKMALAYA,32.06.14,SALAWU,SUNDAWENANG,,,,,46471,46471,46472,46471;46472,review_required,unresolved,yes,No automatic selection: Kodepos.dev does not corroborate exactly one local source.,no,,diskominfo:32.06.14.2007;open_data_jabar:32.06.14.2007;kodepos_dev:32.06.14.2007,diskominfo_jabar_village_2024_unreviewed;open_data_jabar_postal_2023;kodepos_dev_rest_api,diskominfo:2037;open_data_jabar:19609;kodepos_dev:2037,2026-08-11,government_sources_agree_api_differs
32.06.14.2008,32,JAWA BARAT,32.06,KAB. TASIKMALAYA,32.06.14,SALAWU,KAWUNGSARI,,,,,46471,46471,46472,46471;46472,review_required,unresolved,yes,No automatic selection: Kodepos.dev does not corroborate exactly one local source.,no,,diskominfo:32.06.14.2008;open_data_jabar:32.06.14.2008;kodepos_dev:32.06.14.2008,diskominfo_jabar_village_2024_unreviewed;open_data_jabar_postal_2023;kodepos_dev_rest_api,diskominfo:2038;open_data_jabar:19610;kodepos_dev:2038,2026-08-11,government_sources_agree_api_differs
32.06.14.2009,32,JAWA BARAT,32.06,KAB. TASIKMALAYA,32.06.14,SALAWU,SUKARASA,,,,,46471,46471,46472,46471;46472,review_required,unresolved,yes,No automatic selection: Kodepos.dev does not corroborate exactly one local source.,no,,diskominfo:32.06.14.2009;open_data_jabar:32.06.14.2009;kodepos_dev:32.06.14.2009,diskominfo_jabar_village_2024_unreviewed;open_data_jabar_postal_2023;kodepos_dev_rest_api,diskominfo:2039;open_data_jabar:19611;kodepos_dev:2039,2026-08-11,government_sources_agree_api_differs
32.06.14.2010,32,JAWA BARAT,32.06,KAB. TASIKMALAYA,32.06.14,SALAWU,KUTAWARINGIN,,,,,46471,46471,46472,46471;46472,review_required,unresolved,yes,No automatic selection: Kodepos.dev does not corroborate exactly one local source.,no,,diskominfo:32.06.14.2010;open_data_jabar:32.06.14.2010;kodepos_dev:32.06.14.2010,diskominfo_jabar_village_2024_unreviewed;open_data_jabar_postal_2023;kodepos_dev_rest_api,diskominfo:2040;open_data_jabar:19612;kodepos_dev:2040,2026-08-11,government_sources_agree_api_differs
32.06.14.2011,32,JAWA BARAT,32.06,KAB. TASIKMALAYA,32.06.14,SALAWU,KARANGMUKTI,,,,,46471,46471,46472,46471;46472,review_required,unresolved,yes,No automatic selection: Kodepos.dev does not corroborate exactly one local source.,no,,diskominfo:32.06.14.2011;open_data_jabar:32.06.14.2011;kodepos_dev:32.06.14.2011,diskominfo_jabar_village_2024_unreviewed;open_data_jabar_postal_2023;kodepos_dev_rest_api,diskominfo:2041;open_data_jabar:19613;kodepos_dev:2041,2026-08-11,government_sources_agree_api_differs
32.06.14.2012,32,JAWA BARAT,32.06,KAB. TASIKMALAYA,32.06.14,SALAWU,MARGALAKSANA,,,,,46471,46471,46472,46471;46472,review_required,unresolved,yes,No automatic selection: Kodepos.dev does not corroborate exactly one local source.,no,,diskominfo:32.06.14.2012;open_data_jabar:32.06.14.2012;kodepos_dev:32.06.14.2012,diskominfo_jabar_village_2024_unreviewed;open_data_jabar_postal_2023;kodepos_dev_rest_api,diskominfo:2042;open_data_jabar:19615;kodepos_dev:2042,2026-08-11,government_sources_agree_api_differs
32.06.19.2011,32,JAWA BARAT,32.06,KAB. TASIKMALAYA,32.06.19,JATIWARAS,MANDALAHURIP,,,,,46491,46491,46180,46180;46491,review_required,unresolved,yes,No automatic selection: Kodepos.dev does not corroborate exactly one local source.,no,,diskominfo:32.06.19.2011;open_data_jabar:32.06.19.2011;kodepos_dev:32.06.19.2011,diskominfo_jabar_village_2024_unreviewed;open_data_jabar_postal_2023;kodepos_dev_rest_api,diskominfo:2085;open_data_jabar:19662;kodepos_dev:2085,2026-08-11,government_sources_agree_api_differs
32.06.23.2001,32,JAWA BARAT,32.06,KAB. TASIKMALAYA,32.06.23,GUNUNG TANJUNG,CINUNJANG,,,,,46496,46496,46418,46418;46496,review_required,unresolved,yes,No automatic selection: Kodepos.dev does not corroborate exactly one local source.,no,,diskominfo:32.06.23.2001;open_data_jabar:32.06.23.2001;kodepos_dev:32.06.23.2001,diskominfo_jabar_village_2024_unreviewed;open_data_jabar_postal_2023;kodepos_dev_rest_api,diskominfo:2112;open_data_jabar:19693;kodepos_dev:2112,2026-08-11,government_sources_agree_api_differs
32.06.23.2002,32,JAWA BARAT,32.06,KAB. TASIKMALAYA,32.06.23,GUNUNG TANJUNG,GUNUNGTANJUNG,,,,,46496,46496,46418,46418;46496,review_required,unresolved,yes,No automatic selection: Kodepos.dev does not corroborate exactly one local source.,no,,diskominfo:32.06.23.2002;open_data_jabar:32.06.23.2002;kodepos_dev:32.06.23.2002,diskominfo_jabar_village_2024_unreviewed;open_data_jabar_postal_2023;kodepos_dev_rest_api,diskominfo:2113;open_data_jabar:19694;kodepos_dev:2113,2026-08-11,government_sources_agree_api_differs
32.06.23.2003,32,JAWA BARAT,32.06,KAB. TASIKMALAYA,32.06.23,GUNUNG TANJUNG,BOJONGSARI,,,,,46496,46496,46418,46418;46496,review_required,unresolved,yes,No automatic selection: Kodepos.dev does not corroborate exactly one local source.,no,,diskominfo:32.06.23.2003;open_data_jabar:32.06.23.2003;kodepos_dev:32.06.23.2003,diskominfo_jabar_village_2024_unreviewed;open_data_jabar_postal_2023;kodepos_dev_rest_api,diskominfo:2114;open_data_jabar:19695;kodepos_dev:2114,2026-08-11,government_sources_agree_api_differs
32.06.23.2004,32,JAWA BARAT,32.06,KAB. TASIKMALAYA,32.06.23,GUNUNG TANJUNG,JATIJAYA,,,,,46496,46496,46418,46418;46496,review_required,unresolved,yes,No automatic selection: Kodepos.dev does not corroborate exactly one local source.,no,,diskominfo:32.06.23.2004;open_data_jabar:32.06.23.2004;kodepos_dev:32.06.23.2004,diskominfo_jabar_village_2024_unreviewed;open_data_jabar_postal_2023;kodepos_dev_rest_api,diskominfo:2115;open_data_jabar:19696;kodepos_dev:2115,2026-08-11,government_sources_agree_api_differs
32.06.23.2006,32,JAWA BARAT,32.06,KAB. TASIKMALAYA,32.06.23,GUNUNG TANJUNG,GIRIWANGI,,,,,46496,46496,46418,46418;46496,review_required,unresolved,yes,No automatic selection: Kodepos.dev does not corroborate exactly one local source.,no,,diskominfo:32.06.23.2006;open_data_jabar:32.06.23.2006;kodepos_dev:32.06.23.2006,diskominfo_jabar_village_2024_unreviewed;open_data_jabar_postal_2023;kodepos_dev_rest_api,diskominfo:2117;open_data_jabar:19698;kodepos_dev:2117,2026-08-11,government_sources_agree_api_differs
32.06.23.2007,32,JAWA BARAT,32.06,KAB. TASIKMALAYA,32.06.23,GUNUNG TANJUNG,MALATISUKA,,,,,46496,46496,46418,46418;46496,review_required,unresolved,yes,No automatic selection: Kodepos.dev does not corroborate exactly one local source.,no,,diskominfo:32.06.23.2007;open_data_jabar:32.06.23.2007;kodepos_dev:32.06.23.2007,diskominfo_jabar_village_2024_unreviewed;open_data_jabar_postal_2023;kodepos_dev_rest_api,diskominfo:2118;open_data_jabar:19699;kodepos_dev:2118,2026-08-11,government_sources_agree_api_differs
32.08.13.2006,32,JAWA BARAT,32.08,KAB. KUNINGAN,32.08.13,CILIMUS,BANDORASA WETAN,,,,,45556,45556,45551,45551;45556,review_required,unresolved,yes,No automatic selection: Kodepos.dev does not corroborate exactly one local source.,no,,diskominfo:32.08.13.2006;open_data_jabar:32.08.13.2006;kodepos_dev:32.08.13.2006,diskominfo_jabar_village_2024_unreviewed;open_data_jabar_postal_2023;kodepos_dev_rest_api,diskominfo:2684;open_data_jabar:20328;kodepos_dev:2684,2026-08-11,government_sources_agree_api_differs
32.08.13.2007,32,JAWA BARAT,32.08,KAB. KUNINGAN,32.08.13,CILIMUS,BANDORASA KULON,,,,,45556,45556,45551,45551;45556,review_required,unresolved,yes,No automatic selection: Kodepos.dev does not corroborate exactly one local source.,no,,diskominfo:32.08.13.2007;open_data_jabar:32.08.13.2007;kodepos_dev:32.08.13.2007,diskominfo_jabar_village_2024_unreviewed;open_data_jabar_postal_2023;kodepos_dev_rest_api,diskominfo:2685;open_data_jabar:20329;kodepos_dev:2685,2026-08-11,government_sources_agree_api_differs
32.08.13.2008,32,JAWA BARAT,32.08,KAB. KUNINGAN,32.08.13,CILIMUS,LINGGASANA,,,,,45556,45556,45551,45551;45556,review_required,unresolved,yes,No automatic selection: Kodepos.dev does not corroborate exactly one local source.,no,,diskominfo:32.08.13.2008;open_data_jabar:32.08.13.2008;kodepos_dev:32.08.13.2008,diskominfo_jabar_village_2024_unreviewed;open_data_jabar_postal_2023;kodepos_dev_rest_api,diskominfo:2686;open_data_jabar:20330;kodepos_dev:2686,2026-08-11,government_sources_agree_api_differs
32.08.13.2009,32,JAWA BARAT,32.08,KAB. KUNINGAN,32.08.13,CILIMUS,LINGGARJATI,,,,,45556,45556,45551,45551;45556,review_required,unresolved,yes,No automatic selection: Kodepos.dev does not corroborate exactly one local source.,no,,diskominfo:32.08.13.2009;open_data_jabar:32.08.13.2009;kodepos_dev:32.08.13.2009,diskominfo_jabar_village_2024_unreviewed;open_data_jabar_postal_2023;kodepos_dev_rest_api,diskominfo:2687;open_data_jabar:20331;kodepos_dev:2687,2026-08-11,government_sources_agree_api_differs
32.08.13.2010,32,JAWA BARAT,32.08,KAB. KUNINGAN,32.08.13,CILIMUS,BOJONG,,,,,45556,45556,45551,45551;45556,review_required,unresolved,yes,No automatic selection: Kodepos.dev does not corroborate exactly one local source.,no,,diskominfo:32.08.13.2010;open_data_jabar:32.08.13.2010;kodepos_dev:32.08.13.2010,diskominfo_jabar_village_2024_unreviewed;open_data_jabar_postal_2023;kodepos_dev_rest_api,diskominfo:2688;open_data_jabar:20332;kodepos_dev:2688,2026-08-11,government_sources_agree_api_differs
32.08.13.2015,32,JAWA BARAT,32.08,KAB. KUNINGAN,32.08.13,CILIMUS,CILIMUS,,,,,45556,45556,45551,45551;45556,review_required,unresolved,yes,No automatic selection: Kodepos.dev does not corroborate exactly one local source.,no,,diskominfo:32.08.13.2015;open_data_jabar:32.08.13.2015;kodepos_dev:32.08.13.2015,diskominfo_jabar_village_2024_unreviewed;open_data_jabar_postal_2023;kodepos_dev_rest_api,diskominfo:2689;open_data_jabar:20333;kodepos_dev:2689,2026-08-11,government_sources_agree_api_differs
32.08.13.2016,32,JAWA BARAT,32.08,KAB. KUNINGAN,32.08.13,CILIMUS,SETIANEGARA,,,,,45556,45556,45551,45551;45556,review_required,unresolved,yes,No automatic selection: Kodepos.dev does not corroborate exactly one local source.,no,,diskominfo:32.08.13.2016;open_data_jabar:32.08.13.2016;kodepos_dev:32.08.13.2016,diskominfo_jabar_village_2024_unreviewed;open_data_jabar_postal_2023;kodepos_dev_rest_api,diskominfo:2690;open_data_jabar:20334;kodepos_dev:2690,2026-08-11,government_sources_agree_api_differs
32.08.13.2017,32,JAWA BARAT,32.08,KAB. KUNINGAN,32.08.13,CILIMUS,CIBEUREUM,,,,,45556,45556,45551,45551;45556,review_required,unresolved,yes,No automatic selection: Kodepos.dev does not corroborate exactly one local source.,no,,diskominfo:32.08.13.2017;open_data_jabar:32.08.13.2017;kodepos_dev:32.08.13.2017,diskominfo_jabar_village_2024_unreviewed;open_data_jabar_postal_2023;kodepos_dev_rest_api,diskominfo:2691;open_data_jabar:20335;kodepos_dev:2691,2026-08-11,government_sources_agree_api_differs
32.08.13.2018,32,JAWA BARAT,32.08,KAB. KUNINGAN,32.08.13,CILIMUS,KALIAREN,,,,,45556,45556,45551,45551;45556,review_required,unresolved,yes,No automatic selection: Kodepos.dev does not corroborate exactly one local source.,no,,diskominfo:32.08.13.2018;open_data_jabar:32.08.13.2018;kodepos_dev:32.08.13.2018,diskominfo_jabar_village_2024_unreviewed;open_data_jabar_postal_2023;kodepos_dev_rest_api,diskominfo:2692;open_data_jabar:20338;kodepos_dev:2692,2026-08-11,government_sources_agree_api_differs
32.08.13.2019,32,JAWA BARAT,32.08,KAB. KUNINGAN,32.08.13,CILIMUS,SAMPORA,,,,,45556,45556,45551,45551;45556,review_required,unresolved,yes,No automatic selection: Kodepos.dev does not corroborate exactly one local source.,no,,diskominfo:32.08.13.2019;open_data_jabar:32.08.13.2019;kodepos_dev:32.08.13.2019,diskominfo_jabar_village_2024_unreviewed;open_data_jabar_postal_2023;kodepos_dev_rest_api,diskominfo:2693;open_data_jabar:20339;kodepos_dev:2693,2026-08-11,government_sources_agree_api_differs
32.08.13.2020,32,JAWA BARAT,32.08,KAB. KUNINGAN,32.08.13,CILIMUS,CARACAS,,,,,45556,45556,45551,45551;45556,review_required,unresolved,yes,No automatic selection: Kodepos.dev does not corroborate exactly one local source.,no,,diskominfo:32.08.13.2020;open_data_jabar:32.08.13.2020;kodepos_dev:32.08.13.2020,diskominfo_jabar_village_2024_unreviewed;open_data_jabar_postal_2023;kodepos_dev_rest_api,diskominfo:2694;open_data_jabar:20340;kodepos_dev:2694,2026-08-11,government_sources_agree_api_differs
32.08.13.2023,32,JAWA BARAT,32.08,KAB. KUNINGAN,32.08.13,CILIMUS,LINGGAMEKAR,,,,,45556,45556,45551,45551;45556,review_required,unresolved,yes,No automatic selection: Kodepos.dev does not corroborate exactly one local source.,no,,diskominfo:32.08.13.2023;open_data_jabar:32.08.13.2023;kodepos_dev:32.08.13.2023,diskominfo_jabar_village_2024_unreviewed;open_data_jabar_postal_2023;kodepos_dev_rest_api,diskominfo:2695;open_data_jabar:20341;kodepos_dev:2695,2026-08-11,government_sources_agree_api_differs
32.08.13.2024,32,JAWA BARAT,32.08,KAB. KUNINGAN,32.08.13,CILIMUS,LINGGAINDAH,,,,,45556,45556,45551,45551;45556,review_required,unresolved,yes,No automatic selection: Kodepos.dev does not corroborate exactly one local source.,no,,diskominfo:32.08.13.2024;open_data_jabar:32.08.13.2024;kodepos_dev:32.08.13.2024,diskominfo_jabar_village_2024_unreviewed;open_data_jabar_postal_2023;kodepos_dev_rest_api,diskominfo:2696;open_data_jabar:20342;kodepos_dev:2696,2026-08-11,government_sources_agree_api_differs
32.09.05.2004,32,JAWA BARAT,32.09,KAB. CIREBON,32.09.05,BABAKAN,GEMBONGAN MEKAR,,,,,45691,45691,45191,45191;45691,review_required,unresolved,yes,No automatic selection: Kodepos.dev does not corroborate exactly one local source.,no,,diskominfo:32.09.05.2004;open_data_jabar:32.09.05.2004;kodepos_dev:32.09.05.2004,diskominfo_jabar_village_2024_unreviewed;open_data_jabar_postal_2023;kodepos_dev_rest_api,diskominfo:2945;open_data_jabar:20618;kodepos_dev:2945,2026-08-11,government_sources_agree_api_differs
32.09.05.2006,32,JAWA BARAT,32.09,KAB. CIREBON,32.09.05,BABAKAN,BABAKAN GEBANG,,,,,45691,45691,45191,45191;45691,review_required,unresolved,yes,No automatic selection: Kodepos.dev does not corroborate exactly one local source.,no,,diskominfo:32.09.05.2006;open_data_jabar:32.09.05.2006;kodepos_dev:32.09.05.2006,diskominfo_jabar_village_2024_unreviewed;open_data_jabar_postal_2023;kodepos_dev_rest_api,diskominfo:2947;open_data_jabar:20620;kodepos_dev:2947,2026-08-11,government_sources_agree_api_differs
32.09.08.2001,32,JAWA BARAT,32.09,KAB. CIREBON,32.09.08,SUSUKAN LEBAK,KARANGAMANGU,,,,,45685,45685,45185,45185;45685,review_required,unresolved,yes,No automatic selection: Kodepos.dev does not corroborate exactly one local source.,no,,diskominfo:32.09.08.2001;open_data_jabar:32.09.08.2001;kodepos_dev:32.09.08.2001,diskominfo_jabar_village_2024_unreviewed;open_data_jabar_postal_2023;kodepos_dev_rest_api,diskominfo:2977;open_data_jabar:20653;kodepos_dev:2977,2026-08-11,government_sources_agree_api_differs
32.09.08.2002,32,JAWA BARAT,32.09,KAB. CIREBON,32.09.08,SUSUKAN LEBAK,SUSUKAN LEBAK,,,,,45685,45685,45185,45185;45685,review_required,unresolved,yes,No automatic selection: Kodepos.dev does not corroborate exactly one local source.,no,,diskominfo:32.09.08.2002;open_data_jabar:32.09.08.2002;kodepos_dev:32.09.08.2002,diskominfo_jabar_village_2024_unreviewed;open_data_jabar_postal_2023;kodepos_dev_rest_api,diskominfo:2978;open_data_jabar:20654;kodepos_dev:2978,2026-08-11,government_sources_agree_api_differs
32.09.08.2003,32,JAWA BARAT,32.09,KAB. CIREBON,32.09.08,SUSUKAN LEBAK,SUSUKAN AGUNG,,,,,45685,45685,45185,45185;45685,review_required,unresolved,yes,No automatic selection: Kodepos.dev does not corroborate exactly one local source.,no,,diskominfo:32.09.08.2003;open_data_jabar:32.09.08.2003;kodepos_dev:32.09.08.2003,diskominfo_jabar_village_2024_unreviewed;open_data_jabar_postal_2023;kodepos_dev_rest_api,diskominfo:2979;open_data_jabar:20655;kodepos_dev:2979,2026-08-11,government_sources_agree_api_differs
32.09.08.2004,32,JAWA BARAT,32.09,KAB. CIREBON,32.09.08,SUSUKAN LEBAK,SUSUKAN TONGGOH,,,,,45685,45685,45185,45185;45685,review_required,unresolved,yes,No automatic selection: Kodepos.dev does not corroborate exactly one local source.,no,,diskominfo:32.09.08.2004;open_data_jabar:32.09.08.2004;kodepos_dev:32.09.08.2004,diskominfo_jabar_village_2024_unreviewed;open_data_jabar_postal_2023;kodepos_dev_rest_api,diskominfo:2980;open_data_jabar:20656;kodepos_dev:2980,2026-08-11,government_sources_agree_api_differs
32.09.08.2005,32,JAWA BARAT,32.09,KAB. CIREBON,32.09.08,SUSUKAN LEBAK,WILULANG,,,,,45685,45685,45185,45185;45685,review_required,unresolved,yes,No automatic selection: Kodepos.dev does not corroborate exactly one local source.,no,,diskominfo:32.09.08.2005;open_data_jabar:32.09.08.2005;kodepos_dev:32.09.08.2005,diskominfo_jabar_village_2024_unreviewed;open_data_jabar_postal_2023;kodepos_dev_rest_api,diskominfo:2981;open_data_jabar:20657;kodepos_dev:2981,2026-08-11,government_sources_agree_api_differs
32.09.08.2006,32,JAWA BARAT,32.09,KAB. CIREBON,32.09.08,SUSUKAN LEBAK,SAMPIH,,,,,45685,45685,45185,45185;45685,review_required,unresolved,yes,No automatic selection: Kodepos.dev does not corroborate exactly one local source.,no,,diskominfo:32.09.08.2006;open_data_jabar:32.09.08.2006;kodepos_dev:32.09.08.2006,diskominfo_jabar_village_2024_unreviewed;open_data_jabar_postal_2023;kodepos_dev_rest_api,diskominfo:2982;open_data_jabar:20659;kodepos_dev:2982,2026-08-11,government_sources_agree_api_differs
32.09.08.2007,32,JAWA BARAT,32.09,KAB. CIREBON,32.09.08,SUSUKAN LEBAK,PASAWAHAN,,,,,45685,45685,45185,45185;45685,review_required,unresolved,yes,No automatic selection: Kodepos.dev does not corroborate exactly one local source.,no,,diskominfo:32.09.08.2007;open_data_jabar:32.09.08.2007;kodepos_dev:32.09.08.2007,diskominfo_jabar_village_2024_unreviewed;open_data_jabar_postal_2023;kodepos_dev_rest_api,diskominfo:2983;open_data_jabar:20660;kodepos_dev:2983,2026-08-11,government_sources_agree_api_differs
32.09.08.2008,32,JAWA BARAT,32.09,KAB. CIREBON,32.09.08,SUSUKAN LEBAK,CIAWIASIH,,,,,45685,45685,45185,45185;45685,review_required,unresolved,yes,No automatic selection: Kodepos.dev does not corroborate exactly one local source.,no,,diskominfo:32.09.08.2008;open_data_jabar:32.09.08.2008;kodepos_dev:32.09.08.2008,diskominfo_jabar_village_2024_unreviewed;open_data_jabar_postal_2023;kodepos_dev_rest_api,diskominfo:2984;open_data_jabar:20661;kodepos_dev:2984,2026-08-11,government_sources_agree_api_differs
32.09.08.2009,32,JAWA BARAT,32.09,KAB. CIREBON,32.09.08,SUSUKAN LEBAK,CIAWIJAPURA,,,,,45685,45685,45185,45185;45685,review_required,unresolved,yes,No automatic selection: Kodepos.dev does not corroborate exactly one local source.,no,,diskominfo:32.09.08.2009;open_data_jabar:32.09.08.2009;kodepos_dev:32.09.08.2009,diskominfo_jabar_village_2024_unreviewed;open_data_jabar_postal_2023;kodepos_dev_rest_api,diskominfo:2985;open_data_jabar:20662;kodepos_dev:2985,2026-08-11,government_sources_agree_api_differs
32.09.08.2010,32,JAWA BARAT,32.09,KAB. CIREBON,32.09.08,SUSUKAN LEBAK,CURUG,,,,,45685,45685,45185,45185;45685,review_required,unresolved,yes,No automatic selection: Kodepos.dev does not corroborate exactly one local source.,no,,diskominfo:32.09.08.2010;open_data_jabar:32.09.08.2010;kodepos_dev:32.09.08.2010,diskominfo_jabar_village_2024_unreviewed;open_data_jabar_postal_2023;kodepos_dev_rest_api,diskominfo:2986;open_data_jabar:20663;kodepos_dev:2986,2026-08-11,government_sources_agree_api_differs
32.09.08.2011,32,JAWA BARAT,32.09,KAB. CIREBON,32.09.08,SUSUKAN LEBAK,CURUG WETAN,,,,,45685,45685,45185,45185;45685,review_required,unresolved,yes,No automatic selection: Kodepos.dev does not corroborate exactly one local source.,no,,diskominfo:32.09.08.2011;open_data_jabar:32.09.08.2011;kodepos_dev:32.09.08.2011,diskominfo_jabar_village_2024_unreviewed;open_data_jabar_postal_2023;kodepos_dev_rest_api,diskominfo:2987;open_data_jabar:20664;kodepos_dev:2987,2026-08-11,government_sources_agree_api_differs
32.09.08.2012,32,JAWA BARAT,32.09,KAB. CIREBON,32.09.08,SUSUKAN LEBAK,KALIGAWE WETAN,,,,,45685,45685,45185,45185;45685,review_required,unresolved,yes,No automatic selection: Kodepos.dev does not corroborate exactly one local source.,no,,diskominfo:32.09.08.2012;open_data_jabar:32.09.08.2012;kodepos_dev:32.09.08.2012,diskominfo_jabar_village_2024_unreviewed;open_data_jabar_postal_2023;kodepos_dev_rest_api,diskominfo:2988;open_data_jabar:20665;kodepos_dev:2988,2026-08-11,government_sources_agree_api_differs
32.09.08.2013,32,JAWA BARAT,32.09,KAB. CIREBON,32.09.08,SUSUKAN LEBAK,KALIGAWE,,,,,45685,45685,45185,45185;45685,review_required,unresolved,yes,No automatic selection: Kodepos.dev does not corroborate exactly one local source.,no,,diskominfo:32.09.08.2013;open_data_jabar:32.09.08.2013;kodepos_dev:32.09.08.2013,diskominfo_jabar_village_2024_unreviewed;open_data_jabar_postal_2023;kodepos_dev_rest_api,diskominfo:2989;open_data_jabar:20666;kodepos_dev:2989,2026-08-11,government_sources_agree_api_differs
32.09.11.2008,32,JAWA BARAT,32.09,KAB. CIREBON,32.09.11,PANGENAN,PENGARENGAN,,,,,45682,45682,45182,45182;45682,review_required,unresolved,yes,No automatic selection: Kodepos.dev does not corroborate exactly one local source.,no,,diskominfo:32.09.11.2008;open_data_jabar:32.09.11.2008;kodepos_dev:32.09.11.2008,diskominfo_jabar_village_2024_unreviewed;open_data_jabar_postal_2023;kodepos_dev_rest_api,diskominfo:3018;open_data_jabar:20699;kodepos_dev:3018,2026-08-11,government_sources_agree_api_differs
32.09.12.2003,32,JAWA BARAT,32.09,KAB. CIREBON,32.09.12,MUNDU,MUNDUMESIGIT,,,,,45673,45673,45173,45173;45673,review_required,unresolved,yes,No automatic selection: Kodepos.dev does not corroborate exactly one local source.,no,,diskominfo:32.09.12.2003;open_data_jabar:32.09.12.2003;kodepos_dev:32.09.12.2003,diskominfo_jabar_village_2024_unreviewed;open_data_jabar_postal_2023;kodepos_dev_rest_api,diskominfo:3022;open_data_jabar:20704;kodepos_dev:3022,2026-08-11,government_sources_agree_api_differs
32.09.12.2008,32,JAWA BARAT,32.09,KAB. CIREBON,32.09.12,MUNDU,MUNDUPESISIR,,,,,45673,45673,45173,45173;45673,review_required,unresolved,yes,No automatic selection: Kodepos.dev does not corroborate exactly one local source.,no,,diskominfo:32.09.12.2008;open_data_jabar:32.09.12.2008;kodepos_dev:32.09.12.2008,diskominfo_jabar_village_2024_unreviewed;open_data_jabar_postal_2023;kodepos_dev_rest_api,diskominfo:3027;open_data_jabar:20709;kodepos_dev:3027,2026-08-11,government_sources_agree_api_differs
32.09.12.2012,32,JAWA BARAT,32.09,KAB. CIREBON,32.09.12,MUNDU,SINAR RANCANG,,,,,45673,45673,45173,45173;45673,review_required,unresolved,yes,No automatic selection: Kodepos.dev does not corroborate exactly one local source.,no,,diskominfo:32.09.12.2012;open_data_jabar:32.09.12.2012;kodepos_dev:32.09.12.2012,diskominfo_jabar_village_2024_unreviewed;open_data_jabar_postal_2023;kodepos_dev_rest_api,diskominfo:3031;open_data_jabar:20713;kodepos_dev:3031,2026-08-11,government_sources_agree_api_differs
32.09.14.2001,32,JAWA BARAT,32.09,KAB. CIREBON,32.09.14,TALUN,SAMPIRAN,,,,,45671,45671,45171,45171;45671,review_required,unresolved,yes,No automatic selection: Kodepos.dev does not corroborate exactly one local source.,no,,diskominfo:32.09.14.2001;open_data_jabar:32.09.14.2001;kodepos_dev:32.09.14.2001,diskominfo_jabar_village_2024_unreviewed;open_data_jabar_postal_2023;kodepos_dev_rest_api,diskominfo:3042;open_data_jabar:20726;kodepos_dev:3042,2026-08-11,government_sources_agree_api_differs
32.09.14.2002,32,JAWA BARAT,32.09,KAB. CIREBON,32.09.14,TALUN,CIPERNA,,,,,45671,45671,45171,45171;45671,review_required,unresolved,yes,No automatic selection: Kodepos.dev does not corroborate exactly one local source.,no,,diskominfo:32.09.14.2002;open_data_jabar:32.09.14.2002;kodepos_dev:32.09.14.2002,diskominfo_jabar_village_2024_unreviewed;open_data_jabar_postal_2023;kodepos_dev_rest_api,diskominfo:3043;open_data_jabar:20727;kodepos_dev:3043,2026-08-11,government_sources_agree_api_differs
32.09.14.2003,32,JAWA BARAT,32.09,KAB. CIREBON,32.09.14,TALUN,KECOMBERAN,,,,,45671,45671,45171,45171;45671,review_required,unresolved,yes,No automatic selection: Kodepos.dev does not corroborate exactly one local source.,no,,diskominfo:32.09.14.2003;open_data_jabar:32.09.14.2003;kodepos_dev:32.09.14.2003,diskominfo_jabar_village_2024_unreviewed;open_data_jabar_postal_2023;kodepos_dev_rest_api,diskominfo:3044;open_data_jabar:20728;kodepos_dev:3044,2026-08-11,government_sources_agree_api_differs
32.09.14.2004,32,JAWA BARAT,32.09,KAB. CIREBON,32.09.14,TALUN,CIREBON GIRANG,,,,,45671,45671,45171,45171;45671,review_required,unresolved,yes,No automatic selection: Kodepos.dev does not corroborate exactly one local source.,no,,diskominfo:32.09.14.2004;open_data_jabar:32.09.14.2004;kodepos_dev:32.09.14.2004,diskominfo_jabar_village_2024_unreviewed;open_data_jabar_postal_2023;kodepos_dev_rest_api,diskominfo:3045;open_data_jabar:20729;kodepos_dev:3045,2026-08-11,government_sources_agree_api_differs
32.09.14.2005,32,JAWA BARAT,32.09,KAB. CIREBON,32.09.14,TALUN,KERANDON,,,,,45671,45671,45171,45171;45671,review_required,unresolved,yes,No automatic selection: Kodepos.dev does not corroborate exactly one local source.,no,,diskominfo:32.09.14.2005;open_data_jabar:32.09.14.2005;kodepos_dev:32.09.14.2005,diskominfo_jabar_village_2024_unreviewed;open_data_jabar_postal_2023;kodepos_dev_rest_api,diskominfo:3046;open_data_jabar:20730;kodepos_dev:3046,2026-08-11,government_sources_agree_api_differs
32.09.14.2006,32,JAWA BARAT,32.09,KAB. CIREBON,32.09.14,TALUN,WANASABA KIDUL,,,,,45671,45671,45171,45171;45671,review_required,unresolved,yes,No automatic selection: Kodepos.dev does not corroborate exactly one local source.,no,,diskominfo:32.09.14.2006;open_data_jabar:32.09.14.2006;kodepos_dev:32.09.14.2006,diskominfo_jabar_village_2024_unreviewed;open_data_jabar_postal_2023;kodepos_dev_rest_api,diskominfo:3047;open_data_jabar:20731;kodepos_dev:3047,2026-08-11,government_sources_agree_api_differs
32.09.14.2007,32,JAWA BARAT,32.09,KAB. CIREBON,32.09.14,TALUN,WANASABA LOR,,,,,45671,45671,45171,45171;45671,review_required,unresolved,yes,No automatic selection: Kodepos.dev does not corroborate exactly one local source.,no,,diskominfo:32.09.14.2007;open_data_jabar:32.09.14.2007;kodepos_dev:32.09.14.2007,diskominfo_jabar_village_2024_unreviewed;open_data_jabar_postal_2023;kodepos_dev_rest_api,diskominfo:3048;open_data_jabar:20732;kodepos_dev:3048,2026-08-11,government_sources_agree_api_differs
32.09.14.2008,32,JAWA BARAT,32.09,KAB. CIREBON,32.09.14,TALUN,CEMPAKA,,,,,45671,45671,45171,45171;45671,review_required,unresolved,yes,No automatic selection: Kodepos.dev does not corroborate exactly one local source.,no,,diskominfo:32.09.14.2008;open_data_jabar:32.09.14.2008;kodepos_dev:32.09.14.2008,diskominfo_jabar_village_2024_unreviewed;open_data_jabar_postal_2023;kodepos_dev_rest_api,diskominfo:3049;open_data_jabar:20733;kodepos_dev:3049,2026-08-11,government_sources_agree_api_differs
32.09.14.2009,32,JAWA BARAT,32.09,KAB. CIREBON,32.09.14,TALUN,KEPONGPONGAN,,,,,45671,45671,45171,45171;45671,review_required,unresolved,yes,No automatic selection: Kodepos.dev does not corroborate exactly one local source.,no,,diskominfo:32.09.14.2009;open_data_jabar:32.09.14.2009;kodepos_dev:32.09.14.2009,diskominfo_jabar_village_2024_unreviewed;open_data_jabar_postal_2023;kodepos_dev_rest_api,diskominfo:3050;open_data_jabar:20734;kodepos_dev:3050,2026-08-11,government_sources_agree_api_differs
32.09.14.2010,32,JAWA BARAT,32.09,KAB. CIREBON,32.09.14,TALUN,SARWADADI,,,,,45671,45671,45171,45171;45671,review_required,unresolved,yes,No automatic selection: Kodepos.dev does not corroborate exactly one local source.,no,,diskominfo:32.09.14.2010;open_data_jabar:32.09.14.2010;kodepos_dev:32.09.14.2010,diskominfo_jabar_village_2024_unreviewed;open_data_jabar_postal_2023;kodepos_dev_rest_api,diskominfo:3051;open_data_jabar:20735;kodepos_dev:3051,2026-08-11,government_sources_agree_api_differs
32.09.14.2011,32,JAWA BARAT,32.09,KAB. CIREBON,32.09.14,TALUN,KUBANG,,,,,45671,45671,45171,45171;45671,review_required,unresolved,yes,No automatic selection: Kodepos.dev does not corroborate exactly one local source.,no,,diskominfo:32.09.14.2011;open_data_jabar:32.09.14.2011;kodepos_dev:32.09.14.2011,diskominfo_jabar_village_2024_unreviewed;open_data_jabar_postal_2023;kodepos_dev_rest_api,diskominfo:3052;open_data_jabar:20737;kodepos_dev:3052,2026-08-11,government_sources_agree_api_differs
32.09.19.2003,32,JAWA BARAT,32.09,KAB. CIREBON,32.09.19,WERU,MEGUGEDE,,,,,45644,45644,45159,45159;45644,review_required,unresolved,yes,No automatic selection: Kodepos.dev does not corroborate exactly one local source.,no,,diskominfo:32.09.19.2003;open_data_jabar:32.09.19.2003;kodepos_dev:32.09.19.2003,diskominfo_jabar_village_2024_unreviewed;open_data_jabar_postal_2023;kodepos_dev_rest_api,diskominfo:3109;open_data_jabar:20800;kodepos_dev:3109,2026-08-11,government_sources_agree_api_differs
32.09.19.2004,32,JAWA BARAT,32.09,KAB. CIREBON,32.09.19,WERU,MEGUCILIK,,,,,45644,45644,45159,45159;45644,review_required,unresolved,yes,No automatic selection: Kodepos.dev does not corroborate exactly one local source.,no,,diskominfo:32.09.19.2004;open_data_jabar:32.09.19.2004;kodepos_dev:32.09.19.2004,diskominfo_jabar_village_2024_unreviewed;open_data_jabar_postal_2023;kodepos_dev_rest_api,diskominfo:3110;open_data_jabar:20801;kodepos_dev:3110,2026-08-11,government_sources_agree_api_differs
32.09.21.2001,32,JAWA BARAT,32.09,KAB. CIREBON,32.09.21,GUNUNG JATI,ADIDHARMA,,,,,45643,45643,45151,45151;45643,review_required,unresolved,yes,No automatic selection: Kodepos.dev does not corroborate exactly one local source.,no,,diskominfo:32.09.21.2001;open_data_jabar:32.09.21.2001;kodepos_dev:32.09.21.2001,diskominfo_jabar_village_2024_unreviewed;open_data_jabar_postal_2023;kodepos_dev_rest_api,diskominfo:3124;open_data_jabar:20817;kodepos_dev:3124,2026-08-11,government_sources_agree_api_differs
32.09.21.2002,32,JAWA BARAT,32.09,KAB. CIREBON,32.09.21,GUNUNG JATI,PASINDANGAN,,,,,45643,45643,45151,45151;45643,review_required,unresolved,yes,No automatic selection: Kodepos.dev does not corroborate exactly one local source.,no,,diskominfo:32.09.21.2002;open_data_jabar:32.09.21.2002;kodepos_dev:32.09.21.2002,diskominfo_jabar_village_2024_unreviewed;open_data_jabar_postal_2023;kodepos_dev_rest_api,diskominfo:3125;open_data_jabar:20818;kodepos_dev:3125,2026-08-11,government_sources_agree_api_differs
32.09.21.2003,32,JAWA BARAT,32.09,KAB. CIREBON,32.09.21,GUNUNG JATI,JADIMULYA,,,,,45643,45643,45151,45151;45643,review_required,unresolved,yes,No automatic selection: Kodepos.dev does not corroborate exactly one local source.,no,,diskominfo:32.09.21.2003;open_data_jabar:32.09.21.2003;kodepos_dev:32.09.21.2003,diskominfo_jabar_village_2024_unreviewed;open_data_jabar_postal_2023;kodepos_dev_rest_api,diskominfo:3126;open_data_jabar:20819;kodepos_dev:3126,2026-08-11,government_sources_agree_api_differs
32.09.21.2004,32,JAWA BARAT,32.09,KAB. CIREBON,32.09.21,GUNUNG JATI,KLAYAN,,,,,45643,45643,45151,45151;45643,review_required,unresolved,yes,No automatic selection: Kodepos.dev does not corroborate exactly one local source.,no,,diskominfo:32.09.21.2004;open_data_jabar:32.09.21.2004;kodepos_dev:32.09.21.2004,diskominfo_jabar_village_2024_unreviewed;open_data_jabar_postal_2023;kodepos_dev_rest_api,diskominfo:3127;open_data_jabar:20820;kodepos_dev:3127,2026-08-11,government_sources_agree_api_differs
32.09.21.2005,32,JAWA BARAT,32.09,KAB. CIREBON,32.09.21,GUNUNG JATI,JATIMERTA,,,,,45643,45643,45151,45151;45643,review_required,unresolved,yes,No automatic selection: Kodepos.dev does not corroborate exactly one local source.,no,,diskominfo:32.09.21.2005;open_data_jabar:32.09.21.2005;kodepos_dev:32.09.21.2005,diskominfo_jabar_village_2024_unreviewed;open_data_jabar_postal_2023;kodepos_dev_rest_api,diskominfo:3128;open_data_jabar:20821;kodepos_dev:3128,2026-08-11,government_sources_agree_api_differs
32.09.21.2006,32,JAWA BARAT,32.09,KAB. CIREBON,32.09.21,GUNUNG JATI,ASTANA,,,,,45643,45643,45151,45151;45643,review_required,unresolved,yes,No automatic selection: Kodepos.dev does not corroborate exactly one local source.,no,,diskominfo:32.09.21.2006;open_data_jabar:32.09.21.2006;kodepos_dev:32.09.21.2006,diskominfo_jabar_village_2024_unreviewed;open_data_jabar_postal_2023;kodepos_dev_rest_api,diskominfo:3129;open_data_jabar:20822;kodepos_dev:3129,2026-08-11,government_sources_agree_api_differs
32.09.21.2007,32,JAWA BARAT,32.09,KAB. CIREBON,32.09.21,GUNUNG JATI,KALISAPU,,,,,45643,45643,45151,45151;45643,review_required,unresolved,yes,No automatic selection: Kodepos.dev does not corroborate exactly one local source.,no,,diskominfo:32.09.21.2007;open_data_jabar:32.09.21.2007;kodepos_dev:32.09.21.2007,diskominfo_jabar_village_2024_unreviewed;open_data_jabar_postal_2023;kodepos_dev_rest_api,diskominfo:3130;open_data_jabar:20823;kodepos_dev:3130,2026-08-11,government_sources_agree_api_differs
32.09.21.2008,32,JAWA BARAT,32.09,KAB. CIREBON,32.09.21,GUNUNG JATI,WANAKAYA,,,,,45643,45643,45151,45151;45643,review_required,unresolved,yes,No automatic selection: Kodepos.dev does not corroborate exactly one local source.,no,,diskominfo:32.09.21.2008;open_data_jabar:32.09.21.2008;kodepos_dev:32.09.21.2008,diskominfo_jabar_village_2024_unreviewed;open_data_jabar_postal_2023;kodepos_dev_rest_api,diskominfo:3131;open_data_jabar:20824;kodepos_dev:3131,2026-08-11,government_sources_agree_api_differs
32.09.21.2009,32,JAWA BARAT,32.09,KAB. CIREBON,32.09.21,GUNUNG JATI,GROGOL,,,,,45643,45643,45151,45151;45643,review_required,unresolved,yes,No automatic selection: Kodepos.dev does not corroborate exactly one local source.,no,,diskominfo:32.09.21.2009;open_data_jabar:32.09.21.2009;kodepos_dev:32.09.21.2009,diskominfo_jabar_village_2024_unreviewed;open_data_jabar_postal_2023;kodepos_dev_rest_api,diskominfo:3132;open_data_jabar:20826;kodepos_dev:3132,2026-08-11,government_sources_agree_api_differs
32.09.21.2010,32,JAWA BARAT,32.09,KAB. CIREBON,32.09.21,GUNUNG JATI,BABADAN,,,,,45643,45643,45151,45151;45643,review_required,unresolved,yes,No automatic selection: Kodepos.dev does not corroborate exactly one local source.,no,,diskominfo:32.09.21.2010;open_data_jabar:32.09.21.2010;kodepos_dev:32.09.21.2010,diskominfo_jabar_village_2024_unreviewed;open_data_jabar_postal_2023;kodepos_dev_rest_api,diskominfo:3133;open_data_jabar:20827;kodepos_dev:3133,2026-08-11,government_sources_agree_api_differs
32.09.21.2011,32,JAWA BARAT,32.09,KAB. CIREBON,32.09.21,GUNUNG JATI,BUYUT,,,,,45643,45643,45151,45151;45643,review_required,unresolved,yes,No automatic selection: Kodepos.dev does not corroborate exactly one local source.,no,,diskominfo:32.09.21.2011;open_data_jabar:32.09.21.2011;kodepos_dev:32.09.21.2011,diskominfo_jabar_village_2024_unreviewed;open_data_jabar_postal_2023;kodepos_dev_rest_api,diskominfo:3134;open_data_jabar:20828;kodepos_dev:3134,2026-08-11,government_sources_agree_api_differs
32.09.21.2012,32,JAWA BARAT,32.09,KAB. CIREBON,32.09.21,GUNUNG JATI,MAYUNG,,,,,45643,45643,45151,45151;45643,review_required,unresolved,yes,No automatic selection: Kodepos.dev does not corroborate exactly one local source.,no,,diskominfo:32.09.21.2012;open_data_jabar:32.09.21.2012;kodepos_dev:32.09.21.2012,diskominfo_jabar_village_2024_unreviewed;open_data_jabar_postal_2023;kodepos_dev_rest_api,diskominfo:3135;open_data_jabar:20829;kodepos_dev:3135,2026-08-11,government_sources_agree_api_differs
32.09.21.2015,32,JAWA BARAT,32.09,KAB. CIREBON,32.09.21,GUNUNG JATI,MERTASINGA,,,,,45643,45643,45151,45151;45643,review_required,unresolved,yes,No automatic selection: Kodepos.dev does not corroborate exactly one local source.,no,,diskominfo:32.09.21.2015;open_data_jabar:32.09.21.2015;kodepos_dev:32.09.21.2015,diskominfo_jabar_village_2024_unreviewed;open_data_jabar_postal_2023;kodepos_dev_rest_api,diskominfo:3136;open_data_jabar:20830;kodepos_dev:3136,2026-08-11,government_sources_agree_api_differs
32.09.30.2009,32,JAWA BARAT,32.09,KAB. CIREBON,32.09.30,GEBANG,GEBANG ILIR,,,,,45694,45694,45190,45190;45694,review_required,unresolved,yes,No automatic selection: Kodepos.dev does not corroborate exactly one local source.,no,,diskominfo:32.09.30.2009;open_data_jabar:32.09.30.2009;kodepos_dev:32.09.30.2009,diskominfo_jabar_village_2024_unreviewed;open_data_jabar_postal_2023;kodepos_dev_rest_api,diskominfo:3226;open_data_jabar:20930;kodepos_dev:3228,2026-08-11,government_sources_agree_api_differs
32.09.30.2010,32,JAWA BARAT,32.09,KAB. CIREBON,32.09.30,GEBANG,GEBANG UDIK,,,,,45694,45694,45190,45190;45694,review_required,unresolved,yes,No automatic selection: Kodepos.dev does not corroborate exactly one local source.,no,,diskominfo:32.09.30.2010;open_data_jabar:32.09.30.2010;kodepos_dev:32.09.30.2010,diskominfo_jabar_village_2024_unreviewed;open_data_jabar_postal_2023;kodepos_dev_rest_api,diskominfo:3227;open_data_jabar:20931;kodepos_dev:3229,2026-08-11,government_sources_agree_api_differs
32.09.30.2011,32,JAWA BARAT,32.09,KAB. CIREBON,32.09.30,GEBANG,GEBANG MEKAR,,,,,45694,45694,45190,45190;45694,review_required,unresolved,yes,No automatic selection: Kodepos.dev does not corroborate exactly one local source.,no,,diskominfo:32.09.30.2011;open_data_jabar:32.09.30.2011;kodepos_dev:32.09.30.2011,diskominfo_jabar_village_2024_unreviewed;open_data_jabar_postal_2023;kodepos_dev_rest_api,diskominfo:3228;open_data_jabar:20932;kodepos_dev:3230,2026-08-11,government_sources_agree_api_differs
32.09.30.2012,32,JAWA BARAT,32.09,KAB. CIREBON,32.09.30,GEBANG,PELAYANGAN,,,,,45694,45694,45190,45190;45694,review_required,unresolved,yes,No automatic selection: Kodepos.dev does not corroborate exactly one local source.,no,,diskominfo:32.09.30.2012;open_data_jabar:32.09.30.2012;kodepos_dev:32.09.30.2012,diskominfo_jabar_village_2024_unreviewed;open_data_jabar_postal_2023;kodepos_dev_rest_api,diskominfo:3229;open_data_jabar:20933;kodepos_dev:3231,2026-08-11,government_sources_agree_api_differs
32.09.32.2006,32,JAWA BARAT,32.09,KAB. CIREBON,32.09.32,PASALEMAN,CIGOBANG WANGI,,,,,45697,45697,45187,45187;45697,review_required,unresolved,yes,No automatic selection: Kodepos.dev does not corroborate exactly one local source.,no,,diskominfo:32.09.32.2006;open_data_jabar:32.09.32.2006;kodepos_dev:32.09.32.2006,diskominfo_jabar_village_2024_unreviewed;open_data_jabar_postal_2023;kodepos_dev_rest_api,diskominfo:3248;open_data_jabar:20954;kodepos_dev:3250,2026-08-11,government_sources_agree_api_differs
32.09.35.2006,32,JAWA BARAT,32.09,KAB. CIREBON,32.09.35,TENGAH TANI,BATTEMBAT,,,,,45642,45642,45168,45168;45642,review_required,unresolved,yes,No automatic selection: Kodepos.dev does not corroborate exactly one local source.,no,,diskominfo:32.09.35.2006;open_data_jabar:32.09.35.2006;kodepos_dev:32.09.35.2006,diskominfo_jabar_village_2024_unreviewed;open_data_jabar_postal_2023;kodepos_dev_rest_api,diskominfo:3271;open_data_jabar:20979;kodepos_dev:3273,2026-08-11,government_sources_agree_api_differs
32.09.38.2001,32,JAWA BARAT,32.09,KAB. CIREBON,32.09.38,GREGED,GUMULUNG LEBAK,,,,,45674,45674,45170,45170;45674,review_required,unresolved,yes,No automatic selection: Kodepos.dev does not corroborate exactly one local source.,no,,diskominfo:32.09.38.2001;open_data_jabar:32.09.38.2001;kodepos_dev:32.09.38.2001,diskominfo_jabar_village_2024_unreviewed;open_data_jabar_postal_2023;kodepos_dev_rest_api,diskominfo:3292;open_data_jabar:21004;kodepos_dev:3294,2026-08-11,government_sources_agree_api_differs
32.09.38.2002,32,JAWA BARAT,32.09,KAB. CIREBON,32.09.38,GREGED,LEBAKMEKAR,,,,,45674,45674,45170,45170;45674,review_required,unresolved,yes,No automatic selection: Kodepos.dev does not corroborate exactly one local source.,no,,diskominfo:32.09.38.2002;open_data_jabar:32.09.38.2002;kodepos_dev:32.09.38.2002,diskominfo_jabar_village_2024_unreviewed;open_data_jabar_postal_2023;kodepos_dev_rest_api,diskominfo:3293;open_data_jabar:21005;kodepos_dev:3295,2026-08-11,government_sources_agree_api_differs
32.09.38.2003,32,JAWA BARAT,32.09,KAB. CIREBON,32.09.38,GREGED,GUMULUNG TONGGOH,,,,,45674,45674,45170,45170;45674,review_required,unresolved,yes,No automatic selection: Kodepos.dev does not corroborate exactly one local source.,no,,diskominfo:32.09.38.2003;open_data_jabar:32.09.38.2003;kodepos_dev:32.09.38.2003,diskominfo_jabar_village_2024_unreviewed;open_data_jabar_postal_2023;kodepos_dev_rest_api,diskominfo:3294;open_data_jabar:21006;kodepos_dev:3296,2026-08-11,government_sources_agree_api_differs
32.09.38.2004,32,JAWA BARAT,32.09,KAB. CIREBON,32.09.38,GREGED,KAMARANG,,,,,45674,45674,45170,45170;45674,review_required,unresolved,yes,No automatic selection: Kodepos.dev does not corroborate exactly one local source.,no,,diskominfo:32.09.38.2004;open_data_jabar:32.09.38.2004;kodepos_dev:32.09.38.2004,diskominfo_jabar_village_2024_unreviewed;open_data_jabar_postal_2023;kodepos_dev_rest_api,diskominfo:3295;open_data_jabar:21007;kodepos_dev:3297,2026-08-11,government_sources_agree_api_differs
32.09.38.2005,32,JAWA BARAT,32.09,KAB. CIREBON,32.09.38,GREGED,GREGED,,,,,45674,45674,45170,45170;45674,review_required,unresolved,yes,No automatic selection: Kodepos.dev does not corroborate exactly one local source.,no,,diskominfo:32.09.38.2005;open_data_jabar:32.09.38.2005;kodepos_dev:32.09.38.2005,diskominfo_jabar_village_2024_unreviewed;open_data_jabar_postal_2023;kodepos_dev_rest_api,diskominfo:3296;open_data_jabar:21008;kodepos_dev:3298,2026-08-11,government_sources_agree_api_differs
32.09.38.2006,32,JAWA BARAT,32.09,KAB. CIREBON,32.09.38,GREGED,KAMARANG LEBAK,,,,,45674,45674,45170,45170;45674,review_required,unresolved,yes,No automatic selection: Kodepos.dev does not corroborate exactly one local source.,no,,diskominfo:32.09.38.2006;open_data_jabar:32.09.38.2006;kodepos_dev:32.09.38.2006,diskominfo_jabar_village_2024_unreviewed;open_data_jabar_postal_2023;kodepos_dev_rest_api,diskominfo:3297;open_data_jabar:21009;kodepos_dev:3299,2026-08-11,government_sources_agree_api_differs
32.09.38.2007,32,JAWA BARAT,32.09,KAB. CIREBON,32.09.38,GREGED,DURAJAYA,,,,,45674,45674,45170,45170;45674,review_required,unresolved,yes,No automatic selection: Kodepos.dev does not corroborate exactly one local source.,no,,diskominfo:32.09.38.2007;open_data_jabar:32.09.38.2007;kodepos_dev:32.09.38.2007,diskominfo_jabar_village_2024_unreviewed;open_data_jabar_postal_2023;kodepos_dev_rest_api,diskominfo:3298;open_data_jabar:21010;kodepos_dev:3300,2026-08-11,government_sources_agree_api_differs
32.09.38.2008,32,JAWA BARAT,32.09,KAB. CIREBON,32.09.38,GREGED,JATIPANCUR,,,,,45674,45674,45170,45170;45674,review_required,unresolved,yes,No automatic selection: Kodepos.dev does not corroborate exactly one local source.,no,,diskominfo:32.09.38.2008;open_data_jabar:32.09.38.2008;kodepos_dev:32.09.38.2008,diskominfo_jabar_village_2024_unreviewed;open_data_jabar_postal_2023;kodepos_dev_rest_api,diskominfo:3299;open_data_jabar:21011;kodepos_dev:3301,2026-08-11,government_sources_agree_api_differs
32.09.38.2009,32,JAWA BARAT,32.09,KAB. CIREBON,32.09.38,GREGED,SINDANG KEMPENG,,,,,45674,45674,45170,45170;45674,review_required,unresolved,yes,No automatic selection: Kodepos.dev does not corroborate exactly one local source.,no,,diskominfo:32.09.38.2009;open_data_jabar:32.09.38.2009;kodepos_dev:32.09.38.2009,diskominfo_jabar_village_2024_unreviewed;open_data_jabar_postal_2023;kodepos_dev_rest_api,diskominfo:3300;open_data_jabar:21012;kodepos_dev:3302,2026-08-11,government_sources_agree_api_differs
32.09.38.2010,32,JAWA BARAT,32.09,KAB. CIREBON,32.09.38,GREGED,NANGGELA,,,,,45674,45674,45170,45170;45674,review_required,unresolved,yes,No automatic selection: Kodepos.dev does not corroborate exactly one local source.,no,,diskominfo:32.09.38.2010;open_data_jabar:32.09.38.2010;kodepos_dev:32.09.38.2010,diskominfo_jabar_village_2024_unreviewed;open_data_jabar_postal_2023;kodepos_dev_rest_api,diskominfo:3301;open_data_jabar:21013;kodepos_dev:3303,2026-08-11,government_sources_agree_api_differs
32.10.08.2001,32,JAWA BARAT,32.10,KAB. MAJALENGKA,32.10.08,SUKAHAJI,CIOMAS,,,,,45471,45471,45470,45470;45471,review_required,unresolved,yes,No automatic selection: Kodepos.dev does not corroborate exactly one local source.,no,,diskominfo:32.10.08.2001;open_data_jabar:32.10.08.2001;kodepos_dev:32.10.08.2001,diskominfo_jabar_village_2024_unreviewed;open_data_jabar_postal_2023;kodepos_dev_rest_api,diskominfo:3431;open_data_jabar:21158;kodepos_dev:3431,2026-08-11,government_sources_agree_api_differs
32.10.08.2002,32,JAWA BARAT,32.10,KAB. MAJALENGKA,32.10.08,SUKAHAJI,PADAHANTEN,,,,,45471,45471,45470,45470;45471,review_required,unresolved,yes,No automatic selection: Kodepos.dev does not corroborate exactly one local source.,no,,diskominfo:32.10.08.2002;open_data_jabar:32.10.08.2002;kodepos_dev:32.10.08.2002,diskominfo_jabar_village_2024_unreviewed;open_data_jabar_postal_2023;kodepos_dev_rest_api,diskominfo:3432;open_data_jabar:21160;kodepos_dev:3432,2026-08-11,government_sources_agree_api_differs
32.10.08.2009,32,JAWA BARAT,32.10,KAB. MAJALENGKA,32.10.08,SUKAHAJI,SUKAHAJI,,,,,45471,45471,45470,45470;45471,review_required,unresolved,yes,No automatic selection: Kodepos.dev does not corroborate exactly one local source.,no,,diskominfo:32.10.08.2009;open_data_jabar:32.10.08.2009;kodepos_dev:32.10.08.2009,diskominfo_jabar_village_2024_unreviewed;open_data_jabar_postal_2023;kodepos_dev_rest_api,diskominfo:3433;open_data_jabar:21161;kodepos_dev:3433,2026-08-11,government_sources_agree_api_differs
32.10.08.2010,32,JAWA BARAT,32.10,KAB. MAJALENGKA,32.10.08,SUKAHAJI,SALAGEDANG,,,,,45471,45471,45470,45470;45471,review_required,unresolved,yes,No automatic selection: Kodepos.dev does not corroborate exactly one local source.,no,,diskominfo:32.10.08.2010;open_data_jabar:32.10.08.2010;kodepos_dev:32.10.08.2010,diskominfo_jabar_village_2024_unreviewed;open_data_jabar_postal_2023;kodepos_dev_rest_api,diskominfo:3434;open_data_jabar:21162;kodepos_dev:3434,2026-08-11,government_sources_agree_api_differs
32.10.08.2011,32,JAWA BARAT,32.10,KAB. MAJALENGKA,32.10.08,SUKAHAJI,CIKEUSIK,,,,,45471,45471,45470,45470;45471,review_required,unresolved,yes,No automatic selection: Kodepos.dev does not corroborate exactly one local source.,no,,diskominfo:32.10.08.2011;open_data_jabar:32.10.08.2011;kodepos_dev:32.10.08.2011,diskominfo_jabar_village_2024_unreviewed;open_data_jabar_postal_2023;kodepos_dev_rest_api,diskominfo:3435;open_data_jabar:21163;kodepos_dev:3435,2026-08-11,government_sources_agree_api_differs
32.10.08.2012,32,JAWA BARAT,32.10,KAB. MAJALENGKA,32.10.08,SUKAHAJI,JAYI,,,,,45471,45471,45470,45470;45471,review_required,unresolved,yes,No automatic selection: Kodepos.dev does not corroborate exactly one local source.,no,,diskominfo:32.10.08.2012;open_data_jabar:32.10.08.2012;kodepos_dev:32.10.08.2012,diskominfo_jabar_village_2024_unreviewed;open_data_jabar_postal_2023;kodepos_dev_rest_api,diskominfo:3436;open_data_jabar:21164;kodepos_dev:3436,2026-08-11,government_sources_agree_api_differs
32.10.08.2013,32,JAWA BARAT,32.10,KAB. MAJALENGKA,32.10.08,SUKAHAJI,NANGGEWER,,,,,45471,45471,45470,45470;45471,review_required,unresolved,yes,No automatic selection: Kodepos.dev does not corroborate exactly one local source.,no,,diskominfo:32.10.08.2013;open_data_jabar:32.10.08.2013;kodepos_dev:32.10.08.2013,diskominfo_jabar_village_2024_unreviewed;open_data_jabar_postal_2023;kodepos_dev_rest_api,diskominfo:3437;open_data_jabar:21165;kodepos_dev:3437,2026-08-11,government_sources_agree_api_differs
32.10.08.2014,32,JAWA BARAT,32.10,KAB. MAJALENGKA,32.10.08,SUKAHAJI,PALABUAN,,,,,45471,45471,45470,45470;45471,review_required,unresolved,yes,No automatic selection: Kodepos.dev does not corroborate exactly one local source.,no,,diskominfo:32.10.08.2014;open_data_jabar:32.10.08.2014;kodepos_dev:32.10.08.2014,diskominfo_jabar_village_2024_unreviewed;open_data_jabar_postal_2023;kodepos_dev_rest_api,diskominfo:3438;open_data_jabar:21166;kodepos_dev:3438,2026-08-11,government_sources_agree_api_differs
32.10.08.2015,32,JAWA BARAT,32.10,KAB. MAJALENGKA,32.10.08,SUKAHAJI,CIKONENG,,,,,45471,45471,45470,45470;45471,review_required,unresolved,yes,No automatic selection: Kodepos.dev does not corroborate exactly one local source.,no,,diskominfo:32.10.08.2015;open_data_jabar:32.10.08.2015;kodepos_dev:32.10.08.2015,diskominfo_jabar_village_2024_unreviewed;open_data_jabar_postal_2023;kodepos_dev_rest_api,diskominfo:3439;open_data_jabar:21167;kodepos_dev:3439,2026-08-11,government_sources_agree_api_differs
32.10.08.2016,32,JAWA BARAT,32.10,KAB. MAJALENGKA,32.10.08,SUKAHAJI,BABAKANMANJETI,,,,,45471,45471,45470,45470;45471,review_required,unresolved,yes,No automatic selection: Kodepos.dev does not corroborate exactly one local source.,no,,diskominfo:32.10.08.2016;open_data_jabar:32.10.08.2016;kodepos_dev:32.10.08.2016,diskominfo_jabar_village_2024_unreviewed;open_data_jabar_postal_2023;kodepos_dev_rest_api,diskominfo:3440;open_data_jabar:21168;kodepos_dev:3440,2026-08-11,government_sources_agree_api_differs
32.10.08.2017,32,JAWA BARAT,32.10,KAB. MAJALENGKA,32.10.08,SUKAHAJI,TANJUNGSARI,,,,,45471,45471,45470,45470;45471,review_required,unresolved,yes,No automatic selection: Kodepos.dev does not corroborate exactly one local source.,no,,diskominfo:32.10.08.2017;open_data_jabar:32.10.08.2017;kodepos_dev:32.10.08.2017,diskominfo_jabar_village_2024_unreviewed;open_data_jabar_postal_2023;kodepos_dev_rest_api,diskominfo:3441;open_data_jabar:21169;kodepos_dev:3441,2026-08-11,government_sources_agree_api_differs
32.10.08.2018,32,JAWA BARAT,32.10,KAB. MAJALENGKA,32.10.08,SUKAHAJI,CIKALONG,,,,,45471,45471,45470,45470;45471,review_required,unresolved,yes,No automatic selection: Kodepos.dev does not corroborate exactly one local source.,no,,diskominfo:32.10.08.2018;open_data_jabar:32.10.08.2018;kodepos_dev:32.10.08.2018,diskominfo_jabar_village_2024_unreviewed;open_data_jabar_postal_2023;kodepos_dev_rest_api,diskominfo:3442;open_data_jabar:21171;kodepos_dev:3442,2026-08-11,government_sources_agree_api_differs
32.10.08.2019,32,JAWA BARAT,32.10,KAB. MAJALENGKA,32.10.08,SUKAHAJI,CANDRAJAYA,,,,,45471,45471,45470,45470;45471,review_required,unresolved,yes,No automatic selection: Kodepos.dev does not corroborate exactly one local source.,no,,diskominfo:32.10.08.2019;open_data_jabar:32.10.08.2019;kodepos_dev:32.10.08.2019,diskominfo_jabar_village_2024_unreviewed;open_data_jabar_postal_2023;kodepos_dev_rest_api,diskominfo:3443;open_data_jabar:21172;kodepos_dev:3443,2026-08-11,government_sources_agree_api_differs
32.10.26.2011,32,JAWA BARAT,32.10,KAB. MAJALENGKA,32.10.26,MALAUSMA,KRAMAT JAYA,,,,,45469,45469,45460,45460;45469,review_required,unresolved,yes,No automatic selection: Kodepos.dev does not corroborate exactly one local source.,no,,diskominfo:32.10.26.2011;open_data_jabar:32.10.26.2011;kodepos_dev:32.10.26.2011,diskominfo_jabar_village_2024_unreviewed;open_data_jabar_postal_2023;kodepos_dev_rest_api,diskominfo:3663;open_data_jabar:21416;kodepos_dev:3663,2026-08-11,government_sources_agree_api_differs
32.11.17.2014,32,JAWA BARAT,32.11,KAB. SUMEDANG,32.11.17,SUMEDANG SELATAN,MEKAR RAHAYU,,,,,45313,45313,45311,45311;45313,review_required,unresolved,yes,No automatic selection: Kodepos.dev does not corroborate exactly one local source.,no,,diskominfo:32.11.17.2014;open_data_jabar:32.11.17.2014;kodepos_dev:32.11.17.2014,diskominfo_jabar_village_2024_unreviewed;open_data_jabar_postal_2023;kodepos_dev_rest_api,diskominfo:3848;open_data_jabar:21621;kodepos_dev:3848,2026-08-11,government_sources_agree_api_differs
32.12.01.2007,32,JAWA BARAT,32.12,KAB. INDRAMAYU,32.12.01,HAURGEULIS,HAURKOLOT,,,,,45264,45264,45266,45264;45266,review_required,unresolved,yes,No automatic selection: Kodepos.dev does not corroborate exactly one local source.,no,,diskominfo:32.12.01.2007;open_data_jabar:32.12.01.2007;kodepos_dev:32.12.01.2007,diskominfo_jabar_village_2024_unreviewed;open_data_jabar_postal_2023;kodepos_dev_rest_api,diskominfo:3941;open_data_jabar:21724;kodepos_dev:3941,2026-08-11,government_sources_agree_api_differs
32.12.01.2008,32,JAWA BARAT,32.12,KAB. INDRAMAYU,32.12.01,HAURGEULIS,HAURGEULIS,,,,,45264,45264,45266,45264;45266,review_required,unresolved,yes,No automatic selection: Kodepos.dev does not corroborate exactly one local source.,no,,diskominfo:32.12.01.2008;open_data_jabar:32.12.01.2008;kodepos_dev:32.12.01.2008,diskominfo_jabar_village_2024_unreviewed;open_data_jabar_postal_2023;kodepos_dev_rest_api,diskominfo:3942;open_data_jabar:21726;kodepos_dev:3942,2026-08-11,government_sources_agree_api_differs
32.12.01.2009,32,JAWA BARAT,32.12,KAB. INDRAMAYU,32.12.01,HAURGEULIS,SUKAJATI,,,,,45264,45264,45266,45264;45266,review_required,unresolved,yes,No automatic selection: Kodepos.dev does not corroborate exactly one local source.,no,,diskominfo:32.12.01.2009;open_data_jabar:32.12.01.2009;kodepos_dev:32.12.01.2009,diskominfo_jabar_village_2024_unreviewed;open_data_jabar_postal_2023;kodepos_dev_rest_api,diskominfo:3943;open_data_jabar:21727;kodepos_dev:3943,2026-08-11,government_sources_agree_api_differs
32.12.01.2010,32,JAWA BARAT,32.12,KAB. INDRAMAYU,32.12.01,HAURGEULIS,WANAKAYA,,,,,45264,45264,45266,45264;45266,review_required,unresolved,yes,No automatic selection: Kodepos.dev does not corroborate exactly one local source.,no,,diskominfo:32.12.01.2010;open_data_jabar:32.12.01.2010;kodepos_dev:32.12.01.2010,diskominfo_jabar_village_2024_unreviewed;open_data_jabar_postal_2023;kodepos_dev_rest_api,diskominfo:3944;open_data_jabar:21728;kodepos_dev:3944,2026-08-11,government_sources_agree_api_differs
32.12.01.2011,32,JAWA BARAT,32.12,KAB. INDRAMAYU,32.12.01,HAURGEULIS,KARANGTUMARITIS,,,,,45264,45264,45266,45264;45266,review_required,unresolved,yes,No automatic selection: Kodepos.dev does not corroborate exactly one local source.,no,,diskominfo:32.12.01.2011;open_data_jabar:32.12.01.2011;kodepos_dev:32.12.01.2011,diskominfo_jabar_village_2024_unreviewed;open_data_jabar_postal_2023;kodepos_dev_rest_api,diskominfo:3945;open_data_jabar:21729;kodepos_dev:3945,2026-08-11,government_sources_agree_api_differs
32.12.01.2012,32,JAWA BARAT,32.12,KAB. INDRAMAYU,32.12.01,HAURGEULIS,KERTANEGARA,,,,,45264,45264,45266,45264;45266,review_required,unresolved,yes,No automatic selection: Kodepos.dev does not corroborate exactly one local source.,no,,diskominfo:32.12.01.2012;open_data_jabar:32.12.01.2012;kodepos_dev:32.12.01.2012,diskominfo_jabar_village_2024_unreviewed;open_data_jabar_postal_2023;kodepos_dev_rest_api,diskominfo:3946;open_data_jabar:21730;kodepos_dev:3946,2026-08-11,government_sources_agree_api_differs
32.12.01.2013,32,JAWA BARAT,32.12,KAB. INDRAMAYU,32.12.01,HAURGEULIS,CIPANCUH,,,,,45264,45264,45266,45264;45266,review_required,unresolved,yes,No automatic selection: Kodepos.dev does not corroborate exactly one local source.,no,,diskominfo:32.12.01.2013;open_data_jabar:32.12.01.2013;kodepos_dev:32.12.01.2013,diskominfo_jabar_village_2024_unreviewed;open_data_jabar_postal_2023;kodepos_dev_rest_api,diskominfo:3947;open_data_jabar:21731;kodepos_dev:3947,2026-08-11,government_sources_agree_api_differs
32.12.01.2014,32,JAWA BARAT,32.12,KAB. INDRAMAYU,32.12.01,HAURGEULIS,MEKARJATI,,,,,45264,45264,45266,45264;45266,review_required,unresolved,yes,No automatic selection: Kodepos.dev does not corroborate exactly one local source.,no,,diskominfo:32.12.01.2014;open_data_jabar:32.12.01.2014;kodepos_dev:32.12.01.2014,diskominfo_jabar_village_2024_unreviewed;open_data_jabar_postal_2023;kodepos_dev_rest_api,diskominfo:3948;open_data_jabar:21732;kodepos_dev:3948,2026-08-11,government_sources_agree_api_differs
32.12.01.2015,32,JAWA BARAT,32.12,KAB. INDRAMAYU,32.12.01,HAURGEULIS,SIDODADI,,,,,45264,45264,45266,45264;45266,review_required,unresolved,yes,No automatic selection: Kodepos.dev does not corroborate exactly one local source.,no,,diskominfo:32.12.01.2015;open_data_jabar:32.12.01.2015;kodepos_dev:32.12.01.2015,diskominfo_jabar_village_2024_unreviewed;open_data_jabar_postal_2023;kodepos_dev_rest_api,diskominfo:3949;open_data_jabar:21733;kodepos_dev:3949,2026-08-11,government_sources_agree_api_differs
32.12.01.2016,32,JAWA BARAT,32.12,KAB. INDRAMAYU,32.12.01,HAURGEULIS,SUMBERMULYA,,,,,45264,45264,45266,45264;45266,review_required,unresolved,yes,No automatic selection: Kodepos.dev does not corroborate exactly one local source.,no,,diskominfo:32.12.01.2016;open_data_jabar:32.12.01.2016;kodepos_dev:32.12.01.2016,diskominfo_jabar_village_2024_unreviewed;open_data_jabar_postal_2023;kodepos_dev_rest_api,diskominfo:3950;open_data_jabar:21734;kodepos_dev:3950,2026-08-11,government_sources_agree_api_differs
32.12.24.2001,32,JAWA BARAT,32.12,KAB. INDRAMAYU,32.12.24,SUKRA,BOGOR,,,,,45257,45257,45259,45257;45259,review_required,unresolved,yes,No automatic selection: Kodepos.dev does not corroborate exactly one local source.,no,,diskominfo:32.12.24.2001;open_data_jabar:32.12.24.2001;kodepos_dev:32.12.24.2001,diskominfo_jabar_village_2024_unreviewed;open_data_jabar_postal_2023;kodepos_dev_rest_api,diskominfo:4193;open_data_jabar:22005;kodepos_dev:4193,2026-08-11,government_sources_agree_api_differs
32.12.24.2002,32,JAWA BARAT,32.12,KAB. INDRAMAYU,32.12.24,SUKRA,SUKRA,,,,,45257,45257,45259,45257;45259,review_required,unresolved,yes,No automatic selection: Kodepos.dev does not corroborate exactly one local source.,no,,diskominfo:32.12.24.2002;open_data_jabar:32.12.24.2002;kodepos_dev:32.12.24.2002,diskominfo_jabar_village_2024_unreviewed;open_data_jabar_postal_2023;kodepos_dev_rest_api,diskominfo:4194;open_data_jabar:22006;kodepos_dev:4194,2026-08-11,government_sources_agree_api_differs
32.12.24.2003,32,JAWA BARAT,32.12,KAB. INDRAMAYU,32.12.24,SUKRA,UJUNGGEBANG,,,,,45257,45257,45259,45257;45259,review_required,unresolved,yes,No automatic selection: Kodepos.dev does not corroborate exactly one local source.,no,,diskominfo:32.12.24.2003;open_data_jabar:32.12.24.2003;kodepos_dev:32.12.24.2003,diskominfo_jabar_village_2024_unreviewed;open_data_jabar_postal_2023;kodepos_dev_rest_api,diskominfo:4195;open_data_jabar:22007;kodepos_dev:4195,2026-08-11,government_sources_agree_api_differs
32.12.24.2004,32,JAWA BARAT,32.12,KAB. INDRAMAYU,32.12.24,SUKRA,TAGAL TAMAN,,,,,45257,45257,45259,45257;45259,review_required,unresolved,yes,No automatic selection: Kodepos.dev does not corroborate exactly one local source.,no,,diskominfo:32.12.24.2004;open_data_jabar:32.12.24.2004;kodepos_dev:32.12.24.2004,diskominfo_jabar_village_2024_unreviewed;open_data_jabar_postal_2023;kodepos_dev_rest_api,diskominfo:4196;open_data_jabar:22008;kodepos_dev:4196,2026-08-11,government_sources_agree_api_differs
32.12.24.2005,32,JAWA BARAT,32.12,KAB. INDRAMAYU,32.12.24,SUKRA,SUKRAWETAN,,,,,45257,45257,45259,45257;45259,review_required,unresolved,yes,No automatic selection: Kodepos.dev does not corroborate exactly one local source.,no,,diskominfo:32.12.24.2005;open_data_jabar:32.12.24.2005;kodepos_dev:32.12.24.2005,diskominfo_jabar_village_2024_unreviewed;open_data_jabar_postal_2023;kodepos_dev_rest_api,diskominfo:4197;open_data_jabar:22009;kodepos_dev:4197,2026-08-11,government_sources_agree_api_differs
32.12.24.2006,32,JAWA BARAT,32.12,KAB. INDRAMAYU,32.12.24,SUKRA,SUMURADEM,,,,,45257,45257,45259,45257;45259,review_required,unresolved,yes,No automatic selection: Kodepos.dev does not corroborate exactly one local source.,no,,diskominfo:32.12.24.2006;open_data_jabar:32.12.24.2006;kodepos_dev:32.12.24.2006,diskominfo_jabar_village_2024_unreviewed;open_data_jabar_postal_2023;kodepos_dev_rest_api,diskominfo:4198;open_data_jabar:22010;kodepos_dev:4198,2026-08-11,government_sources_agree_api_differs
32.12.24.2007,32,JAWA BARAT,32.12,KAB. INDRAMAYU,32.12.24,SUKRA,SUMURADEM TIMUR,,,,,45257,45257,45259,45257;45259,review_required,unresolved,yes,No automatic selection: Kodepos.dev does not corroborate exactly one local source.,no,,diskominfo:32.12.24.2007;open_data_jabar:32.12.24.2007;kodepos_dev:32.12.24.2007,diskominfo_jabar_village_2024_unreviewed;open_data_jabar_postal_2023;kodepos_dev_rest_api,diskominfo:4199;open_data_jabar:22011;kodepos_dev:4199,2026-08-11,government_sources_agree_api_differs
32.12.24.2017,32,JAWA BARAT,32.12,KAB. INDRAMAYU,32.12.24,SUKRA,KARANG LAYUNG,,,,,45257,45257,45259,45257;45259,review_required,unresolved,yes,No automatic selection: Kodepos.dev does not corroborate exactly one local source.,no,,diskominfo:32.12.24.2017;open_data_jabar:32.12.24.2017;kodepos_dev:32.12.24.2017,diskominfo_jabar_village_2024_unreviewed;open_data_jabar_postal_2023;kodepos_dev_rest_api,diskominfo:4200;open_data_jabar:22012;kodepos_dev:4200,2026-08-11,government_sources_agree_api_differs
32.12.26.2001,32,JAWA BARAT,32.12,KAB. INDRAMAYU,32.12.26,TRISI,CIKAWUNG,,,,,45267,45267,45260,45260;45267,review_required,unresolved,yes,No automatic selection: Kodepos.dev does not corroborate exactly one local source.,no,,diskominfo:32.12.26.2001;open_data_jabar:32.12.26.2001;kodepos_dev:32.12.26.2001,diskominfo_jabar_village_2024_unreviewed;open_data_jabar_postal_2023;kodepos_dev_rest_api,diskominfo:4208;open_data_jabar:22021;kodepos_dev:4208,2026-08-11,government_sources_agree_api_differs
32.12.26.2002,32,JAWA BARAT,32.12,KAB. INDRAMAYU,32.12.26,TRISI,JATIMULYA,,,,,45267,45267,45260,45260;45267,review_required,unresolved,yes,No automatic selection: Kodepos.dev does not corroborate exactly one local source.,no,,diskominfo:32.12.26.2002;open_data_jabar:32.12.26.2002;kodepos_dev:32.12.26.2002,diskominfo_jabar_village_2024_unreviewed;open_data_jabar_postal_2023;kodepos_dev_rest_api,diskominfo:4209;open_data_jabar:22022;kodepos_dev:4209,2026-08-11,government_sources_agree_api_differs
32.12.26.2003,32,JAWA BARAT,32.12,KAB. INDRAMAYU,32.12.26,TRISI,JATIMUNGGUL,,,,,45267,45267,45260,45260;45267,review_required,unresolved,yes,No automatic selection: Kodepos.dev does not corroborate exactly one local source.,no,,diskominfo:32.12.26.2003;open_data_jabar:32.12.26.2003;kodepos_dev:32.12.26.2003,diskominfo_jabar_village_2024_unreviewed;open_data_jabar_postal_2023;kodepos_dev_rest_api,diskominfo:4210;open_data_jabar:22023;kodepos_dev:4210,2026-08-11,government_sources_agree_api_differs
32.12.26.2004,32,JAWA BARAT,32.12,KAB. INDRAMAYU,32.12.26,TRISI,PLOSOKEREP,,,,,45267,45267,45260,45260;45267,review_required,unresolved,yes,No automatic selection: Kodepos.dev does not corroborate exactly one local source.,no,,diskominfo:32.12.26.2004;open_data_jabar:32.12.26.2004;kodepos_dev:32.12.26.2004,diskominfo_jabar_village_2024_unreviewed;open_data_jabar_postal_2023;kodepos_dev_rest_api,diskominfo:4211;open_data_jabar:22024;kodepos_dev:4211,2026-08-11,government_sources_agree_api_differs
32.12.26.2005,32,JAWA BARAT,32.12,KAB. INDRAMAYU,32.12.26,TRISI,RAJASINGA,,,,,45267,45267,45260,45260;45267,review_required,unresolved,yes,No automatic selection: Kodepos.dev does not corroborate exactly one local source.,no,,diskominfo:32.12.26.2005;open_data_jabar:32.12.26.2005;kodepos_dev:32.12.26.2005,diskominfo_jabar_village_2024_unreviewed;open_data_jabar_postal_2023;kodepos_dev_rest_api,diskominfo:4212;open_data_jabar:22026;kodepos_dev:4212,2026-08-11,government_sources_agree_api_differs
32.12.26.2006,32,JAWA BARAT,32.12,KAB. INDRAMAYU,32.12.26,TRISI,KARANGASEM,,,,,45267,45267,45260,45260;45267,review_required,unresolved,yes,No automatic selection: Kodepos.dev does not corroborate exactly one local source.,no,,diskominfo:32.12.26.2006;open_data_jabar:32.12.26.2006;kodepos_dev:32.12.26.2006,diskominfo_jabar_village_2024_unreviewed;open_data_jabar_postal_2023;kodepos_dev_rest_api,diskominfo:4213;open_data_jabar:22027;kodepos_dev:4213,2026-08-11,government_sources_agree_api_differs
32.12.26.2007,32,JAWA BARAT,32.12,KAB. INDRAMAYU,32.12.26,TRISI,CIBERENG,,,,,45267,45267,45260,45260;45267,review_required,unresolved,yes,No automatic selection: Kodepos.dev does not corroborate exactly one local source.,no,,diskominfo:32.12.26.2007;open_data_jabar:32.12.26.2007;kodepos_dev:32.12.26.2007,diskominfo_jabar_village_2024_unreviewed;open_data_jabar_postal_2023;kodepos_dev_rest_api,diskominfo:4214;open_data_jabar:22028;kodepos_dev:4214,2026-08-11,government_sources_agree_api_differs
32.12.26.2008,32,JAWA BARAT,32.12,KAB. INDRAMAYU,32.12.26,TRISI,KENDAYAKAN,,,,,45267,45267,45260,45260;45267,review_required,unresolved,yes,No automatic selection: Kodepos.dev does not corroborate exactly one local source.,no,,diskominfo:32.12.26.2008;open_data_jabar:32.12.26.2008;kodepos_dev:32.12.26.2008,diskominfo_jabar_village_2024_unreviewed;open_data_jabar_postal_2023;kodepos_dev_rest_api,diskominfo:4215;open_data_jabar:22029;kodepos_dev:4215,2026-08-11,government_sources_agree_api_differs
32.12.26.2009,32,JAWA BARAT,32.12,KAB. INDRAMAYU,32.12.26,TRISI,MANGGUNGAN,,,,,45267,45267,45260,45260;45267,review_required,unresolved,yes,No automatic selection: Kodepos.dev does not corroborate exactly one local source.,no,,diskominfo:32.12.26.2009;open_data_jabar:32.12.26.2009;kodepos_dev:32.12.26.2009,diskominfo_jabar_village_2024_unreviewed;open_data_jabar_postal_2023;kodepos_dev_rest_api,diskominfo:4216;open_data_jabar:22030;kodepos_dev:4216,2026-08-11,government_sources_agree_api_differs
32.13.07.2004,32,JAWA BARAT,32.13,KAB. SUBANG,32.13.07,PAGADEN,GUNUNGSEMBUNG,,,,,41252,41252,41251,41251;41252,review_required,unresolved,yes,No automatic selection: Kodepos.dev does not corroborate exactly one local source.,no,,diskominfo:32.13.07.2004;open_data_jabar:32.13.07.2004;kodepos_dev:32.13.07.2004,diskominfo_jabar_village_2024_unreviewed;open_data_jabar_postal_2023;kodepos_dev_rest_api,diskominfo:4310;open_data_jabar:22134;kodepos_dev:4310,2026-08-11,government_sources_agree_api_differs
32.13.07.2005,32,JAWA BARAT,32.13,KAB. SUBANG,32.13.07,PAGADEN,GEMBOR,,,,,41252,41252,41251,41251;41252,review_required,unresolved,yes,No automatic selection: Kodepos.dev does not corroborate exactly one local source.,no,,diskominfo:32.13.07.2005;open_data_jabar:32.13.07.2005;kodepos_dev:32.13.07.2005,diskominfo_jabar_village_2024_unreviewed;open_data_jabar_postal_2023;kodepos_dev_rest_api,diskominfo:4311;open_data_jabar:22135;kodepos_dev:4311,2026-08-11,government_sources_agree_api_differs
32.13.07.2006,32,JAWA BARAT,32.13,KAB. SUBANG,32.13.07,PAGADEN,KAMARUNG,,,,,41252,41252,41251,41251;41252,review_required,unresolved,yes,No automatic selection: Kodepos.dev does not corroborate exactly one local source.,no,,diskominfo:32.13.07.2006;open_data_jabar:32.13.07.2006;kodepos_dev:32.13.07.2006,diskominfo_jabar_village_2024_unreviewed;open_data_jabar_postal_2023;kodepos_dev_rest_api,diskominfo:4312;open_data_jabar:22137;kodepos_dev:4312,2026-08-11,government_sources_agree_api_differs
32.13.07.2010,32,JAWA BARAT,32.13,KAB. SUBANG,32.13.07,PAGADEN,GAMBARSARI,,,,,41252,41252,41251,41251;41252,review_required,unresolved,yes,No automatic selection: Kodepos.dev does not corroborate exactly one local source.,no,,diskominfo:32.13.07.2010;open_data_jabar:32.13.07.2010;kodepos_dev:32.13.07.2010,diskominfo_jabar_village_2024_unreviewed;open_data_jabar_postal_2023;kodepos_dev_rest_api,diskominfo:4313;open_data_jabar:22138;kodepos_dev:4313,2026-08-11,government_sources_agree_api_differs
32.13.07.2011,32,JAWA BARAT,32.13,KAB. SUBANG,32.13.07,PAGADEN,PAGEDAN,,,,,41252,41252,41251,41251;41252,review_required,unresolved,yes,No automatic selection: Kodepos.dev does not corroborate exactly one local source.,no,,diskominfo:32.13.07.2011;open_data_jabar:32.13.07.2011;kodepos_dev:32.13.07.2011,diskominfo_jabar_village_2024_unreviewed;open_data_jabar_postal_2023;kodepos_dev_rest_api,diskominfo:4314;open_data_jabar:22139;kodepos_dev:4314,2026-08-11,government_sources_agree_api_differs
32.13.07.2013,32,JAWA BARAT,32.13,KAB. SUBANG,32.13.07,PAGADEN,NEGLASARI,,,,,41252,41252,41251,41251;41252,review_required,unresolved,yes,No automatic selection: Kodepos.dev does not corroborate exactly one local source.,no,,diskominfo:32.13.07.2013;open_data_jabar:32.13.07.2013;kodepos_dev:32.13.07.2013,diskominfo_jabar_village_2024_unreviewed;open_data_jabar_postal_2023;kodepos_dev_rest_api,diskominfo:4316;open_data_jabar:22141;kodepos_dev:4316,2026-08-11,government_sources_agree_api_differs
32.13.07.2014,32,JAWA BARAT,32.13,KAB. SUBANG,32.13.07,PAGADEN,SUMBERSARI,,,,,41252,41252,41251,41251;41252,review_required,unresolved,yes,No automatic selection: Kodepos.dev does not corroborate exactly one local source.,no,,diskominfo:32.13.07.2014;open_data_jabar:32.13.07.2014;kodepos_dev:32.13.07.2014,diskominfo_jabar_village_2024_unreviewed;open_data_jabar_postal_2023;kodepos_dev_rest_api,diskominfo:4317;open_data_jabar:22142;kodepos_dev:4317,2026-08-11,government_sources_agree_api_differs
32.13.07.2015,32,JAWA BARAT,32.13,KAB. SUBANG,32.13.07,PAGADEN,GUNUNGSARI,,,,,41252,41252,41251,41251;41252,review_required,unresolved,yes,No automatic selection: Kodepos.dev does not corroborate exactly one local source.,no,,diskominfo:32.13.07.2015;open_data_jabar:32.13.07.2015;kodepos_dev:32.13.07.2015,diskominfo_jabar_village_2024_unreviewed;open_data_jabar_postal_2023;kodepos_dev_rest_api,diskominfo:4318;open_data_jabar:22143;kodepos_dev:4318,2026-08-11,government_sources_agree_api_differs
32.13.07.2019,32,JAWA BARAT,32.13,KAB. SUBANG,32.13.07,PAGADEN,JABONG,,,,,41252,41252,41251,41251;41252,review_required,unresolved,yes,No automatic selection: Kodepos.dev does not corroborate exactly one local source.,no,,diskominfo:32.13.07.2019;open_data_jabar:32.13.07.2019;kodepos_dev:32.13.07.2019,diskominfo_jabar_village_2024_unreviewed;open_data_jabar_postal_2023;kodepos_dev_rest_api,diskominfo:4319;open_data_jabar:22144;kodepos_dev:4319,2026-08-11,government_sources_agree_api_differs
32.13.10.2005,32,JAWA BARAT,32.13,KAB. SUBANG,32.13.10,PUSAKANAGARA,PUSAKARATU,,,,,41255,41255,41265,41255;41265,review_required,unresolved,yes,No automatic selection: Kodepos.dev does not corroborate exactly one local source.,no,,diskominfo:32.13.10.2005;open_data_jabar:32.13.10.2005;kodepos_dev:32.13.10.2005,diskominfo_jabar_village_2024_unreviewed;open_data_jabar_postal_2023;kodepos_dev_rest_api,diskominfo:4338;open_data_jabar:22165;kodepos_dev:4338,2026-08-11,government_sources_agree_api_differs
32.13.10.2006,32,JAWA BARAT,32.13,KAB. SUBANG,32.13.10,PUSAKANAGARA,GEMPOL,,,,,41255,41255,41265,41255;41265,review_required,unresolved,yes,No automatic selection: Kodepos.dev does not corroborate exactly one local source.,no,,diskominfo:32.13.10.2006;open_data_jabar:32.13.10.2006;kodepos_dev:32.13.10.2006,diskominfo_jabar_village_2024_unreviewed;open_data_jabar_postal_2023;kodepos_dev_rest_api,diskominfo:4339;open_data_jabar:22166;kodepos_dev:4339,2026-08-11,government_sources_agree_api_differs
32.13.10.2007,32,JAWA BARAT,32.13,KAB. SUBANG,32.13.10,PUSAKANAGARA,KALENTAMBO,,,,,41255,41255,41265,41255;41265,review_required,unresolved,yes,No automatic selection: Kodepos.dev does not corroborate exactly one local source.,no,,diskominfo:32.13.10.2007;open_data_jabar:32.13.10.2007;kodepos_dev:32.13.10.2007,diskominfo_jabar_village_2024_unreviewed;open_data_jabar_postal_2023;kodepos_dev_rest_api,diskominfo:4340;open_data_jabar:22167;kodepos_dev:4340,2026-08-11,government_sources_agree_api_differs
32.13.10.2008,32,JAWA BARAT,32.13,KAB. SUBANG,32.13.10,PUSAKANAGARA,PATIMBAN,,,,,41255,41255,41265,41255;41265,review_required,unresolved,yes,No automatic selection: Kodepos.dev does not corroborate exactly one local source.,no,,diskominfo:32.13.10.2008;open_data_jabar:32.13.10.2008;kodepos_dev:32.13.10.2008,diskominfo_jabar_village_2024_unreviewed;open_data_jabar_postal_2023;kodepos_dev_rest_api,diskominfo:4341;open_data_jabar:22168;kodepos_dev:4341,2026-08-11,government_sources_agree_api_differs
32.13.10.2012,32,JAWA BARAT,32.13,KAB. SUBANG,32.13.10,PUSAKANAGARA,RANCADAKA,,,,,41255,41255,41265,41255;41265,review_required,unresolved,yes,No automatic selection: Kodepos.dev does not corroborate exactly one local source.,no,,diskominfo:32.13.10.2012;open_data_jabar:32.13.10.2012;kodepos_dev:32.13.10.2012,diskominfo_jabar_village_2024_unreviewed;open_data_jabar_postal_2023;kodepos_dev_rest_api,diskominfo:4342;open_data_jabar:22170;kodepos_dev:4342,2026-08-11,government_sources_agree_api_differs
32.13.10.2014,32,JAWA BARAT,32.13,KAB. SUBANG,32.13.10,PUSAKANAGARA,KOTASARI,,,,,41255,41255,41265,41255;41265,review_required,unresolved,yes,No automatic selection: Kodepos.dev does not corroborate exactly one local source.,no,,diskominfo:32.13.10.2014;open_data_jabar:32.13.10.2014;kodepos_dev:32.13.10.2014,diskominfo_jabar_village_2024_unreviewed;open_data_jabar_postal_2023;kodepos_dev_rest_api,diskominfo:4343;open_data_jabar:22171;kodepos_dev:4343,2026-08-11,government_sources_agree_api_differs
32.13.10.2015,32,JAWA BARAT,32.13,KAB. SUBANG,32.13.10,PUSAKANAGARA,MUNDUSARI,,,,,41255,41255,41265,41255;41265,review_required,unresolved,yes,No automatic selection: Kodepos.dev does not corroborate exactly one local source.,no,,diskominfo:32.13.10.2015;open_data_jabar:32.13.10.2015;kodepos_dev:32.13.10.2015,diskominfo_jabar_village_2024_unreviewed;open_data_jabar_postal_2023;kodepos_dev_rest_api,diskominfo:4344;open_data_jabar:22172;kodepos_dev:4344,2026-08-11,government_sources_agree_api_differs
32.13.11.2002,32,JAWA BARAT,32.13,KAB. SUBANG,32.13.11,PAMANUKAN,RANCASARI,,,,,41254,41254,41264,41254;41264,review_required,unresolved,yes,No automatic selection: Kodepos.dev does not corroborate exactly one local source.,no,,diskominfo:32.13.11.2002;open_data_jabar:32.13.11.2002;kodepos_dev:32.13.11.2002,diskominfo_jabar_village_2024_unreviewed;open_data_jabar_postal_2023;kodepos_dev_rest_api,diskominfo:4345;open_data_jabar:22173;kodepos_dev:4345,2026-08-11,government_sources_agree_api_differs
32.13.11.2003,32,JAWA BARAT,32.13,KAB. SUBANG,32.13.11,PAMANUKAN,RANCAHILIR,,,,,41254,41254,41264,41254;41264,review_required,unresolved,yes,No automatic selection: Kodepos.dev does not corroborate exactly one local source.,no,,diskominfo:32.13.11.2003;open_data_jabar:32.13.11.2003;kodepos_dev:32.13.11.2003,diskominfo_jabar_village_2024_unreviewed;open_data_jabar_postal_2023;kodepos_dev_rest_api,diskominfo:4346;open_data_jabar:22174;kodepos_dev:4346,2026-08-11,government_sources_agree_api_differs
32.13.11.2004,32,JAWA BARAT,32.13,KAB. SUBANG,32.13.11,PAMANUKAN,PAMANUKAN,,,,,41254,41254,41264,41254;41264,review_required,unresolved,yes,No automatic selection: Kodepos.dev does not corroborate exactly one local source.,no,,diskominfo:32.13.11.2004;open_data_jabar:32.13.11.2004;kodepos_dev:32.13.11.2004,diskominfo_jabar_village_2024_unreviewed;open_data_jabar_postal_2023;kodepos_dev_rest_api,diskominfo:4347;open_data_jabar:22175;kodepos_dev:4347,2026-08-11,government_sources_agree_api_differs
32.13.11.2006,32,JAWA BARAT,32.13,KAB. SUBANG,32.13.11,PAMANUKAN,PAMANUKAN HILIR,,,,,41254,41254,41264,41254;41264,review_required,unresolved,yes,No automatic selection: Kodepos.dev does not corroborate exactly one local source.,no,,diskominfo:32.13.11.2006;open_data_jabar:32.13.11.2006;kodepos_dev:32.13.11.2006,diskominfo_jabar_village_2024_unreviewed;open_data_jabar_postal_2023;kodepos_dev_rest_api,diskominfo:4348;open_data_jabar:22176;kodepos_dev:4348,2026-08-11,government_sources_agree_api_differs
32.13.11.2007,32,JAWA BARAT,32.13,KAB. SUBANG,32.13.11,PAMANUKAN,PAMANUKAN SEBRANG,,,,,41254,41254,41264,41254;41264,review_required,unresolved,yes,No automatic selection: Kodepos.dev does not corroborate exactly one local source.,no,,diskominfo:32.13.11.2007;open_data_jabar:32.13.11.2007;kodepos_dev:32.13.11.2007,diskominfo_jabar_village_2024_unreviewed;open_data_jabar_postal_2023;kodepos_dev_rest_api,diskominfo:4349;open_data_jabar:22177;kodepos_dev:4349,2026-08-11,government_sources_agree_api_differs
32.13.11.2009,32,JAWA BARAT,32.13,KAB. SUBANG,32.13.11,PAMANUKAN,MULYASARI,,,,,41254,41254,41264,41254;41264,review_required,unresolved,yes,No automatic selection: Kodepos.dev does not corroborate exactly one local source.,no,,diskominfo:32.13.11.2009;open_data_jabar:32.13.11.2009;kodepos_dev:32.13.11.2009,diskominfo_jabar_village_2024_unreviewed;open_data_jabar_postal_2023;kodepos_dev_rest_api,diskominfo:4350;open_data_jabar:22178;kodepos_dev:4350,2026-08-11,government_sources_agree_api_differs
32.13.11.2010,32,JAWA BARAT,32.13,KAB. SUBANG,32.13.11,PAMANUKAN,LENGKONGJAYA,,,,,41254,41254,41264,41254;41264,review_required,unresolved,yes,No automatic selection: Kodepos.dev does not corroborate exactly one local source.,no,,diskominfo:32.13.11.2010;open_data_jabar:32.13.11.2010;kodepos_dev:32.13.11.2010,diskominfo_jabar_village_2024_unreviewed;open_data_jabar_postal_2023;kodepos_dev_rest_api,diskominfo:4351;open_data_jabar:22179;kodepos_dev:4351,2026-08-11,government_sources_agree_api_differs
32.13.11.2011,32,JAWA BARAT,32.13,KAB. SUBANG,32.13.11,PAMANUKAN,BONGAS,,,,,41254,41254,41264,41254;41264,review_required,unresolved,yes,No automatic selection: Kodepos.dev does not corroborate exactly one local source.,no,,diskominfo:32.13.11.2011;open_data_jabar:32.13.11.2011;kodepos_dev:32.13.11.2011,diskominfo_jabar_village_2024_unreviewed;open_data_jabar_postal_2023;kodepos_dev_rest_api,diskominfo:4352;open_data_jabar:22181;kodepos_dev:4352,2026-08-11,government_sources_agree_api_differs
32.13.22.2001,32,JAWA BARAT,32.13,KAB. SUBANG,32.13.22,CIKAUM,KAWUNGANTEN,,,,,41264,41264,41266,41264;41266,review_required,unresolved,yes,No automatic selection: Kodepos.dev does not corroborate exactly one local source.,no,,diskominfo:32.13.22.2001;open_data_jabar:32.13.22.2001;kodepos_dev:32.13.22.2001,diskominfo_jabar_village_2024_unreviewed;open_data_jabar_postal_2023;kodepos_dev_rest_api,diskominfo:4438;open_data_jabar:22278;kodepos_dev:4438,2026-08-11,government_sources_agree_api_differs
32.13.30.2004,32,JAWA BARAT,32.13,KAB. SUBANG,32.13.30,PUSAKAJAYA,BOJONGTENGAH,,,,,41266,41266,41255,41255;41266,review_required,unresolved,yes,No automatic selection: Kodepos.dev does not corroborate exactly one local source.,no,,diskominfo:32.13.30.2004;open_data_jabar:32.13.30.2004;kodepos_dev:32.13.30.2004,diskominfo_jabar_village_2024_unreviewed;open_data_jabar_postal_2023;kodepos_dev_rest_api,diskominfo:4506;open_data_jabar:22354;kodepos_dev:4506,2026-08-11,government_sources_agree_api_differs
32.13.30.2005,32,JAWA BARAT,32.13,KAB. SUBANG,32.13.30,PUSAKAJAYA,BOJONGJAYA,,,,,41266,41266,41255,41255;41266,review_required,unresolved,yes,No automatic selection: Kodepos.dev does not corroborate exactly one local source.,no,,diskominfo:32.13.30.2005;open_data_jabar:32.13.30.2005;kodepos_dev:32.13.30.2005,diskominfo_jabar_village_2024_unreviewed;open_data_jabar_postal_2023;kodepos_dev_rest_api,diskominfo:4507;open_data_jabar:22355;kodepos_dev:4507,2026-08-11,government_sources_agree_api_differs
32.14.02.2002,32,JAWA BARAT,32.14,KAB. PURWAKARTA,32.14.02,CAMPAKA,CAMPAKASARI,,,,,41181,41181,41180,41180;41181,review_required,unresolved,yes,No automatic selection: Kodepos.dev does not corroborate exactly one local source.,no,,diskominfo:32.14.02.2002;open_data_jabar:32.14.02.2002;kodepos_dev:32.14.02.2002,diskominfo_jabar_village_2024_unreviewed;open_data_jabar_postal_2023;kodepos_dev_rest_api,diskominfo:4522;open_data_jabar:22372;kodepos_dev:4522,2026-08-11,government_sources_agree_api_differs
32.14.02.2003,32,JAWA BARAT,32.14,KAB. PURWAKARTA,32.14.02,CAMPAKA,BENTENG,,,,,41181,41181,41180,41180;41181,review_required,unresolved,yes,No automatic selection: Kodepos.dev does not corroborate exactly one local source.,no,,diskominfo:32.14.02.2003;open_data_jabar:32.14.02.2003;kodepos_dev:32.14.02.2003,diskominfo_jabar_village_2024_unreviewed;open_data_jabar_postal_2023;kodepos_dev_rest_api,diskominfo:4523;open_data_jabar:22373;kodepos_dev:4523,2026-08-11,government_sources_agree_api_differs
32.14.02.2004,32,JAWA BARAT,32.14,KAB. PURWAKARTA,32.14.02,CAMPAKA,CIRENDE,,,,,41181,41181,41180,41180;41181,review_required,unresolved,yes,No automatic selection: Kodepos.dev does not corroborate exactly one local source.,no,,diskominfo:32.14.02.2004;open_data_jabar:32.14.02.2004;kodepos_dev:32.14.02.2004,diskominfo_jabar_village_2024_unreviewed;open_data_jabar_postal_2023;kodepos_dev_rest_api,diskominfo:4524;open_data_jabar:22374;kodepos_dev:4524,2026-08-11,government_sources_agree_api_differs
32.14.02.2005,32,JAWA BARAT,32.14,KAB. PURWAKARTA,32.14.02,CAMPAKA,CIKUMPAY,,,,,41181,41181,41180,41180;41181,review_required,unresolved,yes,No automatic selection: Kodepos.dev does not corroborate exactly one local source.,no,,diskominfo:32.14.02.2005;open_data_jabar:32.14.02.2005;kodepos_dev:32.14.02.2005,diskominfo_jabar_village_2024_unreviewed;open_data_jabar_postal_2023;kodepos_dev_rest_api,diskominfo:4525;open_data_jabar:22375;kodepos_dev:4525,2026-08-11,government_sources_agree_api_differs
32.14.02.2006,32,JAWA BARAT,32.14,KAB. PURWAKARTA,32.14.02,CAMPAKA,CIJAYA,,,,,41181,41181,41180,41180;41181,review_required,unresolved,yes,No automatic selection: Kodepos.dev does not corroborate exactly one local source.,no,,diskominfo:32.14.02.2006;open_data_jabar:32.14.02.2006;kodepos_dev:32.14.02.2006,diskominfo_jabar_village_2024_unreviewed;open_data_jabar_postal_2023;kodepos_dev_rest_api,diskominfo:4526;open_data_jabar:22376;kodepos_dev:4526,2026-08-11,government_sources_agree_api_differs
32.14.02.2007,32,JAWA BARAT,32.14,KAB. PURWAKARTA,32.14.02,CAMPAKA,KERTAMUKTI,,,,,41181,41181,41180,41180;41181,review_required,unresolved,yes,No automatic selection: Kodepos.dev does not corroborate exactly one local source.,no,,diskominfo:32.14.02.2007;open_data_jabar:32.14.02.2007;kodepos_dev:32.14.02.2007,diskominfo_jabar_village_2024_unreviewed;open_data_jabar_postal_2023;kodepos_dev_rest_api,diskominfo:4527;open_data_jabar:22377;kodepos_dev:4527,2026-08-11,government_sources_agree_api_differs
32.14.02.2008,32,JAWA BARAT,32.14,KAB. PURWAKARTA,32.14.02,CAMPAKA,CIMAHI,,,,,41181,41181,41180,41180;41181,review_required,unresolved,yes,No automatic selection: Kodepos.dev does not corroborate exactly one local source.,no,,diskominfo:32.14.02.2008;open_data_jabar:32.14.02.2008;kodepos_dev:32.14.02.2008,diskominfo_jabar_village_2024_unreviewed;open_data_jabar_postal_2023;kodepos_dev_rest_api,diskominfo:4528;open_data_jabar:22378;kodepos_dev:4528,2026-08-11,government_sources_agree_api_differs
32.14.02.2009,32,JAWA BARAT,32.14,KAB. PURWAKARTA,32.14.02,CAMPAKA,CIJUNTI,,,,,41181,41181,41180,41180;41181,review_required,unresolved,yes,No automatic selection: Kodepos.dev does not corroborate exactly one local source.,no,,diskominfo:32.14.02.2009;open_data_jabar:32.14.02.2009;kodepos_dev:32.14.02.2009,diskominfo_jabar_village_2024_unreviewed;open_data_jabar_postal_2023;kodepos_dev_rest_api,diskominfo:4529;open_data_jabar:22379;kodepos_dev:4529,2026-08-11,government_sources_agree_api_differs
32.14.02.2010,32,JAWA BARAT,32.14,KAB. PURWAKARTA,32.14.02,CAMPAKA,CISAAT,,,,,41181,41181,41180,41180;41181,review_required,unresolved,yes,No automatic selection: Kodepos.dev does not corroborate exactly one local source.,no,,diskominfo:32.14.02.2010;open_data_jabar:32.14.02.2010;kodepos_dev:32.14.02.2010,diskominfo_jabar_village_2024_unreviewed;open_data_jabar_postal_2023;kodepos_dev_rest_api,diskominfo:4530;open_data_jabar:22380;kodepos_dev:4530,2026-08-11,government_sources_agree_api_differs
32.14.16.2001,32,JAWA BARAT,32.14,KAB. PURWAKARTA,32.14.16,PONDOKSALAM,PARAKANSALAM,,,,,41173,41173,41115,41115;41173,review_required,unresolved,yes,No automatic selection: Kodepos.dev does not corroborate exactly one local source.,no,,diskominfo:32.14.16.2001;open_data_jabar:32.14.16.2001;kodepos_dev:32.14.16.2001,diskominfo_jabar_village_2024_unreviewed;open_data_jabar_postal_2023;kodepos_dev_rest_api,diskominfo:4682;open_data_jabar:22549;kodepos_dev:4682,2026-08-11,government_sources_agree_api_differs
32.14.16.2002,32,JAWA BARAT,32.14,KAB. PURWAKARTA,32.14.16,PONDOKSALAM,PONDOKBUNGUR,,,,,41173,41173,41115,41115;41173,review_required,unresolved,yes,No automatic selection: Kodepos.dev does not corroborate exactly one local source.,no,,diskominfo:32.14.16.2002;open_data_jabar:32.14.16.2002;kodepos_dev:32.14.16.2002,diskominfo_jabar_village_2024_unreviewed;open_data_jabar_postal_2023;kodepos_dev_rest_api,diskominfo:4683;open_data_jabar:22550;kodepos_dev:4683,2026-08-11,government_sources_agree_api_differs
32.14.16.2003,32,JAWA BARAT,32.14,KAB. PURWAKARTA,32.14.16,PONDOKSALAM,SALEM,,,,,41173,41173,41115,41115;41173,review_required,unresolved,yes,No automatic selection: Kodepos.dev does not corroborate exactly one local source.,no,,diskominfo:32.14.16.2003;open_data_jabar:32.14.16.2003;kodepos_dev:32.14.16.2003,diskominfo_jabar_village_2024_unreviewed;open_data_jabar_postal_2023;kodepos_dev_rest_api,diskominfo:4684;open_data_jabar:22551;kodepos_dev:4684,2026-08-11,government_sources_agree_api_differs
32.14.16.2004,32,JAWA BARAT,32.14,KAB. PURWAKARTA,32.14.16,PONDOKSALAM,GALUDRA,,,,,41173,41173,41115,41115;41173,review_required,unresolved,yes,No automatic selection: Kodepos.dev does not corroborate exactly one local source.,no,,diskominfo:32.14.16.2004;open_data_jabar:32.14.16.2004;kodepos_dev:32.14.16.2004,diskominfo_jabar_village_2024_unreviewed;open_data_jabar_postal_2023;kodepos_dev_rest_api,diskominfo:4685;open_data_jabar:22552;kodepos_dev:4685,2026-08-11,government_sources_agree_api_differs
32.14.16.2005,32,JAWA BARAT,32.14,KAB. PURWAKARTA,32.14.16,PONDOKSALAM,TANJUNGSARI,,,,,41173,41173,41115,41115;41173,review_required,unresolved,yes,No automatic selection: Kodepos.dev does not corroborate exactly one local source.,no,,diskominfo:32.14.16.2005;open_data_jabar:32.14.16.2005;kodepos_dev:32.14.16.2005,diskominfo_jabar_village_2024_unreviewed;open_data_jabar_postal_2023;kodepos_dev_rest_api,diskominfo:4686;open_data_jabar:22553;kodepos_dev:4686,2026-08-11,government_sources_agree_api_differs
32.14.16.2006,32,JAWA BARAT,32.14,KAB. PURWAKARTA,32.14.16,PONDOKSALAM,SALAMMULYA,,,,,41173,41173,41115,41115;41173,review_required,unresolved,yes,No automatic selection: Kodepos.dev does not corroborate exactly one local source.,no,,diskominfo:32.14.16.2006;open_data_jabar:32.14.16.2006;kodepos_dev:32.14.16.2006,diskominfo_jabar_village_2024_unreviewed;open_data_jabar_postal_2023;kodepos_dev_rest_api,diskominfo:4687;open_data_jabar:22554;kodepos_dev:4687,2026-08-11,government_sources_agree_api_differs
32.14.16.2007,32,JAWA BARAT,32.14,KAB. PURWAKARTA,32.14.16,PONDOKSALAM,SALAMJAYA,,,,,41173,41173,41115,41115;41173,review_required,unresolved,yes,No automatic selection: Kodepos.dev does not corroborate exactly one local source.,no,,diskominfo:32.14.16.2007;open_data_jabar:32.14.16.2007;kodepos_dev:32.14.16.2007,diskominfo_jabar_village_2024_unreviewed;open_data_jabar_postal_2023;kodepos_dev_rest_api,diskominfo:4688;open_data_jabar:22555;kodepos_dev:4688,2026-08-11,government_sources_agree_api_differs
32.14.16.2008,32,JAWA BARAT,32.14,KAB. PURWAKARTA,32.14.16,PONDOKSALAM,BUNGURJAYA,,,,,41173,41173,41115,41115;41173,review_required,unresolved,yes,No automatic selection: Kodepos.dev does not corroborate exactly one local source.,no,,diskominfo:32.14.16.2008;open_data_jabar:32.14.16.2008;kodepos_dev:32.14.16.2008,diskominfo_jabar_village_2024_unreviewed;open_data_jabar_postal_2023;kodepos_dev_rest_api,diskominfo:4689;open_data_jabar:22556;kodepos_dev:4689,2026-08-11,government_sources_agree_api_differs
32.14.16.2009,32,JAWA BARAT,32.14,KAB. PURWAKARTA,32.14.16,PONDOKSALAM,GURUDUG,,,,,41173,41173,41115,41115;41173,review_required,unresolved,yes,No automatic selection: Kodepos.dev does not corroborate exactly one local source.,no,,diskominfo:32.14.16.2009;open_data_jabar:32.14.16.2009;kodepos_dev:32.14.16.2009,diskominfo_jabar_village_2024_unreviewed;open_data_jabar_postal_2023;kodepos_dev_rest_api,diskominfo:4690;open_data_jabar:22557;kodepos_dev:4690,2026-08-11,government_sources_agree_api_differs
32.14.16.2010,32,JAWA BARAT,32.14,KAB. PURWAKARTA,32.14.16,PONDOKSALAM,SUKAJADI,,,,,41173,41173,41115,41115;41173,review_required,unresolved,yes,No automatic selection: Kodepos.dev does not corroborate exactly one local source.,no,,diskominfo:32.14.16.2010;open_data_jabar:32.14.16.2010;kodepos_dev:32.14.16.2010,diskominfo_jabar_village_2024_unreviewed;open_data_jabar_postal_2023;kodepos_dev_rest_api,diskominfo:4691;open_data_jabar:22558;kodepos_dev:4691,2026-08-11,government_sources_agree_api_differs
32.14.16.2011,32,JAWA BARAT,32.14,KAB. PURWAKARTA,32.14.16,PONDOKSALAM,SITU,,,,,41173,41173,41115,41115;41173,review_required,unresolved,yes,No automatic selection: Kodepos.dev does not corroborate exactly one local source.,no,,diskominfo:32.14.16.2011;open_data_jabar:32.14.16.2011;kodepos_dev:32.14.16.2011,diskominfo_jabar_village_2024_unreviewed;open_data_jabar_postal_2023;kodepos_dev_rest_api,diskominfo:4692;open_data_jabar:22561;kodepos_dev:4692,2026-08-11,government_sources_agree_api_differs
32.15.14.2001,32,JAWA BARAT,32.15,KAB. KARAWANG,32.15.14,JATISARI,MEKARSARI,,,,,41374,41374,41375,41374;41375,review_required,unresolved,yes,No automatic selection: Kodepos.dev does not corroborate exactly one local source.,no,,diskominfo:32.15.14.2001;open_data_jabar:32.15.14.2001;kodepos_dev:32.15.14.2001,diskominfo_jabar_village_2024_unreviewed;open_data_jabar_postal_2023;kodepos_dev_rest_api,diskominfo:4831;open_data_jabar:22714;kodepos_dev:4831,2026-08-11,government_sources_agree_api_differs
32.15.14.2002,32,JAWA BARAT,32.15,KAB. KARAWANG,32.15.14,JATISARI,JATISARI,,,,,41374,41374,41375,41374;41375,review_required,unresolved,yes,No automatic selection: Kodepos.dev does not corroborate exactly one local source.,no,,diskominfo:32.15.14.2002;open_data_jabar:32.15.14.2002;kodepos_dev:32.15.14.2002,diskominfo_jabar_village_2024_unreviewed;open_data_jabar_postal_2023;kodepos_dev_rest_api,diskominfo:4832;open_data_jabar:22716;kodepos_dev:4832,2026-08-11,government_sources_agree_api_differs
32.15.14.2003,32,JAWA BARAT,32.15,KAB. KARAWANG,32.15.14,JATISARI,BARUGBUG,,,,,41374,41374,41375,41374;41375,review_required,unresolved,yes,No automatic selection: Kodepos.dev does not corroborate exactly one local source.,no,,diskominfo:32.15.14.2003;open_data_jabar:32.15.14.2003;kodepos_dev:32.15.14.2003,diskominfo_jabar_village_2024_unreviewed;open_data_jabar_postal_2023;kodepos_dev_rest_api,diskominfo:4833;open_data_jabar:22717;kodepos_dev:4833,2026-08-11,government_sources_agree_api_differs
32.15.14.2004,32,JAWA BARAT,32.15,KAB. KARAWANG,32.15.14,JATISARI,CIKALONGSARI,,,,,41374,41374,41375,41374;41375,review_required,unresolved,yes,No automatic selection: Kodepos.dev does not corroborate exactly one local source.,no,,diskominfo:32.15.14.2004;open_data_jabar:32.15.14.2004;kodepos_dev:32.15.14.2004,diskominfo_jabar_village_2024_unreviewed;open_data_jabar_postal_2023;kodepos_dev_rest_api,diskominfo:4834;open_data_jabar:22718;kodepos_dev:4834,2026-08-11,government_sources_agree_api_differs
32.15.14.2005,32,JAWA BARAT,32.15,KAB. KARAWANG,32.15.14,JATISARI,CIREJAG,,,,,41374,41374,41375,41374;41375,review_required,unresolved,yes,No automatic selection: Kodepos.dev does not corroborate exactly one local source.,no,,diskominfo:32.15.14.2005;open_data_jabar:32.15.14.2005;kodepos_dev:32.15.14.2005,diskominfo_jabar_village_2024_unreviewed;open_data_jabar_postal_2023;kodepos_dev_rest_api,diskominfo:4835;open_data_jabar:22719;kodepos_dev:4835,2026-08-11,government_sources_agree_api_differs
32.15.14.2006,32,JAWA BARAT,32.15,KAB. KARAWANG,32.15.14,JATISARI,JATIBARU,,,,,41374,41374,41375,41374;41375,review_required,unresolved,yes,No automatic selection: Kodepos.dev does not corroborate exactly one local source.,no,,diskominfo:32.15.14.2006;open_data_jabar:32.15.14.2006;kodepos_dev:32.15.14.2006,diskominfo_jabar_village_2024_unreviewed;open_data_jabar_postal_2023;kodepos_dev_rest_api,diskominfo:4836;open_data_jabar:22720;kodepos_dev:4836,2026-08-11,government_sources_agree_api_differs
32.15.14.2007,32,JAWA BARAT,32.15,KAB. KARAWANG,32.15.14,JATISARI,JATIRAGAS,,,,,41374,41374,41375,41374;41375,review_required,unresolved,yes,No automatic selection: Kodepos.dev does not corroborate exactly one local source.,no,,diskominfo:32.15.14.2007;open_data_jabar:32.15.14.2007;kodepos_dev:32.15.14.2007,diskominfo_jabar_village_2024_unreviewed;open_data_jabar_postal_2023;kodepos_dev_rest_api,diskominfo:4837;open_data_jabar:22721;kodepos_dev:4837,2026-08-11,government_sources_agree_api_differs
32.15.14.2008,32,JAWA BARAT,32.15,KAB. KARAWANG,32.15.14,JATISARI,JATIWANGI,,,,,41374,41374,41375,41374;41375,review_required,unresolved,yes,No automatic selection: Kodepos.dev does not corroborate exactly one local source.,no,,diskominfo:32.15.14.2008;open_data_jabar:32.15.14.2008;kodepos_dev:32.15.14.2008,diskominfo_jabar_village_2024_unreviewed;open_data_jabar_postal_2023;kodepos_dev_rest_api,diskominfo:4838;open_data_jabar:22722;kodepos_dev:4838,2026-08-11,government_sources_agree_api_differs
32.15.14.2009,32,JAWA BARAT,32.15,KAB. KARAWANG,32.15.14,JATISARI,KALIJATI,,,,,41374,41374,41375,41374;41375,review_required,unresolved,yes,No automatic selection: Kodepos.dev does not corroborate exactly one local source.,no,,diskominfo:32.15.14.2009;open_data_jabar:32.15.14.2009;kodepos_dev:32.15.14.2009,diskominfo_jabar_village_2024_unreviewed;open_data_jabar_postal_2023;kodepos_dev_rest_api,diskominfo:4839;open_data_jabar:22723;kodepos_dev:4839,2026-08-11,government_sources_agree_api_differs
32.15.14.2010,32,JAWA BARAT,32.15,KAB. KARAWANG,32.15.14,JATISARI,BALONGGANDU,,,,,41374,41374,41375,41374;41375,review_required,unresolved,yes,No automatic selection: Kodepos.dev does not corroborate exactly one local source.,no,,diskominfo:32.15.14.2010;open_data_jabar:32.15.14.2010;kodepos_dev:32.15.14.2010,diskominfo_jabar_village_2024_unreviewed;open_data_jabar_postal_2023;kodepos_dev_rest_api,diskominfo:4840;open_data_jabar:22724;kodepos_dev:4840,2026-08-11,government_sources_agree_api_differs
32.15.14.2011,32,JAWA BARAT,32.15,KAB. KARAWANG,32.15.14,JATISARI,PACING,,,,,41374,41374,41375,41374;41375,review_required,unresolved,yes,No automatic selection: Kodepos.dev does not corroborate exactly one local source.,no,,diskominfo:32.15.14.2011;open_data_jabar:32.15.14.2011;kodepos_dev:32.15.14.2011,diskominfo_jabar_village_2024_unreviewed;open_data_jabar_postal_2023;kodepos_dev_rest_api,diskominfo:4841;open_data_jabar:22725;kodepos_dev:4841,2026-08-11,government_sources_agree_api_differs
32.15.14.2012,32,JAWA BARAT,32.15,KAB. KARAWANG,32.15.14,JATISARI,SITUDAM,,,,,41374,41374,41375,41374;41375,review_required,unresolved,yes,No automatic selection: Kodepos.dev does not corroborate exactly one local source.,no,,diskominfo:32.15.14.2012;open_data_jabar:32.15.14.2012;kodepos_dev:32.15.14.2012,diskominfo_jabar_village_2024_unreviewed;open_data_jabar_postal_2023;kodepos_dev_rest_api,diskominfo:4842;open_data_jabar:22727;kodepos_dev:4842,2026-08-11,government_sources_agree_api_differs
32.15.14.2013,32,JAWA BARAT,32.15,KAB. KARAWANG,32.15.14,JATISARI,SUKAMEKAR,,,,,41374,41374,41375,41374;41375,review_required,unresolved,yes,No automatic selection: Kodepos.dev does not corroborate exactly one local source.,no,,diskominfo:32.15.14.2013;open_data_jabar:32.15.14.2013;kodepos_dev:32.15.14.2013,diskominfo_jabar_village_2024_unreviewed;open_data_jabar_postal_2023;kodepos_dev_rest_api,diskominfo:4843;open_data_jabar:22728;kodepos_dev:4843,2026-08-11,government_sources_agree_api_differs
32.15.14.2014,32,JAWA BARAT,32.15,KAB. KARAWANG,32.15.14,JATISARI,TELARSARI,,,,,41374,41374,41375,41374;41375,review_required,unresolved,yes,No automatic selection: Kodepos.dev does not corroborate exactly one local source.,no,,diskominfo:32.15.14.2014;open_data_jabar:32.15.14.2014;kodepos_dev:32.15.14.2014,diskominfo_jabar_village_2024_unreviewed;open_data_jabar_postal_2023;kodepos_dev_rest_api,diskominfo:4844;open_data_jabar:22729;kodepos_dev:4844,2026-08-11,government_sources_agree_api_differs
32.15.15.2001,32,JAWA BARAT,32.15,KAB. KARAWANG,32.15.15,CILAMAYA WETAN,MEKARMAYA,,,,,41384,41384,41386,41384;41386,review_required,unresolved,yes,No automatic selection: Kodepos.dev does not corroborate exactly one local source.,no,,diskominfo:32.15.15.2001;open_data_jabar:32.15.15.2001;kodepos_dev:32.15.15.2001,diskominfo_jabar_village_2024_unreviewed;open_data_jabar_postal_2023;kodepos_dev_rest_api,diskominfo:4845;open_data_jabar:22730;kodepos_dev:4845,2026-08-11,government_sources_agree_api_differs
32.15.15.2002,32,JAWA BARAT,32.15,KAB. KARAWANG,32.15.15,CILAMAYA WETAN,CILAMAYA,,,,,41384,41384,41386,41384;41386,review_required,unresolved,yes,No automatic selection: Kodepos.dev does not corroborate exactly one local source.,no,,diskominfo:32.15.15.2002;open_data_jabar:32.15.15.2002;kodepos_dev:32.15.15.2002,diskominfo_jabar_village_2024_unreviewed;open_data_jabar_postal_2023;kodepos_dev_rest_api,diskominfo:4846;open_data_jabar:22731;kodepos_dev:4846,2026-08-11,government_sources_agree_api_differs
32.15.15.2003,32,JAWA BARAT,32.15,KAB. KARAWANG,32.15.15,CILAMAYA WETAN,MUARA,,,,,41384,41384,41386,41384;41386,review_required,unresolved,yes,No automatic selection: Kodepos.dev does not corroborate exactly one local source.,no,,diskominfo:32.15.15.2003;open_data_jabar:32.15.15.2003;kodepos_dev:32.15.15.2003,diskominfo_jabar_village_2024_unreviewed;open_data_jabar_postal_2023;kodepos_dev_rest_api,diskominfo:4847;open_data_jabar:22732;kodepos_dev:4847,2026-08-11,government_sources_agree_api_differs
32.15.15.2004,32,JAWA BARAT,32.15,KAB. KARAWANG,32.15.15,CILAMAYA WETAN,MUARABARU,,,,,41384,41384,41386,41384;41386,review_required,unresolved,yes,No automatic selection: Kodepos.dev does not corroborate exactly one local source.,no,,diskominfo:32.15.15.2004;open_data_jabar:32.15.15.2004;kodepos_dev:32.15.15.2004,diskominfo_jabar_village_2024_unreviewed;open_data_jabar_postal_2023;kodepos_dev_rest_api,diskominfo:4848;open_data_jabar:22733;kodepos_dev:4848,2026-08-11,government_sources_agree_api_differs
32.15.15.2005,32,JAWA BARAT,32.15,KAB. KARAWANG,32.15.15,CILAMAYA WETAN,SUKATANI,,,,,41384,41384,41386,41384;41386,review_required,unresolved,yes,No automatic selection: Kodepos.dev does not corroborate exactly one local source.,no,,diskominfo:32.15.15.2005;open_data_jabar:32.15.15.2005;kodepos_dev:32.15.15.2005,diskominfo_jabar_village_2024_unreviewed;open_data_jabar_postal_2023;kodepos_dev_rest_api,diskominfo:4849;open_data_jabar:22734;kodepos_dev:4849,2026-08-11,government_sources_agree_api_differs
32.15.15.2006,32,JAWA BARAT,32.15,KAB. KARAWANG,32.15.15,CILAMAYA WETAN,TEGALWARU,,,,,41384,41384,41386,41384;41386,review_required,unresolved,yes,No automatic selection: Kodepos.dev does not corroborate exactly one local source.,no,,diskominfo:32.15.15.2006;open_data_jabar:32.15.15.2006;kodepos_dev:32.15.15.2006,diskominfo_jabar_village_2024_unreviewed;open_data_jabar_postal_2023;kodepos_dev_rest_api,diskominfo:4850;open_data_jabar:22735;kodepos_dev:4850,2026-08-11,government_sources_agree_api_differs
32.15.15.2007,32,JAWA BARAT,32.15,KAB. KARAWANG,32.15.15,CILAMAYA WETAN,TEGALSARI,,,,,41384,41384,41386,41384;41386,review_required,unresolved,yes,No automatic selection: Kodepos.dev does not corroborate exactly one local source.,no,,diskominfo:32.15.15.2007;open_data_jabar:32.15.15.2007;kodepos_dev:32.15.15.2007,diskominfo_jabar_village_2024_unreviewed;open_data_jabar_postal_2023;kodepos_dev_rest_api,diskominfo:4851;open_data_jabar:22736;kodepos_dev:4851,2026-08-11,government_sources_agree_api_differs
32.15.15.2008,32,JAWA BARAT,32.15,KAB. KARAWANG,32.15.15,CILAMAYA WETAN,CIKALONG,,,,,41384,41384,41386,41384;41386,review_required,unresolved,yes,No automatic selection: Kodepos.dev does not corroborate exactly one local source.,no,,diskominfo:32.15.15.2008;open_data_jabar:32.15.15.2008;kodepos_dev:32.15.15.2008,diskominfo_jabar_village_2024_unreviewed;open_data_jabar_postal_2023;kodepos_dev_rest_api,diskominfo:4852;open_data_jabar:22738;kodepos_dev:4852,2026-08-11,government_sources_agree_api_differs
32.15.15.2009,32,JAWA BARAT,32.15,KAB. KARAWANG,32.15.15,CILAMAYA WETAN,CIKARANG,,,,,41384,41384,41386,41384;41386,review_required,unresolved,yes,No automatic selection: Kodepos.dev does not corroborate exactly one local source.,no,,diskominfo:32.15.15.2009;open_data_jabar:32.15.15.2009;kodepos_dev:32.15.15.2009,diskominfo_jabar_village_2024_unreviewed;open_data_jabar_postal_2023;kodepos_dev_rest_api,diskominfo:4853;open_data_jabar:22739;kodepos_dev:4853,2026-08-11,government_sources_agree_api_differs
32.15.15.2010,32,JAWA BARAT,32.15,KAB. KARAWANG,32.15.15,CILAMAYA WETAN,RAWAGEMPOL WETAN,,,,,41384,41384,41386,41384;41386,review_required,unresolved,yes,No automatic selection: Kodepos.dev does not corroborate exactly one local source.,no,,diskominfo:32.15.15.2010;open_data_jabar:32.15.15.2010;kodepos_dev:32.15.15.2010,diskominfo_jabar_village_2024_unreviewed;open_data_jabar_postal_2023;kodepos_dev_rest_api,diskominfo:4854;open_data_jabar:22740;kodepos_dev:4854,2026-08-11,government_sources_agree_api_differs
32.15.15.2011,32,JAWA BARAT,32.15,KAB. KARAWANG,32.15.15,CILAMAYA WETAN,RAWAGEMPOL KULON,,,,,41384,41384,41386,41384;41386,review_required,unresolved,yes,No automatic selection: Kodepos.dev does not corroborate exactly one local source.,no,,diskominfo:32.15.15.2011;open_data_jabar:32.15.15.2011;kodepos_dev:32.15.15.2011,diskominfo_jabar_village_2024_unreviewed;open_data_jabar_postal_2023;kodepos_dev_rest_api,diskominfo:4855;open_data_jabar:22741;kodepos_dev:4855,2026-08-11,government_sources_agree_api_differs
32.15.15.2012,32,JAWA BARAT,32.15,KAB. KARAWANG,32.15.15,CILAMAYA WETAN,SUKAKERTA,,,,,41384,41384,41386,41384;41386,review_required,unresolved,yes,No automatic selection: Kodepos.dev does not corroborate exactly one local source.,no,,diskominfo:32.15.15.2012;open_data_jabar:32.15.15.2012;kodepos_dev:32.15.15.2012,diskominfo_jabar_village_2024_unreviewed;open_data_jabar_postal_2023;kodepos_dev_rest_api,diskominfo:4856;open_data_jabar:22742;kodepos_dev:4856,2026-08-11,government_sources_agree_api_differs
32.16.02.2001,32,JAWA BARAT,32.16,KAB. BEKASI,32.16.02,BABELAN,BUNIBAKTI,,,,,17617,17617,17610,17610;17617,review_required,unresolved,yes,No automatic selection: Kodepos.dev does not corroborate exactly one local source.,no,,diskominfo:32.16.02.2001;open_data_jabar:32.16.02.2001;kodepos_dev:32.16.02.2001,diskominfo_jabar_village_2024_unreviewed;open_data_jabar_postal_2023;kodepos_dev_rest_api,diskominfo:5020;open_data_jabar:22927;kodepos_dev:5022,2026-08-11,government_sources_agree_api_differs
32.16.02.2002,32,JAWA BARAT,32.16,KAB. BEKASI,32.16.02,BABELAN,MUARABAKTI,,,,,17619,17619,17610,17610;17619,review_required,unresolved,yes,No automatic selection: Kodepos.dev does not corroborate exactly one local source.,no,,diskominfo:32.16.02.2002;open_data_jabar:32.16.02.2002;kodepos_dev:32.16.02.2002,diskominfo_jabar_village_2024_unreviewed;open_data_jabar_postal_2023;kodepos_dev_rest_api,diskominfo:5021;open_data_jabar:22928;kodepos_dev:5023,2026-08-11,government_sources_agree_api_differs
32.16.02.2003,32,JAWA BARAT,32.16,KAB. BEKASI,32.16.02,BABELAN,KEDUNG PENGAWAS,,,,,17614,17614,17610,17610;17614,review_required,unresolved,yes,No automatic selection: Kodepos.dev does not corroborate exactly one local source.,no,,diskominfo:32.16.02.2003;open_data_jabar:32.16.02.2003;kodepos_dev:32.16.02.2003,diskominfo_jabar_village_2024_unreviewed;open_data_jabar_postal_2023;kodepos_dev_rest_api,diskominfo:5022;open_data_jabar:22929;kodepos_dev:5024,2026-08-11,government_sources_agree_api_differs
32.16.02.2004,32,JAWA BARAT,32.16,KAB. BEKASI,32.16.02,BABELAN,HURIP JAYA,,,,,17618,17618,17610,17610;17618,review_required,unresolved,yes,No automatic selection: Kodepos.dev does not corroborate exactly one local source.,no,,diskominfo:32.16.02.2004;open_data_jabar:32.16.02.2004;kodepos_dev:32.16.02.2004,diskominfo_jabar_village_2024_unreviewed;open_data_jabar_postal_2023;kodepos_dev_rest_api,diskominfo:5023;open_data_jabar:22930;kodepos_dev:5025,2026-08-11,government_sources_agree_api_differs
32.16.05.2002,32,JAWA BARAT,32.16,KAB. BEKASI,32.16.05,TAMBUN UTARA,JEJALENJAYA,,,,,17566,17566,17511,17511;17566,review_required,unresolved,yes,No automatic selection: Kodepos.dev does not corroborate exactly one local source.,no,,diskominfo:32.16.05.2002;open_data_jabar:32.16.05.2002;kodepos_dev:32.16.05.2002,diskominfo_jabar_village_2024_unreviewed;open_data_jabar_postal_2023;kodepos_dev_rest_api,diskominfo:5044;open_data_jabar:22951;kodepos_dev:5044,2026-08-11,government_sources_agree_api_differs
32.16.06.2008,32,JAWA BARAT,32.16,KAB. BEKASI,32.16.06,TAMBUN SELATAN,TRIDAYA SAKTI,,,,,17516,17516,17510,17510;17516,review_required,unresolved,yes,No automatic selection: Kodepos.dev does not corroborate exactly one local source.,no,,diskominfo:32.16.06.2008;open_data_jabar:32.16.06.2008;kodepos_dev:32.16.06.2008,diskominfo_jabar_village_2024_unreviewed;open_data_jabar_postal_2023;kodepos_dev_rest_api,diskominfo:5058;open_data_jabar:22966;kodepos_dev:5058,2026-08-11,government_sources_agree_api_differs
32.16.06.2010,32,JAWA BARAT,32.16,KAB. BEKASI,32.16.06,TAMBUN SELATAN,SUMBERJAYA,,,,,17518,17518,17510,17510;17518,review_required,unresolved,yes,No automatic selection: Kodepos.dev does not corroborate exactly one local source.,no,,diskominfo:32.16.06.2010;open_data_jabar:32.16.06.2010;kodepos_dev:32.16.06.2010,diskominfo_jabar_village_2024_unreviewed;open_data_jabar_postal_2023;kodepos_dev_rest_api,diskominfo:5060;open_data_jabar:22968;kodepos_dev:5060,2026-08-11,government_sources_agree_api_differs
32.16.07.2003,32,JAWA BARAT,32.16,KAB. BEKASI,32.16.07,CIBITUNG,KERTAMUKTI,,,,,17525,17525,17520,17520;17525,review_required,unresolved,yes,No automatic selection: Kodepos.dev does not corroborate exactly one local source.,no,,diskominfo:32.16.07.2003;open_data_jabar:32.16.07.2003;kodepos_dev:32.16.07.2003,diskominfo_jabar_village_2024_unreviewed;open_data_jabar_postal_2023;kodepos_dev_rest_api,diskominfo:5063;open_data_jabar:22972;kodepos_dev:5063,2026-08-11,government_sources_agree_api_differs
32.16.08.2001,32,JAWA BARAT,32.16,KAB. BEKASI,32.16.08,CIKARANG BARAT,TELAGAMURNI,,,,,17849,17849,17530,17530;17849,review_required,unresolved,yes,No automatic selection: Kodepos.dev does not corroborate exactly one local source.,no,,diskominfo:32.16.08.2001;open_data_jabar:32.16.08.2001;kodepos_dev:32.16.08.2001,diskominfo_jabar_village_2024_unreviewed;open_data_jabar_postal_2023;kodepos_dev_rest_api,diskominfo:5068;open_data_jabar:22978;kodepos_dev:5069,2026-08-11,government_sources_agree_api_differs
32.16.08.2002,32,JAWA BARAT,32.16,KAB. BEKASI,32.16.08,CIKARANG BARAT,MEKARWANGI,,,,,17843,17843,17530,17530;17843,review_required,unresolved,yes,No automatic selection: Kodepos.dev does not corroborate exactly one local source.,no,,diskominfo:32.16.08.2002;open_data_jabar:32.16.08.2002;kodepos_dev:32.16.08.2002,diskominfo_jabar_village_2024_unreviewed;open_data_jabar_postal_2023;kodepos_dev_rest_api,diskominfo:5069;open_data_jabar:22979;kodepos_dev:5070,2026-08-11,government_sources_agree_api_differs
32.16.08.2004,32,JAWA BARAT,32.16,KAB. BEKASI,32.16.08,CIKARANG BARAT,DANAU INDAH,,,,,17847,17847,17530,17530;17847,review_required,unresolved,yes,No automatic selection: Kodepos.dev does not corroborate exactly one local source.,no,,diskominfo:32.16.08.2004;open_data_jabar:32.16.08.2004;kodepos_dev:32.16.08.2004,diskominfo_jabar_village_2024_unreviewed;open_data_jabar_postal_2023;kodepos_dev_rest_api,diskominfo:5071;open_data_jabar:22982;kodepos_dev:5072,2026-08-11,government_sources_agree_api_differs
32.16.08.2009,32,JAWA BARAT,32.16,KAB. BEKASI,32.16.08,CIKARANG BARAT,KALIJAYA,,,,,17849,17849,17530,17530;17849,review_required,unresolved,yes,No automatic selection: Kodepos.dev does not corroborate exactly one local source.,no,,diskominfo:32.16.08.2009;open_data_jabar:32.16.08.2009;kodepos_dev:32.16.08.2009,diskominfo_jabar_village_2024_unreviewed;open_data_jabar_postal_2023;kodepos_dev_rest_api,diskominfo:5076;open_data_jabar:22986;kodepos_dev:5076,2026-08-11,government_sources_agree_api_differs
32.16.09.2002,32,JAWA BARAT,32.16,KAB. BEKASI,32.16.09,CIKARANG UTARA,KARANGBARU,,,,,17832,17832,17534,17534;17832,review_required,unresolved,yes,No automatic selection: Kodepos.dev does not corroborate exactly one local source.,no,,diskominfo:32.16.09.2002;open_data_jabar:32.16.09.2002;kodepos_dev:32.16.09.2002,diskominfo_jabar_village_2024_unreviewed;open_data_jabar_postal_2023;kodepos_dev_rest_api,diskominfo:5080;open_data_jabar:22990;kodepos_dev:5080,2026-08-11,government_sources_agree_api_differs
32.16.09.2006,32,JAWA BARAT,32.16,KAB. BEKASI,32.16.09,CIKARANG UTARA,PASIRGOMBONG,,,,,17835,17835,17534,17534;17835,review_required,unresolved,yes,No automatic selection: Kodepos.dev does not corroborate exactly one local source.,no,,diskominfo:32.16.09.2006;open_data_jabar:32.16.09.2006;kodepos_dev:32.16.09.2006,diskominfo_jabar_village_2024_unreviewed;open_data_jabar_postal_2023;kodepos_dev_rest_api,diskominfo:5084;open_data_jabar:22995;kodepos_dev:5084,2026-08-11,government_sources_agree_api_differs
32.16.10.2003,32,JAWA BARAT,32.16,KAB. BEKASI,32.16.10,KARANG BAHAGIA,KARANGSETIA,,,,,17534,17534,17535,17534;17535,review_required,unresolved,yes,No automatic selection: Kodepos.dev does not corroborate exactly one local source.,no,,diskominfo:32.16.10.2003;open_data_jabar:32.16.10.2003;kodepos_dev:32.16.10.2003,diskominfo_jabar_village_2024_unreviewed;open_data_jabar_postal_2023;kodepos_dev_rest_api,diskominfo:5092;open_data_jabar:23005;kodepos_dev:5092,2026-08-11,government_sources_agree_api_differs
32.16.10.2005,32,JAWA BARAT,32.16,KAB. BEKASI,32.16.10,KARANG BAHAGIA,KARANGBAHAGIA,,,,,17531,17531,17535,17531;17535,review_required,unresolved,yes,No automatic selection: Kodepos.dev does not corroborate exactly one local source.,no,,diskominfo:32.16.10.2005;open_data_jabar:32.16.10.2005;kodepos_dev:32.16.10.2005,diskominfo_jabar_village_2024_unreviewed;open_data_jabar_postal_2023;kodepos_dev_rest_api,diskominfo:5094;open_data_jabar:23007;kodepos_dev:5094,2026-08-11,government_sources_agree_api_differs
32.16.10.2006,32,JAWA BARAT,32.16,KAB. BEKASI,32.16.10,KARANG BAHAGIA,KARANGSENTOSA,,,,,17532,17532,17535,17532;17535,review_required,unresolved,yes,No automatic selection: Kodepos.dev does not corroborate exactly one local source.,no,,diskominfo:32.16.10.2006;open_data_jabar:32.16.10.2006;kodepos_dev:32.16.10.2006,diskominfo_jabar_village_2024_unreviewed;open_data_jabar_postal_2023;kodepos_dev_rest_api,diskominfo:5095;open_data_jabar:23008;kodepos_dev:5095,2026-08-11,government_sources_agree_api_differs
32.16.10.2007,32,JAWA BARAT,32.16,KAB. BEKASI,32.16.10,KARANG BAHAGIA,KARANGSATU,,,,,17537,17537,17535,17535;17537,review_required,unresolved,yes,No automatic selection: Kodepos.dev does not corroborate exactly one local source.,no,,diskominfo:32.16.10.2007;open_data_jabar:32.16.10.2007;kodepos_dev:32.16.10.2007,diskominfo_jabar_village_2024_unreviewed;open_data_jabar_postal_2023;kodepos_dev_rest_api,diskominfo:5096;open_data_jabar:23009;kodepos_dev:5096,2026-08-11,government_sources_agree_api_differs
32.16.12.2001,32,JAWA BARAT,32.16,KAB. BEKASI,32.16.12,KEDUNG WARINGIN,KARANGSAMBUNG,,,,,17545,17545,17540,17540;17545,review_required,unresolved,yes,No automatic selection: Kodepos.dev does not corroborate exactly one local source.,no,,diskominfo:32.16.12.2001;open_data_jabar:32.16.12.2001;kodepos_dev:32.16.12.2001,diskominfo_jabar_village_2024_unreviewed;open_data_jabar_postal_2023;kodepos_dev_rest_api,diskominfo:5106;open_data_jabar:23020;kodepos_dev:5106,2026-08-11,government_sources_agree_api_differs
32.16.12.2002,32,JAWA BARAT,32.16,KAB. BEKASI,32.16.12,KEDUNG WARINGIN,WARINGINJAYA,,,,,17546,17546,17540,17540;17546,review_required,unresolved,yes,No automatic selection: Kodepos.dev does not corroborate exactly one local source.,no,,diskominfo:32.16.12.2002;open_data_jabar:32.16.12.2002;kodepos_dev:32.16.12.2002,diskominfo_jabar_village_2024_unreviewed;open_data_jabar_postal_2023;kodepos_dev_rest_api,diskominfo:5107;open_data_jabar:23021;kodepos_dev:5107,2026-08-11,government_sources_agree_api_differs
32.16.12.2003,32,JAWA BARAT,32.16,KAB. BEKASI,32.16.12,KEDUNG WARINGIN,KARANGMEKAR,,,,,17542,17542,17540,17540;17542,review_required,unresolved,yes,No automatic selection: Kodepos.dev does not corroborate exactly one local source.,no,,diskominfo:32.16.12.2003;open_data_jabar:32.16.12.2003;kodepos_dev:32.16.12.2003,diskominfo_jabar_village_2024_unreviewed;open_data_jabar_postal_2023;kodepos_dev_rest_api,diskominfo:5108;open_data_jabar:23022;kodepos_dev:5108,2026-08-11,government_sources_agree_api_differs
32.16.12.2004,32,JAWA BARAT,32.16,KAB. BEKASI,32.16.12,KEDUNG WARINGIN,MEKARJAYA,,,,,17543,17543,17540,17540;17543,review_required,unresolved,yes,No automatic selection: Kodepos.dev does not corroborate exactly one local source.,no,,diskominfo:32.16.12.2004;open_data_jabar:32.16.12.2004;kodepos_dev:32.16.12.2004,diskominfo_jabar_village_2024_unreviewed;open_data_jabar_postal_2023;kodepos_dev_rest_api,diskominfo:5109;open_data_jabar:23023;kodepos_dev:5109,2026-08-11,government_sources_agree_api_differs
32.16.12.2005,32,JAWA BARAT,32.16,KAB. BEKASI,32.16.12,KEDUNG WARINGIN,KARANGHARUM,,,,,17544,17544,17540,17540;17544,review_required,unresolved,yes,No automatic selection: Kodepos.dev does not corroborate exactly one local source.,no,,diskominfo:32.16.12.2005;open_data_jabar:32.16.12.2005;kodepos_dev:32.16.12.2005,diskominfo_jabar_village_2024_unreviewed;open_data_jabar_postal_2023;kodepos_dev_rest_api,diskominfo:5110;open_data_jabar:23024;kodepos_dev:5110,2026-08-11,government_sources_agree_api_differs
32.16.12.2006,32,JAWA BARAT,32.16,KAB. BEKASI,32.16.12,KEDUNG WARINGIN,BOJONGSARI,,,,,17547,17547,17540,17540;17547,review_required,unresolved,yes,No automatic selection: Kodepos.dev does not corroborate exactly one local source.,no,,diskominfo:32.16.12.2006;open_data_jabar:32.16.12.2006;kodepos_dev:32.16.12.2006,diskominfo_jabar_village_2024_unreviewed;open_data_jabar_postal_2023;kodepos_dev_rest_api,diskominfo:5111;open_data_jabar:23025;kodepos_dev:5111,2026-08-11,government_sources_agree_api_differs
32.16.12.2007,32,JAWA BARAT,32.16,KAB. BEKASI,32.16.12,KEDUNG WARINGIN,KEDUNGWARINGIN,,,,,17541,17541,17540,17540;17541,review_required,unresolved,yes,No automatic selection: Kodepos.dev does not corroborate exactly one local source.,no,,diskominfo:32.16.12.2007;open_data_jabar:32.16.12.2007;kodepos_dev:32.16.12.2007,diskominfo_jabar_village_2024_unreviewed;open_data_jabar_postal_2023;kodepos_dev_rest_api,diskominfo:5112;open_data_jabar:23027;kodepos_dev:5112,2026-08-11,government_sources_agree_api_differs
32.16.13.2001,32,JAWA BARAT,32.16,KAB. BEKASI,32.16.13,PEBAYURAN,KARANGHARJA,,,,,17715,17715,17710,17710;17715,review_required,unresolved,yes,No automatic selection: Kodepos.dev does not corroborate exactly one local source.,no,,diskominfo:32.16.13.2001;open_data_jabar:32.16.13.2001;kodepos_dev:32.16.13.2001,diskominfo_jabar_village_2024_unreviewed;open_data_jabar_postal_2023;kodepos_dev_rest_api,diskominfo:5113;open_data_jabar:23029;kodepos_dev:5114,2026-08-11,government_sources_agree_api_differs
32.16.15.2004,32,JAWA BARAT,32.16,KAB. BEKASI,32.16.15,SUKATANI,SUKAASIH,,,,,17636,17636,17631,17631;17636,review_required,unresolved,yes,No automatic selection: Kodepos.dev does not corroborate exactly one local source.,no,,diskominfo:32.16.15.2004;open_data_jabar:32.16.15.2004;kodepos_dev:32.16.15.2004,diskominfo_jabar_village_2024_unreviewed;open_data_jabar_postal_2023;kodepos_dev_rest_api,diskominfo:5136;open_data_jabar:23053;kodepos_dev:5136,2026-08-11,government_sources_agree_api_differs
32.16.15.2006,32,JAWA BARAT,32.16,KAB. BEKASI,32.16.15,SUKATANI,BANJARSARI,,,,,17635,17635,17631,17631;17635,review_required,unresolved,yes,No automatic selection: Kodepos.dev does not corroborate exactly one local source.,no,,diskominfo:32.16.15.2006;open_data_jabar:32.16.15.2006;kodepos_dev:32.16.15.2006,diskominfo_jabar_village_2024_unreviewed;open_data_jabar_postal_2023;kodepos_dev_rest_api,diskominfo:5138;open_data_jabar:23055;kodepos_dev:5138,2026-08-11,government_sources_agree_api_differs
32.16.16.2001,32,JAWA BARAT,32.16,KAB. BEKASI,32.16.16,CABANGBUNGIN,JAYABAKTI,,,,,17723,17723,17720,17720;17723,review_required,unresolved,yes,No automatic selection: Kodepos.dev does not corroborate exactly one local source.,no,,diskominfo:32.16.16.2001;open_data_jabar:32.16.16.2001;kodepos_dev:32.16.16.2001,diskominfo_jabar_village_2024_unreviewed;open_data_jabar_postal_2023;kodepos_dev_rest_api,diskominfo:5140;open_data_jabar:23057;kodepos_dev:5140,2026-08-11,government_sources_agree_api_differs
32.16.16.2002,32,JAWA BARAT,32.16,KAB. BEKASI,32.16.16,CABANGBUNGIN,JAYALAKSANA,,,,,17726,17726,17720,17720;17726,review_required,unresolved,yes,No automatic selection: Kodepos.dev does not corroborate exactly one local source.,no,,diskominfo:32.16.16.2002;open_data_jabar:32.16.16.2002;kodepos_dev:32.16.16.2002,diskominfo_jabar_village_2024_unreviewed;open_data_jabar_postal_2023;kodepos_dev_rest_api,diskominfo:5141;open_data_jabar:23058;kodepos_dev:5141,2026-08-11,government_sources_agree_api_differs
32.16.16.2004,32,JAWA BARAT,32.16,KAB. BEKASI,32.16.16,CABANGBUNGIN,SINDANGJAYA,,,,,17724,17724,17720,17720;17724,review_required,unresolved,yes,No automatic selection: Kodepos.dev does not corroborate exactly one local source.,no,,diskominfo:32.16.16.2004;open_data_jabar:32.16.16.2004;kodepos_dev:32.16.16.2004,diskominfo_jabar_village_2024_unreviewed;open_data_jabar_postal_2023;kodepos_dev_rest_api,diskominfo:5143;open_data_jabar:23061;kodepos_dev:5143,2026-08-11,government_sources_agree_api_differs
32.16.16.2006,32,JAWA BARAT,32.16,KAB. BEKASI,32.16.16,CABANGBUNGIN,SETIAJAYA,,,,,17721,17721,17720,17720;17721,review_required,unresolved,yes,No automatic selection: Kodepos.dev does not corroborate exactly one local source.,no,,diskominfo:32.16.16.2006;open_data_jabar:32.16.16.2006;kodepos_dev:32.16.16.2006,diskominfo_jabar_village_2024_unreviewed;open_data_jabar_postal_2023;kodepos_dev_rest_api,diskominfo:5145;open_data_jabar:23063;kodepos_dev:5145,2026-08-11,government_sources_agree_api_differs
32.16.16.2007,32,JAWA BARAT,32.16,KAB. BEKASI,32.16.16,CABANGBUNGIN,LENGGAHJAYA,,,,,17728,17728,17720,17720;17728,review_required,unresolved,yes,No automatic selection: Kodepos.dev does not corroborate exactly one local source.,no,,diskominfo:32.16.16.2007;open_data_jabar:32.16.16.2007;kodepos_dev:32.16.16.2007,diskominfo_jabar_village_2024_unreviewed;open_data_jabar_postal_2023;kodepos_dev_rest_api,diskominfo:5146;open_data_jabar:23064;kodepos_dev:5146,2026-08-11,government_sources_agree_api_differs
32.16.16.2008,32,JAWA BARAT,32.16,KAB. BEKASI,32.16.16,CABANGBUNGIN,LENGGAHSARI,,,,,17722,17722,17720,17720;17722,review_required,unresolved,yes,No automatic selection: Kodepos.dev does not corroborate exactly one local source.,no,,diskominfo:32.16.16.2008;open_data_jabar:32.16.16.2008;kodepos_dev:32.16.16.2008,diskominfo_jabar_village_2024_unreviewed;open_data_jabar_postal_2023;kodepos_dev_rest_api,diskominfo:5147;open_data_jabar:23065;kodepos_dev:5147,2026-08-11,government_sources_agree_api_differs
32.16.17.2001,32,JAWA BARAT,32.16,KAB. BEKASI,32.16.17,MUARAGEMBONG,PANTAI MEKAR,,,,,17731,17731,17730,17730;17731,review_required,unresolved,yes,No automatic selection: Kodepos.dev does not corroborate exactly one local source.,no,,diskominfo:32.16.17.2001;open_data_jabar:32.16.17.2001;kodepos_dev:32.16.17.2001,diskominfo_jabar_village_2024_unreviewed;open_data_jabar_postal_2023;kodepos_dev_rest_api,diskominfo:5148;open_data_jabar:23066;kodepos_dev:5148,2026-08-11,government_sources_agree_api_differs
32.16.17.2002,32,JAWA BARAT,32.16,KAB. BEKASI,32.16.17,MUARAGEMBONG,PANTAI BAHAGIA,,,,,17735,17735,17730,17730;17735,review_required,unresolved,yes,No automatic selection: Kodepos.dev does not corroborate exactly one local source.,no,,diskominfo:32.16.17.2002;open_data_jabar:32.16.17.2002;kodepos_dev:32.16.17.2002,diskominfo_jabar_village_2024_unreviewed;open_data_jabar_postal_2023;kodepos_dev_rest_api,diskominfo:5149;open_data_jabar:23067;kodepos_dev:5149,2026-08-11,government_sources_agree_api_differs
32.16.17.2003,32,JAWA BARAT,32.16,KAB. BEKASI,32.16.17,MUARAGEMBONG,PANTAI BAKTI,,,,,17734,17734,17730,17730;17734,review_required,unresolved,yes,No automatic selection: Kodepos.dev does not corroborate exactly one local source.,no,,diskominfo:32.16.17.2003;open_data_jabar:32.16.17.2003;kodepos_dev:32.16.17.2003,diskominfo_jabar_village_2024_unreviewed;open_data_jabar_postal_2023;kodepos_dev_rest_api,diskominfo:5150;open_data_jabar:23068;kodepos_dev:5150,2026-08-11,government_sources_agree_api_differs
32.16.17.2004,32,JAWA BARAT,32.16,KAB. BEKASI,32.16.17,MUARAGEMBONG,PANTAI HARAPANJAYA,,,,,17732,17732,17730,17730;17732,review_required,unresolved,yes,No automatic selection: Kodepos.dev does not corroborate exactly one local source.,no,,diskominfo:32.16.17.2004;open_data_jabar:32.16.17.2004;kodepos_dev:32.16.17.2004,diskominfo_jabar_village_2024_unreviewed;open_data_jabar_postal_2023;kodepos_dev_rest_api,diskominfo:5151;open_data_jabar:23069;kodepos_dev:5151,2026-08-11,government_sources_agree_api_differs
32.16.20.2003,32,JAWA BARAT,32.16,KAB. BEKASI,32.16.20,CIKARANG PUSAT,PASIRANJI,,,,,17813,17813,17531,17531;17813,review_required,unresolved,yes,No automatic selection: Kodepos.dev does not corroborate exactly one local source.,no,,diskominfo:32.16.20.2003;open_data_jabar:32.16.20.2003;kodepos_dev:32.16.20.2003,diskominfo_jabar_village_2024_unreviewed;open_data_jabar_postal_2023;kodepos_dev_rest_api,diskominfo:5174;open_data_jabar:23095;kodepos_dev:5174,2026-08-11,government_sources_agree_api_differs
32.16.21.2008,32,JAWA BARAT,32.16,KAB. BEKASI,32.16.21,SERANG BARU,JAYASAMPURNA,,,,,17333,17333,17330,17330;17333,review_required,unresolved,yes,No automatic selection: Kodepos.dev does not corroborate exactly one local source.,no,,diskominfo:32.16.21.2008;open_data_jabar:32.16.21.2008;kodepos_dev:32.16.21.2008,diskominfo_jabar_village_2024_unreviewed;open_data_jabar_postal_2023;kodepos_dev_rest_api,diskominfo:5185;open_data_jabar:23107;kodepos_dev:5185,2026-08-11,government_sources_agree_api_differs
32.16.23.2003,32,JAWA BARAT,32.16,KAB. BEKASI,32.16.23,BOJONGMANGU,BOJONGMANGU,,,,,17451,17451,17352,17352;17451,review_required,unresolved,yes,No automatic selection: Kodepos.dev does not corroborate exactly one local source.,no,,diskominfo:32.16.23.2003;open_data_jabar:32.16.23.2003;kodepos_dev:32.16.23.2003,diskominfo_jabar_village_2024_unreviewed;open_data_jabar_postal_2023;kodepos_dev_rest_api,diskominfo:5195;open_data_jabar:23119;kodepos_dev:5195,2026-08-11,government_sources_agree_api_differs
32.17.16.2001,32,JAWA BARAT,32.17,KAB. BANDUNG BARAT,32.17.16,SAGULING,CIKANDE,,,,,40561,40561,40560,40560;40561,review_required,unresolved,yes,No automatic selection: Kodepos.dev does not corroborate exactly one local source.,no,,diskominfo:32.17.16.2001;open_data_jabar:32.17.16.2001;kodepos_dev:32.17.16.2001,diskominfo_jabar_village_2024_unreviewed;open_data_jabar_postal_2023;kodepos_dev_rest_api,diskominfo:5358;open_data_jabar:23299;kodepos_dev:5358,2026-08-11,government_sources_agree_api_differs
32.17.16.2002,32,JAWA BARAT,32.17,KAB. BANDUNG BARAT,32.17.16,SAGULING,JATI,,,,,40561,40561,40560,40560;40561,review_required,unresolved,yes,No automatic selection: Kodepos.dev does not corroborate exactly one local source.,no,,diskominfo:32.17.16.2002;open_data_jabar:32.17.16.2002;kodepos_dev:32.17.16.2002,diskominfo_jabar_village_2024_unreviewed;open_data_jabar_postal_2023;kodepos_dev_rest_api,diskominfo:5359;open_data_jabar:23300;kodepos_dev:5359,2026-08-11,government_sources_agree_api_differs
32.17.16.2003,32,JAWA BARAT,32.17,KAB. BANDUNG BARAT,32.17.16,SAGULING,GIRIMUKTI,,,,,40561,40561,40560,40560;40561,review_required,unresolved,yes,No automatic selection: Kodepos.dev does not corroborate exactly one local source.,no,,diskominfo:32.17.16.2003;open_data_jabar:32.17.16.2003;kodepos_dev:32.17.16.2003,diskominfo_jabar_village_2024_unreviewed;open_data_jabar_postal_2023;kodepos_dev_rest_api,diskominfo:5360;open_data_jabar:23301;kodepos_dev:5360,2026-08-11,government_sources_agree_api_differs
32.17.16.2004,32,JAWA BARAT,32.17,KAB. BANDUNG BARAT,32.17.16,SAGULING,BOJONGHALEUANG,,,,,40561,40561,40560,40560;40561,review_required,unresolved,yes,No automatic selection: Kodepos.dev does not corroborate exactly one local source.,no,,diskominfo:32.17.16.2004;open_data_jabar:32.17.16.2004;kodepos_dev:32.17.16.2004,diskominfo_jabar_village_2024_unreviewed;open_data_jabar_postal_2023;kodepos_dev_rest_api,diskominfo:5361;open_data_jabar:23302;kodepos_dev:5361,2026-08-11,government_sources_agree_api_differs
32.17.16.2006,32,JAWA BARAT,32.17,KAB. BANDUNG BARAT,32.17.16,SAGULING,SAGULING,,,,,40561,40561,40560,40560;40561,review_required,unresolved,yes,No automatic selection: Kodepos.dev does not corroborate exactly one local source.,no,,diskominfo:32.17.16.2006;open_data_jabar:32.17.16.2006;kodepos_dev:32.17.16.2006,diskominfo_jabar_village_2024_unreviewed;open_data_jabar_postal_2023;kodepos_dev_rest_api,diskominfo:5363;open_data_jabar:23305;kodepos_dev:5363,2026-08-11,government_sources_agree_api_differs
32.18.05.2015,32,JAWA BARAT,32.18,KAB. PANGANDARAN,32.18.05,LANGKAPLANCAR,BUNGUR RAYA,,,,,46591,46591,46391,46391;46591,review_required,unresolved,yes,No automatic selection: Kodepos.dev does not corroborate exactly one local source.,no,,diskominfo:32.18.05.2015;open_data_jabar:32.18.05.2015;kodepos_dev:32.18.05.2015,diskominfo_jabar_village_2024_unreviewed;open_data_jabar_postal_2023;kodepos_dev_rest_api,diskominfo:5413;open_data_jabar:23362;kodepos_dev:5413,2026-08-11,government_sources_agree_api_differs
32.71.01.1001,32,JAWA BARAT,32.71,KOTA BOGOR,32.71.01,BOGOR SELATAN,BATU TULIS,,,,,16131,16131,16133,16131;16133,review_required,unresolved,yes,No automatic selection: Kodepos.dev does not corroborate exactly one local source.,no,,diskominfo:32.71.01.1001;open_data_jabar:32.71.01.1001;kodepos_dev:32.71.01.1001,diskominfo_jabar_village_2024_unreviewed;open_data_jabar_postal_2023;kodepos_dev_rest_api,diskominfo:5457;open_data_jabar:23410;kodepos_dev:5457,2026-08-11,government_sources_agree_api_differs
32.71.03.1007,32,JAWA BARAT,32.71,KOTA BOGOR,32.71.03,BOGOR TENGAH,TEGALLEGA,,,,,16127,16127,16129,16127;16129,review_required,unresolved,yes,No automatic selection: Kodepos.dev does not corroborate exactly one local source.,no,,diskominfo:32.71.03.1007;open_data_jabar:32.71.03.1007;kodepos_dev:32.71.03.1007,diskominfo_jabar_village_2024_unreviewed;open_data_jabar_postal_2023;kodepos_dev_rest_api,diskominfo:5485;open_data_jabar:23441;kodepos_dev:5485,2026-08-11,government_sources_agree_api_differs
32.71.06.1005,32,JAWA BARAT,32.71,KOTA BOGOR,32.71.06,TANAH SAREAL,KEDUNG WARINGIN,,,,,16163,16163,16164,16163;16164,review_required,unresolved,yes,No automatic selection: Kodepos.dev does not corroborate exactly one local source.,no,,diskominfo:32.71.06.1005;open_data_jabar:32.71.06.1005;kodepos_dev:32.71.06.1005,diskominfo_jabar_village_2024_unreviewed;open_data_jabar_postal_2023;kodepos_dev_rest_api,diskominfo:5518;open_data_jabar:23478;kodepos_dev:5518,2026-08-11,government_sources_agree_api_differs
32.72.01.1004,32,JAWA BARAT,32.72,KOTA SUKABUMI,32.72.01,GUNUNGPUYUH,KARANG TENGAH,,,,,43124,43124,43121,43121;43124,review_required,unresolved,yes,No automatic selection: Kodepos.dev does not corroborate exactly one local source.,no,,diskominfo:32.72.01.1004;open_data_jabar:32.72.01.1004;kodepos_dev:32.72.01.1004,diskominfo_jabar_village_2024_unreviewed;open_data_jabar_postal_2023;kodepos_dev_rest_api,diskominfo:5528;open_data_jabar:23489;kodepos_dev:5528,2026-08-11,government_sources_agree_api_differs
32.72.07.1001,32,JAWA BARAT,32.72,KOTA SUKABUMI,32.72.07,CIBEUREUM,CIBEUREUM HILIR,,,,,43164,43164,43165,43164;43165,review_required,unresolved,yes,No automatic selection: Kodepos.dev does not corroborate exactly one local source.,no,,diskominfo:32.72.07.1001;open_data_jabar:32.72.07.1001;kodepos_dev:32.72.07.1001,diskominfo_jabar_village_2024_unreviewed;open_data_jabar_postal_2023;kodepos_dev_rest_api,diskominfo:5554;open_data_jabar:23518;kodepos_dev:5554,2026-08-11,government_sources_agree_api_differs
32.73.22.1003,32,JAWA BARAT,32.73,KOTA BANDUNG,32.73.22,BUAHBATU,CIJAURA,,,,,40286,40286,40287,40286;40287,review_required,unresolved,yes,No automatic selection: Kodepos.dev does not corroborate exactly one local source.,no,,diskominfo:32.73.22.1003;open_data_jabar:32.73.22.1003;kodepos_dev:32.73.22.1003,diskominfo_jabar_village_2024_unreviewed;open_data_jabar_postal_2023;kodepos_dev_rest_api,diskominfo:5674;open_data_jabar:23651;kodepos_dev:5674,2026-08-11,government_sources_agree_api_differs
32.73.23.1003,32,JAWA BARAT,32.73,KOTA BANDUNG,32.73.23,RANCASARI,MUNJAHLEGA,,,,,40292,40292,40295,40292;40295,review_required,unresolved,yes,No automatic selection: Kodepos.dev does not corroborate exactly one local source.,no,,diskominfo:32.73.23.1003;open_data_jabar:32.73.23.1003;kodepos_dev:32.73.23.1003,diskominfo_jabar_village_2024_unreviewed;open_data_jabar_postal_2023;kodepos_dev_rest_api,diskominfo:5678;open_data_jabar:23655;kodepos_dev:5678,2026-08-11,government_sources_agree_api_differs
32.73.24.1002,32,JAWA BARAT,32.73,KOTA BANDUNG,32.73.24,ARCAMANIK,CISARANTEN BINA HARAPAN,,,,,40293,40293,40294,40293;40294,review_required,unresolved,yes,No automatic selection: Kodepos.dev does not corroborate exactly one local source.,no,,diskominfo:32.73.24.1002;open_data_jabar:32.73.24.1002;kodepos_dev:32.73.24.1002,diskominfo_jabar_village_2024_unreviewed;open_data_jabar_postal_2023;kodepos_dev_rest_api,diskominfo:5681;open_data_jabar:23658;kodepos_dev:5681,2026-08-11,government_sources_agree_api_differs
32.73.25.1003,32,JAWA BARAT,32.73,KOTA BANDUNG,32.73.25,CIBIRU,PASIR BIRU,,,,,40299,40299,40615,40299;40615,review_required,unresolved,yes,No automatic selection: Kodepos.dev does not corroborate exactly one local source.,no,,diskominfo:32.73.25.1003;open_data_jabar:32.73.25.1003;kodepos_dev:32.73.25.1003,diskominfo_jabar_village_2024_unreviewed;open_data_jabar_postal_2023;kodepos_dev_rest_api,diskominfo:5686;open_data_jabar:23664;kodepos_dev:5686,2026-08-11,government_sources_agree_api_differs
32.73.26.1005,32,JAWA BARAT,32.73,KOTA BANDUNG,32.73.26,UJUNGBERUNG,PASIRWANGI,,,,,40199,40199,40618,40199;40618,review_required,unresolved,yes,No automatic selection: Kodepos.dev does not corroborate exactly one local source.,no,,diskominfo:32.73.26.1005;open_data_jabar:32.73.26.1005;kodepos_dev:32.73.26.1005,diskominfo_jabar_village_2024_unreviewed;open_data_jabar_postal_2023;kodepos_dev_rest_api,diskominfo:5690;open_data_jabar:23668;kodepos_dev:5690,2026-08-11,government_sources_agree_api_differs
32.73.27.1003,32,JAWA BARAT,32.73,KOTA BANDUNG,32.73.27,GEDEBAGE,RANCABOLANG,,,,,40295,40295,40294,40294;40295,review_required,unresolved,yes,No automatic selection: Kodepos.dev does not corroborate exactly one local source.,no,,diskominfo:32.73.27.1003;open_data_jabar:32.73.27.1003;kodepos_dev:32.73.27.1003,diskominfo_jabar_village_2024_unreviewed;open_data_jabar_postal_2023;kodepos_dev_rest_api,diskominfo:5695;open_data_jabar:23675;kodepos_dev:5695,2026-08-11,government_sources_agree_api_differs
32.73.28.1004,32,JAWA BARAT,32.73,KOTA BANDUNG,32.73.28,PANYILEUKAN,MEKAR MULYA,,,,,40298,40298,40614,40298;40614,review_required,unresolved,yes,No automatic selection: Kodepos.dev does not corroborate exactly one local source.,no,,diskominfo:32.73.28.1004;open_data_jabar:32.73.28.1004;kodepos_dev:32.73.28.1004,diskominfo_jabar_village_2024_unreviewed;open_data_jabar_postal_2023;kodepos_dev_rest_api,diskominfo:5700;open_data_jabar:23680;kodepos_dev:5700,2026-08-11,government_sources_agree_api_differs
32.73.29.1001,32,JAWA BARAT,32.73,KOTA BANDUNG,32.73.29,CINAMBO,CISARANTEN WETAN,,,,,40294,40294,40296,40294;40296,review_required,unresolved,yes,No automatic selection: Kodepos.dev does not corroborate exactly one local source.,no,,diskominfo:32.73.29.1001;open_data_jabar:32.73.29.1001;kodepos_dev:32.73.29.1001,diskominfo_jabar_village_2024_unreviewed;open_data_jabar_postal_2023;kodepos_dev_rest_api,diskominfo:5701;open_data_jabar:23681;kodepos_dev:5701,2026-08-11,government_sources_agree_api_differs
32.73.29.1002,32,JAWA BARAT,32.73,KOTA BANDUNG,32.73.29,CINAMBO,PAKEMITAN,,,,,40294,40294,40296,40294;40296,review_required,unresolved,yes,No automatic selection: Kodepos.dev does not corroborate exactly one local source.,no,,diskominfo:32.73.29.1002;open_data_jabar:32.73.29.1002;kodepos_dev:32.73.29.1002,diskominfo_jabar_village_2024_unreviewed;open_data_jabar_postal_2023;kodepos_dev_rest_api,diskominfo:5702;open_data_jabar:23683;kodepos_dev:5702,2026-08-11,government_sources_agree_api_differs
32.73.29.1003,32,JAWA BARAT,32.73,KOTA BANDUNG,32.73.29,CINAMBO,SUKAMULYA,,,,,40294,40294,40296,40294;40296,review_required,unresolved,yes,No automatic selection: Kodepos.dev does not corroborate exactly one local source.,no,,diskominfo:32.73.29.1003;open_data_jabar:32.73.29.1003;kodepos_dev:32.73.29.1003,diskominfo_jabar_village_2024_unreviewed;open_data_jabar_postal_2023;kodepos_dev_rest_api,diskominfo:5703;open_data_jabar:23684;kodepos_dev:5703,2026-08-11,government_sources_agree_api_differs
32.73.29.1004,32,JAWA BARAT,32.73,KOTA BANDUNG,32.73.29,CINAMBO,BABAKAN PENGHULU,,,,,40294,40294,40296,40294;40296,review_required,unresolved,yes,No automatic selection: Kodepos.dev does not corroborate exactly one local source.,no,,diskominfo:32.73.29.1004;open_data_jabar:32.73.29.1004;kodepos_dev:32.73.29.1004,diskominfo_jabar_village_2024_unreviewed;open_data_jabar_postal_2023;kodepos_dev_rest_api,diskominfo:5704;open_data_jabar:23685;kodepos_dev:5704,2026-08-11,government_sources_agree_api_differs
32.75.08.1007,32,JAWA BARAT,32.75,KOTA BEKASI,32.75.08,PONDOKGEDE,JATICEMPAKA,,,,,17416,17416,17411,17411;17416,review_required,unresolved,yes,No automatic selection: Kodepos.dev does not corroborate exactly one local source.,no,,diskominfo:32.75.08.1007;open_data_jabar:32.75.08.1007;kodepos_dev:32.75.08.1007,diskominfo_jabar_village_2024_unreviewed;open_data_jabar_postal_2023;kodepos_dev_rest_api,diskominfo:5767;open_data_jabar:23754;kodepos_dev:5767,2026-08-11,government_sources_agree_api_differs
32.75.10.1005,32,JAWA BARAT,32.75,KOTA BEKASI,32.75.10,JATISAMPURNA,JATIRADEN,,,,,17436,17436,17433,17433;17436,review_required,unresolved,yes,No automatic selection: Kodepos.dev does not corroborate exactly one local source.,no,,diskominfo:32.75.10.1005;open_data_jabar:32.75.10.1005;kodepos_dev:32.75.10.1005,diskominfo_jabar_village_2024_unreviewed;open_data_jabar_postal_2023;kodepos_dev_rest_api,diskominfo:5778;open_data_jabar:23766;kodepos_dev:5778,2026-08-11,government_sources_agree_api_differs
32.75.11.1002,32,JAWA BARAT,32.75,KOTA BEKASI,32.75.11,MUSTIKAJAYA,CIMUNING,,,,,17165,17165,17155,17155;17165,review_required,unresolved,yes,No automatic selection: Kodepos.dev does not corroborate exactly one local source.,no,,diskominfo:32.75.11.1002;open_data_jabar:32.75.11.1002;kodepos_dev:32.75.11.1002,diskominfo_jabar_village_2024_unreviewed;open_data_jabar_postal_2023;kodepos_dev_rest_api,diskominfo:5780;open_data_jabar:23768;kodepos_dev:5780,2026-08-11,government_sources_agree_api_differs
32.75.11.1003,32,JAWA BARAT,32.75,KOTA BEKASI,32.75.11,MUSTIKAJAYA,MUSTIKAJAYA,,,,,17168,17168,17158,17158;17168,review_required,unresolved,yes,No automatic selection: Kodepos.dev does not corroborate exactly one local source.,no,,diskominfo:32.75.11.1003;open_data_jabar:32.75.11.1003;kodepos_dev:32.75.11.1003,diskominfo_jabar_village_2024_unreviewed;open_data_jabar_postal_2023;kodepos_dev_rest_api,diskominfo:5781;open_data_jabar:23769;kodepos_dev:5781,2026-08-11,government_sources_agree_api_differs
32.75.11.1004,32,JAWA BARAT,32.75,KOTA BEKASI,32.75.11,MUSTIKAJAYA,MUSTIKASARI,,,,,17167,17167,17157,17157;17167,review_required,unresolved,yes,No automatic selection: Kodepos.dev does not corroborate exactly one local source.,no,,diskominfo:32.75.11.1004;open_data_jabar:32.75.11.1004;kodepos_dev:32.75.11.1004,diskominfo_jabar_village_2024_unreviewed;open_data_jabar_postal_2023;kodepos_dev_rest_api,diskominfo:5782;open_data_jabar:23771;kodepos_dev:5782,2026-08-11,government_sources_agree_api_differs
32.75.12.1001,32,JAWA BARAT,32.75,KOTA BEKASI,32.75.12,PONDOKMELATI,JATIRAHAYU,,,,,17444,17444,17414,17414;17444,review_required,unresolved,yes,No automatic selection: Kodepos.dev does not corroborate exactly one local source.,no,,diskominfo:32.75.12.1001;open_data_jabar:32.75.12.1001;kodepos_dev:32.75.12.1001,diskominfo_jabar_village_2024_unreviewed;open_data_jabar_postal_2023;kodepos_dev_rest_api,diskominfo:5783;open_data_jabar:23772;kodepos_dev:5783,2026-08-11,government_sources_agree_api_differs
32.75.12.1002,32,JAWA BARAT,32.75,KOTA BEKASI,32.75.12,PONDOKMELATI,JATIWARNA,,,,,17445,17445,17415,17415;17445,review_required,unresolved,yes,No automatic selection: Kodepos.dev does not corroborate exactly one local source.,no,,diskominfo:32.75.12.1002;open_data_jabar:32.75.12.1002;kodepos_dev:32.75.12.1002,diskominfo_jabar_village_2024_unreviewed;open_data_jabar_postal_2023;kodepos_dev_rest_api,diskominfo:5784;open_data_jabar:23773;kodepos_dev:5784,2026-08-11,government_sources_agree_api_differs
32.75.12.1003,32,JAWA BARAT,32.75,KOTA BEKASI,32.75.12,PONDOKMELATI,JATIMELATI,,,,,17446,17446,17414,17414;17446,review_required,unresolved,yes,No automatic selection: Kodepos.dev does not corroborate exactly one local source.,no,,diskominfo:32.75.12.1003;open_data_jabar:32.75.12.1003;kodepos_dev:32.75.12.1003,diskominfo_jabar_village_2024_unreviewed;open_data_jabar_postal_2023;kodepos_dev_rest_api,diskominfo:5785;open_data_jabar:23774;kodepos_dev:5785,2026-08-11,government_sources_agree_api_differs
32.75.12.1004,32,JAWA BARAT,32.75,KOTA BEKASI,32.75.12,PONDOKMELATI,JATIMURNI,,,,,17441,17441,17431,17431;17441,review_required,unresolved,yes,No automatic selection: Kodepos.dev does not corroborate exactly one local source.,no,,diskominfo:32.75.12.1004;open_data_jabar:32.75.12.1004;kodepos_dev:32.75.12.1004,diskominfo_jabar_village_2024_unreviewed;open_data_jabar_postal_2023;kodepos_dev_rest_api,diskominfo:5786;open_data_jabar:23775;kodepos_dev:5786,2026-08-11,government_sources_agree_api_differs
32.76.07.1005,32,JAWA BARAT,32.76,KOTA DEPOK,32.76.07,CIPAYUNG,PONDOK JAYA,,,,,16443,16443,16438,16438;16443,review_required,unresolved,yes,No automatic selection: Kodepos.dev does not corroborate exactly one local source.,no,,diskominfo:32.76.07.1005;open_data_jabar:32.76.07.1005;kodepos_dev:32.76.07.1005,diskominfo_jabar_village_2024_unreviewed;open_data_jabar_postal_2023;kodepos_dev_rest_api,diskominfo:5826;open_data_jabar:23820;kodepos_dev:5826,2026-08-11,government_sources_agree_api_differs
32.76.09.1003,32,JAWA BARAT,32.76,KOTA DEPOK,32.76.09,CINERE,PANGKALAN JATI,,,,,16543,16543,16513,16513;16543,review_required,unresolved,yes,No automatic selection: Kodepos.dev does not corroborate exactly one local source.,no,,diskominfo:32.76.09.1003;open_data_jabar:32.76.09.1003;kodepos_dev:32.76.09.1003,diskominfo_jabar_village_2024_unreviewed;open_data_jabar_postal_2023;kodepos_dev_rest_api,diskominfo:5834;open_data_jabar:23829;kodepos_dev:5834,2026-08-11,government_sources_agree_api_differs
32.76.09.1004,32,JAWA BARAT,32.76,KOTA DEPOK,32.76.09,CINERE,PANGKALAN JATI BARU,,,,,16542,16542,16513,16513;16542,review_required,unresolved,yes,No automatic selection: Kodepos.dev does not corroborate exactly one local source.,no,,diskominfo:32.76.09.1004;open_data_jabar:32.76.09.1004;kodepos_dev:32.76.09.1004,diskominfo_jabar_village_2024_unreviewed;open_data_jabar_postal_2023;kodepos_dev_rest_api,diskominfo:5835;open_data_jabar:23830;kodepos_dev:5835,2026-08-11,government_sources_agree_api_differs
32.76.11.1002,32,JAWA BARAT,32.76,KOTA DEPOK,32.76.11,BOJONGSARI,BOJONGSARI BARU,,,,,16522,16522,16516,16516;16522,review_required,unresolved,yes,No automatic selection: Kodepos.dev does not corroborate exactly one local source.,no,,diskominfo:32.76.11.1002;open_data_jabar:32.76.11.1002;kodepos_dev:32.76.11.1002,diskominfo_jabar_village_2024_unreviewed;open_data_jabar_postal_2023;kodepos_dev_rest_api,diskominfo:5844;open_data_jabar:23840;kodepos_dev:5844,2026-08-11,government_sources_agree_api_differs
