exception_id,village_code,village_name,district_name,city_name,exception_type,verification_status,postal_code_candidate,postal_candidates,pos_indonesia_observed,review_required,reason
POSTAL-3201011001,32.01.01.1001,PONDOK RAJEG,CIBINONG,KAB. BOGOR,candidate_review_only,corroborated_candidate,16914,16913;16914,,yes,Kodepos.dev corroborates Open Data Jabar; candidate is not accepted as final.
POSTAL-3201011010,32.01.01.1010,CIRIUNG,CIBINONG,KAB. BOGOR,candidate_review_only,corroborated_candidate,16918,16918;16919,,yes,Kodepos.dev corroborates Open Data Jabar; candidate is not accepted as final.
POSTAL-3201011013,32.01.01.1013,PABUARAN MEKAR,CIBINONG,KAB. BOGOR,candidate_review_only,corroborated_candidate,16916,16916,,yes,Kodepos.dev corroborates Diskominfo; candidate is not accepted as final.
POSTAL-3201022010,32.01.02.2010,KARANGGAN,GUNUNG PUTRI,KAB. BOGOR,candidate_review_only,corroborated_candidate,16960,16960;16961,,yes,Kodepos.dev corroborates Open Data Jabar; candidate is not accepted as final.
POSTAL-3201031006,32.01.03.1006,PUSPANEGARA,CITEUREUP,KAB. BOGOR,candidate_review_only,corroborated_candidate,16811,16810;16811,,yes,Kodepos.dev corroborates Diskominfo; candidate is not accepted as final.
POSTAL-3201031007,32.01.03.1007,KARANG ASEM BARAT,CITEUREUP,KAB. BOGOR,unresolved_do_not_guess,review_required,,16810;16811;16812,,yes,No automatic selection: Kodepos.dev does not corroborate exactly one local source.
POSTAL-3201032001,32.01.03.2001,PUSPASARI,CITEUREUP,KAB. BOGOR,candidate_review_only,corroborated_candidate,16811,16810;16811,,yes,Kodepos.dev corroborates Diskominfo; candidate is not accepted as final.
POSTAL-3201032002,32.01.03.2002,CITEUREUP,CITEUREUP,KAB. BOGOR,candidate_review_only,corroborated_candidate,16811,16810;16811,,yes,Kodepos.dev corroborates Diskominfo; candidate is not accepted as final.
POSTAL-3201032003,32.01.03.2003,LEUWINUTUG,CITEUREUP,KAB. BOGOR,unresolved_do_not_guess,review_required,,16810;16811;16813,,yes,No automatic selection: Kodepos.dev does not corroborate exactly one local source.
POSTAL-3201032004,32.01.03.2004,TAJUR,CITEUREUP,KAB. BOGOR,unresolved_do_not_guess,review_required,,16810;16811;16817,,yes,No automatic selection: Kodepos.dev does not corroborate exactly one local source.
POSTAL-3201032005,32.01.03.2005,SANJA,CITEUREUP,KAB. BOGOR,unresolved_do_not_guess,review_required,,16810;16811;16814,,yes,No automatic selection: Kodepos.dev does not corroborate exactly one local source.
POSTAL-3201032008,32.01.03.2008,KARANG ASEM TIMUR,CITEUREUP,KAB. BOGOR,unresolved_do_not_guess,review_required,,16810;16811;16812,,yes,No automatic selection: Kodepos.dev does not corroborate exactly one local source.
POSTAL-3201032009,32.01.03.2009,TARIKOLOT,CITEUREUP,KAB. BOGOR,unresolved_do_not_guess,review_required,,16810;16811;16819,,yes,No automatic selection: Kodepos.dev does not corroborate exactly one local source.
POSTAL-3201032010,32.01.03.2010,GUNUNGSARI,CITEUREUP,KAB. BOGOR,unresolved_do_not_guess,review_required,,16810;16811;16819,,yes,No automatic selection: Kodepos.dev does not corroborate exactly one local source.
POSTAL-3201032011,32.01.03.2011,TANGKIL,CITEUREUP,KAB. BOGOR,unresolved_do_not_guess,review_required,,16810;16811;16815,,yes,No automatic selection: Kodepos.dev does not corroborate exactly one local source.
POSTAL-3201032012,32.01.03.2012,SUKAHATI,CITEUREUP,KAB. BOGOR,unresolved_do_not_guess,review_required,,16810;16811;16814,,yes,No automatic selection: Kodepos.dev does not corroborate exactly one local source.
POSTAL-3201032013,32.01.03.2013,HAMBALANG,CITEUREUP,KAB. BOGOR,unresolved_do_not_guess,review_required,,16810;16811;16816,,yes,No automatic selection: Kodepos.dev does not corroborate exactly one local source.
POSTAL-3201032014,32.01.03.2014,PASIRMUKTI,CITEUREUP,KAB. BOGOR,unresolved_do_not_guess,review_required,,16810;16811;16818,,yes,No automatic selection: Kodepos.dev does not corroborate exactly one local source.
POSTAL-3201042001,32.01.04.2001,GUNUNGGEULIS,SUKARAJA,KAB. BOGOR,unresolved_do_not_guess,review_required,,16710;16711;16713,,yes,No automatic selection: Kodepos.dev does not corroborate exactly one local source.
POSTAL-3201042002,32.01.04.2002,CILEBUT TIMUR,SUKARAJA,KAB. BOGOR,unresolved_do_not_guess,review_required,,16710;16711;16718,,yes,No automatic selection: Kodepos.dev does not corroborate exactly one local source.
POSTAL-3201042003,32.01.04.2003,CILEBUT BARAT,SUKARAJA,KAB. BOGOR,unresolved_do_not_guess,review_required,,16710;16711;16718,,yes,No automatic selection: Kodepos.dev does not corroborate exactly one local source.
POSTAL-3201042004,32.01.04.2004,CIBANON,SUKARAJA,KAB. BOGOR,unresolved_do_not_guess,review_required,,16710;16711;16712,,yes,No automatic selection: Kodepos.dev does not corroborate exactly one local source.
POSTAL-3201042005,32.01.04.2005,NAGRAK,SUKARAJA,KAB. BOGOR,unresolved_do_not_guess,review_required,,16710;16711;16714,,yes,No automatic selection: Kodepos.dev does not corroborate exactly one local source.
POSTAL-3201042006,32.01.04.2006,SUKATANI,SUKARAJA,KAB. BOGOR,unresolved_do_not_guess,review_required,,16710;16711;16719,,yes,No automatic selection: Kodepos.dev does not corroborate exactly one local source.
POSTAL-3201042007,32.01.04.2007,SUKARAJA,SUKARAJA,KAB. BOGOR,unresolved_do_not_guess,review_required,,16711;16719;38877,,yes,No automatic selection: Kodepos.dev does not corroborate exactly one local source.
POSTAL-3201042008,32.01.04.2008,CIKEAS,SUKARAJA,KAB. BOGOR,unresolved_do_not_guess,review_required,,16710;16711;16714,,yes,No automatic selection: Kodepos.dev does not corroborate exactly one local source.
POSTAL-3201042009,32.01.04.2009,PASIR JAMBU,SUKARAJA,KAB. BOGOR,unresolved_do_not_guess,review_required,,16710;16711;16717,,yes,No automatic selection: Kodepos.dev does not corroborate exactly one local source.
POSTAL-3201042010,32.01.04.2010,CIMANDALA,SUKARAJA,KAB. BOGOR,unresolved_do_not_guess,review_required,,16710;16711;16716,,yes,No automatic selection: Kodepos.dev does not corroborate exactly one local source.
POSTAL-3201042011,32.01.04.2011,CIJUJUNG,SUKARAJA,KAB. BOGOR,unresolved_do_not_guess,review_required,,16710;16711;16716,,yes,No automatic selection: Kodepos.dev does not corroborate exactly one local source.
POSTAL-3201042012,32.01.04.2012,CADASNGAMPAR,SUKARAJA,KAB. BOGOR,unresolved_do_not_guess,review_required,,16710;16711;16714,,yes,No automatic selection: Kodepos.dev does not corroborate exactly one local source.
POSTAL-3201042013,32.01.04.2013,PASIRLAJA,SUKARAJA,KAB. BOGOR,unresolved_do_not_guess,review_required,,16710;16711;16715,,yes,No automatic selection: Kodepos.dev does not corroborate exactly one local source.
POSTAL-3201052001,32.01.05.2001,CIJAYANTI,BABAKAN MADANG,KAB. BOGOR,candidate_review_only,corroborated_candidate,16810,16810;16864,,yes,Kodepos.dev corroborates Open Data Jabar; candidate is not accepted as final.
POSTAL-3201052002,32.01.05.2002,SUMURBATU,BABAKAN MADANG,KAB. BOGOR,candidate_review_only,corroborated_candidate,16810,16810;16866,,yes,Kodepos.dev corroborates Open Data Jabar; candidate is not accepted as final.
POSTAL-3201052003,32.01.05.2003,SENTUL,BABAKAN MADANG,KAB. BOGOR,candidate_review_only,corroborated_candidate,16810,16810;16863,,yes,Kodepos.dev corroborates Open Data Jabar; candidate is not accepted as final.
POSTAL-3201052004,32.01.05.2004,KARANGTENGAH,BABAKAN MADANG,KAB. BOGOR,candidate_review_only,corroborated_candidate,16810,16810;16867,,yes,Kodepos.dev corroborates Open Data Jabar; candidate is not accepted as final.
POSTAL-3201052005,32.01.05.2005,CIPAMBUAN,BABAKAN MADANG,KAB. BOGOR,candidate_review_only,corroborated_candidate,16810,16810;16869,,yes,Kodepos.dev corroborates Open Data Jabar; candidate is not accepted as final.
POSTAL-3201052006,32.01.05.2006,KADUMANGGU,BABAKAN MADANG,KAB. BOGOR,candidate_review_only,corroborated_candidate,16810,16810;16868,,yes,Kodepos.dev corroborates Open Data Jabar; candidate is not accepted as final.
POSTAL-3201052007,32.01.05.2007,CITARINGGUL,BABAKAN MADANG,KAB. BOGOR,candidate_review_only,corroborated_candidate,16810,16810;16862,,yes,Kodepos.dev corroborates Open Data Jabar; candidate is not accepted as final.
POSTAL-3201052008,32.01.05.2008,BABAKAN MADANG,BABAKAN MADANG,KAB. BOGOR,candidate_review_only,corroborated_candidate,16810,16810;16861,,yes,Kodepos.dev corroborates Open Data Jabar; candidate is not accepted as final.
POSTAL-3201052009,32.01.05.2009,BOJONG KONENG,BABAKAN MADANG,KAB. BOGOR,candidate_review_only,corroborated_candidate,16810,16810;16865,,yes,Kodepos.dev corroborates Open Data Jabar; candidate is not accepted as final.
POSTAL-3201062001,32.01.06.2001,SUKAMAJU,JONGGOL,KAB. BOGOR,candidate_review_only,corroborated_candidate,16830,16830;16832,,yes,Kodepos.dev corroborates Open Data Jabar; candidate is not accepted as final.
POSTAL-3201062002,32.01.06.2002,SIRNAGALIH,JONGGOL,KAB. BOGOR,candidate_review_only,corroborated_candidate,16830,16830;16839,,yes,Kodepos.dev corroborates Open Data Jabar; candidate is not accepted as final.
POSTAL-3201062003,32.01.06.2003,SINGAJAYA,JONGGOL,KAB. BOGOR,candidate_review_only,corroborated_candidate,16830,16830;16834,,yes,Kodepos.dev corroborates Open Data Jabar; candidate is not accepted as final.
POSTAL-3201062004,32.01.06.2004,SUKASIRNA,JONGGOL,KAB. BOGOR,candidate_review_only,corroborated_candidate,16830,16830;16837,,yes,Kodepos.dev corroborates Open Data Jabar; candidate is not accepted as final.
POSTAL-3201062005,32.01.06.2005,SUKANEGARA,JONGGOL,KAB. BOGOR,candidate_review_only,corroborated_candidate,16830,16830;16836,,yes,Kodepos.dev corroborates Open Data Jabar; candidate is not accepted as final.
POSTAL-3201062006,32.01.06.2006,SUKAMANAH,JONGGOL,KAB. BOGOR,candidate_review_only,corroborated_candidate,16830,16830;16832,,yes,Kodepos.dev corroborates Open Data Jabar; candidate is not accepted as final.
POSTAL-3201062007,32.01.06.2007,WENINGGALIH,JONGGOL,KAB. BOGOR,candidate_review_only,corroborated_candidate,16830,16830;16839,,yes,Kodepos.dev corroborates Open Data Jabar; candidate is not accepted as final.
POSTAL-3201062008,32.01.06.2008,CIBODAS,JONGGOL,KAB. BOGOR,candidate_review_only,corroborated_candidate,16830,16830;16835,,yes,Kodepos.dev corroborates Open Data Jabar; candidate is not accepted as final.
POSTAL-3201062009,32.01.06.2009,JONGGOL,JONGGOL,KAB. BOGOR,candidate_review_only,corroborated_candidate,16830,16830;16839,,yes,Kodepos.dev corroborates Open Data Jabar; candidate is not accepted as final.
POSTAL-3201062010,32.01.06.2010,BENDUNGAN,JONGGOL,KAB. BOGOR,candidate_review_only,corroborated_candidate,16830,16830;16838,,yes,Kodepos.dev corroborates Open Data Jabar; candidate is not accepted as final.
POSTAL-3201062011,32.01.06.2011,SINGASARI,JONGGOL,KAB. BOGOR,candidate_review_only,corroborated_candidate,16830,16830;16833,,yes,Kodepos.dev corroborates Open Data Jabar; candidate is not accepted as final.
POSTAL-3201062012,32.01.06.2012,BALEKAMBANG,JONGGOL,KAB. BOGOR,candidate_review_only,corroborated_candidate,16830,16830;16837,,yes,Kodepos.dev corroborates Open Data Jabar; candidate is not accepted as final.
POSTAL-3201062013,32.01.06.2013,SUKAJAYA,JONGGOL,KAB. BOGOR,candidate_review_only,corroborated_candidate,16830,16830;16836,,yes,Kodepos.dev corroborates Open Data Jabar; candidate is not accepted as final.
POSTAL-3201062014,32.01.06.2014,SUKAGALIH,JONGGOL,KAB. BOGOR,candidate_review_only,corroborated_candidate,16830,16830;16839,,yes,Kodepos.dev corroborates Open Data Jabar; candidate is not accepted as final.
POSTAL-3201072001,32.01.07.2001,PASIRANGIN,CILEUNGSI,KAB. BOGOR,candidate_review_only,corroborated_candidate,16820,16820;16828,,yes,Kodepos.dev corroborates Open Data Jabar; candidate is not accepted as final.
POSTAL-3201072002,32.01.07.2002,MEKARSARI,CILEUNGSI,KAB. BOGOR,candidate_review_only,corroborated_candidate,16820,16820;16826,,yes,Kodepos.dev corroborates Open Data Jabar; candidate is not accepted as final.
POSTAL-3201072003,32.01.07.2003,MAMPIR,CILEUNGSI,KAB. BOGOR,candidate_review_only,corroborated_candidate,16820,16820;16823,,yes,Kodepos.dev corroborates Open Data Jabar; candidate is not accepted as final.
POSTAL-3201072004,32.01.07.2004,DAYEUH,CILEUNGSI,KAB. BOGOR,candidate_review_only,corroborated_candidate,16820,16820;16822,,yes,Kodepos.dev corroborates Open Data Jabar; candidate is not accepted as final.
POSTAL-3201072005,32.01.07.2005,GANDOANG,CILEUNGSI,KAB. BOGOR,candidate_review_only,corroborated_candidate,16820,16820;16824,,yes,Kodepos.dev corroborates Open Data Jabar; candidate is not accepted as final.
POSTAL-3201072006,32.01.07.2006,JATISARI,CILEUNGSI,KAB. BOGOR,candidate_review_only,corroborated_candidate,16820,16820;16825,,yes,Kodepos.dev corroborates Open Data Jabar; candidate is not accepted as final.
POSTAL-3201072007,32.01.07.2007,CILEUNGSI KIDUL,CILEUNGSI,KAB. BOGOR,candidate_review_only,corroborated_candidate,16820,16820;16821,,yes,Kodepos.dev corroborates Open Data Jabar; candidate is not accepted as final.
POSTAL-3201072008,32.01.07.2008,CIPEUCANG,CILEUNGSI,KAB. BOGOR,candidate_review_only,corroborated_candidate,16820,16820;16825,,yes,Kodepos.dev corroborates Open Data Jabar; candidate is not accepted as final.
POSTAL-3201072009,32.01.07.2009,SITUSARI,CILEUNGSI,KAB. BOGOR,unresolved_do_not_guess,review_required,,16820;16824,,yes,No automatic selection: Kodepos.dev does not corroborate exactly one local source.
POSTAL-3201072010,32.01.07.2010,CIPENJO,CILEUNGSI,KAB. BOGOR,candidate_review_only,corroborated_candidate,16820,16820;16827,,yes,Kodepos.dev corroborates Open Data Jabar; candidate is not accepted as final.
POSTAL-3201072011,32.01.07.2011,LIMUSNUNGGAL,CILEUNGSI,KAB. BOGOR,unresolved_do_not_guess,review_required,,16820;16829,,yes,No automatic selection: Kodepos.dev does not corroborate exactly one local source.
POSTAL-3201072012,32.01.07.2012,CILEUNGSI,CILEUNGSI,KAB. BOGOR,candidate_review_only,corroborated_candidate,16820,16820;16821,,yes,Kodepos.dev corroborates Open Data Jabar; candidate is not accepted as final.
POSTAL-3201082001,32.01.08.2001,KARYAMEKAR,CARIU,KAB. BOGOR,candidate_review_only,corroborated_candidate,16840,16840;16843,,yes,Kodepos.dev corroborates Open Data Jabar; candidate is not accepted as final.
POSTAL-3201082002,32.01.08.2002,BABAKANRADEN,CARIU,KAB. BOGOR,candidate_review_only,corroborated_candidate,16840,16840;16848,,yes,Kodepos.dev corroborates Open Data Jabar; candidate is not accepted as final.
POSTAL-3201082003,32.01.08.2003,CIKUTAMAHI,CARIU,KAB. BOGOR,candidate_review_only,corroborated_candidate,16840,16840;16845,,yes,Kodepos.dev corroborates Open Data Jabar; candidate is not accepted as final.
POSTAL-3201082004,32.01.08.2004,KUTAMEKAR,CARIU,KAB. BOGOR,unresolved_do_not_guess,review_required,,16840;16846,,yes,No automatic selection: Kodepos.dev does not corroborate exactly one local source.
POSTAL-3201082005,32.01.08.2005,CARIU,CARIU,KAB. BOGOR,candidate_review_only,corroborated_candidate,16840,16840;16841,,yes,Kodepos.dev corroborates Open Data Jabar; candidate is not accepted as final.
POSTAL-3201082006,32.01.08.2006,MEKARWANGI,CARIU,KAB. BOGOR,candidate_review_only,corroborated_candidate,16840,16840;16842,,yes,Kodepos.dev corroborates Open Data Jabar; candidate is not accepted as final.
POSTAL-3201082007,32.01.08.2007,BANTARKUNING,CARIU,KAB. BOGOR,candidate_review_only,corroborated_candidate,16840,16840;16844,,yes,Kodepos.dev corroborates Open Data Jabar; candidate is not accepted as final.
POSTAL-3201082008,32.01.08.2008,SUKAJADI,CARIU,KAB. BOGOR,candidate_review_only,corroborated_candidate,16840,16840;16847,,yes,Kodepos.dev corroborates Open Data Jabar; candidate is not accepted as final.
POSTAL-3201082009,32.01.08.2009,TEGALPANJANG,CARIU,KAB. BOGOR,candidate_review_only,corroborated_candidate,16840,16840;16849,,yes,Kodepos.dev corroborates Open Data Jabar; candidate is not accepted as final.
POSTAL-3201082010,32.01.08.2010,CIBATUTIGA,CARIU,KAB. BOGOR,candidate_review_only,corroborated_candidate,16840,16840;16844,,yes,Kodepos.dev corroborates Open Data Jabar; candidate is not accepted as final.
POSTAL-3201092001,32.01.09.2001,WARGAJAYA,SUKAMAKMUR,KAB. BOGOR,unresolved_do_not_guess,review_required,,16830;16831;16883,,yes,No automatic selection: Kodepos.dev does not corroborate exactly one local source.
POSTAL-3201092002,32.01.09.2002,PABUARAN,SUKAMAKMUR,KAB. BOGOR,unresolved_do_not_guess,review_required,,16830;16831;16888,,yes,No automatic selection: Kodepos.dev does not corroborate exactly one local source.
POSTAL-3201092003,32.01.09.2003,SUKADAMAI,SUKAMAKMUR,KAB. BOGOR,unresolved_do_not_guess,review_required,,16830;16831;16886,,yes,No automatic selection: Kodepos.dev does not corroborate exactly one local source.
POSTAL-3201092004,32.01.09.2004,SUKAWANGI,SUKAMAKMUR,KAB. BOGOR,unresolved_do_not_guess,review_required,,16830;16831;16884,,yes,No automatic selection: Kodepos.dev does not corroborate exactly one local source.
POSTAL-3201092005,32.01.09.2005,CIBADAK,SUKAMAKMUR,KAB. BOGOR,unresolved_do_not_guess,review_required,,16830;16831;16882,,yes,No automatic selection: Kodepos.dev does not corroborate exactly one local source.
POSTAL-3201092006,32.01.09.2006,SUKARESMI,SUKAMAKMUR,KAB. BOGOR,unresolved_do_not_guess,review_required,,16830;16831;16887,,yes,No automatic selection: Kodepos.dev does not corroborate exactly one local source.
POSTAL-3201092007,32.01.09.2007,SUKAMULYA,SUKAMAKMUR,KAB. BOGOR,unresolved_do_not_guess,review_required,,16830;16831;16889,,yes,No automatic selection: Kodepos.dev does not corroborate exactly one local source.
POSTAL-3201092008,32.01.09.2008,SUKAHARJA,SUKAMAKMUR,KAB. BOGOR,unresolved_do_not_guess,review_required,,16830;16831;16885,,yes,No automatic selection: Kodepos.dev does not corroborate exactly one local source.
POSTAL-3201092009,32.01.09.2009,SIRNAJAYA,SUKAMAKMUR,KAB. BOGOR,unresolved_do_not_guess,review_required,,16830;16831;16883,,yes,No automatic selection: Kodepos.dev does not corroborate exactly one local source.
POSTAL-3201092010,32.01.09.2010,SUKAMAKMUR,SUKAMAKMUR,KAB. BOGOR,unresolved_do_not_guess,review_required,,16830;16831;16881,,yes,No automatic selection: Kodepos.dev does not corroborate exactly one local source.
POSTAL-3201102001,32.01.10.2001,PARUNG,PARUNG,KAB. BOGOR,candidate_review_only,corroborated_candidate,16330,16330;16331,,yes,Kodepos.dev corroborates Open Data Jabar; candidate is not accepted as final.
POSTAL-3201102002,32.01.10.2002,IWUL,PARUNG,KAB. BOGOR,candidate_review_only,corroborated_candidate,16330,16330;16337,,yes,Kodepos.dev corroborates Open Data Jabar; candidate is not accepted as final.
POSTAL-3201102003,32.01.10.2003,BOJONGSEMPU,PARUNG,KAB. BOGOR,candidate_review_only,corroborated_candidate,16330,16330;16336,,yes,Kodepos.dev corroborates Open Data Jabar; candidate is not accepted as final.
POSTAL-3201102004,32.01.10.2004,WARU,PARUNG,KAB. BOGOR,candidate_review_only,corroborated_candidate,16330,16330;16336,,yes,Kodepos.dev corroborates Open Data Jabar; candidate is not accepted as final.
POSTAL-3201102005,32.01.10.2005,COGREG,PARUNG,KAB. BOGOR,candidate_review_only,corroborated_candidate,16330,16330;16334,,yes,Kodepos.dev corroborates Open Data Jabar; candidate is not accepted as final.
POSTAL-3201102006,32.01.10.2006,PAMEGARSARI,PARUNG,KAB. BOGOR,unresolved_do_not_guess,review_required,,16330;16331;16339,,yes,No automatic selection: Kodepos.dev does not corroborate exactly one local source.
POSTAL-3201102007,32.01.10.2007,WARUJAYA,PARUNG,KAB. BOGOR,candidate_review_only,corroborated_candidate,16330,16330;16333,,yes,Kodepos.dev corroborates Open Data Jabar; candidate is not accepted as final.
POSTAL-3201102008,32.01.10.2008,BOJONGINDAH,PARUNG,KAB. BOGOR,candidate_review_only,corroborated_candidate,16330,16330;16336,,yes,Kodepos.dev corroborates Open Data Jabar; candidate is not accepted as final.
POSTAL-3201102009,32.01.10.2009,JABONMEKAR,PARUNG,KAB. BOGOR,candidate_review_only,corroborated_candidate,16330,16330;16338,,yes,Kodepos.dev corroborates Open Data Jabar; candidate is not accepted as final.
POSTAL-3201112001,32.01.11.2001,CIDOKOM,GUNUNG SINDUR,KAB. BOGOR,candidate_review_only,corroborated_candidate,16340,16340;16343,,yes,Kodepos.dev corroborates Open Data Jabar; candidate is not accepted as final.
POSTAL-3201112002,32.01.11.2002,PADURENAN,GUNUNG SINDUR,KAB. BOGOR,candidate_review_only,corroborated_candidate,16340,16340;16348,,yes,Kodepos.dev corroborates Open Data Jabar; candidate is not accepted as final.
POSTAL-3201112003,32.01.11.2003,PENGASINAN,GUNUNG SINDUR,KAB. BOGOR,candidate_review_only,corroborated_candidate,16340,16340;16346,,yes,Kodepos.dev corroborates Open Data Jabar; candidate is not accepted as final.
POSTAL-3201112004,32.01.11.2004,CURUG,GUNUNG SINDUR,KAB. BOGOR,candidate_review_only,corroborated_candidate,16340,16340;16344,,yes,Kodepos.dev corroborates Open Data Jabar; candidate is not accepted as final.
POSTAL-3201112005,32.01.11.2005,GUNUNGSINDUR,GUNUNG SINDUR,KAB. BOGOR,candidate_review_only,corroborated_candidate,16340,16340;16341,,yes,Kodepos.dev corroborates Open Data Jabar; candidate is not accepted as final.
POSTAL-3201112006,32.01.11.2006,JAMPANG,GUNUNG SINDUR,KAB. BOGOR,candidate_review_only,corroborated_candidate,16340,16340;16342,,yes,Kodepos.dev corroborates Open Data Jabar; candidate is not accepted as final.
POSTAL-3201112007,32.01.11.2007,CIBADUNG,GUNUNG SINDUR,KAB. BOGOR,candidate_review_only,corroborated_candidate,16340,16340;16346,,yes,Kodepos.dev corroborates Open Data Jabar; candidate is not accepted as final.
POSTAL-3201112008,32.01.11.2008,CIBINONG,GUNUNG SINDUR,KAB. BOGOR,candidate_review_only,corroborated_candidate,16340,16340;16346,,yes,Kodepos.dev corroborates Open Data Jabar; candidate is not accepted as final.
POSTAL-3201112009,32.01.11.2009,RAWAKALONG,GUNUNG SINDUR,KAB. BOGOR,candidate_review_only,corroborated_candidate,16340,16340;16347,,yes,Kodepos.dev corroborates Open Data Jabar; candidate is not accepted as final.
POSTAL-3201112010,32.01.11.2010,PABUARAN,GUNUNG SINDUR,KAB. BOGOR,candidate_review_only,corroborated_candidate,16340,16340;16348,,yes,Kodepos.dev corroborates Open Data Jabar; candidate is not accepted as final.
POSTAL-3201121006,32.01.12.1006,ATANG SENJAYA,KEMANG,KAB. BOGOR,candidate_review_only,corroborated_candidate,16310,16310;16318,,yes,Kodepos.dev corroborates Open Data Jabar; candidate is not accepted as final.
POSTAL-3201122001,32.01.12.2001,BOJONG,KEMANG,KAB. BOGOR,candidate_review_only,corroborated_candidate,16310,16310;16316,,yes,Kodepos.dev corroborates Open Data Jabar; candidate is not accepted as final.
POSTAL-3201122002,32.01.12.2002,PARAKANJAYA,KEMANG,KAB. BOGOR,candidate_review_only,corroborated_candidate,16310,16310;16319,,yes,Kodepos.dev corroborates Open Data Jabar; candidate is not accepted as final.
POSTAL-3201122003,32.01.12.2003,KEMANG,KEMANG,KAB. BOGOR,candidate_review_only,corroborated_candidate,16310,16310;16311,,yes,Kodepos.dev corroborates Open Data Jabar; candidate is not accepted as final.
POSTAL-3201122004,32.01.12.2004,PABUARAN,KEMANG,KAB. BOGOR,candidate_review_only,corroborated_candidate,16310,16310;16312,,yes,Kodepos.dev corroborates Open Data Jabar; candidate is not accepted as final.
POSTAL-3201122005,32.01.12.2005,SEMPLAK BARAT,KEMANG,KAB. BOGOR,candidate_review_only,corroborated_candidate,16310,16310;16317,,yes,Kodepos.dev corroborates Open Data Jabar; candidate is not accepted as final.
POSTAL-3201122007,32.01.12.2007,JAMPANG,KEMANG,KAB. BOGOR,candidate_review_only,corroborated_candidate,16310,16310;16314,,yes,Kodepos.dev corroborates Open Data Jabar; candidate is not accepted as final.
POSTAL-3201122008,32.01.12.2008,PONDOK UDIK,KEMANG,KAB. BOGOR,candidate_review_only,corroborated_candidate,16310,16310;16313,,yes,Kodepos.dev corroborates Open Data Jabar; candidate is not accepted as final.
POSTAL-3201122009,32.01.12.2009,TEGAL,KEMANG,KAB. BOGOR,candidate_review_only,corroborated_candidate,16310,16310;16315,,yes,Kodepos.dev corroborates Open Data Jabar; candidate is not accepted as final.
POSTAL-3201132001,32.01.13.2001,BOJONGBARU,BOJONG GEDE,KAB. BOGOR,unresolved_do_not_guess,review_required,,16920;16926,,yes,No automatic selection: Kodepos.dev does not corroborate exactly one local source.
POSTAL-3201132002,32.01.13.2002,CIMANGGIS,BOJONG GEDE,KAB. BOGOR,unresolved_do_not_guess,review_required,,16920;16924,,yes,No automatic selection: Kodepos.dev does not corroborate exactly one local source.
POSTAL-3201132003,32.01.13.2003,SUSUKAN,BOJONG GEDE,KAB. BOGOR,unresolved_do_not_guess,review_required,,16920;16929,,yes,No automatic selection: Kodepos.dev does not corroborate exactly one local source.
POSTAL-3201132004,32.01.13.2004,RAGAJAYA,BOJONG GEDE,KAB. BOGOR,unresolved_do_not_guess,review_required,,16920;16928,,yes,No automatic selection: Kodepos.dev does not corroborate exactly one local source.
POSTAL-3201132006,32.01.13.2006,WARINGINJAYA,BOJONG GEDE,KAB. BOGOR,unresolved_do_not_guess,review_required,,16920;16925,,yes,No automatic selection: Kodepos.dev does not corroborate exactly one local source.
POSTAL-3201132008,32.01.13.2008,RAWAPANJANG,BOJONG GEDE,KAB. BOGOR,unresolved_do_not_guess,review_required,,16920;16927,,yes,No automatic selection: Kodepos.dev does not corroborate exactly one local source.
POSTAL-3201132009,32.01.13.2009,BOJONGGEDE,BOJONG GEDE,KAB. BOGOR,candidate_review_only,corroborated_candidate,16922,16922;16925,,yes,Kodepos.dev corroborates Open Data Jabar; candidate is not accepted as final.
POSTAL-3201142001,32.01.14.2001,LEUWILIANG,LEUWILIANG,KAB. BOGOR,candidate_review_only,corroborated_candidate,16640,16640;16641,,yes,Kodepos.dev corroborates Open Data Jabar; candidate is not accepted as final.
POSTAL-3201142002,32.01.14.2002,PURASARI,LEUWILIANG,KAB. BOGOR,candidate_review_only,corroborated_candidate,16640,16640;16644,,yes,Kodepos.dev corroborates Open Data Jabar; candidate is not accepted as final.
POSTAL-3201142003,32.01.14.2003,KARYASARI,LEUWILIANG,KAB. BOGOR,candidate_review_only,corroborated_candidate,16640,16640;16646,,yes,Kodepos.dev corroborates Open Data Jabar; candidate is not accepted as final.
POSTAL-3201142004,32.01.14.2004,PABANGBON,LEUWILIANG,KAB. BOGOR,candidate_review_only,corroborated_candidate,16640,16640;16643,,yes,Kodepos.dev corroborates Open Data Jabar; candidate is not accepted as final.
POSTAL-3201142005,32.01.14.2005,KARACAK,LEUWILIANG,KAB. BOGOR,candidate_review_only,corroborated_candidate,16640,16640;16646,,yes,Kodepos.dev corroborates Open Data Jabar; candidate is not accepted as final.
POSTAL-3201142006,32.01.14.2006,BARENGKOK,LEUWILIANG,KAB. BOGOR,candidate_review_only,corroborated_candidate,16640,16640;16647,,yes,Kodepos.dev corroborates Open Data Jabar; candidate is not accepted as final.
POSTAL-3201142007,32.01.14.2007,LEUWIMEKAR,LEUWILIANG,KAB. BOGOR,candidate_review_only,corroborated_candidate,16640,16640;16648,,yes,Kodepos.dev corroborates Open Data Jabar; candidate is not accepted as final.
POSTAL-3201142008,32.01.14.2008,PURASEDA,LEUWILIANG,KAB. BOGOR,candidate_review_only,corroborated_candidate,16640,16640;16645,,yes,Kodepos.dev corroborates Open Data Jabar; candidate is not accepted as final.
POSTAL-3201142009,32.01.14.2009,CIBEBER I,LEUWILIANG,KAB. BOGOR,unresolved_do_not_guess,review_required,,16640;16642,,yes,No automatic selection: Kodepos.dev does not corroborate exactly one local source.
POSTAL-3201142010,32.01.14.2010,CIBEBER II,LEUWILIANG,KAB. BOGOR,unresolved_do_not_guess,review_required,,16640;16642,,yes,No automatic selection: Kodepos.dev does not corroborate exactly one local source.
POSTAL-3201142011,32.01.14.2011,KAREHKEL,LEUWILIANG,KAB. BOGOR,candidate_review_only,corroborated_candidate,16640,16640;16649,,yes,Kodepos.dev corroborates Open Data Jabar; candidate is not accepted as final.
POSTAL-3201152001,32.01.15.2001,CIAMPEA,CIAMPEA,KAB. BOGOR,candidate_review_only,corroborated_candidate,16620,16620;16625,,yes,Kodepos.dev corroborates Open Data Jabar; candidate is not accepted as final.
POSTAL-3201152002,32.01.15.2002,CINANGKA,CIAMPEA,KAB. BOGOR,candidate_review_only,corroborated_candidate,16620,16620;16626,,yes,Kodepos.dev corroborates Open Data Jabar; candidate is not accepted as final.
POSTAL-3201152003,32.01.15.2003,CIHIDEUNGUDIK,CIAMPEA,KAB. BOGOR,candidate_review_only,corroborated_candidate,16620,16620;16627,,yes,Kodepos.dev corroborates Open Data Jabar; candidate is not accepted as final.
POSTAL-3201152004,32.01.15.2004,BOJONGJENGKOL,CIAMPEA,KAB. BOGOR,candidate_review_only,corroborated_candidate,16620,16620;16623,,yes,Kodepos.dev corroborates Open Data Jabar; candidate is not accepted as final.
POSTAL-3201152005,32.01.15.2005,TEGALWARU,CIAMPEA,KAB. BOGOR,candidate_review_only,corroborated_candidate,16620,16620;16623,,yes,Kodepos.dev corroborates Open Data Jabar; candidate is not accepted as final.
POSTAL-3201152006,32.01.15.2006,CIBUNTU,CIAMPEA,KAB. BOGOR,candidate_review_only,corroborated_candidate,16620,16620;16624,,yes,Kodepos.dev corroborates Open Data Jabar; candidate is not accepted as final.
POSTAL-3201152007,32.01.15.2007,CICADAS,CIAMPEA,KAB. BOGOR,candidate_review_only,corroborated_candidate,16620,16620;16622,,yes,Kodepos.dev corroborates Open Data Jabar; candidate is not accepted as final.
POSTAL-3201152008,32.01.15.2008,CIBADAK,CIAMPEA,KAB. BOGOR,candidate_review_only,corroborated_candidate,16620,16620;16628,,yes,Kodepos.dev corroborates Open Data Jabar; candidate is not accepted as final.
POSTAL-3201152009,32.01.15.2009,BOJONGRANGKAS,CIAMPEA,KAB. BOGOR,candidate_review_only,corroborated_candidate,16620,16620;16621,,yes,Kodepos.dev corroborates Open Data Jabar; candidate is not accepted as final.
POSTAL-3201152010,32.01.15.2010,CIHIDEUNGHILIR,CIAMPEA,KAB. BOGOR,candidate_review_only,corroborated_candidate,16620,16620;16627,,yes,Kodepos.dev corroborates Open Data Jabar; candidate is not accepted as final.
POSTAL-3201152011,32.01.15.2011,CIBANTENG,CIAMPEA,KAB. BOGOR,candidate_review_only,corroborated_candidate,16620,16620;16628,,yes,Kodepos.dev corroborates Open Data Jabar; candidate is not accepted as final.
POSTAL-3201152012,32.01.15.2012,BENTENG,CIAMPEA,KAB. BOGOR,candidate_review_only,corroborated_candidate,16620,16620;16629,,yes,Kodepos.dev corroborates Open Data Jabar; candidate is not accepted as final.
POSTAL-3201152013,32.01.15.2013,CIAMPEA UDIK,CIAMPEA,KAB. BOGOR,candidate_review_only,corroborated_candidate,16620,16620;16625,,yes,Kodepos.dev corroborates Open Data Jabar; candidate is not accepted as final.
POSTAL-3201162001,32.01.16.2001,SITU UDIK,CIBUNGBULANG,KAB. BOGOR,candidate_review_only,corroborated_candidate,16630,16630;16636,,yes,Kodepos.dev corroborates Open Data Jabar; candidate is not accepted as final.
POSTAL-3201162002,32.01.16.2002,SITU ILIR,CIBUNGBULANG,KAB. BOGOR,candidate_review_only,corroborated_candidate,16630,16630;16636,,yes,Kodepos.dev corroborates Open Data Jabar; candidate is not accepted as final.
POSTAL-3201162003,32.01.16.2003,CEMPLANG,CIBUNGBULANG,KAB. BOGOR,candidate_review_only,corroborated_candidate,16630,16630;16633,,yes,Kodepos.dev corroborates Open Data Jabar; candidate is not accepted as final.
POSTAL-3201162005,32.01.16.2005,CIARUTEUN UDIK,CIBUNGBULANG,KAB. BOGOR,unresolved_do_not_guess,review_required,,16630;16637,,yes,No automatic selection: Kodepos.dev does not corroborate exactly one local source.
POSTAL-3201162006,32.01.16.2006,LEUWEUNGKOLOT,CIBUNGBULANG,KAB. BOGOR,candidate_review_only,corroborated_candidate,16630,16630;16638,,yes,Kodepos.dev corroborates Open Data Jabar; candidate is not accepted as final.
POSTAL-3201162009,32.01.16.2009,DUKUH,CIBUNGBULANG,KAB. BOGOR,candidate_review_only,corroborated_candidate,16630,16630;16632,,yes,Kodepos.dev corroborates Open Data Jabar; candidate is not accepted as final.
POSTAL-3201162010,32.01.16.2010,CIJUJUNG,CIBUNGBULANG,KAB. BOGOR,candidate_review_only,corroborated_candidate,16630,16630;16639,,yes,Kodepos.dev corroborates Open Data Jabar; candidate is not accepted as final.
POSTAL-3201162011,32.01.16.2011,CIARUTEUN ILIR,CIBUNGBULANG,KAB. BOGOR,unresolved_do_not_guess,review_required,,16630;16637,,yes,No automatic selection: Kodepos.dev does not corroborate exactly one local source.
POSTAL-3201162013,32.01.16.2013,SUKAMAJU,CIBUNGBULANG,KAB. BOGOR,candidate_review_only,corroborated_candidate,16630,16630;16634,,yes,Kodepos.dev corroborates Open Data Jabar; candidate is not accepted as final.
POSTAL-3201162014,32.01.16.2014,GALUGA,CIBUNGBULANG,KAB. BOGOR,candidate_review_only,corroborated_candidate,16630,16630;16632,,yes,Kodepos.dev corroborates Open Data Jabar; candidate is not accepted as final.
POSTAL-3201162015,32.01.16.2015,GIRIMULYA,CIBUNGBULANG,KAB. BOGOR,candidate_review_only,corroborated_candidate,16630,16630;16638,,yes,Kodepos.dev corroborates Open Data Jabar; candidate is not accepted as final.
POSTAL-3201172001,32.01.17.2001,PURWABAKTI,PAMIJAHAN,KAB. BOGOR,unresolved_do_not_guess,review_required,,16694;16810;16812,,yes,No automatic selection: Kodepos.dev does not corroborate exactly one local source.
POSTAL-3201172002,32.01.17.2002,CIBUNIAN,PAMIJAHAN,KAB. BOGOR,unresolved_do_not_guess,review_required,,16693;16810;16812,,yes,No automatic selection: Kodepos.dev does not corroborate exactly one local source.
POSTAL-3201172003,32.01.17.2003,CIBITUNGWETAN,PAMIJAHAN,KAB. BOGOR,unresolved_do_not_guess,review_required,,16692;16810;16812,,yes,No automatic selection: Kodepos.dev does not corroborate exactly one local source.
POSTAL-3201172004,32.01.17.2004,GUNUNGMENYAN,PAMIJAHAN,KAB. BOGOR,unresolved_do_not_guess,review_required,,16699;16810;16812,,yes,No automatic selection: Kodepos.dev does not corroborate exactly one local source.
POSTAL-3201172005,32.01.17.2005,GUNUNGBUNDER II,PAMIJAHAN,KAB. BOGOR,unresolved_do_not_guess,review_required,,16697;16812,,yes,No automatic selection: Kodepos.dev does not corroborate exactly one local source.
POSTAL-3201172006,32.01.17.2006,PASAREAN,PAMIJAHAN,KAB. BOGOR,unresolved_do_not_guess,review_required,,16699;16810;16812,,yes,No automatic selection: Kodepos.dev does not corroborate exactly one local source.
POSTAL-3201172007,32.01.17.2007,CIMAYANG,PAMIJAHAN,KAB. BOGOR,unresolved_do_not_guess,review_required,,16698;16810;16812,,yes,No automatic selection: Kodepos.dev does not corroborate exactly one local source.
POSTAL-3201172008,32.01.17.2008,PAMIJAHAN,PAMIJAHAN,KAB. BOGOR,unresolved_do_not_guess,review_required,,16691;16810;16812,,yes,No automatic selection: Kodepos.dev does not corroborate exactly one local source.
POSTAL-3201172009,32.01.17.2009,CIBENING,PAMIJAHAN,KAB. BOGOR,unresolved_do_not_guess,review_required,,16698;16810;16812,,yes,No automatic selection: Kodepos.dev does not corroborate exactly one local source.
POSTAL-3201172010,32.01.17.2010,GUNUNGBUNDER I,PAMIJAHAN,KAB. BOGOR,unresolved_do_not_guess,review_required,,16810;16812,,yes,No automatic selection: Kodepos.dev does not corroborate exactly one local source.
POSTAL-3201172011,32.01.17.2011,CIBITUNG KULON,PAMIJAHAN,KAB. BOGOR,unresolved_do_not_guess,review_required,,16692;16810;16812,,yes,No automatic selection: Kodepos.dev does not corroborate exactly one local source.
POSTAL-3201172012,32.01.17.2012,GUNUNG PICUNG,PAMIJAHAN,KAB. BOGOR,unresolved_do_not_guess,review_required,,16696;16810;16812,,yes,No automatic selection: Kodepos.dev does not corroborate exactly one local source.
POSTAL-3201172013,32.01.17.2013,CIASIHAN,PAMIJAHAN,KAB. BOGOR,unresolved_do_not_guess,review_required,,16695;16810;16812,,yes,No automatic selection: Kodepos.dev does not corroborate exactly one local source.
POSTAL-3201172014,32.01.17.2014,GUNUNGSARI,PAMIJAHAN,KAB. BOGOR,unresolved_do_not_guess,review_required,,16696;16810;16812,,yes,No automatic selection: Kodepos.dev does not corroborate exactly one local source.
POSTAL-3201172015,32.01.17.2015,CIASMARA,PAMIJAHAN,KAB. BOGOR,unresolved_do_not_guess,review_required,,16695;16810;16812,,yes,No automatic selection: Kodepos.dev does not corroborate exactly one local source.
POSTAL-3201182001,32.01.18.2001,RUMPIN,RUMPIN,KAB. BOGOR,candidate_review_only,corroborated_candidate,16350,16350;16351,,yes,Kodepos.dev corroborates Open Data Jabar; candidate is not accepted as final.
POSTAL-3201182002,32.01.18.2002,LEUWIBATU,RUMPIN,KAB. BOGOR,candidate_review_only,corroborated_candidate,16350,16350;16357,,yes,Kodepos.dev corroborates Open Data Jabar; candidate is not accepted as final.
POSTAL-3201182003,32.01.18.2003,CIDOKOM,RUMPIN,KAB. BOGOR,candidate_review_only,corroborated_candidate,16350,16350;16358,,yes,Kodepos.dev corroborates Open Data Jabar; candidate is not accepted as final.
POSTAL-3201182004,32.01.18.2004,GOBANG,RUMPIN,KAB. BOGOR,candidate_review_only,corroborated_candidate,16350,16350;16358,,yes,Kodepos.dev corroborates Open Data Jabar; candidate is not accepted as final.
POSTAL-3201182005,32.01.18.2005,CIBODAS,RUMPIN,KAB. BOGOR,candidate_review_only,corroborated_candidate,16350,16350;16359,,yes,Kodepos.dev corroborates Open Data Jabar; candidate is not accepted as final.
POSTAL-3201182006,32.01.18.2006,RABAK,RUMPIN,KAB. BOGOR,candidate_review_only,corroborated_candidate,16350,16350;16356,,yes,Kodepos.dev corroborates Open Data Jabar; candidate is not accepted as final.
POSTAL-3201182007,32.01.18.2007,KAMPUNGSAWAH,RUMPIN,KAB. BOGOR,candidate_review_only,corroborated_candidate,16350,16350;16355,,yes,Kodepos.dev corroborates Open Data Jabar; candidate is not accepted as final.
POSTAL-3201182008,32.01.18.2008,CIPINANG,RUMPIN,KAB. BOGOR,candidate_review_only,corroborated_candidate,16350,16350;16355,,yes,Kodepos.dev corroborates Open Data Jabar; candidate is not accepted as final.
POSTAL-3201182009,32.01.18.2009,SUKASARI,RUMPIN,KAB. BOGOR,candidate_review_only,corroborated_candidate,16350,16350;16352,,yes,Kodepos.dev corroborates Open Data Jabar; candidate is not accepted as final.
POSTAL-3201182010,32.01.18.2010,TAMANSARI,RUMPIN,KAB. BOGOR,unresolved_do_not_guess,review_required,,16350;16352,,yes,No automatic selection: Kodepos.dev does not corroborate exactly one local source.
POSTAL-3201182011,32.01.18.2011,KERTAJAYA,RUMPIN,KAB. BOGOR,unresolved_do_not_guess,review_required,,16350;16353,,yes,No automatic selection: Kodepos.dev does not corroborate exactly one local source.
POSTAL-3201182012,32.01.18.2012,SUKAMULYA,RUMPIN,KAB. BOGOR,candidate_review_only,corroborated_candidate,16350,16350;16353,,yes,Kodepos.dev corroborates Open Data Jabar; candidate is not accepted as final.
POSTAL-3201182013,32.01.18.2013,MEKARSARI,RUMPIN,KAB. BOGOR,unresolved_do_not_guess,review_required,,16350;16354,,yes,No automatic selection: Kodepos.dev does not corroborate exactly one local source.
POSTAL-3201182014,32.01.18.2014,MEKARJAYA,RUMPIN,KAB. BOGOR,candidate_review_only,corroborated_candidate,16350,16350;16668,,yes,Kodepos.dev corroborates Open Data Jabar; candidate is not accepted as final.
POSTAL-3201192001,32.01.19.2001,CURUG,JASINGA,KAB. BOGOR,candidate_review_only,corroborated_candidate,16670,16670;16673,,yes,Kodepos.dev corroborates Open Data Jabar; candidate is not accepted as final.
POSTAL-3201192002,32.01.19.2002,PANGRADIN,JASINGA,KAB. BOGOR,candidate_review_only,corroborated_candidate,16670,16670;16675,,yes,Kodepos.dev corroborates Open Data Jabar; candidate is not accepted as final.
POSTAL-3201192003,32.01.19.2003,KALONGSAWAH,JASINGA,KAB. BOGOR,candidate_review_only,corroborated_candidate,16670,16670;16676,,yes,Kodepos.dev corroborates Open Data Jabar; candidate is not accepted as final.
POSTAL-3201192004,32.01.19.2004,SIPAK,JASINGA,KAB. BOGOR,candidate_review_only,corroborated_candidate,16670,16670;16677,,yes,Kodepos.dev corroborates Open Data Jabar; candidate is not accepted as final.
POSTAL-3201192005,32.01.19.2005,JASINGA,JASINGA,KAB. BOGOR,candidate_review_only,corroborated_candidate,16670,16670;16676,,yes,Kodepos.dev corroborates Open Data Jabar; candidate is not accepted as final.
POSTAL-3201192006,32.01.19.2006,KOLEANG,JASINGA,KAB. BOGOR,candidate_review_only,corroborated_candidate,16670,16670;16672,,yes,Kodepos.dev corroborates Open Data Jabar; candidate is not accepted as final.
POSTAL-3201192007,32.01.19.2007,CIKOPOMAYAK,JASINGA,KAB. BOGOR,candidate_review_only,corroborated_candidate,16670,16670;16679,,yes,Kodepos.dev corroborates Open Data Jabar; candidate is not accepted as final.
POSTAL-3201192008,32.01.19.2008,SETU,JASINGA,KAB. BOGOR,candidate_review_only,corroborated_candidate,16670,16670;16671,,yes,Kodepos.dev corroborates Open Data Jabar; candidate is not accepted as final.
POSTAL-3201192009,32.01.19.2009,BARENGKOK,JASINGA,KAB. BOGOR,candidate_review_only,corroborated_candidate,16670,16670;16677,,yes,Kodepos.dev corroborates Open Data Jabar; candidate is not accepted as final.
POSTAL-3201192010,32.01.19.2010,BAGOANG,JASINGA,KAB. BOGOR,candidate_review_only,corroborated_candidate,16670,16670;16678,,yes,Kodepos.dev corroborates Open Data Jabar; candidate is not accepted as final.
POSTAL-3201192011,32.01.19.2011,PANGAUR,JASINGA,KAB. BOGOR,candidate_review_only,corroborated_candidate,16670,16670;16678,,yes,Kodepos.dev corroborates Open Data Jabar; candidate is not accepted as final.
POSTAL-3201192012,32.01.19.2012,PAMAGERSARI,JASINGA,KAB. BOGOR,candidate_review_only,corroborated_candidate,16670,16670;16676,,yes,Kodepos.dev corroborates Open Data Jabar; candidate is not accepted as final.
POSTAL-3201192013,32.01.19.2013,JUGALA JAYA,JASINGA,KAB. BOGOR,unresolved_do_not_guess,review_required,,16670;16674;16675,,yes,No automatic selection: Kodepos.dev does not corroborate exactly one local source.
POSTAL-3201192014,32.01.19.2014,TEGALWANGI,JASINGA,KAB. BOGOR,unresolved_do_not_guess,review_required,,16670;16672,,yes,No automatic selection: Kodepos.dev does not corroborate exactly one local source.
POSTAL-3201192015,32.01.19.2015,NEGLASARI,JASINGA,KAB. BOGOR,candidate_review_only,corroborated_candidate,16670,16670;16677,,yes,Kodepos.dev corroborates Open Data Jabar; candidate is not accepted as final.
POSTAL-3201192016,32.01.19.2016,WIRAJAYA,JASINGA,KAB. BOGOR,unresolved_do_not_guess,review_required,,16670;16673,,yes,No automatic selection: Kodepos.dev does not corroborate exactly one local source.
POSTAL-3201202001,32.01.20.2001,JAGABAYA,PARUNG PANJANG,KAB. BOGOR,candidate_review_only,corroborated_candidate,16360,16360;16365,,yes,Kodepos.dev corroborates Open Data Jabar; candidate is not accepted as final.
POSTAL-3201202002,32.01.20.2002,GOROWONG,PARUNG PANJANG,KAB. BOGOR,candidate_review_only,corroborated_candidate,16360,16360;16366,,yes,Kodepos.dev corroborates Open Data Jabar; candidate is not accepted as final.
POSTAL-3201202003,32.01.20.2003,DAGO,PARUNG PANJANG,KAB. BOGOR,candidate_review_only,corroborated_candidate,16360,16360;16367,,yes,Kodepos.dev corroborates Open Data Jabar; candidate is not accepted as final.
POSTAL-3201202004,32.01.20.2004,PINGKU,PARUNG PANJANG,KAB. BOGOR,candidate_review_only,corroborated_candidate,16360,16360;16368,,yes,Kodepos.dev corroborates Open Data Jabar; candidate is not accepted as final.
POSTAL-3201202005,32.01.20.2005,CIKUDA,PARUNG PANJANG,KAB. BOGOR,candidate_review_only,corroborated_candidate,16360,16360;16369,,yes,Kodepos.dev corroborates Open Data Jabar; candidate is not accepted as final.
POSTAL-3201202006,32.01.20.2006,PARUNGPANJANG,PARUNG PANJANG,KAB. BOGOR,unresolved_do_not_guess,review_required,,16360;16361,,yes,No automatic selection: Kodepos.dev does not corroborate exactly one local source.
POSTAL-3201202007,32.01.20.2007,LUMPANG,PARUNG PANJANG,KAB. BOGOR,candidate_review_only,corroborated_candidate,16360,16360;16363,,yes,Kodepos.dev corroborates Open Data Jabar; candidate is not accepted as final.
POSTAL-3201202008,32.01.20.2008,CIBUNAR,PARUNG PANJANG,KAB. BOGOR,candidate_review_only,corroborated_candidate,16360,16360;16362,,yes,Kodepos.dev corroborates Open Data Jabar; candidate is not accepted as final.
POSTAL-3201202009,32.01.20.2009,JAGABITA,PARUNG PANJANG,KAB. BOGOR,candidate_review_only,corroborated_candidate,16360,16360;16362,,yes,Kodepos.dev corroborates Open Data Jabar; candidate is not accepted as final.
POSTAL-3201202010,32.01.20.2010,GINTUNGCILEJET,PARUNG PANJANG,KAB. BOGOR,candidate_review_only,corroborated_candidate,16360,16360;16364,,yes,Kodepos.dev corroborates Open Data Jabar; candidate is not accepted as final.
POSTAL-3201202011,32.01.20.2011,KABASIRAN,PARUNG PANJANG,KAB. BOGOR,candidate_review_only,corroborated_candidate,16360,16360;16369,,yes,Kodepos.dev corroborates Open Data Jabar; candidate is not accepted as final.
POSTAL-3201212001,32.01.21.2001,MALASARI,NANGGUNG,KAB. BOGOR,candidate_review_only,corroborated_candidate,16650,16650;16653,,yes,Kodepos.dev corroborates Open Data Jabar; candidate is not accepted as final.
POSTAL-3201212002,32.01.21.2002,CURUGBITUNG,NANGGUNG,KAB. BOGOR,candidate_review_only,corroborated_candidate,16650,16650;16655,,yes,Kodepos.dev corroborates Open Data Jabar; candidate is not accepted as final.
POSTAL-3201212003,32.01.21.2003,CISARUA,NANGGUNG,KAB. BOGOR,candidate_review_only,corroborated_candidate,16650,16650;16652,,yes,Kodepos.dev corroborates Open Data Jabar; candidate is not accepted as final.
POSTAL-3201212004,32.01.21.2004,BANTARKARET,NANGGUNG,KAB. BOGOR,candidate_review_only,corroborated_candidate,16650,16650;16654,,yes,Kodepos.dev corroborates Open Data Jabar; candidate is not accepted as final.
POSTAL-3201212005,32.01.21.2005,HAMBARO,NANGGUNG,KAB. BOGOR,candidate_review_only,corroborated_candidate,16650,16650;16656,,yes,Kodepos.dev corroborates Open Data Jabar; candidate is not accepted as final.
POSTAL-3201212006,32.01.21.2006,KALONGLIUD,NANGGUNG,KAB. BOGOR,candidate_review_only,corroborated_candidate,16650,16650;16656,,yes,Kodepos.dev corroborates Open Data Jabar; candidate is not accepted as final.
POSTAL-3201212007,32.01.21.2007,NANGGUNG,NANGGUNG,KAB. BOGOR,candidate_review_only,corroborated_candidate,16650,16650;16651,,yes,Kodepos.dev corroborates Open Data Jabar; candidate is not accepted as final.
POSTAL-3201212008,32.01.21.2008,PARAKANMUNCANG,NANGGUNG,KAB. BOGOR,candidate_review_only,corroborated_candidate,16650,16650;16657,,yes,Kodepos.dev corroborates Open Data Jabar; candidate is not accepted as final.
POSTAL-3201212009,32.01.21.2009,PANGKALJAYA,NANGGUNG,KAB. BOGOR,candidate_review_only,corroborated_candidate,16650,16650;16659,,yes,Kodepos.dev corroborates Open Data Jabar; candidate is not accepted as final.
POSTAL-3201212010,32.01.21.2010,SUKALUYU,NANGGUNG,KAB. BOGOR,candidate_review_only,corroborated_candidate,16650,16650;16658,,yes,Kodepos.dev corroborates Open Data Jabar; candidate is not accepted as final.
POSTAL-3201212011,32.01.21.2011,BATU TULIS,NANGGUNG,KAB. BOGOR,unresolved_do_not_guess,review_required,,16134;16650;16657,,yes,No automatic selection: Kodepos.dev does not corroborate exactly one local source.
POSTAL-3201222001,32.01.22.2001,SUKAMAJU,CIGUDEG,KAB. BOGOR,candidate_review_only,corroborated_candidate,16660,16660;16662,,yes,Kodepos.dev corroborates Open Data Jabar; candidate is not accepted as final.
POSTAL-3201222002,32.01.22.2002,CIGUDEG,CIGUDEG,KAB. BOGOR,candidate_review_only,corroborated_candidate,16660,16660;16661,,yes,Kodepos.dev corroborates Open Data Jabar; candidate is not accepted as final.
POSTAL-3201222003,32.01.22.2003,BUNAR,CIGUDEG,KAB. BOGOR,candidate_review_only,corroborated_candidate,16660,16660;16669,,yes,Kodepos.dev corroborates Open Data Jabar; candidate is not accepted as final.
POSTAL-3201222004,32.01.22.2004,BANYURESMI,CIGUDEG,KAB. BOGOR,unresolved_do_not_guess,review_required,,16660;16664,,yes,No automatic selection: Kodepos.dev does not corroborate exactly one local source.
POSTAL-3201222005,32.01.22.2005,CINTAMANIK,CIGUDEG,KAB. BOGOR,candidate_review_only,corroborated_candidate,16660,16660;16665,,yes,Kodepos.dev corroborates Open Data Jabar; candidate is not accepted as final.
POSTAL-3201222006,32.01.22.2006,ARGAPURA,CIGUDEG,KAB. BOGOR,candidate_review_only,corroborated_candidate,16660,16660;16668,,yes,Kodepos.dev corroborates Open Data Jabar; candidate is not accepted as final.
POSTAL-3201222007,32.01.22.2007,BANGUNJAYA,CIGUDEG,KAB. BOGOR,candidate_review_only,corroborated_candidate,16660,16660;16668,,yes,Kodepos.dev corroborates Open Data Jabar; candidate is not accepted as final.
POSTAL-3201222008,32.01.22.2008,RENGASJAJAR,CIGUDEG,KAB. BOGOR,candidate_review_only,corroborated_candidate,16660,16660;16667,,yes,Kodepos.dev corroborates Open Data Jabar; candidate is not accepted as final.
POSTAL-3201222009,32.01.22.2009,BATUJAJAR,CIGUDEG,KAB. BOGOR,unresolved_do_not_guess,review_required,,16660;16667,,yes,No automatic selection: Kodepos.dev does not corroborate exactly one local source.
POSTAL-3201222010,32.01.22.2010,WARGAJAYA,CIGUDEG,KAB. BOGOR,candidate_review_only,corroborated_candidate,16660,16660;16665,,yes,Kodepos.dev corroborates Open Data Jabar; candidate is not accepted as final.
POSTAL-3201222011,32.01.22.2011,SUKARAKSA,CIGUDEG,KAB. BOGOR,candidate_review_only,corroborated_candidate,16660,16660;16663,,yes,Kodepos.dev corroborates Open Data Jabar; candidate is not accepted as final.
POSTAL-3201222012,32.01.22.2012,BANYUWANGI,CIGUDEG,KAB. BOGOR,unresolved_do_not_guess,review_required,,16660;16664,,yes,No automatic selection: Kodepos.dev does not corroborate exactly one local source.
POSTAL-3201222013,32.01.22.2013,BANYUASIH,CIGUDEG,KAB. BOGOR,unresolved_do_not_guess,review_required,,16660;16664,,yes,No automatic selection: Kodepos.dev does not corroborate exactly one local source.
POSTAL-3201222014,32.01.22.2014,MEKARJAYA,CIGUDEG,KAB. BOGOR,candidate_review_only,corroborated_candidate,16660,16660;16668,,yes,Kodepos.dev corroborates Open Data Jabar; candidate is not accepted as final.
POSTAL-3201222015,32.01.22.2015,TEGALLEGA,CIGUDEG,KAB. BOGOR,candidate_review_only,corroborated_candidate,16660,16660;16666,,yes,Kodepos.dev corroborates Open Data Jabar; candidate is not accepted as final.
POSTAL-3201232001,32.01.23.2001,TAPOS,TENJO,KAB. BOGOR,candidate_review_only,corroborated_candidate,16370,16370;16375,,yes,Kodepos.dev corroborates Open Data Jabar; candidate is not accepted as final.
POSTAL-3201232002,32.01.23.2002,CIOMAS,TENJO,KAB. BOGOR,candidate_review_only,corroborated_candidate,16370,16370;16376,,yes,Kodepos.dev corroborates Open Data Jabar; candidate is not accepted as final.
POSTAL-3201232003,32.01.23.2003,BATOK,TENJO,KAB. BOGOR,candidate_review_only,corroborated_candidate,16370,16370;16377,,yes,Kodepos.dev corroborates Open Data Jabar; candidate is not accepted as final.
POSTAL-3201232004,32.01.23.2004,BABAKAN,TENJO,KAB. BOGOR,candidate_review_only,corroborated_candidate,16370,16370;16374,,yes,Kodepos.dev corroborates Open Data Jabar; candidate is not accepted as final.
POSTAL-3201232005,32.01.23.2005,TENJO,TENJO,KAB. BOGOR,candidate_review_only,corroborated_candidate,16370,16370;16371,,yes,Kodepos.dev corroborates Open Data Jabar; candidate is not accepted as final.
POSTAL-3201232006,32.01.23.2006,CILAKU,TENJO,KAB. BOGOR,candidate_review_only,corroborated_candidate,16370,16370;16378,,yes,Kodepos.dev corroborates Open Data Jabar; candidate is not accepted as final.
POSTAL-3201232007,32.01.23.2007,SINGABRAJA,TENJO,KAB. BOGOR,candidate_review_only,corroborated_candidate,16370,16370;16372,,yes,Kodepos.dev corroborates Open Data Jabar; candidate is not accepted as final.
POSTAL-3201232008,32.01.23.2008,SINGABANGSA,TENJO,KAB. BOGOR,candidate_review_only,corroborated_candidate,16370,16370;16379,,yes,Kodepos.dev corroborates Open Data Jabar; candidate is not accepted as final.
POSTAL-3201232009,32.01.23.2009,BOJONG,TENJO,KAB. BOGOR,candidate_review_only,corroborated_candidate,16370,16370;16373,,yes,Kodepos.dev corroborates Open Data Jabar; candidate is not accepted as final.
POSTAL-3201242001,32.01.24.2001,CILEUNGSI,CIAWI,KAB. BOGOR,candidate_review_only,corroborated_candidate,16720,16720;16725,,yes,Kodepos.dev corroborates Open Data Jabar; candidate is not accepted as final.
POSTAL-3201242002,32.01.24.2002,CITAPEN,CIAWI,KAB. BOGOR,candidate_review_only,corroborated_candidate,16720,16720;16725,,yes,Kodepos.dev corroborates Open Data Jabar; candidate is not accepted as final.
POSTAL-3201242003,32.01.24.2003,CIBEDUG,CIAWI,KAB. BOGOR,candidate_review_only,corroborated_candidate,16720,16720;16726,,yes,Kodepos.dev corroborates Open Data Jabar; candidate is not accepted as final.
POSTAL-3201242004,32.01.24.2004,JAMBULUWUK,CIAWI,KAB. BOGOR,candidate_review_only,corroborated_candidate,16720,16720;16726,,yes,Kodepos.dev corroborates Open Data Jabar; candidate is not accepted as final.
POSTAL-3201242006,32.01.24.2006,TELUK PINANG,CIAWI,KAB. BOGOR,candidate_review_only,corroborated_candidate,16720,16720;16722,,yes,Kodepos.dev corroborates Open Data Jabar; candidate is not accepted as final.
POSTAL-3201242007,32.01.24.2007,BANJAR WARU,CIAWI,KAB. BOGOR,candidate_review_only,corroborated_candidate,16720,16720;16723,,yes,Kodepos.dev corroborates Open Data Jabar; candidate is not accepted as final.
POSTAL-3201242008,32.01.24.2008,BENDUNGAN,CIAWI,KAB. BOGOR,candidate_review_only,corroborated_candidate,16720,16720;16727,,yes,Kodepos.dev corroborates Open Data Jabar; candidate is not accepted as final.
POSTAL-3201242009,32.01.24.2009,PANDAN SARI,CIAWI,KAB. BOGOR,candidate_review_only,corroborated_candidate,16720,16720;16728,,yes,Kodepos.dev corroborates Open Data Jabar; candidate is not accepted as final.
POSTAL-3201242010,32.01.24.2010,BOJONG MURNI,CIAWI,KAB. BOGOR,candidate_review_only,corroborated_candidate,16720,16720;16729,,yes,Kodepos.dev corroborates Open Data Jabar; candidate is not accepted as final.
POSTAL-3201242011,32.01.24.2011,BANJAR WANGI,CIAWI,KAB. BOGOR,candidate_review_only,corroborated_candidate,16720,16720;16723,,yes,Kodepos.dev corroborates Open Data Jabar; candidate is not accepted as final.
POSTAL-3201242012,32.01.24.2012,CIAWI,CIAWI,KAB. BOGOR,unresolved_do_not_guess,review_required,,16720;16721;46156,,yes,No automatic selection: Kodepos.dev does not corroborate exactly one local source.
POSTAL-3201242013,32.01.24.2013,BITUNGSARI,CIAWI,KAB. BOGOR,candidate_review_only,corroborated_candidate,16720,16720;16724,,yes,Kodepos.dev corroborates Open Data Jabar; candidate is not accepted as final.
POSTAL-3201251010,32.01.25.1010,CISARUA,CISARUA,KAB. BOGOR,unresolved_do_not_guess,review_required,,16750;16759;45355,,yes,No automatic selection: Kodepos.dev does not corroborate exactly one local source.
POSTAL-3201252001,32.01.25.2001,BATULAYANG,CISARUA,KAB. BOGOR,candidate_review_only,corroborated_candidate,16750,16750;16755,,yes,Kodepos.dev corroborates Open Data Jabar; candidate is not accepted as final.
POSTAL-3201252002,32.01.25.2002,JOGJOGAN,CISARUA,KAB. BOGOR,candidate_review_only,corroborated_candidate,16750,16750;16756,,yes,Kodepos.dev corroborates Open Data Jabar; candidate is not accepted as final.
POSTAL-3201252003,32.01.25.2003,CIBEUREUM,CISARUA,KAB. BOGOR,candidate_review_only,corroborated_candidate,16750,16750;16753,,yes,Kodepos.dev corroborates Open Data Jabar; candidate is not accepted as final.
POSTAL-3201252004,32.01.25.2004,CILEMBER,CISARUA,KAB. BOGOR,candidate_review_only,corroborated_candidate,16750,16750;16756,,yes,Kodepos.dev corroborates Open Data Jabar; candidate is not accepted as final.
POSTAL-3201252005,32.01.25.2005,CITEKO,CISARUA,KAB. BOGOR,candidate_review_only,corroborated_candidate,16750,16750;16752,,yes,Kodepos.dev corroborates Open Data Jabar; candidate is not accepted as final.
POSTAL-3201252006,32.01.25.2006,TUGU SELATAN,CISARUA,KAB. BOGOR,candidate_review_only,corroborated_candidate,16750,16750;16754,,yes,Kodepos.dev corroborates Open Data Jabar; candidate is not accepted as final.
POSTAL-3201252007,32.01.25.2007,LEUWIMALANG,CISARUA,KAB. BOGOR,candidate_review_only,corroborated_candidate,16750,16750;16751,,yes,Kodepos.dev corroborates Open Data Jabar; candidate is not accepted as final.
POSTAL-3201252008,32.01.25.2008,KOPO,CISARUA,KAB. BOGOR,candidate_review_only,corroborated_candidate,16750,16750;16758,,yes,Kodepos.dev corroborates Open Data Jabar; candidate is not accepted as final.
POSTAL-3201252009,32.01.25.2009,TUGU UTARA,CISARUA,KAB. BOGOR,candidate_review_only,corroborated_candidate,16750,16750;16754,,yes,Kodepos.dev corroborates Open Data Jabar; candidate is not accepted as final.
POSTAL-3201262001,32.01.26.2001,SUKAMAJU,MEGAMENDUNG,KAB. BOGOR,candidate_review_only,corroborated_candidate,16770,16770;16775,,yes,Kodepos.dev corroborates Open Data Jabar; candidate is not accepted as final.
POSTAL-3201262002,32.01.26.2002,KUTA,MEGAMENDUNG,KAB. BOGOR,candidate_review_only,corroborated_candidate,16770,16770;16779,,yes,Kodepos.dev corroborates Open Data Jabar; candidate is not accepted as final.
POSTAL-3201262003,32.01.26.2003,GADOG,MEGAMENDUNG,KAB. BOGOR,candidate_review_only,corroborated_candidate,16770,16770;16773,,yes,Kodepos.dev corroborates Open Data Jabar; candidate is not accepted as final.
POSTAL-3201262004,32.01.26.2004,SUKAKARYA,MEGAMENDUNG,KAB. BOGOR,candidate_review_only,corroborated_candidate,16770,16770;16774,,yes,Kodepos.dev corroborates Open Data Jabar; candidate is not accepted as final.
POSTAL-3201262005,32.01.26.2005,MEGAMENDUNG,MEGAMENDUNG,KAB. BOGOR,candidate_review_only,corroborated_candidate,16770,16770;16771,,yes,Kodepos.dev corroborates Open Data Jabar; candidate is not accepted as final.
POSTAL-3201262006,32.01.26.2006,CIPAYUNG DATAR,MEGAMENDUNG,KAB. BOGOR,unresolved_do_not_guess,review_required,,16770;16772,,yes,No automatic selection: Kodepos.dev does not corroborate exactly one local source.
POSTAL-3201262007,32.01.26.2007,SUKAMANAH,MEGAMENDUNG,KAB. BOGOR,candidate_review_only,corroborated_candidate,16770,16770;16777,,yes,Kodepos.dev corroborates Open Data Jabar; candidate is not accepted as final.
POSTAL-3201262008,32.01.26.2008,SUKAGALIH,MEGAMENDUNG,KAB. BOGOR,candidate_review_only,corroborated_candidate,16770,16770;16776,,yes,Kodepos.dev corroborates Open Data Jabar; candidate is not accepted as final.
POSTAL-3201262009,32.01.26.2009,CIPAYUNG GIRANG,MEGAMENDUNG,KAB. BOGOR,candidate_review_only,corroborated_candidate,16770,16770;16772,,yes,Kodepos.dev corroborates Open Data Jabar; candidate is not accepted as final.
POSTAL-3201262010,32.01.26.2010,SUKAMAHI,MEGAMENDUNG,KAB. BOGOR,candidate_review_only,corroborated_candidate,16770,16770;16775,,yes,Kodepos.dev corroborates Open Data Jabar; candidate is not accepted as final.
POSTAL-3201262011,32.01.26.2011,SUKARESMI,MEGAMENDUNG,KAB. BOGOR,candidate_review_only,corroborated_candidate,16770,16770;16778,,yes,Kodepos.dev corroborates Open Data Jabar; candidate is not accepted as final.
POSTAL-3201262012,32.01.26.2012,PASIR ANGIN,MEGAMENDUNG,KAB. BOGOR,candidate_review_only,corroborated_candidate,16770,16770;16772,,yes,Kodepos.dev corroborates Open Data Jabar; candidate is not accepted as final.
POSTAL-3201272001,32.01.27.2001,PASIR MUNCANG,CARINGIN,KAB. BOGOR,candidate_review_only,corroborated_candidate,16730,16730;16733,,yes,Kodepos.dev corroborates Open Data Jabar; candidate is not accepted as final.
POSTAL-3201272002,32.01.27.2002,CIMANDE HILIR,CARINGIN,KAB. BOGOR,candidate_review_only,corroborated_candidate,16730,16730;16731,,yes,Kodepos.dev corroborates Open Data Jabar; candidate is not accepted as final.
POSTAL-3201272003,32.01.27.2003,CIDERUM,CARINGIN,KAB. BOGOR,candidate_review_only,corroborated_candidate,16730,16730;16737,,yes,Kodepos.dev corroborates Open Data Jabar; candidate is not accepted as final.
POSTAL-3201272004,32.01.27.2004,CARINGIN,CARINGIN,KAB. BOGOR,unresolved_do_not_guess,review_required,,16730;16732;44166,,yes,No automatic selection: Kodepos.dev does not corroborate exactly one local source.
POSTAL-3201272005,32.01.27.2005,CIHERANG PONDOK,CARINGIN,KAB. BOGOR,candidate_review_only,corroborated_candidate,16730,16730;16738,,yes,Kodepos.dev corroborates Open Data Jabar; candidate is not accepted as final.
POSTAL-3201272006,32.01.27.2006,CINAGARA,CARINGIN,KAB. BOGOR,candidate_review_only,corroborated_candidate,16730,16730;16734,,yes,Kodepos.dev corroborates Open Data Jabar; candidate is not accepted as final.
POSTAL-3201272007,32.01.27.2007,CIMANDE,CARINGIN,KAB. BOGOR,candidate_review_only,corroborated_candidate,16730,16730;16736,,yes,Kodepos.dev corroborates Open Data Jabar; candidate is not accepted as final.
POSTAL-3201272008,32.01.27.2008,PANCAWATI,CARINGIN,KAB. BOGOR,candidate_review_only,corroborated_candidate,16730,16730;16736,,yes,Kodepos.dev corroborates Open Data Jabar; candidate is not accepted as final.
POSTAL-3201272009,32.01.27.2009,MUARA JAYA,CARINGIN,KAB. BOGOR,unresolved_do_not_guess,review_required,,16730;16739,,yes,No automatic selection: Kodepos.dev does not corroborate exactly one local source.
POSTAL-3201272010,32.01.27.2010,BASIR BUNCIR,CARINGIN,KAB. BOGOR,candidate_review_only,corroborated_candidate,16730,16730;16735,,yes,Kodepos.dev corroborates Open Data Jabar; candidate is not accepted as final.
POSTAL-3201272011,32.01.27.2011,LEMAH DUHUR,CARINGIN,KAB. BOGOR,candidate_review_only,corroborated_candidate,16730,16730;16737,,yes,Kodepos.dev corroborates Open Data Jabar; candidate is not accepted as final.
POSTAL-3201272012,32.01.27.2012,TANGKIL,CARINGIN,KAB. BOGOR,candidate_review_only,corroborated_candidate,16730,16730;16737,,yes,Kodepos.dev corroborates Open Data Jabar; candidate is not accepted as final.
POSTAL-3201282001,32.01.28.2001,CIJERUK,CIJERUK,KAB. BOGOR,candidate_review_only,corroborated_candidate,16740,16740;16782,,yes,Kodepos.dev corroborates Open Data Jabar; candidate is not accepted as final.
POSTAL-3201282002,32.01.28.2002,CIPELANG,CIJERUK,KAB. BOGOR,candidate_review_only,corroborated_candidate,16740,16740;16781,,yes,Kodepos.dev corroborates Open Data Jabar; candidate is not accepted as final.
POSTAL-3201282003,32.01.28.2003,WARUNG MENTENG,CIJERUK,KAB. BOGOR,candidate_review_only,corroborated_candidate,16740,16740;16783,,yes,Kodepos.dev corroborates Open Data Jabar; candidate is not accepted as final.
POSTAL-3201282004,32.01.28.2004,TAJUR HALANG,CIJERUK,KAB. BOGOR,candidate_review_only,corroborated_candidate,16740,16740;16788,,yes,Kodepos.dev corroborates Open Data Jabar; candidate is not accepted as final.
POSTAL-3201282005,32.01.28.2005,CIPICUNG,CIJERUK,KAB. BOGOR,candidate_review_only,corroborated_candidate,16740,16740;16785,,yes,Kodepos.dev corroborates Open Data Jabar; candidate is not accepted as final.
POSTAL-3201282006,32.01.28.2006,CIBALUNG,CIJERUK,KAB. BOGOR,candidate_review_only,corroborated_candidate,16740,16740;16784,,yes,Kodepos.dev corroborates Open Data Jabar; candidate is not accepted as final.
POSTAL-3201282007,32.01.28.2007,SUKAHARJA,CIJERUK,KAB. BOGOR,candidate_review_only,corroborated_candidate,16740,16740;16787,,yes,Kodepos.dev corroborates Open Data Jabar; candidate is not accepted as final.
POSTAL-3201282008,32.01.28.2008,PALASARI,CIJERUK,KAB. BOGOR,candidate_review_only,corroborated_candidate,16740,16740;16786,,yes,Kodepos.dev corroborates Open Data Jabar; candidate is not accepted as final.
POSTAL-3201282009,32.01.28.2009,TANJUNGSARI,CIJERUK,KAB. BOGOR,candidate_review_only,corroborated_candidate,16740,16740;16789,,yes,Kodepos.dev corroborates Open Data Jabar; candidate is not accepted as final.
POSTAL-3201291003,32.01.29.1003,PADASUKA,CIOMAS,KAB. BOGOR,candidate_review_only,corroborated_candidate,16610,16610;16611,,yes,Kodepos.dev corroborates Open Data Jabar; candidate is not accepted as final.
POSTAL-3201292001,32.01.29.2001,MEKARJAYA,CIOMAS,KAB. BOGOR,candidate_review_only,corroborated_candidate,16610,16610;16619,,yes,Kodepos.dev corroborates Open Data Jabar; candidate is not accepted as final.
POSTAL-3201292002,32.01.29.2002,SUKAHARJA,CIOMAS,KAB. BOGOR,candidate_review_only,corroborated_candidate,16610,16610;16615,,yes,Kodepos.dev corroborates Open Data Jabar; candidate is not accepted as final.
POSTAL-3201292004,32.01.29.2004,PARAKAN,CIOMAS,KAB. BOGOR,candidate_review_only,corroborated_candidate,16610,16610;16616,,yes,Kodepos.dev corroborates Open Data Jabar; candidate is not accepted as final.
POSTAL-3201292005,32.01.29.2005,CIOMAS,CIOMAS,KAB. BOGOR,candidate_review_only,corroborated_candidate,16610,16610;16612,,yes,Kodepos.dev corroborates Open Data Jabar; candidate is not accepted as final.
POSTAL-3201292006,32.01.29.2006,PAGELARAN,CIOMAS,KAB. BOGOR,candidate_review_only,corroborated_candidate,16610,16610;16617,,yes,Kodepos.dev corroborates Open Data Jabar; candidate is not accepted as final.
POSTAL-3201292007,32.01.29.2007,SUKAMAKMUR,CIOMAS,KAB. BOGOR,candidate_review_only,corroborated_candidate,16610,16610;16615,,yes,Kodepos.dev corroborates Open Data Jabar; candidate is not accepted as final.
POSTAL-3201292008,32.01.29.2008,CIAPUS,CIOMAS,KAB. BOGOR,candidate_review_only,corroborated_candidate,16610,16610;40377,,yes,Kodepos.dev corroborates Open Data Jabar; candidate is not accepted as final.
POSTAL-3201292009,32.01.29.2009,KOTA BATU,CIOMAS,KAB. BOGOR,candidate_review_only,corroborated_candidate,16610,16610;16618,,yes,Kodepos.dev corroborates Open Data Jabar; candidate is not accepted as final.
POSTAL-3201292010,32.01.29.2010,LALADON,CIOMAS,KAB. BOGOR,candidate_review_only,corroborated_candidate,16610,16610;16613,,yes,Kodepos.dev corroborates Open Data Jabar; candidate is not accepted as final.
POSTAL-3201292011,32.01.29.2011,CIOMAS RAHAYU,CIOMAS,KAB. BOGOR,candidate_review_only,corroborated_candidate,16610,16610;16612,,yes,Kodepos.dev corroborates Open Data Jabar; candidate is not accepted as final.
POSTAL-3201302001,32.01.30.2001,SUKADAMAI,DRAMAGA,KAB. BOGOR,candidate_review_only,corroborated_candidate,16680,16680;16685,,yes,Kodepos.dev corroborates Open Data Jabar; candidate is not accepted as final.
POSTAL-3201302002,32.01.30.2002,CIHERANG,DRAMAGA,KAB. BOGOR,candidate_review_only,corroborated_candidate,16680,16680;16687,,yes,Kodepos.dev corroborates Open Data Jabar; candidate is not accepted as final.
POSTAL-3201302003,32.01.30.2003,SINARSARI,DRAMAGA,KAB. BOGOR,unresolved_do_not_guess,review_required,,16680;16682,,yes,No automatic selection: Kodepos.dev does not corroborate exactly one local source.
POSTAL-3201302004,32.01.30.2004,SUKAWENING,DRAMAGA,KAB. BOGOR,candidate_review_only,corroborated_candidate,16680,16680;16686,,yes,Kodepos.dev corroborates Open Data Jabar; candidate is not accepted as final.
POSTAL-3201302005,32.01.30.2005,PETIR,DRAMAGA,KAB. BOGOR,candidate_review_only,corroborated_candidate,16680,16680;16683,,yes,Kodepos.dev corroborates Open Data Jabar; candidate is not accepted as final.
POSTAL-3201302006,32.01.30.2006,PURWASARI,DRAMAGA,KAB. BOGOR,candidate_review_only,corroborated_candidate,16680,16680;16684,,yes,Kodepos.dev corroborates Open Data Jabar; candidate is not accepted as final.
POSTAL-3201302007,32.01.30.2007,CIKARAWANG,DRAMAGA,KAB. BOGOR,candidate_review_only,corroborated_candidate,16680,16680;16688,,yes,Kodepos.dev corroborates Open Data Jabar; candidate is not accepted as final.
POSTAL-3201302008,32.01.30.2008,BABAKAN,DRAMAGA,KAB. BOGOR,candidate_review_only,corroborated_candidate,16680,16680;16689,,yes,Kodepos.dev corroborates Open Data Jabar; candidate is not accepted as final.
POSTAL-3201302009,32.01.30.2009,DRAMAGA,DRAMAGA,KAB. BOGOR,candidate_review_only,corroborated_candidate,16680,16680;16681,,yes,Kodepos.dev corroborates Open Data Jabar; candidate is not accepted as final.
POSTAL-3201302010,32.01.30.2010,NEGLASARI,DRAMAGA,KAB. BOGOR,candidate_review_only,corroborated_candidate,16680,16680;16682,,yes,Kodepos.dev corroborates Open Data Jabar; candidate is not accepted as final.
POSTAL-3201312001,32.01.31.2001,SUKAMANTRI,TAMANSARI,KAB. BOGOR,unresolved_do_not_guess,review_required,,16265;16610;16611,,yes,No automatic selection: Kodepos.dev does not corroborate exactly one local source.
POSTAL-3201312002,32.01.31.2002,SIRNAGALIH,TAMANSARI,KAB. BOGOR,unresolved_do_not_guess,review_required,,16610;16611,,yes,No automatic selection: Kodepos.dev does not corroborate exactly one local source.
POSTAL-3201312003,32.01.31.2003,PASIREURIH,TAMANSARI,KAB. BOGOR,unresolved_do_not_guess,review_required,,16267;16611,,yes,No automatic selection: Kodepos.dev does not corroborate exactly one local source.
POSTAL-3201312004,32.01.31.2004,TAMANSARI,TAMANSARI,KAB. BOGOR,unresolved_do_not_guess,review_required,,16261;16611,,yes,No automatic selection: Kodepos.dev does not corroborate exactly one local source.
POSTAL-3201312005,32.01.31.2005,SUKALUYU,TAMANSARI,KAB. BOGOR,unresolved_do_not_guess,review_required,,16262;16610;16611,,yes,No automatic selection: Kodepos.dev does not corroborate exactly one local source.
POSTAL-3201312006,32.01.31.2006,SUKARESMI,TAMANSARI,KAB. BOGOR,unresolved_do_not_guess,review_required,,16268;16610;16611,,yes,No automatic selection: Kodepos.dev does not corroborate exactly one local source.
POSTAL-3201312007,32.01.31.2007,SUKAJAYA,TAMANSARI,KAB. BOGOR,unresolved_do_not_guess,review_required,,16264;16610;16611,,yes,No automatic selection: Kodepos.dev does not corroborate exactly one local source.
POSTAL-3201312008,32.01.31.2008,SUKAJADI,TAMANSARI,KAB. BOGOR,unresolved_do_not_guess,review_required,,16263;16610;16611,,yes,No automatic selection: Kodepos.dev does not corroborate exactly one local source.
POSTAL-3201322001,32.01.32.2001,KLAPANUNGGAL,KLAPANUNGGAL,KAB. BOGOR,unresolved_do_not_guess,review_required,,16710;16871,,yes,No automatic selection: Kodepos.dev does not corroborate exactly one local source.
POSTAL-3201322002,32.01.32.2002,BOJONG,KLAPANUNGGAL,KAB. BOGOR,unresolved_do_not_guess,review_required,,16710;16877;16878,,yes,No automatic selection: Kodepos.dev does not corroborate exactly one local source.
POSTAL-3201322003,32.01.32.2003,NAMBO,KLAPANUNGGAL,KAB. BOGOR,unresolved_do_not_guess,review_required,,16710;16873,,yes,No automatic selection: Kodepos.dev does not corroborate exactly one local source.
POSTAL-3201322004,32.01.32.2004,LULUT,KLAPANUNGGAL,KAB. BOGOR,unresolved_do_not_guess,review_required,,16710;16875,,yes,No automatic selection: Kodepos.dev does not corroborate exactly one local source.
POSTAL-3201322005,32.01.32.2005,CIKAHURIPAN,KLAPANUNGGAL,KAB. BOGOR,unresolved_do_not_guess,review_required,,16710;16877,,yes,No automatic selection: Kodepos.dev does not corroborate exactly one local source.
POSTAL-3201322006,32.01.32.2006,KEMBANG KUNING,KLAPANUNGGAL,KAB. BOGOR,unresolved_do_not_guess,review_required,,16710;16872,,yes,No automatic selection: Kodepos.dev does not corroborate exactly one local source.
POSTAL-3201322007,32.01.32.2007,BANTAR JATI,KLAPANUNGGAL,KAB. BOGOR,unresolved_do_not_guess,review_required,,16710;16874,,yes,No automatic selection: Kodepos.dev does not corroborate exactly one local source.
POSTAL-3201322008,32.01.32.2008,LEUWIKARET,KLAPANUNGGAL,KAB. BOGOR,unresolved_do_not_guess,review_required,,16710;16876,,yes,No automatic selection: Kodepos.dev does not corroborate exactly one local source.
POSTAL-3201322009,32.01.32.2009,LIGARMUKTI,KLAPANUNGGAL,KAB. BOGOR,unresolved_do_not_guess,review_required,,16710;16879,,yes,No automatic selection: Kodepos.dev does not corroborate exactly one local source.
POSTAL-3201332001,32.01.33.2001,PUTAT NUTUG,CISEENG,KAB. BOGOR,candidate_review_only,corroborated_candidate,16120,16120;16384,,yes,Kodepos.dev corroborates Open Data Jabar; candidate is not accepted as final.
POSTAL-3201332002,32.01.33.2002,CISEENG,CISEENG,KAB. BOGOR,candidate_review_only,corroborated_candidate,16120,16120;16387,,yes,Kodepos.dev corroborates Open Data Jabar; candidate is not accepted as final.
POSTAL-3201332003,32.01.33.2003,PARIGI MEKAR,CISEENG,KAB. BOGOR,candidate_review_only,corroborated_candidate,16120,16120;16388,,yes,Kodepos.dev corroborates Open Data Jabar; candidate is not accepted as final.
POSTAL-3201332004,32.01.33.2004,CIBENTANG,CISEENG,KAB. BOGOR,candidate_review_only,corroborated_candidate,16120,16120;16387,,yes,Kodepos.dev corroborates Open Data Jabar; candidate is not accepted as final.
POSTAL-3201332005,32.01.33.2005,CIBEUTEUNG UDIK,CISEENG,KAB. BOGOR,candidate_review_only,corroborated_candidate,16120,16120;16383,,yes,Kodepos.dev corroborates Open Data Jabar; candidate is not accepted as final.
POSTAL-3201332006,32.01.33.2006,KARIHKIL,CISEENG,KAB. BOGOR,candidate_review_only,corroborated_candidate,16120,16120;16385,,yes,Kodepos.dev corroborates Open Data Jabar; candidate is not accepted as final.
POSTAL-3201332007,32.01.33.2007,BABAKAN,CISEENG,KAB. BOGOR,candidate_review_only,corroborated_candidate,16120,16120;16386,,yes,Kodepos.dev corroborates Open Data Jabar; candidate is not accepted as final.
POSTAL-3201332008,32.01.33.2008,CIHOE,CISEENG,KAB. BOGOR,unresolved_do_not_guess,review_required,,16120;16389,,yes,No automatic selection: Kodepos.dev does not corroborate exactly one local source.
POSTAL-3201332009,32.01.33.2009,CIBEUTEUNG MUARA,CISEENG,KAB. BOGOR,candidate_review_only,corroborated_candidate,16120,16120;16383,,yes,Kodepos.dev corroborates Open Data Jabar; candidate is not accepted as final.
POSTAL-3201332010,32.01.33.2010,KURIPAN,CISEENG,KAB. BOGOR,candidate_review_only,corroborated_candidate,16120,16120;16382,,yes,Kodepos.dev corroborates Open Data Jabar; candidate is not accepted as final.
POSTAL-3201342001,32.01.34.2001,BANTARJAYA,RANCA BUNGUR,KAB. BOGOR,unresolved_do_not_guess,review_required,,16253;16311,,yes,No automatic selection: Kodepos.dev does not corroborate exactly one local source.
POSTAL-3201342002,32.01.34.2002,BANTARSARI,RANCA BUNGUR,KAB. BOGOR,unresolved_do_not_guess,review_required,,16254;16311,,yes,No automatic selection: Kodepos.dev does not corroborate exactly one local source.
POSTAL-3201342003,32.01.34.2003,PASIRGAOK,RANCA BUNGUR,KAB. BOGOR,unresolved_do_not_guess,review_required,,16252;16311,,yes,No automatic selection: Kodepos.dev does not corroborate exactly one local source.
POSTAL-3201342004,32.01.34.2004,RANCABUNGUR,RANCA BUNGUR,KAB. BOGOR,unresolved_do_not_guess,review_required,,16251;16311,,yes,No automatic selection: Kodepos.dev does not corroborate exactly one local source.
POSTAL-3201342005,32.01.34.2005,MEKARSARI,RANCA BUNGUR,KAB. BOGOR,unresolved_do_not_guess,review_required,,16256;16311,,yes,No automatic selection: Kodepos.dev does not corroborate exactly one local source.
POSTAL-3201342006,32.01.34.2006,CANDALI,RANCA BUNGUR,KAB. BOGOR,unresolved_do_not_guess,review_required,,16255;16311,,yes,No automatic selection: Kodepos.dev does not corroborate exactly one local source.
POSTAL-3201342007,32.01.34.2007,CIMULANG,RANCA BUNGUR,KAB. BOGOR,unresolved_do_not_guess,review_required,,16252;16311,,yes,No automatic selection: Kodepos.dev does not corroborate exactly one local source.
POSTAL-3201352001,32.01.35.2001,CISARUA,SUKAJAYA,KAB. BOGOR,unresolved_do_not_guess,review_required,,16293;16660;16661,,yes,No automatic selection: Kodepos.dev does not corroborate exactly one local source.
POSTAL-3201352002,32.01.35.2002,KIARASARI,SUKAJAYA,KAB. BOGOR,unresolved_do_not_guess,review_required,,16294;16660;16661,,yes,No automatic selection: Kodepos.dev does not corroborate exactly one local source.
POSTAL-3201352003,32.01.35.2003,SUKAJAYA,SUKAJAYA,KAB. BOGOR,unresolved_do_not_guess,review_required,,16291;16660;16661,,yes,No automatic selection: Kodepos.dev does not corroborate exactly one local source.
POSTAL-3201352004,32.01.35.2004,SIPAYUNG,SUKAJAYA,KAB. BOGOR,unresolved_do_not_guess,review_required,,16660;16661,,yes,No automatic selection: Kodepos.dev does not corroborate exactly one local source.
POSTAL-3201352005,32.01.35.2005,CILEUKSA,SUKAJAYA,KAB. BOGOR,unresolved_do_not_guess,review_required,,16292;16660;16661,,yes,No automatic selection: Kodepos.dev does not corroborate exactly one local source.
POSTAL-3201352006,32.01.35.2006,KIARAPANDAK,SUKAJAYA,KAB. BOGOR,unresolved_do_not_guess,review_required,,16295;16661,,yes,No automatic selection: Kodepos.dev does not corroborate exactly one local source.
POSTAL-3201352007,32.01.35.2007,HARKATJAYA,SUKAJAYA,KAB. BOGOR,unresolved_do_not_guess,review_required,,16296;16660;16661,,yes,No automatic selection: Kodepos.dev does not corroborate exactly one local source.
POSTAL-3201352008,32.01.35.2008,SUKAMULIH,SUKAJAYA,KAB. BOGOR,unresolved_do_not_guess,review_required,,16299;16660;16661,,yes,No automatic selection: Kodepos.dev does not corroborate exactly one local source.
POSTAL-3201352009,32.01.35.2009,PASIR MADANG,SUKAJAYA,KAB. BOGOR,unresolved_do_not_guess,review_required,,16298;16660;16661,,yes,No automatic selection: Kodepos.dev does not corroborate exactly one local source.
POSTAL-3201352010,32.01.35.2010,URUG,SUKAJAYA,KAB. BOGOR,unresolved_do_not_guess,review_required,,16141;16660;16661,,yes,No automatic selection: Kodepos.dev does not corroborate exactly one local source.
POSTAL-3201352011,32.01.35.2011,JAYARAHARJA,SUKAJAYA,KAB. BOGOR,unresolved_do_not_guess,review_required,,16660;16661;16836,,yes,No automatic selection: Kodepos.dev does not corroborate exactly one local source.
POSTAL-3201362001,32.01.36.2001,TANJUNGSARI,TANJUNGSARI,KAB. BOGOR,unresolved_do_not_guess,review_required,,16841;16851,,yes,No automatic selection: Kodepos.dev does not corroborate exactly one local source.
POSTAL-3201362002,32.01.36.2002,SELAWANGI,TANJUNGSARI,KAB. BOGOR,unresolved_do_not_guess,review_required,,16840;16841;16858,,yes,No automatic selection: Kodepos.dev does not corroborate exactly one local source.
POSTAL-3201362003,32.01.36.2003,TANJUNGRASA,TANJUNGSARI,KAB. BOGOR,unresolved_do_not_guess,review_required,,16841;16856,,yes,No automatic selection: Kodepos.dev does not corroborate exactly one local source.
POSTAL-3201362004,32.01.36.2004,ANTAJAYA,TANJUNGSARI,KAB. BOGOR,unresolved_do_not_guess,review_required,,16840;16841;16854,,yes,No automatic selection: Kodepos.dev does not corroborate exactly one local source.
POSTAL-3201362005,32.01.36.2005,PASIR TANJUNG,TANJUNGSARI,KAB. BOGOR,unresolved_do_not_guess,review_required,,16840;16841;16855,,yes,No automatic selection: Kodepos.dev does not corroborate exactly one local source.
POSTAL-3201362006,32.01.36.2006,CIBADAK,TANJUNGSARI,KAB. BOGOR,unresolved_do_not_guess,review_required,,16840;16841;16857,,yes,No automatic selection: Kodepos.dev does not corroborate exactly one local source.
POSTAL-3201362007,32.01.36.2007,SUKARASA,TANJUNGSARI,KAB. BOGOR,unresolved_do_not_guess,review_required,,16840;16841;16859,,yes,No automatic selection: Kodepos.dev does not corroborate exactly one local source.
POSTAL-3201362008,32.01.36.2008,SIRNASARI,TANJUNGSARI,KAB. BOGOR,unresolved_do_not_guess,review_required,,16266;16841;16852,,yes,No automatic selection: Kodepos.dev does not corroborate exactly one local source.
POSTAL-3201362009,32.01.36.2009,BUANAJAYA,TANJUNGSARI,KAB. BOGOR,unresolved_do_not_guess,review_required,,16840;16841;16853,,yes,No automatic selection: Kodepos.dev does not corroborate exactly one local source.
POSTAL-3201362010,32.01.36.2010,SIRNARASA,TANJUNGSARI,KAB. BOGOR,unresolved_do_not_guess,review_required,,16266;16841;16852,,yes,No automatic selection: Kodepos.dev does not corroborate exactly one local source.
POSTAL-3201372001,32.01.37.2001,TAJURHALANG,TAJURHALANG,KAB. BOGOR,unresolved_do_not_guess,review_required,,16320;16931,,yes,No automatic selection: Kodepos.dev does not corroborate exactly one local source.
POSTAL-3201372002,32.01.37.2002,CITAYAM,TAJURHALANG,KAB. BOGOR,unresolved_do_not_guess,review_required,,16320;16935,,yes,No automatic selection: Kodepos.dev does not corroborate exactly one local source.
POSTAL-3201372003,32.01.37.2003,SASAK PANJANG,TAJURHALANG,KAB. BOGOR,unresolved_do_not_guess,review_required,,16320;16936,,yes,No automatic selection: Kodepos.dev does not corroborate exactly one local source.
POSTAL-3201372004,32.01.37.2004,NANGGERANG,TAJURHALANG,KAB. BOGOR,unresolved_do_not_guess,review_required,,16320;16934,,yes,No automatic selection: Kodepos.dev does not corroborate exactly one local source.
POSTAL-3201372005,32.01.37.2005,SUKMAJAYA,TAJURHALANG,KAB. BOGOR,unresolved_do_not_guess,review_required,,16320;16933,,yes,No automatic selection: Kodepos.dev does not corroborate exactly one local source.
POSTAL-3201372006,32.01.37.2006,TONJONG,TAJURHALANG,KAB. BOGOR,unresolved_do_not_guess,review_required,,16320;16932,,yes,No automatic selection: Kodepos.dev does not corroborate exactly one local source.
POSTAL-3201372007,32.01.37.2007,KALISUREN,TAJURHALANG,KAB. BOGOR,unresolved_do_not_guess,review_required,,16320;16937,,yes,No automatic selection: Kodepos.dev does not corroborate exactly one local source.
POSTAL-3201382001,32.01.38.2001,CIGOMBONG,CIGOMBONG,KAB. BOGOR,candidate_review_only,corroborated_candidate,16110,16110;16741,,yes,Kodepos.dev corroborates Open Data Jabar; candidate is not accepted as final.
POSTAL-3201382002,32.01.38.2002,WATESJAYA,CIGOMBONG,KAB. BOGOR,candidate_review_only,corroborated_candidate,16110,16110;16742,,yes,Kodepos.dev corroborates Open Data Jabar; candidate is not accepted as final.
POSTAL-3201382003,32.01.38.2003,CIBURUY,CIGOMBONG,KAB. BOGOR,candidate_review_only,corroborated_candidate,16110,16110;16745,,yes,Kodepos.dev corroborates Open Data Jabar; candidate is not accepted as final.
POSTAL-3201382004,32.01.38.2004,SROGOL,CIGOMBONG,KAB. BOGOR,candidate_review_only,corroborated_candidate,16110,16110;16743,,yes,Kodepos.dev corroborates Open Data Jabar; candidate is not accepted as final.
POSTAL-3201382005,32.01.38.2005,CISALADA,CIGOMBONG,KAB. BOGOR,candidate_review_only,corroborated_candidate,16110,16110;16748,,yes,Kodepos.dev corroborates Open Data Jabar; candidate is not accepted as final.
POSTAL-3201382006,32.01.38.2006,TUGUJAYA,CIGOMBONG,KAB. BOGOR,unresolved_do_not_guess,review_required,,16110;16749,,yes,No automatic selection: Kodepos.dev does not corroborate exactly one local source.
POSTAL-3201382007,32.01.38.2007,PASIRJAYA,CIGOMBONG,KAB. BOGOR,unresolved_do_not_guess,review_required,,16110;16747,,yes,No automatic selection: Kodepos.dev does not corroborate exactly one local source.
POSTAL-3201382008,32.01.38.2008,CIBURAYUT,CIGOMBONG,KAB. BOGOR,candidate_review_only,corroborated_candidate,16110,16110;16746,,yes,Kodepos.dev corroborates Open Data Jabar; candidate is not accepted as final.
POSTAL-3201382009,32.01.38.2009,CIADEG,CIGOMBONG,KAB. BOGOR,candidate_review_only,corroborated_candidate,16110,16110;16741,,yes,Kodepos.dev corroborates Open Data Jabar; candidate is not accepted as final.
POSTAL-3201392001,32.01.39.2001,LEUWISADENG,LEUWISADENG,KAB. BOGOR,unresolved_do_not_guess,review_required,,16281;16640;16641,,yes,No automatic selection: Kodepos.dev does not corroborate exactly one local source.
POSTAL-3201392002,32.01.39.2002,BABAKAN SADENG,LEUWISADENG,KAB. BOGOR,unresolved_do_not_guess,review_required,,16283;16640;16641,,yes,No automatic selection: Kodepos.dev does not corroborate exactly one local source.
POSTAL-3201392003,32.01.39.2003,SADENG KOLOT,LEUWISADENG,KAB. BOGOR,unresolved_do_not_guess,review_required,,16282;16640;16641,,yes,No automatic selection: Kodepos.dev does not corroborate exactly one local source.
POSTAL-3201392004,32.01.39.2004,WANGUNJAYA,LEUWISADENG,KAB. BOGOR,unresolved_do_not_guess,review_required,,16288;16640;16641,,yes,No automatic selection: Kodepos.dev does not corroborate exactly one local source.
POSTAL-3201392005,32.01.39.2005,KALONG I,LEUWISADENG,KAB. BOGOR,unresolved_do_not_guess,review_required,,16286;16641,,yes,No automatic selection: Kodepos.dev does not corroborate exactly one local source.
POSTAL-3201392006,32.01.39.2006,KALONG II,LEUWISADENG,KAB. BOGOR,unresolved_do_not_guess,review_required,,16287;16641,,yes,No automatic selection: Kodepos.dev does not corroborate exactly one local source.
POSTAL-3201392007,32.01.39.2007,SADENG,LEUWISADENG,KAB. BOGOR,unresolved_do_not_guess,review_required,,16285;16640;16641,,yes,No automatic selection: Kodepos.dev does not corroborate exactly one local source.
POSTAL-3201392008,32.01.39.2008,SIBANTENG,LEUWISADENG,KAB. BOGOR,unresolved_do_not_guess,review_required,,16284;16640;16641,,yes,No automatic selection: Kodepos.dev does not corroborate exactly one local source.
POSTAL-3201402001,32.01.40.2001,TAPOS I,TENJOLAYA,KAB. BOGOR,unresolved_do_not_guess,review_required,,16271;16371;40395,,yes,No automatic selection: Kodepos.dev does not corroborate exactly one local source.
POSTAL-3201402002,32.01.40.2002,TAPOS II,TENJOLAYA,KAB. BOGOR,unresolved_do_not_guess,review_required,,16271;16371;40395,,yes,No automatic selection: Kodepos.dev does not corroborate exactly one local source.
POSTAL-3201402003,32.01.40.2003,CIBITUNG TENGAH,TENJOLAYA,KAB. BOGOR,unresolved_do_not_guess,review_required,,16276;16370;16371,,yes,No automatic selection: Kodepos.dev does not corroborate exactly one local source.
POSTAL-3201402004,32.01.40.2004,SITUDAUN,TENJOLAYA,KAB. BOGOR,unresolved_do_not_guess,review_required,,16274;16370;16371,,yes,No automatic selection: Kodepos.dev does not corroborate exactly one local source.
POSTAL-3201402005,32.01.40.2005,CINANGNENG,TENJOLAYA,KAB. BOGOR,unresolved_do_not_guess,review_required,,16275;16370;16371,,yes,No automatic selection: Kodepos.dev does not corroborate exactly one local source.
POSTAL-3201402006,32.01.40.2006,GUNUNG MALANG,TENJOLAYA,KAB. BOGOR,unresolved_do_not_guess,review_required,,16273;16370;16371,,yes,No automatic selection: Kodepos.dev does not corroborate exactly one local source.
POSTAL-3201402007,32.01.40.2007,GUNUNG MULYA,TENJOLAYA,KAB. BOGOR,unresolved_do_not_guess,review_required,,16273;16371,,yes,No automatic selection: Kodepos.dev does not corroborate exactly one local source.
POSTAL-3202011001,32.02.01.1001,PALABUHANRATU,PALABUHANRATU,KAB. SUKABUMI,unresolved_do_not_guess,review_required,,43311;43341;43364,,yes,No automatic selection: Kodepos.dev does not corroborate exactly one local source.
POSTAL-3202012002,32.02.01.2002,TONJONG,PALABUHANRATU,KAB. SUKABUMI,unresolved_do_not_guess,review_required,,43318;43364,,yes,No automatic selection: Kodepos.dev does not corroborate exactly one local source.
POSTAL-3202012003,32.02.01.2003,CITEPUS,PALABUHANRATU,KAB. SUKABUMI,unresolved_do_not_guess,review_required,,43313;43364,,yes,No automatic selection: Kodepos.dev does not corroborate exactly one local source.
POSTAL-3202012004,32.02.01.2004,BUNIWANGI,PALABUHANRATU,KAB. SUKABUMI,unresolved_do_not_guess,review_required,,43314;43364,,yes,No automatic selection: Kodepos.dev does not corroborate exactly one local source.
POSTAL-3202012005,32.02.01.2005,CIBODAS,PALABUHANRATU,KAB. SUKABUMI,unresolved_do_not_guess,review_required,,43315;43364;43372,,yes,No automatic selection: Kodepos.dev does not corroborate exactly one local source.
POSTAL-3202012006,32.02.01.2006,PASIRSUREN,PALABUHANRATU,KAB. SUKABUMI,unresolved_do_not_guess,review_required,,43317;43364,,yes,No automatic selection: Kodepos.dev does not corroborate exactly one local source.
POSTAL-3202012007,32.02.01.2007,CIKADU,PALABUHANRATU,KAB. SUKABUMI,unresolved_do_not_guess,review_required,,43316;43341;43364,,yes,No automatic selection: Kodepos.dev does not corroborate exactly one local source.
POSTAL-3202012008,32.02.01.2008,CITARIK,PALABUHANRATU,KAB. SUKABUMI,unresolved_do_not_guess,review_required,,43312;43364,,yes,No automatic selection: Kodepos.dev does not corroborate exactly one local source.
POSTAL-3202012009,32.02.01.2009,CIMANGGU,PALABUHANRATU,KAB. SUKABUMI,unresolved_do_not_guess,review_required,,43314;43347;43364,,yes,No automatic selection: Kodepos.dev does not corroborate exactly one local source.
POSTAL-3202012010,32.02.01.2010,JAYANTI,PALABUHANRATU,KAB. SUKABUMI,unresolved_do_not_guess,review_required,,43312;43341;43364,,yes,No automatic selection: Kodepos.dev does not corroborate exactly one local source.
POSTAL-3202032004,32.02.03.2004,SUKAMAJU,CIKAKAK,KAB. SUKABUMI,candidate_review_only,corroborated_candidate,43365,43365;43391,,yes,Kodepos.dev corroborates Open Data Jabar; candidate is not accepted as final.
POSTAL-3202072001,32.02.07.2001,LENGKONG,LENGKONG,KAB. SUKABUMI,candidate_review_only,corroborated_candidate,43174,43174;43374,,yes,Kodepos.dev corroborates Open Data Jabar; candidate is not accepted as final.
POSTAL-3202072002,32.02.07.2002,CILANGKAP,LENGKONG,KAB. SUKABUMI,candidate_review_only,corroborated_candidate,43174,43174;43374,,yes,Kodepos.dev corroborates Open Data Jabar; candidate is not accepted as final.
POSTAL-3202072003,32.02.07.2003,TEGALLEGA,LENGKONG,KAB. SUKABUMI,candidate_review_only,corroborated_candidate,43174,43174;43374,,yes,Kodepos.dev corroborates Open Data Jabar; candidate is not accepted as final.
POSTAL-3202072004,32.02.07.2004,NEGLASARI,LENGKONG,KAB. SUKABUMI,candidate_review_only,corroborated_candidate,43174,43174;43374,,yes,Kodepos.dev corroborates Open Data Jabar; candidate is not accepted as final.
POSTAL-3202072005,32.02.07.2005,LANGKAPJAYA,LENGKONG,KAB. SUKABUMI,candidate_review_only,corroborated_candidate,43174,43174;43374,,yes,Kodepos.dev corroborates Open Data Jabar; candidate is not accepted as final.
POSTAL-3202082001,32.02.08.2001,JAMPANGTENGAH,JAMPANGTENGAH,KAB. SUKABUMI,candidate_review_only,corroborated_candidate,43171,43171;43371,,yes,Kodepos.dev corroborates Open Data Jabar; candidate is not accepted as final.
POSTAL-3202082002,32.02.08.2002,PADABEUNGHAR,JAMPANGTENGAH,KAB. SUKABUMI,candidate_review_only,corroborated_candidate,43171,43171;43371,,yes,Kodepos.dev corroborates Open Data Jabar; candidate is not accepted as final.
POSTAL-3202082003,32.02.08.2003,BANTARPANJANG,JAMPANGTENGAH,KAB. SUKABUMI,candidate_review_only,corroborated_candidate,43171,43171;43371,,yes,Kodepos.dev corroborates Open Data Jabar; candidate is not accepted as final.
POSTAL-3202082004,32.02.08.2004,BOJONGJENGKOL,JAMPANGTENGAH,KAB. SUKABUMI,candidate_review_only,corroborated_candidate,43171,43171;43371,,yes,Kodepos.dev corroborates Open Data Jabar; candidate is not accepted as final.
POSTAL-3202082005,32.02.08.2005,NANGERANG,JAMPANGTENGAH,KAB. SUKABUMI,candidate_review_only,corroborated_candidate,43171,43171;43371,,yes,Kodepos.dev corroborates Open Data Jabar; candidate is not accepted as final.
POSTAL-3202082006,32.02.08.2006,TANJUNGSARI,JAMPANGTENGAH,KAB. SUKABUMI,candidate_review_only,corroborated_candidate,43171,43171;43371,,yes,Kodepos.dev corroborates Open Data Jabar; candidate is not accepted as final.
POSTAL-3202082007,32.02.08.2007,SINDANGRESMI,JAMPANGTENGAH,KAB. SUKABUMI,candidate_review_only,corroborated_candidate,43171,43171;43371,,yes,Kodepos.dev corroborates Open Data Jabar; candidate is not accepted as final.
POSTAL-3202082008,32.02.08.2008,PANUMBANGAN,JAMPANGTENGAH,KAB. SUKABUMI,candidate_review_only,corroborated_candidate,43171,43171;43371,,yes,Kodepos.dev corroborates Open Data Jabar; candidate is not accepted as final.
POSTAL-3202082009,32.02.08.2009,CIJULANG,JAMPANGTENGAH,KAB. SUKABUMI,candidate_review_only,corroborated_candidate,43171,43171;43371,,yes,Kodepos.dev corroborates Open Data Jabar; candidate is not accepted as final.
POSTAL-3202082010,32.02.08.2010,BANTARAGUNG,JAMPANGTENGAH,KAB. SUKABUMI,candidate_review_only,corroborated_candidate,43171,43171;43371,,yes,Kodepos.dev corroborates Open Data Jabar; candidate is not accepted as final.
POSTAL-3202082011,32.02.08.2011,BOJONGTIPAR,JAMPANGTENGAH,KAB. SUKABUMI,candidate_review_only,corroborated_candidate,43171,43171;43371,,yes,Kodepos.dev corroborates Open Data Jabar; candidate is not accepted as final.
POSTAL-3202102001,32.02.10.2001,CIKEMBAR,CIKEMBAR,KAB. SUKABUMI,candidate_review_only,corroborated_candidate,43157,43157;43347,,yes,Kodepos.dev corroborates Open Data Jabar; candidate is not accepted as final.
POSTAL-3202102002,32.02.10.2002,PARAKANLIMA,CIKEMBAR,KAB. SUKABUMI,candidate_review_only,corroborated_candidate,43157,43157;43347,,yes,Kodepos.dev corroborates Open Data Jabar; candidate is not accepted as final.
POSTAL-3202102003,32.02.10.2003,BOJONG,CIKEMBAR,KAB. SUKABUMI,candidate_review_only,corroborated_candidate,43157,43157;43347,,yes,Kodepos.dev corroborates Open Data Jabar; candidate is not accepted as final.
POSTAL-3202102004,32.02.10.2004,CIMANGGU,CIKEMBAR,KAB. SUKABUMI,candidate_review_only,corroborated_candidate,43157,43157;43347,,yes,Kodepos.dev corroborates Open Data Jabar; candidate is not accepted as final.
POSTAL-3202102005,32.02.10.2005,BOJONGKEMBAR,CIKEMBAR,KAB. SUKABUMI,candidate_review_only,corroborated_candidate,43157,43157;43347,,yes,Kodepos.dev corroborates Open Data Jabar; candidate is not accepted as final.
POSTAL-3202102006,32.02.10.2006,SUKAMAJU,CIKEMBAR,KAB. SUKABUMI,candidate_review_only,corroborated_candidate,43157,43157;43347,,yes,Kodepos.dev corroborates Open Data Jabar; candidate is not accepted as final.
POSTAL-3202102007,32.02.10.2007,CIBATU,CIKEMBAR,KAB. SUKABUMI,candidate_review_only,corroborated_candidate,43157,43157;43347,,yes,Kodepos.dev corroborates Open Data Jabar; candidate is not accepted as final.
POSTAL-3202102008,32.02.10.2008,KERTARAHARJA,CIKEMBAR,KAB. SUKABUMI,candidate_review_only,corroborated_candidate,43157,43157;43347,,yes,Kodepos.dev corroborates Open Data Jabar; candidate is not accepted as final.
POSTAL-3202102009,32.02.10.2009,SUKAMULYA,CIKEMBAR,KAB. SUKABUMI,candidate_review_only,corroborated_candidate,43157,43157;43347,,yes,Kodepos.dev corroborates Open Data Jabar; candidate is not accepted as final.
POSTAL-3202102010,32.02.10.2010,BOJONGRAHARJA,CIKEMBAR,KAB. SUKABUMI,candidate_review_only,corroborated_candidate,43157,43157;43347,,yes,Kodepos.dev corroborates Open Data Jabar; candidate is not accepted as final.
POSTAL-3202111001,32.02.11.1001,CIBADAK,CIBADAK,KAB. SUKABUMI,candidate_review_only,corroborated_candidate,43351,42357;43351,,yes,Kodepos.dev corroborates Diskominfo; candidate is not accepted as final.
POSTAL-3202112005,32.02.11.2005,NEGLASARI,CIBADAK,KAB. SUKABUMI,candidate_review_only,corroborated_candidate,43351,43351;43376,,yes,Kodepos.dev corroborates Open Data Jabar; candidate is not accepted as final.
POSTAL-3202112007,32.02.11.2007,TENJOJAYA,CIBADAK,KAB. SUKABUMI,candidate_review_only,corroborated_candidate,43351,43351;43373,,yes,Kodepos.dev corroborates Open Data Jabar; candidate is not accepted as final.
POSTAL-3202122001,32.02.12.2001,KALAPAREA,NAGRAK,KAB. SUKABUMI,unresolved_do_not_guess,review_required,,43342;43352;43356,,yes,No automatic selection: Kodepos.dev does not corroborate exactly one local source.
POSTAL-3202122002,32.02.12.2002,PAWENANG,NAGRAK,KAB. SUKABUMI,unresolved_do_not_guess,review_required,,43342;43352;43356,,yes,No automatic selection: Kodepos.dev does not corroborate exactly one local source.
POSTAL-3202122003,32.02.12.2003,NAGRAK UTARA,NAGRAK,KAB. SUKABUMI,unresolved_do_not_guess,review_required,,43352;43356,,yes,No automatic selection: Kodepos.dev does not corroborate exactly one local source.
POSTAL-3202122004,32.02.12.2004,CISARUA,NAGRAK,KAB. SUKABUMI,unresolved_do_not_guess,review_required,,43352;43356,,yes,No automatic selection: Kodepos.dev does not corroborate exactly one local source.
POSTAL-3202122009,32.02.12.2009,BALEKAMBANG,NAGRAK,KAB. SUKABUMI,unresolved_do_not_guess,review_required,,43352;43356,,yes,No automatic selection: Kodepos.dev does not corroborate exactly one local source.
POSTAL-3202122010,32.02.12.2010,BABAKAN PANJANG,NAGRAK,KAB. SUKABUMI,unresolved_do_not_guess,review_required,,43163;43352;43356,,yes,No automatic selection: Kodepos.dev does not corroborate exactly one local source.
POSTAL-3202122011,32.02.12.2011,DARMAREJA,NAGRAK,KAB. SUKABUMI,unresolved_do_not_guess,review_required,,43342;43352;43356,,yes,No automatic selection: Kodepos.dev does not corroborate exactly one local source.
POSTAL-3202122012,32.02.12.2012,CIHANYAWAR,NAGRAK,KAB. SUKABUMI,unresolved_do_not_guess,review_required,,43342;43352;43356,,yes,No automatic selection: Kodepos.dev does not corroborate exactly one local source.
POSTAL-3202122013,32.02.12.2013,NAGRAK SELATAN,NAGRAK,KAB. SUKABUMI,unresolved_do_not_guess,review_required,,43352;43356,,yes,No automatic selection: Kodepos.dev does not corroborate exactly one local source.
POSTAL-3202122014,32.02.12.2014,GIRIJAYA,NAGRAK,KAB. SUKABUMI,unresolved_do_not_guess,review_required,,43342;43352;43356,,yes,No automatic selection: Kodepos.dev does not corroborate exactly one local source.
POSTAL-3202142004,32.02.14.2004,CIPANENGAH,BOJONGGENTENG,KAB. SUKABUMI,candidate_review_only,corroborated_candidate,43353,43353;43378,,yes,Kodepos.dev corroborates Open Data Jabar; candidate is not accepted as final.
POSTAL-3202162006,32.02.16.2006,CISAAT,CICURUG,KAB. SUKABUMI,candidate_review_only,corroborated_candidate,43359,43342;43359,,yes,Kodepos.dev corroborates Open Data Jabar; candidate is not accepted as final.
POSTAL-3202162008,32.02.16.2008,CARINGIN,CICURUG,KAB. SUKABUMI,candidate_review_only,corroborated_candidate,43359,43359;43397,,yes,Kodepos.dev corroborates Open Data Jabar; candidate is not accepted as final.
POSTAL-3202162011,32.02.16.2011,MEKARSARI,CICURUG,KAB. SUKABUMI,candidate_review_only,corroborated_candidate,43359,43359;43396,,yes,Kodepos.dev corroborates Open Data Jabar; candidate is not accepted as final.
POSTAL-3202162012,32.02.16.2012,BANGBAYANG,CICURUG,KAB. SUKABUMI,candidate_review_only,corroborated_candidate,43359,43287;43359,,yes,Kodepos.dev corroborates Open Data Jabar; candidate is not accepted as final.
POSTAL-3202172001,32.02.17.2001,PONDOKASO TONGGOH,CIDAHU,KAB. SUKABUMI,candidate_review_only,corroborated_candidate,43358,43358;43372,,yes,Kodepos.dev corroborates Open Data Jabar; candidate is not accepted as final.
POSTAL-3202172002,32.02.17.2002,BABAKANPARI,CIDAHU,KAB. SUKABUMI,candidate_review_only,corroborated_candidate,43358,43358;43372,,yes,Kodepos.dev corroborates Open Data Jabar; candidate is not accepted as final.
POSTAL-3202172003,32.02.17.2003,PONDOKASO TENGAH,CIDAHU,KAB. SUKABUMI,candidate_review_only,corroborated_candidate,43358,43358;43372,,yes,Kodepos.dev corroborates Open Data Jabar; candidate is not accepted as final.
POSTAL-3202172004,32.02.17.2004,CIDAHU,CIDAHU,KAB. SUKABUMI,unresolved_do_not_guess,review_required,,43358;43372;45595,,yes,No automatic selection: Kodepos.dev does not corroborate exactly one local source.
POSTAL-3202172005,32.02.17.2005,TANGKIL,CIDAHU,KAB. SUKABUMI,candidate_review_only,corroborated_candidate,43358,43358;43372,,yes,Kodepos.dev corroborates Open Data Jabar; candidate is not accepted as final.
POSTAL-3202172006,32.02.17.2006,JAYABAKTI,CIDAHU,KAB. SUKABUMI,candidate_review_only,corroborated_candidate,43358,43358;43372,,yes,Kodepos.dev corroborates Open Data Jabar; candidate is not accepted as final.
POSTAL-3202172007,32.02.17.2007,GIRIJAYA,CIDAHU,KAB. SUKABUMI,candidate_review_only,corroborated_candidate,43358,43358;43372,,yes,Kodepos.dev corroborates Open Data Jabar; candidate is not accepted as final.
POSTAL-3202172008,32.02.17.2008,PASIRDOTON,CIDAHU,KAB. SUKABUMI,candidate_review_only,corroborated_candidate,43358,43358;43372,,yes,Kodepos.dev corroborates Open Data Jabar; candidate is not accepted as final.
POSTAL-3202202001,32.02.20.2001,WALURAN,WALURAN,KAB. SUKABUMI,candidate_review_only,corroborated_candidate,43175,43175;43375,,yes,Kodepos.dev corroborates Open Data Jabar; candidate is not accepted as final.
POSTAL-3202202002,32.02.20.2002,SUKAMUKTI,WALURAN,KAB. SUKABUMI,candidate_review_only,corroborated_candidate,43175,43175;43375,,yes,Kodepos.dev corroborates Open Data Jabar; candidate is not accepted as final.
POSTAL-3202202003,32.02.20.2003,CARINGINNUNGGAL,WALURAN,KAB. SUKABUMI,candidate_review_only,corroborated_candidate,43175,43175;43375,,yes,Kodepos.dev corroborates Open Data Jabar; candidate is not accepted as final.
POSTAL-3202202004,32.02.20.2004,MEKARMUKTI,WALURAN,KAB. SUKABUMI,candidate_review_only,corroborated_candidate,43175,43175;43375,,yes,Kodepos.dev corroborates Open Data Jabar; candidate is not accepted as final.
POSTAL-3202202005,32.02.20.2005,MANGUNJAYA,WALURAN,KAB. SUKABUMI,unresolved_do_not_guess,review_required,,43175;43363;43375,,yes,No automatic selection: Kodepos.dev does not corroborate exactly one local source.
POSTAL-3202202006,32.02.20.2006,WALURAN MANDIRI,WALURAN,KAB. SUKABUMI,candidate_review_only,corroborated_candidate,43175,43175;43375,,yes,Kodepos.dev corroborates Open Data Jabar; candidate is not accepted as final.
POSTAL-3202211001,32.02.21.1001,JAMPANGKULON,JAMPANGKULON,KAB. SUKABUMI,unresolved_do_not_guess,review_required,,43170;43178;43378,,yes,No automatic selection: Kodepos.dev does not corroborate exactly one local source.
POSTAL-3202212002,32.02.21.2002,BOJONGGENTENG,JAMPANGKULON,KAB. SUKABUMI,unresolved_do_not_guess,review_required,,43170;43178;43378,,yes,No automatic selection: Kodepos.dev does not corroborate exactly one local source.
POSTAL-3202212003,32.02.21.2003,CIKARANG,JAMPANGKULON,KAB. SUKABUMI,unresolved_do_not_guess,review_required,,43170;43178;43378,,yes,No automatic selection: Kodepos.dev does not corroborate exactly one local source.
POSTAL-3202212005,32.02.21.2005,BOJONGSARI,JAMPANGKULON,KAB. SUKABUMI,unresolved_do_not_guess,review_required,,43170;43178;43378,,yes,No automatic selection: Kodepos.dev does not corroborate exactly one local source.
POSTAL-3202212007,32.02.21.2007,NAGRAKSARI,JAMPANGKULON,KAB. SUKABUMI,unresolved_do_not_guess,review_required,,43170;43178;43378,,yes,No automatic selection: Kodepos.dev does not corroborate exactly one local source.
POSTAL-3202212008,32.02.21.2008,MEKARJAYA,JAMPANGKULON,KAB. SUKABUMI,unresolved_do_not_guess,review_required,,43170;43178;43378,,yes,No automatic selection: Kodepos.dev does not corroborate exactly one local source.
POSTAL-3202212009,32.02.21.2009,TANJUNG,JAMPANGKULON,KAB. SUKABUMI,unresolved_do_not_guess,review_required,,43170;43178;43378,,yes,No automatic selection: Kodepos.dev does not corroborate exactly one local source.
POSTAL-3202212011,32.02.21.2011,CIPARAY,JAMPANGKULON,KAB. SUKABUMI,unresolved_do_not_guess,review_required,,43170;43178;43378,,yes,No automatic selection: Kodepos.dev does not corroborate exactly one local source.
POSTAL-3202212013,32.02.21.2013,PADAJAYA,JAMPANGKULON,KAB. SUKABUMI,unresolved_do_not_guess,review_required,,43170;43178;43378,,yes,No automatic selection: Kodepos.dev does not corroborate exactly one local source.
POSTAL-3202212014,32.02.21.2014,KARANGANYAR,JAMPANGKULON,KAB. SUKABUMI,unresolved_do_not_guess,review_required,,43170;43178;43378,,yes,No automatic selection: Kodepos.dev does not corroborate exactly one local source.
POSTAL-3202212016,32.02.21.2016,CIKARANGGEUSAN,JAMPANGKULON,KAB. SUKABUMI,unresolved_do_not_guess,review_required,,43170;43178;43378,,yes,No automatic selection: Kodepos.dev does not corroborate exactly one local source.
POSTAL-3202222001,32.02.22.2001,CIEMAS,CIEMAS,KAB. SUKABUMI,candidate_review_only,corroborated_candidate,43177,43177;43377,,yes,Kodepos.dev corroborates Open Data Jabar; candidate is not accepted as final.
POSTAL-3202222002,32.02.22.2002,CIBENDA,CIEMAS,KAB. SUKABUMI,candidate_review_only,corroborated_candidate,43177,43177;43377,,yes,Kodepos.dev corroborates Open Data Jabar; candidate is not accepted as final.
POSTAL-3202222003,32.02.22.2003,CIWARU,CIEMAS,KAB. SUKABUMI,candidate_review_only,corroborated_candidate,43177,43177;43377,,yes,Kodepos.dev corroborates Open Data Jabar; candidate is not accepted as final.
POSTAL-3202222004,32.02.22.2004,MEKARJAYA,CIEMAS,KAB. SUKABUMI,candidate_review_only,corroborated_candidate,43177,43177;43378,,yes,Kodepos.dev corroborates Open Data Jabar; candidate is not accepted as final.
POSTAL-3202222005,32.02.22.2005,GIRIMUKTI,CIEMAS,KAB. SUKABUMI,candidate_review_only,corroborated_candidate,43177,43177;43377,,yes,Kodepos.dev corroborates Open Data Jabar; candidate is not accepted as final.
POSTAL-3202222006,32.02.22.2006,TAMANJAYA,CIEMAS,KAB. SUKABUMI,candidate_review_only,corroborated_candidate,43177,43177;43377,,yes,Kodepos.dev corroborates Open Data Jabar; candidate is not accepted as final.
POSTAL-3202222007,32.02.22.2007,MANDRAJAYA,CIEMAS,KAB. SUKABUMI,candidate_review_only,corroborated_candidate,43177,43177;43377,,yes,Kodepos.dev corroborates Open Data Jabar; candidate is not accepted as final.
POSTAL-3202222008,32.02.22.2008,SIDAMULYA,CIEMAS,KAB. SUKABUMI,unresolved_do_not_guess,review_required,,43177;43347;43377,,yes,No automatic selection: Kodepos.dev does not corroborate exactly one local source.
POSTAL-3202222009,32.02.22.2009,MEKARSAKTI,CIEMAS,KAB. SUKABUMI,candidate_review_only,corroborated_candidate,43177,43177;43377,,yes,Kodepos.dev corroborates Open Data Jabar; candidate is not accepted as final.
POSTAL-3202232001,32.02.23.2001,KALIBUNDER,KALIBUNDER,KAB. SUKABUMI,candidate_review_only,corroborated_candidate,43185,43185;43341,,yes,Kodepos.dev corroborates Open Data Jabar; candidate is not accepted as final.
POSTAL-3202232002,32.02.23.2002,BOJONG,KALIBUNDER,KAB. SUKABUMI,candidate_review_only,corroborated_candidate,43185,43185;43347,,yes,Kodepos.dev corroborates Open Data Jabar; candidate is not accepted as final.
POSTAL-3202232003,32.02.23.2003,CIMAHPAR,KALIBUNDER,KAB. SUKABUMI,candidate_review_only,corroborated_candidate,43185,43185;43341,,yes,Kodepos.dev corroborates Open Data Jabar; candidate is not accepted as final.
POSTAL-3202232004,32.02.23.2004,SEKARSARI,KALIBUNDER,KAB. SUKABUMI,candidate_review_only,corroborated_candidate,43185,43185;43341,,yes,Kodepos.dev corroborates Open Data Jabar; candidate is not accepted as final.
POSTAL-3202232005,32.02.23.2005,SUKALUYU,KALIBUNDER,KAB. SUKABUMI,candidate_review_only,corroborated_candidate,43185,43185,,yes,Kodepos.dev corroborates Open Data Jabar; candidate is not accepted as final.
POSTAL-3202232006,32.02.23.2006,BALEKAMBANG,KALIBUNDER,KAB. SUKABUMI,candidate_review_only,corroborated_candidate,43185,43185;43356,,yes,Kodepos.dev corroborates Open Data Jabar; candidate is not accepted as final.
POSTAL-3202232007,32.02.23.2007,MEKARWANGI,KALIBUNDER,KAB. SUKABUMI,unresolved_do_not_guess,review_required,,43185;43261;43385,,yes,No automatic selection: Kodepos.dev does not corroborate exactly one local source.
POSTAL-3202241013,32.02.24.1013,SURADE,SURADE,KAB. SUKABUMI,unresolved_do_not_guess,review_required,,43179;43379,,yes,No automatic selection: Kodepos.dev does not corroborate exactly one local source.
POSTAL-3202242001,32.02.24.2001,JAGAMUKTI,SURADE,KAB. SUKABUMI,candidate_review_only,corroborated_candidate,43179,43179;43379,,yes,Kodepos.dev corroborates Open Data Jabar; candidate is not accepted as final.
POSTAL-3202242002,32.02.24.2002,CITANGLAR,SURADE,KAB. SUKABUMI,candidate_review_only,corroborated_candidate,43179,43179;43379,,yes,Kodepos.dev corroborates Open Data Jabar; candidate is not accepted as final.
POSTAL-3202242003,32.02.24.2003,WANASARI,SURADE,KAB. SUKABUMI,candidate_review_only,corroborated_candidate,43179,43179;43379,,yes,Kodepos.dev corroborates Open Data Jabar; candidate is not accepted as final.
POSTAL-3202242005,32.02.24.2005,SIRNASARI,SURADE,KAB. SUKABUMI,candidate_review_only,corroborated_candidate,43179,43179;43373,,yes,Kodepos.dev corroborates Open Data Jabar; candidate is not accepted as final.
POSTAL-3202242006,32.02.24.2006,KADALEMAN,SURADE,KAB. SUKABUMI,candidate_review_only,corroborated_candidate,43179,43179;43379,,yes,Kodepos.dev corroborates Open Data Jabar; candidate is not accepted as final.
POSTAL-3202242007,32.02.24.2007,GUNUNGSUNGGING,SURADE,KAB. SUKABUMI,candidate_review_only,corroborated_candidate,43179,43179;43379,,yes,Kodepos.dev corroborates Open Data Jabar; candidate is not accepted as final.
POSTAL-3202242008,32.02.24.2008,CIPEUNDEUY,SURADE,KAB. SUKABUMI,candidate_review_only,corroborated_candidate,43179,43179;43379,,yes,Kodepos.dev corroborates Open Data Jabar; candidate is not accepted as final.
POSTAL-3202242009,32.02.24.2009,PASIRIPIS,SURADE,KAB. SUKABUMI,candidate_review_only,corroborated_candidate,43179,43179;43379,,yes,Kodepos.dev corroborates Open Data Jabar; candidate is not accepted as final.
POSTAL-3202242010,32.02.24.2010,BUNIWANGI,SURADE,KAB. SUKABUMI,candidate_review_only,corroborated_candidate,43179,43179;43379,,yes,Kodepos.dev corroborates Open Data Jabar; candidate is not accepted as final.
POSTAL-3202242011,32.02.24.2011,SUKATANI,SURADE,KAB. SUKABUMI,candidate_review_only,corroborated_candidate,43179,43179;43379,,yes,Kodepos.dev corroborates Open Data Jabar; candidate is not accepted as final.
POSTAL-3202242012,32.02.24.2012,KADEMANGAN,SURADE,KAB. SUKABUMI,candidate_review_only,corroborated_candidate,43179,43179;43379,,yes,Kodepos.dev corroborates Open Data Jabar; candidate is not accepted as final.
POSTAL-3202252001,32.02.25.2001,TALAGAMURNI,CIBITUNG,KAB. SUKABUMI,candidate_review_only,corroborated_candidate,43172,43172;43372,,yes,Kodepos.dev corroborates Open Data Jabar; candidate is not accepted as final.
POSTAL-3202252002,32.02.25.2002,BANYUMURNI,CIBITUNG,KAB. SUKABUMI,candidate_review_only,corroborated_candidate,43172,43172;43372,,yes,Kodepos.dev corroborates Open Data Jabar; candidate is not accepted as final.
POSTAL-3202252003,32.02.25.2003,CIBITUNG,CIBITUNG,KAB. SUKABUMI,candidate_review_only,corroborated_candidate,43172,43172;43372,,yes,Kodepos.dev corroborates Open Data Jabar; candidate is not accepted as final.
POSTAL-3202252004,32.02.25.2004,CIDAHU,CIBITUNG,KAB. SUKABUMI,candidate_review_only,corroborated_candidate,43172,43172;43372,,yes,Kodepos.dev corroborates Open Data Jabar; candidate is not accepted as final.
POSTAL-3202252005,32.02.25.2005,CIBODAS,CIBITUNG,KAB. SUKABUMI,candidate_review_only,corroborated_candidate,43172,43172;43372,,yes,Kodepos.dev corroborates Open Data Jabar; candidate is not accepted as final.
POSTAL-3202252006,32.02.25.2006,BANYUWANGI,CIBITUNG,KAB. SUKABUMI,candidate_review_only,corroborated_candidate,43172,43172;43372,,yes,Kodepos.dev corroborates Open Data Jabar; candidate is not accepted as final.
POSTAL-3202262001,32.02.26.2001,CIRACAP,CIRACAP,KAB. SUKABUMI,candidate_review_only,corroborated_candidate,43176,43176;43376,,yes,Kodepos.dev corroborates Open Data Jabar; candidate is not accepted as final.
POSTAL-3202262002,32.02.26.2002,CIKANGKUNG,CIRACAP,KAB. SUKABUMI,candidate_review_only,corroborated_candidate,43176,43176;43376,,yes,Kodepos.dev corroborates Open Data Jabar; candidate is not accepted as final.
POSTAL-3202262003,32.02.26.2003,GUNUNGBATU,CIRACAP,KAB. SUKABUMI,candidate_review_only,corroborated_candidate,43176,43176;43376,,yes,Kodepos.dev corroborates Open Data Jabar; candidate is not accepted as final.
POSTAL-3202262004,32.02.26.2004,PURWASEDAR,CIRACAP,KAB. SUKABUMI,candidate_review_only,corroborated_candidate,43176,43176;43376,,yes,Kodepos.dev corroborates Open Data Jabar; candidate is not accepted as final.
POSTAL-3202262005,32.02.26.2005,PASIRPANJANG,CIRACAP,KAB. SUKABUMI,candidate_review_only,corroborated_candidate,43176,43176;43376,,yes,Kodepos.dev corroborates Open Data Jabar; candidate is not accepted as final.
POSTAL-3202262006,32.02.26.2006,MEKARSARI,CIRACAP,KAB. SUKABUMI,candidate_review_only,corroborated_candidate,43176,43176;43396,,yes,Kodepos.dev corroborates Open Data Jabar; candidate is not accepted as final.
POSTAL-3202262007,32.02.26.2007,UJUNG GENTENG,CIRACAP,KAB. SUKABUMI,unresolved_do_not_guess,review_required,,43176;43376,,yes,No automatic selection: Kodepos.dev does not corroborate exactly one local source.
POSTAL-3202262008,32.02.26.2008,PANGUMBAHAN,CIRACAP,KAB. SUKABUMI,unresolved_do_not_guess,review_required,,43176;43376,,yes,No automatic selection: Kodepos.dev does not corroborate exactly one local source.
POSTAL-3202272001,32.02.27.2001,CIKUJANG,GUNUNGGURUH,KAB. SUKABUMI,unresolved_do_not_guess,review_required,,43156;43346,,yes,No automatic selection: Kodepos.dev does not corroborate exactly one local source.
POSTAL-3202272002,32.02.27.2002,GUNUNGGURUH,GUNUNGGURUH,KAB. SUKABUMI,unresolved_do_not_guess,review_required,,43156;43346,,yes,No automatic selection: Kodepos.dev does not corroborate exactly one local source.
POSTAL-3202272003,32.02.27.2003,CIBENTANG,GUNUNGGURUH,KAB. SUKABUMI,unresolved_do_not_guess,review_required,,43156;43346,,yes,No automatic selection: Kodepos.dev does not corroborate exactly one local source.
POSTAL-3202272004,32.02.27.2004,SIRNARESMI,GUNUNGGURUH,KAB. SUKABUMI,unresolved_do_not_guess,review_required,,43156;43346,,yes,No automatic selection: Kodepos.dev does not corroborate exactly one local source.
POSTAL-3202272005,32.02.27.2005,KEBONMANGGU,GUNUNGGURUH,KAB. SUKABUMI,unresolved_do_not_guess,review_required,,43156;43346,,yes,No automatic selection: Kodepos.dev does not corroborate exactly one local source.
POSTAL-3202272006,32.02.27.2006,CIBOLANG,GUNUNGGURUH,KAB. SUKABUMI,unresolved_do_not_guess,review_required,,43156;43346,,yes,No automatic selection: Kodepos.dev does not corroborate exactly one local source.
POSTAL-3202272007,32.02.27.2007,MANGKALAYA,GUNUNGGURUH,KAB. SUKABUMI,unresolved_do_not_guess,review_required,,43156;43346,,yes,No automatic selection: Kodepos.dev does not corroborate exactly one local source.
POSTAL-3202282001,32.02.28.2001,CICANTAYAN,CICANTAYAN,KAB. SUKABUMI,candidate_review_only,corroborated_candidate,43155,43155;43345,,yes,Kodepos.dev corroborates Open Data Jabar; candidate is not accepted as final.
POSTAL-3202282002,32.02.28.2002,LEMBURSAWAH,CICANTAYAN,KAB. SUKABUMI,candidate_review_only,corroborated_candidate,43155,43155;43345,,yes,Kodepos.dev corroborates Open Data Jabar; candidate is not accepted as final.
POSTAL-3202282003,32.02.28.2003,CIJALINGAN,CICANTAYAN,KAB. SUKABUMI,candidate_review_only,corroborated_candidate,43155,43155;43345,,yes,Kodepos.dev corroborates Open Data Jabar; candidate is not accepted as final.
POSTAL-3202282004,32.02.28.2004,CISANDE,CICANTAYAN,KAB. SUKABUMI,candidate_review_only,corroborated_candidate,43155,43155;43345,,yes,Kodepos.dev corroborates Open Data Jabar; candidate is not accepted as final.
POSTAL-3202282005,32.02.28.2005,CIMAHI,CICANTAYAN,KAB. SUKABUMI,candidate_review_only,corroborated_candidate,43155,43155;43345,,yes,Kodepos.dev corroborates Open Data Jabar; candidate is not accepted as final.
POSTAL-3202282006,32.02.28.2006,HEGARMANAH,CICANTAYAN,KAB. SUKABUMI,candidate_review_only,corroborated_candidate,43155,43155;43381,,yes,Kodepos.dev corroborates Open Data Jabar; candidate is not accepted as final.
POSTAL-3202282007,32.02.28.2007,SIKADAMAI,CICANTAYAN,KAB. SUKABUMI,candidate_review_only,corroborated_candidate,43155,43155;43345,,yes,Kodepos.dev corroborates Open Data Jabar; candidate is not accepted as final.
POSTAL-3202282008,32.02.28.2008,CIMANGGIS,CICANTAYAN,KAB. SUKABUMI,candidate_review_only,corroborated_candidate,43155,43155;43345,,yes,Kodepos.dev corroborates Open Data Jabar; candidate is not accepted as final.
POSTAL-3202292001,32.02.29.2001,GUNUNGJAYA,CISAAT,KAB. SUKABUMI,candidate_review_only,corroborated_candidate,43152,43152;43342,,yes,Kodepos.dev corroborates Open Data Jabar; candidate is not accepted as final.
POSTAL-3202292002,32.02.29.2002,SUKASARI,CISAAT,KAB. SUKABUMI,candidate_review_only,corroborated_candidate,43134,43134;43342,,yes,Kodepos.dev corroborates Open Data Jabar; candidate is not accepted as final.
POSTAL-3202292003,32.02.29.2003,SUKAMANAH,CISAAT,KAB. SUKABUMI,candidate_review_only,corroborated_candidate,43152,43152;43342,,yes,Kodepos.dev corroborates Open Data Jabar; candidate is not accepted as final.
POSTAL-3202292004,32.02.29.2004,CISAAT,CISAAT,KAB. SUKABUMI,candidate_review_only,corroborated_candidate,43152,43152;43342,,yes,Kodepos.dev corroborates Open Data Jabar; candidate is not accepted as final.
POSTAL-3202292005,32.02.29.2005,NAGRAK,CISAAT,KAB. SUKABUMI,candidate_review_only,corroborated_candidate,43132,43132;43342,,yes,Kodepos.dev corroborates Open Data Jabar; candidate is not accepted as final.
POSTAL-3202292006,32.02.29.2006,BABAKAN,CISAAT,KAB. SUKABUMI,candidate_review_only,corroborated_candidate,43152,43152;43342,,yes,Kodepos.dev corroborates Open Data Jabar; candidate is not accepted as final.
POSTAL-3202292007,32.02.29.2007,SUKAMANTRI,CISAAT,KAB. SUKABUMI,candidate_review_only,corroborated_candidate,43152,43152;43342,,yes,Kodepos.dev corroborates Open Data Jabar; candidate is not accepted as final.
POSTAL-3202292008,32.02.29.2008,CIBATU,CISAAT,KAB. SUKABUMI,candidate_review_only,corroborated_candidate,43152,43152;43342,,yes,Kodepos.dev corroborates Open Data Jabar; candidate is not accepted as final.
POSTAL-3202292009,32.02.29.2009,SELAJAMBE,CISAAT,KAB. SUKABUMI,candidate_review_only,corroborated_candidate,43152,43152;43342,,yes,Kodepos.dev corroborates Open Data Jabar; candidate is not accepted as final.
POSTAL-3202292010,32.02.29.2010,PADAASIH,CISAAT,KAB. SUKABUMI,candidate_review_only,corroborated_candidate,43152,43152;43342,,yes,Kodepos.dev corroborates Open Data Jabar; candidate is not accepted as final.
POSTAL-3202292011,32.02.29.2011,CIBOLANG KALER,CISAAT,KAB. SUKABUMI,candidate_review_only,corroborated_candidate,43152,43152;43342,,yes,Kodepos.dev corroborates Open Data Jabar; candidate is not accepted as final.
POSTAL-3202292012,32.02.29.2012,KUTASIRNA,CISAAT,KAB. SUKABUMI,candidate_review_only,corroborated_candidate,43152,43152;43342,,yes,Kodepos.dev corroborates Open Data Jabar; candidate is not accepted as final.
POSTAL-3202292013,32.02.29.2013,SUKARESMI,CISAAT,KAB. SUKABUMI,candidate_review_only,corroborated_candidate,43152,43152;43342,,yes,Kodepos.dev corroborates Open Data Jabar; candidate is not accepted as final.
POSTAL-3202302001,32.02.30.2001,KADUDAMPIT,KADUDAMPIT,KAB. SUKABUMI,candidate_review_only,corroborated_candidate,43153,43153;43343,,yes,Kodepos.dev corroborates Open Data Jabar; candidate is not accepted as final.
POSTAL-3202302002,32.02.30.2002,CITAMIANG,KADUDAMPIT,KAB. SUKABUMI,candidate_review_only,corroborated_candidate,43153,43153;43343,,yes,Kodepos.dev corroborates Open Data Jabar; candidate is not accepted as final.
POSTAL-3202302003,32.02.30.2003,MUARADUA,KADUDAMPIT,KAB. SUKABUMI,candidate_review_only,corroborated_candidate,43153,43153;43343,,yes,Kodepos.dev corroborates Open Data Jabar; candidate is not accepted as final.
POSTAL-3202302004,32.02.30.2004,GEDEPANGRANGO,KADUDAMPIT,KAB. SUKABUMI,candidate_review_only,corroborated_candidate,43153,43153;43343,,yes,Kodepos.dev corroborates Open Data Jabar; candidate is not accepted as final.
POSTAL-3202302005,32.02.30.2005,SUKAMANIS,KADUDAMPIT,KAB. SUKABUMI,candidate_review_only,corroborated_candidate,43153,43153;43343,,yes,Kodepos.dev corroborates Open Data Jabar; candidate is not accepted as final.
POSTAL-3202302006,32.02.30.2006,UNDRUSBINANGUN,KADUDAMPIT,KAB. SUKABUMI,candidate_review_only,corroborated_candidate,43153,43153;43343,,yes,Kodepos.dev corroborates Open Data Jabar; candidate is not accepted as final.
POSTAL-3202302007,32.02.30.2007,CIPETIR,KADUDAMPIT,KAB. SUKABUMI,candidate_review_only,corroborated_candidate,43153,43153;43343,,yes,Kodepos.dev corroborates Open Data Jabar; candidate is not accepted as final.
POSTAL-3202302008,32.02.30.2008,SUKAMAJU,KADUDAMPIT,KAB. SUKABUMI,candidate_review_only,corroborated_candidate,43153,43153;43343,,yes,Kodepos.dev corroborates Open Data Jabar; candidate is not accepted as final.
POSTAL-3202302009,32.02.30.2009,CIKAHURIPAN,KADUDAMPIT,KAB. SUKABUMI,candidate_review_only,corroborated_candidate,43153,43153;43366,,yes,Kodepos.dev corroborates Open Data Jabar; candidate is not accepted as final.
POSTAL-3202312001,32.02.31.2001,CARINGIN WETAN,CARINGIN,KAB. SUKABUMI,candidate_review_only,corroborated_candidate,43154,43154;43397,,yes,Kodepos.dev corroborates Open Data Jabar; candidate is not accepted as final.
POSTAL-3202312002,32.02.31.2002,SUKAMULYA,CARINGIN,KAB. SUKABUMI,candidate_review_only,corroborated_candidate,43154,43154;43347,,yes,Kodepos.dev corroborates Open Data Jabar; candidate is not accepted as final.
POSTAL-3202312003,32.02.31.2003,CARINGIN KULON,CARINGIN,KAB. SUKABUMI,candidate_review_only,corroborated_candidate,43154,43154;43397,,yes,Kodepos.dev corroborates Open Data Jabar; candidate is not accepted as final.
POSTAL-3202312004,32.02.31.2004,SEUSEUPAN,CARINGIN,KAB. SUKABUMI,candidate_review_only,corroborated_candidate,43154,43154;43397,,yes,Kodepos.dev corroborates Open Data Jabar; candidate is not accepted as final.
POSTAL-3202312005,32.02.31.2005,CIJENGKOL,CARINGIN,KAB. SUKABUMI,candidate_review_only,corroborated_candidate,43154,43154;43397,,yes,Kodepos.dev corroborates Open Data Jabar; candidate is not accepted as final.
POSTAL-3202312006,32.02.31.2006,MEKARJAYA,CARINGIN,KAB. SUKABUMI,candidate_review_only,corroborated_candidate,43154,43154;43378,,yes,Kodepos.dev corroborates Open Data Jabar; candidate is not accepted as final.
POSTAL-3202312007,32.02.31.2007,TALAGA,CARINGIN,KAB. SUKABUMI,candidate_review_only,corroborated_candidate,43154,43154;43344,,yes,Kodepos.dev corroborates Open Data Jabar; candidate is not accepted as final.
POSTAL-3202312008,32.02.31.2008,CIKEMBANG,CARINGIN,KAB. SUKABUMI,candidate_review_only,corroborated_candidate,43154,43154;43397,,yes,Kodepos.dev corroborates Open Data Jabar; candidate is not accepted as final.
POSTAL-3202312009,32.02.31.2009,PASIR DATAR INDAH,CARINGIN,KAB. SUKABUMI,unresolved_do_not_guess,review_required,,43154;43344;43397,,yes,No automatic selection: Kodepos.dev does not corroborate exactly one local source.
POSTAL-3202322001,32.02.32.2001,PARUNGSEAH,SUKABUMI,KAB. SUKABUMI,candidate_review_only,corroborated_candidate,43151,43151;43341,,yes,Kodepos.dev corroborates Open Data Jabar; candidate is not accepted as final.
POSTAL-3202322002,32.02.32.2002,SUNDAJAYAGIRANG,SUKABUMI,KAB. SUKABUMI,candidate_review_only,corroborated_candidate,43151,43151;43341,,yes,Kodepos.dev corroborates Open Data Jabar; candidate is not accepted as final.
POSTAL-3202322003,32.02.32.2003,KARAWANG,SUKABUMI,KAB. SUKABUMI,candidate_review_only,corroborated_candidate,43151,43151;43341,,yes,Kodepos.dev corroborates Open Data Jabar; candidate is not accepted as final.
POSTAL-3202322004,32.02.32.2004,WARNASARI,SUKABUMI,KAB. SUKABUMI,candidate_review_only,corroborated_candidate,43151,43151;43341,,yes,Kodepos.dev corroborates Open Data Jabar; candidate is not accepted as final.
POSTAL-3202322005,32.02.32.2005,SUKAJAYA,SUKABUMI,KAB. SUKABUMI,candidate_review_only,corroborated_candidate,43151,43151;43341,,yes,Kodepos.dev corroborates Open Data Jabar; candidate is not accepted as final.
POSTAL-3202322006,32.02.32.2006,PERBAWATI,SUKABUMI,KAB. SUKABUMI,unresolved_do_not_guess,review_required,,43151;43341,,yes,No automatic selection: Kodepos.dev does not corroborate exactly one local source.
POSTAL-3202332001,32.02.33.2001,PASIRHALANG,SUKARAJA,KAB. SUKABUMI,candidate_review_only,corroborated_candidate,43192,43192;43392,,yes,Kodepos.dev corroborates Open Data Jabar; candidate is not accepted as final.
POSTAL-3202332004,32.02.33.2004,SUKARAJA,SUKARAJA,KAB. SUKABUMI,unresolved_do_not_guess,review_required,,38877;43192;43392,,yes,No automatic selection: Kodepos.dev does not corroborate exactly one local source.
POSTAL-3202332005,32.02.33.2005,LIMBANGAN,SUKARAJA,KAB. SUKABUMI,candidate_review_only,corroborated_candidate,43192,43192;43392,,yes,Kodepos.dev corroborates Open Data Jabar; candidate is not accepted as final.
POSTAL-3202332006,32.02.33.2006,CISARUA,SUKARAJA,KAB. SUKABUMI,candidate_review_only,corroborated_candidate,43192,43192;43392,,yes,Kodepos.dev corroborates Open Data Jabar; candidate is not accepted as final.
POSTAL-3202332007,32.02.33.2007,SUKAMEKAR,SUKARAJA,KAB. SUKABUMI,candidate_review_only,corroborated_candidate,43192,43192;43392,,yes,Kodepos.dev corroborates Open Data Jabar; candidate is not accepted as final.
POSTAL-3202332008,32.02.33.2008,SELAWANGI,SUKARAJA,KAB. SUKABUMI,candidate_review_only,corroborated_candidate,43192,43192;43392,,yes,Kodepos.dev corroborates Open Data Jabar; candidate is not accepted as final.
POSTAL-3202332009,32.02.33.2009,MARGALUYU,SUKARAJA,KAB. SUKABUMI,candidate_review_only,corroborated_candidate,43192,43192;43392,,yes,Kodepos.dev corroborates Open Data Jabar; candidate is not accepted as final.
POSTAL-3202342001,32.02.34.2001,KEBONPEDES,KEBONPEDES,KAB. SUKABUMI,candidate_review_only,corroborated_candidate,43194,43194;43394,,yes,Kodepos.dev corroborates Open Data Jabar; candidate is not accepted as final.
POSTAL-3202342002,32.02.34.2002,CIKARET,KEBONPEDES,KAB. SUKABUMI,candidate_review_only,corroborated_candidate,43194,43194;43394,,yes,Kodepos.dev corroborates Open Data Jabar; candidate is not accepted as final.
POSTAL-3202342003,32.02.34.2003,BOJONGSAWAH,KEBONPEDES,KAB. SUKABUMI,candidate_review_only,corroborated_candidate,43194,43194;43394,,yes,Kodepos.dev corroborates Open Data Jabar; candidate is not accepted as final.
POSTAL-3202342004,32.02.34.2004,SASAGARAN,KEBONPEDES,KAB. SUKABUMI,candidate_review_only,corroborated_candidate,43194,43194;43394,,yes,Kodepos.dev corroborates Open Data Jabar; candidate is not accepted as final.
POSTAL-3202342005,32.02.34.2005,JAMBENENGGANG,KEBONPEDES,KAB. SUKABUMI,candidate_review_only,corroborated_candidate,43194,43194;43394,,yes,Kodepos.dev corroborates Open Data Jabar; candidate is not accepted as final.
POSTAL-3202352001,32.02.35.2001,CIREUNGHAS,CIREUNGHAS,KAB. SUKABUMI,candidate_review_only,corroborated_candidate,43193,43193;43393,,yes,Kodepos.dev corroborates Open Data Jabar; candidate is not accepted as final.
POSTAL-3202352002,32.02.35.2002,CIPURUT,CIREUNGHAS,KAB. SUKABUMI,candidate_review_only,corroborated_candidate,43193,43193;43393,,yes,Kodepos.dev corroborates Open Data Jabar; candidate is not accepted as final.
POSTAL-3202352003,32.02.35.2003,BENCOY,CIREUNGHAS,KAB. SUKABUMI,candidate_review_only,corroborated_candidate,43193,43193;43393,,yes,Kodepos.dev corroborates Open Data Jabar; candidate is not accepted as final.
POSTAL-3202352004,32.02.35.2004,CIKURUTUG,CIREUNGHAS,KAB. SUKABUMI,candidate_review_only,corroborated_candidate,43193,43193;43393,,yes,Kodepos.dev corroborates Open Data Jabar; candidate is not accepted as final.
POSTAL-3202352005,32.02.35.2005,TEGALPANJANG,CIREUNGHAS,KAB. SUKABUMI,candidate_review_only,corroborated_candidate,43193,43193;43393,,yes,Kodepos.dev corroborates Open Data Jabar; candidate is not accepted as final.
POSTAL-3202362001,32.02.36.2001,SUKALARANG,SUKALARANG,KAB. SUKABUMI,candidate_review_only,corroborated_candidate,43191,43191;43391,,yes,Kodepos.dev corroborates Open Data Jabar; candidate is not accepted as final.
POSTAL-3202362002,32.02.36.2002,SUKAMAJU,SUKALARANG,KAB. SUKABUMI,candidate_review_only,corroborated_candidate,43191,43191;43391,,yes,Kodepos.dev corroborates Open Data Jabar; candidate is not accepted as final.
POSTAL-3202362003,32.02.36.2003,CIMANGKOK,SUKALARANG,KAB. SUKABUMI,candidate_review_only,corroborated_candidate,43191,43191;43391,,yes,Kodepos.dev corroborates Open Data Jabar; candidate is not accepted as final.
POSTAL-3202362004,32.02.36.2004,TITISAN,SUKALARANG,KAB. SUKABUMI,candidate_review_only,corroborated_candidate,43191,43191;43391,,yes,Kodepos.dev corroborates Open Data Jabar; candidate is not accepted as final.
POSTAL-3202362005,32.02.36.2005,SEMPLAK,SUKALARANG,KAB. SUKABUMI,candidate_review_only,corroborated_candidate,43191,43191;43391,,yes,Kodepos.dev corroborates Open Data Jabar; candidate is not accepted as final.
POSTAL-3202362006,32.02.36.2006,PRIANGANJAYA,SUKALARANG,KAB. SUKABUMI,candidate_review_only,corroborated_candidate,43191,43191;43391,,yes,Kodepos.dev corroborates Open Data Jabar; candidate is not accepted as final.
POSTAL-3202372001,32.02.37.2001,PABUARAN,PABUARAN,KAB. SUKABUMI,unresolved_do_not_guess,review_required,,42163;43173;43373,,yes,No automatic selection: Kodepos.dev does not corroborate exactly one local source.
POSTAL-3202372002,32.02.37.2002,CIWALAT,PABUARAN,KAB. SUKABUMI,candidate_review_only,corroborated_candidate,43173,43173;43373,,yes,Kodepos.dev corroborates Open Data Jabar; candidate is not accepted as final.
POSTAL-3202372003,32.02.37.2003,SIRNASARI,PABUARAN,KAB. SUKABUMI,candidate_review_only,corroborated_candidate,43173,43173;43373,,yes,Kodepos.dev corroborates Open Data Jabar; candidate is not accepted as final.
POSTAL-3202372004,32.02.37.2004,BANTARSARI,PABUARAN,KAB. SUKABUMI,candidate_review_only,corroborated_candidate,43173,43173;43373,,yes,Kodepos.dev corroborates Open Data Jabar; candidate is not accepted as final.
POSTAL-3202372005,32.02.37.2005,SUKAJAYA,PABUARAN,KAB. SUKABUMI,candidate_review_only,corroborated_candidate,43173,43173;43341,,yes,Kodepos.dev corroborates Open Data Jabar; candidate is not accepted as final.
POSTAL-3202372006,32.02.37.2006,CIBADAK,PABUARAN,KAB. SUKABUMI,candidate_review_only,corroborated_candidate,43173,43173;43373,,yes,Kodepos.dev corroborates Open Data Jabar; candidate is not accepted as final.
POSTAL-3202372007,32.02.37.2007,LEMBUR SAWAH,PABUARAN,KAB. SUKABUMI,unresolved_do_not_guess,review_required,,43173;43345;43373,,yes,No automatic selection: Kodepos.dev does not corroborate exactly one local source.
POSTAL-3202382001,32.02.38.2001,PURABAYA,PURABAYA,KAB. SUKABUMI,candidate_review_only,corroborated_candidate,43187,43187;43387,,yes,Kodepos.dev corroborates Open Data Jabar; candidate is not accepted as final.
POSTAL-3202382002,32.02.38.2002,NEGLASARI,PURABAYA,KAB. SUKABUMI,candidate_review_only,corroborated_candidate,43187,43187;43387,,yes,Kodepos.dev corroborates Open Data Jabar; candidate is not accepted as final.
POSTAL-3202382003,32.02.38.2003,PAGELARAN,PURABAYA,KAB. SUKABUMI,candidate_review_only,corroborated_candidate,43187,43187;43387,,yes,Kodepos.dev corroborates Open Data Jabar; candidate is not accepted as final.
POSTAL-3202382004,32.02.38.2004,CIMERANG,PURABAYA,KAB. SUKABUMI,candidate_review_only,corroborated_candidate,43187,43187;43387,,yes,Kodepos.dev corroborates Open Data Jabar; candidate is not accepted as final.
POSTAL-3202382005,32.02.38.2005,CITAMIANG,PURABAYA,KAB. SUKABUMI,candidate_review_only,corroborated_candidate,43187,43144;43187,,yes,Kodepos.dev corroborates Open Data Jabar; candidate is not accepted as final.
POSTAL-3202382006,32.02.38.2006,MARGALUYU,PURABAYA,KAB. SUKABUMI,candidate_review_only,corroborated_candidate,43187,43187;43392,,yes,Kodepos.dev corroborates Open Data Jabar; candidate is not accepted as final.
POSTAL-3202382007,32.02.38.2007,CICUKANG,PURABAYA,KAB. SUKABUMI,candidate_review_only,corroborated_candidate,43187,43187;43371,,yes,Kodepos.dev corroborates Open Data Jabar; candidate is not accepted as final.
POSTAL-3202392001,32.02.39.2001,NYALINDUNG,NYALINDUNG,KAB. SUKABUMI,candidate_review_only,corroborated_candidate,43196,43196;43396,,yes,Kodepos.dev corroborates Open Data Jabar; candidate is not accepted as final.
POSTAL-3202392002,32.02.39.2002,NEGLASARI,NYALINDUNG,KAB. SUKABUMI,candidate_review_only,corroborated_candidate,43196,43196;43396,,yes,Kodepos.dev corroborates Open Data Jabar; candidate is not accepted as final.
POSTAL-3202392003,32.02.39.2003,SUKAMAJU,NYALINDUNG,KAB. SUKABUMI,candidate_review_only,corroborated_candidate,43196,43196;43396,,yes,Kodepos.dev corroborates Open Data Jabar; candidate is not accepted as final.
POSTAL-3202392004,32.02.39.2004,BOJONGKALONG,NYALINDUNG,KAB. SUKABUMI,candidate_review_only,corroborated_candidate,43196,43196;43396,,yes,Kodepos.dev corroborates Open Data Jabar; candidate is not accepted as final.
POSTAL-3202392005,32.02.39.2005,CIJANGKAR,NYALINDUNG,KAB. SUKABUMI,candidate_review_only,corroborated_candidate,43196,43196;43396,,yes,Kodepos.dev corroborates Open Data Jabar; candidate is not accepted as final.
POSTAL-3202392006,32.02.39.2006,MEKARSARI,NYALINDUNG,KAB. SUKABUMI,candidate_review_only,corroborated_candidate,43196,43196;43396,,yes,Kodepos.dev corroborates Open Data Jabar; candidate is not accepted as final.
POSTAL-3202392007,32.02.39.2007,WANGUNREJA,NYALINDUNG,KAB. SUKABUMI,candidate_review_only,corroborated_candidate,43196,43196;43396,,yes,Kodepos.dev corroborates Open Data Jabar; candidate is not accepted as final.
POSTAL-3202392008,32.02.39.2008,CISITU,NYALINDUNG,KAB. SUKABUMI,candidate_review_only,corroborated_candidate,43196,43196;43396,,yes,Kodepos.dev corroborates Open Data Jabar; candidate is not accepted as final.
POSTAL-3202392009,32.02.39.2009,BOJONGSARI,NYALINDUNG,KAB. SUKABUMI,candidate_review_only,corroborated_candidate,43196,43196;43378,,yes,Kodepos.dev corroborates Open Data Jabar; candidate is not accepted as final.
POSTAL-3202392010,32.02.39.2010,KERTAANGSANA,NYALINDUNG,KAB. SUKABUMI,candidate_review_only,corroborated_candidate,43196,43196;43396,,yes,Kodepos.dev corroborates Open Data Jabar; candidate is not accepted as final.
POSTAL-3202402001,32.02.40.2001,GEGERBITUNG,GEGERBITUNG,KAB. SUKABUMI,candidate_review_only,corroborated_candidate,43197,43197;43397,,yes,Kodepos.dev corroborates Open Data Jabar; candidate is not accepted as final.
POSTAL-3202402002,32.02.40.2002,CIJUREY,GEGERBITUNG,KAB. SUKABUMI,candidate_review_only,corroborated_candidate,43197,43197;43397,,yes,Kodepos.dev corroborates Open Data Jabar; candidate is not accepted as final.
POSTAL-3202402003,32.02.40.2003,CIENGANG,GEGERBITUNG,KAB. SUKABUMI,candidate_review_only,corroborated_candidate,43197,43197;43397,,yes,Kodepos.dev corroborates Open Data Jabar; candidate is not accepted as final.
POSTAL-3202402004,32.02.40.2004,KARANGJAYA,GEGERBITUNG,KAB. SUKABUMI,candidate_review_only,corroborated_candidate,43197,43197;43397,,yes,Kodepos.dev corroborates Open Data Jabar; candidate is not accepted as final.
POSTAL-3202402005,32.02.40.2005,CARINGIN,GEGERBITUNG,KAB. SUKABUMI,candidate_review_only,corroborated_candidate,43154,43154;43397,,yes,Kodepos.dev corroborates Open Data Jabar; candidate is not accepted as final.
POSTAL-3202402006,32.02.40.2006,SUKAMANAH,GEGERBITUNG,KAB. SUKABUMI,candidate_review_only,corroborated_candidate,43197,43197;43397,,yes,Kodepos.dev corroborates Open Data Jabar; candidate is not accepted as final.
POSTAL-3202402007,32.02.40.2007,BUNIWANGI,GEGERBITUNG,KAB. SUKABUMI,candidate_review_only,corroborated_candidate,43197,43197;43397,,yes,Kodepos.dev corroborates Open Data Jabar; candidate is not accepted as final.
POSTAL-3202412001,32.02.41.2001,SAGARANTEN,SAGARANTEN,KAB. SUKABUMI,candidate_review_only,corroborated_candidate,43181,43181;43381,,yes,Kodepos.dev corroborates Open Data Jabar; candidate is not accepted as final.
POSTAL-3202412002,32.02.41.2002,CURUGLUHUR,SAGARANTEN,KAB. SUKABUMI,candidate_review_only,corroborated_candidate,43181,43181;43381,,yes,Kodepos.dev corroborates Open Data Jabar; candidate is not accepted as final.
POSTAL-3202412003,32.02.41.2003,CIBAREGBEG,SAGARANTEN,KAB. SUKABUMI,candidate_review_only,corroborated_candidate,43181,43181;43381,,yes,Kodepos.dev corroborates Open Data Jabar; candidate is not accepted as final.
POSTAL-3202412004,32.02.41.2004,PASANGGRAHAN,SAGARANTEN,KAB. SUKABUMI,candidate_review_only,corroborated_candidate,43181,43181;43381,,yes,Kodepos.dev corroborates Open Data Jabar; candidate is not accepted as final.
POSTAL-3202412005,32.02.41.2005,DATARNANGKA,SAGARANTEN,KAB. SUKABUMI,candidate_review_only,corroborated_candidate,43181,43181;43381,,yes,Kodepos.dev corroborates Open Data Jabar; candidate is not accepted as final.
POSTAL-3202412006,32.02.41.2006,PUNCAKMANGGIS,SAGARANTEN,KAB. SUKABUMI,candidate_review_only,corroborated_candidate,43181,43181;43381,,yes,Kodepos.dev corroborates Open Data Jabar; candidate is not accepted as final.
POSTAL-3202412007,32.02.41.2007,HEGARMANAH,SAGARANTEN,KAB. SUKABUMI,candidate_review_only,corroborated_candidate,43181,43181;43381,,yes,Kodepos.dev corroborates Open Data Jabar; candidate is not accepted as final.
POSTAL-3202412008,32.02.41.2008,GUNUNGBENTANG,SAGARANTEN,KAB. SUKABUMI,candidate_review_only,corroborated_candidate,43181,43181;43381,,yes,Kodepos.dev corroborates Open Data Jabar; candidate is not accepted as final.
POSTAL-3202412009,32.02.41.2009,SINARBENTANG,SAGARANTEN,KAB. SUKABUMI,candidate_review_only,corroborated_candidate,43181,43181;43381,,yes,Kodepos.dev corroborates Open Data Jabar; candidate is not accepted as final.
POSTAL-3202412010,32.02.41.2010,CIBITUNG,SAGARANTEN,KAB. SUKABUMI,candidate_review_only,corroborated_candidate,43181,43181;43381,,yes,Kodepos.dev corroborates Open Data Jabar; candidate is not accepted as final.
POSTAL-3202412011,32.02.41.2011,MARGALUYU,SAGARANTEN,KAB. SUKABUMI,candidate_review_only,corroborated_candidate,43181,43181;43381,,yes,Kodepos.dev corroborates Open Data Jabar; candidate is not accepted as final.
POSTAL-3202412012,32.02.41.2012,MEKARSARI,SAGARANTEN,KAB. SUKABUMI,candidate_review_only,corroborated_candidate,43181,43181;43381,,yes,Kodepos.dev corroborates Open Data Jabar; candidate is not accepted as final.
POSTAL-3202422001,32.02.42.2001,CURUGKEMBAR,CURUGKEMBAR,KAB. SUKABUMI,candidate_review_only,corroborated_candidate,43182,43182;43382,,yes,Kodepos.dev corroborates Open Data Jabar; candidate is not accepted as final.
POSTAL-3202422002,32.02.42.2002,CIMENTENG,CURUGKEMBAR,KAB. SUKABUMI,candidate_review_only,corroborated_candidate,43182,43182;43382,,yes,Kodepos.dev corroborates Open Data Jabar; candidate is not accepted as final.
POSTAL-3202422003,32.02.42.2003,TANJUNGSARI,CURUGKEMBAR,KAB. SUKABUMI,candidate_review_only,corroborated_candidate,43182,43182;43382,,yes,Kodepos.dev corroborates Open Data Jabar; candidate is not accepted as final.
POSTAL-3202422004,32.02.42.2004,SINDANGRAJA,CURUGKEMBAR,KAB. SUKABUMI,candidate_review_only,corroborated_candidate,43182,43182;43382,,yes,Kodepos.dev corroborates Open Data Jabar; candidate is not accepted as final.
POSTAL-3202422005,32.02.42.2005,MEKARTANJUNG,CURUGKEMBAR,KAB. SUKABUMI,candidate_review_only,corroborated_candidate,43182,43182;43382,,yes,Kodepos.dev corroborates Open Data Jabar; candidate is not accepted as final.
POSTAL-3202422006,32.02.42.2006,NAGRAKJAYA,CURUGKEMBAR,KAB. SUKABUMI,unresolved_do_not_guess,review_required,,43182;43382,,yes,No automatic selection: Kodepos.dev does not corroborate exactly one local source.
POSTAL-3202422007,32.02.42.2007,BOJONG TUGU,CURUGKEMBAR,KAB. SUKABUMI,candidate_review_only,corroborated_candidate,43182,43182;43382,,yes,Kodepos.dev corroborates Open Data Jabar; candidate is not accepted as final.
POSTAL-3202432001,32.02.43.2001,CIDOLOG,CIDOLOG,KAB. SUKABUMI,unresolved_do_not_guess,review_required,,43184;43384;46352,,yes,No automatic selection: Kodepos.dev does not corroborate exactly one local source.
POSTAL-3202432002,32.02.43.2002,CIPAMINGKIS,CIDOLOG,KAB. SUKABUMI,candidate_review_only,corroborated_candidate,43184,43184;43384,,yes,Kodepos.dev corroborates Open Data Jabar; candidate is not accepted as final.
POSTAL-3202432003,32.02.43.2003,CIKARANG,CIDOLOG,KAB. SUKABUMI,candidate_review_only,corroborated_candidate,43184,43184;43384,,yes,Kodepos.dev corroborates Open Data Jabar; candidate is not accepted as final.
POSTAL-3202432004,32.02.43.2004,TEGALLEGA,CIDOLOG,KAB. SUKABUMI,candidate_review_only,corroborated_candidate,43184,43184;43384,,yes,Kodepos.dev corroborates Open Data Jabar; candidate is not accepted as final.
POSTAL-3202432005,32.02.43.2005,MEKARJAYA,CIDOLOG,KAB. SUKABUMI,candidate_review_only,corroborated_candidate,43184,43184;43384,,yes,Kodepos.dev corroborates Open Data Jabar; candidate is not accepted as final.
POSTAL-3202442001,32.02.44.2001,PADASENANG,CIDADAP,KAB. SUKABUMI,candidate_review_only,corroborated_candidate,43183,43183;43383,,yes,Kodepos.dev corroborates Open Data Jabar; candidate is not accepted as final.
POSTAL-3202442002,32.02.44.2002,CIDADAP,CIDADAP,KAB. SUKABUMI,candidate_review_only,corroborated_candidate,43183,43183;43383,,yes,Kodepos.dev corroborates Open Data Jabar; candidate is not accepted as final.
POSTAL-3202442003,32.02.44.2003,BANJARSARI,CIDADAP,KAB. SUKABUMI,candidate_review_only,corroborated_candidate,43183,43183;43383,,yes,Kodepos.dev corroborates Open Data Jabar; candidate is not accepted as final.
POSTAL-3202442004,32.02.44.2004,HEGARMULYA,CIDADAP,KAB. SUKABUMI,candidate_review_only,corroborated_candidate,43183,43183;43383,,yes,Kodepos.dev corroborates Open Data Jabar; candidate is not accepted as final.
POSTAL-3202442005,32.02.44.2005,TENJOLAUT,CIDADAP,KAB. SUKABUMI,candidate_review_only,corroborated_candidate,43183,43183;43383,,yes,Kodepos.dev corroborates Open Data Jabar; candidate is not accepted as final.
POSTAL-3202442006,32.02.44.2006,MEKARTANI,CIDADAP,KAB. SUKABUMI,candidate_review_only,corroborated_candidate,43183,43183;43383,,yes,Kodepos.dev corroborates Open Data Jabar; candidate is not accepted as final.
POSTAL-3202452001,32.02.45.2001,TEGALBULEUD,TEGALBULEUD,KAB. SUKABUMI,candidate_review_only,corroborated_candidate,43186,43186;43386,,yes,Kodepos.dev corroborates Open Data Jabar; candidate is not accepted as final.
POSTAL-3202452002,32.02.45.2002,BANGBAYANG,TEGALBULEUD,KAB. SUKABUMI,candidate_review_only,corroborated_candidate,43186,43186;43386,,yes,Kodepos.dev corroborates Open Data Jabar; candidate is not accepted as final.
POSTAL-3202452003,32.02.45.2003,SUMBERJAYA,TEGALBULEUD,KAB. SUKABUMI,candidate_review_only,corroborated_candidate,43186,43186;43386,,yes,Kodepos.dev corroborates Open Data Jabar; candidate is not accepted as final.
POSTAL-3202452004,32.02.45.2004,CALINGCING,TEGALBULEUD,KAB. SUKABUMI,candidate_review_only,corroborated_candidate,43186,43186;43386,,yes,Kodepos.dev corroborates Open Data Jabar; candidate is not accepted as final.
POSTAL-3202452005,32.02.45.2005,NANGELA,TEGALBULEUD,KAB. SUKABUMI,candidate_review_only,corroborated_candidate,43186,43186;43386,,yes,Kodepos.dev corroborates Open Data Jabar; candidate is not accepted as final.
POSTAL-3202452006,32.02.45.2006,RAMBAY,TEGALBULEUD,KAB. SUKABUMI,candidate_review_only,corroborated_candidate,43186,43186;43386,,yes,Kodepos.dev corroborates Open Data Jabar; candidate is not accepted as final.
POSTAL-3202452007,32.02.45.2007,BUNIASIH,TEGALBULEUD,KAB. SUKABUMI,candidate_review_only,corroborated_candidate,43186,43186;43386,,yes,Kodepos.dev corroborates Open Data Jabar; candidate is not accepted as final.
POSTAL-3202452008,32.02.45.2008,SIRNAMEKAR,TEGALBULEUD,KAB. SUKABUMI,unresolved_do_not_guess,review_required,,43186;43386,,yes,No automatic selection: Kodepos.dev does not corroborate exactly one local source.
POSTAL-3202462001,32.02.46.2001,CIMANGGU,CIMANGGU,KAB. SUKABUMI,unresolved_do_not_guess,review_required,,42284;43178;43347,,yes,No automatic selection: Kodepos.dev does not corroborate exactly one local source.
POSTAL-3202462002,32.02.46.2002,SUKAMAJU,CIMANGGU,KAB. SUKABUMI,candidate_review_only,corroborated_candidate,43178,43178;43347,,yes,Kodepos.dev corroborates Open Data Jabar; candidate is not accepted as final.
POSTAL-3202462003,32.02.46.2003,SUKAJADI,CIMANGGU,KAB. SUKABUMI,candidate_review_only,corroborated_candidate,43178,43178;43347,,yes,Kodepos.dev corroborates Open Data Jabar; candidate is not accepted as final.
POSTAL-3202462004,32.02.46.2004,KARANGMEKAR,CIMANGGU,KAB. SUKABUMI,candidate_review_only,corroborated_candidate,43178,43178;43347,,yes,Kodepos.dev corroborates Open Data Jabar; candidate is not accepted as final.
POSTAL-3202462005,32.02.46.2005,BOREGAHINDAH,CIMANGGU,KAB. SUKABUMI,candidate_review_only,corroborated_candidate,43178,43178;43388,,yes,Kodepos.dev corroborates Open Data Jabar; candidate is not accepted as final.
POSTAL-3202462006,32.02.46.2006,SUKAMANAH,CIMANGGU,KAB. SUKABUMI,candidate_review_only,corroborated_candidate,43178,43178;43342,,yes,Kodepos.dev corroborates Open Data Jabar; candidate is not accepted as final.
POSTAL-3202472001,32.02.47.2001,CIAMBAR,CIAMBAR,KAB. SUKABUMI,candidate_review_only,corroborated_candidate,43356,43341;43356,,yes,Kodepos.dev corroborates Open Data Jabar; candidate is not accepted as final.
POSTAL-3202472002,32.02.47.2002,GINANJAR,CIAMBAR,KAB. SUKABUMI,candidate_review_only,corroborated_candidate,43356,43341;43356,,yes,Kodepos.dev corroborates Open Data Jabar; candidate is not accepted as final.
POSTAL-3202472003,32.02.47.2003,WANGUNJAYA,CIAMBAR,KAB. SUKABUMI,unresolved_do_not_guess,review_required,,43352;43356;43391,,yes,No automatic selection: Kodepos.dev does not corroborate exactly one local source.
POSTAL-3202472004,32.02.47.2004,MUNJUL,CIAMBAR,KAB. SUKABUMI,candidate_review_only,corroborated_candidate,43356,43341;43356,,yes,Kodepos.dev corroborates Open Data Jabar; candidate is not accepted as final.
POSTAL-3202472005,32.02.47.2005,AMBARJAYA,CIAMBAR,KAB. SUKABUMI,candidate_review_only,corroborated_candidate,43356,43341;43356,,yes,Kodepos.dev corroborates Open Data Jabar; candidate is not accepted as final.
POSTAL-3202472006,32.02.47.2006,CIBUNARJAYA,CIAMBAR,KAB. SUKABUMI,candidate_review_only,corroborated_candidate,43356,43341;43356,,yes,Kodepos.dev corroborates Open Data Jabar; candidate is not accepted as final.
POSTAL-3203012001,32.03.01.2001,BABAKAN KARET,CIANJUR,KAB. CIANJUR,candidate_review_only,corroborated_candidate,43211,43211;43217,,yes,Kodepos.dev corroborates Open Data Jabar; candidate is not accepted as final.
POSTAL-3203012002,32.03.01.2002,NAGRAK,CIANJUR,KAB. CIANJUR,candidate_review_only,corroborated_candidate,43215,43215;43219,,yes,Kodepos.dev corroborates Open Data Jabar; candidate is not accepted as final.
POSTAL-3203012003,32.03.01.2003,SUKAMAJU,CIANJUR,KAB. CIANJUR,candidate_review_only,corroborated_candidate,43211,43211;43219,,yes,Kodepos.dev corroborates Open Data Jabar; candidate is not accepted as final.
POSTAL-3203012004,32.03.01.2004,MEKARSARI,CIANJUR,KAB. CIANJUR,candidate_review_only,corroborated_candidate,43211,43211;43218,,yes,Kodepos.dev corroborates Open Data Jabar; candidate is not accepted as final.
POSTAL-3203012005,32.03.01.2005,LIMBANGANSARI,CIANJUR,KAB. CIANJUR,unresolved_do_not_guess,review_required,,43211;43218,,yes,No automatic selection: Kodepos.dev does not corroborate exactly one local source.
POSTAL-3203022002,32.03.02.2002,JAMBUDIPA,WARUNGKONDANG,KAB. CIANJUR,unresolved_do_not_guess,review_required,,43260;43261,,yes,No automatic selection: Kodepos.dev does not corroborate exactly one local source.
POSTAL-3203022006,32.03.02.2006,CISARANDI,WARUNGKONDANG,KAB. CIANJUR,unresolved_do_not_guess,review_required,,43260;43261,,yes,No automatic selection: Kodepos.dev does not corroborate exactly one local source.
POSTAL-3203022007,32.03.02.2007,CIKAROYA,WARUNGKONDANG,KAB. CIANJUR,unresolved_do_not_guess,review_required,,43260;43261,,yes,No automatic selection: Kodepos.dev does not corroborate exactly one local source.
POSTAL-3203022008,32.03.02.2008,BUNIKASIH,WARUNGKONDANG,KAB. CIANJUR,unresolved_do_not_guess,review_required,,43260;43261,,yes,No automatic selection: Kodepos.dev does not corroborate exactly one local source.
POSTAL-3203022009,32.03.02.2009,CIWALEN,WARUNGKONDANG,KAB. CIANJUR,unresolved_do_not_guess,review_required,,43260;43261,,yes,No automatic selection: Kodepos.dev does not corroborate exactly one local source.
POSTAL-3203022010,32.03.02.2010,TEGALLEGA,WARUNGKONDANG,KAB. CIANJUR,unresolved_do_not_guess,review_required,,43260;43261,,yes,No automatic selection: Kodepos.dev does not corroborate exactly one local source.
POSTAL-3203022011,32.03.02.2011,SUKAWANGI,WARUNGKONDANG,KAB. CIANJUR,unresolved_do_not_guess,review_required,,43260;43261,,yes,No automatic selection: Kodepos.dev does not corroborate exactly one local source.
POSTAL-3203022014,32.03.02.2014,BUNISARI,WARUNGKONDANG,KAB. CIANJUR,unresolved_do_not_guess,review_required,,43260;43261,,yes,No automatic selection: Kodepos.dev does not corroborate exactly one local source.
POSTAL-3203022016,32.03.02.2016,SUKAMULYA,WARUNGKONDANG,KAB. CIANJUR,unresolved_do_not_guess,review_required,,43260;43261,,yes,No automatic selection: Kodepos.dev does not corroborate exactly one local source.
POSTAL-3203022017,32.03.02.2017,CIEUNDEUR,WARUNGKONDANG,KAB. CIANJUR,unresolved_do_not_guess,review_required,,43260;43261,,yes,No automatic selection: Kodepos.dev does not corroborate exactly one local source.
POSTAL-3203022018,32.03.02.2018,MEKARWANGI,WARUNGKONDANG,KAB. CIANJUR,unresolved_do_not_guess,review_required,,43260;43261,,yes,No automatic selection: Kodepos.dev does not corroborate exactly one local source.
POSTAL-3203092001,32.03.09.2001,SELAJAMBE,SUKALUYU,KAB. CIANJUR,unresolved_do_not_guess,review_required,,43284;43287,,yes,No automatic selection: Kodepos.dev does not corroborate exactly one local source.
POSTAL-3203092002,32.03.09.2002,SUKAMULYA,SUKALUYU,KAB. CIANJUR,unresolved_do_not_guess,review_required,,43284;43287,,yes,No automatic selection: Kodepos.dev does not corroborate exactly one local source.
POSTAL-3203092003,32.03.09.2003,PANYUSUHAN,SUKALUYU,KAB. CIANJUR,unresolved_do_not_guess,review_required,,43284;43287,,yes,No automatic selection: Kodepos.dev does not corroborate exactly one local source.
POSTAL-3203092004,32.03.09.2004,TANJUNGSARI,SUKALUYU,KAB. CIANJUR,unresolved_do_not_guess,review_required,,43284;43287,,yes,No automatic selection: Kodepos.dev does not corroborate exactly one local source.
POSTAL-3203092005,32.03.09.2005,SIDANGRAJA,SUKALUYU,KAB. CIANJUR,unresolved_do_not_guess,review_required,,43284;43287,,yes,No automatic selection: Kodepos.dev does not corroborate exactly one local source.
POSTAL-3203092006,32.03.09.2006,MEKARJAYA,SUKALUYU,KAB. CIANJUR,unresolved_do_not_guess,review_required,,43284;43287,,yes,No automatic selection: Kodepos.dev does not corroborate exactly one local source.
POSTAL-3203092007,32.03.09.2007,SUKASIRNA,SUKALUYU,KAB. CIANJUR,unresolved_do_not_guess,review_required,,43284;43287,,yes,No automatic selection: Kodepos.dev does not corroborate exactly one local source.
POSTAL-3203092008,32.03.09.2008,SUKALUYU,SUKALUYU,KAB. CIANJUR,unresolved_do_not_guess,review_required,,43284;43287,,yes,No automatic selection: Kodepos.dev does not corroborate exactly one local source.
POSTAL-3203092009,32.03.09.2009,BABAKANSARI,SUKALUYU,KAB. CIANJUR,unresolved_do_not_guess,review_required,,43284;43287,,yes,No automatic selection: Kodepos.dev does not corroborate exactly one local source.
POSTAL-3203092010,32.03.09.2010,HEGARMANAH,SUKALUYU,KAB. CIANJUR,unresolved_do_not_guess,review_required,,43284;43287,,yes,No automatic selection: Kodepos.dev does not corroborate exactly one local source.
POSTAL-3203102003,32.03.10.2003,CIBODAS,PACET,KAB. CIANJUR,candidate_review_only,corroborated_candidate,43253,43253;43254,,yes,Kodepos.dev corroborates Open Data Jabar; candidate is not accepted as final.
POSTAL-3203102010,32.03.10.2010,CIPUTRI,PACET,KAB. CIANJUR,candidate_review_only,corroborated_candidate,43281,43253;43281,,yes,Kodepos.dev corroborates Open Data Jabar; candidate is not accepted as final.
POSTAL-3203132007,32.03.13.2007,SUKARESMI,SUKARESMI,KAB. CIANJUR,candidate_review_only,corroborated_candidate,43254,42265;43254,,yes,Kodepos.dev corroborates Diskominfo; candidate is not accepted as final.
POSTAL-3203182001,32.03.18.2001,PAGELARAN,PAGELARAN,KAB. CIANJUR,candidate_review_only,corroborated_candidate,43266,42265;43266,,yes,Kodepos.dev corroborates Diskominfo; candidate is not accepted as final.
POSTAL-3203222004,32.03.22.2004,SUKAMANAH,AGRABINTA,KAB. CIANJUR,unresolved_do_not_guess,review_required,,43273;43276,,yes,No automatic selection: Kodepos.dev does not corroborate exactly one local source.
POSTAL-3203222005,32.03.22.2005,BOJONGKASO,AGRABINTA,KAB. CIANJUR,unresolved_do_not_guess,review_required,,43273;43276,,yes,No automatic selection: Kodepos.dev does not corroborate exactly one local source.
POSTAL-3203222006,32.03.22.2006,BUNISARI,AGRABINTA,KAB. CIANJUR,unresolved_do_not_guess,review_required,,43273;43276,,yes,No automatic selection: Kodepos.dev does not corroborate exactly one local source.
POSTAL-3203222007,32.03.22.2007,WANASARI,AGRABINTA,KAB. CIANJUR,unresolved_do_not_guess,review_required,,43273;43276,,yes,No automatic selection: Kodepos.dev does not corroborate exactly one local source.
POSTAL-3203222010,32.03.22.2010,SINARLAUT,AGRABINTA,KAB. CIANJUR,unresolved_do_not_guess,review_required,,43273;43276,,yes,No automatic selection: Kodepos.dev does not corroborate exactly one local source.
POSTAL-3203222014,32.03.22.2014,NEGLASARI,AGRABINTA,KAB. CIANJUR,unresolved_do_not_guess,review_required,,43273;43276,,yes,No automatic selection: Kodepos.dev does not corroborate exactly one local source.
POSTAL-3203222016,32.03.22.2016,KARANGSARI,AGRABINTA,KAB. CIANJUR,unresolved_do_not_guess,review_required,,43273;43276,,yes,No automatic selection: Kodepos.dev does not corroborate exactly one local source.
POSTAL-3203222017,32.03.22.2017,MULYASARI,AGRABINTA,KAB. CIANJUR,unresolved_do_not_guess,review_required,,43273;43276,,yes,No automatic selection: Kodepos.dev does not corroborate exactly one local source.
POSTAL-3203222018,32.03.22.2018,TANJUNG SARI,AGRABINTA,KAB. CIANJUR,unresolved_do_not_guess,review_required,,43273;43276,,yes,No automatic selection: Kodepos.dev does not corroborate exactly one local source.
POSTAL-3203222019,32.03.22.2019,MEKARSARI,AGRABINTA,KAB. CIANJUR,unresolved_do_not_guess,review_required,,43273;43276,,yes,No automatic selection: Kodepos.dev does not corroborate exactly one local source.
POSTAL-3203222022,32.03.22.2022,WANGUNJAYA,AGRABINTA,KAB. CIANJUR,unresolved_do_not_guess,review_required,,43273;43276,,yes,No automatic selection: Kodepos.dev does not corroborate exactly one local source.
POSTAL-3203252001,32.03.25.2001,CIBANGGALA,CAMPAKAMULYA,KAB. CIANJUR,unresolved_do_not_guess,review_required,,43269;43278,,yes,No automatic selection: Kodepos.dev does not corroborate exactly one local source.
POSTAL-3203252002,32.03.25.2002,CAMPAKAWARNA,CAMPAKAMULYA,KAB. CIANJUR,unresolved_do_not_guess,review_required,,43269;43278,,yes,No automatic selection: Kodepos.dev does not corroborate exactly one local source.
POSTAL-3203252003,32.03.25.2003,SUKASIRNA,CAMPAKAMULYA,KAB. CIANJUR,unresolved_do_not_guess,review_required,,43269;43277;43278,,yes,No automatic selection: Kodepos.dev does not corroborate exactly one local source.
POSTAL-3203252004,32.03.25.2004,CAMPAKAMULYA,CAMPAKAMULYA,KAB. CIANJUR,unresolved_do_not_guess,review_required,,43269;43278,,yes,No automatic selection: Kodepos.dev does not corroborate exactly one local source.
POSTAL-3203252005,32.03.25.2005,SUKABUNGAH,CAMPAKAMULYA,KAB. CIANJUR,unresolved_do_not_guess,review_required,,43269;43278,,yes,No automatic selection: Kodepos.dev does not corroborate exactly one local source.
POSTAL-3203262001,32.03.26.2001,KALAPANUNGGAL,CIKADU,KAB. CIANJUR,unresolved_do_not_guess,review_required,,43276;43284;43286,,yes,No automatic selection: Kodepos.dev does not corroborate exactly one local source.
POSTAL-3203262002,32.03.26.2002,CIKADU,CIKADU,KAB. CIANJUR,unresolved_do_not_guess,review_required,,43276;43284;43286,,yes,No automatic selection: Kodepos.dev does not corroborate exactly one local source.
POSTAL-3203262003,32.03.26.2003,MEKARWANGI,CIKADU,KAB. CIANJUR,unresolved_do_not_guess,review_required,,43276;43284;43286,,yes,No automatic selection: Kodepos.dev does not corroborate exactly one local source.
POSTAL-3203262004,32.03.26.2004,PADALUYU,CIKADU,KAB. CIANJUR,unresolved_do_not_guess,review_required,,43276;43284;43286,,yes,No automatic selection: Kodepos.dev does not corroborate exactly one local source.
POSTAL-3203262005,32.03.26.2005,SUKAMULYA,CIKADU,KAB. CIANJUR,unresolved_do_not_guess,review_required,,43276;43284;43286,,yes,No automatic selection: Kodepos.dev does not corroborate exactly one local source.
POSTAL-3203262006,32.03.26.2006,CISARANTEN,CIKADU,KAB. CIANJUR,unresolved_do_not_guess,review_required,,43276;43284;43286,,yes,No automatic selection: Kodepos.dev does not corroborate exactly one local source.
POSTAL-3203262007,32.03.26.2007,MEKARLAKSANA,CIKADU,KAB. CIANJUR,unresolved_do_not_guess,review_required,,43276;43284;43286,,yes,No automatic selection: Kodepos.dev does not corroborate exactly one local source.
POSTAL-3203262008,32.03.26.2008,SUKALUYU,CIKADU,KAB. CIANJUR,unresolved_do_not_guess,review_required,,43276;43284;43286,,yes,No automatic selection: Kodepos.dev does not corroborate exactly one local source.
POSTAL-3203262009,32.03.26.2009,MEKARJAYA,CIKADU,KAB. CIANJUR,unresolved_do_not_guess,review_required,,43276;43284;43286,,yes,No automatic selection: Kodepos.dev does not corroborate exactly one local source.
POSTAL-3203262010,32.03.26.2010,SUKAMANAH,CIKADU,KAB. CIANJUR,unresolved_do_not_guess,review_required,,43276;43284;43286,,yes,No automatic selection: Kodepos.dev does not corroborate exactly one local source.
POSTAL-3203272001,32.03.27.2001,BANGBAYANG,GEKBRONG,KAB. CIANJUR,candidate_review_only,corroborated_candidate,43261,43261;43287,,yes,Kodepos.dev corroborates Open Data Jabar; candidate is not accepted as final.
POSTAL-3203272002,32.03.27.2002,SONGGOM,GEKBRONG,KAB. CIANJUR,candidate_review_only,corroborated_candidate,43261,43261;43287,,yes,Kodepos.dev corroborates Open Data Jabar; candidate is not accepted as final.
POSTAL-3203272003,32.03.27.2003,SUKARATU,GEKBRONG,KAB. CIANJUR,candidate_review_only,corroborated_candidate,43261,43261;43287,,yes,Kodepos.dev corroborates Open Data Jabar; candidate is not accepted as final.
POSTAL-3203272004,32.03.27.2004,CIKANCANA,GEKBRONG,KAB. CIANJUR,candidate_review_only,corroborated_candidate,43261,43261;43287,,yes,Kodepos.dev corroborates Open Data Jabar; candidate is not accepted as final.
POSTAL-3203272005,32.03.27.2005,KEBONPEUTEUY,GEKBRONG,KAB. CIANJUR,candidate_review_only,corroborated_candidate,43261,43261;43287,,yes,Kodepos.dev corroborates Open Data Jabar; candidate is not accepted as final.
POSTAL-3203272006,32.03.27.2006,GEKBRONG,GEKBRONG,KAB. CIANJUR,candidate_review_only,corroborated_candidate,43261,43261;43287,,yes,Kodepos.dev corroborates Open Data Jabar; candidate is not accepted as final.
POSTAL-3203272007,32.03.27.2007,CIKAHURIPAN,GEKBRONG,KAB. CIANJUR,candidate_review_only,corroborated_candidate,43261,43261;43287,,yes,Kodepos.dev corroborates Open Data Jabar; candidate is not accepted as final.
POSTAL-3203272008,32.03.27.2008,CINTAASIH,GEKBRONG,KAB. CIANJUR,candidate_review_only,corroborated_candidate,43261,43261;43287,,yes,Kodepos.dev corroborates Open Data Jabar; candidate is not accepted as final.
POSTAL-3203282001,32.03.28.2001,CIPANAS,CIPANAS,KAB. CIANJUR,unresolved_do_not_guess,review_required,,42372;43253;43255,,yes,No automatic selection: Kodepos.dev does not corroborate exactly one local source.
POSTAL-3203282002,32.03.28.2002,CIMACAN,CIPANAS,KAB. CIANJUR,candidate_review_only,corroborated_candidate,43253,43253;43255,,yes,Kodepos.dev corroborates Open Data Jabar; candidate is not accepted as final.
POSTAL-3203282003,32.03.28.2003,CILOTO,CIPANAS,KAB. CIANJUR,candidate_review_only,corroborated_candidate,43253,43253;43255,,yes,Kodepos.dev corroborates Open Data Jabar; candidate is not accepted as final.
POSTAL-3203282004,32.03.28.2004,SINDANGLAYA,CIPANAS,KAB. CIANJUR,candidate_review_only,corroborated_candidate,43253,43253;43255,,yes,Kodepos.dev corroborates Open Data Jabar; candidate is not accepted as final.
POSTAL-3203282005,32.03.28.2005,BATULAWANG,CIPANAS,KAB. CIANJUR,candidate_review_only,corroborated_candidate,43253,43253;43255,,yes,Kodepos.dev corroborates Open Data Jabar; candidate is not accepted as final.
POSTAL-3203282006,32.03.28.2006,PALASARI,CIPANAS,KAB. CIANJUR,candidate_review_only,corroborated_candidate,43253,43253;43255,,yes,Kodepos.dev corroborates Open Data Jabar; candidate is not accepted as final.
POSTAL-3203282007,32.03.28.2007,SINDANGJAYA,CIPANAS,KAB. CIANJUR,candidate_review_only,corroborated_candidate,43253,43253;43255,,yes,Kodepos.dev corroborates Open Data Jabar; candidate is not accepted as final.
POSTAL-3203292001,32.03.29.2001,PARAKANTUGU,CIJATI,KAB. CIANJUR,candidate_review_only,corroborated_candidate,43284,43269;43284,,yes,Kodepos.dev corroborates Open Data Jabar; candidate is not accepted as final.
POSTAL-3203292002,32.03.29.2002,CIJATI,CIJATI,KAB. CIANJUR,candidate_review_only,corroborated_candidate,43284,43269;43284,,yes,Kodepos.dev corroborates Open Data Jabar; candidate is not accepted as final.
POSTAL-3203292003,32.03.29.2003,BOJONGLARANG,CIJATI,KAB. CIANJUR,candidate_review_only,corroborated_candidate,43284,43269;43284,,yes,Kodepos.dev corroborates Open Data Jabar; candidate is not accepted as final.
POSTAL-3203292004,32.03.29.2004,PADAASIH,CIJATI,KAB. CIANJUR,candidate_review_only,corroborated_candidate,43284,43269;43284,,yes,Kodepos.dev corroborates Open Data Jabar; candidate is not accepted as final.
POSTAL-3203292005,32.03.29.2005,CIBODAS,CIJATI,KAB. CIANJUR,candidate_review_only,corroborated_candidate,43284,43269;43284,,yes,Kodepos.dev corroborates Open Data Jabar; candidate is not accepted as final.
POSTAL-3203292006,32.03.29.2006,SUKAMAHI,CIJATI,KAB. CIANJUR,candidate_review_only,corroborated_candidate,43284,43269;43284,,yes,Kodepos.dev corroborates Open Data Jabar; candidate is not accepted as final.
POSTAL-3203292007,32.03.29.2007,SUKALUYU,CIJATI,KAB. CIANJUR,candidate_review_only,corroborated_candidate,43284,43269;43284,,yes,Kodepos.dev corroborates Open Data Jabar; candidate is not accepted as final.
POSTAL-3203292008,32.03.29.2008,CARINGIN,CIJATI,KAB. CIANJUR,candidate_review_only,corroborated_candidate,43284,43269;43284,,yes,Kodepos.dev corroborates Open Data Jabar; candidate is not accepted as final.
POSTAL-3203292009,32.03.29.2009,SINARBAKTI,CIJATI,KAB. CIANJUR,candidate_review_only,corroborated_candidate,43284,43269;43284,,yes,Kodepos.dev corroborates Open Data Jabar; candidate is not accepted as final.
POSTAL-3203292010,32.03.29.2010,SUKAMAJU,CIJATI,KAB. CIANJUR,candidate_review_only,corroborated_candidate,43284,43269;43284,,yes,Kodepos.dev corroborates Open Data Jabar; candidate is not accepted as final.
POSTAL-3203302001,32.03.30.2001,PUSAKASARI,LELES,KAB. CIANJUR,candidate_review_only,corroborated_candidate,43273,43273;43277,,yes,Kodepos.dev corroborates Open Data Jabar; candidate is not accepted as final.
POSTAL-3203302002,32.03.30.2002,WALAHIR,LELES,KAB. CIANJUR,candidate_review_only,corroborated_candidate,43273,43273;43277,,yes,Kodepos.dev corroborates Open Data Jabar; candidate is not accepted as final.
POSTAL-3203302003,32.03.30.2003,PURABAYA,LELES,KAB. CIANJUR,candidate_review_only,corroborated_candidate,43273,43273;43277,,yes,Kodepos.dev corroborates Open Data Jabar; candidate is not accepted as final.
POSTAL-3203302004,32.03.30.2004,PUNCAKWANGI,LELES,KAB. CIANJUR,candidate_review_only,corroborated_candidate,43273,43273;43277,,yes,Kodepos.dev corroborates Open Data Jabar; candidate is not accepted as final.
POSTAL-3203302005,32.03.30.2005,SUKAJAYA,LELES,KAB. CIANJUR,candidate_review_only,corroborated_candidate,43273,43273;43277,,yes,Kodepos.dev corroborates Open Data Jabar; candidate is not accepted as final.
POSTAL-3203302006,32.03.30.2006,NAGASARI,LELES,KAB. CIANJUR,candidate_review_only,corroborated_candidate,43273,43273;43277,,yes,Kodepos.dev corroborates Open Data Jabar; candidate is not accepted as final.
POSTAL-3203302007,32.03.30.2007,SUKASIRNA,LELES,KAB. CIANJUR,candidate_review_only,corroborated_candidate,43273,43273;43277,,yes,Kodepos.dev corroborates Open Data Jabar; candidate is not accepted as final.
POSTAL-3203302008,32.03.30.2008,SUKAMULYA,LELES,KAB. CIANJUR,candidate_review_only,corroborated_candidate,43273,43273;43277,,yes,Kodepos.dev corroborates Open Data Jabar; candidate is not accepted as final.
POSTAL-3203302009,32.03.30.2009,SIRNASARI,LELES,KAB. CIANJUR,candidate_review_only,corroborated_candidate,43273,43273;43277,,yes,Kodepos.dev corroborates Open Data Jabar; candidate is not accepted as final.
POSTAL-3203302010,32.03.30.2010,KARYAMUKTI,LELES,KAB. CIANJUR,candidate_review_only,corroborated_candidate,43273,43273;43277,,yes,Kodepos.dev corroborates Open Data Jabar; candidate is not accepted as final.
POSTAL-3203302011,32.03.30.2011,MANDALAWANGI,LELES,KAB. CIANJUR,candidate_review_only,corroborated_candidate,43273,43273;43277,,yes,Kodepos.dev corroborates Open Data Jabar; candidate is not accepted as final.
POSTAL-3203302012,32.03.30.2012,SINDANGSARI,LELES,KAB. CIANJUR,candidate_review_only,corroborated_candidate,43273,43273;43277,,yes,Kodepos.dev corroborates Open Data Jabar; candidate is not accepted as final.
POSTAL-3203312001,32.03.31.2001,HAURWANGI,HAURWANGI,KAB. CIANJUR,unresolved_do_not_guess,review_required,,43280;43283;43286,,yes,No automatic selection: Kodepos.dev does not corroborate exactly one local source.
POSTAL-3203312002,32.03.31.2002,CIHEA,HAURWANGI,KAB. CIANJUR,unresolved_do_not_guess,review_required,,43280;43283;43286,,yes,No automatic selection: Kodepos.dev does not corroborate exactly one local source.
POSTAL-3203312003,32.03.31.2003,RAMASARI,HAURWANGI,KAB. CIANJUR,unresolved_do_not_guess,review_required,,43280;43283;43286,,yes,No automatic selection: Kodepos.dev does not corroborate exactly one local source.
POSTAL-3203312004,32.03.31.2004,MEKARWANGI/SUKATANI,HAURWANGI,KAB. CIANJUR,unresolved_do_not_guess,review_required,,43280;43286,,yes,No automatic selection: Kodepos.dev does not corroborate exactly one local source.
POSTAL-3203312005,32.03.31.2005,MEKARWANGI,HAURWANGI,KAB. CIANJUR,unresolved_do_not_guess,review_required,,43280;43282;43286,,yes,No automatic selection: Kodepos.dev does not corroborate exactly one local source.
POSTAL-3203312006,32.03.31.2006,KERTASARI,HAURWANGI,KAB. CIANJUR,unresolved_do_not_guess,review_required,,43280;43283;43286,,yes,No automatic selection: Kodepos.dev does not corroborate exactly one local source.
POSTAL-3203312007,32.03.31.2007,CIPEUYEUM,HAURWANGI,KAB. CIANJUR,unresolved_do_not_guess,review_required,,43280;43282;43286,,yes,No automatic selection: Kodepos.dev does not corroborate exactly one local source.
POSTAL-3203312008,32.03.31.2008,KERTAMUKTI,HAURWANGI,KAB. CIANJUR,unresolved_do_not_guess,review_required,,43280;43282;43286,,yes,No automatic selection: Kodepos.dev does not corroborate exactly one local source.
POSTAL-3203322001,32.03.32.2001,SIMPANG,PASIRKUDA,KAB. CIANJUR,candidate_review_only,corroborated_candidate,43266,43266;43279,,yes,Kodepos.dev corroborates Open Data Jabar; candidate is not accepted as final.
POSTAL-3203322002,32.03.32.2002,KALIBARU,PASIRKUDA,KAB. CIANJUR,candidate_review_only,corroborated_candidate,43266,43266;43279,,yes,Kodepos.dev corroborates Open Data Jabar; candidate is not accepted as final.
POSTAL-3203322003,32.03.32.2003,PUSAKAJAYA,PASIRKUDA,KAB. CIANJUR,candidate_review_only,corroborated_candidate,43266,43266;43279,,yes,Kodepos.dev corroborates Open Data Jabar; candidate is not accepted as final.
POSTAL-3203322004,32.03.32.2004,KUBANG,PASIRKUDA,KAB. CIANJUR,candidate_review_only,corroborated_candidate,43267,43267;43279,,yes,Kodepos.dev corroborates Open Data Jabar; candidate is not accepted as final.
POSTAL-3203322005,32.03.32.2005,GIRIMUKTI,PASIRKUDA,KAB. CIANJUR,candidate_review_only,corroborated_candidate,43267,43267;43279,,yes,Kodepos.dev corroborates Open Data Jabar; candidate is not accepted as final.
POSTAL-3203322006,32.03.32.2006,KARANGJAYA,PASIRKUDA,KAB. CIANJUR,candidate_review_only,corroborated_candidate,43266,43266;43279,,yes,Kodepos.dev corroborates Open Data Jabar; candidate is not accepted as final.
POSTAL-3203322007,32.03.32.2007,MEKARMULYA,PASIRKUDA,KAB. CIANJUR,candidate_review_only,corroborated_candidate,43267,43267;43279,,yes,Kodepos.dev corroborates Open Data Jabar; candidate is not accepted as final.
POSTAL-3203322008,32.03.32.2008,GIRIJAYA,PASIRKUDA,KAB. CIANJUR,candidate_review_only,corroborated_candidate,43267,43267;43279,,yes,Kodepos.dev corroborates Open Data Jabar; candidate is not accepted as final.
POSTAL-3203322009,32.03.32.2009,PADAMULYA,PASIRKUDA,KAB. CIANJUR,candidate_review_only,corroborated_candidate,43267,43267;43279,,yes,Kodepos.dev corroborates Open Data Jabar; candidate is not accepted as final.
POSTAL-3204052001,32.04.05.2001,CILEUNYI KULON,CILEUNYI,KAB. BANDUNG,candidate_review_only,corroborated_candidate,40621,40393;40621,,yes,Kodepos.dev corroborates Open Data Jabar; candidate is not accepted as final.
POSTAL-3204052002,32.04.05.2002,CILEUNYI WETAN,CILEUNYI,KAB. BANDUNG,candidate_review_only,corroborated_candidate,40622,40393;40622,,yes,Kodepos.dev corroborates Open Data Jabar; candidate is not accepted as final.
POSTAL-3204052003,32.04.05.2003,CIMEKAR,CILEUNYI,KAB. BANDUNG,candidate_review_only,corroborated_candidate,40623,40393;40623,,yes,Kodepos.dev corroborates Open Data Jabar; candidate is not accepted as final.
POSTAL-3204052004,32.04.05.2004,CINUNUK,CILEUNYI,KAB. BANDUNG,candidate_review_only,corroborated_candidate,40624,40393;40624,,yes,Kodepos.dev corroborates Open Data Jabar; candidate is not accepted as final.
POSTAL-3204052005,32.04.05.2005,CIBIRU HILIR,CILEUNYI,KAB. BANDUNG,candidate_review_only,corroborated_candidate,40626,40393;40626,,yes,Kodepos.dev corroborates Open Data Jabar; candidate is not accepted as final.
POSTAL-3204052006,32.04.05.2006,CIBIRU WETAN,CILEUNYI,KAB. BANDUNG,candidate_review_only,corroborated_candidate,40625,40393;40625,,yes,Kodepos.dev corroborates Open Data Jabar; candidate is not accepted as final.
POSTAL-3204061001,32.04.06.1001,PADASUKA,CIMENYAN,KAB. BANDUNG,unresolved_do_not_guess,review_required,,40191;40399,,yes,No automatic selection: Kodepos.dev does not corroborate exactly one local source.
POSTAL-3204061002,32.04.06.1002,CIBEUNYING,CIMENYAN,KAB. BANDUNG,unresolved_do_not_guess,review_required,,40191;40399,,yes,No automatic selection: Kodepos.dev does not corroborate exactly one local source.
POSTAL-3204062003,32.04.06.2003,CIMENYAN,CIMENYAN,KAB. BANDUNG,unresolved_do_not_guess,review_required,,40197;40399,,yes,No automatic selection: Kodepos.dev does not corroborate exactly one local source.
POSTAL-3204062004,32.04.06.2004,MANDALAMEKAR,CIMENYAN,KAB. BANDUNG,unresolved_do_not_guess,review_required,,40193;40399,,yes,No automatic selection: Kodepos.dev does not corroborate exactly one local source.
POSTAL-3204062005,32.04.06.2005,CIKADUT,CIMENYAN,KAB. BANDUNG,unresolved_do_not_guess,review_required,,40191;40399,,yes,No automatic selection: Kodepos.dev does not corroborate exactly one local source.
POSTAL-3204062006,32.04.06.2006,CIBURIAL,CIMENYAN,KAB. BANDUNG,unresolved_do_not_guess,review_required,,40198;40399,,yes,No automatic selection: Kodepos.dev does not corroborate exactly one local source.
POSTAL-3204062007,32.04.06.2007,SINDANGLAYA,CIMENYAN,KAB. BANDUNG,unresolved_do_not_guess,review_required,,40195;40399,,yes,No automatic selection: Kodepos.dev does not corroborate exactly one local source.
POSTAL-3204062008,32.04.06.2008,MEKARSALUYU,CIMENYAN,KAB. BANDUNG,unresolved_do_not_guess,review_required,,40198;40399,,yes,No automatic selection: Kodepos.dev does not corroborate exactly one local source.
POSTAL-3204062009,32.04.06.2009,MEKARMANIK,CIMENYAN,KAB. BANDUNG,unresolved_do_not_guess,review_required,,40196;40399,,yes,No automatic selection: Kodepos.dev does not corroborate exactly one local source.
POSTAL-3204072001,32.04.07.2001,JATIENDAH,CILENGKRANG,KAB. BANDUNG,candidate_review_only,corroborated_candidate,40616,40392;40616,,yes,Kodepos.dev corroborates Open Data Jabar; candidate is not accepted as final.
POSTAL-3204072002,32.04.07.2002,CILENGKRANG,CILENGKRANG,KAB. BANDUNG,candidate_review_only,corroborated_candidate,40615,40392;40615,,yes,Kodepos.dev corroborates Open Data Jabar; candidate is not accepted as final.
POSTAL-3204072003,32.04.07.2003,CIPANJALU,CILENGKRANG,KAB. BANDUNG,candidate_review_only,corroborated_candidate,40618,40392;40618,,yes,Kodepos.dev corroborates Open Data Jabar; candidate is not accepted as final.
POSTAL-3204072004,32.04.07.2004,MELATIWANGI,CILENGKRANG,KAB. BANDUNG,candidate_review_only,corroborated_candidate,40618,40392;40618,,yes,Kodepos.dev corroborates Open Data Jabar; candidate is not accepted as final.
POSTAL-3204072005,32.04.07.2005,CIPOREAT,CILENGKRANG,KAB. BANDUNG,candidate_review_only,corroborated_candidate,40617,40392;40617,,yes,Kodepos.dev corroborates Open Data Jabar; candidate is not accepted as final.
POSTAL-3204072006,32.04.07.2006,GIRIMEKAR,CILENGKRANG,KAB. BANDUNG,candidate_review_only,corroborated_candidate,40619,40392;40619,,yes,Kodepos.dev corroborates Open Data Jabar; candidate is not accepted as final.
POSTAL-3204082001,32.04.08.2001,LENGKONG,BOJONGSOANG,KAB. BANDUNG,candidate_review_only,corroborated_candidate,40287,40287;40354,,yes,Kodepos.dev corroborates Open Data Jabar; candidate is not accepted as final.
POSTAL-3204082002,32.04.08.2002,BOJONGSOANG,BOJONGSOANG,KAB. BANDUNG,candidate_review_only,corroborated_candidate,40288,40288;40354,,yes,Kodepos.dev corroborates Open Data Jabar; candidate is not accepted as final.
POSTAL-3204082003,32.04.08.2003,BUAHBATU,BOJONGSOANG,KAB. BANDUNG,candidate_review_only,corroborated_candidate,40287,40287;40354,,yes,Kodepos.dev corroborates Open Data Jabar; candidate is not accepted as final.
POSTAL-3204082004,32.04.08.2004,CIPAGALO,BOJONGSOANG,KAB. BANDUNG,candidate_review_only,corroborated_candidate,40287,40287;40354,,yes,Kodepos.dev corroborates Open Data Jabar; candidate is not accepted as final.
POSTAL-3204082005,32.04.08.2005,BOJONGSARI,BOJONGSOANG,KAB. BANDUNG,candidate_review_only,corroborated_candidate,40288,40288;40354,,yes,Kodepos.dev corroborates Open Data Jabar; candidate is not accepted as final.
POSTAL-3204082006,32.04.08.2006,TEGALLUAR,BOJONGSOANG,KAB. BANDUNG,candidate_review_only,corroborated_candidate,40287,40287;40354,,yes,Kodepos.dev corroborates Open Data Jabar; candidate is not accepted as final.
POSTAL-3204091004,32.04.09.1004,SULAIMAN,MARGAHAYU,KAB. BANDUNG,candidate_review_only,corroborated_candidate,40229,40229;40352,,yes,Kodepos.dev corroborates Open Data Jabar; candidate is not accepted as final.
POSTAL-3204092001,32.04.09.2001,MARGAHAYU TENGAH,MARGAHAYU,KAB. BANDUNG,candidate_review_only,corroborated_candidate,40225,40225;40352,,yes,Kodepos.dev corroborates Open Data Jabar; candidate is not accepted as final.
POSTAL-3204092002,32.04.09.2002,MAGAHAYU SELATAN,MARGAHAYU,KAB. BANDUNG,candidate_review_only,corroborated_candidate,40226,40226;40352,,yes,Kodepos.dev corroborates Open Data Jabar; candidate is not accepted as final.
POSTAL-3204092003,32.04.09.2003,SUKAMENAK,MARGAHAYU,KAB. BANDUNG,candidate_review_only,corroborated_candidate,40227,40227;40352,,yes,Kodepos.dev corroborates Open Data Jabar; candidate is not accepted as final.
POSTAL-3204092005,32.04.09.2005,SAYATI,MARGAHAYU,KAB. BANDUNG,candidate_review_only,corroborated_candidate,40228,40228;40352,,yes,Kodepos.dev corroborates Open Data Jabar; candidate is not accepted as final.
POSTAL-3204102001,32.04.10.2001,MARGAASIH,MARGAASIH,KAB. BANDUNG,candidate_review_only,corroborated_candidate,40215,40215;40351,,yes,Kodepos.dev corroborates Open Data Jabar; candidate is not accepted as final.
POSTAL-3204102002,32.04.10.2002,LAGADAR,MARGAASIH,KAB. BANDUNG,candidate_review_only,corroborated_candidate,40216,40216;40351,,yes,Kodepos.dev corroborates Open Data Jabar; candidate is not accepted as final.
POSTAL-3204102003,32.04.10.2003,NANJUNG,MARGAASIH,KAB. BANDUNG,candidate_review_only,corroborated_candidate,40217,40217;40351,,yes,Kodepos.dev corroborates Open Data Jabar; candidate is not accepted as final.
POSTAL-3204102004,32.04.10.2004,MEKARRAHAYU,MARGAASIH,KAB. BANDUNG,candidate_review_only,corroborated_candidate,40218,40218;40351,,yes,Kodepos.dev corroborates Open Data Jabar; candidate is not accepted as final.
POSTAL-3204102005,32.04.10.2005,RAHAYU,MARGAASIH,KAB. BANDUNG,candidate_review_only,corroborated_candidate,40218,40218;40351,,yes,Kodepos.dev corroborates Open Data Jabar; candidate is not accepted as final.
POSTAL-3204102006,32.04.10.2006,CIGONDEWAH HILIR,MARGAASIH,KAB. BANDUNG,candidate_review_only,corroborated_candidate,40214,40214;40351,,yes,Kodepos.dev corroborates Open Data Jabar; candidate is not accepted as final.
POSTAL-3204112001,32.04.11.2001,SANGKANHURIP,KATAPANG,KAB. BANDUNG,candidate_review_only,corroborated_candidate,40921,40355;40921,,yes,Kodepos.dev corroborates Open Data Jabar; candidate is not accepted as final.
POSTAL-3204112002,32.04.11.2002,KATAPANG,KATAPANG,KAB. BANDUNG,candidate_review_only,corroborated_candidate,40921,40355;40921,,yes,Kodepos.dev corroborates Open Data Jabar; candidate is not accepted as final.
POSTAL-3204112004,32.04.11.2004,GANDASARI,KATAPANG,KAB. BANDUNG,candidate_review_only,corroborated_candidate,40921,40355;40921,,yes,Kodepos.dev corroborates Open Data Jabar; candidate is not accepted as final.
POSTAL-3204112006,32.04.11.2006,SUKAMUKTI,KATAPANG,KAB. BANDUNG,candidate_review_only,corroborated_candidate,40921,40355;40921,,yes,Kodepos.dev corroborates Open Data Jabar; candidate is not accepted as final.
POSTAL-3204112007,32.04.11.2007,CILAMPENI,KATAPANG,KAB. BANDUNG,candidate_review_only,corroborated_candidate,40921,40355;40921,,yes,Kodepos.dev corroborates Open Data Jabar; candidate is not accepted as final.
POSTAL-3204112008,32.04.11.2008,PANGAUBAN,KATAPANG,KAB. BANDUNG,candidate_review_only,corroborated_candidate,40921,40355;40921,,yes,Kodepos.dev corroborates Open Data Jabar; candidate is not accepted as final.
POSTAL-3204112009,32.04.11.2009,BANYUSARI,KATAPANG,KAB. BANDUNG,candidate_review_only,corroborated_candidate,40921,40355;40921,,yes,Kodepos.dev corroborates Open Data Jabar; candidate is not accepted as final.
POSTAL-3204121001,32.04.12.1001,PASAWAHAN,DAYEUHKOLOT,KAB. BANDUNG,candidate_review_only,corroborated_candidate,40256,40256;40353,,yes,Kodepos.dev corroborates Open Data Jabar; candidate is not accepted as final.
POSTAL-3204122002,32.04.12.2002,DAYEUHKOLOT,DAYEUHKOLOT,KAB. BANDUNG,candidate_review_only,corroborated_candidate,40258,40258;40353,,yes,Kodepos.dev corroborates Open Data Jabar; candidate is not accepted as final.
POSTAL-3204122003,32.04.12.2003,CANGKUANG WETAN,DAYEUHKOLOT,KAB. BANDUNG,candidate_review_only,corroborated_candidate,40238,40238;40353,,yes,Kodepos.dev corroborates Open Data Jabar; candidate is not accepted as final.
POSTAL-3204122004,32.04.12.2004,CANGKUANG KULON,DAYEUHKOLOT,KAB. BANDUNG,candidate_review_only,corroborated_candidate,40239,40239;40353,,yes,Kodepos.dev corroborates Open Data Jabar; candidate is not accepted as final.
POSTAL-3204122005,32.04.12.2005,SUKAPURA,DAYEUHKOLOT,KAB. BANDUNG,candidate_review_only,corroborated_candidate,40267,40267;40353,,yes,Kodepos.dev corroborates Open Data Jabar; candidate is not accepted as final.
POSTAL-3204122006,32.04.12.2006,CITEUREUP,DAYEUHKOLOT,KAB. BANDUNG,candidate_review_only,corroborated_candidate,40257,40257;40353,,yes,Kodepos.dev corroborates Open Data Jabar; candidate is not accepted as final.
POSTAL-3204132003,32.04.13.2003,BANJARAN KULON,BANJARAN,KAB. BANDUNG,unresolved_do_not_guess,review_required,,21156;40377;45468,,yes,No automatic selection: Kodepos.dev does not corroborate exactly one local source.
POSTAL-3204172006,32.04.17.2006,MEKARSARI,CIMAUNG,KAB. BANDUNG,candidate_review_only,corroborated_candidate,40375,40374;40375,,yes,Kodepos.dev corroborates Open Data Jabar; candidate is not accepted as final.
POSTAL-3204262001,32.04.26.2001,NAGREG,NAGREG,KAB. BANDUNG,candidate_review_only,corroborated_candidate,40215,40215;40397,,yes,Kodepos.dev corroborates Open Data Jabar; candidate is not accepted as final.
POSTAL-3204262002,32.04.26.2002,BOJONG,NAGREG,KAB. BANDUNG,candidate_review_only,corroborated_candidate,40215,40215;40397,,yes,Kodepos.dev corroborates Open Data Jabar; candidate is not accepted as final.
POSTAL-3204262003,32.04.26.2003,CIARO,NAGREG,KAB. BANDUNG,candidate_review_only,corroborated_candidate,40215,40215;40397,,yes,Kodepos.dev corroborates Open Data Jabar; candidate is not accepted as final.
POSTAL-3204262004,32.04.26.2004,CIHERANG,NAGREG,KAB. BANDUNG,candidate_review_only,corroborated_candidate,40215,40215;40397,,yes,Kodepos.dev corroborates Open Data Jabar; candidate is not accepted as final.
POSTAL-3204262005,32.04.26.2005,CITAMAN,NAGREG,KAB. BANDUNG,candidate_review_only,corroborated_candidate,40215,40215;40397,,yes,Kodepos.dev corroborates Open Data Jabar; candidate is not accepted as final.
POSTAL-3204262006,32.04.26.2006,MANDALAWANGI,NAGREG,KAB. BANDUNG,candidate_review_only,corroborated_candidate,40215,40215;40397,,yes,Kodepos.dev corroborates Open Data Jabar; candidate is not accepted as final.
POSTAL-3204262007,32.04.26.2007,NAGREG KENDAN,NAGREG,KAB. BANDUNG,candidate_review_only,corroborated_candidate,40215,40215;40397,,yes,Kodepos.dev corroborates Open Data Jabar; candidate is not accepted as final.
POSTAL-3204262008,32.04.26.2008,GANJAR SABAR,NAGREG,KAB. BANDUNG,candidate_review_only,corroborated_candidate,40215,40215;40397,,yes,Kodepos.dev corroborates Open Data Jabar; candidate is not accepted as final.
POSTAL-3204322007,32.04.32.2007,MALAKASARI,BALEENDAH,KAB. BANDUNG,candidate_review_only,corroborated_candidate,40258,40258;40375,,yes,Kodepos.dev corroborates Open Data Jabar; candidate is not accepted as final.
POSTAL-3204332001,32.04.33.2001,MAJALAYA,MAJALAYA,KAB. BANDUNG,candidate_review_only,corroborated_candidate,40382,40382;41371,,yes,Kodepos.dev corroborates Diskominfo; candidate is not accepted as final.
POSTAL-3204342001,32.04.34.2001,RANCAKASUMBA,SOLOKANJERUK,KAB. BANDUNG,unresolved_do_not_guess,review_required,,40375;40376;40387,,yes,No automatic selection: Kodepos.dev does not corroborate exactly one local source.
POSTAL-3204342002,32.04.34.2002,SOLOKANJERUK,SOLOKANJERUK,KAB. BANDUNG,unresolved_do_not_guess,review_required,,40375;40387,,yes,No automatic selection: Kodepos.dev does not corroborate exactly one local source.
POSTAL-3204342003,32.04.34.2003,CIBODAS,SOLOKANJERUK,KAB. BANDUNG,unresolved_do_not_guess,review_required,,40375;40376;40387,,yes,No automatic selection: Kodepos.dev does not corroborate exactly one local source.
POSTAL-3204342004,32.04.34.2004,PANYADAP,SOLOKANJERUK,KAB. BANDUNG,unresolved_do_not_guess,review_required,,40375;40376;40387,,yes,No automatic selection: Kodepos.dev does not corroborate exactly one local source.
POSTAL-3204342005,32.04.34.2005,BOJONGEMAS,SOLOKANJERUK,KAB. BANDUNG,unresolved_do_not_guess,review_required,,40375;40376;40387,,yes,No automatic selection: Kodepos.dev does not corroborate exactly one local source.
POSTAL-3204342006,32.04.34.2006,PADAMUKTI,SOLOKANJERUK,KAB. BANDUNG,unresolved_do_not_guess,review_required,,40375;40376;40387,,yes,No automatic selection: Kodepos.dev does not corroborate exactly one local source.
POSTAL-3204342007,32.04.34.2007,LANGENSARI,SOLOKANJERUK,KAB. BANDUNG,unresolved_do_not_guess,review_required,,40375;40376;40387,,yes,No automatic selection: Kodepos.dev does not corroborate exactly one local source.
POSTAL-3204352006,32.04.35.2006,SINDANGSARI,PASEH,KAB. BANDUNG,candidate_review_only,corroborated_candidate,40383,40383;40761,,yes,Kodepos.dev corroborates Open Data Jabar; candidate is not accepted as final.
POSTAL-3204372001,32.04.37.2001,SOREANG,SOREANG,KAB. BANDUNG,candidate_review_only,corroborated_candidate,40911,40317;40911,,yes,Kodepos.dev corroborates Open Data Jabar; candidate is not accepted as final.
POSTAL-3204372002,32.04.37.2002,SADU,SOREANG,KAB. BANDUNG,candidate_review_only,corroborated_candidate,40913,40313;40913,,yes,Kodepos.dev corroborates Open Data Jabar; candidate is not accepted as final.
POSTAL-3204372004,32.04.37.2004,PANYIRAPAN,SOREANG,KAB. BANDUNG,candidate_review_only,corroborated_candidate,40915,40315;40915,,yes,Kodepos.dev corroborates Open Data Jabar; candidate is not accepted as final.
POSTAL-3204372010,32.04.37.2010,SUKAJADI,SOREANG,KAB. BANDUNG,candidate_review_only,corroborated_candidate,40911,40311;40911,,yes,Kodepos.dev corroborates Open Data Jabar; candidate is not accepted as final.
POSTAL-3204372011,32.04.37.2011,PAMEKARAN,SOREANG,KAB. BANDUNG,candidate_review_only,corroborated_candidate,40912,40312;40912,,yes,Kodepos.dev corroborates Open Data Jabar; candidate is not accepted as final.
POSTAL-3204372017,32.04.37.2017,KARAMATMULYA,SOREANG,KAB. BANDUNG,candidate_review_only,corroborated_candidate,40914,40314;40914,,yes,Kodepos.dev corroborates Open Data Jabar; candidate is not accepted as final.
POSTAL-3204372018,32.04.37.2018,SUKANAGARA,SOREANG,KAB. BANDUNG,candidate_review_only,corroborated_candidate,40911,40311;40911,,yes,Kodepos.dev corroborates Open Data Jabar; candidate is not accepted as final.
POSTAL-3204372019,32.04.37.2019,CINGCIN,SOREANG,KAB. BANDUNG,candidate_review_only,corroborated_candidate,40914,40317;40914,,yes,Kodepos.dev corroborates Open Data Jabar; candidate is not accepted as final.
POSTAL-3204372020,32.04.37.2020,PARUNGSERAB,SOREANG,KAB. BANDUNG,candidate_review_only,corroborated_candidate,40914,40319;40914,,yes,Kodepos.dev corroborates Open Data Jabar; candidate is not accepted as final.
POSTAL-3204372021,32.04.37.2021,SEKARWANGI,SOREANG,KAB. BANDUNG,candidate_review_only,corroborated_candidate,40914,40318;40914,,yes,Kodepos.dev corroborates Open Data Jabar; candidate is not accepted as final.
POSTAL-3204382001,32.04.38.2001,PASIRJAMBU,PASIRJAMBU,KAB. BANDUNG,candidate_review_only,corroborated_candidate,40972,40364;40972,,yes,Kodepos.dev corroborates Open Data Jabar; candidate is not accepted as final.
POSTAL-3204382002,32.04.38.2002,CIBODAS,PASIRJAMBU,KAB. BANDUNG,candidate_review_only,corroborated_candidate,40972,40364;40972,,yes,Kodepos.dev corroborates Open Data Jabar; candidate is not accepted as final.
POSTAL-3204382003,32.04.38.2003,CIKONENG,PASIRJAMBU,KAB. BANDUNG,candidate_review_only,corroborated_candidate,40972,40364;40972,,yes,Kodepos.dev corroborates Open Data Jabar; candidate is not accepted as final.
POSTAL-3204382004,32.04.38.2004,CUKANGGENTENG,PASIRJAMBU,KAB. BANDUNG,candidate_review_only,corroborated_candidate,40972,40364;40972,,yes,Kodepos.dev corroborates Open Data Jabar; candidate is not accepted as final.
POSTAL-3204382005,32.04.38.2005,CISONDARI,PASIRJAMBU,KAB. BANDUNG,candidate_review_only,corroborated_candidate,40972,40364;40972,,yes,Kodepos.dev corroborates Open Data Jabar; candidate is not accepted as final.
POSTAL-3204382006,32.04.38.2006,MARGAMULYA,PASIRJAMBU,KAB. BANDUNG,candidate_review_only,corroborated_candidate,40972,40364;40972,,yes,Kodepos.dev corroborates Open Data Jabar; candidate is not accepted as final.
POSTAL-3204382007,32.04.38.2007,MEKARSARI,PASIRJAMBU,KAB. BANDUNG,candidate_review_only,corroborated_candidate,40972,40364;40972,,yes,Kodepos.dev corroborates Open Data Jabar; candidate is not accepted as final.
POSTAL-3204382008,32.04.38.2008,MEKARMAJU,PASIRJAMBU,KAB. BANDUNG,candidate_review_only,corroborated_candidate,40972,40364;40972,,yes,Kodepos.dev corroborates Open Data Jabar; candidate is not accepted as final.
POSTAL-3204382009,32.04.38.2009,SUGIHMUKTI,PASIRJAMBU,KAB. BANDUNG,candidate_review_only,corroborated_candidate,40972,40364;40972,,yes,Kodepos.dev corroborates Open Data Jabar; candidate is not accepted as final.
POSTAL-3204382010,32.04.38.2010,TENJOLAYA,PASIRJAMBU,KAB. BANDUNG,candidate_review_only,corroborated_candidate,40972,40364;40972,,yes,Kodepos.dev corroborates Open Data Jabar; candidate is not accepted as final.
POSTAL-3204392001,32.04.39.2001,LEBAKMUNCANG,CIWIDEY,KAB. BANDUNG,candidate_review_only,corroborated_candidate,40973,40362;40973,,yes,Kodepos.dev corroborates Open Data Jabar; candidate is not accepted as final.
POSTAL-3204392002,32.04.39.2002,CIWIDEY,CIWIDEY,KAB. BANDUNG,candidate_review_only,corroborated_candidate,40973,40362;40973,,yes,Kodepos.dev corroborates Open Data Jabar; candidate is not accepted as final.
POSTAL-3204392003,32.04.39.2003,NENGKELAN,CIWIDEY,KAB. BANDUNG,candidate_review_only,corroborated_candidate,40973,40362;40973,,yes,Kodepos.dev corroborates Open Data Jabar; candidate is not accepted as final.
POSTAL-3204392004,32.04.39.2004,PANUNDAAN,CIWIDEY,KAB. BANDUNG,candidate_review_only,corroborated_candidate,40973,40362;40973,,yes,Kodepos.dev corroborates Open Data Jabar; candidate is not accepted as final.
POSTAL-3204392005,32.04.39.2005,PANYOCOKAN,CIWIDEY,KAB. BANDUNG,candidate_review_only,corroborated_candidate,40973,40362;40973,,yes,Kodepos.dev corroborates Open Data Jabar; candidate is not accepted as final.
POSTAL-3204392006,32.04.39.2006,RAWABOGO,CIWIDEY,KAB. BANDUNG,candidate_review_only,corroborated_candidate,40973,40362;40973,,yes,Kodepos.dev corroborates Open Data Jabar; candidate is not accepted as final.
POSTAL-3204392007,32.04.39.2007,SUKAWENING,CIWIDEY,KAB. BANDUNG,candidate_review_only,corroborated_candidate,40973,40362;40973,,yes,Kodepos.dev corroborates Open Data Jabar; candidate is not accepted as final.
POSTAL-3204402001,32.04.40.2001,PATENGAN,RANCABALI,KAB. BANDUNG,unresolved_do_not_guess,review_required,,40363;40974,,yes,No automatic selection: Kodepos.dev does not corroborate exactly one local source.
POSTAL-3204402002,32.04.40.2002,SUKARESMI,RANCABALI,KAB. BANDUNG,unresolved_do_not_guess,review_required,,40363;40974,,yes,No automatic selection: Kodepos.dev does not corroborate exactly one local source.
POSTAL-3204402003,32.04.40.2003,INDRAGIRI,RANCABALI,KAB. BANDUNG,unresolved_do_not_guess,review_required,,40363;40974,,yes,No automatic selection: Kodepos.dev does not corroborate exactly one local source.
POSTAL-3204402004,32.04.40.2004,CIPELAH,RANCABALI,KAB. BANDUNG,unresolved_do_not_guess,review_required,,40363;40974,,yes,No automatic selection: Kodepos.dev does not corroborate exactly one local source.
POSTAL-3204402005,32.04.40.2005,ALAMENDAH,RANCABALI,KAB. BANDUNG,unresolved_do_not_guess,review_required,,40363;40974,,yes,No automatic selection: Kodepos.dev does not corroborate exactly one local source.
POSTAL-3204442001,32.04.44.2001,CANGKUANG,CANGKUANG,KAB. BANDUNG,candidate_review_only,corroborated_candidate,40238,40238;40361,,yes,Kodepos.dev corroborates Open Data Jabar; candidate is not accepted as final.
POSTAL-3204442002,32.04.44.2002,CILUNCAT,CANGKUANG,KAB. BANDUNG,candidate_review_only,corroborated_candidate,40238,40238;40361,,yes,Kodepos.dev corroborates Open Data Jabar; candidate is not accepted as final.
POSTAL-3204442003,32.04.44.2003,NAGRAK,CANGKUANG,KAB. BANDUNG,candidate_review_only,corroborated_candidate,40238,40238;40361,,yes,Kodepos.dev corroborates Open Data Jabar; candidate is not accepted as final.
POSTAL-3204442004,32.04.44.2004,BANDASARI,CANGKUANG,KAB. BANDUNG,candidate_review_only,corroborated_candidate,40238,40238;40361,,yes,Kodepos.dev corroborates Open Data Jabar; candidate is not accepted as final.
POSTAL-3204442005,32.04.44.2005,PANANJUNG,CANGKUANG,KAB. BANDUNG,candidate_review_only,corroborated_candidate,40238,40238;40361,,yes,Kodepos.dev corroborates Open Data Jabar; candidate is not accepted as final.
POSTAL-3204442006,32.04.44.2006,JATISARI,CANGKUANG,KAB. BANDUNG,candidate_review_only,corroborated_candidate,40238,40238;40361,,yes,Kodepos.dev corroborates Open Data Jabar; candidate is not accepted as final.
POSTAL-3204442007,32.04.44.2007,TANJUNGSARI,CANGKUANG,KAB. BANDUNG,candidate_review_only,corroborated_candidate,40238,40238;40361,,yes,Kodepos.dev corroborates Open Data Jabar; candidate is not accepted as final.
POSTAL-3204462001,32.04.46.2001,JELEGONG,KUTAWARINGIN,KAB. BANDUNG,candidate_review_only,corroborated_candidate,40911,40356;40911,,yes,Kodepos.dev corroborates Open Data Jabar; candidate is not accepted as final.
POSTAL-3204462002,32.04.46.2002,JATISARI,KUTAWARINGIN,KAB. BANDUNG,candidate_review_only,corroborated_candidate,40911,40356;40911,,yes,Kodepos.dev corroborates Open Data Jabar; candidate is not accepted as final.
POSTAL-3204462003,32.04.46.2003,PAMEUNTASAN,KUTAWARINGIN,KAB. BANDUNG,candidate_review_only,corroborated_candidate,40911,40356;40911,,yes,Kodepos.dev corroborates Open Data Jabar; candidate is not accepted as final.
POSTAL-3204462004,32.04.46.2004,KOPO,KUTAWARINGIN,KAB. BANDUNG,candidate_review_only,corroborated_candidate,40911,40356;40911,,yes,Kodepos.dev corroborates Open Data Jabar; candidate is not accepted as final.
POSTAL-3204462005,32.04.46.2005,CIBODAS,KUTAWARINGIN,KAB. BANDUNG,candidate_review_only,corroborated_candidate,40911,40356;40911,,yes,Kodepos.dev corroborates Open Data Jabar; candidate is not accepted as final.
POSTAL-3204462006,32.04.46.2006,KUTAWARINGIN,KUTAWARINGIN,KAB. BANDUNG,candidate_review_only,corroborated_candidate,40911,40356;40911,,yes,Kodepos.dev corroborates Open Data Jabar; candidate is not accepted as final.
POSTAL-3204462007,32.04.46.2007,SUKAMULYA,KUTAWARINGIN,KAB. BANDUNG,candidate_review_only,corroborated_candidate,40911,40356;40911,,yes,Kodepos.dev corroborates Open Data Jabar; candidate is not accepted as final.
POSTAL-3204462008,32.04.46.2008,PADASUKA,KUTAWARINGIN,KAB. BANDUNG,candidate_review_only,corroborated_candidate,40911,40356;40911,,yes,Kodepos.dev corroborates Open Data Jabar; candidate is not accepted as final.
POSTAL-3204462009,32.04.46.2009,BUNINAGARA,KUTAWARINGIN,KAB. BANDUNG,candidate_review_only,corroborated_candidate,40911,40356;40911,,yes,Kodepos.dev corroborates Open Data Jabar; candidate is not accepted as final.
POSTAL-3204462010,32.04.46.2010,GAJAH MEKAR,KUTAWARINGIN,KAB. BANDUNG,candidate_review_only,corroborated_candidate,40911,40356;40911,,yes,Kodepos.dev corroborates Open Data Jabar; candidate is not accepted as final.
POSTAL-3204462011,32.04.46.2011,CILAME,KUTAWARINGIN,KAB. BANDUNG,candidate_review_only,corroborated_candidate,40911,40356;40911,,yes,Kodepos.dev corroborates Open Data Jabar; candidate is not accepted as final.
POSTAL-3205011003,32.05.01.1003,MARGAWATI,GARUT KOTA,KAB. GARUT,candidate_review_only,corroborated_candidate,44113,44113;44119,,yes,Kodepos.dev corroborates Open Data Jabar; candidate is not accepted as final.
POSTAL-3205011010,32.05.01.1010,SUKANEGLA,GARUT KOTA,KAB. GARUT,candidate_review_only,corroborated_candidate,44111,44111;44119,,yes,Kodepos.dev corroborates Open Data Jabar; candidate is not accepted as final.
POSTAL-3205032001,32.05.03.2001,WANARAJA,WANARAJA,KAB. GARUT,unresolved_do_not_guess,review_required,,44180;44183,,yes,No automatic selection: Kodepos.dev does not corroborate exactly one local source.
POSTAL-3205032002,32.05.03.2002,WANAMEKAR,WANARAJA,KAB. GARUT,unresolved_do_not_guess,review_required,,44180;44183,,yes,No automatic selection: Kodepos.dev does not corroborate exactly one local source.
POSTAL-3205032003,32.05.03.2003,CINUNUK,WANARAJA,KAB. GARUT,unresolved_do_not_guess,review_required,,44180;44183,,yes,No automatic selection: Kodepos.dev does not corroborate exactly one local source.
POSTAL-3205032007,32.05.03.2007,SUKAMENAK,WANARAJA,KAB. GARUT,unresolved_do_not_guess,review_required,,44180;44183,,yes,No automatic selection: Kodepos.dev does not corroborate exactly one local source.
POSTAL-3205032008,32.05.03.2008,SINDANGRATU,WANARAJA,KAB. GARUT,unresolved_do_not_guess,review_required,,44180;44183,,yes,No automatic selection: Kodepos.dev does not corroborate exactly one local source.
POSTAL-3205032011,32.05.03.2011,WANAJAYA,WANARAJA,KAB. GARUT,unresolved_do_not_guess,review_required,,44180;44183,,yes,No automatic selection: Kodepos.dev does not corroborate exactly one local source.
POSTAL-3205032015,32.05.03.2015,SINDANGMEKAR,WANARAJA,KAB. GARUT,unresolved_do_not_guess,review_required,,44180;44183,,yes,No automatic selection: Kodepos.dev does not corroborate exactly one local source.
POSTAL-3205032019,32.05.03.2019,WANASARI,WANARAJA,KAB. GARUT,unresolved_do_not_guess,review_required,,44180;44183,,yes,No automatic selection: Kodepos.dev does not corroborate exactly one local source.
POSTAL-3205032024,32.05.03.2024,SINDANGPRABU,WANARAJA,KAB. GARUT,unresolved_do_not_guess,review_required,,44180;44183,,yes,No automatic selection: Kodepos.dev does not corroborate exactly one local source.
POSTAL-3205041012,32.05.04.1012,PANANJUNG,TAROGONG KALER,KAB. GARUT,candidate_review_only,corroborated_candidate,44151,44135;44151,,yes,Kodepos.dev corroborates Open Data Jabar; candidate is not accepted as final.
POSTAL-3205042001,32.05.04.2001,SUKAJADI,TAROGONG KALER,KAB. GARUT,candidate_review_only,corroborated_candidate,44151,44138;44151,,yes,Kodepos.dev corroborates Open Data Jabar; candidate is not accepted as final.
POSTAL-3205042002,32.05.04.2002,CIMANGANTEN,TAROGONG KALER,KAB. GARUT,candidate_review_only,corroborated_candidate,44151,44131;44151,,yes,Kodepos.dev corroborates Open Data Jabar; candidate is not accepted as final.
POSTAL-3205042003,32.05.04.2003,JATI,TAROGONG KALER,KAB. GARUT,candidate_review_only,corroborated_candidate,44151,44132;44151,,yes,Kodepos.dev corroborates Open Data Jabar; candidate is not accepted as final.
POSTAL-3205042004,32.05.04.2004,RANCABANGO,TAROGONG KALER,KAB. GARUT,candidate_review_only,corroborated_candidate,44151,44136;44151,,yes,Kodepos.dev corroborates Open Data Jabar; candidate is not accepted as final.
POSTAL-3205042005,32.05.04.2005,SUKAWANGI,TAROGONG KALER,KAB. GARUT,candidate_review_only,corroborated_candidate,44151,44138;44151,,yes,Kodepos.dev corroborates Open Data Jabar; candidate is not accepted as final.
POSTAL-3205042006,32.05.04.2006,SIRNAJAYA,TAROGONG KALER,KAB. GARUT,candidate_review_only,corroborated_candidate,44151,44139;44151,,yes,Kodepos.dev corroborates Open Data Jabar; candidate is not accepted as final.
POSTAL-3205042007,32.05.04.2007,TANJUNG KAMUNING,TAROGONG KALER,KAB. GARUT,candidate_review_only,corroborated_candidate,44151,44137;44151,,yes,Kodepos.dev corroborates Open Data Jabar; candidate is not accepted as final.
POSTAL-3205042008,32.05.04.2008,MEKARJAYA,TAROGONG KALER,KAB. GARUT,candidate_review_only,corroborated_candidate,44151,44139;44151,,yes,Kodepos.dev corroborates Open Data Jabar; candidate is not accepted as final.
POSTAL-3205042009,32.05.04.2009,LANGENSARI,TAROGONG KALER,KAB. GARUT,candidate_review_only,corroborated_candidate,44151,44134;44151,,yes,Kodepos.dev corroborates Open Data Jabar; candidate is not accepted as final.
POSTAL-3205042010,32.05.04.2010,MEKARWANGI,TAROGONG KALER,KAB. GARUT,candidate_review_only,corroborated_candidate,44151,44139;44151,,yes,Kodepos.dev corroborates Open Data Jabar; candidate is not accepted as final.
POSTAL-3205042011,32.05.04.2011,PASAWAHAN,TAROGONG KALER,KAB. GARUT,candidate_review_only,corroborated_candidate,44151,44133;44151,,yes,Kodepos.dev corroborates Open Data Jabar; candidate is not accepted as final.
POSTAL-3205042013,32.05.04.2013,PANJIWANGI,TAROGONG KALER,KAB. GARUT,candidate_review_only,corroborated_candidate,44151,44138;44151,,yes,Kodepos.dev corroborates Open Data Jabar; candidate is not accepted as final.
POSTAL-3205051001,32.05.05.1001,PATARUMAN,TAROGONG KIDUL,KAB. GARUT,unresolved_do_not_guess,review_required,,44121;44150;44151,,yes,No automatic selection: Kodepos.dev does not corroborate exactly one local source.
POSTAL-3205051002,32.05.05.1002,SUKAGALIH,TAROGONG KIDUL,KAB. GARUT,unresolved_do_not_guess,review_required,,44125;44150;44151,,yes,No automatic selection: Kodepos.dev does not corroborate exactly one local source.
POSTAL-3205051006,32.05.05.1006,JAYAWARAS,TAROGONG KIDUL,KAB. GARUT,unresolved_do_not_guess,review_required,,44123;44150;44151,,yes,No automatic selection: Kodepos.dev does not corroborate exactly one local source.
POSTAL-3205051009,32.05.05.1009,SUKAKARYA,TAROGONG KIDUL,KAB. GARUT,unresolved_do_not_guess,review_required,,44127;44150;44151,,yes,No automatic selection: Kodepos.dev does not corroborate exactly one local source.
POSTAL-3205051012,32.05.05.1012,SUKAJAYA,TAROGONG KIDUL,KAB. GARUT,unresolved_do_not_guess,review_required,,44128;44150;44151,,yes,No automatic selection: Kodepos.dev does not corroborate exactly one local source.
POSTAL-3205052003,32.05.05.2003,JAYARAGA,TAROGONG KIDUL,KAB. GARUT,unresolved_do_not_guess,review_required,,44122;44150;44151,,yes,No automatic selection: Kodepos.dev does not corroborate exactly one local source.
POSTAL-3205052004,32.05.05.2004,HAURPANGGUNG,TAROGONG KIDUL,KAB. GARUT,unresolved_do_not_guess,review_required,,44124;44150;44151,,yes,No automatic selection: Kodepos.dev does not corroborate exactly one local source.
POSTAL-3205052005,32.05.05.2005,CIBUNAR,TAROGONG KIDUL,KAB. GARUT,unresolved_do_not_guess,review_required,,44129;44150;44151,,yes,No automatic selection: Kodepos.dev does not corroborate exactly one local source.
POSTAL-3205052007,32.05.05.2007,SUKABAKTI,TAROGONG KIDUL,KAB. GARUT,unresolved_do_not_guess,review_required,,44129;44150;44151,,yes,No automatic selection: Kodepos.dev does not corroborate exactly one local source.
POSTAL-3205052008,32.05.05.2008,TAROGONG,TAROGONG KIDUL,KAB. GARUT,unresolved_do_not_guess,review_required,,44126;44150;44151,,yes,No automatic selection: Kodepos.dev does not corroborate exactly one local source.
POSTAL-3205052010,32.05.05.2010,MEKARGALIH,TAROGONG KIDUL,KAB. GARUT,unresolved_do_not_guess,review_required,,44129;44150;44151,,yes,No automatic selection: Kodepos.dev does not corroborate exactly one local source.
POSTAL-3205052011,32.05.05.2011,KERSAMENAK,TAROGONG KIDUL,KAB. GARUT,unresolved_do_not_guess,review_required,,44129;44150;44151,,yes,No automatic selection: Kodepos.dev does not corroborate exactly one local source.
POSTAL-3205072001,32.05.07.2001,SAMARANG,SAMARANG,KAB. GARUT,unresolved_do_not_guess,review_required,,44160;44161,,yes,No automatic selection: Kodepos.dev does not corroborate exactly one local source.
POSTAL-3205072002,32.05.07.2002,CINTARAKYAT,SAMARANG,KAB. GARUT,unresolved_do_not_guess,review_required,,44160;44161,,yes,No automatic selection: Kodepos.dev does not corroborate exactly one local source.
POSTAL-3205072003,32.05.07.2003,SUKARASA,SAMARANG,KAB. GARUT,unresolved_do_not_guess,review_required,,44160;44161,,yes,No automatic selection: Kodepos.dev does not corroborate exactly one local source.
POSTAL-3205072004,32.05.07.2004,PARAKAN,SAMARANG,KAB. GARUT,unresolved_do_not_guess,review_required,,44160;44161,,yes,No automatic selection: Kodepos.dev does not corroborate exactly one local source.
POSTAL-3205072005,32.05.07.2005,SUKAKARYA,SAMARANG,KAB. GARUT,unresolved_do_not_guess,review_required,,44160;44161,,yes,No automatic selection: Kodepos.dev does not corroborate exactly one local source.
POSTAL-3205072006,32.05.07.2006,CINTAKARYA,SAMARANG,KAB. GARUT,unresolved_do_not_guess,review_required,,44160;44161,,yes,No automatic selection: Kodepos.dev does not corroborate exactly one local source.
POSTAL-3205072007,32.05.07.2007,TANJUNG KARYA,SAMARANG,KAB. GARUT,unresolved_do_not_guess,review_required,,44160;44161,,yes,No automatic selection: Kodepos.dev does not corroborate exactly one local source.
POSTAL-3205072008,32.05.07.2008,CISARUA,SAMARANG,KAB. GARUT,unresolved_do_not_guess,review_required,,44160;44161,,yes,No automatic selection: Kodepos.dev does not corroborate exactly one local source.
POSTAL-3205072009,32.05.07.2009,CINTARASA,SAMARANG,KAB. GARUT,unresolved_do_not_guess,review_required,,44160;44161,,yes,No automatic selection: Kodepos.dev does not corroborate exactly one local source.
POSTAL-3205072010,32.05.07.2010,CINTAASIH,SAMARANG,KAB. GARUT,unresolved_do_not_guess,review_required,,44160;44161,,yes,No automatic selection: Kodepos.dev does not corroborate exactly one local source.
POSTAL-3205072011,32.05.07.2011,SIRNASARI,SAMARANG,KAB. GARUT,unresolved_do_not_guess,review_required,,44160;44161,,yes,No automatic selection: Kodepos.dev does not corroborate exactly one local source.
POSTAL-3205072012,32.05.07.2012,SUKALAKSANA,SAMARANG,KAB. GARUT,unresolved_do_not_guess,review_required,,44160;44161,,yes,No automatic selection: Kodepos.dev does not corroborate exactly one local source.
POSTAL-3205072013,32.05.07.2013,TANJUNGANOM,SAMARANG,KAB. GARUT,unresolved_do_not_guess,review_required,,44160;44161,,yes,No automatic selection: Kodepos.dev does not corroborate exactly one local source.
POSTAL-3205082001,32.05.08.2001,PASIRWANGI,PASIRWANGI,KAB. GARUT,candidate_review_only,corroborated_candidate,44161,44154;44161,,yes,Kodepos.dev corroborates Open Data Jabar; candidate is not accepted as final.
POSTAL-3205082002,32.05.08.2002,PASIRKIAMIS,PASIRWANGI,KAB. GARUT,candidate_review_only,corroborated_candidate,44161,44154;44161,,yes,Kodepos.dev corroborates Open Data Jabar; candidate is not accepted as final.
POSTAL-3205082003,32.05.08.2003,PADASUKA,PASIRWANGI,KAB. GARUT,candidate_review_only,corroborated_candidate,44161,44154;44161,,yes,Kodepos.dev corroborates Open Data Jabar; candidate is not accepted as final.
POSTAL-3205082004,32.05.08.2004,KARYAMEKAR,PASIRWANGI,KAB. GARUT,candidate_review_only,corroborated_candidate,44161,44154;44161,,yes,Kodepos.dev corroborates Open Data Jabar; candidate is not accepted as final.
POSTAL-3205082005,32.05.08.2005,PADAWAAS,PASIRWANGI,KAB. GARUT,candidate_review_only,corroborated_candidate,44161,44154;44161,,yes,Kodepos.dev corroborates Open Data Jabar; candidate is not accepted as final.
POSTAL-3205082006,32.05.08.2006,PADAASIH,PASIRWANGI,KAB. GARUT,candidate_review_only,corroborated_candidate,44161,44154;44161,,yes,Kodepos.dev corroborates Open Data Jabar; candidate is not accepted as final.
POSTAL-3205082007,32.05.08.2007,BARUSARI,PASIRWANGI,KAB. GARUT,candidate_review_only,corroborated_candidate,44161,44154;44161,,yes,Kodepos.dev corroborates Open Data Jabar; candidate is not accepted as final.
POSTAL-3205082008,32.05.08.2008,TALAGA,PASIRWANGI,KAB. GARUT,candidate_review_only,corroborated_candidate,44161,44154;44161,,yes,Kodepos.dev corroborates Open Data Jabar; candidate is not accepted as final.
POSTAL-3205082009,32.05.08.2009,PADAMUKTI,PASIRWANGI,KAB. GARUT,candidate_review_only,corroborated_candidate,44161,44154;44161,,yes,Kodepos.dev corroborates Open Data Jabar; candidate is not accepted as final.
POSTAL-3205082011,32.05.08.2011,SARIMUKTI,PASIRWANGI,KAB. GARUT,candidate_review_only,corroborated_candidate,44161,44154;44161,,yes,Kodepos.dev corroborates Open Data Jabar; candidate is not accepted as final.
POSTAL-3205082012,32.05.08.2012,PADAMULYA,PASIRWANGI,KAB. GARUT,candidate_review_only,corroborated_candidate,44161,44154;44161,,yes,Kodepos.dev corroborates Open Data Jabar; candidate is not accepted as final.
POSTAL-3205092006,32.05.09.2006,CANGKUANG,LELES,KAB. GARUT,candidate_review_only,corroborated_candidate,44119,44119;44152,,yes,Kodepos.dev corroborates Open Data Jabar; candidate is not accepted as final.
POSTAL-3205132001,32.05.13.2001,KERSAMANAH,KERSAMANAH,KAB. GARUT,unresolved_do_not_guess,review_required,,44185;44189;44194,,yes,No automatic selection: Kodepos.dev does not corroborate exactly one local source.
POSTAL-3205132002,32.05.13.2002,NANJUNGJAYA,KERSAMANAH,KAB. GARUT,unresolved_do_not_guess,review_required,,44185;44189;44194,,yes,No automatic selection: Kodepos.dev does not corroborate exactly one local source.
POSTAL-3205132003,32.05.13.2003,SUKAMERANG,KERSAMANAH,KAB. GARUT,unresolved_do_not_guess,review_required,,44185;44189;44194,,yes,No automatic selection: Kodepos.dev does not corroborate exactly one local source.
POSTAL-3205132004,32.05.13.2004,GIRIJAYA,KERSAMANAH,KAB. GARUT,unresolved_do_not_guess,review_required,,44185;44189;44194,,yes,No automatic selection: Kodepos.dev does not corroborate exactly one local source.
POSTAL-3205132005,32.05.13.2005,SUKAMAJU,KERSAMANAH,KAB. GARUT,unresolved_do_not_guess,review_required,,44185;44189;44194,,yes,No automatic selection: Kodepos.dev does not corroborate exactly one local source.
POSTAL-3205132006,32.05.13.2006,MEKARRAYA,KERSAMANAH,KAB. GARUT,unresolved_do_not_guess,review_required,,44185;44189;44194,,yes,No automatic selection: Kodepos.dev does not corroborate exactly one local source.
POSTAL-3205152001,32.05.15.2001,SUKAWENING,SUKAWENING,KAB. GARUT,unresolved_do_not_guess,review_required,,44179;44184,,yes,No automatic selection: Kodepos.dev does not corroborate exactly one local source.
POSTAL-3205152002,32.05.15.2002,SUKAMUKTI,SUKAWENING,KAB. GARUT,unresolved_do_not_guess,review_required,,44179;44184,,yes,No automatic selection: Kodepos.dev does not corroborate exactly one local source.
POSTAL-3205152003,32.05.15.2003,MEKARLUYU,SUKAWENING,KAB. GARUT,unresolved_do_not_guess,review_required,,44179;44184,,yes,No automatic selection: Kodepos.dev does not corroborate exactly one local source.
POSTAL-3205152004,32.05.15.2004,SUKALUYU,SUKAWENING,KAB. GARUT,unresolved_do_not_guess,review_required,,44179;44184,,yes,No automatic selection: Kodepos.dev does not corroborate exactly one local source.
POSTAL-3205152005,32.05.15.2005,SUDALARANG,SUKAWENING,KAB. GARUT,unresolved_do_not_guess,review_required,,44179;44184,,yes,No automatic selection: Kodepos.dev does not corroborate exactly one local source.
POSTAL-3205152006,32.05.15.2006,SUKASONO,SUKAWENING,KAB. GARUT,unresolved_do_not_guess,review_required,,44179;44184,,yes,No automatic selection: Kodepos.dev does not corroborate exactly one local source.
POSTAL-3205152007,32.05.15.2007,SUKAHAJI,SUKAWENING,KAB. GARUT,unresolved_do_not_guess,review_required,,44179;44184,,yes,No automatic selection: Kodepos.dev does not corroborate exactly one local source.
POSTAL-3205152008,32.05.15.2008,PASANGGRAHAN,SUKAWENING,KAB. GARUT,unresolved_do_not_guess,review_required,,44179;44184,,yes,No automatic selection: Kodepos.dev does not corroborate exactly one local source.
POSTAL-3205152009,32.05.15.2009,MARIPARI,SUKAWENING,KAB. GARUT,unresolved_do_not_guess,review_required,,44179;44184,,yes,No automatic selection: Kodepos.dev does not corroborate exactly one local source.
POSTAL-3205152010,32.05.15.2010,MEKARWANGI,SUKAWENING,KAB. GARUT,unresolved_do_not_guess,review_required,,44179;44184,,yes,No automatic selection: Kodepos.dev does not corroborate exactly one local source.
POSTAL-3205152011,32.05.15.2011,MEKAR HURIP,SUKAWENING,KAB. GARUT,unresolved_do_not_guess,review_required,,44179;44184,,yes,No automatic selection: Kodepos.dev does not corroborate exactly one local source.
POSTAL-3205162001,32.05.16.2001,CARINGIN,KARANGTENGAH,KAB. GARUT,candidate_review_only,corroborated_candidate,44184,44184;44189,,yes,Kodepos.dev corroborates Open Data Jabar; candidate is not accepted as final.
POSTAL-3205162002,32.05.16.2002,CINTAMANIK,KARANGTENGAH,KAB. GARUT,candidate_review_only,corroborated_candidate,44184,44184;44189,,yes,Kodepos.dev corroborates Open Data Jabar; candidate is not accepted as final.
POSTAL-3205162003,32.05.16.2003,CINTA,KARANGTENGAH,KAB. GARUT,candidate_review_only,corroborated_candidate,44184,44184;44189,,yes,Kodepos.dev corroborates Open Data Jabar; candidate is not accepted as final.
POSTAL-3205162004,32.05.16.2004,SINDANGGALIH,KARANGTENGAH,KAB. GARUT,candidate_review_only,corroborated_candidate,44184,44184;44189,,yes,Kodepos.dev corroborates Open Data Jabar; candidate is not accepted as final.
POSTAL-3205172018,32.05.17.2018,SUKAMANAH,BAYONGBONG,KAB. GARUT,candidate_review_only,corroborated_candidate,44162,44162;44188,,yes,Kodepos.dev corroborates Open Data Jabar; candidate is not accepted as final.
POSTAL-3205182001,32.05.18.2001,CIGEDUG,CIGEDUG,KAB. GARUT,candidate_review_only,corroborated_candidate,44116,44116;44156,,yes,Kodepos.dev corroborates Open Data Jabar; candidate is not accepted as final.
POSTAL-3205182002,32.05.18.2002,BARUSUDA,CIGEDUG,KAB. GARUT,candidate_review_only,corroborated_candidate,44116,44116;44156,,yes,Kodepos.dev corroborates Open Data Jabar; candidate is not accepted as final.
POSTAL-3205182003,32.05.18.2003,SUKAHURIP,CIGEDUG,KAB. GARUT,candidate_review_only,corroborated_candidate,44116,44116;44156,,yes,Kodepos.dev corroborates Open Data Jabar; candidate is not accepted as final.
POSTAL-3205182004,32.05.18.2004,SINDANGSARI,CIGEDUG,KAB. GARUT,candidate_review_only,corroborated_candidate,44116,44116;44156,,yes,Kodepos.dev corroborates Open Data Jabar; candidate is not accepted as final.
POSTAL-3205182005,32.05.18.2005,CINTANAGARA,CIGEDUG,KAB. GARUT,candidate_review_only,corroborated_candidate,44116,44116;44156,,yes,Kodepos.dev corroborates Open Data Jabar; candidate is not accepted as final.
POSTAL-3205212001,32.05.21.2001,SUKARESMI,SUKARESMI,KAB. GARUT,unresolved_do_not_guess,review_required,,42265;44154;44155,,yes,No automatic selection: Kodepos.dev does not corroborate exactly one local source.
POSTAL-3205212002,32.05.21.2002,CINTADAMAI,SUKARESMI,KAB. GARUT,unresolved_do_not_guess,review_required,,44154;44155;44163,,yes,No automatic selection: Kodepos.dev does not corroborate exactly one local source.
POSTAL-3205212003,32.05.21.2003,MEKARJAYA,SUKARESMI,KAB. GARUT,unresolved_do_not_guess,review_required,,44154;44155;44163,,yes,No automatic selection: Kodepos.dev does not corroborate exactly one local source.
POSTAL-3205212004,32.05.21.2004,SUKAJAYA,SUKARESMI,KAB. GARUT,unresolved_do_not_guess,review_required,,44154;44155;44163,,yes,No automatic selection: Kodepos.dev does not corroborate exactly one local source.
POSTAL-3205212005,32.05.21.2005,SUKAMULYA,SUKARESMI,KAB. GARUT,unresolved_do_not_guess,review_required,,44154;44155;44163,,yes,No automatic selection: Kodepos.dev does not corroborate exactly one local source.
POSTAL-3205212006,32.05.21.2006,PADAMUKTI,SUKARESMI,KAB. GARUT,unresolved_do_not_guess,review_required,,44154;44155;44163,,yes,No automatic selection: Kodepos.dev does not corroborate exactly one local source.
POSTAL-3205212007,32.05.21.2007,SUKALILAH,SUKARESMI,KAB. GARUT,unresolved_do_not_guess,review_required,,44154;44163;44185,,yes,No automatic selection: Kodepos.dev does not corroborate exactly one local source.
POSTAL-3205222012,32.05.22.2012,KRAMATWANGI,CIKAJANG,KAB. GARUT,candidate_review_only,corroborated_candidate,44171,44163;44171,,yes,Kodepos.dev corroborates Open Data Jabar; candidate is not accepted as final.
POSTAL-3205242001,32.05.24.2001,SINGAJAYA,SINGAJAYA,KAB. GARUT,unresolved_do_not_guess,review_required,,44170;44173,,yes,No automatic selection: Kodepos.dev does not corroborate exactly one local source.
POSTAL-3205242002,32.05.24.2002,CIUDIAN,SINGAJAYA,KAB. GARUT,unresolved_do_not_guess,review_required,,44170;44173,,yes,No automatic selection: Kodepos.dev does not corroborate exactly one local source.
POSTAL-3205242003,32.05.24.2003,MEKARTANI,SINGAJAYA,KAB. GARUT,unresolved_do_not_guess,review_required,,44170;44173,,yes,No automatic selection: Kodepos.dev does not corroborate exactly one local source.
POSTAL-3205242004,32.05.24.2004,SUKAMULYA,SINGAJAYA,KAB. GARUT,unresolved_do_not_guess,review_required,,44170;44173,,yes,No automatic selection: Kodepos.dev does not corroborate exactly one local source.
POSTAL-3205242005,32.05.24.2005,SUKAWANGI,SINGAJAYA,KAB. GARUT,unresolved_do_not_guess,review_required,,44170;44173,,yes,No automatic selection: Kodepos.dev does not corroborate exactly one local source.
POSTAL-3205242006,32.05.24.2006,PANCASURA,SINGAJAYA,KAB. GARUT,unresolved_do_not_guess,review_required,,44170;44173,,yes,No automatic selection: Kodepos.dev does not corroborate exactly one local source.
POSTAL-3205242007,32.05.24.2007,KARANGAGUNG,SINGAJAYA,KAB. GARUT,unresolved_do_not_guess,review_required,,44170;44173,,yes,No automatic selection: Kodepos.dev does not corroborate exactly one local source.
POSTAL-3205242008,32.05.24.2008,CIGINTUNG,SINGAJAYA,KAB. GARUT,unresolved_do_not_guess,review_required,,44170;44173,,yes,No automatic selection: Kodepos.dev does not corroborate exactly one local source.
POSTAL-3205242009,32.05.24.2009,GIRIMUKTI,SINGAJAYA,KAB. GARUT,unresolved_do_not_guess,review_required,,44170;44173,,yes,No automatic selection: Kodepos.dev does not corroborate exactly one local source.
POSTAL-3205252001,32.05.25.2001,CIHURIP,CIHURIP,KAB. GARUT,candidate_review_only,corroborated_candidate,44173,44173;44179,,yes,Kodepos.dev corroborates Open Data Jabar; candidate is not accepted as final.
POSTAL-3205252002,32.05.25.2002,CISANGKAL,CIHURIP,KAB. GARUT,candidate_review_only,corroborated_candidate,44173,44173;44179,,yes,Kodepos.dev corroborates Open Data Jabar; candidate is not accepted as final.
POSTAL-3205252003,32.05.25.2003,MEKARWANGI,CIHURIP,KAB. GARUT,candidate_review_only,corroborated_candidate,44173,44173;44179,,yes,Kodepos.dev corroborates Open Data Jabar; candidate is not accepted as final.
POSTAL-3205252004,32.05.25.2004,JAYAMUKTI,CIHURIP,KAB. GARUT,candidate_review_only,corroborated_candidate,44173,44173;44179,,yes,Kodepos.dev corroborates Open Data Jabar; candidate is not accepted as final.
POSTAL-3205282003,32.05.28.2003,MARGAMULYA,CISOMPET,KAB. GARUT,candidate_review_only,corroborated_candidate,44174,44171;44174,,yes,Kodepos.dev corroborates Open Data Jabar; candidate is not accepted as final.
POSTAL-3205292002,32.05.29.2002,MAROKO,CIBALONG,KAB. GARUT,candidate_review_only,corroborated_candidate,44176,44176,,yes,Kodepos.dev corroborates Open Data Jabar; candidate is not accepted as final.
POSTAL-3205292008,32.05.29.2008,MEKAR MUKTI,CIBALONG,KAB. GARUT,candidate_review_only,corroborated_candidate,44176,44176;44199,,yes,Kodepos.dev corroborates Open Data Jabar; candidate is not accepted as final.
POSTAL-3205302008,32.05.30.2008,GIRIMUKTI,CIKELET,KAB. GARUT,candidate_review_only,corroborated_candidate,44177,44166;44177,,yes,Kodepos.dev corroborates Open Data Jabar; candidate is not accepted as final.
POSTAL-3205312006,32.05.31.2006,MARGALAKSANA,BUNGBULANG,KAB. GARUT,candidate_review_only,corroborated_candidate,44165,44165;44181,,yes,Kodepos.dev corroborates Open Data Jabar; candidate is not accepted as final.
POSTAL-3205322001,32.05.32.2001,MEKARMUKTI,MEKARMUKTI,KAB. GARUT,unresolved_do_not_guess,review_required,,44155;44165;44199,,yes,No automatic selection: Kodepos.dev does not corroborate exactly one local source.
POSTAL-3205322002,32.05.32.2002,KARANGWANGI,MEKARMUKTI,KAB. GARUT,unresolved_do_not_guess,review_required,,44155;44165;44199,,yes,No automatic selection: Kodepos.dev does not corroborate exactly one local source.
POSTAL-3205322003,32.05.32.2003,JAYABAYA,MEKARMUKTI,KAB. GARUT,unresolved_do_not_guess,review_required,,40374;44155;44165,,yes,No automatic selection: Kodepos.dev does not corroborate exactly one local source.
POSTAL-3205322004,32.05.32.2004,CIJAYANA,MEKARMUKTI,KAB. GARUT,unresolved_do_not_guess,review_required,,44155;44165;44199,,yes,No automatic selection: Kodepos.dev does not corroborate exactly one local source.
POSTAL-3205322005,32.05.32.2005,MEKARSARI,MEKARMUKTI,KAB. GARUT,unresolved_do_not_guess,review_required,,44155;44165;44199,,yes,No automatic selection: Kodepos.dev does not corroborate exactly one local source.
POSTAL-3205332003,32.05.33.2003,TANJUNGMULYA,PAKENJENG,KAB. GARUT,candidate_review_only,corroborated_candidate,44164,44164;44168,,yes,Kodepos.dev corroborates Open Data Jabar; candidate is not accepted as final.
POSTAL-3205332010,32.05.33.2010,TEGALGEDE,PAKENJENG,KAB. GARUT,candidate_review_only,corroborated_candidate,44164,44164;44168,,yes,Kodepos.dev corroborates Open Data Jabar; candidate is not accepted as final.
POSTAL-3205342001,32.05.34.2001,PAKENJENG,PAMULIHAN,KAB. GARUT,candidate_review_only,corroborated_candidate,44168,44164;44168,,yes,Kodepos.dev corroborates Diskominfo; candidate is not accepted as final.
POSTAL-3205342002,32.05.34.2002,GARUMUKTI,PAMULIHAN,KAB. GARUT,candidate_review_only,corroborated_candidate,44168,44163;44168,,yes,Kodepos.dev corroborates Open Data Jabar; candidate is not accepted as final.
POSTAL-3205342003,32.05.34.2003,PANAWA,PAMULIHAN,KAB. GARUT,candidate_review_only,corroborated_candidate,44168,44163;44168,,yes,Kodepos.dev corroborates Open Data Jabar; candidate is not accepted as final.
POSTAL-3205342005,32.05.34.2005,LINGGARJATI,PAMULIHAN,KAB. GARUT,candidate_review_only,corroborated_candidate,44168,44163;44168,,yes,Kodepos.dev corroborates Open Data Jabar; candidate is not accepted as final.
POSTAL-3205352001,32.05.35.2001,CISEWU,CISEWU,KAB. GARUT,unresolved_do_not_guess,review_required,,44166;44169,,yes,No automatic selection: Kodepos.dev does not corroborate exactly one local source.
POSTAL-3205352002,32.05.35.2002,GIRIMUKTI,CISEWU,KAB. GARUT,unresolved_do_not_guess,review_required,,44166;44169,,yes,No automatic selection: Kodepos.dev does not corroborate exactly one local source.
POSTAL-3205352003,32.05.35.2003,PAMALAYAN,CISEWU,KAB. GARUT,unresolved_do_not_guess,review_required,,44166;44169,,yes,No automatic selection: Kodepos.dev does not corroborate exactly one local source.
POSTAL-3205352004,32.05.35.2004,CIKARANG,CISEWU,KAB. GARUT,unresolved_do_not_guess,review_required,,44166;44169,,yes,No automatic selection: Kodepos.dev does not corroborate exactly one local source.
POSTAL-3205352005,32.05.35.2005,SUKAJAYA,CISEWU,KAB. GARUT,unresolved_do_not_guess,review_required,,44166;44169,,yes,No automatic selection: Kodepos.dev does not corroborate exactly one local source.
POSTAL-3205352006,32.05.35.2006,NYALINDUNG,CISEWU,KAB. GARUT,unresolved_do_not_guess,review_required,,44166;44169,,yes,No automatic selection: Kodepos.dev does not corroborate exactly one local source.
POSTAL-3205352007,32.05.35.2007,KARANGSEWU,CISEWU,KAB. GARUT,unresolved_do_not_guess,review_required,,44166;44169,,yes,No automatic selection: Kodepos.dev does not corroborate exactly one local source.
POSTAL-3205352008,32.05.35.2008,MEKARSEWU,CISEWU,KAB. GARUT,unresolved_do_not_guess,review_required,,44166;44169,,yes,No automatic selection: Kodepos.dev does not corroborate exactly one local source.
POSTAL-3205352009,32.05.35.2009,PANGGALIH,CISEWU,KAB. GARUT,unresolved_do_not_guess,review_required,,44166;44169,,yes,No automatic selection: Kodepos.dev does not corroborate exactly one local source.
POSTAL-3205362001,32.05.36.2001,CARINGIN,CARINGIN,KAB. GARUT,candidate_review_only,corroborated_candidate,44166,44166;44169,,yes,Kodepos.dev corroborates Open Data Jabar; candidate is not accepted as final.
POSTAL-3205362002,32.05.36.2002,INDRALAYANG,CARINGIN,KAB. GARUT,candidate_review_only,corroborated_candidate,44166,44166;44169,,yes,Kodepos.dev corroborates Open Data Jabar; candidate is not accepted as final.
POSTAL-3205362003,32.05.36.2003,CIMAHI,CARINGIN,KAB. GARUT,candidate_review_only,corroborated_candidate,44166,44166;44169,,yes,Kodepos.dev corroborates Open Data Jabar; candidate is not accepted as final.
POSTAL-3205362004,32.05.36.2004,SUKARAME,CARINGIN,KAB. GARUT,candidate_review_only,corroborated_candidate,44166,44166;44169,,yes,Kodepos.dev corroborates Open Data Jabar; candidate is not accepted as final.
POSTAL-3205362005,32.05.36.2005,PURBAYANI,CARINGIN,KAB. GARUT,candidate_review_only,corroborated_candidate,44166,44166;44169,,yes,Kodepos.dev corroborates Open Data Jabar; candidate is not accepted as final.
POSTAL-3205362006,32.05.36.2006,SAMUDERAJAYA,CARINGIN,KAB. GARUT,unresolved_do_not_guess,review_required,,44166;44169,,yes,No automatic selection: Kodepos.dev does not corroborate exactly one local source.
POSTAL-3205372003,32.05.37.2003,MEKARMUKTI,TALEGONG,KAB. GARUT,candidate_review_only,corroborated_candidate,44167,44167;44199,,yes,Kodepos.dev corroborates Open Data Jabar; candidate is not accepted as final.
POSTAL-3205372004,32.05.37.2004,MEKARMULYA,TALEGONG,KAB. GARUT,candidate_review_only,corroborated_candidate,44167,44167;44188,,yes,Kodepos.dev corroborates Open Data Jabar; candidate is not accepted as final.
POSTAL-3205412001,32.05.41.2001,CITANGTU,PANGATIKAN,KAB. GARUT,candidate_review_only,corroborated_candidate,44183,44183;44195,,yes,Kodepos.dev corroborates Open Data Jabar; candidate is not accepted as final.
POSTAL-3205412002,32.05.41.2002,CIMARABAS,PANGATIKAN,KAB. GARUT,candidate_review_only,corroborated_candidate,44183,44183;44195,,yes,Kodepos.dev corroborates Open Data Jabar; candidate is not accepted as final.
POSTAL-3205412003,32.05.41.2003,BABAKAN LOA,PANGATIKAN,KAB. GARUT,candidate_review_only,corroborated_candidate,44183,44183;44195,,yes,Kodepos.dev corroborates Open Data Jabar; candidate is not accepted as final.
POSTAL-3205412004,32.05.41.2004,SUKAHURIP,PANGATIKAN,KAB. GARUT,candidate_review_only,corroborated_candidate,44183,44183;44195,,yes,Kodepos.dev corroborates Open Data Jabar; candidate is not accepted as final.
POSTAL-3205412005,32.05.41.2005,SUKAMULYA,PANGATIKAN,KAB. GARUT,candidate_review_only,corroborated_candidate,44183,44183;44195,,yes,Kodepos.dev corroborates Open Data Jabar; candidate is not accepted as final.
POSTAL-3205412006,32.05.41.2006,CIHUNI,PANGATIKAN,KAB. GARUT,candidate_review_only,corroborated_candidate,44183,44183;44195,,yes,Kodepos.dev corroborates Open Data Jabar; candidate is not accepted as final.
POSTAL-3205412007,32.05.41.2007,SUKARASA,PANGATIKAN,KAB. GARUT,candidate_review_only,corroborated_candidate,44183,44183;44195,,yes,Kodepos.dev corroborates Open Data Jabar; candidate is not accepted as final.
POSTAL-3205412008,32.05.41.2008,KARANGSARI,PANGATIKAN,KAB. GARUT,candidate_review_only,corroborated_candidate,44183,44183;44195,,yes,Kodepos.dev corroborates Open Data Jabar; candidate is not accepted as final.
POSTAL-3205422001,32.05.42.2001,SADANG,SUCINARAJA,KAB. GARUT,candidate_review_only,corroborated_candidate,44115,44115;44196,,yes,Kodepos.dev corroborates Open Data Jabar; candidate is not accepted as final.
POSTAL-3205422002,32.05.42.2002,SUKARATU,SUCINARAJA,KAB. GARUT,candidate_review_only,corroborated_candidate,44115,44115;44196,,yes,Kodepos.dev corroborates Open Data Jabar; candidate is not accepted as final.
POSTAL-3205422003,32.05.42.2003,TENJONAGARA,SUCINARAJA,KAB. GARUT,candidate_review_only,corroborated_candidate,44115,44115;44196,,yes,Kodepos.dev corroborates Open Data Jabar; candidate is not accepted as final.
POSTAL-3205422004,32.05.42.2004,TEGALPANJANG,SUCINARAJA,KAB. GARUT,candidate_review_only,corroborated_candidate,44115,44115;44196,,yes,Kodepos.dev corroborates Open Data Jabar; candidate is not accepted as final.
POSTAL-3205422005,32.05.42.2005,CIGADOG,SUCINARAJA,KAB. GARUT,candidate_review_only,corroborated_candidate,44115,44115;44196,,yes,Kodepos.dev corroborates Open Data Jabar; candidate is not accepted as final.
POSTAL-3205422006,32.05.42.2006,LINGGAMUKTI,SUCINARAJA,KAB. GARUT,candidate_review_only,corroborated_candidate,44115,44115;44196,,yes,Kodepos.dev corroborates Open Data Jabar; candidate is not accepted as final.
POSTAL-3205422007,32.05.42.2007,SUKALAKSANA,SUCINARAJA,KAB. GARUT,candidate_review_only,corroborated_candidate,44115,44115;44196,,yes,Kodepos.dev corroborates Open Data Jabar; candidate is not accepted as final.
POSTAL-3206012001,32.06.01.2001,CIHERAS,CIPATUJAH,KAB. TASIKMALAYA,unresolved_do_not_guess,review_required,,46187;46189;46489,,yes,No automatic selection: Kodepos.dev does not corroborate exactly one local source.
POSTAL-3206012002,32.06.01.2002,CIPATUJAH,CIPATUJAH,KAB. TASIKMALAYA,unresolved_do_not_guess,review_required,,46187;46189;46489,,yes,No automatic selection: Kodepos.dev does not corroborate exactly one local source.
POSTAL-3206012003,32.06.01.2003,SINDANGKERTA,CIPATUJAH,KAB. TASIKMALAYA,unresolved_do_not_guess,review_required,,46187;46189;46489,,yes,No automatic selection: Kodepos.dev does not corroborate exactly one local source.
POSTAL-3206012004,32.06.01.2004,CIKAWUNGGADING,CIPATUJAH,KAB. TASIKMALAYA,unresolved_do_not_guess,review_required,,46187;46189;46489,,yes,No automatic selection: Kodepos.dev does not corroborate exactly one local source.
POSTAL-3206012005,32.06.01.2005,BANTARKALONG,CIPATUJAH,KAB. TASIKMALAYA,candidate_review_only,corroborated_candidate,46187,46187;46489,,yes,Kodepos.dev corroborates Open Data Jabar; candidate is not accepted as final.
POSTAL-3206012006,32.06.01.2006,DARAWATI,CIPATUJAH,KAB. TASIKMALAYA,unresolved_do_not_guess,review_required,,46187;46189;46489,,yes,No automatic selection: Kodepos.dev does not corroborate exactly one local source.
POSTAL-3206012007,32.06.01.2007,NAGROG,CIPATUJAH,KAB. TASIKMALAYA,unresolved_do_not_guess,review_required,,46187;46189;46489,,yes,No automatic selection: Kodepos.dev does not corroborate exactly one local source.
POSTAL-3206012008,32.06.01.2008,PAMEUTINGAN,CIPATUJAH,KAB. TASIKMALAYA,unresolved_do_not_guess,review_required,,46187;46189;46489,,yes,No automatic selection: Kodepos.dev does not corroborate exactly one local source.
POSTAL-3206012009,32.06.01.2009,TOBONGJAYA,CIPATUJAH,KAB. TASIKMALAYA,unresolved_do_not_guess,review_required,,46187;46189;46489,,yes,No automatic selection: Kodepos.dev does not corroborate exactly one local source.
POSTAL-3206012010,32.06.01.2010,CIPANAS,CIPATUJAH,KAB. TASIKMALAYA,unresolved_do_not_guess,review_required,,46187;46189;46489,,yes,No automatic selection: Kodepos.dev does not corroborate exactly one local source.
POSTAL-3206012011,32.06.01.2011,KERTASARI,CIPATUJAH,KAB. TASIKMALAYA,unresolved_do_not_guess,review_required,,46187;46189;46489,,yes,No automatic selection: Kodepos.dev does not corroborate exactly one local source.
POSTAL-3206012012,32.06.01.2012,CIANDUM,CIPATUJAH,KAB. TASIKMALAYA,unresolved_do_not_guess,review_required,,46187;46189;46489,,yes,No automatic selection: Kodepos.dev does not corroborate exactly one local source.
POSTAL-3206012013,32.06.01.2013,NANGELASARI,CIPATUJAH,KAB. TASIKMALAYA,unresolved_do_not_guess,review_required,,46187;46189;46489,,yes,No automatic selection: Kodepos.dev does not corroborate exactly one local source.
POSTAL-3206012014,32.06.01.2014,PADAWARAS,CIPATUJAH,KAB. TASIKMALAYA,unresolved_do_not_guess,review_required,,46187;46189;46489,,yes,No automatic selection: Kodepos.dev does not corroborate exactly one local source.
POSTAL-3206012015,32.06.01.2015,SUKAHURIP,CIPATUJAH,KAB. TASIKMALAYA,unresolved_do_not_guess,review_required,,46187;46189;46489,,yes,No automatic selection: Kodepos.dev does not corroborate exactly one local source.
POSTAL-3206022001,32.06.02.2001,CIDADAP,KARANGNUNGGAL,KAB. TASIKMALAYA,candidate_review_only,corroborated_candidate,46186,46186;46486,,yes,Kodepos.dev corroborates Open Data Jabar; candidate is not accepted as final.
POSTAL-3206022002,32.06.02.2002,CIAWI,KARANGNUNGGAL,KAB. TASIKMALAYA,candidate_review_only,corroborated_candidate,46186,46186;46486,,yes,Kodepos.dev corroborates Open Data Jabar; candidate is not accepted as final.
POSTAL-3206022003,32.06.02.2003,CIKUPA,KARANGNUNGGAL,KAB. TASIKMALAYA,candidate_review_only,corroborated_candidate,46186,46186;46486,,yes,Kodepos.dev corroborates Open Data Jabar; candidate is not accepted as final.
POSTAL-3206022004,32.06.02.2004,KARANGNUNGGAL,KARANGNUNGGAL,KAB. TASIKMALAYA,candidate_review_only,corroborated_candidate,46186,46186;46486,,yes,Kodepos.dev corroborates Open Data Jabar; candidate is not accepted as final.
POSTAL-3206022005,32.06.02.2005,KARANGMEKAR,KARANGNUNGGAL,KAB. TASIKMALAYA,candidate_review_only,corroborated_candidate,46186,46186;46486,,yes,Kodepos.dev corroborates Open Data Jabar; candidate is not accepted as final.
POSTAL-3206022006,32.06.02.2006,CIKUKULU,KARANGNUNGGAL,KAB. TASIKMALAYA,candidate_review_only,corroborated_candidate,46186,46186;46486,,yes,Kodepos.dev corroborates Open Data Jabar; candidate is not accepted as final.
POSTAL-3206022007,32.06.02.2007,CIBATUIRENG,KARANGNUNGGAL,KAB. TASIKMALAYA,candidate_review_only,corroborated_candidate,46186,46186;46486,,yes,Kodepos.dev corroborates Open Data Jabar; candidate is not accepted as final.
POSTAL-3206022008,32.06.02.2008,CIBATU,KARANGNUNGGAL,KAB. TASIKMALAYA,candidate_review_only,corroborated_candidate,46186,46186;46486,,yes,Kodepos.dev corroborates Open Data Jabar; candidate is not accepted as final.
POSTAL-3206022009,32.06.02.2009,SARIMANGGU,KARANGNUNGGAL,KAB. TASIKMALAYA,candidate_review_only,corroborated_candidate,46186,46186;46486,,yes,Kodepos.dev corroborates Open Data Jabar; candidate is not accepted as final.
POSTAL-3206022010,32.06.02.2010,SUKAWANGUN,KARANGNUNGGAL,KAB. TASIKMALAYA,candidate_review_only,corroborated_candidate,46186,46186;46483,,yes,Kodepos.dev corroborates Open Data Jabar; candidate is not accepted as final.
POSTAL-3206022011,32.06.02.2011,CINTAWANGI,KARANGNUNGGAL,KAB. TASIKMALAYA,candidate_review_only,corroborated_candidate,46186,46186;46486,,yes,Kodepos.dev corroborates Open Data Jabar; candidate is not accepted as final.
POSTAL-3206022012,32.06.02.2012,CIKAPINIS,KARANGNUNGGAL,KAB. TASIKMALAYA,candidate_review_only,corroborated_candidate,46186,46186;46486,,yes,Kodepos.dev corroborates Open Data Jabar; candidate is not accepted as final.
POSTAL-3206022013,32.06.02.2013,SARIMUKTI,KARANGNUNGGAL,KAB. TASIKMALAYA,candidate_review_only,corroborated_candidate,46186,46186;46486,,yes,Kodepos.dev corroborates Open Data Jabar; candidate is not accepted as final.
POSTAL-3206022014,32.06.02.2014,KUJANG,KARANGNUNGGAL,KAB. TASIKMALAYA,candidate_review_only,corroborated_candidate,46186,46186;46486,,yes,Kodepos.dev corroborates Open Data Jabar; candidate is not accepted as final.
POSTAL-3206032001,32.06.03.2001,CIKALONG,CIKALONG,KAB. TASIKMALAYA,candidate_review_only,corroborated_candidate,46195,46195;46495,,yes,Kodepos.dev corroborates Open Data Jabar; candidate is not accepted as final.
POSTAL-3206032002,32.06.03.2002,KALAPAGENEP,CIKALONG,KAB. TASIKMALAYA,candidate_review_only,corroborated_candidate,46195,46195;46495,,yes,Kodepos.dev corroborates Open Data Jabar; candidate is not accepted as final.
POSTAL-3206032003,32.06.03.2003,CIKANCRA,CIKALONG,KAB. TASIKMALAYA,candidate_review_only,corroborated_candidate,46195,46195;46495,,yes,Kodepos.dev corroborates Open Data Jabar; candidate is not accepted as final.
POSTAL-3206032004,32.06.03.2004,SINGKIR,CIKALONG,KAB. TASIKMALAYA,candidate_review_only,corroborated_candidate,46195,46195;46495,,yes,Kodepos.dev corroborates Open Data Jabar; candidate is not accepted as final.
POSTAL-3206032005,32.06.03.2005,PANYIARAN,CIKALONG,KAB. TASIKMALAYA,candidate_review_only,corroborated_candidate,46195,46195;46495,,yes,Kodepos.dev corroborates Open Data Jabar; candidate is not accepted as final.
POSTAL-3206032006,32.06.03.2006,CIBEBER,CIKALONG,KAB. TASIKMALAYA,candidate_review_only,corroborated_candidate,46195,46195;46495,,yes,Kodepos.dev corroborates Open Data Jabar; candidate is not accepted as final.
POSTAL-3206032007,32.06.03.2007,CIKADU,CIKALONG,KAB. TASIKMALAYA,candidate_review_only,corroborated_candidate,46195,46195;46495,,yes,Kodepos.dev corroborates Open Data Jabar; candidate is not accepted as final.
POSTAL-3206032008,32.06.03.2008,MANDALAJAYA,CIKALONG,KAB. TASIKMALAYA,candidate_review_only,corroborated_candidate,46195,46195;46495,,yes,Kodepos.dev corroborates Open Data Jabar; candidate is not accepted as final.
POSTAL-3206032009,32.06.03.2009,CIDADALI,CIKALONG,KAB. TASIKMALAYA,candidate_review_only,corroborated_candidate,46195,46195;46495,,yes,Kodepos.dev corroborates Open Data Jabar; candidate is not accepted as final.
POSTAL-3206032010,32.06.03.2010,CIMANUK,CIKALONG,KAB. TASIKMALAYA,candidate_review_only,corroborated_candidate,46195,46195;46495,,yes,Kodepos.dev corroborates Open Data Jabar; candidate is not accepted as final.
POSTAL-3206032011,32.06.03.2011,SINDANGJAYA,CIKALONG,KAB. TASIKMALAYA,candidate_review_only,corroborated_candidate,46195,46195;46495,,yes,Kodepos.dev corroborates Open Data Jabar; candidate is not accepted as final.
POSTAL-3206032012,32.06.03.2012,KUBANGSARI,CIKALONG,KAB. TASIKMALAYA,candidate_review_only,corroborated_candidate,46195,46195;46495,,yes,Kodepos.dev corroborates Open Data Jabar; candidate is not accepted as final.
POSTAL-3206032013,32.06.03.2013,TONJONGSARI,CIKALONG,KAB. TASIKMALAYA,candidate_review_only,corroborated_candidate,46195,46195;46495,,yes,Kodepos.dev corroborates Open Data Jabar; candidate is not accepted as final.
POSTAL-3206042001,32.06.04.2001,CIBUNIASIH,PANCATENGAH,KAB. TASIKMALAYA,candidate_review_only,corroborated_candidate,46194,46194;46494,,yes,Kodepos.dev corroborates Open Data Jabar; candidate is not accepted as final.
POSTAL-3206042002,32.06.04.2002,PANGLIARAN,PANCATENGAH,KAB. TASIKMALAYA,candidate_review_only,corroborated_candidate,46194,46194;46494,,yes,Kodepos.dev corroborates Open Data Jabar; candidate is not accepted as final.
POSTAL-3206042003,32.06.04.2003,TONJONG,PANCATENGAH,KAB. TASIKMALAYA,candidate_review_only,corroborated_candidate,46194,46194;46494,,yes,Kodepos.dev corroborates Open Data Jabar; candidate is not accepted as final.
POSTAL-3206042004,32.06.04.2004,CIBONGAS,PANCATENGAH,KAB. TASIKMALAYA,candidate_review_only,corroborated_candidate,46194,46194;46494,,yes,Kodepos.dev corroborates Open Data Jabar; candidate is not accepted as final.
POSTAL-3206042005,32.06.04.2005,TAWANG,PANCATENGAH,KAB. TASIKMALAYA,candidate_review_only,corroborated_candidate,46194,46194;46494,,yes,Kodepos.dev corroborates Open Data Jabar; candidate is not accepted as final.
POSTAL-3206042006,32.06.04.2006,NEGLASARI,PANCATENGAH,KAB. TASIKMALAYA,candidate_review_only,corroborated_candidate,46194,46194;46471,,yes,Kodepos.dev corroborates Open Data Jabar; candidate is not accepted as final.
POSTAL-3206042007,32.06.04.2007,CIKAWUNG,PANCATENGAH,KAB. TASIKMALAYA,candidate_review_only,corroborated_candidate,46194,46194;46494,,yes,Kodepos.dev corroborates Open Data Jabar; candidate is not accepted as final.
POSTAL-3206042008,32.06.04.2008,JAYAMUKTI,PANCATENGAH,KAB. TASIKMALAYA,candidate_review_only,corroborated_candidate,46194,46194;46464,,yes,Kodepos.dev corroborates Open Data Jabar; candidate is not accepted as final.
POSTAL-3206042009,32.06.04.2009,MARGALUYU,PANCATENGAH,KAB. TASIKMALAYA,candidate_review_only,corroborated_candidate,46194,46194;46497,,yes,Kodepos.dev corroborates Open Data Jabar; candidate is not accepted as final.
POSTAL-3206042010,32.06.04.2010,MEKARSARI,PANCATENGAH,KAB. TASIKMALAYA,candidate_review_only,corroborated_candidate,46194,46194;46494,,yes,Kodepos.dev corroborates Open Data Jabar; candidate is not accepted as final.
POSTAL-3206042011,32.06.04.2011,PANCAWANGI,PANCATENGAH,KAB. TASIKMALAYA,candidate_review_only,corroborated_candidate,46194,46194;46494,,yes,Kodepos.dev corroborates Open Data Jabar; candidate is not accepted as final.
POSTAL-3206052001,32.06.05.2001,GUNUNGSARI,CIKATOMAS,KAB. TASIKMALAYA,candidate_review_only,corroborated_candidate,46193,46193;46493,,yes,Kodepos.dev corroborates Open Data Jabar; candidate is not accepted as final.
POSTAL-3206052002,32.06.05.2002,CILUMBA,CIKATOMAS,KAB. TASIKMALAYA,candidate_review_only,corroborated_candidate,46193,46193;46493,,yes,Kodepos.dev corroborates Open Data Jabar; candidate is not accepted as final.
POSTAL-3206052003,32.06.05.2003,PAKEMITAN,CIKATOMAS,KAB. TASIKMALAYA,candidate_review_only,corroborated_candidate,46193,46193;46493,,yes,Kodepos.dev corroborates Open Data Jabar; candidate is not accepted as final.
POSTAL-3206052004,32.06.05.2004,COGREG,CIKATOMAS,KAB. TASIKMALAYA,candidate_review_only,corroborated_candidate,46193,46193;46493,,yes,Kodepos.dev corroborates Open Data Jabar; candidate is not accepted as final.
POSTAL-3206052005,32.06.05.2005,CAYUR,CIKATOMAS,KAB. TASIKMALAYA,candidate_review_only,corroborated_candidate,46193,46193;46493,,yes,Kodepos.dev corroborates Open Data Jabar; candidate is not accepted as final.
POSTAL-3206052006,32.06.05.2006,LENGKONGBARANG,CIKATOMAS,KAB. TASIKMALAYA,candidate_review_only,corroborated_candidate,46193,46193;46493,,yes,Kodepos.dev corroborates Open Data Jabar; candidate is not accepted as final.
POSTAL-3206052007,32.06.05.2007,SINDANGASIH,CIKATOMAS,KAB. TASIKMALAYA,candidate_review_only,corroborated_candidate,46193,46193;46493,,yes,Kodepos.dev corroborates Open Data Jabar; candidate is not accepted as final.
POSTAL-3206052008,32.06.05.2008,TANJUNGBARANG,CIKATOMAS,KAB. TASIKMALAYA,candidate_review_only,corroborated_candidate,46193,46193;46493,,yes,Kodepos.dev corroborates Open Data Jabar; candidate is not accepted as final.
POSTAL-3206052009,32.06.05.2009,LINGGALAKSANA,CIKATOMAS,KAB. TASIKMALAYA,candidate_review_only,corroborated_candidate,46193,46193;46493,,yes,Kodepos.dev corroborates Open Data Jabar; candidate is not accepted as final.
POSTAL-3206062001,32.06.06.2001,CISEMPUR,CIBALONG,KAB. TASIKMALAYA,candidate_review_only,corroborated_candidate,46185,46185;46485,,yes,Kodepos.dev corroborates Open Data Jabar; candidate is not accepted as final.
POSTAL-3206062002,32.06.06.2002,SETIAWARAS,CIBALONG,KAB. TASIKMALAYA,candidate_review_only,corroborated_candidate,46185,46185;46485,,yes,Kodepos.dev corroborates Open Data Jabar; candidate is not accepted as final.
POSTAL-3206062003,32.06.06.2003,EUREUNPALAY,CIBALONG,KAB. TASIKMALAYA,candidate_review_only,corroborated_candidate,46185,46185;46485,,yes,Kodepos.dev corroborates Open Data Jabar; candidate is not accepted as final.
POSTAL-3206062004,32.06.06.2004,CIBALONG,CIBALONG,KAB. TASIKMALAYA,candidate_review_only,corroborated_candidate,46185,46185;46485,,yes,Kodepos.dev corroborates Open Data Jabar; candidate is not accepted as final.
POSTAL-3206062005,32.06.06.2005,SINGAJAYA,CIBALONG,KAB. TASIKMALAYA,candidate_review_only,corroborated_candidate,46185,46185;46485,,yes,Kodepos.dev corroborates Open Data Jabar; candidate is not accepted as final.
POSTAL-3206062006,32.06.06.2006,PARUNG,CIBALONG,KAB. TASIKMALAYA,candidate_review_only,corroborated_candidate,46185,46185;46485,,yes,Kodepos.dev corroborates Open Data Jabar; candidate is not accepted as final.
POSTAL-3206072001,32.06.07.2001,PARUNGPONTENG,PARUNGPONTENG,KAB. TASIKMALAYA,unresolved_do_not_guess,review_required,,46185;46189;46476,,yes,No automatic selection: Kodepos.dev does not corroborate exactly one local source.
POSTAL-3206072002,32.06.07.2002,CIGUNUNG,PARUNGPONTENG,KAB. TASIKMALAYA,unresolved_do_not_guess,review_required,,46185;46189;46476,,yes,No automatic selection: Kodepos.dev does not corroborate exactly one local source.
POSTAL-3206072003,32.06.07.2003,CIBANTENG,PARUNGPONTENG,KAB. TASIKMALAYA,unresolved_do_not_guess,review_required,,46185;46189;46476,,yes,No automatic selection: Kodepos.dev does not corroborate exactly one local source.
POSTAL-3206072004,32.06.07.2004,BARUMEKAR,PARUNGPONTENG,KAB. TASIKMALAYA,unresolved_do_not_guess,review_required,,46185;46189;46476,,yes,No automatic selection: Kodepos.dev does not corroborate exactly one local source.
POSTAL-3206072005,32.06.07.2005,CIBUNGUR,PARUNGPONTENG,KAB. TASIKMALAYA,unresolved_do_not_guess,review_required,,46185;46189;46476,,yes,No automatic selection: Kodepos.dev does not corroborate exactly one local source.
POSTAL-3206072006,32.06.07.2006,BURUJULJAYA,PARUNGPONTENG,KAB. TASIKMALAYA,unresolved_do_not_guess,review_required,,46185;46189;46476,,yes,No automatic selection: Kodepos.dev does not corroborate exactly one local source.
POSTAL-3206072007,32.06.07.2007,GIRIKENCANA,PARUNGPONTENG,KAB. TASIKMALAYA,unresolved_do_not_guess,review_required,,46189;46476,,yes,No automatic selection: Kodepos.dev does not corroborate exactly one local source.
POSTAL-3206072008,32.06.07.2008,KARYABAKTI,PARUNGPONTENG,KAB. TASIKMALAYA,unresolved_do_not_guess,review_required,,46185;46189;46476,,yes,No automatic selection: Kodepos.dev does not corroborate exactly one local source.
POSTAL-3206082001,32.06.08.2001,SIMPANG,BANTARKALONG,KAB. TASIKMALAYA,candidate_review_only,corroborated_candidate,46187,46187;46487,,yes,Kodepos.dev corroborates Open Data Jabar; candidate is not accepted as final.
POSTAL-3206082002,32.06.08.2002,PARAKANHONJE,BANTARKALONG,KAB. TASIKMALAYA,candidate_review_only,corroborated_candidate,46187,46187;46487,,yes,Kodepos.dev corroborates Open Data Jabar; candidate is not accepted as final.
POSTAL-3206082003,32.06.08.2003,PAMIJAHAN,BANTARKALONG,KAB. TASIKMALAYA,candidate_review_only,corroborated_candidate,46187,46187;46487,,yes,Kodepos.dev corroborates Open Data Jabar; candidate is not accepted as final.
POSTAL-3206082004,32.06.08.2004,SUKAMAJU,BANTARKALONG,KAB. TASIKMALAYA,candidate_review_only,corroborated_candidate,46188,46188;46487,,yes,Kodepos.dev corroborates Open Data Jabar; candidate is not accepted as final.
POSTAL-3206082005,32.06.08.2005,WANGUNSARI,BANTARKALONG,KAB. TASIKMALAYA,candidate_review_only,corroborated_candidate,46187,46187;46487,,yes,Kodepos.dev corroborates Open Data Jabar; candidate is not accepted as final.
POSTAL-3206082006,32.06.08.2006,HEGARWANGI,BANTARKALONG,KAB. TASIKMALAYA,candidate_review_only,corroborated_candidate,46187,46187;46487,,yes,Kodepos.dev corroborates Open Data Jabar; candidate is not accepted as final.
POSTAL-3206082007,32.06.08.2007,WAKAP,BANTARKALONG,KAB. TASIKMALAYA,candidate_review_only,corroborated_candidate,46168,46168;46487,,yes,Kodepos.dev corroborates Open Data Jabar; candidate is not accepted as final.
POSTAL-3206082008,32.06.08.2008,SIRNAGALIH,BANTARKALONG,KAB. TASIKMALAYA,candidate_review_only,corroborated_candidate,46187,46187;46487,,yes,Kodepos.dev corroborates Open Data Jabar; candidate is not accepted as final.
POSTAL-3206092001,32.06.09.2001,MERTAJAYA,BOJONGASIH,KAB. TASIKMALAYA,candidate_review_only,corroborated_candidate,46475,46475;46477,,yes,Kodepos.dev corroborates Open Data Jabar; candidate is not accepted as final.
POSTAL-3206092002,32.06.09.2002,CIKADONGDONG,BOJONGASIH,KAB. TASIKMALAYA,candidate_review_only,corroborated_candidate,46475,46475;46477,,yes,Kodepos.dev corroborates Open Data Jabar; candidate is not accepted as final.
POSTAL-3206092003,32.06.09.2003,BOJONGASIH,BOJONGASIH,KAB. TASIKMALAYA,candidate_review_only,corroborated_candidate,46475,46475;46477,,yes,Kodepos.dev corroborates Open Data Jabar; candidate is not accepted as final.
POSTAL-3206092004,32.06.09.2004,SINDANGSARI,BOJONGASIH,KAB. TASIKMALAYA,candidate_review_only,corroborated_candidate,46475,46475;46477,,yes,Kodepos.dev corroborates Open Data Jabar; candidate is not accepted as final.
POSTAL-3206092005,32.06.09.2005,GIRIJAYA,BOJONGASIH,KAB. TASIKMALAYA,candidate_review_only,corroborated_candidate,46475,46475;46477,,yes,Kodepos.dev corroborates Open Data Jabar; candidate is not accepted as final.
POSTAL-3206092006,32.06.09.2006,TOBLONGAN,BOJONGASIH,KAB. TASIKMALAYA,candidate_review_only,corroborated_candidate,46475,46475;46477,,yes,Kodepos.dev corroborates Open Data Jabar; candidate is not accepted as final.
POSTAL-3206102001,32.06.10.2001,CIKUYA,CULAMEGA,KAB. TASIKMALAYA,candidate_review_only,corroborated_candidate,46188,46188;46488,,yes,Kodepos.dev corroborates Open Data Jabar; candidate is not accepted as final.
POSTAL-3206102002,32.06.10.2002,CINTABODAS,CULAMEGA,KAB. TASIKMALAYA,candidate_review_only,corroborated_candidate,46188,46188;46488,,yes,Kodepos.dev corroborates Open Data Jabar; candidate is not accepted as final.
POSTAL-3206102003,32.06.10.2003,CIPICUNG,CULAMEGA,KAB. TASIKMALAYA,candidate_review_only,corroborated_candidate,46188,46188;46488,,yes,Kodepos.dev corroborates Open Data Jabar; candidate is not accepted as final.
POSTAL-3206102004,32.06.10.2004,BOJONGSARI,CULAMEGA,KAB. TASIKMALAYA,candidate_review_only,corroborated_candidate,46188,46188;46488,,yes,Kodepos.dev corroborates Open Data Jabar; candidate is not accepted as final.
POSTAL-3206102005,32.06.10.2005,MEKARLAKSANA,CULAMEGA,KAB. TASIKMALAYA,candidate_review_only,corroborated_candidate,46188,46188;46488,,yes,Kodepos.dev corroborates Open Data Jabar; candidate is not accepted as final.
POSTAL-3206112001,32.06.11.2001,BOJONGKAPOL,BOJONGGAMBIR,KAB. TASIKMALAYA,unresolved_do_not_guess,review_required,,46475;46476,,yes,No automatic selection: Kodepos.dev does not corroborate exactly one local source.
POSTAL-3206112002,32.06.11.2002,PEDANGKAMULYAN,BOJONGGAMBIR,KAB. TASIKMALAYA,unresolved_do_not_guess,review_required,,46475;46476,,yes,No automatic selection: Kodepos.dev does not corroborate exactly one local source.
POSTAL-3206112003,32.06.11.2003,BOJONGGAMBIR,BOJONGGAMBIR,KAB. TASIKMALAYA,unresolved_do_not_guess,review_required,,46475;46476,,yes,No automatic selection: Kodepos.dev does not corroborate exactly one local source.
POSTAL-3206112004,32.06.11.2004,CIROYOM,BOJONGGAMBIR,KAB. TASIKMALAYA,unresolved_do_not_guess,review_required,,46475;46476,,yes,No automatic selection: Kodepos.dev does not corroborate exactly one local source.
POSTAL-3206112005,32.06.11.2005,WANDASARI,BOJONGGAMBIR,KAB. TASIKMALAYA,unresolved_do_not_guess,review_required,,46475;46476,,yes,No automatic selection: Kodepos.dev does not corroborate exactly one local source.
POSTAL-3206112006,32.06.11.2006,CAMPAKASARI,BOJONGGAMBIR,KAB. TASIKMALAYA,unresolved_do_not_guess,review_required,,46475;46476,,yes,No automatic selection: Kodepos.dev does not corroborate exactly one local source.
POSTAL-3206112007,32.06.11.2007,MANGKONJAYA,BOJONGGAMBIR,KAB. TASIKMALAYA,unresolved_do_not_guess,review_required,,46475;46476,,yes,No automatic selection: Kodepos.dev does not corroborate exactly one local source.
POSTAL-3206112008,32.06.11.2008,KERTANEGLA,BOJONGGAMBIR,KAB. TASIKMALAYA,unresolved_do_not_guess,review_required,,46475;46476,,yes,No automatic selection: Kodepos.dev does not corroborate exactly one local source.
POSTAL-3206112009,32.06.11.2009,PURWARAHARJA,BOJONGGAMBIR,KAB. TASIKMALAYA,unresolved_do_not_guess,review_required,,46475;46476,,yes,No automatic selection: Kodepos.dev does not corroborate exactly one local source.
POSTAL-3206112010,32.06.11.2010,GIRIMUKTI,BOJONGGAMBIR,KAB. TASIKMALAYA,unresolved_do_not_guess,review_required,,46475;46476,,yes,No automatic selection: Kodepos.dev does not corroborate exactly one local source.
POSTAL-3206132009,32.06.13.2009,PAGERALAM,TARAJU,KAB. TASIKMALAYA,candidate_review_only,corroborated_candidate,46474,46462;46474,,yes,Kodepos.dev corroborates Open Data Jabar; candidate is not accepted as final.
POSTAL-3206142001,32.06.14.2001,JAHIANG,SALAWU,KAB. TASIKMALAYA,unresolved_do_not_guess,review_required,,46471;46472,,yes,No automatic selection: Kodepos.dev does not corroborate exactly one local source.
POSTAL-3206142002,32.06.14.2002,SERANG,SALAWU,KAB. TASIKMALAYA,unresolved_do_not_guess,review_required,,46471;46472,,yes,No automatic selection: Kodepos.dev does not corroborate exactly one local source.
POSTAL-3206142003,32.06.14.2003,SALAWU,SALAWU,KAB. TASIKMALAYA,unresolved_do_not_guess,review_required,,46471;46472,,yes,No automatic selection: Kodepos.dev does not corroborate exactly one local source.
POSTAL-3206142004,32.06.14.2004,NEGLASARI,SALAWU,KAB. TASIKMALAYA,unresolved_do_not_guess,review_required,,46471;46472,,yes,No automatic selection: Kodepos.dev does not corroborate exactly one local source.
POSTAL-3206142005,32.06.14.2005,TANJUNGSARI,SALAWU,KAB. TASIKMALAYA,unresolved_do_not_guess,review_required,,46471;46472,,yes,No automatic selection: Kodepos.dev does not corroborate exactly one local source.
POSTAL-3206142006,32.06.14.2006,TENJOWARINGIN,SALAWU,KAB. TASIKMALAYA,unresolved_do_not_guess,review_required,,46471;46472,,yes,No automatic selection: Kodepos.dev does not corroborate exactly one local source.
POSTAL-3206142007,32.06.14.2007,SUNDAWENANG,SALAWU,KAB. TASIKMALAYA,unresolved_do_not_guess,review_required,,46471;46472,,yes,No automatic selection: Kodepos.dev does not corroborate exactly one local source.
POSTAL-3206142008,32.06.14.2008,KAWUNGSARI,SALAWU,KAB. TASIKMALAYA,unresolved_do_not_guess,review_required,,46471;46472,,yes,No automatic selection: Kodepos.dev does not corroborate exactly one local source.
POSTAL-3206142009,32.06.14.2009,SUKARASA,SALAWU,KAB. TASIKMALAYA,unresolved_do_not_guess,review_required,,46471;46472,,yes,No automatic selection: Kodepos.dev does not corroborate exactly one local source.
POSTAL-3206142010,32.06.14.2010,KUTAWARINGIN,SALAWU,KAB. TASIKMALAYA,unresolved_do_not_guess,review_required,,46471;46472,,yes,No automatic selection: Kodepos.dev does not corroborate exactly one local source.
POSTAL-3206142011,32.06.14.2011,KARANGMUKTI,SALAWU,KAB. TASIKMALAYA,unresolved_do_not_guess,review_required,,46471;46472,,yes,No automatic selection: Kodepos.dev does not corroborate exactly one local source.
POSTAL-3206142012,32.06.14.2012,MARGALAKSANA,SALAWU,KAB. TASIKMALAYA,unresolved_do_not_guess,review_required,,46471;46472,,yes,No automatic selection: Kodepos.dev does not corroborate exactly one local source.
POSTAL-3206152001,32.06.15.2001,MANDALASARI,PUSPAHIANG,KAB. TASIKMALAYA,candidate_review_only,corroborated_candidate,46471,46471;46472,,yes,Kodepos.dev corroborates Open Data Jabar; candidate is not accepted as final.
POSTAL-3206152002,32.06.15.2002,SUKASARI,PUSPAHIANG,KAB. TASIKMALAYA,candidate_review_only,corroborated_candidate,46471,46471;46472,,yes,Kodepos.dev corroborates Open Data Jabar; candidate is not accepted as final.
POSTAL-3206152003,32.06.15.2003,PUSPASARI,PUSPAHIANG,KAB. TASIKMALAYA,candidate_review_only,corroborated_candidate,46471,46471;46472,,yes,Kodepos.dev corroborates Open Data Jabar; candidate is not accepted as final.
POSTAL-3206152004,32.06.15.2004,PUSPAHIANG,PUSPAHIANG,KAB. TASIKMALAYA,candidate_review_only,corroborated_candidate,46471,46471;46472,,yes,Kodepos.dev corroborates Open Data Jabar; candidate is not accepted as final.
POSTAL-3206152005,32.06.15.2005,LUYUBAKTI,PUSPAHIANG,KAB. TASIKMALAYA,candidate_review_only,corroborated_candidate,46471,46471;46472,,yes,Kodepos.dev corroborates Open Data Jabar; candidate is not accepted as final.
POSTAL-3206152006,32.06.15.2006,PUSPARAHAYU,PUSPAHIANG,KAB. TASIKMALAYA,candidate_review_only,corroborated_candidate,46471,46471;46472,,yes,Kodepos.dev corroborates Open Data Jabar; candidate is not accepted as final.
POSTAL-3206152007,32.06.15.2007,CIMANGGU,PUSPAHIANG,KAB. TASIKMALAYA,candidate_review_only,corroborated_candidate,46471,46471;46472,,yes,Kodepos.dev corroborates Open Data Jabar; candidate is not accepted as final.
POSTAL-3206152008,32.06.15.2008,PUSPAJAYA,PUSPAHIANG,KAB. TASIKMALAYA,candidate_review_only,corroborated_candidate,46471,46471;46472,,yes,Kodepos.dev corroborates Open Data Jabar; candidate is not accepted as final.
POSTAL-3206162001,32.06.16.2001,CIKEUSAL,TANJUNGJAYA,KAB. TASIKMALAYA,candidate_review_only,corroborated_candidate,46184,46184;46484,,yes,Kodepos.dev corroborates Open Data Jabar; candidate is not accepted as final.
POSTAL-3206162002,32.06.16.2002,CIBALANARIK,TANJUNGJAYA,KAB. TASIKMALAYA,candidate_review_only,corroborated_candidate,46184,46184;46484,,yes,Kodepos.dev corroborates Open Data Jabar; candidate is not accepted as final.
POSTAL-3206162003,32.06.16.2003,SUKANAGARA,TANJUNGJAYA,KAB. TASIKMALAYA,candidate_review_only,corroborated_candidate,46184,46184;46484,,yes,Kodepos.dev corroborates Open Data Jabar; candidate is not accepted as final.
POSTAL-3206162004,32.06.16.2004,TANJUNGJAYA,TANJUNGJAYA,KAB. TASIKMALAYA,candidate_review_only,corroborated_candidate,46184,46184;46484,,yes,Kodepos.dev corroborates Open Data Jabar; candidate is not accepted as final.
POSTAL-3206162005,32.06.16.2005,CILOLOHAN,TANJUNGJAYA,KAB. TASIKMALAYA,candidate_review_only,corroborated_candidate,46184,46184;46484,,yes,Kodepos.dev corroborates Open Data Jabar; candidate is not accepted as final.
POSTAL-3206162006,32.06.16.2006,CINTAJAYA,TANJUNGJAYA,KAB. TASIKMALAYA,candidate_review_only,corroborated_candidate,46184,46184;46484,,yes,Kodepos.dev corroborates Open Data Jabar; candidate is not accepted as final.
POSTAL-3206162007,32.06.16.2007,SUKASENANG,TANJUNGJAYA,KAB. TASIKMALAYA,candidate_review_only,corroborated_candidate,46184,46184;46484,,yes,Kodepos.dev corroborates Open Data Jabar; candidate is not accepted as final.
POSTAL-3206172001,32.06.17.2001,SUKAPURA,SUKARAJA,KAB. TASIKMALAYA,candidate_review_only,corroborated_candidate,46183,46183;46483,,yes,Kodepos.dev corroborates Open Data Jabar; candidate is not accepted as final.
POSTAL-3206172002,32.06.17.2002,LEUWIBUDAH,SUKARAJA,KAB. TASIKMALAYA,candidate_review_only,corroborated_candidate,46183,46183;46483,,yes,Kodepos.dev corroborates Open Data Jabar; candidate is not accepted as final.
POSTAL-3206172003,32.06.17.2003,SIRNAJAYA,SUKARAJA,KAB. TASIKMALAYA,candidate_review_only,corroborated_candidate,46183,46183;46483,,yes,Kodepos.dev corroborates Open Data Jabar; candidate is not accepted as final.
POSTAL-3206172004,32.06.17.2004,MEKARJAYA,SUKARAJA,KAB. TASIKMALAYA,candidate_review_only,corroborated_candidate,46183,46183;46466,,yes,Kodepos.dev corroborates Open Data Jabar; candidate is not accepted as final.
POSTAL-3206172005,32.06.17.2005,LINGGARAJA,SUKARAJA,KAB. TASIKMALAYA,candidate_review_only,corroborated_candidate,46183,46183;46483,,yes,Kodepos.dev corroborates Open Data Jabar; candidate is not accepted as final.
POSTAL-3206172006,32.06.17.2006,JANGGALA,SUKARAJA,KAB. TASIKMALAYA,candidate_review_only,corroborated_candidate,46183,46183;46483,,yes,Kodepos.dev corroborates Open Data Jabar; candidate is not accepted as final.
POSTAL-3206172007,32.06.17.2007,MARGALAKSANA,SUKARAJA,KAB. TASIKMALAYA,candidate_review_only,corroborated_candidate,46183,46183;46483,,yes,Kodepos.dev corroborates Open Data Jabar; candidate is not accepted as final.
POSTAL-3206172008,32.06.17.2008,TARUNAJAYA,SUKARAJA,KAB. TASIKMALAYA,candidate_review_only,corroborated_candidate,46183,46183;46483,,yes,Kodepos.dev corroborates Open Data Jabar; candidate is not accepted as final.
POSTAL-3206182001,32.06.18.2001,MANDALAHAYU,SALOPA,KAB. TASIKMALAYA,candidate_review_only,corroborated_candidate,46192,46192;46492,,yes,Kodepos.dev corroborates Open Data Jabar; candidate is not accepted as final.
POSTAL-3206182002,32.06.18.2002,MULYASARI,SALOPA,KAB. TASIKMALAYA,candidate_review_only,corroborated_candidate,46192,46149;46192,,yes,Kodepos.dev corroborates Open Data Jabar; candidate is not accepted as final.
POSTAL-3206182003,32.06.18.2003,KAWITAN,SALOPA,KAB. TASIKMALAYA,candidate_review_only,corroborated_candidate,46192,46192;46492,,yes,Kodepos.dev corroborates Open Data Jabar; candidate is not accepted as final.
POSTAL-3206182004,32.06.18.2004,MANDALAWANGI,SALOPA,KAB. TASIKMALAYA,candidate_review_only,corroborated_candidate,46192,46192;46492,,yes,Kodepos.dev corroborates Open Data Jabar; candidate is not accepted as final.
POSTAL-3206182005,32.06.18.2005,KARYAWANGI,SALOPA,KAB. TASIKMALAYA,candidate_review_only,corroborated_candidate,46192,46192;46492,,yes,Kodepos.dev corroborates Open Data Jabar; candidate is not accepted as final.
POSTAL-3206182006,32.06.18.2006,TANJUNGSARI,SALOPA,KAB. TASIKMALAYA,candidate_review_only,corroborated_candidate,46192,46192;46471,,yes,Kodepos.dev corroborates Open Data Jabar; candidate is not accepted as final.
POSTAL-3206182007,32.06.18.2007,MANDALAGUNA,SALOPA,KAB. TASIKMALAYA,candidate_review_only,corroborated_candidate,46192,46192;46492,,yes,Kodepos.dev corroborates Open Data Jabar; candidate is not accepted as final.
POSTAL-3206182008,32.06.18.2008,KARYAMANDALA,SALOPA,KAB. TASIKMALAYA,candidate_review_only,corroborated_candidate,46192,46192;46492,,yes,Kodepos.dev corroborates Open Data Jabar; candidate is not accepted as final.
POSTAL-3206182009,32.06.18.2009,BANJARWARINGIN,SALOPA,KAB. TASIKMALAYA,candidate_review_only,corroborated_candidate,46192,46192;46492,,yes,Kodepos.dev corroborates Open Data Jabar; candidate is not accepted as final.
POSTAL-3206192001,32.06.19.2001,KAPUTIHAN,JATIWARAS,KAB. TASIKMALAYA,unresolved_do_not_guess,review_required,,46180;46185;46491,,yes,No automatic selection: Kodepos.dev does not corroborate exactly one local source.
POSTAL-3206192002,32.06.19.2002,SETIAWANGI,JATIWARAS,KAB. TASIKMALAYA,unresolved_do_not_guess,review_required,,46180;46185;46491,,yes,No automatic selection: Kodepos.dev does not corroborate exactly one local source.
POSTAL-3206192003,32.06.19.2003,SUKAKERTA,JATIWARAS,KAB. TASIKMALAYA,unresolved_do_not_guess,review_required,,46180;46185;46491,,yes,No automatic selection: Kodepos.dev does not corroborate exactly one local source.
POSTAL-3206192004,32.06.19.2004,NEGLASARI,JATIWARAS,KAB. TASIKMALAYA,unresolved_do_not_guess,review_required,,46180;46185;46491,,yes,No automatic selection: Kodepos.dev does not corroborate exactly one local source.
POSTAL-3206192005,32.06.19.2005,JATIWARAS,JATIWARAS,KAB. TASIKMALAYA,unresolved_do_not_guess,review_required,,46180;46185;46491,,yes,No automatic selection: Kodepos.dev does not corroborate exactly one local source.
POSTAL-3206192006,32.06.19.2006,PAPAYAN,JATIWARAS,KAB. TASIKMALAYA,unresolved_do_not_guess,review_required,,46180;46185;46491,,yes,No automatic selection: Kodepos.dev does not corroborate exactly one local source.
POSTAL-3206192007,32.06.19.2007,CIWARAK,JATIWARAS,KAB. TASIKMALAYA,unresolved_do_not_guess,review_required,,46180;46185;46491,,yes,No automatic selection: Kodepos.dev does not corroborate exactly one local source.
POSTAL-3206192008,32.06.19.2008,KERSAGALIH,JATIWARAS,KAB. TASIKMALAYA,unresolved_do_not_guess,review_required,,46180;46185;46491,,yes,No automatic selection: Kodepos.dev does not corroborate exactly one local source.
POSTAL-3206192009,32.06.19.2009,MANDALAMEKAR,JATIWARAS,KAB. TASIKMALAYA,unresolved_do_not_guess,review_required,,46180;46185;46491,,yes,No automatic selection: Kodepos.dev does not corroborate exactly one local source.
POSTAL-3206192010,32.06.19.2010,KERTARAHAYU,JATIWARAS,KAB. TASIKMALAYA,unresolved_do_not_guess,review_required,,46180;46185;46491,,yes,No automatic selection: Kodepos.dev does not corroborate exactly one local source.
POSTAL-3206192011,32.06.19.2011,MANDALAHURIP,JATIWARAS,KAB. TASIKMALAYA,unresolved_do_not_guess,review_required,,46180;46491,,yes,No automatic selection: Kodepos.dev does not corroborate exactly one local source.
POSTAL-3206202001,32.06.20.2001,CISARUA,CINEAM,KAB. TASIKMALAYA,candidate_review_only,corroborated_candidate,46198,46198;46498,,yes,Kodepos.dev corroborates Open Data Jabar; candidate is not accepted as final.
POSTAL-3206202002,32.06.20.2002,CIKONDANG,CINEAM,KAB. TASIKMALAYA,candidate_review_only,corroborated_candidate,46198,46198;46496,,yes,Kodepos.dev corroborates Open Data Jabar; candidate is not accepted as final.
POSTAL-3206202003,32.06.20.2003,CIJULANG,CINEAM,KAB. TASIKMALAYA,candidate_review_only,corroborated_candidate,46198,46198;46262,,yes,Kodepos.dev corroborates Open Data Jabar; candidate is not accepted as final.
POSTAL-3206202004,32.06.20.2004,CIAMPANAN,CINEAM,KAB. TASIKMALAYA,candidate_review_only,corroborated_candidate,46198,46198;46498,,yes,Kodepos.dev corroborates Open Data Jabar; candidate is not accepted as final.
POSTAL-3206202005,32.06.20.2005,CINEAM,CINEAM,KAB. TASIKMALAYA,candidate_review_only,corroborated_candidate,46198,46198;46498,,yes,Kodepos.dev corroborates Open Data Jabar; candidate is not accepted as final.
POSTAL-3206202006,32.06.20.2006,RAJADATU,CINEAM,KAB. TASIKMALAYA,candidate_review_only,corroborated_candidate,46198,46198;46498,,yes,Kodepos.dev corroborates Open Data Jabar; candidate is not accepted as final.
POSTAL-3206202007,32.06.20.2007,ANCOL,CINEAM,KAB. TASIKMALAYA,candidate_review_only,corroborated_candidate,46198,46198;46498,,yes,Kodepos.dev corroborates Open Data Jabar; candidate is not accepted as final.
POSTAL-3206202008,32.06.20.2008,NAGARATENGAH,CINEAM,KAB. TASIKMALAYA,candidate_review_only,corroborated_candidate,46198,46198;46498,,yes,Kodepos.dev corroborates Open Data Jabar; candidate is not accepted as final.
POSTAL-3206202009,32.06.20.2009,PASIRMUKTI,CINEAM,KAB. TASIKMALAYA,candidate_review_only,corroborated_candidate,46198,46198;46498,,yes,Kodepos.dev corroborates Open Data Jabar; candidate is not accepted as final.
POSTAL-3206202010,32.06.20.2010,MADIASARI,CINEAM,KAB. TASIKMALAYA,candidate_review_only,corroborated_candidate,46198,46198;46498,,yes,Kodepos.dev corroborates Open Data Jabar; candidate is not accepted as final.
POSTAL-3206212001,32.06.21.2001,SIRNAJAYA,KARANG JAYA,KAB. TASIKMALAYA,unresolved_do_not_guess,review_required,,46199;46483;46499,,yes,No automatic selection: Kodepos.dev does not corroborate exactly one local source.
POSTAL-3206212002,32.06.21.2002,KARANG JAYA,KARANG JAYA,KAB. TASIKMALAYA,unresolved_do_not_guess,review_required,,46199;46499,,yes,No automatic selection: Kodepos.dev does not corroborate exactly one local source.
POSTAL-3206212003,32.06.21.2003,KARANGLAYUNG,KARANG JAYA,KAB. TASIKMALAYA,unresolved_do_not_guess,review_required,,46199;46499,,yes,No automatic selection: Kodepos.dev does not corroborate exactly one local source.
POSTAL-3206212004,32.06.21.2004,CITALAHAB,KARANG JAYA,KAB. TASIKMALAYA,unresolved_do_not_guess,review_required,,46199;46499,,yes,No automatic selection: Kodepos.dev does not corroborate exactly one local source.
POSTAL-3206222001,32.06.22.2001,CIHAUR,MANONJAYA,KAB. TASIKMALAYA,candidate_review_only,corroborated_candidate,46197,46197;46497,,yes,Kodepos.dev corroborates Open Data Jabar; candidate is not accepted as final.
POSTAL-3206222002,32.06.22.2002,CILANGKAP,MANONJAYA,KAB. TASIKMALAYA,candidate_review_only,corroborated_candidate,46197,46197;46497,,yes,Kodepos.dev corroborates Open Data Jabar; candidate is not accepted as final.
POSTAL-3206222003,32.06.22.2003,PASIRPANJANG,MANONJAYA,KAB. TASIKMALAYA,candidate_review_only,corroborated_candidate,46197,46197;46497,,yes,Kodepos.dev corroborates Open Data Jabar; candidate is not accepted as final.
POSTAL-3206222004,32.06.22.2004,CIBEBER,MANONJAYA,KAB. TASIKMALAYA,candidate_review_only,corroborated_candidate,46197,46197;46497,,yes,Kodepos.dev corroborates Open Data Jabar; candidate is not accepted as final.
POSTAL-3206222005,32.06.22.2005,KAMULYAN,MANONJAYA,KAB. TASIKMALAYA,candidate_review_only,corroborated_candidate,46197,46197;46497,,yes,Kodepos.dev corroborates Open Data Jabar; candidate is not accepted as final.
POSTAL-3206222006,32.06.22.2006,MANONJAYA,MANONJAYA,KAB. TASIKMALAYA,candidate_review_only,corroborated_candidate,46197,46197;46497,,yes,Kodepos.dev corroborates Open Data Jabar; candidate is not accepted as final.
POSTAL-3206222007,32.06.22.2007,MARGALUYU,MANONJAYA,KAB. TASIKMALAYA,candidate_review_only,corroborated_candidate,46197,46197;46497,,yes,Kodepos.dev corroborates Open Data Jabar; candidate is not accepted as final.
POSTAL-3206222008,32.06.22.2008,PASIRBATANG,MANONJAYA,KAB. TASIKMALAYA,candidate_review_only,corroborated_candidate,46197,46197;46497,,yes,Kodepos.dev corroborates Open Data Jabar; candidate is not accepted as final.
POSTAL-3206222009,32.06.22.2009,KALIMANGGIS,MANONJAYA,KAB. TASIKMALAYA,candidate_review_only,corroborated_candidate,46197,46197;46497,,yes,Kodepos.dev corroborates Open Data Jabar; candidate is not accepted as final.
POSTAL-3206222010,32.06.22.2010,MARGAHAYU,MANONJAYA,KAB. TASIKMALAYA,candidate_review_only,corroborated_candidate,46197,46197;46497,,yes,Kodepos.dev corroborates Open Data Jabar; candidate is not accepted as final.
POSTAL-3206222011,32.06.22.2011,BATUSUMUR,MANONJAYA,KAB. TASIKMALAYA,candidate_review_only,corroborated_candidate,46197,46197;46497,,yes,Kodepos.dev corroborates Open Data Jabar; candidate is not accepted as final.
POSTAL-3206222012,32.06.22.2012,GUNAJAYA,MANONJAYA,KAB. TASIKMALAYA,candidate_review_only,corroborated_candidate,46197,46197;46497,,yes,Kodepos.dev corroborates Open Data Jabar; candidate is not accepted as final.
POSTAL-3206232001,32.06.23.2001,CINUNJANG,GUNUNG TANJUNG,KAB. TASIKMALAYA,unresolved_do_not_guess,review_required,,46418;46496,,yes,No automatic selection: Kodepos.dev does not corroborate exactly one local source.
POSTAL-3206232002,32.06.23.2002,GUNUNGTANJUNG,GUNUNG TANJUNG,KAB. TASIKMALAYA,unresolved_do_not_guess,review_required,,46418;46496,,yes,No automatic selection: Kodepos.dev does not corroborate exactly one local source.
POSTAL-3206232003,32.06.23.2003,BOJONGSARI,GUNUNG TANJUNG,KAB. TASIKMALAYA,unresolved_do_not_guess,review_required,,46418;46496,,yes,No automatic selection: Kodepos.dev does not corroborate exactly one local source.
POSTAL-3206232004,32.06.23.2004,JATIJAYA,GUNUNG TANJUNG,KAB. TASIKMALAYA,unresolved_do_not_guess,review_required,,46418;46496,,yes,No automatic selection: Kodepos.dev does not corroborate exactly one local source.
POSTAL-3206232005,32.06.23.2005,TANJUNGSARI,GUNUNG TANJUNG,KAB. TASIKMALAYA,unresolved_do_not_guess,review_required,,46418;46492;46496,,yes,No automatic selection: Kodepos.dev does not corroborate exactly one local source.
POSTAL-3206232006,32.06.23.2006,GIRIWANGI,GUNUNG TANJUNG,KAB. TASIKMALAYA,unresolved_do_not_guess,review_required,,46418;46496,,yes,No automatic selection: Kodepos.dev does not corroborate exactly one local source.
POSTAL-3206232007,32.06.23.2007,MALATISUKA,GUNUNG TANJUNG,KAB. TASIKMALAYA,unresolved_do_not_guess,review_required,,46418;46496,,yes,No automatic selection: Kodepos.dev does not corroborate exactly one local source.
POSTAL-3206312001,32.06.31.2001,LINGGAJATI,SUKARATU,KAB. TASIKMALAYA,candidate_review_only,corroborated_candidate,46415,46415;46452,,yes,Kodepos.dev corroborates Open Data Jabar; candidate is not accepted as final.
POSTAL-3206312002,32.06.31.2002,TAWANGBANTENG,SUKARATU,KAB. TASIKMALAYA,candidate_review_only,corroborated_candidate,46415,46415;46452,,yes,Kodepos.dev corroborates Open Data Jabar; candidate is not accepted as final.
POSTAL-3206312003,32.06.31.2003,SINAGAR,SUKARATU,KAB. TASIKMALAYA,candidate_review_only,corroborated_candidate,46415,46415;46452,,yes,Kodepos.dev corroborates Open Data Jabar; candidate is not accepted as final.
POSTAL-3206312004,32.06.31.2004,GUNUNGSARI,SUKARATU,KAB. TASIKMALAYA,candidate_review_only,corroborated_candidate,46415,46415;46452,,yes,Kodepos.dev corroborates Open Data Jabar; candidate is not accepted as final.
POSTAL-3206312005,32.06.31.2005,SUKAMAHI,SUKARATU,KAB. TASIKMALAYA,candidate_review_only,corroborated_candidate,46415,46415;46452,,yes,Kodepos.dev corroborates Open Data Jabar; candidate is not accepted as final.
POSTAL-3206312006,32.06.31.2006,SUKAGALIH,SUKARATU,KAB. TASIKMALAYA,candidate_review_only,corroborated_candidate,46415,46415;46452,,yes,Kodepos.dev corroborates Open Data Jabar; candidate is not accepted as final.
POSTAL-3206312007,32.06.31.2007,SUKARATU,SUKARATU,KAB. TASIKMALAYA,candidate_review_only,corroborated_candidate,46415,46415;46452,,yes,Kodepos.dev corroborates Open Data Jabar; candidate is not accepted as final.
POSTAL-3206312008,32.06.31.2008,INDRAJAYA,SUKARATU,KAB. TASIKMALAYA,candidate_review_only,corroborated_candidate,46415,46415;46452,,yes,Kodepos.dev corroborates Open Data Jabar; candidate is not accepted as final.
POSTAL-3206322001,32.06.32.2001,CISAYONG,CISAYONG,KAB. TASIKMALAYA,candidate_review_only,corroborated_candidate,46153,46153;46453,,yes,Kodepos.dev corroborates Open Data Jabar; candidate is not accepted as final.
POSTAL-3206322002,32.06.32.2002,SUKAJADI,CISAYONG,KAB. TASIKMALAYA,candidate_review_only,corroborated_candidate,46153,46153;46453,,yes,Kodepos.dev corroborates Open Data Jabar; candidate is not accepted as final.
POSTAL-3206322003,32.06.32.2003,SUKASUKUR,CISAYONG,KAB. TASIKMALAYA,candidate_review_only,corroborated_candidate,46153,46153;46453,,yes,Kodepos.dev corroborates Open Data Jabar; candidate is not accepted as final.
POSTAL-3206322004,32.06.32.2004,SUKAMUKTI,CISAYONG,KAB. TASIKMALAYA,candidate_review_only,corroborated_candidate,46153,46153;46453,,yes,Kodepos.dev corroborates Open Data Jabar; candidate is not accepted as final.
POSTAL-3206322005,32.06.32.2005,NUSAWANGI,CISAYONG,KAB. TASIKMALAYA,candidate_review_only,corroborated_candidate,46153,46153;46453,,yes,Kodepos.dev corroborates Open Data Jabar; candidate is not accepted as final.
POSTAL-3206322006,32.06.32.2006,CIKADU,CISAYONG,KAB. TASIKMALAYA,candidate_review_only,corroborated_candidate,46153,46153;46453,,yes,Kodepos.dev corroborates Open Data Jabar; candidate is not accepted as final.
POSTAL-3206322007,32.06.32.2007,CILEULEUS,CISAYONG,KAB. TASIKMALAYA,candidate_review_only,corroborated_candidate,46153,46153;46453,,yes,Kodepos.dev corroborates Open Data Jabar; candidate is not accepted as final.
POSTAL-3206322008,32.06.32.2008,JATIHURIP,CISAYONG,KAB. TASIKMALAYA,candidate_review_only,corroborated_candidate,46153,46153;46453,,yes,Kodepos.dev corroborates Open Data Jabar; candidate is not accepted as final.
POSTAL-3206322009,32.06.32.2009,SUKASETIA,CISAYONG,KAB. TASIKMALAYA,candidate_review_only,corroborated_candidate,46153,46153;46453,,yes,Kodepos.dev corroborates Open Data Jabar; candidate is not accepted as final.
POSTAL-3206322010,32.06.32.2010,PURWASARI,CISAYONG,KAB. TASIKMALAYA,candidate_review_only,corroborated_candidate,46153,46153;46453,,yes,Kodepos.dev corroborates Open Data Jabar; candidate is not accepted as final.
POSTAL-3206322011,32.06.32.2011,SUKARAHARJA,CISAYONG,KAB. TASIKMALAYA,candidate_review_only,corroborated_candidate,46153,46153;46453,,yes,Kodepos.dev corroborates Open Data Jabar; candidate is not accepted as final.
POSTAL-3206322012,32.06.32.2012,MEKARWANGI,CISAYONG,KAB. TASIKMALAYA,candidate_review_only,corroborated_candidate,46153,46153;46453,,yes,Kodepos.dev corroborates Open Data Jabar; candidate is not accepted as final.
POSTAL-3206322013,32.06.32.2013,SANTANAMEKAR,CISAYONG,KAB. TASIKMALAYA,candidate_review_only,corroborated_candidate,46153,46153;46453,,yes,Kodepos.dev corroborates Open Data Jabar; candidate is not accepted as final.
POSTAL-3206332001,32.06.33.2001,BANYURASA,SUKAHENING,KAB. TASIKMALAYA,candidate_review_only,corroborated_candidate,46155,46155;46454,,yes,Kodepos.dev corroborates Open Data Jabar; candidate is not accepted as final.
POSTAL-3206332002,32.06.33.2002,CALINCING,SUKAHENING,KAB. TASIKMALAYA,candidate_review_only,corroborated_candidate,46155,46155;46454,,yes,Kodepos.dev corroborates Open Data Jabar; candidate is not accepted as final.
POSTAL-3206332003,32.06.33.2003,SUKAHENING,SUKAHENING,KAB. TASIKMALAYA,candidate_review_only,corroborated_candidate,46155,46155;46454,,yes,Kodepos.dev corroborates Open Data Jabar; candidate is not accepted as final.
POSTAL-3206332004,32.06.33.2004,KIARAJANGKUNG,SUKAHENING,KAB. TASIKMALAYA,candidate_review_only,corroborated_candidate,46155,46155;46454,,yes,Kodepos.dev corroborates Open Data Jabar; candidate is not accepted as final.
POSTAL-3206332005,32.06.33.2005,KUDADEPA,SUKAHENING,KAB. TASIKMALAYA,candidate_review_only,corroborated_candidate,46155,46155;46454,,yes,Kodepos.dev corroborates Open Data Jabar; candidate is not accepted as final.
POSTAL-3206332006,32.06.33.2006,BANYURESMI,SUKAHENING,KAB. TASIKMALAYA,candidate_review_only,corroborated_candidate,46155,46155;46454,,yes,Kodepos.dev corroborates Open Data Jabar; candidate is not accepted as final.
POSTAL-3206332007,32.06.33.2007,SUNDAKERTA,SUKAHENING,KAB. TASIKMALAYA,candidate_review_only,corroborated_candidate,46155,46155;46454,,yes,Kodepos.dev corroborates Open Data Jabar; candidate is not accepted as final.
POSTAL-3206342001,32.06.34.2001,DAWAGUNG,RAJAPOLAH,KAB. TASIKMALAYA,candidate_review_only,corroborated_candidate,46155,46155;46455,,yes,Kodepos.dev corroborates Open Data Jabar; candidate is not accepted as final.
POSTAL-3206342002,32.06.34.2002,RAJAPOLAH,RAJAPOLAH,KAB. TASIKMALAYA,candidate_review_only,corroborated_candidate,46155,46155;46455,,yes,Kodepos.dev corroborates Open Data Jabar; candidate is not accepted as final.
POSTAL-3206342003,32.06.34.2003,MANGGUNGJAYA,RAJAPOLAH,KAB. TASIKMALAYA,candidate_review_only,corroborated_candidate,46155,46155;46455,,yes,Kodepos.dev corroborates Open Data Jabar; candidate is not accepted as final.
POSTAL-3206342004,32.06.34.2004,MANGGUNGSARI,RAJAPOLAH,KAB. TASIKMALAYA,candidate_review_only,corroborated_candidate,46155,46155;46455,,yes,Kodepos.dev corroborates Open Data Jabar; candidate is not accepted as final.
POSTAL-3206342005,32.06.34.2005,SUKARAJA,RAJAPOLAH,KAB. TASIKMALAYA,candidate_review_only,corroborated_candidate,46183,46183;46455,,yes,Kodepos.dev corroborates Open Data Jabar; candidate is not accepted as final.
POSTAL-3206342006,32.06.34.2006,RAJAMANDALA,RAJAPOLAH,KAB. TASIKMALAYA,candidate_review_only,corroborated_candidate,46155,46155;46455,,yes,Kodepos.dev corroborates Open Data Jabar; candidate is not accepted as final.
POSTAL-3206342007,32.06.34.2007,SUKANAGALIH,RAJAPOLAH,KAB. TASIKMALAYA,candidate_review_only,corroborated_candidate,46155,46155;46455,,yes,Kodepos.dev corroborates Open Data Jabar; candidate is not accepted as final.
POSTAL-3206342008,32.06.34.2008,TANJUNGPURA,RAJAPOLAH,KAB. TASIKMALAYA,candidate_review_only,corroborated_candidate,46155,46155;46455,,yes,Kodepos.dev corroborates Open Data Jabar; candidate is not accepted as final.
POSTAL-3206352001,32.06.35.2001,CONDONG,JAMANIS,KAB. TASIKMALAYA,candidate_review_only,corroborated_candidate,46175,46175;46451,,yes,Kodepos.dev corroborates Open Data Jabar; candidate is not accepted as final.
POSTAL-3206352002,32.06.35.2002,BOJONGGAOK,JAMANIS,KAB. TASIKMALAYA,candidate_review_only,corroborated_candidate,46175,46175;46451,,yes,Kodepos.dev corroborates Open Data Jabar; candidate is not accepted as final.
POSTAL-3206352003,32.06.35.2003,SINDANGRAJA,JAMANIS,KAB. TASIKMALAYA,candidate_review_only,corroborated_candidate,46175,46175;46451,,yes,Kodepos.dev corroborates Open Data Jabar; candidate is not accepted as final.
POSTAL-3206352004,32.06.35.2004,KARANGMULYA,JAMANIS,KAB. TASIKMALAYA,candidate_review_only,corroborated_candidate,46175,46175;46451,,yes,Kodepos.dev corroborates Open Data Jabar; candidate is not accepted as final.
POSTAL-3206352005,32.06.35.2005,GERESIK,JAMANIS,KAB. TASIKMALAYA,candidate_review_only,corroborated_candidate,46175,46175;46451,,yes,Kodepos.dev corroborates Open Data Jabar; candidate is not accepted as final.
POSTAL-3206352006,32.06.35.2006,KARANGSEMBUNG,JAMANIS,KAB. TASIKMALAYA,candidate_review_only,corroborated_candidate,46175,46175;46451,,yes,Kodepos.dev corroborates Open Data Jabar; candidate is not accepted as final.
POSTAL-3206352007,32.06.35.2007,TANJUNGMEKAR,JAMANIS,KAB. TASIKMALAYA,candidate_review_only,corroborated_candidate,46175,46175;46451,,yes,Kodepos.dev corroborates Open Data Jabar; candidate is not accepted as final.
POSTAL-3206352008,32.06.35.2008,KARANGRESIK,JAMANIS,KAB. TASIKMALAYA,candidate_review_only,corroborated_candidate,46175,46175;46451,,yes,Kodepos.dev corroborates Open Data Jabar; candidate is not accepted as final.
POSTAL-3206362001,32.06.36.2001,GOMBONG,CIAWI,KAB. TASIKMALAYA,candidate_review_only,corroborated_candidate,46156,46156;46456,,yes,Kodepos.dev corroborates Open Data Jabar; candidate is not accepted as final.
POSTAL-3206362002,32.06.36.2002,BUGEL,CIAWI,KAB. TASIKMALAYA,candidate_review_only,corroborated_candidate,46156,46156;46456,,yes,Kodepos.dev corroborates Open Data Jabar; candidate is not accepted as final.
POSTAL-3206362003,32.06.36.2003,MARGASARI,CIAWI,KAB. TASIKMALAYA,candidate_review_only,corroborated_candidate,46156,46156;46456,,yes,Kodepos.dev corroborates Open Data Jabar; candidate is not accepted as final.
POSTAL-3206362004,32.06.36.2004,PAKEMITAN,CIAWI,KAB. TASIKMALAYA,candidate_review_only,corroborated_candidate,46156,46156;46456,,yes,Kodepos.dev corroborates Open Data Jabar; candidate is not accepted as final.
POSTAL-3206362005,32.06.36.2005,CIAWI,CIAWI,KAB. TASIKMALAYA,candidate_review_only,corroborated_candidate,46156,46156;46456,,yes,Kodepos.dev corroborates Open Data Jabar; candidate is not accepted as final.
POSTAL-3206362006,32.06.36.2006,SUKAMANTRI,CIAWI,KAB. TASIKMALAYA,candidate_review_only,corroborated_candidate,46156,46156;46456,,yes,Kodepos.dev corroborates Open Data Jabar; candidate is not accepted as final.
POSTAL-3206362007,32.06.36.2007,PASIRHUNI,CIAWI,KAB. TASIKMALAYA,candidate_review_only,corroborated_candidate,46156,46156;46456,,yes,Kodepos.dev corroborates Open Data Jabar; candidate is not accepted as final.
POSTAL-3206362008,32.06.36.2008,CITAMBA,CIAWI,KAB. TASIKMALAYA,candidate_review_only,corroborated_candidate,46156,46156;46456,,yes,Kodepos.dev corroborates Open Data Jabar; candidate is not accepted as final.
POSTAL-3206362009,32.06.36.2009,KERTAMUKTI,CIAWI,KAB. TASIKMALAYA,candidate_review_only,corroborated_candidate,46156,46156;46456,,yes,Kodepos.dev corroborates Open Data Jabar; candidate is not accepted as final.
POSTAL-3206362010,32.06.36.2010,KURNIABAKTI,CIAWI,KAB. TASIKMALAYA,candidate_review_only,corroborated_candidate,46156,46156;46456,,yes,Kodepos.dev corroborates Open Data Jabar; candidate is not accepted as final.
POSTAL-3206362011,32.06.36.2011,PAKAMITANKIDUL,CIAWI,KAB. TASIKMALAYA,candidate_review_only,corroborated_candidate,46156,46156;46456,,yes,Kodepos.dev corroborates Open Data Jabar; candidate is not accepted as final.
POSTAL-3206372001,32.06.37.2001,KADIPATEN,KADIPATEN,KAB. TASIKMALAYA,unresolved_do_not_guess,review_required,,46156;46157;46457,,yes,No automatic selection: Kodepos.dev does not corroborate exactly one local source.
POSTAL-3206372002,32.06.37.2002,DIRGAHAYU,KADIPATEN,KAB. TASIKMALAYA,unresolved_do_not_guess,review_required,,46156;46157;46457,,yes,No automatic selection: Kodepos.dev does not corroborate exactly one local source.
POSTAL-3206372003,32.06.37.2003,CIBAHAYU,KADIPATEN,KAB. TASIKMALAYA,unresolved_do_not_guess,review_required,,46156;46157;46457,,yes,No automatic selection: Kodepos.dev does not corroborate exactly one local source.
POSTAL-3206372004,32.06.37.2004,MEKARSARI,KADIPATEN,KAB. TASIKMALAYA,unresolved_do_not_guess,review_required,,46156;46157;46457,,yes,No automatic selection: Kodepos.dev does not corroborate exactly one local source.
POSTAL-3206372005,32.06.37.2005,BUNIASIH,KADIPATEN,KAB. TASIKMALAYA,unresolved_do_not_guess,review_required,,46156;46157;46457,,yes,No automatic selection: Kodepos.dev does not corroborate exactly one local source.
POSTAL-3206372006,32.06.37.2006,PAMOYANAN,KADIPATEN,KAB. TASIKMALAYA,unresolved_do_not_guess,review_required,,46156;46157;46457,,yes,No automatic selection: Kodepos.dev does not corroborate exactly one local source.
POSTAL-3206382001,32.06.38.2001,CIPACING,PAGERAGEUNG,KAB. TASIKMALAYA,candidate_review_only,corroborated_candidate,46158,46158;46458,,yes,Kodepos.dev corroborates Open Data Jabar; candidate is not accepted as final.
POSTAL-3206382002,32.06.38.2002,PAGERAGEUNG,PAGERAGEUNG,KAB. TASIKMALAYA,candidate_review_only,corroborated_candidate,46158,46158;46458,,yes,Kodepos.dev corroborates Open Data Jabar; candidate is not accepted as final.
POSTAL-3206382003,32.06.38.2003,SUKAMAJU,PAGERAGEUNG,KAB. TASIKMALAYA,candidate_review_only,corroborated_candidate,46158,46158;46458,,yes,Kodepos.dev corroborates Open Data Jabar; candidate is not accepted as final.
POSTAL-3206382004,32.06.38.2004,TANJUNGKERTA,PAGERAGEUNG,KAB. TASIKMALAYA,candidate_review_only,corroborated_candidate,46158,46158;46458,,yes,Kodepos.dev corroborates Open Data Jabar; candidate is not accepted as final.
POSTAL-3206382005,32.06.38.2005,PUTERAN,PAGERAGEUNG,KAB. TASIKMALAYA,candidate_review_only,corroborated_candidate,46158,46158;46458,,yes,Kodepos.dev corroborates Open Data Jabar; candidate is not accepted as final.
POSTAL-3206382006,32.06.38.2006,GURANTENG,PAGERAGEUNG,KAB. TASIKMALAYA,candidate_review_only,corroborated_candidate,46158,46158;46458,,yes,Kodepos.dev corroborates Open Data Jabar; candidate is not accepted as final.
POSTAL-3206382007,32.06.38.2007,NANGGEWER,PAGERAGEUNG,KAB. TASIKMALAYA,candidate_review_only,corroborated_candidate,46158,46158;46458,,yes,Kodepos.dev corroborates Open Data Jabar; candidate is not accepted as final.
POSTAL-3206382008,32.06.38.2008,SUKAPADA,PAGERAGEUNG,KAB. TASIKMALAYA,candidate_review_only,corroborated_candidate,46158,46158;46458,,yes,Kodepos.dev corroborates Open Data Jabar; candidate is not accepted as final.
POSTAL-3206382009,32.06.38.2009,PAGERSARI,PAGERAGEUNG,KAB. TASIKMALAYA,candidate_review_only,corroborated_candidate,46158,46158;46458,,yes,Kodepos.dev corroborates Open Data Jabar; candidate is not accepted as final.
POSTAL-3206382010,32.06.38.2010,SUKADANA,PAGERAGEUNG,KAB. TASIKMALAYA,candidate_review_only,corroborated_candidate,46413,46413;46458,,yes,Kodepos.dev corroborates Open Data Jabar; candidate is not accepted as final.
POSTAL-3206392001,32.06.39.2001,CIPONDOK,SUKARESIK,KAB. TASIKMALAYA,unresolved_do_not_guess,review_required,,46418;46419;46459,,yes,No automatic selection: Kodepos.dev does not corroborate exactly one local source.
POSTAL-3206392002,32.06.39.2002,SUKAMENAK,SUKARESIK,KAB. TASIKMALAYA,unresolved_do_not_guess,review_required,,46418;46419;46459,,yes,No automatic selection: Kodepos.dev does not corroborate exactly one local source.
POSTAL-3206392003,32.06.39.2003,SUKARATU,SUKARESIK,KAB. TASIKMALAYA,unresolved_do_not_guess,review_required,,46418;46419;46459,,yes,No automatic selection: Kodepos.dev does not corroborate exactly one local source.
POSTAL-3206392004,32.06.39.2004,BANJARSARI,SUKARESIK,KAB. TASIKMALAYA,unresolved_do_not_guess,review_required,,46418;46419;46459,,yes,No automatic selection: Kodepos.dev does not corroborate exactly one local source.
POSTAL-3206392005,32.06.39.2005,TANJUNGSARI,SUKARESIK,KAB. TASIKMALAYA,unresolved_do_not_guess,review_required,,46418;46419;46459,,yes,No automatic selection: Kodepos.dev does not corroborate exactly one local source.
POSTAL-3206392006,32.06.39.2006,SUKAPANCAR,SUKARESIK,KAB. TASIKMALAYA,unresolved_do_not_guess,review_required,,46418;46419;46459,,yes,No automatic selection: Kodepos.dev does not corroborate exactly one local source.
POSTAL-3206392007,32.06.39.2007,SUKARESIK,SUKARESIK,KAB. TASIKMALAYA,unresolved_do_not_guess,review_required,,46418;46419;46459,,yes,No automatic selection: Kodepos.dev does not corroborate exactly one local source.
POSTAL-3206392008,32.06.39.2008,MARGAMULYA,SUKARESIK,KAB. TASIKMALAYA,unresolved_do_not_guess,review_required,,46418;46419;46459,,yes,No automatic selection: Kodepos.dev does not corroborate exactly one local source.
POSTAL-3207012012,32.07.01.2012,PANYINGKIRAN,CIAMIS,KAB. CIAMIS,candidate_review_only,corroborated_candidate,46211,46211;46218,,yes,Kodepos.dev corroborates Open Data Jabar; candidate is not accepted as final.
POSTAL-3207052001,32.07.05.2001,CIDOLOG,CIDOLOG,KAB. CIAMIS,candidate_review_only,corroborated_candidate,46352,43384;46352,,yes,Kodepos.dev corroborates Open Data Jabar; candidate is not accepted as final.
POSTAL-3207052002,32.07.05.2002,JANGGALA,CIDOLOG,KAB. CIAMIS,candidate_review_only,corroborated_candidate,46352,46352;46483,,yes,Kodepos.dev corroborates Open Data Jabar; candidate is not accepted as final.
POSTAL-3207052003,32.07.05.2003,HEGARMANAH,CIDOLOG,KAB. CIAMIS,candidate_review_only,corroborated_candidate,46352,45367;46352,,yes,Kodepos.dev corroborates Open Data Jabar; candidate is not accepted as final.
POSTAL-3207052004,32.07.05.2004,JELEGONG,CIDOLOG,KAB. CIAMIS,candidate_review_only,corroborated_candidate,46352,40356;46352,,yes,Kodepos.dev corroborates Open Data Jabar; candidate is not accepted as final.
POSTAL-3207052005,32.07.05.2005,CIPARAY,CIDOLOG,KAB. CIAMIS,candidate_review_only,corroborated_candidate,46352,43384;46352,,yes,Kodepos.dev corroborates Open Data Jabar; candidate is not accepted as final.
POSTAL-3207052006,32.07.05.2006,SUKASARI,CIDOLOG,KAB. CIAMIS,candidate_review_only,corroborated_candidate,46352,46293;46352,,yes,Kodepos.dev corroborates Open Data Jabar; candidate is not accepted as final.
POSTAL-3207092014,32.07.09.2014,SINDANGSARI,KAWALI,KAB. CIAMIS,candidate_review_only,corroborated_candidate,46253,46253;46595,,yes,Kodepos.dev corroborates Open Data Jabar; candidate is not accepted as final.
POSTAL-3207092016,32.07.09.2016,SELASARI,KAWALI,KAB. CIAMIS,candidate_review_only,corroborated_candidate,46253,46252;46253,,yes,Kodepos.dev corroborates Open Data Jabar; candidate is not accepted as final.
POSTAL-3207102012,32.07.10.2012,KARANGPANINGAL,PANAWANGAN,KAB. CIAMIS,candidate_review_only,corroborated_candidate,46255,46255;46286,,yes,Kodepos.dev corroborates Open Data Jabar; candidate is not accepted as final.
POSTAL-3207132003,32.07.13.2003,TANJUNGSARI,RAJADESA,KAB. CIAMIS,candidate_review_only,corroborated_candidate,46254,46254;46256,,yes,Kodepos.dev corroborates Open Data Jabar; candidate is not accepted as final.
POSTAL-3207132007,32.07.13.2007,SUKAJAYA,RAJADESA,KAB. CIAMIS,candidate_review_only,corroborated_candidate,46254,46254;46286,,yes,Kodepos.dev corroborates Open Data Jabar; candidate is not accepted as final.
POSTAL-3207152001,32.07.15.2001,RANCAH,RANCAH,KAB. CIAMIS,candidate_review_only,corroborated_candidate,46387,46292;46387,,yes,Kodepos.dev corroborates Open Data Jabar; candidate is not accepted as final.
POSTAL-3207152002,32.07.15.2002,KIARAPAYUNG,RANCAH,KAB. CIAMIS,candidate_review_only,corroborated_candidate,46387,46292;46387,,yes,Kodepos.dev corroborates Open Data Jabar; candidate is not accepted as final.
POSTAL-3207152003,32.07.15.2003,CILEUNGSIR,RANCAH,KAB. CIAMIS,candidate_review_only,corroborated_candidate,46387,46292;46387,,yes,Kodepos.dev corroborates Open Data Jabar; candidate is not accepted as final.
POSTAL-3207152004,32.07.15.2004,CISONTROL,RANCAH,KAB. CIAMIS,candidate_review_only,corroborated_candidate,46387,46292;46387,,yes,Kodepos.dev corroborates Open Data Jabar; candidate is not accepted as final.
POSTAL-3207152005,32.07.15.2005,SITUMANDALA,RANCAH,KAB. CIAMIS,candidate_review_only,corroborated_candidate,46387,46292;46387,,yes,Kodepos.dev corroborates Open Data Jabar; candidate is not accepted as final.
POSTAL-3207152006,32.07.15.2006,KAWUNGLARANG,RANCAH,KAB. CIAMIS,candidate_review_only,corroborated_candidate,46387,46292;46387,,yes,Kodepos.dev corroborates Open Data Jabar; candidate is not accepted as final.
POSTAL-3207152007,32.07.15.2007,PATAKAHARJA,RANCAH,KAB. CIAMIS,candidate_review_only,corroborated_candidate,46387,46292;46387,,yes,Kodepos.dev corroborates Open Data Jabar; candidate is not accepted as final.
POSTAL-3207152008,32.07.15.2008,BOJONGGEDANG,RANCAH,KAB. CIAMIS,candidate_review_only,corroborated_candidate,46387,46292;46387,,yes,Kodepos.dev corroborates Open Data Jabar; candidate is not accepted as final.
POSTAL-3207152009,32.07.15.2009,KARANGPARI,RANCAH,KAB. CIAMIS,candidate_review_only,corroborated_candidate,46387,46292;46387,,yes,Kodepos.dev corroborates Open Data Jabar; candidate is not accepted as final.
POSTAL-3207152010,32.07.15.2010,DADIHARJA,RANCAH,KAB. CIAMIS,candidate_review_only,corroborated_candidate,46387,46292;46387,,yes,Kodepos.dev corroborates Open Data Jabar; candidate is not accepted as final.
POSTAL-3207152011,32.07.15.2011,JANGALAHARJA,RANCAH,KAB. CIAMIS,candidate_review_only,corroborated_candidate,46387,46292;46387,,yes,Kodepos.dev corroborates Open Data Jabar; candidate is not accepted as final.
POSTAL-3207152012,32.07.15.2012,GIRIHARJA,RANCAH,KAB. CIAMIS,candidate_review_only,corroborated_candidate,46387,46292;46387,,yes,Kodepos.dev corroborates Open Data Jabar; candidate is not accepted as final.
POSTAL-3207152013,32.07.15.2013,WANGUNSARI,RANCAH,KAB. CIAMIS,candidate_review_only,corroborated_candidate,46387,46292;46387,,yes,Kodepos.dev corroborates Open Data Jabar; candidate is not accepted as final.
POSTAL-3207162001,32.07.16.2001,TAMBAKSARI,TAMBAKSARI,KAB. CIAMIS,candidate_review_only,corroborated_candidate,46388,46293;46388,,yes,Kodepos.dev corroborates Open Data Jabar; candidate is not accepted as final.
POSTAL-3207162002,32.07.16.2002,MEKARSARI,TAMBAKSARI,KAB. CIAMIS,candidate_review_only,corroborated_candidate,46388,46293;46388,,yes,Kodepos.dev corroborates Open Data Jabar; candidate is not accepted as final.
POSTAL-3207162003,32.07.16.2003,KASO,TAMBAKSARI,KAB. CIAMIS,candidate_review_only,corroborated_candidate,46388,46293;46388,,yes,Kodepos.dev corroborates Open Data Jabar; candidate is not accepted as final.
POSTAL-3207162004,32.07.16.2004,KADUPANDAK,TAMBAKSARI,KAB. CIAMIS,candidate_review_only,corroborated_candidate,46388,46293;46388,,yes,Kodepos.dev corroborates Open Data Jabar; candidate is not accepted as final.
POSTAL-3207162005,32.07.16.2005,SUKASARI,TAMBAKSARI,KAB. CIAMIS,candidate_review_only,corroborated_candidate,46388,46293;46388,,yes,Kodepos.dev corroborates Open Data Jabar; candidate is not accepted as final.
POSTAL-3207162006,32.07.16.2006,KARANGPANINGAL,TAMBAKSARI,KAB. CIAMIS,candidate_review_only,corroborated_candidate,46388,46293;46388,,yes,Kodepos.dev corroborates Open Data Jabar; candidate is not accepted as final.
POSTAL-3207172006,32.07.17.2006,SIDAHARJA,LAKBOK,KAB. CIAMIS,candidate_review_only,corroborated_candidate,46385,46285;46385,,yes,Kodepos.dev corroborates Open Data Jabar; candidate is not accepted as final.
POSTAL-3207172007,32.07.17.2007,KERTAJAYA,LAKBOK,KAB. CIAMIS,candidate_review_only,corroborated_candidate,46385,46285;46385,,yes,Kodepos.dev corroborates Open Data Jabar; candidate is not accepted as final.
POSTAL-3207172009,32.07.17.2009,SUKANAGARA,LAKBOK,KAB. CIAMIS,candidate_review_only,corroborated_candidate,46385,46285;46385,,yes,Kodepos.dev corroborates Open Data Jabar; candidate is not accepted as final.
POSTAL-3207172010,32.07.17.2010,CINTAJAYA,LAKBOK,KAB. CIAMIS,candidate_review_only,corroborated_candidate,46385,46285;46385,,yes,Kodepos.dev corroborates Open Data Jabar; candidate is not accepted as final.
POSTAL-3207172011,32.07.17.2011,CINTARATU,LAKBOK,KAB. CIAMIS,candidate_review_only,corroborated_candidate,46385,46285;46385,,yes,Kodepos.dev corroborates Open Data Jabar; candidate is not accepted as final.
POSTAL-3207172012,32.07.17.2012,SINDANGANGIN,LAKBOK,KAB. CIAMIS,candidate_review_only,corroborated_candidate,46385,46285;46385,,yes,Kodepos.dev corroborates Open Data Jabar; candidate is not accepted as final.
POSTAL-3207172013,32.07.17.2013,TAMBAKREJA,LAKBOK,KAB. CIAMIS,candidate_review_only,corroborated_candidate,46385,46285;46385,,yes,Kodepos.dev corroborates Open Data Jabar; candidate is not accepted as final.
POSTAL-3207172017,32.07.17.2017,BAREGBEG,LAKBOK,KAB. CIAMIS,candidate_review_only,corroborated_candidate,46385,46285;46385,,yes,Kodepos.dev corroborates Open Data Jabar; candidate is not accepted as final.
POSTAL-3207172018,32.07.17.2018,KALAPASAWIT,LAKBOK,KAB. CIAMIS,candidate_review_only,corroborated_candidate,46385,46285;46385,,yes,Kodepos.dev corroborates Open Data Jabar; candidate is not accepted as final.
POSTAL-3207172019,32.07.17.2019,PULOERANG,LAKBOK,KAB. CIAMIS,candidate_review_only,corroborated_candidate,46385,46285;46385,,yes,Kodepos.dev corroborates Open Data Jabar; candidate is not accepted as final.
POSTAL-3207182005,32.07.18.2005,KAWASEN,BANJARSARI,KAB. CIAMIS,candidate_review_only,corroborated_candidate,46383,46283;46383,,yes,Kodepos.dev corroborates Open Data Jabar; candidate is not accepted as final.
POSTAL-3207182006,32.07.18.2006,CICAPAR,BANJARSARI,KAB. CIAMIS,candidate_review_only,corroborated_candidate,46383,46283;46383,,yes,Kodepos.dev corroborates Open Data Jabar; candidate is not accepted as final.
POSTAL-3207182007,32.07.18.2007,CIBADAK,BANJARSARI,KAB. CIAMIS,candidate_review_only,corroborated_candidate,46383,46283;46383,,yes,Kodepos.dev corroborates Open Data Jabar; candidate is not accepted as final.
POSTAL-3207182008,32.07.18.2008,BANJARSARI,BANJARSARI,KAB. CIAMIS,candidate_review_only,corroborated_candidate,46383,46283;46383,,yes,Kodepos.dev corroborates Open Data Jabar; candidate is not accepted as final.
POSTAL-3207182009,32.07.18.2009,SINDANGHAYU,BANJARSARI,KAB. CIAMIS,candidate_review_only,corroborated_candidate,46383,46283;46383,,yes,Kodepos.dev corroborates Open Data Jabar; candidate is not accepted as final.
POSTAL-3207182010,32.07.18.2010,SINDANGASIH,BANJARSARI,KAB. CIAMIS,candidate_review_only,corroborated_candidate,46383,46283;46383,,yes,Kodepos.dev corroborates Open Data Jabar; candidate is not accepted as final.
POSTAL-3207182012,32.07.18.2012,SINDANGSARI,BANJARSARI,KAB. CIAMIS,candidate_review_only,corroborated_candidate,46383,46283;46383,,yes,Kodepos.dev corroborates Open Data Jabar; candidate is not accepted as final.
POSTAL-3207182013,32.07.18.2013,CIHERANG,BANJARSARI,KAB. CIAMIS,candidate_review_only,corroborated_candidate,46383,46283;46383,,yes,Kodepos.dev corroborates Open Data Jabar; candidate is not accepted as final.
POSTAL-3207182014,32.07.18.2014,PURWASARI,BANJARSARI,KAB. CIAMIS,candidate_review_only,corroborated_candidate,46383,46283;46383,,yes,Kodepos.dev corroborates Open Data Jabar; candidate is not accepted as final.
POSTAL-3207182015,32.07.18.2015,RATAWANGI,BANJARSARI,KAB. CIAMIS,candidate_review_only,corroborated_candidate,46383,46283;46383,,yes,Kodepos.dev corroborates Open Data Jabar; candidate is not accepted as final.
POSTAL-3207182016,32.07.18.2016,CIULU,BANJARSARI,KAB. CIAMIS,candidate_review_only,corroborated_candidate,46383,46283;46383,,yes,Kodepos.dev corroborates Open Data Jabar; candidate is not accepted as final.
POSTAL-3207182018,32.07.18.2018,SUKASARI,BANJARSARI,KAB. CIAMIS,candidate_review_only,corroborated_candidate,46383,46283;46383,,yes,Kodepos.dev corroborates Open Data Jabar; candidate is not accepted as final.
POSTAL-3207192001,32.07.19.2001,PAMARICAN,PAMARICAN,KAB. CIAMIS,candidate_review_only,corroborated_candidate,46382,46282;46382,,yes,Kodepos.dev corroborates Open Data Jabar; candidate is not accepted as final.
POSTAL-3207192002,32.07.19.2002,SIDAMULIH,PAMARICAN,KAB. CIAMIS,candidate_review_only,corroborated_candidate,46365,46365;46565,,yes,Kodepos.dev corroborates Open Data Jabar; candidate is not accepted as final.
POSTAL-3207192003,32.07.19.2003,KERTAHAYU,PAMARICAN,KAB. CIAMIS,candidate_review_only,corroborated_candidate,46361,46282;46361,,yes,Kodepos.dev corroborates Open Data Jabar; candidate is not accepted as final.
POSTAL-3207192004,32.07.19.2004,SUKAMUKTI,PAMARICAN,KAB. CIAMIS,candidate_review_only,corroborated_candidate,46382,46282;46382,,yes,Kodepos.dev corroborates Open Data Jabar; candidate is not accepted as final.
POSTAL-3207192005,32.07.19.2005,BANGUNSARI,PAMARICAN,KAB. CIAMIS,candidate_review_only,corroborated_candidate,46382,46282;46382,,yes,Kodepos.dev corroborates Open Data Jabar; candidate is not accepted as final.
POSTAL-3207192006,32.07.19.2006,NEGLASARI,PAMARICAN,KAB. CIAMIS,candidate_review_only,corroborated_candidate,46382,46282;46382,,yes,Kodepos.dev corroborates Open Data Jabar; candidate is not accepted as final.
POSTAL-3207192007,32.07.19.2007,BANTARSARI,PAMARICAN,KAB. CIAMIS,candidate_review_only,corroborated_candidate,46382,46282;46382,,yes,Kodepos.dev corroborates Open Data Jabar; candidate is not accepted as final.
POSTAL-3207192008,32.07.19.2008,MARGAJAYA,PAMARICAN,KAB. CIAMIS,candidate_review_only,corroborated_candidate,46382,46282;46382,,yes,Kodepos.dev corroborates Open Data Jabar; candidate is not accepted as final.
POSTAL-3207192009,32.07.19.2009,SUKAJAYA,PAMARICAN,KAB. CIAMIS,candidate_review_only,corroborated_candidate,46382,46282;46382,,yes,Kodepos.dev corroborates Open Data Jabar; candidate is not accepted as final.
POSTAL-3207192010,32.07.19.2010,SUKAHURIP,PAMARICAN,KAB. CIAMIS,candidate_review_only,corroborated_candidate,46382,46282;46382,,yes,Kodepos.dev corroborates Open Data Jabar; candidate is not accepted as final.
POSTAL-3207192011,32.07.19.2011,SUKAJADI,PAMARICAN,KAB. CIAMIS,candidate_review_only,corroborated_candidate,46382,46282;46382,,yes,Kodepos.dev corroborates Open Data Jabar; candidate is not accepted as final.
POSTAL-3207192012,32.07.19.2012,SIDAHARJA,PAMARICAN,KAB. CIAMIS,candidate_review_only,corroborated_candidate,46382,46282;46382,,yes,Kodepos.dev corroborates Open Data Jabar; candidate is not accepted as final.
POSTAL-3207192013,32.07.19.2013,PASIRNAGARA,PAMARICAN,KAB. CIAMIS,candidate_review_only,corroborated_candidate,46382,46282;46382,,yes,Kodepos.dev corroborates Open Data Jabar; candidate is not accepted as final.
POSTAL-3207192014,32.07.19.2014,MEKARMULYA,PAMARICAN,KAB. CIAMIS,candidate_review_only,corroborated_candidate,46382,46282;46382,,yes,Kodepos.dev corroborates Open Data Jabar; candidate is not accepted as final.
POSTAL-3207292001,32.07.29.2001,CIMARAGAS,CIMARAGAS,KAB. CIAMIS,candidate_review_only,corroborated_candidate,46381,46281;46381,,yes,Kodepos.dev corroborates Open Data Jabar; candidate is not accepted as final.
POSTAL-3207292002,32.07.29.2002,BEBER,CIMARAGAS,KAB. CIAMIS,candidate_review_only,corroborated_candidate,46381,46281;46381,,yes,Kodepos.dev corroborates Open Data Jabar; candidate is not accepted as final.
POSTAL-3207292003,32.07.29.2003,RAKSABAYA,CIMARAGAS,KAB. CIAMIS,candidate_review_only,corroborated_candidate,46381,46281;46381,,yes,Kodepos.dev corroborates Open Data Jabar; candidate is not accepted as final.
POSTAL-3207292004,32.07.29.2004,BOJONGMALANG,CIMARAGAS,KAB. CIAMIS,candidate_review_only,corroborated_candidate,46381,46281;46381,,yes,Kodepos.dev corroborates Open Data Jabar; candidate is not accepted as final.
POSTAL-3207292005,32.07.29.2005,JAYARAKSA,CIMARAGAS,KAB. CIAMIS,candidate_review_only,corroborated_candidate,46381,46281;46381,,yes,Kodepos.dev corroborates Open Data Jabar; candidate is not accepted as final.
POSTAL-3207302001,32.07.30.2001,CISAGA,CISAGA,KAB. CIAMIS,candidate_review_only,corroborated_candidate,46386,46291;46386,,yes,Kodepos.dev corroborates Open Data Jabar; candidate is not accepted as final.
POSTAL-3207302002,32.07.30.2002,SIDAMULYA,CISAGA,KAB. CIAMIS,candidate_review_only,corroborated_candidate,46386,46291;46386,,yes,Kodepos.dev corroborates Open Data Jabar; candidate is not accepted as final.
POSTAL-3207302003,32.07.30.2003,KEPEL,CISAGA,KAB. CIAMIS,candidate_review_only,corroborated_candidate,46386,46291;46386,,yes,Kodepos.dev corroborates Open Data Jabar; candidate is not accepted as final.
POSTAL-3207302004,32.07.30.2004,WANGUNJAYA,CISAGA,KAB. CIAMIS,candidate_review_only,corroborated_candidate,46386,46291;46386,,yes,Kodepos.dev corroborates Open Data Jabar; candidate is not accepted as final.
POSTAL-3207302005,32.07.30.2005,SUKAHURIP,CISAGA,KAB. CIAMIS,candidate_review_only,corroborated_candidate,46386,46291;46386,,yes,Kodepos.dev corroborates Open Data Jabar; candidate is not accepted as final.
POSTAL-3207302006,32.07.30.2006,BANGUNHARJA,CISAGA,KAB. CIAMIS,candidate_review_only,corroborated_candidate,46386,46291;46386,,yes,Kodepos.dev corroborates Open Data Jabar; candidate is not accepted as final.
POSTAL-3207302007,32.07.30.2007,TANJUNGJAYA,CISAGA,KAB. CIAMIS,candidate_review_only,corroborated_candidate,46386,46291;46386,,yes,Kodepos.dev corroborates Open Data Jabar; candidate is not accepted as final.
POSTAL-3207302008,32.07.30.2008,MEKARMUKTI,CISAGA,KAB. CIAMIS,candidate_review_only,corroborated_candidate,46386,46291;46386,,yes,Kodepos.dev corroborates Open Data Jabar; candidate is not accepted as final.
POSTAL-3207302009,32.07.30.2009,DANASARI,CISAGA,KAB. CIAMIS,candidate_review_only,corroborated_candidate,46386,46291;46386,,yes,Kodepos.dev corroborates Open Data Jabar; candidate is not accepted as final.
POSTAL-3207302010,32.07.30.2010,GIRIMUKTI,CISAGA,KAB. CIAMIS,candidate_review_only,corroborated_candidate,46386,46291;46386,,yes,Kodepos.dev corroborates Open Data Jabar; candidate is not accepted as final.
POSTAL-3207302011,32.07.30.2011,KARYAMULYA,CISAGA,KAB. CIAMIS,candidate_review_only,corroborated_candidate,46386,46291;46386,,yes,Kodepos.dev corroborates Open Data Jabar; candidate is not accepted as final.
POSTAL-3207332001,32.07.33.2001,SUKAMANTRI,SUKAMANTRI,KAB. CIAMIS,candidate_review_only,corroborated_candidate,46265,46264;46265,,yes,Kodepos.dev corroborates Diskominfo; candidate is not accepted as final.
POSTAL-3207332002,32.07.33.2002,TENGGERRAHARJA,SUKAMANTRI,KAB. CIAMIS,candidate_review_only,corroborated_candidate,46265,46264;46265,,yes,Kodepos.dev corroborates Diskominfo; candidate is not accepted as final.
POSTAL-3207332003,32.07.33.2003,CIBEUREUM,SUKAMANTRI,KAB. CIAMIS,candidate_review_only,corroborated_candidate,46265,46264;46265,,yes,Kodepos.dev corroborates Diskominfo; candidate is not accepted as final.
POSTAL-3207332004,32.07.33.2004,SINDANGLAYA,SUKAMANTRI,KAB. CIAMIS,candidate_review_only,corroborated_candidate,46265,46264;46265,,yes,Kodepos.dev corroborates Diskominfo; candidate is not accepted as final.
POSTAL-3207332005,32.07.33.2005,MEKARWANGI,SUKAMANTRI,KAB. CIAMIS,candidate_review_only,corroborated_candidate,46265,46264;46265,,yes,Kodepos.dev corroborates Diskominfo; candidate is not accepted as final.
POSTAL-3207352001,32.07.35.2001,BANTARDAWA,PURWADADI,KAB. CIAMIS,unresolved_do_not_guess,review_required,,46286;46380;46385,,yes,No automatic selection: Kodepos.dev does not corroborate exactly one local source.
POSTAL-3207352002,32.07.35.2002,PURWADADI,PURWADADI,KAB. CIAMIS,unresolved_do_not_guess,review_required,,46286;46380;46385,,yes,No automatic selection: Kodepos.dev does not corroborate exactly one local source.
POSTAL-3207352003,32.07.35.2003,PURWAJAYA,PURWADADI,KAB. CIAMIS,unresolved_do_not_guess,review_required,,46286;46380;46385,,yes,No automatic selection: Kodepos.dev does not corroborate exactly one local source.
POSTAL-3207352004,32.07.35.2004,KARANGPANINGAL,PURWADADI,KAB. CIAMIS,unresolved_do_not_guess,review_required,,46286;46380;46385,,yes,No automatic selection: Kodepos.dev does not corroborate exactly one local source.
POSTAL-3207352005,32.07.35.2005,SIDARAHAYU,PURWADADI,KAB. CIAMIS,unresolved_do_not_guess,review_required,,46286;46380;46385,,yes,No automatic selection: Kodepos.dev does not corroborate exactly one local source.
POSTAL-3207352006,32.07.35.2006,PADARINGAN,PURWADADI,KAB. CIAMIS,unresolved_do_not_guess,review_required,,46286;46380;46385,,yes,No automatic selection: Kodepos.dev does not corroborate exactly one local source.
POSTAL-3207352007,32.07.35.2007,PASIRLAWANG,PURWADADI,KAB. CIAMIS,unresolved_do_not_guess,review_required,,46286;46380;46385,,yes,No automatic selection: Kodepos.dev does not corroborate exactly one local source.
POSTAL-3207352008,32.07.35.2008,KUTAWARINGIN,PURWADADI,KAB. CIAMIS,unresolved_do_not_guess,review_required,,46286;46380;46385,,yes,No automatic selection: Kodepos.dev does not corroborate exactly one local source.
POSTAL-3207352009,32.07.35.2009,SUKAMULYA,PURWADADI,KAB. CIAMIS,unresolved_do_not_guess,review_required,,46286;46380;46385,,yes,No automatic selection: Kodepos.dev does not corroborate exactly one local source.
POSTAL-3207372001,32.07.37.2001,PASAWAHAN,BANJARANYAR,KAB. CIAMIS,unresolved_do_not_guess,review_required,,46283;46384,46283,yes,No automatic selection: Kodepos.dev does not corroborate exactly one local source.
POSTAL-3207372002,32.07.37.2002,BANJARANYAR,BANJARANYAR,KAB. CIAMIS,unresolved_do_not_guess,review_required,,46283;46384,,yes,No automatic selection: Kodepos.dev does not corroborate exactly one local source.
POSTAL-3207372003,32.07.37.2003,CIGAYAM,BANJARANYAR,KAB. CIAMIS,unresolved_do_not_guess,review_required,,46283;46384,,yes,No automatic selection: Kodepos.dev does not corroborate exactly one local source.
POSTAL-3207372004,32.07.37.2004,LANGKAPSARI,BANJARANYAR,KAB. CIAMIS,unresolved_do_not_guess,review_required,,46283;46384,,yes,No automatic selection: Kodepos.dev does not corroborate exactly one local source.
POSTAL-3207372005,32.07.37.2005,KALIJAYA,BANJARANYAR,KAB. CIAMIS,unresolved_do_not_guess,review_required,,46283;46384,,yes,No automatic selection: Kodepos.dev does not corroborate exactly one local source.
POSTAL-3207372006,32.07.37.2006,SINDANGRASA,BANJARANYAR,KAB. CIAMIS,unresolved_do_not_guess,review_required,,46283;46384,,yes,No automatic selection: Kodepos.dev does not corroborate exactly one local source.
POSTAL-3207372007,32.07.37.2007,CIKASO,BANJARANYAR,KAB. CIAMIS,unresolved_do_not_guess,review_required,,46283;46384,,yes,No automatic selection: Kodepos.dev does not corroborate exactly one local source.
POSTAL-3207372008,32.07.37.2008,CIKUPA,BANJARANYAR,KAB. CIAMIS,unresolved_do_not_guess,review_required,,46283;46384,,yes,No automatic selection: Kodepos.dev does not corroborate exactly one local source.
POSTAL-3207372009,32.07.37.2009,KARYAMUKTI,BANJARANYAR,KAB. CIAMIS,unresolved_do_not_guess,review_required,,46283;46384,,yes,No automatic selection: Kodepos.dev does not corroborate exactly one local source.
POSTAL-3207372010,32.07.37.2010,TANJUNGSARI,BANJARANYAR,KAB. CIAMIS,unresolved_do_not_guess,review_required,,46283;46384,,yes,No automatic selection: Kodepos.dev does not corroborate exactly one local source.
POSTAL-3208052002,32.08.05.2002,SINDANGJAWA,CIBINGBIN,KAB. KUNINGAN,candidate_review_only,corroborated_candidate,45587,45561;45587,,yes,Kodepos.dev corroborates Open Data Jabar; candidate is not accepted as final.
POSTAL-3208062015,32.08.06.2015,BENDA,LURAGUNG,KAB. KUNINGAN,candidate_review_only,corroborated_candidate,45582,45581;45582,,yes,Kodepos.dev corroborates Open Data Jabar; candidate is not accepted as final.
POSTAL-3208062016,32.08.06.2016,CIKADUWETAN,LURAGUNG,KAB. KUNINGAN,candidate_review_only,corroborated_candidate,45582,45581;45582,,yes,Kodepos.dev corroborates Open Data Jabar; candidate is not accepted as final.
POSTAL-3208072013,32.08.07.2013,CIPEUTIR,LEBAKWANGI,KAB. KUNINGAN,candidate_review_only,corroborated_candidate,45574,40379;45574,,yes,Kodepos.dev corroborates Open Data Jabar; candidate is not accepted as final.
POSTAL-3208082003,32.08.08.2003,PAKEMBANGAN,GARAWANGI,KAB. KUNINGAN,candidate_review_only,corroborated_candidate,45572,45571;45572,,yes,Kodepos.dev corroborates Open Data Jabar; candidate is not accepted as final.
POSTAL-3208091008,32.08.09.1008,CIRENDANG,KUNINGAN,KAB. KUNINGAN,candidate_review_only,corroborated_candidate,45518,45518;45521,,yes,Kodepos.dev corroborates Open Data Jabar; candidate is not accepted as final.
POSTAL-3208092015,32.08.09.2015,KASTURI,KUNINGAN,KAB. KUNINGAN,unresolved_do_not_guess,review_required,,45521;45553,,yes,No automatic selection: Kodepos.dev does not corroborate exactly one local source.
POSTAL-3208092016,32.08.09.2016,PADAREK,KUNINGAN,KAB. KUNINGAN,candidate_review_only,corroborated_candidate,45553,45553,,yes,Kodepos.dev corroborates Diskominfo; candidate is not accepted as final.
POSTAL-3208102016,32.08.10.2016,CIHIRUP,CIAWIGEBANG,KAB. KUNINGAN,candidate_review_only,corroborated_candidate,45593,45591;45593,,yes,Kodepos.dev corroborates Open Data Jabar; candidate is not accepted as final.
POSTAL-3208122015,32.08.12.2015,NANGGERANG,JALAKSANA,KAB. KUNINGAN,candidate_review_only,corroborated_candidate,45553,45553;45554,,yes,Kodepos.dev corroborates Open Data Jabar; candidate is not accepted as final.
POSTAL-3208132006,32.08.13.2006,BANDORASA WETAN,CILIMUS,KAB. KUNINGAN,unresolved_do_not_guess,review_required,,45551;45556,,yes,No automatic selection: Kodepos.dev does not corroborate exactly one local source.
POSTAL-3208132007,32.08.13.2007,BANDORASA KULON,CILIMUS,KAB. KUNINGAN,unresolved_do_not_guess,review_required,,45551;45556,,yes,No automatic selection: Kodepos.dev does not corroborate exactly one local source.
POSTAL-3208132008,32.08.13.2008,LINGGASANA,CILIMUS,KAB. KUNINGAN,unresolved_do_not_guess,review_required,,45551;45556,,yes,No automatic selection: Kodepos.dev does not corroborate exactly one local source.
POSTAL-3208132009,32.08.13.2009,LINGGARJATI,CILIMUS,KAB. KUNINGAN,unresolved_do_not_guess,review_required,,45551;45556,,yes,No automatic selection: Kodepos.dev does not corroborate exactly one local source.
POSTAL-3208132010,32.08.13.2010,BOJONG,CILIMUS,KAB. KUNINGAN,unresolved_do_not_guess,review_required,,45551;45556,,yes,No automatic selection: Kodepos.dev does not corroborate exactly one local source.
POSTAL-3208132015,32.08.13.2015,CILIMUS,CILIMUS,KAB. KUNINGAN,unresolved_do_not_guess,review_required,,45551;45556,,yes,No automatic selection: Kodepos.dev does not corroborate exactly one local source.
POSTAL-3208132016,32.08.13.2016,SETIANEGARA,CILIMUS,KAB. KUNINGAN,unresolved_do_not_guess,review_required,,45551;45556,,yes,No automatic selection: Kodepos.dev does not corroborate exactly one local source.
POSTAL-3208132017,32.08.13.2017,CIBEUREUM,CILIMUS,KAB. KUNINGAN,unresolved_do_not_guess,review_required,,45551;45556,,yes,No automatic selection: Kodepos.dev does not corroborate exactly one local source.
POSTAL-3208132018,32.08.13.2018,KALIAREN,CILIMUS,KAB. KUNINGAN,unresolved_do_not_guess,review_required,,45551;45556,,yes,No automatic selection: Kodepos.dev does not corroborate exactly one local source.
POSTAL-3208132019,32.08.13.2019,SAMPORA,CILIMUS,KAB. KUNINGAN,unresolved_do_not_guess,review_required,,45551;45556,,yes,No automatic selection: Kodepos.dev does not corroborate exactly one local source.
POSTAL-3208132020,32.08.13.2020,CARACAS,CILIMUS,KAB. KUNINGAN,unresolved_do_not_guess,review_required,,45551;45556,,yes,No automatic selection: Kodepos.dev does not corroborate exactly one local source.
POSTAL-3208132023,32.08.13.2023,LINGGAMEKAR,CILIMUS,KAB. KUNINGAN,unresolved_do_not_guess,review_required,,45551;45556,,yes,No automatic selection: Kodepos.dev does not corroborate exactly one local source.
POSTAL-3208132024,32.08.13.2024,LINGGAINDAH,CILIMUS,KAB. KUNINGAN,unresolved_do_not_guess,review_required,,45551;45556,,yes,No automatic selection: Kodepos.dev does not corroborate exactly one local source.
POSTAL-3208142008,32.08.14.2008,KERTAWINANGUN,MANDIRANCAN,KAB. KUNINGAN,candidate_review_only,corroborated_candidate,45558,45558;45595,,yes,Kodepos.dev corroborates Open Data Jabar; candidate is not accepted as final.
POSTAL-3208152001,32.08.15.2001,SELAJAMBE,SELAJAMBE,KAB. KUNINGAN,candidate_review_only,corroborated_candidate,45566,43284;45566,,yes,Kodepos.dev corroborates Open Data Jabar; candidate is not accepted as final.
POSTAL-3208152002,32.08.15.2002,CANTILAN,SELAJAMBE,KAB. KUNINGAN,candidate_review_only,corroborated_candidate,45566,43284;45566,,yes,Kodepos.dev corroborates Open Data Jabar; candidate is not accepted as final.
POSTAL-3208152003,32.08.15.2003,CIBERUNG,SELAJAMBE,KAB. KUNINGAN,candidate_review_only,corroborated_candidate,45566,43284;45566,,yes,Kodepos.dev corroborates Open Data Jabar; candidate is not accepted as final.
POSTAL-3208152004,32.08.15.2004,KUTAWARINGIN,SELAJAMBE,KAB. KUNINGAN,candidate_review_only,corroborated_candidate,45566,45566;46471,,yes,Kodepos.dev corroborates Open Data Jabar; candidate is not accepted as final.
POSTAL-3208152005,32.08.15.2005,JAMBERAMA,SELAJAMBE,KAB. KUNINGAN,candidate_review_only,corroborated_candidate,45566,43284;45566,,yes,Kodepos.dev corroborates Open Data Jabar; candidate is not accepted as final.
POSTAL-3208152006,32.08.15.2006,BAGAWAT,SELAJAMBE,KAB. KUNINGAN,candidate_review_only,corroborated_candidate,45566,43284;45566,,yes,Kodepos.dev corroborates Open Data Jabar; candidate is not accepted as final.
POSTAL-3208152007,32.08.15.2007,PADAHURIP,SELAJAMBE,KAB. KUNINGAN,candidate_review_only,corroborated_candidate,45566,44172;45566,,yes,Kodepos.dev corroborates Open Data Jabar; candidate is not accepted as final.
POSTAL-3208181001,32.08.18.1001,CIGUGUR,CIGUGUR,KAB. KUNINGAN,candidate_review_only,corroborated_candidate,45552,45552;46392,,yes,Kodepos.dev corroborates Diskominfo; candidate is not accepted as final.
POSTAL-3208212010,32.08.21.2010,MEKARSARI,CIPICUNG,KAB. KUNINGAN,candidate_review_only,corroborated_candidate,45576,45576;45592,,yes,Kodepos.dev corroborates Open Data Jabar; candidate is not accepted as final.
POSTAL-3208262001,32.08.26.2001,CITAPEN,HANTARA,KAB. KUNINGAN,candidate_review_only,corroborated_candidate,45564,45555;45564,,yes,Kodepos.dev corroborates Open Data Jabar; candidate is not accepted as final.
POSTAL-3208262002,32.08.26.2002,PASIRAGUNG,HANTARA,KAB. KUNINGAN,candidate_review_only,corroborated_candidate,45564,45512;45564,,yes,Kodepos.dev corroborates Open Data Jabar; candidate is not accepted as final.
POSTAL-3208262003,32.08.26.2003,TUNDAGAN,HANTARA,KAB. KUNINGAN,candidate_review_only,corroborated_candidate,45564,45512;45564,,yes,Kodepos.dev corroborates Open Data Jabar; candidate is not accepted as final.
POSTAL-3208262004,32.08.26.2004,BUNIGEULIS,HANTARA,KAB. KUNINGAN,candidate_review_only,corroborated_candidate,45564,45512;45564,,yes,Kodepos.dev corroborates Open Data Jabar; candidate is not accepted as final.
POSTAL-3208262005,32.08.26.2005,HANTARA,HANTARA,KAB. KUNINGAN,candidate_review_only,corroborated_candidate,45564,45512;45564,,yes,Kodepos.dev corroborates Open Data Jabar; candidate is not accepted as final.
POSTAL-3208262006,32.08.26.2006,PAKAPASAN GIRANG,HANTARA,KAB. KUNINGAN,candidate_review_only,corroborated_candidate,45564,45512;45564,,yes,Kodepos.dev corroborates Open Data Jabar; candidate is not accepted as final.
POSTAL-3208262007,32.08.26.2007,CIKONDANG,HANTARA,KAB. KUNINGAN,candidate_review_only,corroborated_candidate,45564,40393;45564,,yes,Kodepos.dev corroborates Open Data Jabar; candidate is not accepted as final.
POSTAL-3208262008,32.08.26.2008,PAKAPASAN HILIR,HANTARA,KAB. KUNINGAN,candidate_review_only,corroborated_candidate,45564,45512;45564,,yes,Kodepos.dev corroborates Open Data Jabar; candidate is not accepted as final.
POSTAL-3208282006,32.08.28.2006,SUKADANA,CIBEUREUM,KAB. KUNINGAN,candidate_review_only,corroborated_candidate,45588,45587;45588,,yes,Kodepos.dev corroborates Open Data Jabar; candidate is not accepted as final.
POSTAL-3208282008,32.08.28.2008,SUKARAPIH,CIBEUREUM,KAB. KUNINGAN,candidate_review_only,corroborated_candidate,45588,45587;45588,,yes,Kodepos.dev corroborates Open Data Jabar; candidate is not accepted as final.
POSTAL-3208302006,32.08.30.2006,KUTARAJA,MALEBER,KAB. KUNINGAN,candidate_review_only,corroborated_candidate,45574,45574;45575,,yes,Kodepos.dev corroborates Open Data Jabar; candidate is not accepted as final.
POSTAL-3208302007,32.08.30.2007,CIPORANG,MALEBER,KAB. KUNINGAN,candidate_review_only,corroborated_candidate,45574,45574;45575,,yes,Kodepos.dev corroborates Open Data Jabar; candidate is not accepted as final.
POSTAL-3208302014,32.08.30.2014,MANDALAJAYA,MALEBER,KAB. KUNINGAN,candidate_review_only,corroborated_candidate,45574,45574;45575,,yes,Kodepos.dev corroborates Open Data Jabar; candidate is not accepted as final.
POSTAL-3208322001,32.08.32.2001,BUNIGEULIS,CIGANDAMEKAR,KAB. KUNINGAN,candidate_review_only,corroborated_candidate,45556,45556;45596,,yes,Kodepos.dev corroborates Open Data Jabar; candidate is not accepted as final.
POSTAL-3208322002,32.08.32.2002,JAMBUGEULIS,CIGANDAMEKAR,KAB. KUNINGAN,candidate_review_only,corroborated_candidate,45556,45556;45596,,yes,Kodepos.dev corroborates Open Data Jabar; candidate is not accepted as final.
POSTAL-3208322003,32.08.32.2003,KOREAK,CIGANDAMEKAR,KAB. KUNINGAN,candidate_review_only,corroborated_candidate,45556,45556;45596,,yes,Kodepos.dev corroborates Open Data Jabar; candidate is not accepted as final.
POSTAL-3208322004,32.08.32.2004,KARANGMUNCANG,CIGANDAMEKAR,KAB. KUNINGAN,candidate_review_only,corroborated_candidate,45556,45556;45596,,yes,Kodepos.dev corroborates Open Data Jabar; candidate is not accepted as final.
POSTAL-3208322005,32.08.32.2005,SANGKANHURIP,CIGANDAMEKAR,KAB. KUNINGAN,candidate_review_only,corroborated_candidate,45556,45556;45596,,yes,Kodepos.dev corroborates Open Data Jabar; candidate is not accepted as final.
POSTAL-3208322006,32.08.32.2006,PANAWUAN,CIGANDAMEKAR,KAB. KUNINGAN,candidate_review_only,corroborated_candidate,45556,45556;45596,,yes,Kodepos.dev corroborates Open Data Jabar; candidate is not accepted as final.
POSTAL-3208322007,32.08.32.2007,TIMBANG,CIGANDAMEKAR,KAB. KUNINGAN,candidate_review_only,corroborated_candidate,45556,45556;45596,,yes,Kodepos.dev corroborates Open Data Jabar; candidate is not accepted as final.
POSTAL-3208322008,32.08.32.2008,BABAKANJATI,CIGANDAMEKAR,KAB. KUNINGAN,candidate_review_only,corroborated_candidate,45556,45556;45596,,yes,Kodepos.dev corroborates Open Data Jabar; candidate is not accepted as final.
POSTAL-3208322009,32.08.32.2009,INDAPATRA,CIGANDAMEKAR,KAB. KUNINGAN,candidate_review_only,corroborated_candidate,45556,45556;45596,,yes,Kodepos.dev corroborates Open Data Jabar; candidate is not accepted as final.
POSTAL-3208322010,32.08.32.2010,CIBUNTU,CIGANDAMEKAR,KAB. KUNINGAN,candidate_review_only,corroborated_candidate,45556,45556;45596,,yes,Kodepos.dev corroborates Open Data Jabar; candidate is not accepted as final.
POSTAL-3208322011,32.08.32.2011,SANGKANMULYA,CIGANDAMEKAR,KAB. KUNINGAN,candidate_review_only,corroborated_candidate,45556,45556;45596,,yes,Kodepos.dev corroborates Open Data Jabar; candidate is not accepted as final.
POSTAL-3209012008,32.09.01.2008,WALED DESA,WALED,KABUPATEN CIREBON,unresolved_do_not_guess,review_required,,45180;45187;45687,,yes,No automatic selection: Kodepos.dev does not corroborate exactly one local source.
POSTAL-3209012009,32.09.01.2009,WALED KOTA,WALED,KABUPATEN CIREBON,unresolved_do_not_guess,review_required,,45180;45187;45687,,yes,No automatic selection: Kodepos.dev does not corroborate exactly one local source.
POSTAL-3209012010,32.09.01.2010,MEKARSARI,WALED,KABUPATEN CIREBON,unresolved_do_not_guess,review_required,,45180;45187;45687,,yes,No automatic selection: Kodepos.dev does not corroborate exactly one local source.
POSTAL-3209012011,32.09.01.2011,WALED ASEM,WALED,KABUPATEN CIREBON,unresolved_do_not_guess,review_required,,45180;45187;45687,,yes,No automatic selection: Kodepos.dev does not corroborate exactly one local source.
POSTAL-3209012012,32.09.01.2012,AMBIT,WALED,KABUPATEN CIREBON,unresolved_do_not_guess,review_required,,45180;45187;45687,,yes,No automatic selection: Kodepos.dev does not corroborate exactly one local source.
POSTAL-3209012013,32.09.01.2013,CIUYAH,WALED,KABUPATEN CIREBON,unresolved_do_not_guess,review_required,,45180;45187;45687,,yes,No automatic selection: Kodepos.dev does not corroborate exactly one local source.
POSTAL-3209012014,32.09.01.2014,GUNUNGSARI,WALED,KABUPATEN CIREBON,unresolved_do_not_guess,review_required,,45180;45187;45687,,yes,No automatic selection: Kodepos.dev does not corroborate exactly one local source.
POSTAL-3209012015,32.09.01.2015,KARANGSARI,WALED,KABUPATEN CIREBON,unresolved_do_not_guess,review_required,,45180;45187;45687,,yes,No automatic selection: Kodepos.dev does not corroborate exactly one local source.
POSTAL-3209012016,32.09.01.2016,CIKULAK KIDUL,WALED,KABUPATEN CIREBON,unresolved_do_not_guess,review_required,,45180;45187;45687,,yes,No automatic selection: Kodepos.dev does not corroborate exactly one local source.
POSTAL-3209012017,32.09.01.2017,CIKULAK,WALED,KABUPATEN CIREBON,unresolved_do_not_guess,review_required,,45180;45187;45687,,yes,No automatic selection: Kodepos.dev does not corroborate exactly one local source.
POSTAL-3209012018,32.09.01.2018,CIBOGO,WALED,KABUPATEN CIREBON,unresolved_do_not_guess,review_required,,45180;45187;45687,,yes,No automatic selection: Kodepos.dev does not corroborate exactly one local source.
POSTAL-3209012019,32.09.01.2019,CISAAT,WALED,KABUPATEN CIREBON,unresolved_do_not_guess,review_required,,45180;45187;45687,,yes,No automatic selection: Kodepos.dev does not corroborate exactly one local source.
POSTAL-3209022008,32.09.02.2008,LEUWEUNGGAJAH,CILEDUG,KABUPATEN CIREBON,candidate_review_only,corroborated_candidate,45188,45188;45688,,yes,Kodepos.dev corroborates Open Data Jabar; candidate is not accepted as final.
POSTAL-3209022009,32.09.02.2009,TENJOMAYA,CILEDUG,KABUPATEN CIREBON,candidate_review_only,corroborated_candidate,45188,45188;45688,,yes,Kodepos.dev corroborates Open Data Jabar; candidate is not accepted as final.
POSTAL-3209022010,32.09.02.2010,DAMARGUNA,CILEDUG,KABUPATEN CIREBON,candidate_review_only,corroborated_candidate,45188,45188;45688,,yes,Kodepos.dev corroborates Open Data Jabar; candidate is not accepted as final.
POSTAL-3209022011,32.09.02.2011,JATISEENG,CILEDUG,KABUPATEN CIREBON,candidate_review_only,corroborated_candidate,45188,45188;45688,,yes,Kodepos.dev corroborates Open Data Jabar; candidate is not accepted as final.
POSTAL-3209022012,32.09.02.2012,JATISEENG KIDUL,CILEDUG,KABUPATEN CIREBON,candidate_review_only,corroborated_candidate,45188,45188;45688,,yes,Kodepos.dev corroborates Open Data Jabar; candidate is not accepted as final.
POSTAL-3209022013,32.09.02.2013,CILEDUG KULON,CILEDUG,KABUPATEN CIREBON,candidate_review_only,corroborated_candidate,45188,45188;45688,,yes,Kodepos.dev corroborates Open Data Jabar; candidate is not accepted as final.
POSTAL-3209022014,32.09.02.2014,CILEDUG WETAN,CILEDUG,KABUPATEN CIREBON,candidate_review_only,corroborated_candidate,45188,45188;45688,,yes,Kodepos.dev corroborates Open Data Jabar; candidate is not accepted as final.
POSTAL-3209022015,32.09.02.2015,CILEDUG LOR,CILEDUG,KABUPATEN CIREBON,candidate_review_only,corroborated_candidate,45188,45188;45688,,yes,Kodepos.dev corroborates Open Data Jabar; candidate is not accepted as final.
POSTAL-3209022016,32.09.02.2016,CILEDUG TENGAH,CILEDUG,KABUPATEN CIREBON,candidate_review_only,corroborated_candidate,45188,45188;45688,,yes,Kodepos.dev corroborates Open Data Jabar; candidate is not accepted as final.
POSTAL-3209022017,32.09.02.2017,BOJONGNEGARA,CILEDUG,KABUPATEN CIREBON,candidate_review_only,corroborated_candidate,45188,45188;45688,,yes,Kodepos.dev corroborates Open Data Jabar; candidate is not accepted as final.
POSTAL-3209032001,32.09.03.2001,ASTANALANGGAR,LOSARI,KABUPATEN CIREBON,candidate_review_only,corroborated_candidate,45192,45192;45692,,yes,Kodepos.dev corroborates Open Data Jabar; candidate is not accepted as final.
POSTAL-3209032002,32.09.03.2002,BARISAN,LOSARI,KABUPATEN CIREBON,candidate_review_only,corroborated_candidate,45192,45192;45692,,yes,Kodepos.dev corroborates Open Data Jabar; candidate is not accepted as final.
POSTAL-3209032003,32.09.03.2003,LOSARI KIDUL,LOSARI,KABUPATEN CIREBON,candidate_review_only,corroborated_candidate,45192,45192;45692,,yes,Kodepos.dev corroborates Open Data Jabar; candidate is not accepted as final.
POSTAL-3209032004,32.09.03.2004,PANGGANGSARI,LOSARI,KABUPATEN CIREBON,candidate_review_only,corroborated_candidate,45192,45192;45692,,yes,Kodepos.dev corroborates Open Data Jabar; candidate is not accepted as final.
POSTAL-3209032005,32.09.03.2005,LOSARI LOR,LOSARI,KABUPATEN CIREBON,candidate_review_only,corroborated_candidate,45192,45192;45692,,yes,Kodepos.dev corroborates Open Data Jabar; candidate is not accepted as final.
POSTAL-3209032006,32.09.03.2006,MULYASARI,LOSARI,KABUPATEN CIREBON,candidate_review_only,corroborated_candidate,45192,45192;45692,,yes,Kodepos.dev corroborates Open Data Jabar; candidate is not accepted as final.
POSTAL-3209032007,32.09.03.2007,KALIRAHAYU,LOSARI,KABUPATEN CIREBON,candidate_review_only,corroborated_candidate,45192,45192;45692,,yes,Kodepos.dev corroborates Open Data Jabar; candidate is not accepted as final.
POSTAL-3209032008,32.09.03.2008,KALISARI,LOSARI,KABUPATEN CIREBON,candidate_review_only,corroborated_candidate,45192,45192;45692,,yes,Kodepos.dev corroborates Open Data Jabar; candidate is not accepted as final.
POSTAL-3209032009,32.09.03.2009,AMBULU,LOSARI,KABUPATEN CIREBON,candidate_review_only,corroborated_candidate,45192,45192;45692,,yes,Kodepos.dev corroborates Open Data Jabar; candidate is not accepted as final.
POSTAL-3209032010,32.09.03.2010,TAWANGSARI,LOSARI,KABUPATEN CIREBON,candidate_review_only,corroborated_candidate,45192,45192;45692,,yes,Kodepos.dev corroborates Open Data Jabar; candidate is not accepted as final.
POSTAL-3209042001,32.09.04.2001,PABEDILAN KIDUL,PABEDILAN,KABUPATEN CIREBON,candidate_review_only,corroborated_candidate,45193,45193;45693,,yes,Kodepos.dev corroborates Open Data Jabar; candidate is not accepted as final.
POSTAL-3209042002,32.09.04.2002,PABEDILAN WETAN,PABEDILAN,KABUPATEN CIREBON,candidate_review_only,corroborated_candidate,45193,45193;45693,,yes,Kodepos.dev corroborates Open Data Jabar; candidate is not accepted as final.
POSTAL-3209042003,32.09.04.2003,PABEDILAN KULON,PABEDILAN,KABUPATEN CIREBON,candidate_review_only,corroborated_candidate,45193,45193;45693,,yes,Kodepos.dev corroborates Open Data Jabar; candidate is not accepted as final.
POSTAL-3209042004,32.09.04.2004,PABEDILAN KALER,PABEDILAN,KABUPATEN CIREBON,candidate_review_only,corroborated_candidate,45193,45193;45693,,yes,Kodepos.dev corroborates Open Data Jabar; candidate is not accepted as final.
POSTAL-3209042005,32.09.04.2005,SILIH ASIH,PABEDILAN,KABUPATEN CIREBON,candidate_review_only,corroborated_candidate,45193,45193;45693,,yes,Kodepos.dev corroborates Open Data Jabar; candidate is not accepted as final.
POSTAL-3209042006,32.09.04.2006,TERSANA,PABEDILAN,KABUPATEN CIREBON,candidate_review_only,corroborated_candidate,45193,45193;45693,,yes,Kodepos.dev corroborates Open Data Jabar; candidate is not accepted as final.
POSTAL-3209042007,32.09.04.2007,PASURUAN,PABEDILAN,KABUPATEN CIREBON,candidate_review_only,corroborated_candidate,45193,45193;45693,,yes,Kodepos.dev corroborates Open Data Jabar; candidate is not accepted as final.
POSTAL-3209042008,32.09.04.2008,DUKUHWIDARA,PABEDILAN,KABUPATEN CIREBON,candidate_review_only,corroborated_candidate,45193,45193;45693,,yes,Kodepos.dev corroborates Open Data Jabar; candidate is not accepted as final.
POSTAL-3209042009,32.09.04.2009,KALIBUNTU,PABEDILAN,KABUPATEN CIREBON,candidate_review_only,corroborated_candidate,45193,45193;45693,,yes,Kodepos.dev corroborates Open Data Jabar; candidate is not accepted as final.
POSTAL-3209042010,32.09.04.2010,KALIMUKTI,PABEDILAN,KABUPATEN CIREBON,candidate_review_only,corroborated_candidate,45193,45193;45693,,yes,Kodepos.dev corroborates Open Data Jabar; candidate is not accepted as final.
POSTAL-3209042011,32.09.04.2011,SIDARESMI,PABEDILAN,KABUPATEN CIREBON,candidate_review_only,corroborated_candidate,45193,45193;45693,,yes,Kodepos.dev corroborates Open Data Jabar; candidate is not accepted as final.
POSTAL-3209042012,32.09.04.2012,BABAKAN LOSARI,PABEDILAN,KABUPATEN CIREBON,candidate_review_only,corroborated_candidate,45193,45193;45693,,yes,Kodepos.dev corroborates Open Data Jabar; candidate is not accepted as final.
POSTAL-3209042013,32.09.04.2013,BABAKAN LOSARI LOR,PABEDILAN,KABUPATEN CIREBON,candidate_review_only,corroborated_candidate,45193,45193;45693,,yes,Kodepos.dev corroborates Open Data Jabar; candidate is not accepted as final.
POSTAL-3209052001,32.09.05.2001,CANGKUANG,BABAKAN,KABUPATEN CIREBON,candidate_review_only,corroborated_candidate,45191,45191;45691,,yes,Kodepos.dev corroborates Open Data Jabar; candidate is not accepted as final.
POSTAL-3209052002,32.09.05.2002,SERANG WETAN,BABAKAN,KABUPATEN CIREBON,candidate_review_only,corroborated_candidate,45191,45191;45691,,yes,Kodepos.dev corroborates Open Data Jabar; candidate is not accepted as final.
POSTAL-3209052003,32.09.05.2003,SERANG KULON,BABAKAN,KABUPATEN CIREBON,candidate_review_only,corroborated_candidate,45191,45191;45691,,yes,Kodepos.dev corroborates Open Data Jabar; candidate is not accepted as final.
POSTAL-3209052004,32.09.05.2004,GEMBONGAN MEKAR,BABAKAN,KABUPATEN CIREBON,unresolved_do_not_guess,review_required,,45191;45691,,yes,No automatic selection: Kodepos.dev does not corroborate exactly one local source.
POSTAL-3209052005,32.09.05.2005,GEMBONGAN,BABAKAN,KABUPATEN CIREBON,candidate_review_only,corroborated_candidate,45191,45191;45691,,yes,Kodepos.dev corroborates Open Data Jabar; candidate is not accepted as final.
POSTAL-3209052006,32.09.05.2006,BABAKAN GEBANG,BABAKAN,KABUPATEN CIREBON,unresolved_do_not_guess,review_required,,45191;45691,,yes,No automatic selection: Kodepos.dev does not corroborate exactly one local source.
POSTAL-3209052007,32.09.05.2007,BABAKAN,BABAKAN,KABUPATEN CIREBON,candidate_review_only,corroborated_candidate,45191,45191;45691,,yes,Kodepos.dev corroborates Open Data Jabar; candidate is not accepted as final.
POSTAL-3209052008,32.09.05.2008,BOJONGGEBANG,BABAKAN,KABUPATEN CIREBON,candidate_review_only,corroborated_candidate,45191,45191;45691,,yes,Kodepos.dev corroborates Open Data Jabar; candidate is not accepted as final.
POSTAL-3209052009,32.09.05.2009,SUMBER KIDUL,BABAKAN,KABUPATEN CIREBON,candidate_review_only,corroborated_candidate,45191,45191;45691,,yes,Kodepos.dev corroborates Open Data Jabar; candidate is not accepted as final.
POSTAL-3209052010,32.09.05.2010,SUMBER LOR,BABAKAN,KABUPATEN CIREBON,candidate_review_only,corroborated_candidate,45191,45191;45691,,yes,Kodepos.dev corroborates Open Data Jabar; candidate is not accepted as final.
POSTAL-3209052011,32.09.05.2011,KUDUMULYA,BABAKAN,KABUPATEN CIREBON,candidate_review_only,corroborated_candidate,45191,45191;45691,,yes,Kodepos.dev corroborates Open Data Jabar; candidate is not accepted as final.
POSTAL-3209052012,32.09.05.2012,KUDUKERAS,BABAKAN,KABUPATEN CIREBON,candidate_review_only,corroborated_candidate,45191,45191;45691,,yes,Kodepos.dev corroborates Open Data Jabar; candidate is not accepted as final.
POSTAL-3209052013,32.09.05.2013,PAKUSAMBEN,BABAKAN,KABUPATEN CIREBON,candidate_review_only,corroborated_candidate,45191,45191;45691,,yes,Kodepos.dev corroborates Open Data Jabar; candidate is not accepted as final.
POSTAL-3209052014,32.09.05.2014,KARANGWANGUN,BABAKAN,KABUPATEN CIREBON,candidate_review_only,corroborated_candidate,45191,45191;45691,,yes,Kodepos.dev corroborates Open Data Jabar; candidate is not accepted as final.
POSTAL-3209062006,32.09.06.2006,TAMBELANG,KARANGSEMBUNG,KABUPATEN CIREBON,candidate_review_only,corroborated_candidate,45186,45186;45686,,yes,Kodepos.dev corroborates Open Data Jabar; candidate is not accepted as final.
POSTAL-3209062011,32.09.06.2011,KARANGSUWUNG,KARANGSEMBUNG,KABUPATEN CIREBON,candidate_review_only,corroborated_candidate,45186,45186;45686,,yes,Kodepos.dev corroborates Open Data Jabar; candidate is not accepted as final.
POSTAL-3209062012,32.09.06.2012,KARANGTENGAH,KARANGSEMBUNG,KABUPATEN CIREBON,candidate_review_only,corroborated_candidate,45186,45186;45686,,yes,Kodepos.dev corroborates Open Data Jabar; candidate is not accepted as final.
POSTAL-3209062013,32.09.06.2013,KALIMEANG,KARANGSEMBUNG,KABUPATEN CIREBON,candidate_review_only,corroborated_candidate,45186,45186;45686,,yes,Kodepos.dev corroborates Open Data Jabar; candidate is not accepted as final.
POSTAL-3209062014,32.09.06.2014,KARANGMALANG,KARANGSEMBUNG,KABUPATEN CIREBON,candidate_review_only,corroborated_candidate,45186,45186;45686,,yes,Kodepos.dev corroborates Open Data Jabar; candidate is not accepted as final.
POSTAL-3209062015,32.09.06.2015,KARANGMEKAR,KARANGSEMBUNG,KABUPATEN CIREBON,candidate_review_only,corroborated_candidate,45186,45186;45686,,yes,Kodepos.dev corroborates Open Data Jabar; candidate is not accepted as final.
POSTAL-3209062016,32.09.06.2016,KUBANGKARANG,KARANGSEMBUNG,KABUPATEN CIREBON,candidate_review_only,corroborated_candidate,45186,45186;45686,,yes,Kodepos.dev corroborates Open Data Jabar; candidate is not accepted as final.
POSTAL-3209062017,32.09.06.2017,KARANGSEMBUNG,KARANGSEMBUNG,KABUPATEN CIREBON,candidate_review_only,corroborated_candidate,45186,45186;45686,,yes,Kodepos.dev corroborates Open Data Jabar; candidate is not accepted as final.
POSTAL-3209072001,32.09.07.2001,LEUWIDINGDING,LEMAHABANG,KABUPATEN CIREBON,candidate_review_only,corroborated_candidate,45183,45183;45683,,yes,Kodepos.dev corroborates Open Data Jabar; candidate is not accepted as final.
POSTAL-3209072002,32.09.07.2002,ASEM,LEMAHABANG,KABUPATEN CIREBON,candidate_review_only,corroborated_candidate,45183,45183;45683,,yes,Kodepos.dev corroborates Open Data Jabar; candidate is not accepted as final.
POSTAL-3209072003,32.09.07.2003,CIPEUJEUH KULON,LEMAHABANG,KABUPATEN CIREBON,candidate_review_only,corroborated_candidate,45183,45183;45683,,yes,Kodepos.dev corroborates Open Data Jabar; candidate is not accepted as final.
POSTAL-3209072004,32.09.07.2004,CIPEUJEUH WETAN,LEMAHABANG,KABUPATEN CIREBON,candidate_review_only,corroborated_candidate,45183,45183;45683,,yes,Kodepos.dev corroborates Open Data Jabar; candidate is not accepted as final.
POSTAL-3209072005,32.09.07.2005,SINDANGLAUT,LEMAHABANG,KABUPATEN CIREBON,candidate_review_only,corroborated_candidate,45183,45183;45683,,yes,Kodepos.dev corroborates Open Data Jabar; candidate is not accepted as final.
POSTAL-3209072007,32.09.07.2007,LEMAHABANG,LEMAHABANG,KABUPATEN CIREBON,candidate_review_only,corroborated_candidate,45183,45183;45683,,yes,Kodepos.dev corroborates Open Data Jabar; candidate is not accepted as final.
POSTAL-3209072008,32.09.07.2008,SIGONG,LEMAHABANG,KABUPATEN CIREBON,candidate_review_only,corroborated_candidate,45183,45183;45683,,yes,Kodepos.dev corroborates Open Data Jabar; candidate is not accepted as final.
POSTAL-3209072009,32.09.07.2009,SARAJAYA,LEMAHABANG,KABUPATEN CIREBON,candidate_review_only,corroborated_candidate,45183,45183;45683,,yes,Kodepos.dev corroborates Open Data Jabar; candidate is not accepted as final.
POSTAL-3209072010,32.09.07.2010,PICUNGPUGUR,LEMAHABANG,KABUPATEN CIREBON,candidate_review_only,corroborated_candidate,45183,45183;45683,,yes,Kodepos.dev corroborates Open Data Jabar; candidate is not accepted as final.
POSTAL-3209072011,32.09.07.2011,TUK KARANGSUWUNG,LEMAHABANG,KABUPATEN CIREBON,candidate_review_only,corroborated_candidate,45183,45183;45683,,yes,Kodepos.dev corroborates Open Data Jabar; candidate is not accepted as final.
POSTAL-3209072012,32.09.07.2012,BELAWA,LEMAHABANG,KABUPATEN CIREBON,candidate_review_only,corroborated_candidate,45183,45183;45683,,yes,Kodepos.dev corroborates Open Data Jabar; candidate is not accepted as final.
POSTAL-3209072013,32.09.07.2013,WANGKELANG,LEMAHABANG,KABUPATEN CIREBON,candidate_review_only,corroborated_candidate,45183,45183;45683,,yes,Kodepos.dev corroborates Open Data Jabar; candidate is not accepted as final.
POSTAL-3209082001,32.09.08.2001,KARANGAMANGU,SUSUKAN LEBAK,KABUPATEN CIREBON,unresolved_do_not_guess,review_required,,45185;45685,,yes,No automatic selection: Kodepos.dev does not corroborate exactly one local source.
POSTAL-3209082002,32.09.08.2002,SUSUKAN LEBAK,SUSUKAN LEBAK,KABUPATEN CIREBON,unresolved_do_not_guess,review_required,,45185;45685,,yes,No automatic selection: Kodepos.dev does not corroborate exactly one local source.
POSTAL-3209082003,32.09.08.2003,SUSUKAN AGUNG,SUSUKAN LEBAK,KABUPATEN CIREBON,unresolved_do_not_guess,review_required,,45185;45685,,yes,No automatic selection: Kodepos.dev does not corroborate exactly one local source.
POSTAL-3209082004,32.09.08.2004,SUSUKAN TONGGOH,SUSUKAN LEBAK,KABUPATEN CIREBON,unresolved_do_not_guess,review_required,,45185;45685,,yes,No automatic selection: Kodepos.dev does not corroborate exactly one local source.
POSTAL-3209082005,32.09.08.2005,WILULANG,SUSUKAN LEBAK,KABUPATEN CIREBON,unresolved_do_not_guess,review_required,,45185;45685,,yes,No automatic selection: Kodepos.dev does not corroborate exactly one local source.
POSTAL-3209082006,32.09.08.2006,SAMPIH,SUSUKAN LEBAK,KABUPATEN CIREBON,unresolved_do_not_guess,review_required,,45185;45685,,yes,No automatic selection: Kodepos.dev does not corroborate exactly one local source.
POSTAL-3209082007,32.09.08.2007,PASAWAHAN,SUSUKAN LEBAK,KABUPATEN CIREBON,unresolved_do_not_guess,review_required,,45185;45685,,yes,No automatic selection: Kodepos.dev does not corroborate exactly one local source.
POSTAL-3209082008,32.09.08.2008,CIAWIASIH,SUSUKAN LEBAK,KABUPATEN CIREBON,unresolved_do_not_guess,review_required,,45185;45685,,yes,No automatic selection: Kodepos.dev does not corroborate exactly one local source.
POSTAL-3209082009,32.09.08.2009,CIAWIJAPURA,SUSUKAN LEBAK,KABUPATEN CIREBON,unresolved_do_not_guess,review_required,,45185;45685,,yes,No automatic selection: Kodepos.dev does not corroborate exactly one local source.
POSTAL-3209082010,32.09.08.2010,CURUG,SUSUKAN LEBAK,KABUPATEN CIREBON,unresolved_do_not_guess,review_required,,45185;45685,,yes,No automatic selection: Kodepos.dev does not corroborate exactly one local source.
POSTAL-3209082011,32.09.08.2011,CURUG WETAN,SUSUKAN LEBAK,KABUPATEN CIREBON,unresolved_do_not_guess,review_required,,45185;45685,,yes,No automatic selection: Kodepos.dev does not corroborate exactly one local source.
POSTAL-3209082012,32.09.08.2012,KALIGAWE WETAN,SUSUKAN LEBAK,KABUPATEN CIREBON,unresolved_do_not_guess,review_required,,45185;45685,,yes,No automatic selection: Kodepos.dev does not corroborate exactly one local source.
POSTAL-3209082013,32.09.08.2013,KALIGAWE,SUSUKAN LEBAK,KABUPATEN CIREBON,unresolved_do_not_guess,review_required,,45185;45685,,yes,No automatic selection: Kodepos.dev does not corroborate exactly one local source.
POSTAL-3209092001,32.09.09.2001,KARANGWUNI,SEDONG,KABUPATEN CIREBON,candidate_review_only,corroborated_candidate,45189,45189;45689,,yes,Kodepos.dev corroborates Open Data Jabar; candidate is not accepted as final.
POSTAL-3209092002,32.09.09.2002,SEDONG KIDUL,SEDONG,KABUPATEN CIREBON,candidate_review_only,corroborated_candidate,45189,45189;45689,,yes,Kodepos.dev corroborates Open Data Jabar; candidate is not accepted as final.
POSTAL-3209092003,32.09.09.2003,SEDONG LOR,SEDONG,KABUPATEN CIREBON,candidate_review_only,corroborated_candidate,45189,45189;45689,,yes,Kodepos.dev corroborates Open Data Jabar; candidate is not accepted as final.
POSTAL-3209092004,32.09.09.2004,WINDUJAYA,SEDONG,KABUPATEN CIREBON,candidate_review_only,corroborated_candidate,45189,45189;45689,,yes,Kodepos.dev corroborates Open Data Jabar; candidate is not accepted as final.
POSTAL-3209092005,32.09.09.2005,WINDUHAJI,SEDONG,KABUPATEN CIREBON,candidate_review_only,corroborated_candidate,45189,45189;45689,,yes,Kodepos.dev corroborates Open Data Jabar; candidate is not accepted as final.
POSTAL-3209092006,32.09.09.2006,KERTAWANGUN,SEDONG,KABUPATEN CIREBON,candidate_review_only,corroborated_candidate,45189,45189;45689,,yes,Kodepos.dev corroborates Open Data Jabar; candidate is not accepted as final.
POSTAL-3209092007,32.09.09.2007,PENAMBANGAN,SEDONG,KABUPATEN CIREBON,candidate_review_only,corroborated_candidate,45189,45189;45689,,yes,Kodepos.dev corroborates Open Data Jabar; candidate is not accepted as final.
POSTAL-3209092008,32.09.09.2008,PUTAT,SEDONG,KABUPATEN CIREBON,candidate_review_only,corroborated_candidate,45189,45189;45689,,yes,Kodepos.dev corroborates Open Data Jabar; candidate is not accepted as final.
POSTAL-3209092009,32.09.09.2009,PANONGAN,SEDONG,KABUPATEN CIREBON,candidate_review_only,corroborated_candidate,45189,45189;45689,,yes,Kodepos.dev corroborates Open Data Jabar; candidate is not accepted as final.
POSTAL-3209092010,32.09.09.2010,PANONGAN LOR,SEDONG,KABUPATEN CIREBON,candidate_review_only,corroborated_candidate,45189,45189;45689,,yes,Kodepos.dev corroborates Open Data Jabar; candidate is not accepted as final.
POSTAL-3209102004,32.09.10.2004,MUNJUL,ASTANAJAPURA,KABUPATEN CIREBON,candidate_review_only,corroborated_candidate,45181,45181;45681,,yes,Kodepos.dev corroborates Open Data Jabar; candidate is not accepted as final.
POSTAL-3209102005,32.09.10.2005,SIDAMULYA,ASTANAJAPURA,KABUPATEN CIREBON,candidate_review_only,corroborated_candidate,45181,45181;45681,,yes,Kodepos.dev corroborates Open Data Jabar; candidate is not accepted as final.
POSTAL-3209102006,32.09.10.2006,MERTAPADA KULON,ASTANAJAPURA,KABUPATEN CIREBON,candidate_review_only,corroborated_candidate,45181,45181;45681,,yes,Kodepos.dev corroborates Open Data Jabar; candidate is not accepted as final.
POSTAL-3209102007,32.09.10.2007,MERTAPADA WETAN,ASTANAJAPURA,KABUPATEN CIREBON,candidate_review_only,corroborated_candidate,45181,45181;45681,,yes,Kodepos.dev corroborates Open Data Jabar; candidate is not accepted as final.
POSTAL-3209102008,32.09.10.2008,BUNTET,ASTANAJAPURA,KABUPATEN CIREBON,candidate_review_only,corroborated_candidate,45181,45181;45681,,yes,Kodepos.dev corroborates Open Data Jabar; candidate is not accepted as final.
POSTAL-3209102009,32.09.10.2009,KANCI KULON,ASTANAJAPURA,KABUPATEN CIREBON,candidate_review_only,corroborated_candidate,45181,45181;45681,,yes,Kodepos.dev corroborates Open Data Jabar; candidate is not accepted as final.
POSTAL-3209102010,32.09.10.2010,KANCI,ASTANAJAPURA,KABUPATEN CIREBON,candidate_review_only,corroborated_candidate,45181,45181;45681,,yes,Kodepos.dev corroborates Open Data Jabar; candidate is not accepted as final.
POSTAL-3209102011,32.09.10.2011,ASTANAJAPURA,ASTANAJAPURA,KABUPATEN CIREBON,candidate_review_only,corroborated_candidate,45181,45181;45681,,yes,Kodepos.dev corroborates Open Data Jabar; candidate is not accepted as final.
POSTAL-3209102012,32.09.10.2012,KENDAL,ASTANAJAPURA,KABUPATEN CIREBON,candidate_review_only,corroborated_candidate,45181,45181;45681,,yes,Kodepos.dev corroborates Open Data Jabar; candidate is not accepted as final.
POSTAL-3209102013,32.09.10.2013,JAPURA KIDUL,ASTANAJAPURA,KABUPATEN CIREBON,candidate_review_only,corroborated_candidate,45181,45181;45681,,yes,Kodepos.dev corroborates Open Data Jabar; candidate is not accepted as final.
POSTAL-3209102014,32.09.10.2014,JAPURA BAKTI,ASTANAJAPURA,KABUPATEN CIREBON,candidate_review_only,corroborated_candidate,45181,45181;45681,,yes,Kodepos.dev corroborates Open Data Jabar; candidate is not accepted as final.
POSTAL-3209112001,32.09.11.2001,GETRAKMOYAN,PANGENAN,KABUPATEN CIREBON,candidate_review_only,corroborated_candidate,45182,45182;45682,,yes,Kodepos.dev corroborates Open Data Jabar; candidate is not accepted as final.
POSTAL-3209112002,32.09.11.2002,ENDER,PANGENAN,KABUPATEN CIREBON,candidate_review_only,corroborated_candidate,45182,45182;45682,,yes,Kodepos.dev corroborates Open Data Jabar; candidate is not accepted as final.
POSTAL-3209112003,32.09.11.2003,PANGENAN,PANGENAN,KABUPATEN CIREBON,candidate_review_only,corroborated_candidate,45182,45182;45682,,yes,Kodepos.dev corroborates Open Data Jabar; candidate is not accepted as final.
POSTAL-3209112004,32.09.11.2004,BENDUNGAN,PANGENAN,KABUPATEN CIREBON,candidate_review_only,corroborated_candidate,45182,45182;45682,,yes,Kodepos.dev corroborates Open Data Jabar; candidate is not accepted as final.
POSTAL-3209112005,32.09.11.2005,RAWAURIP,PANGENAN,KABUPATEN CIREBON,candidate_review_only,corroborated_candidate,45182,45182;45682,,yes,Kodepos.dev corroborates Open Data Jabar; candidate is not accepted as final.
POSTAL-3209112006,32.09.11.2006,BERINGIN,PANGENAN,KABUPATEN CIREBON,candidate_review_only,corroborated_candidate,45182,45182;45682,,yes,Kodepos.dev corroborates Open Data Jabar; candidate is not accepted as final.
POSTAL-3209112007,32.09.11.2007,JAPURA LOR,PANGENAN,KABUPATEN CIREBON,candidate_review_only,corroborated_candidate,45182,45182;45682,,yes,Kodepos.dev corroborates Open Data Jabar; candidate is not accepted as final.
POSTAL-3209112008,32.09.11.2008,PENGARENGAN,PANGENAN,KABUPATEN CIREBON,unresolved_do_not_guess,review_required,,45182;45682,,yes,No automatic selection: Kodepos.dev does not corroborate exactly one local source.
POSTAL-3209112009,32.09.11.2009,ASTANA MUKTI,PANGENAN,KABUPATEN CIREBON,candidate_review_only,corroborated_candidate,45182,45182;45682,,yes,Kodepos.dev corroborates Open Data Jabar; candidate is not accepted as final.
POSTAL-3209122001,32.09.12.2001,SETUPATOK,MUNDU,KABUPATEN CIREBON,candidate_review_only,corroborated_candidate,45173,45173;45673,,yes,Kodepos.dev corroborates Open Data Jabar; candidate is not accepted as final.
POSTAL-3209122002,32.09.12.2002,PENPEN,MUNDU,KABUPATEN CIREBON,candidate_review_only,corroborated_candidate,45173,45173;45673,,yes,Kodepos.dev corroborates Open Data Jabar; candidate is not accepted as final.
POSTAL-3209122003,32.09.12.2003,MUNDUMESIGIT,MUNDU,KABUPATEN CIREBON,unresolved_do_not_guess,review_required,,45173;45673,,yes,No automatic selection: Kodepos.dev does not corroborate exactly one local source.
POSTAL-3209122004,32.09.12.2004,LUWUNG,MUNDU,KABUPATEN CIREBON,candidate_review_only,corroborated_candidate,45173,45173;45673,,yes,Kodepos.dev corroborates Open Data Jabar; candidate is not accepted as final.
POSTAL-3209122005,32.09.12.2005,WARUDUWUR,MUNDU,KABUPATEN CIREBON,candidate_review_only,corroborated_candidate,45173,45173;45673,,yes,Kodepos.dev corroborates Open Data Jabar; candidate is not accepted as final.
POSTAL-3209122006,32.09.12.2006,CITEMU,MUNDU,KABUPATEN CIREBON,candidate_review_only,corroborated_candidate,45173,45173;45673,,yes,Kodepos.dev corroborates Open Data Jabar; candidate is not accepted as final.
POSTAL-3209122007,32.09.12.2007,BANDENGAN,MUNDU,KABUPATEN CIREBON,candidate_review_only,corroborated_candidate,45173,45173;45673,,yes,Kodepos.dev corroborates Open Data Jabar; candidate is not accepted as final.
POSTAL-3209122008,32.09.12.2008,MUNDUPESISIR,MUNDU,KABUPATEN CIREBON,unresolved_do_not_guess,review_required,,45173;45673,,yes,No automatic selection: Kodepos.dev does not corroborate exactly one local source.
POSTAL-3209122009,32.09.12.2009,SUCI,MUNDU,KABUPATEN CIREBON,candidate_review_only,corroborated_candidate,45173,45173;45673,,yes,Kodepos.dev corroborates Open Data Jabar; candidate is not accepted as final.
POSTAL-3209122010,32.09.12.2010,BANJARWANGUNAN,MUNDU,KABUPATEN CIREBON,candidate_review_only,corroborated_candidate,45173,45173;45673,,yes,Kodepos.dev corroborates Open Data Jabar; candidate is not accepted as final.
POSTAL-3209122011,32.09.12.2011,PAMENGKANG,MUNDU,KABUPATEN CIREBON,candidate_review_only,corroborated_candidate,45173,45173;45673,,yes,Kodepos.dev corroborates Open Data Jabar; candidate is not accepted as final.
POSTAL-3209122012,32.09.12.2012,SINAR RANCANG,MUNDU,KABUPATEN CIREBON,unresolved_do_not_guess,review_required,,45173;45673,,yes,No automatic selection: Kodepos.dev does not corroborate exactly one local source.
POSTAL-3209132001,32.09.13.2001,WANAYASA,BEBER,KABUPATEN CIREBON,candidate_review_only,corroborated_candidate,45172,45172;45672,,yes,Kodepos.dev corroborates Open Data Jabar; candidate is not accepted as final.
POSTAL-3209132002,32.09.13.2002,SINDANGKASIH,BEBER,KABUPATEN CIREBON,candidate_review_only,corroborated_candidate,45172,45172;45672,,yes,Kodepos.dev corroborates Open Data Jabar; candidate is not accepted as final.
POSTAL-3209132003,32.09.13.2003,SINDANGHAYU,BEBER,KABUPATEN CIREBON,candidate_review_only,corroborated_candidate,45172,45172;45672,,yes,Kodepos.dev corroborates Open Data Jabar; candidate is not accepted as final.
POSTAL-3209132004,32.09.13.2004,CIAWIGAJAH,BEBER,KABUPATEN CIREBON,candidate_review_only,corroborated_candidate,45172,45172;45672,,yes,Kodepos.dev corroborates Open Data Jabar; candidate is not accepted as final.
POSTAL-3209132008,32.09.13.2008,CIKANCAS,BEBER,KABUPATEN CIREBON,candidate_review_only,corroborated_candidate,45172,45172;45672,,yes,Kodepos.dev corroborates Open Data Jabar; candidate is not accepted as final.
POSTAL-3209132009,32.09.13.2009,HALIMPU,BEBER,KABUPATEN CIREBON,candidate_review_only,corroborated_candidate,45172,45172;45672,,yes,Kodepos.dev corroborates Open Data Jabar; candidate is not accepted as final.
POSTAL-3209132010,32.09.13.2010,CIPINANG,BEBER,KABUPATEN CIREBON,candidate_review_only,corroborated_candidate,45172,45172;45672,,yes,Kodepos.dev corroborates Open Data Jabar; candidate is not accepted as final.
POSTAL-3209132011,32.09.13.2011,BEBER,BEBER,KABUPATEN CIREBON,candidate_review_only,corroborated_candidate,45172,45172;45672,,yes,Kodepos.dev corroborates Open Data Jabar; candidate is not accepted as final.
POSTAL-3209132012,32.09.13.2012,PATAPAN,BEBER,KABUPATEN CIREBON,candidate_review_only,corroborated_candidate,45172,45172;45672,,yes,Kodepos.dev corroborates Open Data Jabar; candidate is not accepted as final.
POSTAL-3209132013,32.09.13.2013,KONDANGSARI,BEBER,KABUPATEN CIREBON,candidate_review_only,corroborated_candidate,45172,45172;45672,,yes,Kodepos.dev corroborates Open Data Jabar; candidate is not accepted as final.
POSTAL-3209142001,32.09.14.2001,SAMPIRAN,TALUN,KABUPATEN CIREBON,unresolved_do_not_guess,review_required,,45171;45671,,yes,No automatic selection: Kodepos.dev does not corroborate exactly one local source.
POSTAL-3209142002,32.09.14.2002,CIPERNA,TALUN,KABUPATEN CIREBON,unresolved_do_not_guess,review_required,,45171;45671,,yes,No automatic selection: Kodepos.dev does not corroborate exactly one local source.
POSTAL-3209142003,32.09.14.2003,KECOMBERAN,TALUN,KABUPATEN CIREBON,unresolved_do_not_guess,review_required,,45171;45671,,yes,No automatic selection: Kodepos.dev does not corroborate exactly one local source.
POSTAL-3209142004,32.09.14.2004,CIREBON GIRANG,TALUN,KABUPATEN CIREBON,unresolved_do_not_guess,review_required,,45171;45671,,yes,No automatic selection: Kodepos.dev does not corroborate exactly one local source.
POSTAL-3209142005,32.09.14.2005,KERANDON,TALUN,KABUPATEN CIREBON,unresolved_do_not_guess,review_required,,45171;45671,,yes,No automatic selection: Kodepos.dev does not corroborate exactly one local source.
POSTAL-3209142006,32.09.14.2006,WANASABA KIDUL,TALUN,KABUPATEN CIREBON,unresolved_do_not_guess,review_required,,45171;45671,,yes,No automatic selection: Kodepos.dev does not corroborate exactly one local source.
POSTAL-3209142007,32.09.14.2007,WANASABA LOR,TALUN,KABUPATEN CIREBON,unresolved_do_not_guess,review_required,,45171;45671,,yes,No automatic selection: Kodepos.dev does not corroborate exactly one local source.
POSTAL-3209142008,32.09.14.2008,CEMPAKA,TALUN,KABUPATEN CIREBON,unresolved_do_not_guess,review_required,,45171;45671,,yes,No automatic selection: Kodepos.dev does not corroborate exactly one local source.
POSTAL-3209142009,32.09.14.2009,KEPONGPONGAN,TALUN,KABUPATEN CIREBON,unresolved_do_not_guess,review_required,,45171;45671,,yes,No automatic selection: Kodepos.dev does not corroborate exactly one local source.
POSTAL-3209142010,32.09.14.2010,SARWADADI,TALUN,KABUPATEN CIREBON,unresolved_do_not_guess,review_required,,45171;45671,,yes,No automatic selection: Kodepos.dev does not corroborate exactly one local source.
POSTAL-3209142011,32.09.14.2011,KUBANG,TALUN,KABUPATEN CIREBON,unresolved_do_not_guess,review_required,,45171;45671,,yes,No automatic selection: Kodepos.dev does not corroborate exactly one local source.
POSTAL-3209151006,32.09.15.1006,KALIWADAS,SUMBER,KABUPATEN CIREBON,candidate_review_only,corroborated_candidate,45611,45611;45616,,yes,Kodepos.dev corroborates Open Data Jabar; candidate is not accepted as final.
POSTAL-3209151007,32.09.15.1007,PASALAKAN,SUMBER,KABUPATEN CIREBON,candidate_review_only,corroborated_candidate,45611,45611;45616,,yes,Kodepos.dev corroborates Open Data Jabar; candidate is not accepted as final.
POSTAL-3209151008,32.09.15.1008,WATUBELAH,SUMBER,KABUPATEN CIREBON,candidate_review_only,corroborated_candidate,45611,45611;45615,,yes,Kodepos.dev corroborates Open Data Jabar; candidate is not accepted as final.
POSTAL-3209151009,32.09.15.1009,PEJAMBON,SUMBER,KABUPATEN CIREBON,candidate_review_only,corroborated_candidate,45611,45611;45615,,yes,Kodepos.dev corroborates Open Data Jabar; candidate is not accepted as final.
POSTAL-3209151010,32.09.15.1010,GEGUNUNG,SUMBER,KABUPATEN CIREBON,candidate_review_only,corroborated_candidate,45611,45611;45613,,yes,Kodepos.dev corroborates Open Data Jabar; candidate is not accepted as final.
POSTAL-3209151011,32.09.15.1011,KEMANTREN,SUMBER,KABUPATEN CIREBON,candidate_review_only,corroborated_candidate,45611,45611;45614,,yes,Kodepos.dev corroborates Open Data Jabar; candidate is not accepted as final.
POSTAL-3209151012,32.09.15.1012,SENDANG,SUMBER,KABUPATEN CIREBON,candidate_review_only,corroborated_candidate,45611,45611;45614,,yes,Kodepos.dev corroborates Open Data Jabar; candidate is not accepted as final.
POSTAL-3209151013,32.09.15.1013,TUKMUDAL,SUMBER,KABUPATEN CIREBON,candidate_review_only,corroborated_candidate,45611,45611;45617,,yes,Kodepos.dev corroborates Open Data Jabar; candidate is not accepted as final.
POSTAL-3209151014,32.09.15.1014,KENANGA,SUMBER,KABUPATEN CIREBON,candidate_review_only,corroborated_candidate,45611,45611;45617,,yes,Kodepos.dev corroborates Open Data Jabar; candidate is not accepted as final.
POSTAL-3209152001,32.09.15.2001,MATANGAJI,SUMBER,KABUPATEN CIREBON,candidate_review_only,corroborated_candidate,45611,45611;45619,,yes,Kodepos.dev corroborates Open Data Jabar; candidate is not accepted as final.
POSTAL-3209152002,32.09.15.2002,SIDAWANGI,SUMBER,KABUPATEN CIREBON,candidate_review_only,corroborated_candidate,45611,45611;45618,,yes,Kodepos.dev corroborates Open Data Jabar; candidate is not accepted as final.
POSTAL-3209172002,32.09.17.2002,CILUKRAK,PALIMANAN,KABUPATEN CIREBON,unresolved_do_not_guess,review_required,,45160;45161;45661,,yes,No automatic selection: Kodepos.dev does not corroborate exactly one local source.
POSTAL-3209172003,32.09.17.2003,KEPUH,PALIMANAN,KABUPATEN CIREBON,unresolved_do_not_guess,review_required,,45160;45161;45661,,yes,No automatic selection: Kodepos.dev does not corroborate exactly one local source.
POSTAL-3209172004,32.09.17.2004,BALERANTE,PALIMANAN,KABUPATEN CIREBON,unresolved_do_not_guess,review_required,,45160;45161;45661,,yes,No automatic selection: Kodepos.dev does not corroborate exactly one local source.
POSTAL-3209172005,32.09.17.2005,PANONGAN,PALIMANAN,KABUPATEN CIREBON,unresolved_do_not_guess,review_required,,45160;45161;45661,,yes,No automatic selection: Kodepos.dev does not corroborate exactly one local source.
POSTAL-3209172006,32.09.17.2006,BEBERAN,PALIMANAN,KABUPATEN CIREBON,unresolved_do_not_guess,review_required,,45160;45161;45661,,yes,No automatic selection: Kodepos.dev does not corroborate exactly one local source.
POSTAL-3209172007,32.09.17.2007,SEMPLO,PALIMANAN,KABUPATEN CIREBON,unresolved_do_not_guess,review_required,,45160;45161;45661,,yes,No automatic selection: Kodepos.dev does not corroborate exactly one local source.
POSTAL-3209172008,32.09.17.2008,PALIMANAN TIMUR,PALIMANAN,KABUPATEN CIREBON,unresolved_do_not_guess,review_required,,45160;45161;45661,,yes,No automatic selection: Kodepos.dev does not corroborate exactly one local source.
POSTAL-3209172011,32.09.17.2011,PEGAGAN,PALIMANAN,KABUPATEN CIREBON,unresolved_do_not_guess,review_required,,45160;45161;45661,,yes,No automatic selection: Kodepos.dev does not corroborate exactly one local source.
POSTAL-3209172012,32.09.17.2012,LUNGBENDA,PALIMANAN,KABUPATEN CIREBON,unresolved_do_not_guess,review_required,,45160;45161;45661,,yes,No automatic selection: Kodepos.dev does not corroborate exactly one local source.
POSTAL-3209172013,32.09.17.2013,CIAWI,PALIMANAN,KABUPATEN CIREBON,unresolved_do_not_guess,review_required,,45160;45161;45661,,yes,No automatic selection: Kodepos.dev does not corroborate exactly one local source.
POSTAL-3209172014,32.09.17.2014,TEGALKARANG,PALIMANAN,KABUPATEN CIREBON,unresolved_do_not_guess,review_required,,45160;45161;45661,,yes,No automatic selection: Kodepos.dev does not corroborate exactly one local source.
POSTAL-3209172015,32.09.17.2015,CENGKUANG,PALIMANAN,KABUPATEN CIREBON,unresolved_do_not_guess,review_required,,45160;45161;45661,,yes,No automatic selection: Kodepos.dev does not corroborate exactly one local source.
POSTAL-3209182001,32.09.18.2001,CEMPAKA,PLUMBON,KABUPATEN CIREBON,unresolved_do_not_guess,review_required,,45155;45158;45655,45655,yes,No automatic selection: Kodepos.dev does not corroborate exactly one local source.
POSTAL-3209182002,32.09.18.2002,PAMIJAHAN,PLUMBON,KABUPATEN CIREBON,unresolved_do_not_guess,review_required,,45155;45158;45655,,yes,No automatic selection: Kodepos.dev does not corroborate exactly one local source.
POSTAL-3209182003,32.09.18.2003,LURAH,PLUMBON,KABUPATEN CIREBON,unresolved_do_not_guess,review_required,,45155;45158;45655,,yes,No automatic selection: Kodepos.dev does not corroborate exactly one local source.
POSTAL-3209182004,32.09.18.2004,MARIKANGEN,PLUMBON,KABUPATEN CIREBON,unresolved_do_not_guess,review_required,,45155;45158;45655,,yes,No automatic selection: Kodepos.dev does not corroborate exactly one local source.
POSTAL-3209182005,32.09.18.2005,BODE LOR,PLUMBON,KABUPATEN CIREBON,unresolved_do_not_guess,review_required,,45155;45158;45655,,yes,No automatic selection: Kodepos.dev does not corroborate exactly one local source.
POSTAL-3209182006,32.09.18.2006,BODESARI,PLUMBON,KABUPATEN CIREBON,unresolved_do_not_guess,review_required,,45155;45158;45655,,yes,No automatic selection: Kodepos.dev does not corroborate exactly one local source.
POSTAL-3209182007,32.09.18.2007,GOMBANG,PLUMBON,KABUPATEN CIREBON,unresolved_do_not_guess,review_required,,45155;45158;45655,,yes,No automatic selection: Kodepos.dev does not corroborate exactly one local source.
POSTAL-3209182008,32.09.18.2008,KARANGMULYA,PLUMBON,KABUPATEN CIREBON,unresolved_do_not_guess,review_required,,45155;45158;45655,,yes,No automatic selection: Kodepos.dev does not corroborate exactly one local source.
POSTAL-3209182009,32.09.18.2009,KARANGASEM,PLUMBON,KABUPATEN CIREBON,unresolved_do_not_guess,review_required,,45155;45158;45655,,yes,No automatic selection: Kodepos.dev does not corroborate exactly one local source.
POSTAL-3209182010,32.09.18.2010,PLUMBON,PLUMBON,KABUPATEN CIREBON,unresolved_do_not_guess,review_required,,45155;45158;45655,,yes,No automatic selection: Kodepos.dev does not corroborate exactly one local source.
POSTAL-3209182011,32.09.18.2011,PURBAWINANGUN,PLUMBON,KABUPATEN CIREBON,unresolved_do_not_guess,review_required,,45155;45158;45655,,yes,No automatic selection: Kodepos.dev does not corroborate exactly one local source.
POSTAL-3209182012,32.09.18.2012,KEBAREPAN,PLUMBON,KABUPATEN CIREBON,unresolved_do_not_guess,review_required,,45155;45158;45655,,yes,No automatic selection: Kodepos.dev does not corroborate exactly one local source.
POSTAL-3209182013,32.09.18.2013,PASANGGRAHAN,PLUMBON,KABUPATEN CIREBON,unresolved_do_not_guess,review_required,,45155;45158;45655,,yes,No automatic selection: Kodepos.dev does not corroborate exactly one local source.
POSTAL-3209182014,32.09.18.2014,KEDUNGSANA,PLUMBON,KABUPATEN CIREBON,unresolved_do_not_guess,review_required,,45155;45158;45655,,yes,No automatic selection: Kodepos.dev does not corroborate exactly one local source.
POSTAL-3209182015,32.09.18.2015,DANAMULYA,PLUMBON,KABUPATEN CIREBON,unresolved_do_not_guess,review_required,,45155;45158;45655,,yes,No automatic selection: Kodepos.dev does not corroborate exactly one local source.
POSTAL-3209192001,32.09.19.2001,KARANGSARI,WERU,KABUPATEN CIREBON,unresolved_do_not_guess,review_required,,45154;45159;45644,,yes,No automatic selection: Kodepos.dev does not corroborate exactly one local source.
POSTAL-3209192002,32.09.19.2002,KERTASARI,WERU,KABUPATEN CIREBON,unresolved_do_not_guess,review_required,,45154;45159;45644,,yes,No automatic selection: Kodepos.dev does not corroborate exactly one local source.
POSTAL-3209192003,32.09.19.2003,MEGUGEDE,WERU,KABUPATEN CIREBON,unresolved_do_not_guess,review_required,,45159;45644,,yes,No automatic selection: Kodepos.dev does not corroborate exactly one local source.
POSTAL-3209192004,32.09.19.2004,MEGUCILIK,WERU,KABUPATEN CIREBON,unresolved_do_not_guess,review_required,,45159;45644,,yes,No automatic selection: Kodepos.dev does not corroborate exactly one local source.
POSTAL-3209192005,32.09.19.2005,SETU WETAN,WERU,KABUPATEN CIREBON,unresolved_do_not_guess,review_required,,45159;45644;45651,,yes,No automatic selection: Kodepos.dev does not corroborate exactly one local source.
POSTAL-3209192006,32.09.19.2006,SETU KULON,WERU,KABUPATEN CIREBON,unresolved_do_not_guess,review_required,,45154;45159;45644,,yes,No automatic selection: Kodepos.dev does not corroborate exactly one local source.
POSTAL-3209192007,32.09.19.2007,WERU KIDUL,WERU,KABUPATEN CIREBON,unresolved_do_not_guess,review_required,,45154;45159;45644,,yes,No automatic selection: Kodepos.dev does not corroborate exactly one local source.
POSTAL-3209192008,32.09.19.2008,WERU LOR,WERU,KABUPATEN CIREBON,unresolved_do_not_guess,review_required,,45154;45159;45644,,yes,No automatic selection: Kodepos.dev does not corroborate exactly one local source.
POSTAL-3209192009,32.09.19.2009,TEGALWANGI,WERU,KABUPATEN CIREBON,unresolved_do_not_guess,review_required,,45154;45159;45644,,yes,No automatic selection: Kodepos.dev does not corroborate exactly one local source.
POSTAL-3209202004,32.09.20.2004,KEDUNGDAWA,KEDAWUNG,KABUPATEN CIREBON,candidate_review_only,corroborated_candidate,45153,45153;45653,,yes,Kodepos.dev corroborates Open Data Jabar; candidate is not accepted as final.
POSTAL-3209202005,32.09.20.2005,KALIKOA,KEDAWUNG,KABUPATEN CIREBON,candidate_review_only,corroborated_candidate,45153,45153;45653,,yes,Kodepos.dev corroborates Open Data Jabar; candidate is not accepted as final.
POSTAL-3209202006,32.09.20.2006,TUK,KEDAWUNG,KABUPATEN CIREBON,candidate_review_only,corroborated_candidate,45153,45153;45653,,yes,Kodepos.dev corroborates Open Data Jabar; candidate is not accepted as final.
POSTAL-3209202007,32.09.20.2007,KEDUNGJAYA,KEDAWUNG,KABUPATEN CIREBON,candidate_review_only,corroborated_candidate,45153,45153;45653,,yes,Kodepos.dev corroborates Open Data Jabar; candidate is not accepted as final.
POSTAL-3209202008,32.09.20.2008,KEDAWUNG,KEDAWUNG,KABUPATEN CIREBON,candidate_review_only,corroborated_candidate,45153,45153;45653,,yes,Kodepos.dev corroborates Open Data Jabar; candidate is not accepted as final.
POSTAL-3209202009,32.09.20.2009,KERTAWINANGUN,KEDAWUNG,KABUPATEN CIREBON,candidate_review_only,corroborated_candidate,45153,45153;45653,,yes,Kodepos.dev corroborates Open Data Jabar; candidate is not accepted as final.
POSTAL-3209202010,32.09.20.2010,SUTAWINANGUN,KEDAWUNG,KABUPATEN CIREBON,candidate_review_only,corroborated_candidate,45153,45153;45653,,yes,Kodepos.dev corroborates Open Data Jabar; candidate is not accepted as final.
POSTAL-3209202011,32.09.20.2011,PILANGSARI,KEDAWUNG,KABUPATEN CIREBON,candidate_review_only,corroborated_candidate,45153,45153;45653,,yes,Kodepos.dev corroborates Open Data Jabar; candidate is not accepted as final.
POSTAL-3209212001,32.09.21.2001,ADIDHARMA,GUNUNG JATI,KABUPATEN CIREBON,unresolved_do_not_guess,review_required,,45151;45643,,yes,No automatic selection: Kodepos.dev does not corroborate exactly one local source.
POSTAL-3209212002,32.09.21.2002,PASINDANGAN,GUNUNG JATI,KABUPATEN CIREBON,unresolved_do_not_guess,review_required,,45151;45643,,yes,No automatic selection: Kodepos.dev does not corroborate exactly one local source.
POSTAL-3209212003,32.09.21.2003,JADIMULYA,GUNUNG JATI,KABUPATEN CIREBON,unresolved_do_not_guess,review_required,,45151;45643,,yes,No automatic selection: Kodepos.dev does not corroborate exactly one local source.
POSTAL-3209212004,32.09.21.2004,KLAYAN,GUNUNG JATI,KABUPATEN CIREBON,unresolved_do_not_guess,review_required,,45151;45643,,yes,No automatic selection: Kodepos.dev does not corroborate exactly one local source.
POSTAL-3209212005,32.09.21.2005,JATIMERTA,GUNUNG JATI,KABUPATEN CIREBON,unresolved_do_not_guess,review_required,,45151;45643,,yes,No automatic selection: Kodepos.dev does not corroborate exactly one local source.
POSTAL-3209212006,32.09.21.2006,ASTANA,GUNUNG JATI,KABUPATEN CIREBON,unresolved_do_not_guess,review_required,,45151;45643,,yes,No automatic selection: Kodepos.dev does not corroborate exactly one local source.
POSTAL-3209212007,32.09.21.2007,KALISAPU,GUNUNG JATI,KABUPATEN CIREBON,unresolved_do_not_guess,review_required,,45151;45643,,yes,No automatic selection: Kodepos.dev does not corroborate exactly one local source.
POSTAL-3209212008,32.09.21.2008,WANAKAYA,GUNUNG JATI,KABUPATEN CIREBON,unresolved_do_not_guess,review_required,,45151;45643,,yes,No automatic selection: Kodepos.dev does not corroborate exactly one local source.
POSTAL-3209212009,32.09.21.2009,GROGOL,GUNUNG JATI,KABUPATEN CIREBON,unresolved_do_not_guess,review_required,,45151;45643,,yes,No automatic selection: Kodepos.dev does not corroborate exactly one local source.
POSTAL-3209212010,32.09.21.2010,BABADAN,GUNUNG JATI,KABUPATEN CIREBON,unresolved_do_not_guess,review_required,,45151;45643,,yes,No automatic selection: Kodepos.dev does not corroborate exactly one local source.
POSTAL-3209212011,32.09.21.2011,BUYUT,GUNUNG JATI,KABUPATEN CIREBON,unresolved_do_not_guess,review_required,,45151;45643,,yes,No automatic selection: Kodepos.dev does not corroborate exactly one local source.
POSTAL-3209212012,32.09.21.2012,MAYUNG,GUNUNG JATI,KABUPATEN CIREBON,unresolved_do_not_guess,review_required,,45151;45643,,yes,No automatic selection: Kodepos.dev does not corroborate exactly one local source.
POSTAL-3209212015,32.09.21.2015,MERTASINGA,GUNUNG JATI,KABUPATEN CIREBON,unresolved_do_not_guess,review_required,,45151;45643,,yes,No automatic selection: Kodepos.dev does not corroborate exactly one local source.
POSTAL-3209212016,32.09.21.2016,SAMBENG,GUNUNG JATI,KABUPATEN CIREBON,unresolved_do_not_guess,review_required,,45150;45151;45659,,yes,No automatic selection: Kodepos.dev does not corroborate exactly one local source.
POSTAL-3209212017,32.09.21.2017,SIRNABAYA,GUNUNG JATI,KABUPATEN CIREBON,unresolved_do_not_guess,review_required,,45150;45151;45659,,yes,No automatic selection: Kodepos.dev does not corroborate exactly one local source.
POSTAL-3209222010,32.09.22.2010,KERTASURA,KAPETAKAN,KABUPATEN CIREBON,candidate_review_only,corroborated_candidate,45152,45152;45658,,yes,Kodepos.dev corroborates Open Data Jabar; candidate is not accepted as final.
POSTAL-3209222011,32.09.22.2011,PEGAGAN KIDUL,KAPETAKAN,KABUPATEN CIREBON,candidate_review_only,corroborated_candidate,45152,45152;45658,,yes,Kodepos.dev corroborates Open Data Jabar; candidate is not accepted as final.
POSTAL-3209222012,32.09.22.2012,PEGAAN LOR,KAPETAKAN,KABUPATEN CIREBON,candidate_review_only,corroborated_candidate,45152,45152;45658,,yes,Kodepos.dev corroborates Open Data Jabar; candidate is not accepted as final.
POSTAL-3209222013,32.09.22.2013,DUKUH,KAPETAKAN,KABUPATEN CIREBON,candidate_review_only,corroborated_candidate,45152,45152;45658,,yes,Kodepos.dev corroborates Open Data Jabar; candidate is not accepted as final.
POSTAL-3209222014,32.09.22.2014,KARANGKENDAL,KAPETAKAN,KABUPATEN CIREBON,candidate_review_only,corroborated_candidate,45152,45152;45658,,yes,Kodepos.dev corroborates Open Data Jabar; candidate is not accepted as final.
POSTAL-3209222015,32.09.22.2015,GROGOL,KAPETAKAN,KABUPATEN CIREBON,candidate_review_only,corroborated_candidate,45152,45152;45658,,yes,Kodepos.dev corroborates Open Data Jabar; candidate is not accepted as final.
POSTAL-3209222016,32.09.22.2016,KAPETAKAN,KAPETAKAN,KABUPATEN CIREBON,candidate_review_only,corroborated_candidate,45152,45152;45658,,yes,Kodepos.dev corroborates Open Data Jabar; candidate is not accepted as final.
POSTAL-3209222017,32.09.22.2017,BUNGKO,KAPETAKAN,KABUPATEN CIREBON,candidate_review_only,corroborated_candidate,45152,45152;45658,,yes,Kodepos.dev corroborates Open Data Jabar; candidate is not accepted as final.
POSTAL-3209222018,32.09.22.2018,BUNGKO LOR,KAPETAKAN,KABUPATEN CIREBON,candidate_review_only,corroborated_candidate,45152,45152;45658,,yes,Kodepos.dev corroborates Open Data Jabar; candidate is not accepted as final.
POSTAL-3209232001,32.09.23.2001,SERANG,KLANGENAN,KABUPATEN CIREBON,unresolved_do_not_guess,review_required,,45156;45157;45656,,yes,No automatic selection: Kodepos.dev does not corroborate exactly one local source.
POSTAL-3209232002,32.09.23.2002,KLANGENAN,KLANGENAN,KABUPATEN CIREBON,unresolved_do_not_guess,review_required,,45156;45157;45656,,yes,No automatic selection: Kodepos.dev does not corroborate exactly one local source.
POSTAL-3209232003,32.09.23.2003,DANAWINANGUN,KLANGENAN,KABUPATEN CIREBON,unresolved_do_not_guess,review_required,,45156;45157;45656,,yes,No automatic selection: Kodepos.dev does not corroborate exactly one local source.
POSTAL-3209232007,32.09.23.2007,PAKANTINGAN,KLANGENAN,KABUPATEN CIREBON,unresolved_do_not_guess,review_required,,45156;45157;45656,,yes,No automatic selection: Kodepos.dev does not corroborate exactly one local source.
POSTAL-3209232008,32.09.23.2008,JEMARAS KIDUL,KLANGENAN,KABUPATEN CIREBON,unresolved_do_not_guess,review_required,,45156;45157;45656,,yes,No automatic selection: Kodepos.dev does not corroborate exactly one local source.
POSTAL-3209232009,32.09.23.2009,JEMARAS LOR,KLANGENAN,KABUPATEN CIREBON,unresolved_do_not_guess,review_required,,45156;45157;45656,,yes,No automatic selection: Kodepos.dev does not corroborate exactly one local source.
POSTAL-3209232010,32.09.23.2010,SLANGIT,KLANGENAN,KABUPATEN CIREBON,unresolved_do_not_guess,review_required,,45156;45157;45656,,yes,No automatic selection: Kodepos.dev does not corroborate exactly one local source.
POSTAL-3209232011,32.09.23.2011,KREYO,KLANGENAN,KABUPATEN CIREBON,unresolved_do_not_guess,review_required,,45156;45157;45656,,yes,No automatic selection: Kodepos.dev does not corroborate exactly one local source.
POSTAL-3209232012,32.09.23.2012,BANGODUA,KLANGENAN,KABUPATEN CIREBON,unresolved_do_not_guess,review_required,,45156;45157;45656,,yes,No automatic selection: Kodepos.dev does not corroborate exactly one local source.
POSTAL-3209242001,32.09.24.2001,SENDE,ARJAWINANGUN,KABUPATEN CIREBON,candidate_review_only,corroborated_candidate,45162,45162;45662,,yes,Kodepos.dev corroborates Open Data Jabar; candidate is not accepted as final.
POSTAL-3209242002,32.09.24.2002,JUNGJANG WETAN,ARJAWINANGUN,KABUPATEN CIREBON,candidate_review_only,corroborated_candidate,45162,45162;45662,,yes,Kodepos.dev corroborates Open Data Jabar; candidate is not accepted as final.
POSTAL-3209242003,32.09.24.2003,JUNGJANG,ARJAWINANGUN,KABUPATEN CIREBON,candidate_review_only,corroborated_candidate,45162,45162;45662,,yes,Kodepos.dev corroborates Open Data Jabar; candidate is not accepted as final.
POSTAL-3209242004,32.09.24.2004,ARJAWINANGUN,ARJAWINANGUN,KABUPATEN CIREBON,candidate_review_only,corroborated_candidate,45162,45162;45662,,yes,Kodepos.dev corroborates Open Data Jabar; candidate is not accepted as final.
POSTAL-3209242005,32.09.24.2005,TEGALGUBUG,ARJAWINANGUN,KABUPATEN CIREBON,candidate_review_only,corroborated_candidate,45162,45162;45662,,yes,Kodepos.dev corroborates Open Data Jabar; candidate is not accepted as final.
POSTAL-3209242006,32.09.24.2006,TEGAL GUBUG LOR,ARJAWINANGUN,KABUPATEN CIREBON,candidate_review_only,corroborated_candidate,45162,45162;45662,,yes,Kodepos.dev corroborates Open Data Jabar; candidate is not accepted as final.
POSTAL-3209242007,32.09.24.2007,RAWAGATEL,ARJAWINANGUN,KABUPATEN CIREBON,candidate_review_only,corroborated_candidate,45162,45162;45662,,yes,Kodepos.dev corroborates Open Data Jabar; candidate is not accepted as final.
POSTAL-3209242008,32.09.24.2008,KARANGSAMBUNG,ARJAWINANGUN,KABUPATEN CIREBON,candidate_review_only,corroborated_candidate,45162,45162;45662,,yes,Kodepos.dev corroborates Open Data Jabar; candidate is not accepted as final.
POSTAL-3209242009,32.09.24.2009,BULAK,ARJAWINANGUN,KABUPATEN CIREBON,candidate_review_only,corroborated_candidate,45162,45162;45662,,yes,Kodepos.dev corroborates Open Data Jabar; candidate is not accepted as final.
POSTAL-3209242010,32.09.24.2010,GEYONGAN,ARJAWINANGUN,KABUPATEN CIREBON,candidate_review_only,corroborated_candidate,45162,45162;45662,,yes,Kodepos.dev corroborates Open Data Jabar; candidate is not accepted as final.
POSTAL-3209242011,32.09.24.2011,KEBONTURI,ARJAWINANGUN,KABUPATEN CIREBON,candidate_review_only,corroborated_candidate,45162,45162;45662,,yes,Kodepos.dev corroborates Open Data Jabar; candidate is not accepted as final.
POSTAL-3209252001,32.09.25.2001,KALIANYAR,PANGURAGAN,KABUPATEN CIREBON,candidate_review_only,corroborated_candidate,45163,45163;45663,,yes,Kodepos.dev corroborates Open Data Jabar; candidate is not accepted as final.
POSTAL-3209252002,32.09.25.2002,PANGURANGAN KULON,PANGURAGAN,KABUPATEN CIREBON,candidate_review_only,corroborated_candidate,45163,45163;45663,,yes,Kodepos.dev corroborates Open Data Jabar; candidate is not accepted as final.
POSTAL-3209252003,32.09.25.2003,PANGURANGAN WETAN,PANGURAGAN,KABUPATEN CIREBON,candidate_review_only,corroborated_candidate,45163,45163;45663,,yes,Kodepos.dev corroborates Open Data Jabar; candidate is not accepted as final.
POSTAL-3209252004,32.09.25.2004,PANGURANGAN LOR,PANGURAGAN,KABUPATEN CIREBON,candidate_review_only,corroborated_candidate,45163,45163;45663,,yes,Kodepos.dev corroborates Open Data Jabar; candidate is not accepted as final.
POSTAL-3209252005,32.09.25.2005,PANGURANGAN,PANGURAGAN,KABUPATEN CIREBON,candidate_review_only,corroborated_candidate,45163,45163;45663,,yes,Kodepos.dev corroborates Open Data Jabar; candidate is not accepted as final.
POSTAL-3209252006,32.09.25.2006,GUJEG,PANGURAGAN,KABUPATEN CIREBON,candidate_review_only,corroborated_candidate,45163,45163;45663,,yes,Kodepos.dev corroborates Open Data Jabar; candidate is not accepted as final.
POSTAL-3209252007,32.09.25.2007,LEMAHTAMBA,PANGURAGAN,KABUPATEN CIREBON,candidate_review_only,corroborated_candidate,45163,45163;45663,,yes,Kodepos.dev corroborates Open Data Jabar; candidate is not accepted as final.
POSTAL-3209252008,32.09.25.2008,KARANGANYAR,PANGURAGAN,KABUPATEN CIREBON,candidate_review_only,corroborated_candidate,45163,45163;45663,,yes,Kodepos.dev corroborates Open Data Jabar; candidate is not accepted as final.
POSTAL-3209252009,32.09.25.2009,KROYA,PANGURAGAN,KABUPATEN CIREBON,candidate_review_only,corroborated_candidate,45163,45163;45663,,yes,Kodepos.dev corroborates Open Data Jabar; candidate is not accepted as final.
POSTAL-3209262004,32.09.26.2004,BUDUR,CIWARINGIN,KABUPATEN CIREBON,candidate_review_only,corroborated_candidate,45167,45167;45667,,yes,Kodepos.dev corroborates Open Data Jabar; candidate is not accepted as final.
POSTAL-3209262005,32.09.26.2005,BABAKAN,CIWARINGIN,KABUPATEN CIREBON,candidate_review_only,corroborated_candidate,45167,45167;45667,,yes,Kodepos.dev corroborates Open Data Jabar; candidate is not accepted as final.
POSTAL-3209262006,32.09.26.2006,CIWARINGIN,CIWARINGIN,KABUPATEN CIREBON,candidate_review_only,corroborated_candidate,45167,45167;45667,,yes,Kodepos.dev corroborates Open Data Jabar; candidate is not accepted as final.
POSTAL-3209262007,32.09.26.2007,GINTUNGRANJENG,CIWARINGIN,KABUPATEN CIREBON,candidate_review_only,corroborated_candidate,45167,45167;45667,,yes,Kodepos.dev corroborates Open Data Jabar; candidate is not accepted as final.
POSTAL-3209262008,32.09.26.2008,GINTUNG KIDUL,CIWARINGIN,KABUPATEN CIREBON,candidate_review_only,corroborated_candidate,45167,45167;45667,,yes,Kodepos.dev corroborates Open Data Jabar; candidate is not accepted as final.
POSTAL-3209262009,32.09.26.2009,GINTUNG TENGAH,CIWARINGIN,KABUPATEN CIREBON,candidate_review_only,corroborated_candidate,45167,45167;45667,,yes,Kodepos.dev corroborates Open Data Jabar; candidate is not accepted as final.
POSTAL-3209262010,32.09.26.2010,BRINGIN,CIWARINGIN,KABUPATEN CIREBON,candidate_review_only,corroborated_candidate,45167,45167;45667,,yes,Kodepos.dev corroborates Open Data Jabar; candidate is not accepted as final.
POSTAL-3209262011,32.09.26.2011,GALAGAMBA,CIWARINGIN,KABUPATEN CIREBON,candidate_review_only,corroborated_candidate,45167,45167;45667,,yes,Kodepos.dev corroborates Open Data Jabar; candidate is not accepted as final.
POSTAL-3209272001,32.09.27.2001,TANGKIL,SUSUKAN,KABUPATEN CIREBON,candidate_review_only,corroborated_candidate,45166,45166;45666,,yes,Kodepos.dev corroborates Open Data Jabar; candidate is not accepted as final.
POSTAL-3209272002,32.09.27.2002,WIYONG,SUSUKAN,KABUPATEN CIREBON,candidate_review_only,corroborated_candidate,45166,45166;45666,,yes,Kodepos.dev corroborates Open Data Jabar; candidate is not accepted as final.
POSTAL-3209272003,32.09.27.2003,KEDONGDONG,SUSUKAN,KABUPATEN CIREBON,candidate_review_only,corroborated_candidate,45166,45166;45666,,yes,Kodepos.dev corroborates Open Data Jabar; candidate is not accepted as final.
POSTAL-3209272004,32.09.27.2004,GINTUNG LOR,SUSUKAN,KABUPATEN CIREBON,candidate_review_only,corroborated_candidate,45166,45166;45666,,yes,Kodepos.dev corroborates Open Data Jabar; candidate is not accepted as final.
POSTAL-3209272005,32.09.27.2005,BOJONG KULON,SUSUKAN,KABUPATEN CIREBON,candidate_review_only,corroborated_candidate,45166,45166;45666,,yes,Kodepos.dev corroborates Open Data Jabar; candidate is not accepted as final.
POSTAL-3209272006,32.09.27.2006,KEJIWAN,SUSUKAN,KABUPATEN CIREBON,candidate_review_only,corroborated_candidate,45166,45166;45666,,yes,Kodepos.dev corroborates Open Data Jabar; candidate is not accepted as final.
POSTAL-3209272007,32.09.27.2007,SUSUKAN,SUSUKAN,KABUPATEN CIREBON,candidate_review_only,corroborated_candidate,45166,45166;45666,,yes,Kodepos.dev corroborates Open Data Jabar; candidate is not accepted as final.
POSTAL-3209272008,32.09.27.2008,LUWUNG KENCANA,SUSUKAN,KABUPATEN CIREBON,candidate_review_only,corroborated_candidate,45166,45166;45666,,yes,Kodepos.dev corroborates Open Data Jabar; candidate is not accepted as final.
POSTAL-3209272009,32.09.27.2009,BUNDER,SUSUKAN,KABUPATEN CIREBON,candidate_review_only,corroborated_candidate,45166,45166;45666,,yes,Kodepos.dev corroborates Open Data Jabar; candidate is not accepted as final.
POSTAL-3209272010,32.09.27.2010,JATIPURA,SUSUKAN,KABUPATEN CIREBON,candidate_review_only,corroborated_candidate,45166,45166;45666,,yes,Kodepos.dev corroborates Open Data Jabar; candidate is not accepted as final.
POSTAL-3209272011,32.09.27.2011,UJUNGGEBANG,SUSUKAN,KABUPATEN CIREBON,candidate_review_only,corroborated_candidate,45166,45166;45666,,yes,Kodepos.dev corroborates Open Data Jabar; candidate is not accepted as final.
POSTAL-3209272012,32.09.27.2012,JATIANOM,SUSUKAN,KABUPATEN CIREBON,candidate_review_only,corroborated_candidate,45166,45166;45666,,yes,Kodepos.dev corroborates Open Data Jabar; candidate is not accepted as final.
POSTAL-3209282001,32.09.28.2001,KEDUNGDALEM,GEGESIK,KABUPATEN CIREBON,candidate_review_only,corroborated_candidate,45164,45164;45664,,yes,Kodepos.dev corroborates Open Data Jabar; candidate is not accepted as final.
POSTAL-3209282002,32.09.28.2002,PANUNGGUL,GEGESIK,KABUPATEN CIREBON,candidate_review_only,corroborated_candidate,45164,45164;45664,,yes,Kodepos.dev corroborates Open Data Jabar; candidate is not accepted as final.
POSTAL-3209282003,32.09.28.2003,GEGESIK WETAN,GEGESIK,KABUPATEN CIREBON,candidate_review_only,corroborated_candidate,45164,45164;45664,,yes,Kodepos.dev corroborates Open Data Jabar; candidate is not accepted as final.
POSTAL-3209282004,32.09.28.2004,GEGESIK KIDUL,GEGESIK,KABUPATEN CIREBON,candidate_review_only,corroborated_candidate,45164,45164;45664,,yes,Kodepos.dev corroborates Open Data Jabar; candidate is not accepted as final.
POSTAL-3209282005,32.09.28.2005,GEGESIK LOR,GEGESIK,KABUPATEN CIREBON,candidate_review_only,corroborated_candidate,45164,45164;45664,,yes,Kodepos.dev corroborates Open Data Jabar; candidate is not accepted as final.
POSTAL-3209282006,32.09.28.2006,GEGESIK KULON,GEGESIK,KABUPATEN CIREBON,candidate_review_only,corroborated_candidate,45164,45164;45664,,yes,Kodepos.dev corroborates Open Data Jabar; candidate is not accepted as final.
POSTAL-3209282007,32.09.28.2007,SLENDRA,GEGESIK,KABUPATEN CIREBON,candidate_review_only,corroborated_candidate,45164,45164;45664,,yes,Kodepos.dev corroborates Open Data Jabar; candidate is not accepted as final.
POSTAL-3209282008,32.09.28.2008,JAGAPURA KIDUL,GEGESIK,KABUPATEN CIREBON,candidate_review_only,corroborated_candidate,45164,45164;45664,,yes,Kodepos.dev corroborates Open Data Jabar; candidate is not accepted as final.
POSTAL-3209282009,32.09.28.2009,JAGAPURA WETAN,GEGESIK,KABUPATEN CIREBON,candidate_review_only,corroborated_candidate,45164,45164;45664,,yes,Kodepos.dev corroborates Open Data Jabar; candidate is not accepted as final.
POSTAL-3209282010,32.09.28.2010,JAGAPURA KULON,GEGESIK,KABUPATEN CIREBON,candidate_review_only,corroborated_candidate,45164,45164;45664,,yes,Kodepos.dev corroborates Open Data Jabar; candidate is not accepted as final.
POSTAL-3209282011,32.09.28.2011,JAGAPURA LOR,GEGESIK,KABUPATEN CIREBON,candidate_review_only,corroborated_candidate,45164,45164;45664,,yes,Kodepos.dev corroborates Open Data Jabar; candidate is not accepted as final.
POSTAL-3209282012,32.09.28.2012,SIBUBUT,GEGESIK,KABUPATEN CIREBON,candidate_review_only,corroborated_candidate,45164,45164;45664,,yes,Kodepos.dev corroborates Open Data Jabar; candidate is not accepted as final.
POSTAL-3209282013,32.09.28.2013,BAYALANGU LOR,GEGESIK,KABUPATEN CIREBON,candidate_review_only,corroborated_candidate,45164,45164;45664,,yes,Kodepos.dev corroborates Open Data Jabar; candidate is not accepted as final.
POSTAL-3209282014,32.09.28.2014,BAYALANGU KIDUL,GEGESIK,KABUPATEN CIREBON,candidate_review_only,corroborated_candidate,45164,45164;45664,,yes,Kodepos.dev corroborates Open Data Jabar; candidate is not accepted as final.
POSTAL-3209292001,32.09.29.2001,KALIDERES,KALIWEDI,KABUPATEN CIREBON,candidate_review_only,corroborated_candidate,45165,45165;45665,,yes,Kodepos.dev corroborates Open Data Jabar; candidate is not accepted as final.
POSTAL-3209292002,32.09.29.2002,PRAJAWINANGUN KULON,KALIWEDI,KABUPATEN CIREBON,candidate_review_only,corroborated_candidate,45165,45165;45665,,yes,Kodepos.dev corroborates Open Data Jabar; candidate is not accepted as final.
POSTAL-3209292003,32.09.29.2003,PRAJAWINANGUN WETAN,KALIWEDI,KABUPATEN CIREBON,candidate_review_only,corroborated_candidate,45165,45165;45665,,yes,Kodepos.dev corroborates Open Data Jabar; candidate is not accepted as final.
POSTAL-3209292004,32.09.29.2004,UJUNGSEMI,KALIWEDI,KABUPATEN CIREBON,candidate_review_only,corroborated_candidate,45165,45165;45665,,yes,Kodepos.dev corroborates Open Data Jabar; candidate is not accepted as final.
POSTAL-3209292005,32.09.29.2005,WARGABINANGUN,KALIWEDI,KABUPATEN CIREBON,candidate_review_only,corroborated_candidate,45165,45165;45665,,yes,Kodepos.dev corroborates Open Data Jabar; candidate is not accepted as final.
POSTAL-3209292006,32.09.29.2006,KALIWEDI LOR,KALIWEDI,KABUPATEN CIREBON,candidate_review_only,corroborated_candidate,45165,45165;45665,,yes,Kodepos.dev corroborates Open Data Jabar; candidate is not accepted as final.
POSTAL-3209292007,32.09.29.2007,KALIWEDI KIDUL,KALIWEDI,KABUPATEN CIREBON,candidate_review_only,corroborated_candidate,45165,45165;45665,,yes,Kodepos.dev corroborates Open Data Jabar; candidate is not accepted as final.
POSTAL-3209292008,32.09.29.2008,GUWA KIDUL,KALIWEDI,KABUPATEN CIREBON,candidate_review_only,corroborated_candidate,45165,45165;45665,,yes,Kodepos.dev corroborates Open Data Jabar; candidate is not accepted as final.
POSTAL-3209292009,32.09.29.2009,GUWA LOR,KALIWEDI,KABUPATEN CIREBON,candidate_review_only,corroborated_candidate,45165,45165;45665,,yes,Kodepos.dev corroborates Open Data Jabar; candidate is not accepted as final.
POSTAL-3209302001,32.09.30.2001,DOMPYONG KULON,GEBANG,KABUPATEN CIREBON,unresolved_do_not_guess,review_required,,45190;45191;45694,,yes,No automatic selection: Kodepos.dev does not corroborate exactly one local source.
POSTAL-3209302002,32.09.30.2002,DOMPYONG WETAN,GEBANG,KABUPATEN CIREBON,unresolved_do_not_guess,review_required,,45190;45191;45694,,yes,No automatic selection: Kodepos.dev does not corroborate exactly one local source.
POSTAL-3209302003,32.09.30.2003,KALIMEKAR,GEBANG,KABUPATEN CIREBON,unresolved_do_not_guess,review_required,,45190;45191;45694,,yes,No automatic selection: Kodepos.dev does not corroborate exactly one local source.
POSTAL-3209302004,32.09.30.2004,KALIMORO,GEBANG,KABUPATEN CIREBON,unresolved_do_not_guess,review_required,,45190;45191;45694,,yes,No automatic selection: Kodepos.dev does not corroborate exactly one local source.
POSTAL-3209302005,32.09.30.2005,GAGASARI,GEBANG,KABUPATEN CIREBON,unresolved_do_not_guess,review_required,,45190;45191;45694,,yes,No automatic selection: Kodepos.dev does not corroborate exactly one local source.
POSTAL-3209302006,32.09.30.2006,KALIPASUNG,GEBANG,KABUPATEN CIREBON,unresolved_do_not_guess,review_required,,45190;45191;45694,,yes,No automatic selection: Kodepos.dev does not corroborate exactly one local source.
POSTAL-3209302007,32.09.30.2007,GEBANG KULON,GEBANG,KABUPATEN CIREBON,unresolved_do_not_guess,review_required,,45190;45191;45694,,yes,No automatic selection: Kodepos.dev does not corroborate exactly one local source.
POSTAL-3209302008,32.09.30.2008,GEBANG,GEBANG,KABUPATEN CIREBON,unresolved_do_not_guess,review_required,,45190;45191;45694,,yes,No automatic selection: Kodepos.dev does not corroborate exactly one local source.
POSTAL-3209302009,32.09.30.2009,GEBANG ILIR,GEBANG,KABUPATEN CIREBON,unresolved_do_not_guess,review_required,,45190;45694,,yes,No automatic selection: Kodepos.dev does not corroborate exactly one local source.
POSTAL-3209302010,32.09.30.2010,GEBANG UDIK,GEBANG,KABUPATEN CIREBON,unresolved_do_not_guess,review_required,,45190;45694,,yes,No automatic selection: Kodepos.dev does not corroborate exactly one local source.
POSTAL-3209302011,32.09.30.2011,GEBANG MEKAR,GEBANG,KABUPATEN CIREBON,unresolved_do_not_guess,review_required,,45190;45694,,yes,No automatic selection: Kodepos.dev does not corroborate exactly one local source.
POSTAL-3209302012,32.09.30.2012,PELAYANGAN,GEBANG,KABUPATEN CIREBON,unresolved_do_not_guess,review_required,,45190;45694,,yes,No automatic selection: Kodepos.dev does not corroborate exactly one local source.
POSTAL-3209302013,32.09.30.2013,MELAKASARI,GEBANG,KABUPATEN CIREBON,unresolved_do_not_guess,review_required,,45190;45191;45694,,yes,No automatic selection: Kodepos.dev does not corroborate exactly one local source.
POSTAL-3209312001,32.09.31.2001,CIKEDUK,DEPOK,KABUPATEN CIREBON,candidate_review_only,corroborated_candidate,45155,45155;45641,,yes,Kodepos.dev corroborates Open Data Jabar; candidate is not accepted as final.
POSTAL-3209312002,32.09.31.2002,WARUJAYA,DEPOK,KABUPATEN CIREBON,candidate_review_only,corroborated_candidate,45155,45155;45641,,yes,Kodepos.dev corroborates Open Data Jabar; candidate is not accepted as final.
POSTAL-3209312003,32.09.31.2003,WARUKAWUNG,DEPOK,KABUPATEN CIREBON,candidate_review_only,corroborated_candidate,45155,45155;45641,,yes,Kodepos.dev corroborates Open Data Jabar; candidate is not accepted as final.
POSTAL-3209312004,32.09.31.2004,WARUGEDE,DEPOK,KABUPATEN CIREBON,candidate_review_only,corroborated_candidate,45155,45155;45641,,yes,Kodepos.dev corroborates Open Data Jabar; candidate is not accepted as final.
POSTAL-3209312005,32.09.31.2005,WARUROYOM,DEPOK,KABUPATEN CIREBON,candidate_review_only,corroborated_candidate,45155,45155;45641,,yes,Kodepos.dev corroborates Open Data Jabar; candidate is not accepted as final.
POSTAL-3209312006,32.09.31.2006,DEPOK,DEPOK,KABUPATEN CIREBON,candidate_review_only,corroborated_candidate,45155,45155;45641,,yes,Kodepos.dev corroborates Open Data Jabar; candidate is not accepted as final.
POSTAL-3209312007,32.09.31.2007,KASUGENGAN KIDUL,DEPOK,KABUPATEN CIREBON,candidate_review_only,corroborated_candidate,45155,45155;45641,,yes,Kodepos.dev corroborates Open Data Jabar; candidate is not accepted as final.
POSTAL-3209312008,32.09.31.2008,KASUGENGAN LOR,DEPOK,KABUPATEN CIREBON,candidate_review_only,corroborated_candidate,45155,45155;45641,,yes,Kodepos.dev corroborates Open Data Jabar; candidate is not accepted as final.
POSTAL-3209312009,32.09.31.2009,KEDUANAN,DEPOK,KABUPATEN CIREBON,candidate_review_only,corroborated_candidate,45155,45155;45641,,yes,Kodepos.dev corroborates Open Data Jabar; candidate is not accepted as final.
POSTAL-3209312010,32.09.31.2010,KEJUDEN,DEPOK,KABUPATEN CIREBON,candidate_review_only,corroborated_candidate,45155,45155;45641,,yes,Kodepos.dev corroborates Open Data Jabar; candidate is not accepted as final.
POSTAL-3209312011,32.09.31.2011,GETASAN,DEPOK,KABUPATEN CIREBON,candidate_review_only,corroborated_candidate,45155,45155;45641,,yes,Kodepos.dev corroborates Open Data Jabar; candidate is not accepted as final.
POSTAL-3209312012,32.09.31.2012,KARANGWANGI,DEPOK,KABUPATEN CIREBON,candidate_review_only,corroborated_candidate,45155,45155;45641,,yes,Kodepos.dev corroborates Open Data Jabar; candidate is not accepted as final.
POSTAL-3209322001,32.09.32.2001,TONJONG,PASALEMAN,KABUPATEN CIREBON,candidate_review_only,corroborated_candidate,45187,45187;45697,,yes,Kodepos.dev corroborates Open Data Jabar; candidate is not accepted as final.
POSTAL-3209322002,32.09.32.2002,TANJUNGANOM,PASALEMAN,KABUPATEN CIREBON,candidate_review_only,corroborated_candidate,45187,45187;45697,,yes,Kodepos.dev corroborates Open Data Jabar; candidate is not accepted as final.
POSTAL-3209322003,32.09.32.2003,CILENGKRANG GIRANG,PASALEMAN,KABUPATEN CIREBON,candidate_review_only,corroborated_candidate,45187,45187;45697,,yes,Kodepos.dev corroborates Open Data Jabar; candidate is not accepted as final.
POSTAL-3209322004,32.09.32.2004,CILENGKRANG,PASALEMAN,KABUPATEN CIREBON,candidate_review_only,corroborated_candidate,45187,45187;45697,,yes,Kodepos.dev corroborates Open Data Jabar; candidate is not accepted as final.
POSTAL-3209322005,32.09.32.2005,PASALEMAN,PASALEMAN,KABUPATEN CIREBON,candidate_review_only,corroborated_candidate,45187,45187;45697,,yes,Kodepos.dev corroborates Open Data Jabar; candidate is not accepted as final.
POSTAL-3209322006,32.09.32.2006,CIGOBANG WANGI,PASALEMAN,KABUPATEN CIREBON,unresolved_do_not_guess,review_required,,45187;45697,,yes,No automatic selection: Kodepos.dev does not corroborate exactly one local source.
POSTAL-3209322007,32.09.32.2007,CIGOBANG,PASALEMAN,KABUPATEN CIREBON,candidate_review_only,corroborated_candidate,45187,45187;45697,,yes,Kodepos.dev corroborates Open Data Jabar; candidate is not accepted as final.
POSTAL-3209332001,32.09.33.2001,SUKADANA,PABUARAN,KABUPATEN CIREBON,unresolved_do_not_guess,review_required,,45188;45194;45696,,yes,No automatic selection: Kodepos.dev does not corroborate exactly one local source.
POSTAL-3209332002,32.09.33.2002,PABUARAN KIDUL,PABUARAN,KABUPATEN CIREBON,unresolved_do_not_guess,review_required,,45188;45194;45696,,yes,No automatic selection: Kodepos.dev does not corroborate exactly one local source.
POSTAL-3209332003,32.09.33.2003,PABUARAN WETAN,PABUARAN,KABUPATEN CIREBON,unresolved_do_not_guess,review_required,,45188;45194;45696,,yes,No automatic selection: Kodepos.dev does not corroborate exactly one local source.
POSTAL-3209332004,32.09.33.2004,PABUARAN LOR,PABUARAN,KABUPATEN CIREBON,unresolved_do_not_guess,review_required,,45188;45194;45696,,yes,No automatic selection: Kodepos.dev does not corroborate exactly one local source.
POSTAL-3209332005,32.09.33.2005,JATIRENGGANG,PABUARAN,KABUPATEN CIREBON,unresolved_do_not_guess,review_required,,45188;45194;45696,,yes,No automatic selection: Kodepos.dev does not corroborate exactly one local source.
POSTAL-3209332006,32.09.33.2006,HULUBANTENG,PABUARAN,KABUPATEN CIREBON,unresolved_do_not_guess,review_required,,45188;45194;45696,,yes,No automatic selection: Kodepos.dev does not corroborate exactly one local source.
POSTAL-3209332007,32.09.33.2007,HULUBANTENG LOR,PABUARAN,KABUPATEN CIREBON,unresolved_do_not_guess,review_required,,45188;45194;45696,,yes,No automatic selection: Kodepos.dev does not corroborate exactly one local source.
POSTAL-3209342001,32.09.34.2001,SEUSEUPAN,KARANGWARENG,KABUPATEN CIREBON,unresolved_do_not_guess,review_required,,45184;45186;45695,,yes,No automatic selection: Kodepos.dev does not corroborate exactly one local source.
POSTAL-3209342002,32.09.34.2002,BLENDER,KARANGWARENG,KABUPATEN CIREBON,unresolved_do_not_guess,review_required,,45184;45186;45695,,yes,No automatic selection: Kodepos.dev does not corroborate exactly one local source.
POSTAL-3209342003,32.09.34.2003,SUMURKONDANG,KARANGWARENG,KABUPATEN CIREBON,unresolved_do_not_guess,review_required,,45184;45186;45695,,yes,No automatic selection: Kodepos.dev does not corroborate exactly one local source.
POSTAL-3209342004,32.09.34.2004,KUBANGDELEG,KARANGWARENG,KABUPATEN CIREBON,unresolved_do_not_guess,review_required,,45184;45186;45695,,yes,No automatic selection: Kodepos.dev does not corroborate exactly one local source.
POSTAL-3209342005,32.09.34.2005,JATIPIRING,KARANGWARENG,KABUPATEN CIREBON,unresolved_do_not_guess,review_required,,45184;45186;45695,,yes,No automatic selection: Kodepos.dev does not corroborate exactly one local source.
POSTAL-3209342006,32.09.34.2006,KARANGANYAR,KARANGWARENG,KABUPATEN CIREBON,unresolved_do_not_guess,review_required,,45184;45186;45695,,yes,No automatic selection: Kodepos.dev does not corroborate exactly one local source.
POSTAL-3209342007,32.09.34.2007,KARANGWANGI,KARANGWARENG,KABUPATEN CIREBON,unresolved_do_not_guess,review_required,,45184;45186;45695,,yes,No automatic selection: Kodepos.dev does not corroborate exactly one local source.
POSTAL-3209342008,32.09.34.2008,KARANGWARENG,KARANGWARENG,KABUPATEN CIREBON,unresolved_do_not_guess,review_required,,45184;45186;45695,,yes,No automatic selection: Kodepos.dev does not corroborate exactly one local source.
POSTAL-3209342009,32.09.34.2009,KARANGASEM,KARANGWARENG,KABUPATEN CIREBON,unresolved_do_not_guess,review_required,,45184;45186;45695,,yes,No automatic selection: Kodepos.dev does not corroborate exactly one local source.
POSTAL-3209352001,32.09.35.2001,PALIR,TENGAH TANI,KABUPATEN CIREBON,unresolved_do_not_guess,review_required,,45153;45168;45642,,yes,No automatic selection: Kodepos.dev does not corroborate exactly one local source.
POSTAL-3209352002,32.09.35.2002,ASTAPADA,TENGAH TANI,KABUPATEN CIREBON,unresolved_do_not_guess,review_required,,45153;45168;45642,,yes,No automatic selection: Kodepos.dev does not corroborate exactly one local source.
POSTAL-3209352003,32.09.35.2003,GESIK,TENGAH TANI,KABUPATEN CIREBON,unresolved_do_not_guess,review_required,,45153;45168;45642,,yes,No automatic selection: Kodepos.dev does not corroborate exactly one local source.
POSTAL-3209352004,32.09.35.2004,KEMLAKAGEDE,TENGAH TANI,KABUPATEN CIREBON,unresolved_do_not_guess,review_required,,45153;45168;45642,,yes,No automatic selection: Kodepos.dev does not corroborate exactly one local source.
POSTAL-3209352005,32.09.35.2005,DAWUAN,TENGAH TANI,KABUPATEN CIREBON,unresolved_do_not_guess,review_required,,45153;45168;45642,,yes,No automatic selection: Kodepos.dev does not corroborate exactly one local source.
POSTAL-3209352006,32.09.35.2006,BATTEMBAT,TENGAH TANI,KABUPATEN CIREBON,unresolved_do_not_guess,review_required,,45168;45642,,yes,No automatic selection: Kodepos.dev does not corroborate exactly one local source.
POSTAL-3209352007,32.09.35.2007,KALIBARU,TENGAH TANI,KABUPATEN CIREBON,unresolved_do_not_guess,review_required,,45153;45168;45642,,yes,No automatic selection: Kodepos.dev does not corroborate exactly one local source.
POSTAL-3209352008,32.09.35.2008,KALITENGAH,TENGAH TANI,KABUPATEN CIREBON,unresolved_do_not_guess,review_required,,45153;45168;45642,,yes,No automatic selection: Kodepos.dev does not corroborate exactly one local source.
POSTAL-3209362001,32.09.36.2001,TEGALSARI,PLERED,KABUPATEN CIREBON,candidate_review_only,corroborated_candidate,45154,45154;45654,,yes,Kodepos.dev corroborates Open Data Jabar; candidate is not accepted as final.
POSTAL-3209362002,32.09.36.2002,KALIWULU,PLERED,KABUPATEN CIREBON,candidate_review_only,corroborated_candidate,45154,45154;45654,,yes,Kodepos.dev corroborates Open Data Jabar; candidate is not accepted as final.
POSTAL-3209362003,32.09.36.2003,PANEMBAHAN,PLERED,KABUPATEN CIREBON,candidate_review_only,corroborated_candidate,45154,45154;45654,,yes,Kodepos.dev corroborates Open Data Jabar; candidate is not accepted as final.
POSTAL-3209362004,32.09.36.2004,TRUSMI WETAN,PLERED,KABUPATEN CIREBON,candidate_review_only,corroborated_candidate,45154,45154;45654,,yes,Kodepos.dev corroborates Open Data Jabar; candidate is not accepted as final.
POSTAL-3209362005,32.09.36.2005,TRUSMI KULON,PLERED,KABUPATEN CIREBON,candidate_review_only,corroborated_candidate,45154,45154;45654,,yes,Kodepos.dev corroborates Open Data Jabar; candidate is not accepted as final.
POSTAL-3209362006,32.09.36.2006,WOTGALI,PLERED,KABUPATEN CIREBON,candidate_review_only,corroborated_candidate,45154,45154;45654,,yes,Kodepos.dev corroborates Open Data Jabar; candidate is not accepted as final.
POSTAL-3209362010,32.09.36.2010,PANGKALAN,PLERED,KABUPATEN CIREBON,candidate_review_only,corroborated_candidate,45154,45154;45654,,yes,Kodepos.dev corroborates Open Data Jabar; candidate is not accepted as final.
POSTAL-3209372001,32.09.37.2001,CIKEUSAL,GEMPOL,KABUPATEN CIREBON,candidate_review_only,corroborated_candidate,45161,45161;45668,,yes,Kodepos.dev corroborates Open Data Jabar; candidate is not accepted as final.
POSTAL-3209372002,32.09.37.2002,PALIMANAN BARAT,GEMPOL,KABUPATEN CIREBON,candidate_review_only,corroborated_candidate,45161,45161;45668,,yes,Kodepos.dev corroborates Open Data Jabar; candidate is not accepted as final.
POSTAL-3209372003,32.09.37.2003,KEDUNGBUNDER,GEMPOL,KABUPATEN CIREBON,candidate_review_only,corroborated_candidate,45161,45161;45668,,yes,Kodepos.dev corroborates Open Data Jabar; candidate is not accepted as final.
POSTAL-3209372004,32.09.37.2004,CUPANG,GEMPOL,KABUPATEN CIREBON,candidate_review_only,corroborated_candidate,45161,45161;45668,,yes,Kodepos.dev corroborates Open Data Jabar; candidate is not accepted as final.
POSTAL-3209372005,32.09.37.2005,GEMPOL,GEMPOL,KABUPATEN CIREBON,candidate_review_only,corroborated_candidate,45161,45161;45668,,yes,Kodepos.dev corroborates Open Data Jabar; candidate is not accepted as final.
POSTAL-3209372006,32.09.37.2006,WALAHAR,GEMPOL,KABUPATEN CIREBON,candidate_review_only,corroborated_candidate,45161,45161;45668,,yes,Kodepos.dev corroborates Open Data Jabar; candidate is not accepted as final.
POSTAL-3209372007,32.09.37.2007,KEMPEK,GEMPOL,KABUPATEN CIREBON,candidate_review_only,corroborated_candidate,45161,45161;45668,,yes,Kodepos.dev corroborates Open Data Jabar; candidate is not accepted as final.
POSTAL-3209372008,32.09.37.2008,WINONG,GEMPOL,KABUPATEN CIREBON,candidate_review_only,corroborated_candidate,45161,45161;45668,,yes,Kodepos.dev corroborates Open Data Jabar; candidate is not accepted as final.
POSTAL-3209382001,32.09.38.2001,GUMULUNG LEBAK,GREGED,KABUPATEN CIREBON,unresolved_do_not_guess,review_required,,45170;45674,,yes,No automatic selection: Kodepos.dev does not corroborate exactly one local source.
POSTAL-3209382002,32.09.38.2002,LEBAKMEKAR,GREGED,KABUPATEN CIREBON,unresolved_do_not_guess,review_required,,45170;45674,,yes,No automatic selection: Kodepos.dev does not corroborate exactly one local source.
POSTAL-3209382003,32.09.38.2003,GUMULUNG TONGGOH,GREGED,KABUPATEN CIREBON,unresolved_do_not_guess,review_required,,45170;45674,,yes,No automatic selection: Kodepos.dev does not corroborate exactly one local source.
POSTAL-3209382004,32.09.38.2004,KAMARANG,GREGED,KABUPATEN CIREBON,unresolved_do_not_guess,review_required,,45170;45674,,yes,No automatic selection: Kodepos.dev does not corroborate exactly one local source.
POSTAL-3209382005,32.09.38.2005,GREGED,GREGED,KABUPATEN CIREBON,unresolved_do_not_guess,review_required,,45170;45674,,yes,No automatic selection: Kodepos.dev does not corroborate exactly one local source.
POSTAL-3209382006,32.09.38.2006,KAMARANG LEBAK,GREGED,KABUPATEN CIREBON,unresolved_do_not_guess,review_required,,45170;45674,,yes,No automatic selection: Kodepos.dev does not corroborate exactly one local source.
POSTAL-3209382007,32.09.38.2007,DURAJAYA,GREGED,KABUPATEN CIREBON,unresolved_do_not_guess,review_required,,45170;45674,,yes,No automatic selection: Kodepos.dev does not corroborate exactly one local source.
POSTAL-3209382008,32.09.38.2008,JATIPANCUR,GREGED,KABUPATEN CIREBON,unresolved_do_not_guess,review_required,,45170;45674,,yes,No automatic selection: Kodepos.dev does not corroborate exactly one local source.
POSTAL-3209382009,32.09.38.2009,SINDANG KEMPENG,GREGED,KABUPATEN CIREBON,unresolved_do_not_guess,review_required,,45170;45674,,yes,No automatic selection: Kodepos.dev does not corroborate exactly one local source.
POSTAL-3209382010,32.09.38.2010,NANGGELA,GREGED,KABUPATEN CIREBON,unresolved_do_not_guess,review_required,,45170;45674,,yes,No automatic selection: Kodepos.dev does not corroborate exactly one local source.
POSTAL-3209392003,32.09.39.2003,MUARA,SURANENGGALA,KABUPATEN CIREBON,unresolved_do_not_guess,review_required,,45150;45152;45659,,yes,No automatic selection: Kodepos.dev does not corroborate exactly one local source.
POSTAL-3209392004,32.09.39.2004,PURWAWINANGUN,SURANENGGALA,KABUPATEN CIREBON,unresolved_do_not_guess,review_required,,45150;45152;45659,,yes,No automatic selection: Kodepos.dev does not corroborate exactly one local source.
POSTAL-3209392005,32.09.39.2005,KERATON,SURANENGGALA,KABUPATEN CIREBON,unresolved_do_not_guess,review_required,,45150;45152;45659,,yes,No automatic selection: Kodepos.dev does not corroborate exactly one local source.
POSTAL-3209392006,32.09.39.2006,SURAKARTA,SURANENGGALA,KABUPATEN CIREBON,unresolved_do_not_guess,review_required,,45150;45152;45659,,yes,No automatic selection: Kodepos.dev does not corroborate exactly one local source.
POSTAL-3209392007,32.09.39.2007,KARANGREJA,SURANENGGALA,KABUPATEN CIREBON,unresolved_do_not_guess,review_required,,45150;45152;45659,,yes,No automatic selection: Kodepos.dev does not corroborate exactly one local source.
POSTAL-3209392008,32.09.39.2008,SURANENGGALA KIDUL,SURANENGGALA,KABUPATEN CIREBON,unresolved_do_not_guess,review_required,,45150;45152;45659,,yes,No automatic selection: Kodepos.dev does not corroborate exactly one local source.
POSTAL-3209392009,32.09.39.2009,SURANENGGALA KULON,SURANENGGALA,KABUPATEN CIREBON,unresolved_do_not_guess,review_required,,45150;45152;45659,,yes,No automatic selection: Kodepos.dev does not corroborate exactly one local source.
POSTAL-3209392010,32.09.39.2010,SURANENGGALA LOR,SURANENGGALA,KABUPATEN CIREBON,unresolved_do_not_guess,review_required,,45150;45152;45659,,yes,No automatic selection: Kodepos.dev does not corroborate exactly one local source.
POSTAL-3209392011,32.09.39.2011,SURANENGGALA,SURANENGGALA,KABUPATEN CIREBON,unresolved_do_not_guess,review_required,,45150;45152;45659,,yes,No automatic selection: Kodepos.dev does not corroborate exactly one local source.
POSTAL-3209402001,32.09.40.2001,JAMBLANG,JAMBLANG,KABUPATEN CIREBON,candidate_review_only,corroborated_candidate,45156,45156;45657,,yes,Kodepos.dev corroborates Open Data Jabar; candidate is not accepted as final.
POSTAL-3209402002,32.09.40.2002,SITIWINANGUN,JAMBLANG,KABUPATEN CIREBON,candidate_review_only,corroborated_candidate,45156,45156;45657,,yes,Kodepos.dev corroborates Open Data Jabar; candidate is not accepted as final.
POSTAL-3209402003,32.09.40.2003,WANGUNHARJA,JAMBLANG,KABUPATEN CIREBON,candidate_review_only,corroborated_candidate,45156,45156;45657,,yes,Kodepos.dev corroborates Open Data Jabar; candidate is not accepted as final.
POSTAL-3209402004,32.09.40.2004,BOJONG WETAN,JAMBLANG,KABUPATEN CIREBON,candidate_review_only,corroborated_candidate,45156,45156;45657,,yes,Kodepos.dev corroborates Open Data Jabar; candidate is not accepted as final.
POSTAL-3209402005,32.09.40.2005,BOJONG LOR,JAMBLANG,KABUPATEN CIREBON,candidate_review_only,corroborated_candidate,45156,45156;45657,,yes,Kodepos.dev corroborates Open Data Jabar; candidate is not accepted as final.
POSTAL-3209402006,32.09.40.2006,ORIMALANG,JAMBLANG,KABUPATEN CIREBON,candidate_review_only,corroborated_candidate,45156,45156;45657,,yes,Kodepos.dev corroborates Open Data Jabar; candidate is not accepted as final.
POSTAL-3209402007,32.09.40.2007,BAKUNG KIDUL,JAMBLANG,KABUPATEN CIREBON,candidate_review_only,corroborated_candidate,45156,45156;45657,,yes,Kodepos.dev corroborates Open Data Jabar; candidate is not accepted as final.
POSTAL-3209402008,32.09.40.2008,BAKUNG LOR,JAMBLANG,KABUPATEN CIREBON,candidate_review_only,corroborated_candidate,45156,45156;45657,,yes,Kodepos.dev corroborates Open Data Jabar; candidate is not accepted as final.
POSTAL-3210032015,32.10.03.2015,CILANCANG,CIKIJING,KAB. MAJALENGKA,candidate_review_only,corroborated_candidate,45466,45463;45466,,yes,Kodepos.dev corroborates Open Data Jabar; candidate is not accepted as final.
POSTAL-3210062018,32.10.06.2018,NUNUK BARU,MAJA,KAB. MAJALENGKA,candidate_review_only,corroborated_candidate,45461,45412;45461,,yes,Kodepos.dev corroborates Open Data Jabar; candidate is not accepted as final.
POSTAL-3210071004,32.10.07.1004,SINDANGKASIH,MAJALENGKA,KAB. MAJALENGKA,candidate_review_only,corroborated_candidate,45411,45411;45412,,yes,Kodepos.dev corroborates Open Data Jabar; candidate is not accepted as final.
POSTAL-3210072005,32.10.07.2005,KULUR,MAJALENGKA,KAB. MAJALENGKA,candidate_review_only,corroborated_candidate,45411,45411;45412,,yes,Kodepos.dev corroborates Open Data Jabar; candidate is not accepted as final.
POSTAL-3210072006,32.10.07.2006,KAWUNGGIRANG,MAJALENGKA,KAB. MAJALENGKA,candidate_review_only,corroborated_candidate,45411,45411;45412,,yes,Kodepos.dev corroborates Open Data Jabar; candidate is not accepted as final.
POSTAL-3210072012,32.10.07.2012,SIDAMUKTI,MAJALENGKA,KAB. MAJALENGKA,candidate_review_only,corroborated_candidate,45411,45411;45417,,yes,Kodepos.dev corroborates Open Data Jabar; candidate is not accepted as final.
POSTAL-3210072014,32.10.07.2014,CIBODAS,MAJALENGKA,KAB. MAJALENGKA,candidate_review_only,corroborated_candidate,45411,45411;45412,,yes,Kodepos.dev corroborates Open Data Jabar; candidate is not accepted as final.
POSTAL-3210082001,32.10.08.2001,CIOMAS,SUKAHAJI,KAB. MAJALENGKA,unresolved_do_not_guess,review_required,,45470;45471,,yes,No automatic selection: Kodepos.dev does not corroborate exactly one local source.
POSTAL-3210082002,32.10.08.2002,PADAHANTEN,SUKAHAJI,KAB. MAJALENGKA,unresolved_do_not_guess,review_required,,45470;45471,,yes,No automatic selection: Kodepos.dev does not corroborate exactly one local source.
POSTAL-3210082009,32.10.08.2009,SUKAHAJI,SUKAHAJI,KAB. MAJALENGKA,unresolved_do_not_guess,review_required,,45470;45471,,yes,No automatic selection: Kodepos.dev does not corroborate exactly one local source.
POSTAL-3210082010,32.10.08.2010,SALAGEDANG,SUKAHAJI,KAB. MAJALENGKA,unresolved_do_not_guess,review_required,,45470;45471,,yes,No automatic selection: Kodepos.dev does not corroborate exactly one local source.
POSTAL-3210082011,32.10.08.2011,CIKEUSIK,SUKAHAJI,KAB. MAJALENGKA,unresolved_do_not_guess,review_required,,45470;45471,,yes,No automatic selection: Kodepos.dev does not corroborate exactly one local source.
POSTAL-3210082012,32.10.08.2012,JAYI,SUKAHAJI,KAB. MAJALENGKA,unresolved_do_not_guess,review_required,,45470;45471,,yes,No automatic selection: Kodepos.dev does not corroborate exactly one local source.
POSTAL-3210082013,32.10.08.2013,NANGGEWER,SUKAHAJI,KAB. MAJALENGKA,unresolved_do_not_guess,review_required,,45470;45471,,yes,No automatic selection: Kodepos.dev does not corroborate exactly one local source.
POSTAL-3210082014,32.10.08.2014,PALABUAN,SUKAHAJI,KAB. MAJALENGKA,unresolved_do_not_guess,review_required,,45470;45471,,yes,No automatic selection: Kodepos.dev does not corroborate exactly one local source.
POSTAL-3210082015,32.10.08.2015,CIKONENG,SUKAHAJI,KAB. MAJALENGKA,unresolved_do_not_guess,review_required,,45470;45471,,yes,No automatic selection: Kodepos.dev does not corroborate exactly one local source.
POSTAL-3210082016,32.10.08.2016,BABAKANMANJETI,SUKAHAJI,KAB. MAJALENGKA,unresolved_do_not_guess,review_required,,45470;45471,,yes,No automatic selection: Kodepos.dev does not corroborate exactly one local source.
POSTAL-3210082017,32.10.08.2017,TANJUNGSARI,SUKAHAJI,KAB. MAJALENGKA,unresolved_do_not_guess,review_required,,45470;45471,,yes,No automatic selection: Kodepos.dev does not corroborate exactly one local source.
POSTAL-3210082018,32.10.08.2018,CIKALONG,SUKAHAJI,KAB. MAJALENGKA,unresolved_do_not_guess,review_required,,45470;45471,,yes,No automatic selection: Kodepos.dev does not corroborate exactly one local source.
POSTAL-3210082019,32.10.08.2019,CANDRAJAYA,SUKAHAJI,KAB. MAJALENGKA,unresolved_do_not_guess,review_required,,45470;45471,,yes,No automatic selection: Kodepos.dev does not corroborate exactly one local source.
POSTAL-3210132002,32.10.13.2002,KADIPATEN,KADIPATEN,KAB. MAJALENGKA,candidate_review_only,corroborated_candidate,45452,45452;46156,,yes,Kodepos.dev corroborates Diskominfo; candidate is not accepted as final.
POSTAL-3210172005,32.10.17.2005,BANJARAN,SUMBERJAYA,KAB. MAJALENGKA,candidate_review_only,corroborated_candidate,45468,45455;45468,,yes,Kodepos.dev corroborates Open Data Jabar; candidate is not accepted as final.
POSTAL-3210182001,32.10.18.2001,CIJUREY,PANYINGKIRAN,KAB. MAJALENGKA,candidate_review_only,corroborated_candidate,45459,45437;45459,,yes,Kodepos.dev corroborates Open Data Jabar; candidate is not accepted as final.
POSTAL-3210182002,32.10.18.2002,PASIRMUNCANG,PANYINGKIRAN,KAB. MAJALENGKA,candidate_review_only,corroborated_candidate,45459,45438;45459,,yes,Kodepos.dev corroborates Open Data Jabar; candidate is not accepted as final.
POSTAL-3210182003,32.10.18.2003,JATIPAMOR,PANYINGKIRAN,KAB. MAJALENGKA,candidate_review_only,corroborated_candidate,45459,45431;45459,,yes,Kodepos.dev corroborates Open Data Jabar; candidate is not accepted as final.
POSTAL-3210182004,32.10.18.2004,BANTRANGSANA,PANYINGKIRAN,KAB. MAJALENGKA,candidate_review_only,corroborated_candidate,45459,45439;45459,,yes,Kodepos.dev corroborates Open Data Jabar; candidate is not accepted as final.
POSTAL-3210182005,32.10.18.2005,JATISERANG,PANYINGKIRAN,KAB. MAJALENGKA,candidate_review_only,corroborated_candidate,45459,45436;45459,,yes,Kodepos.dev corroborates Open Data Jabar; candidate is not accepted as final.
POSTAL-3210182006,32.10.18.2006,BONANG,PANYINGKIRAN,KAB. MAJALENGKA,candidate_review_only,corroborated_candidate,45459,45435;45459,,yes,Kodepos.dev corroborates Open Data Jabar; candidate is not accepted as final.
POSTAL-3210182007,32.10.18.2007,LEUWISEENG,PANYINGKIRAN,KAB. MAJALENGKA,candidate_review_only,corroborated_candidate,45459,45434;45459,,yes,Kodepos.dev corroborates Open Data Jabar; candidate is not accepted as final.
POSTAL-3210182008,32.10.18.2008,PANYINGKIRAN,PANYINGKIRAN,KAB. MAJALENGKA,candidate_review_only,corroborated_candidate,45459,45432;45459,,yes,Kodepos.dev corroborates Open Data Jabar; candidate is not accepted as final.
POSTAL-3210182009,32.10.18.2009,KARYAMUKTI,PANYINGKIRAN,KAB. MAJALENGKA,candidate_review_only,corroborated_candidate,45459,45433;45459,,yes,Kodepos.dev corroborates Open Data Jabar; candidate is not accepted as final.
POSTAL-3210201004,32.10.20.1004,CIGASONG,CIGASONG,KAB. MAJALENGKA,candidate_review_only,corroborated_candidate,45476,45423;45476,,yes,Kodepos.dev corroborates Open Data Jabar; candidate is not accepted as final.
POSTAL-3210201005,32.10.20.1005,SIMPEUREUM,CIGASONG,KAB. MAJALENGKA,candidate_review_only,corroborated_candidate,45476,45422;45476,,yes,Kodepos.dev corroborates Open Data Jabar; candidate is not accepted as final.
POSTAL-3210201006,32.10.20.1006,CICENANG,CIGASONG,KAB. MAJALENGKA,candidate_review_only,corroborated_candidate,45476,45424;45476,,yes,Kodepos.dev corroborates Open Data Jabar; candidate is not accepted as final.
POSTAL-3210202001,32.10.20.2001,KAWUNGHILIR,CIGASONG,KAB. MAJALENGKA,candidate_review_only,corroborated_candidate,45476,45429;45476,,yes,Kodepos.dev corroborates Open Data Jabar; candidate is not accepted as final.
POSTAL-3210202002,32.10.20.2002,TAJUR,CIGASONG,KAB. MAJALENGKA,candidate_review_only,corroborated_candidate,45476,45429;45476,,yes,Kodepos.dev corroborates Open Data Jabar; candidate is not accepted as final.
POSTAL-3210202003,32.10.20.2003,TENJOLAYAR,CIGASONG,KAB. MAJALENGKA,candidate_review_only,corroborated_candidate,45476,45421;45476,,yes,Kodepos.dev corroborates Open Data Jabar; candidate is not accepted as final.
POSTAL-3210202007,32.10.20.2007,BARIBIS,CIGASONG,KAB. MAJALENGKA,candidate_review_only,corroborated_candidate,45476,45425;45476,,yes,Kodepos.dev corroborates Open Data Jabar; candidate is not accepted as final.
POSTAL-3210202008,32.10.20.2008,BATUJAYA,CIGASONG,KAB. MAJALENGKA,candidate_review_only,corroborated_candidate,45476,45426;45476,,yes,Kodepos.dev corroborates Open Data Jabar; candidate is not accepted as final.
POSTAL-3210202009,32.10.20.2009,KUTAMANGGU,CIGASONG,KAB. MAJALENGKA,candidate_review_only,corroborated_candidate,45476,45427;45476,,yes,Kodepos.dev corroborates Open Data Jabar; candidate is not accepted as final.
POSTAL-3210202010,32.10.20.2010,KARAYUNAN,CIGASONG,KAB. MAJALENGKA,candidate_review_only,corroborated_candidate,45476,45428;45476,,yes,Kodepos.dev corroborates Open Data Jabar; candidate is not accepted as final.
POSTAL-3210242001,32.10.24.2001,JATISAWIT,KASOKANDEL,KAB. MAJALENGKA,unresolved_do_not_guess,review_required,,45451;45453;45477,,yes,No automatic selection: Kodepos.dev does not corroborate exactly one local source.
POSTAL-3210242002,32.10.24.2002,LEUWIKIDANG,KASOKANDEL,KAB. MAJALENGKA,unresolved_do_not_guess,review_required,,45451;45453;45477,,yes,No automatic selection: Kodepos.dev does not corroborate exactly one local source.
POSTAL-3210242003,32.10.24.2003,RANJI KULON,KASOKANDEL,KAB. MAJALENGKA,unresolved_do_not_guess,review_required,,45451;45453;45477,,yes,No automatic selection: Kodepos.dev does not corroborate exactly one local source.
POSTAL-3210242004,32.10.24.2004,RANJI WETAN,KASOKANDEL,KAB. MAJALENGKA,unresolved_do_not_guess,review_required,,45451;45453;45477,,yes,No automatic selection: Kodepos.dev does not corroborate exactly one local source.
POSTAL-3210242005,32.10.24.2005,GUNUNGSARI,KASOKANDEL,KAB. MAJALENGKA,unresolved_do_not_guess,review_required,,45451;45453;45477,,yes,No automatic selection: Kodepos.dev does not corroborate exactly one local source.
POSTAL-3210242006,32.10.24.2006,KASOKANDEL,KASOKANDEL,KAB. MAJALENGKA,unresolved_do_not_guess,review_required,,45451;45453;45477,,yes,No automatic selection: Kodepos.dev does not corroborate exactly one local source.
POSTAL-3210242007,32.10.24.2007,GIRIMUKTI,KASOKANDEL,KAB. MAJALENGKA,unresolved_do_not_guess,review_required,,45451;45453;45477,,yes,No automatic selection: Kodepos.dev does not corroborate exactly one local source.
POSTAL-3210242008,32.10.24.2008,JATIMULYA,KASOKANDEL,KAB. MAJALENGKA,unresolved_do_not_guess,review_required,,45451;45453;45477,,yes,No automatic selection: Kodepos.dev does not corroborate exactly one local source.
POSTAL-3210242009,32.10.24.2009,WANAJAYA,KASOKANDEL,KAB. MAJALENGKA,unresolved_do_not_guess,review_required,,45451;45453;45477,,yes,No automatic selection: Kodepos.dev does not corroborate exactly one local source.
POSTAL-3210242010,32.10.24.2010,GANDASARI,KASOKANDEL,KAB. MAJALENGKA,unresolved_do_not_guess,review_required,,45451;45453;45477,,yes,No automatic selection: Kodepos.dev does not corroborate exactly one local source.
POSTAL-3210252001,32.10.25.2001,PASIRAYU,SINDANG,KAB. MAJALENGKA,candidate_review_only,corroborated_candidate,45471,45471;45478,,yes,Kodepos.dev corroborates Open Data Jabar; candidate is not accepted as final.
POSTAL-3210252002,32.10.25.2002,SINDANG,SINDANG,KAB. MAJALENGKA,candidate_review_only,corroborated_candidate,45471,45471;45478,,yes,Kodepos.dev corroborates Open Data Jabar; candidate is not accepted as final.
POSTAL-3210252003,32.10.25.2003,GARAWASTU,SINDANG,KAB. MAJALENGKA,candidate_review_only,corroborated_candidate,45471,45471;45478,,yes,Kodepos.dev corroborates Open Data Jabar; candidate is not accepted as final.
POSTAL-3210252004,32.10.25.2004,INDRAKILA,SINDANG,KAB. MAJALENGKA,candidate_review_only,corroborated_candidate,45471,45471;45478,,yes,Kodepos.dev corroborates Open Data Jabar; candidate is not accepted as final.
POSTAL-3210252005,32.10.25.2005,GUNUNGKUNING,SINDANG,KAB. MAJALENGKA,candidate_review_only,corroborated_candidate,45471,45471;45478,,yes,Kodepos.dev corroborates Open Data Jabar; candidate is not accepted as final.
POSTAL-3210252007,32.10.25.2007,SANGKANHURIP,SINDANG,KAB. MAJALENGKA,candidate_review_only,corroborated_candidate,45471,45471;45478,,yes,Kodepos.dev corroborates Open Data Jabar; candidate is not accepted as final.
POSTAL-3210252008,32.10.25.2008,BAYUREJA,SINDANG,KAB. MAJALENGKA,candidate_review_only,corroborated_candidate,45471,45471;45478,,yes,Kodepos.dev corroborates Open Data Jabar; candidate is not accepted as final.
POSTAL-3210262001,32.10.26.2001,SUKADANA,MALAUSMA,KAB. MAJALENGKA,unresolved_do_not_guess,review_required,,45460;45464;45469,,yes,No automatic selection: Kodepos.dev does not corroborate exactly one local source.
POSTAL-3210262002,32.10.26.2002,WERASARI,MALAUSMA,KAB. MAJALENGKA,unresolved_do_not_guess,review_required,,45460;45464;45469,,yes,No automatic selection: Kodepos.dev does not corroborate exactly one local source.
POSTAL-3210262003,32.10.26.2003,MALAUSMA,MALAUSMA,KAB. MAJALENGKA,unresolved_do_not_guess,review_required,,45460;45464;45469,,yes,No automatic selection: Kodepos.dev does not corroborate exactly one local source.
POSTAL-3210262004,32.10.26.2004,LEBAKWANGI,MALAUSMA,KAB. MAJALENGKA,unresolved_do_not_guess,review_required,,45460;45464;45469,,yes,No automatic selection: Kodepos.dev does not corroborate exactly one local source.
POSTAL-3210262005,32.10.26.2005,CIMUNCANG,MALAUSMA,KAB. MAJALENGKA,unresolved_do_not_guess,review_required,,45460;45464;45469,,yes,No automatic selection: Kodepos.dev does not corroborate exactly one local source.
POSTAL-3210262006,32.10.26.2006,CIRANCA,MALAUSMA,KAB. MAJALENGKA,unresolved_do_not_guess,review_required,,45460;45464;45469,,yes,No automatic selection: Kodepos.dev does not corroborate exactly one local source.
POSTAL-3210262007,32.10.26.2007,BANYUSARI,MALAUSMA,KAB. MAJALENGKA,unresolved_do_not_guess,review_required,,45460;45464;45469,,yes,No automatic selection: Kodepos.dev does not corroborate exactly one local source.
POSTAL-3210262008,32.10.26.2008,BUNINAGARA,MALAUSMA,KAB. MAJALENGKA,unresolved_do_not_guess,review_required,,45460;45464;45469,,yes,No automatic selection: Kodepos.dev does not corroborate exactly one local source.
POSTAL-3210262009,32.10.26.2009,JAGAMULYA,MALAUSMA,KAB. MAJALENGKA,unresolved_do_not_guess,review_required,,45460;45464;45469,,yes,No automatic selection: Kodepos.dev does not corroborate exactly one local source.
POSTAL-3210262010,32.10.26.2010,GIRIMUKTI,MALAUSMA,KAB. MAJALENGKA,unresolved_do_not_guess,review_required,,45460;45464;45469,,yes,No automatic selection: Kodepos.dev does not corroborate exactly one local source.
POSTAL-3210262011,32.10.26.2011,KRAMAT JAYA,MALAUSMA,KAB. MAJALENGKA,unresolved_do_not_guess,review_required,,45460;45469,,yes,No automatic selection: Kodepos.dev does not corroborate exactly one local source.
POSTAL-3211052001,32.11.05.2001,CISITU,CISITU,KAB. SUMEDANG,candidate_review_only,corroborated_candidate,45363,45363;45377,,yes,Kodepos.dev corroborates Open Data Jabar; candidate is not accepted as final.
POSTAL-3211052002,32.11.05.2002,SITUMEKAR,CISITU,KAB. SUMEDANG,candidate_review_only,corroborated_candidate,45363,45363;45377,,yes,Kodepos.dev corroborates Open Data Jabar; candidate is not accepted as final.
POSTAL-3211052003,32.11.05.2003,PAJAGAN,CISITU,KAB. SUMEDANG,candidate_review_only,corroborated_candidate,45363,45363;45377,,yes,Kodepos.dev corroborates Open Data Jabar; candidate is not accepted as final.
POSTAL-3211052004,32.11.05.2004,CIGINTUNG,CISITU,KAB. SUMEDANG,candidate_review_only,corroborated_candidate,45363,45363;45377,,yes,Kodepos.dev corroborates Open Data Jabar; candidate is not accepted as final.
POSTAL-3211052005,32.11.05.2005,SUNDAMEKAR,CISITU,KAB. SUMEDANG,candidate_review_only,corroborated_candidate,45363,45363;45377,,yes,Kodepos.dev corroborates Open Data Jabar; candidate is not accepted as final.
POSTAL-3211052006,32.11.05.2006,LINGGAJAYA,CISITU,KAB. SUMEDANG,candidate_review_only,corroborated_candidate,45363,45363;45377,,yes,Kodepos.dev corroborates Open Data Jabar; candidate is not accepted as final.
POSTAL-3211052007,32.11.05.2007,RANJENG,CISITU,KAB. SUMEDANG,candidate_review_only,corroborated_candidate,45363,45363;45377,,yes,Kodepos.dev corroborates Open Data Jabar; candidate is not accepted as final.
POSTAL-3211052008,32.11.05.2008,CILOPANG,CISITU,KAB. SUMEDANG,candidate_review_only,corroborated_candidate,45363,45363;45377,,yes,Kodepos.dev corroborates Open Data Jabar; candidate is not accepted as final.
POSTAL-3211052009,32.11.05.2009,CIMARGA,CISITU,KAB. SUMEDANG,candidate_review_only,corroborated_candidate,45363,45357;45363,,yes,Kodepos.dev corroborates Open Data Jabar; candidate is not accepted as final.
POSTAL-3211052010,32.11.05.2010,CINANGSI,CISITU,KAB. SUMEDANG,candidate_review_only,corroborated_candidate,45363,45363;45377,,yes,Kodepos.dev corroborates Open Data Jabar; candidate is not accepted as final.
POSTAL-3211062012,32.11.06.2012,PAMULIHAN,SITURAJA,KAB. SUMEDANG,candidate_review_only,corroborated_candidate,45371,45365;45371,,yes,Kodepos.dev corroborates Open Data Jabar; candidate is not accepted as final.
POSTAL-3211062015,32.11.06.2015,CICARIMANAH,SITURAJA,KAB. SUMEDANG,candidate_review_only,corroborated_candidate,45371,45371;45382,,yes,Kodepos.dev corroborates Open Data Jabar; candidate is not accepted as final.
POSTAL-3211152001,32.11.15.2001,CIKERUH,JATINANGOR,KAB. SUMEDANG,unresolved_do_not_guess,review_required,,45360;45363;45367,,yes,No automatic selection: Kodepos.dev does not corroborate exactly one local source.
POSTAL-3211152002,32.11.15.2002,HEGARMANAH,JATINANGOR,KAB. SUMEDANG,unresolved_do_not_guess,review_required,,45360;45363;45367,,yes,No automatic selection: Kodepos.dev does not corroborate exactly one local source.
POSTAL-3211152003,32.11.15.2003,CIBEUSI,JATINANGOR,KAB. SUMEDANG,unresolved_do_not_guess,review_required,,45360;45363;45367,,yes,No automatic selection: Kodepos.dev does not corroborate exactly one local source.
POSTAL-3211152004,32.11.15.2004,CIPACING,JATINANGOR,KAB. SUMEDANG,unresolved_do_not_guess,review_required,,45360;45363;45367,,yes,No automatic selection: Kodepos.dev does not corroborate exactly one local source.
POSTAL-3211152005,32.11.15.2005,SAYANG,JATINANGOR,KAB. SUMEDANG,unresolved_do_not_guess,review_required,,45360;45363;45367,,yes,No automatic selection: Kodepos.dev does not corroborate exactly one local source.
POSTAL-3211152006,32.11.15.2006,MEKARGALIH,JATINANGOR,KAB. SUMEDANG,unresolved_do_not_guess,review_required,,45360;45363;45367,,yes,No automatic selection: Kodepos.dev does not corroborate exactly one local source.
POSTAL-3211152007,32.11.15.2007,CINTAMULYA,JATINANGOR,KAB. SUMEDANG,unresolved_do_not_guess,review_required,,45360;45363;45367,,yes,No automatic selection: Kodepos.dev does not corroborate exactly one local source.
POSTAL-3211152008,32.11.15.2008,JATIMUKTI,JATINANGOR,KAB. SUMEDANG,unresolved_do_not_guess,review_required,,45360;45363;45367,,yes,No automatic selection: Kodepos.dev does not corroborate exactly one local source.
POSTAL-3211152009,32.11.15.2009,CISEMPUR,JATINANGOR,KAB. SUMEDANG,unresolved_do_not_guess,review_required,,45360;45363;45367,,yes,No automatic selection: Kodepos.dev does not corroborate exactly one local source.
POSTAL-3211152010,32.11.15.2010,JATIROKE,JATINANGOR,KAB. SUMEDANG,unresolved_do_not_guess,review_required,,45360;45363;45367,,yes,No automatic selection: Kodepos.dev does not corroborate exactly one local source.
POSTAL-3211152011,32.11.15.2011,CILELES,JATINANGOR,KAB. SUMEDANG,unresolved_do_not_guess,review_required,,45360;45363;45367,,yes,No automatic selection: Kodepos.dev does not corroborate exactly one local source.
POSTAL-3211152012,32.11.15.2012,CILAYUNG,JATINANGOR,KAB. SUMEDANG,unresolved_do_not_guess,review_required,,45360;45363;45367,,yes,No automatic selection: Kodepos.dev does not corroborate exactly one local source.
POSTAL-3211171002,32.11.17.1002,KOTAKULON,SUMEDANG SELATAN,KAB. SUMEDANG,candidate_review_only,corroborated_candidate,45311,45311;45312,,yes,Kodepos.dev corroborates Open Data Jabar; candidate is not accepted as final.
POSTAL-3211172005,32.11.17.2005,SUKAGALIH,SUMEDANG SELATAN,KAB. SUMEDANG,candidate_review_only,corroborated_candidate,45311,45311;45316,,yes,Kodepos.dev corroborates Open Data Jabar; candidate is not accepted as final.
POSTAL-3211172006,32.11.17.2006,BAGINDA,SUMEDANG SELATAN,KAB. SUMEDANG,candidate_review_only,corroborated_candidate,45311,45311;45317,,yes,Kodepos.dev corroborates Open Data Jabar; candidate is not accepted as final.
POSTAL-3211172007,32.11.17.2007,CIPANCAR,SUMEDANG SELATAN,KAB. SUMEDANG,candidate_review_only,corroborated_candidate,45311,45311;45317,,yes,Kodepos.dev corroborates Open Data Jabar; candidate is not accepted as final.
POSTAL-3211172008,32.11.17.2008,CITENGAH,SUMEDANG SELATAN,KAB. SUMEDANG,candidate_review_only,corroborated_candidate,45311,45311;45318,,yes,Kodepos.dev corroborates Open Data Jabar; candidate is not accepted as final.
POSTAL-3211172009,32.11.17.2009,GUNASARI,SUMEDANG SELATAN,KAB. SUMEDANG,candidate_review_only,corroborated_candidate,45311,45311;45316,,yes,Kodepos.dev corroborates Open Data Jabar; candidate is not accepted as final.
POSTAL-3211172010,32.11.17.2010,SUKAJAYA,SUMEDANG SELATAN,KAB. SUMEDANG,candidate_review_only,corroborated_candidate,45314,45311;45314,,yes,Kodepos.dev corroborates Open Data Jabar; candidate is not accepted as final.
POSTAL-3211172011,32.11.17.2011,MARGAMEKAR,SUMEDANG SELATAN,KAB. SUMEDANG,candidate_review_only,corroborated_candidate,45311,45311;45314,,yes,Kodepos.dev corroborates Open Data Jabar; candidate is not accepted as final.
POSTAL-3211172012,32.11.17.2012,CIHERANG,SUMEDANG SELATAN,KAB. SUMEDANG,candidate_review_only,corroborated_candidate,45311,45311;45319,,yes,Kodepos.dev corroborates Open Data Jabar; candidate is not accepted as final.
POSTAL-3211172013,32.11.17.2013,MARGALAKSANA,SUMEDANG SELATAN,KAB. SUMEDANG,candidate_review_only,corroborated_candidate,45311,45311;45313,,yes,Kodepos.dev corroborates Open Data Jabar; candidate is not accepted as final.
POSTAL-3211172014,32.11.17.2014,MEKAR RAHAYU,SUMEDANG SELATAN,KAB. SUMEDANG,unresolved_do_not_guess,review_required,,45311;45313,,yes,No automatic selection: Kodepos.dev does not corroborate exactly one local source.
POSTAL-3211182004,32.11.18.2004,PADASUKA,SUMEDANG UTARA,KAB. SUMEDANG,candidate_review_only,corroborated_candidate,45321,45321;45325,,yes,Kodepos.dev corroborates Open Data Jabar; candidate is not accepted as final.
POSTAL-3211182005,32.11.18.2005,MULYASARI,SUMEDANG UTARA,KAB. SUMEDANG,candidate_review_only,corroborated_candidate,45321,45321;45326,,yes,Kodepos.dev corroborates Open Data Jabar; candidate is not accepted as final.
POSTAL-3211182006,32.11.18.2006,GIRIMUKTI,SUMEDANG UTARA,KAB. SUMEDANG,candidate_review_only,corroborated_candidate,45321,45321;45325,,yes,Kodepos.dev corroborates Open Data Jabar; candidate is not accepted as final.
POSTAL-3211182007,32.11.18.2007,MEKARJAYA,SUMEDANG UTARA,KAB. SUMEDANG,candidate_review_only,corroborated_candidate,45321,45321;45323,,yes,Kodepos.dev corroborates Open Data Jabar; candidate is not accepted as final.
POSTAL-3211182008,32.11.18.2008,MARGAMUKTI,SUMEDANG UTARA,KAB. SUMEDANG,candidate_review_only,corroborated_candidate,45321,45321;45327,,yes,Kodepos.dev corroborates Open Data Jabar; candidate is not accepted as final.
POSTAL-3211182009,32.11.18.2009,SIRNAMULYA,SUMEDANG UTARA,KAB. SUMEDANG,candidate_review_only,corroborated_candidate,45321,45321;45326,,yes,Kodepos.dev corroborates Open Data Jabar; candidate is not accepted as final.
POSTAL-3211182010,32.11.18.2010,KEBONJATI,SUMEDANG UTARA,KAB. SUMEDANG,candidate_review_only,corroborated_candidate,45321,45321;45329,,yes,Kodepos.dev corroborates Open Data Jabar; candidate is not accepted as final.
POSTAL-3211182011,32.11.18.2011,JATIHURIP,SUMEDANG UTARA,KAB. SUMEDANG,candidate_review_only,corroborated_candidate,45321,45321;45329,,yes,Kodepos.dev corroborates Open Data Jabar; candidate is not accepted as final.
POSTAL-3211182012,32.11.18.2012,JATIMULYA,SUMEDANG UTARA,KAB. SUMEDANG,candidate_review_only,corroborated_candidate,45321,45321;45329,,yes,Kodepos.dev corroborates Open Data Jabar; candidate is not accepted as final.
POSTAL-3211182013,32.11.18.2013,RANCAMULYA,SUMEDANG UTARA,KAB. SUMEDANG,candidate_review_only,corroborated_candidate,45321,45321;45324,,yes,Kodepos.dev corroborates Open Data Jabar; candidate is not accepted as final.
POSTAL-3211202012,32.11.20.2012,AWILEGA,TANJUNGKERTA,KAB. SUMEDANG,candidate_review_only,corroborated_candidate,45354,45354;45362,,yes,Kodepos.dev corroborates Open Data Jabar; candidate is not accepted as final.
POSTAL-3211212001,32.11.21.2001,CIKARAMAS,TANJUNGMEDAR,KAB. SUMEDANG,unresolved_do_not_guess,review_required,,45352;45354;45355,,yes,No automatic selection: Kodepos.dev does not corroborate exactly one local source.
POSTAL-3211212002,32.11.21.2002,WARGALUYU,TANJUNGMEDAR,KAB. SUMEDANG,unresolved_do_not_guess,review_required,,45352;45354;45355,,yes,No automatic selection: Kodepos.dev does not corroborate exactly one local source.
POSTAL-3211212003,32.11.21.2003,JINGKANG,TANJUNGMEDAR,KAB. SUMEDANG,unresolved_do_not_guess,review_required,,45352;45354;45355,,yes,No automatic selection: Kodepos.dev does not corroborate exactly one local source.
POSTAL-3211212004,32.11.21.2004,KAMAL,TANJUNGMEDAR,KAB. SUMEDANG,unresolved_do_not_guess,review_required,,45352;45354;45355,,yes,No automatic selection: Kodepos.dev does not corroborate exactly one local source.
POSTAL-3211212005,32.11.21.2005,KERTAMUKTI,TANJUNGMEDAR,KAB. SUMEDANG,unresolved_do_not_guess,review_required,,45352;45354;45355,,yes,No automatic selection: Kodepos.dev does not corroborate exactly one local source.
POSTAL-3211212006,32.11.21.2006,TANJUNGWANGI,TANJUNGMEDAR,KAB. SUMEDANG,unresolved_do_not_guess,review_required,,45352;45354;45355,,yes,No automatic selection: Kodepos.dev does not corroborate exactly one local source.
POSTAL-3211212007,32.11.21.2007,SUKAMUKTI,TANJUNGMEDAR,KAB. SUMEDANG,unresolved_do_not_guess,review_required,,45352;45354;45355,,yes,No automatic selection: Kodepos.dev does not corroborate exactly one local source.
POSTAL-3211212008,32.11.21.2008,SUKATANI,TANJUNGMEDAR,KAB. SUMEDANG,unresolved_do_not_guess,review_required,,45352;45354;45355,,yes,No automatic selection: Kodepos.dev does not corroborate exactly one local source.
POSTAL-3211212009,32.11.21.2009,TANJUNG MEDAR,TANJUNGMEDAR,KAB. SUMEDANG,unresolved_do_not_guess,review_required,,45352;45354;45355,,yes,No automatic selection: Kodepos.dev does not corroborate exactly one local source.
POSTAL-3211232001,32.11.23.2001,CISARUA,CISARUA,KAB. SUMEDANG,candidate_review_only,corroborated_candidate,45355,45355;45357,,yes,Kodepos.dev corroborates Open Data Jabar; candidate is not accepted as final.
POSTAL-3211232002,32.11.23.2002,CIUYAH,CISARUA,KAB. SUMEDANG,candidate_review_only,corroborated_candidate,45355,45355;45357,,yes,Kodepos.dev corroborates Open Data Jabar; candidate is not accepted as final.
POSTAL-3211232003,32.11.23.2003,CIMARA,CISARUA,KAB. SUMEDANG,candidate_review_only,corroborated_candidate,45355,45355;45357,,yes,Kodepos.dev corroborates Open Data Jabar; candidate is not accepted as final.
POSTAL-3211232004,32.11.23.2004,BANTARMARA,CISARUA,KAB. SUMEDANG,candidate_review_only,corroborated_candidate,45355,45355;45357,,yes,Kodepos.dev corroborates Open Data Jabar; candidate is not accepted as final.
POSTAL-3211232005,32.11.23.2005,CIPANDANWANGI,CISARUA,KAB. SUMEDANG,candidate_review_only,corroborated_candidate,45355,45355;45357,,yes,Kodepos.dev corroborates Open Data Jabar; candidate is not accepted as final.
POSTAL-3211232006,32.11.23.2006,CISALAK,CISARUA,KAB. SUMEDANG,candidate_review_only,corroborated_candidate,45355,45355;45357,,yes,Kodepos.dev corroborates Open Data Jabar; candidate is not accepted as final.
POSTAL-3211232007,32.11.23.2007,KEBONKALAPA,CISARUA,KAB. SUMEDANG,candidate_review_only,corroborated_candidate,45355,45355;45357,,yes,Kodepos.dev corroborates Open Data Jabar; candidate is not accepted as final.
POSTAL-3211262001,32.11.26.2001,CIJEUNGJING,JATIGEDE,KAB. SUMEDANG,candidate_review_only,corroborated_candidate,45377,45374;45377,,yes,Kodepos.dev corroborates Open Data Jabar; candidate is not accepted as final.
POSTAL-3211262002,32.11.26.2002,KADUJAYA,JATIGEDE,KAB. SUMEDANG,candidate_review_only,corroborated_candidate,45377,45374;45377,,yes,Kodepos.dev corroborates Open Data Jabar; candidate is not accepted as final.
POSTAL-3211262003,32.11.26.2003,LEBAKSIUH,JATIGEDE,KAB. SUMEDANG,candidate_review_only,corroborated_candidate,45377,45374;45377,,yes,Kodepos.dev corroborates Open Data Jabar; candidate is not accepted as final.
POSTAL-3211262004,32.11.26.2004,CINTAJAYA,JATIGEDE,KAB. SUMEDANG,candidate_review_only,corroborated_candidate,45377,45374;45377,,yes,Kodepos.dev corroborates Open Data Jabar; candidate is not accepted as final.
POSTAL-3211262005,32.11.26.2005,CIPICUNG,JATIGEDE,KAB. SUMEDANG,candidate_review_only,corroborated_candidate,45377,45374;45377,,yes,Kodepos.dev corroborates Open Data Jabar; candidate is not accepted as final.
POSTAL-3211262006,32.11.26.2006,MEKARASIH,JATIGEDE,KAB. SUMEDANG,candidate_review_only,corroborated_candidate,45377,45374;45377,,yes,Kodepos.dev corroborates Open Data Jabar; candidate is not accepted as final.
POSTAL-3211262008,32.11.26.2008,CIRANGGEM,JATIGEDE,KAB. SUMEDANG,candidate_review_only,corroborated_candidate,45377,45374;45377,,yes,Kodepos.dev corroborates Open Data Jabar; candidate is not accepted as final.
POSTAL-3211262009,32.11.26.2009,CISAMPIH,JATIGEDE,KAB. SUMEDANG,candidate_review_only,corroborated_candidate,45377,45374;45377,,yes,Kodepos.dev corroborates Open Data Jabar; candidate is not accepted as final.
POSTAL-3211262010,32.11.26.2010,JEMAH,JATIGEDE,KAB. SUMEDANG,candidate_review_only,corroborated_candidate,45377,45374;45377,,yes,Kodepos.dev corroborates Open Data Jabar; candidate is not accepted as final.
POSTAL-3211262011,32.11.26.2011,KAREDOK,JATIGEDE,KAB. SUMEDANG,candidate_review_only,corroborated_candidate,45377,45374;45377,,yes,Kodepos.dev corroborates Open Data Jabar; candidate is not accepted as final.
POSTAL-3211262012,32.11.26.2012,KADU,JATIGEDE,KAB. SUMEDANG,candidate_review_only,corroborated_candidate,45377,45374;45377,,yes,Kodepos.dev corroborates Open Data Jabar; candidate is not accepted as final.
POSTAL-3212012007,32.12.01.2007,HAURKOLOT,HAURGEULIS,KAB. INDRAMAYU,unresolved_do_not_guess,review_required,,45264;45266,,yes,No automatic selection: Kodepos.dev does not corroborate exactly one local source.
POSTAL-3212012008,32.12.01.2008,HAURGEULIS,HAURGEULIS,KAB. INDRAMAYU,unresolved_do_not_guess,review_required,,45264;45266,,yes,No automatic selection: Kodepos.dev does not corroborate exactly one local source.
POSTAL-3212012009,32.12.01.2009,SUKAJATI,HAURGEULIS,KAB. INDRAMAYU,unresolved_do_not_guess,review_required,,45264;45266,,yes,No automatic selection: Kodepos.dev does not corroborate exactly one local source.
POSTAL-3212012010,32.12.01.2010,WANAKAYA,HAURGEULIS,KAB. INDRAMAYU,unresolved_do_not_guess,review_required,,45264;45266,,yes,No automatic selection: Kodepos.dev does not corroborate exactly one local source.
POSTAL-3212012011,32.12.01.2011,KARANGTUMARITIS,HAURGEULIS,KAB. INDRAMAYU,unresolved_do_not_guess,review_required,,45264;45266,,yes,No automatic selection: Kodepos.dev does not corroborate exactly one local source.
POSTAL-3212012012,32.12.01.2012,KERTANEGARA,HAURGEULIS,KAB. INDRAMAYU,unresolved_do_not_guess,review_required,,45264;45266,,yes,No automatic selection: Kodepos.dev does not corroborate exactly one local source.
POSTAL-3212012013,32.12.01.2013,CIPANCUH,HAURGEULIS,KAB. INDRAMAYU,unresolved_do_not_guess,review_required,,45264;45266,,yes,No automatic selection: Kodepos.dev does not corroborate exactly one local source.
POSTAL-3212012014,32.12.01.2014,MEKARJATI,HAURGEULIS,KAB. INDRAMAYU,unresolved_do_not_guess,review_required,,45264;45266,,yes,No automatic selection: Kodepos.dev does not corroborate exactly one local source.
POSTAL-3212012015,32.12.01.2015,SIDODADI,HAURGEULIS,KAB. INDRAMAYU,unresolved_do_not_guess,review_required,,45264;45266,,yes,No automatic selection: Kodepos.dev does not corroborate exactly one local source.
POSTAL-3212012016,32.12.01.2016,SUMBERMULYA,HAURGEULIS,KAB. INDRAMAYU,unresolved_do_not_guess,review_required,,45264;45266,,yes,No automatic selection: Kodepos.dev does not corroborate exactly one local source.
POSTAL-3212132014,32.12.13.2014,LOHBENER,JATIBARANG,KAB. INDRAMAYU,candidate_review_only,corroborated_candidate,45273,45252;45273,,yes,Kodepos.dev corroborates Open Data Jabar; candidate is not accepted as final.
POSTAL-3212142001,32.12.14.2001,TEGAL SEMBADRA,BALONGAN,KAB. INDRAMAYU,candidate_review_only,corroborated_candidate,45285,45247;45285,,yes,Kodepos.dev corroborates Open Data Jabar; candidate is not accepted as final.
POSTAL-3212142002,32.12.14.2002,SUKAREJA,BALONGAN,KAB. INDRAMAYU,candidate_review_only,corroborated_candidate,45217,45217;45244,,yes,Kodepos.dev corroborates Open Data Jabar; candidate is not accepted as final.
POSTAL-3212142003,32.12.14.2003,SUKAURIP,BALONGAN,KAB. INDRAMAYU,candidate_review_only,corroborated_candidate,45217,45217;45241,,yes,Kodepos.dev corroborates Open Data Jabar; candidate is not accepted as final.
POSTAL-3212142004,32.12.14.2004,RAWADALEM,BALONGAN,KAB. INDRAMAYU,candidate_review_only,corroborated_candidate,45217,45217;45247,,yes,Kodepos.dev corroborates Open Data Jabar; candidate is not accepted as final.
POSTAL-3212142005,32.12.14.2005,GELARMENDALA,BALONGAN,KAB. INDRAMAYU,candidate_review_only,corroborated_candidate,45285,45248;45285,,yes,Kodepos.dev corroborates Open Data Jabar; candidate is not accepted as final.
POSTAL-3212142006,32.12.14.2006,TEGALURUNG,BALONGAN,KAB. INDRAMAYU,candidate_review_only,corroborated_candidate,45217,45217;45242,,yes,Kodepos.dev corroborates Open Data Jabar; candidate is not accepted as final.
POSTAL-3212142007,32.12.14.2007,BALONGAN,BALONGAN,KAB. INDRAMAYU,candidate_review_only,corroborated_candidate,45217,45217;45245,,yes,Kodepos.dev corroborates Open Data Jabar; candidate is not accepted as final.
POSTAL-3212142008,32.12.14.2008,MAJAKERTA,BALONGAN,KAB. INDRAMAYU,candidate_review_only,corroborated_candidate,45285,45243;45285,,yes,Kodepos.dev corroborates Open Data Jabar; candidate is not accepted as final.
POSTAL-3212142009,32.12.14.2009,SUDIMAMPIR,BALONGAN,KAB. INDRAMAYU,candidate_review_only,corroborated_candidate,45285,45246;45285,,yes,Kodepos.dev corroborates Open Data Jabar; candidate is not accepted as final.
POSTAL-3212142010,32.12.14.2010,SUDIMAMPIR LOR,BALONGAN,KAB. INDRAMAYU,candidate_review_only,corroborated_candidate,45285,45246;45285,,yes,Kodepos.dev corroborates Open Data Jabar; candidate is not accepted as final.
POSTAL-3212152012,32.12.15.2012,PEKANDANGAN JAYA,INDRAMAYU,KAB. INDRAMAYU,candidate_review_only,corroborated_candidate,45211,45211;45216,,yes,Kodepos.dev corroborates Open Data Jabar; candidate is not accepted as final.
POSTAL-3212162002,32.12.16.2002,RAMBATAN WETAN,SINDANG,KAB. INDRAMAYU,candidate_review_only,corroborated_candidate,45221,45221;45224,,yes,Kodepos.dev corroborates Open Data Jabar; candidate is not accepted as final.
POSTAL-3212162007,32.12.16.2007,SINDANG,SINDANG,KAB. INDRAMAYU,candidate_review_only,corroborated_candidate,45222,45222;45471,,yes,Kodepos.dev corroborates Diskominfo; candidate is not accepted as final.
POSTAL-3212172001,32.12.17.2001,CANGKRING,CANTIGI,KAB. INDRAMAYU,candidate_review_only,corroborated_candidate,45258,45251;45258,,yes,Kodepos.dev corroborates Open Data Jabar; candidate is not accepted as final.
POSTAL-3212172002,32.12.17.2002,CANTIGI KULON,CANTIGI,KAB. INDRAMAYU,candidate_review_only,corroborated_candidate,45258,45251;45258,,yes,Kodepos.dev corroborates Open Data Jabar; candidate is not accepted as final.
POSTAL-3212172003,32.12.17.2003,CANTIGI WETAN,CANTIGI,KAB. INDRAMAYU,candidate_review_only,corroborated_candidate,45258,45251;45258,,yes,Kodepos.dev corroborates Open Data Jabar; candidate is not accepted as final.
POSTAL-3212172004,32.12.17.2004,PANYINGKIRAN KIDUL,CANTIGI,KAB. INDRAMAYU,candidate_review_only,corroborated_candidate,45258,45251;45258,,yes,Kodepos.dev corroborates Open Data Jabar; candidate is not accepted as final.
POSTAL-3212172005,32.12.17.2005,PANYINGKIRAN LOR,CANTIGI,KAB. INDRAMAYU,candidate_review_only,corroborated_candidate,45258,45251;45258,,yes,Kodepos.dev corroborates Open Data Jabar; candidate is not accepted as final.
POSTAL-3212172006,32.12.17.2006,LAMARANTARUNG,CANTIGI,KAB. INDRAMAYU,candidate_review_only,corroborated_candidate,45258,45251;45258,,yes,Kodepos.dev corroborates Open Data Jabar; candidate is not accepted as final.
POSTAL-3212172007,32.12.17.2007,CEMARA,CANTIGI,KAB. INDRAMAYU,candidate_review_only,corroborated_candidate,45253,45253;45258,,yes,Kodepos.dev corroborates Open Data Jabar; candidate is not accepted as final.
POSTAL-3212192001,32.12.19.2001,ARAHAN KIDUL,ARAHAN,KAB. INDRAMAYU,unresolved_do_not_guess,review_required,,45259;45267;45365,,yes,No automatic selection: Kodepos.dev does not corroborate exactly one local source.
POSTAL-3212192002,32.12.19.2002,ARAHAN LOR,ARAHAN,KAB. INDRAMAYU,unresolved_do_not_guess,review_required,,45259;45267;45365,,yes,No automatic selection: Kodepos.dev does not corroborate exactly one local source.
POSTAL-3212192003,32.12.19.2003,LINGGAJATI,ARAHAN,KAB. INDRAMAYU,unresolved_do_not_guess,review_required,,45259;45267;45365,,yes,No automatic selection: Kodepos.dev does not corroborate exactly one local source.
POSTAL-3212192004,32.12.19.2004,CIDEMPET,ARAHAN,KAB. INDRAMAYU,unresolved_do_not_guess,review_required,,45259;45267;45365,,yes,No automatic selection: Kodepos.dev does not corroborate exactly one local source.
POSTAL-3212192005,32.12.19.2005,SUKADADI,ARAHAN,KAB. INDRAMAYU,unresolved_do_not_guess,review_required,,45259;45267;45365,,yes,No automatic selection: Kodepos.dev does not corroborate exactly one local source.
POSTAL-3212192006,32.12.19.2006,PRANGGONG,ARAHAN,KAB. INDRAMAYU,unresolved_do_not_guess,review_required,,45259;45267;45365,,yes,No automatic selection: Kodepos.dev does not corroborate exactly one local source.
POSTAL-3212192007,32.12.19.2007,SUKASARI,ARAHAN,KAB. INDRAMAYU,unresolved_do_not_guess,review_required,,45259;45267;45365,,yes,No automatic selection: Kodepos.dev does not corroborate exactly one local source.
POSTAL-3212192008,32.12.19.2008,TAWANGSARI,ARAHAN,KAB. INDRAMAYU,unresolved_do_not_guess,review_required,,45259;45267;45365,,yes,No automatic selection: Kodepos.dev does not corroborate exactly one local source.
POSTAL-3212202013,32.12.20.2013,CEMARA KULON,LOSARANG,KAB. INDRAMAYU,candidate_review_only,corroborated_candidate,45253,45253;45258,,yes,Kodepos.dev corroborates Open Data Jabar; candidate is not accepted as final.
POSTAL-3212212005,32.12.21.2005,KARANG ANYAR,KANDANGHAUR,KAB. INDRAMAYU,candidate_review_only,corroborated_candidate,45213,45213;45254,,yes,Kodepos.dev corroborates Open Data Jabar; candidate is not accepted as final.
POSTAL-3212242001,32.12.24.2001,BOGOR,SUKRA,KAB. INDRAMAYU,unresolved_do_not_guess,review_required,,45257;45259,,yes,No automatic selection: Kodepos.dev does not corroborate exactly one local source.
POSTAL-3212242002,32.12.24.2002,SUKRA,SUKRA,KAB. INDRAMAYU,unresolved_do_not_guess,review_required,,45257;45259,,yes,No automatic selection: Kodepos.dev does not corroborate exactly one local source.
POSTAL-3212242003,32.12.24.2003,UJUNGGEBANG,SUKRA,KAB. INDRAMAYU,unresolved_do_not_guess,review_required,,45257;45259,,yes,No automatic selection: Kodepos.dev does not corroborate exactly one local source.
POSTAL-3212242004,32.12.24.2004,TAGAL TAMAN,SUKRA,KAB. INDRAMAYU,unresolved_do_not_guess,review_required,,45257;45259,,yes,No automatic selection: Kodepos.dev does not corroborate exactly one local source.
POSTAL-3212242005,32.12.24.2005,SUKRAWETAN,SUKRA,KAB. INDRAMAYU,unresolved_do_not_guess,review_required,,45257;45259,,yes,No automatic selection: Kodepos.dev does not corroborate exactly one local source.
POSTAL-3212242006,32.12.24.2006,SUMURADEM,SUKRA,KAB. INDRAMAYU,unresolved_do_not_guess,review_required,,45257;45259,,yes,No automatic selection: Kodepos.dev does not corroborate exactly one local source.
POSTAL-3212242007,32.12.24.2007,SUMURADEM TIMUR,SUKRA,KAB. INDRAMAYU,unresolved_do_not_guess,review_required,,45257;45259,,yes,No automatic selection: Kodepos.dev does not corroborate exactly one local source.
POSTAL-3212242017,32.12.24.2017,KARANG LAYUNG,SUKRA,KAB. INDRAMAYU,unresolved_do_not_guess,review_required,,45257;45259,,yes,No automatic selection: Kodepos.dev does not corroborate exactly one local source.
POSTAL-3212252001,32.12.25.2001,BANTARWARU,GANTAR,KAB. INDRAMAYU,candidate_review_only,corroborated_candidate,45264,45264;45266,,yes,Kodepos.dev corroborates Open Data Jabar; candidate is not accepted as final.
POSTAL-3212252002,32.12.25.2002,SANCA,GANTAR,KAB. INDRAMAYU,candidate_review_only,corroborated_candidate,45264,45264;45266,,yes,Kodepos.dev corroborates Open Data Jabar; candidate is not accepted as final.
POSTAL-3212252003,32.12.25.2003,MEKARJAYA,GANTAR,KAB. INDRAMAYU,candidate_review_only,corroborated_candidate,45264,45264;45266,,yes,Kodepos.dev corroborates Open Data Jabar; candidate is not accepted as final.
POSTAL-3212252004,32.12.25.2004,GANTAR,GANTAR,KAB. INDRAMAYU,candidate_review_only,corroborated_candidate,45264,45264;45266,,yes,Kodepos.dev corroborates Open Data Jabar; candidate is not accepted as final.
POSTAL-3212252005,32.12.25.2005,SITURAJA,GANTAR,KAB. INDRAMAYU,candidate_review_only,corroborated_candidate,45264,45264;45266,,yes,Kodepos.dev corroborates Open Data Jabar; candidate is not accepted as final.
POSTAL-3212252006,32.12.25.2006,BALEREJA,GANTAR,KAB. INDRAMAYU,candidate_review_only,corroborated_candidate,45264,45264;45266,,yes,Kodepos.dev corroborates Open Data Jabar; candidate is not accepted as final.
POSTAL-3212252007,32.12.25.2007,MEKARWARU,GANTAR,KAB. INDRAMAYU,candidate_review_only,corroborated_candidate,45264,45264;45266,,yes,Kodepos.dev corroborates Open Data Jabar; candidate is not accepted as final.
POSTAL-3212262001,32.12.26.2001,CIKAWUNG,TRISI,KAB. INDRAMAYU,unresolved_do_not_guess,review_required,,45260;45267,,yes,No automatic selection: Kodepos.dev does not corroborate exactly one local source.
POSTAL-3212262002,32.12.26.2002,JATIMULYA,TRISI,KAB. INDRAMAYU,unresolved_do_not_guess,review_required,,45260;45267,,yes,No automatic selection: Kodepos.dev does not corroborate exactly one local source.
POSTAL-3212262003,32.12.26.2003,JATIMUNGGUL,TRISI,KAB. INDRAMAYU,unresolved_do_not_guess,review_required,,45260;45267,,yes,No automatic selection: Kodepos.dev does not corroborate exactly one local source.
POSTAL-3212262004,32.12.26.2004,PLOSOKEREP,TRISI,KAB. INDRAMAYU,unresolved_do_not_guess,review_required,,45260;45267,,yes,No automatic selection: Kodepos.dev does not corroborate exactly one local source.
POSTAL-3212262005,32.12.26.2005,RAJASINGA,TRISI,KAB. INDRAMAYU,unresolved_do_not_guess,review_required,,45260;45267,,yes,No automatic selection: Kodepos.dev does not corroborate exactly one local source.
POSTAL-3212262006,32.12.26.2006,KARANGASEM,TRISI,KAB. INDRAMAYU,unresolved_do_not_guess,review_required,,45260;45267,,yes,No automatic selection: Kodepos.dev does not corroborate exactly one local source.
POSTAL-3212262007,32.12.26.2007,CIBERENG,TRISI,KAB. INDRAMAYU,unresolved_do_not_guess,review_required,,45260;45267,,yes,No automatic selection: Kodepos.dev does not corroborate exactly one local source.
POSTAL-3212262008,32.12.26.2008,KENDAYAKAN,TRISI,KAB. INDRAMAYU,unresolved_do_not_guess,review_required,,45260;45267,,yes,No automatic selection: Kodepos.dev does not corroborate exactly one local source.
POSTAL-3212262009,32.12.26.2009,MANGGUNGAN,TRISI,KAB. INDRAMAYU,unresolved_do_not_guess,review_required,,45260;45267,,yes,No automatic selection: Kodepos.dev does not corroborate exactly one local source.
POSTAL-3212272001,32.12.27.2001,CIBEBER,SUKAGUMIWANG,KAB. INDRAMAYU,candidate_review_only,corroborated_candidate,45275,45274;45275,,yes,Kodepos.dev corroborates Diskominfo; candidate is not accepted as final.
POSTAL-3212272002,32.12.27.2002,BONDAN,SUKAGUMIWANG,KAB. INDRAMAYU,candidate_review_only,corroborated_candidate,45275,45274;45275,,yes,Kodepos.dev corroborates Diskominfo; candidate is not accepted as final.
POSTAL-3212272003,32.12.27.2003,GUNUNGSARI,SUKAGUMIWANG,KAB. INDRAMAYU,candidate_review_only,corroborated_candidate,45275,45274;45275,,yes,Kodepos.dev corroborates Diskominfo; candidate is not accepted as final.
POSTAL-3212272004,32.12.27.2004,SUKAGUMIWANG,SUKAGUMIWANG,KAB. INDRAMAYU,candidate_review_only,corroborated_candidate,45275,45274;45275,,yes,Kodepos.dev corroborates Diskominfo; candidate is not accepted as final.
POSTAL-3212272005,32.12.27.2005,TERSANA,SUKAGUMIWANG,KAB. INDRAMAYU,candidate_review_only,corroborated_candidate,45275,45274;45275,,yes,Kodepos.dev corroborates Diskominfo; candidate is not accepted as final.
POSTAL-3212272006,32.12.27.2006,CADANG PINGGAN,SUKAGUMIWANG,KAB. INDRAMAYU,candidate_review_only,corroborated_candidate,45275,45274;45275,,yes,Kodepos.dev corroborates Diskominfo; candidate is not accepted as final.
POSTAL-3212272007,32.12.27.2007,GEDANGAN,SUKAGUMIWANG,KAB. INDRAMAYU,candidate_review_only,corroborated_candidate,45275,45274;45275,,yes,Kodepos.dev corroborates Diskominfo; candidate is not accepted as final.
POSTAL-3212282001,32.12.28.2001,CANGKINGAN,KEDOKAN BUNDER,KAB. INDRAMAYU,unresolved_do_not_guess,review_required,,45280;45283;45286,,yes,No automatic selection: Kodepos.dev does not corroborate exactly one local source.
POSTAL-3212282002,32.12.28.2002,JAYAWINANGUN,KEDOKAN BUNDER,KAB. INDRAMAYU,unresolved_do_not_guess,review_required,,45280;45283;45286,,yes,No automatic selection: Kodepos.dev does not corroborate exactly one local source.
POSTAL-3212282003,32.12.28.2003,KEDOKAN AGUNG,KEDOKAN BUNDER,KAB. INDRAMAYU,unresolved_do_not_guess,review_required,,45280;45283;45286,,yes,No automatic selection: Kodepos.dev does not corroborate exactly one local source.
POSTAL-3212282004,32.12.28.2004,KEDOKANBUNDER,KEDOKAN BUNDER,KAB. INDRAMAYU,unresolved_do_not_guess,review_required,,45280;45283;45286,,yes,No automatic selection: Kodepos.dev does not corroborate exactly one local source.
POSTAL-3212282005,32.12.28.2005,KEDOKANBUNDERWETAN,KEDOKAN BUNDER,KAB. INDRAMAYU,unresolved_do_not_guess,review_required,,45280;45283;45286,,yes,No automatic selection: Kodepos.dev does not corroborate exactly one local source.
POSTAL-3212282006,32.12.28.2006,KAPLONGAN,KEDOKAN BUNDER,KAB. INDRAMAYU,unresolved_do_not_guess,review_required,,45280;45283;45286,,yes,No automatic selection: Kodepos.dev does not corroborate exactly one local source.
POSTAL-3212282007,32.12.28.2007,JAYALAKSANA,KEDOKAN BUNDER,KAB. INDRAMAYU,unresolved_do_not_guess,review_required,,45280;45283;45286,,yes,No automatic selection: Kodepos.dev does not corroborate exactly one local source.
POSTAL-3212292001,32.12.29.2001,BRONDONG,PASEKAN,KAB. INDRAMAYU,candidate_review_only,corroborated_candidate,45219,45219;45233,,yes,Kodepos.dev corroborates Open Data Jabar; candidate is not accepted as final.
POSTAL-3212292002,32.12.29.2002,PABEAN ILIR,PASEKAN,KAB. INDRAMAYU,candidate_review_only,corroborated_candidate,45219,45219;45234,,yes,Kodepos.dev corroborates Open Data Jabar; candidate is not accepted as final.
POSTAL-3212292003,32.12.29.2003,PAGIRIKAN,PASEKAN,KAB. INDRAMAYU,candidate_review_only,corroborated_candidate,45227,45227;45231,,yes,Kodepos.dev corroborates Open Data Jabar; candidate is not accepted as final.
POSTAL-3212292004,32.12.29.2004,PASEKAN,PASEKAN,KAB. INDRAMAYU,candidate_review_only,corroborated_candidate,45228,45228;45232,,yes,Kodepos.dev corroborates Open Data Jabar; candidate is not accepted as final.
POSTAL-3212292005,32.12.29.2005,KARANGANYAR,PASEKAN,KAB. INDRAMAYU,candidate_review_only,corroborated_candidate,45213,45213;45236,,yes,Kodepos.dev corroborates Open Data Jabar; candidate is not accepted as final.
POSTAL-3212292006,32.12.29.2006,TOTORAN,PASEKAN,KAB. INDRAMAYU,candidate_review_only,corroborated_candidate,45229,45229;45235,,yes,Kodepos.dev corroborates Open Data Jabar; candidate is not accepted as final.
POSTAL-3212302001,32.12.30.2001,BODAS,TUKDANA,KAB. INDRAMAYU,unresolved_do_not_guess,review_required,,45270;45272;45276,,yes,No automatic selection: Kodepos.dev does not corroborate exactly one local source.
POSTAL-3212302002,32.12.30.2002,GADEL,TUKDANA,KAB. INDRAMAYU,unresolved_do_not_guess,review_required,,45270;45272;45276,,yes,No automatic selection: Kodepos.dev does not corroborate exactly one local source.
POSTAL-3212302003,32.12.30.2003,RANCAJAWAT,TUKDANA,KAB. INDRAMAYU,unresolved_do_not_guess,review_required,,45270;45272;45276,,yes,No automatic selection: Kodepos.dev does not corroborate exactly one local source.
POSTAL-3212302004,32.12.30.2004,KERTICALA,TUKDANA,KAB. INDRAMAYU,unresolved_do_not_guess,review_required,,45270;45272;45276,,yes,No automatic selection: Kodepos.dev does not corroborate exactly one local source.
POSTAL-3212302005,32.12.30.2005,CANGKO,TUKDANA,KAB. INDRAMAYU,unresolved_do_not_guess,review_required,,45270;45272;45276,,yes,No automatic selection: Kodepos.dev does not corroborate exactly one local source.
POSTAL-3212302006,32.12.30.2006,KARANGKERTA,TUKDANA,KAB. INDRAMAYU,unresolved_do_not_guess,review_required,,45270;45272;45276,,yes,No automatic selection: Kodepos.dev does not corroborate exactly one local source.
POSTAL-3212302007,32.12.30.2007,SUKAMULYA,TUKDANA,KAB. INDRAMAYU,unresolved_do_not_guess,review_required,,45270;45272;45276,,yes,No automatic selection: Kodepos.dev does not corroborate exactly one local source.
POSTAL-3212302008,32.12.30.2008,MEKARSARI,TUKDANA,KAB. INDRAMAYU,unresolved_do_not_guess,review_required,,45270;45272;45276,,yes,No automatic selection: Kodepos.dev does not corroborate exactly one local source.
POSTAL-3212302009,32.12.30.2009,LAJER,TUKDANA,KAB. INDRAMAYU,unresolved_do_not_guess,review_required,,45270;45272;45276,,yes,No automatic selection: Kodepos.dev does not corroborate exactly one local source.
POSTAL-3212302010,32.12.30.2010,TUKDANA,TUKDANA,KAB. INDRAMAYU,unresolved_do_not_guess,review_required,,45270;45272;45276,,yes,No automatic selection: Kodepos.dev does not corroborate exactly one local source.
POSTAL-3212302011,32.12.30.2011,SUKADANA,TUKDANA,KAB. INDRAMAYU,unresolved_do_not_guess,review_required,,45270;45272;45276,,yes,No automatic selection: Kodepos.dev does not corroborate exactly one local source.
POSTAL-3212302012,32.12.30.2012,PAGEDANGAN,TUKDANA,KAB. INDRAMAYU,unresolved_do_not_guess,review_required,,45270;45272;45276,,yes,No automatic selection: Kodepos.dev does not corroborate exactly one local source.
POSTAL-3212302013,32.12.30.2013,SUKAPERNA,TUKDANA,KAB. INDRAMAYU,unresolved_do_not_guess,review_required,,45270;45272;45276,,yes,No automatic selection: Kodepos.dev does not corroborate exactly one local source.
POSTAL-3212312001,32.12.31.2001,LIMPAS,PATROL,KAB. INDRAMAYU,candidate_review_only,corroborated_candidate,45257,45257;45258,,yes,Kodepos.dev corroborates Open Data Jabar; candidate is not accepted as final.
POSTAL-3212312002,32.12.31.2002,MEKARSARI,PATROL,KAB. INDRAMAYU,candidate_review_only,corroborated_candidate,45257,45257;45258,,yes,Kodepos.dev corroborates Open Data Jabar; candidate is not accepted as final.
POSTAL-3212312003,32.12.31.2003,PATROL BARU,PATROL,KAB. INDRAMAYU,candidate_review_only,corroborated_candidate,45257,45257;45258,,yes,Kodepos.dev corroborates Open Data Jabar; candidate is not accepted as final.
POSTAL-3212312004,32.12.31.2004,PATROL LOR,PATROL,KAB. INDRAMAYU,candidate_review_only,corroborated_candidate,45257,45257;45258,,yes,Kodepos.dev corroborates Open Data Jabar; candidate is not accepted as final.
POSTAL-3212312005,32.12.31.2005,PATROL,PATROL,KAB. INDRAMAYU,candidate_review_only,corroborated_candidate,45257,45257;45258,,yes,Kodepos.dev corroborates Open Data Jabar; candidate is not accepted as final.
POSTAL-3212312006,32.12.31.2006,BUGEL,PATROL,KAB. INDRAMAYU,candidate_review_only,corroborated_candidate,45257,45257;45258,,yes,Kodepos.dev corroborates Open Data Jabar; candidate is not accepted as final.
POSTAL-3212312007,32.12.31.2007,ARJASARI,PATROL,KAB. INDRAMAYU,candidate_review_only,corroborated_candidate,45257,45257;45258,,yes,Kodepos.dev corroborates Open Data Jabar; candidate is not accepted as final.
POSTAL-3212312008,32.12.31.2008,SUKAHAJI,PATROL,KAB. INDRAMAYU,candidate_review_only,corroborated_candidate,45257,45257;45258,,yes,Kodepos.dev corroborates Open Data Jabar; candidate is not accepted as final.
POSTAL-3213031001,32.13.03.1001,PARUNG,SUBANG,KAB. SUBANG,candidate_review_only,corroborated_candidate,41211,41211;41216,,yes,Kodepos.dev corroborates Open Data Jabar; candidate is not accepted as final.
POSTAL-3213031003,32.13.03.1003,PASIRKAREUMBI,SUBANG,KAB. SUBANG,candidate_review_only,corroborated_candidate,41211,41211;41214,,yes,Kodepos.dev corroborates Open Data Jabar; candidate is not accepted as final.
POSTAL-3213031006,32.13.03.1006,SUKAMELANG,SUBANG,KAB. SUBANG,candidate_review_only,corroborated_candidate,41211,41211;41217,,yes,Kodepos.dev corroborates Open Data Jabar; candidate is not accepted as final.
POSTAL-3213031008,32.13.03.1008,WANAREJA,SUBANG,KAB. SUBANG,candidate_review_only,corroborated_candidate,41211,41211;41218,,yes,Kodepos.dev corroborates Open Data Jabar; candidate is not accepted as final.
POSTAL-3213052004,32.13.05.2004,PABUARAN,PABUARAN,KAB. SUBANG,candidate_review_only,corroborated_candidate,41262,41262;42163,,yes,Kodepos.dev corroborates Diskominfo; candidate is not accepted as final.
POSTAL-3213062004,32.13.06.2004,PURWADADI,PURWADADI,KAB. SUBANG,candidate_review_only,corroborated_candidate,41261,41261;46385,,yes,Kodepos.dev corroborates Diskominfo; candidate is not accepted as final.
POSTAL-3213072004,32.13.07.2004,GUNUNGSEMBUNG,PAGADEN,KAB. SUBANG,unresolved_do_not_guess,review_required,,41251;41252,,yes,No automatic selection: Kodepos.dev does not corroborate exactly one local source.
POSTAL-3213072005,32.13.07.2005,GEMBOR,PAGADEN,KAB. SUBANG,unresolved_do_not_guess,review_required,,41251;41252,,yes,No automatic selection: Kodepos.dev does not corroborate exactly one local source.
POSTAL-3213072006,32.13.07.2006,KAMARUNG,PAGADEN,KAB. SUBANG,unresolved_do_not_guess,review_required,,41251;41252,,yes,No automatic selection: Kodepos.dev does not corroborate exactly one local source.
POSTAL-3213072010,32.13.07.2010,GAMBARSARI,PAGADEN,KAB. SUBANG,unresolved_do_not_guess,review_required,,41251;41252,,yes,No automatic selection: Kodepos.dev does not corroborate exactly one local source.
POSTAL-3213072011,32.13.07.2011,PAGEDAN,PAGADEN,KAB. SUBANG,unresolved_do_not_guess,review_required,,41251;41252,,yes,No automatic selection: Kodepos.dev does not corroborate exactly one local source.
POSTAL-3213072012,32.13.07.2012,SUKAMULYA,PAGADEN,KAB. SUBANG,candidate_review_only,corroborated_candidate,41251,41251;41252,,yes,Kodepos.dev corroborates Open Data Jabar; candidate is not accepted as final.
POSTAL-3213072013,32.13.07.2013,NEGLASARI,PAGADEN,KAB. SUBANG,unresolved_do_not_guess,review_required,,41251;41252,,yes,No automatic selection: Kodepos.dev does not corroborate exactly one local source.
POSTAL-3213072014,32.13.07.2014,SUMBERSARI,PAGADEN,KAB. SUBANG,unresolved_do_not_guess,review_required,,41251;41252,,yes,No automatic selection: Kodepos.dev does not corroborate exactly one local source.
POSTAL-3213072015,32.13.07.2015,GUNUNGSARI,PAGADEN,KAB. SUBANG,unresolved_do_not_guess,review_required,,41251;41252,,yes,No automatic selection: Kodepos.dev does not corroborate exactly one local source.
POSTAL-3213072019,32.13.07.2019,JABONG,PAGADEN,KAB. SUBANG,unresolved_do_not_guess,review_required,,41251;41252,,yes,No automatic selection: Kodepos.dev does not corroborate exactly one local source.
POSTAL-3213102005,32.13.10.2005,PUSAKARATU,PUSAKANAGARA,KAB. SUBANG,unresolved_do_not_guess,review_required,,41255;41265,,yes,No automatic selection: Kodepos.dev does not corroborate exactly one local source.
POSTAL-3213102006,32.13.10.2006,GEMPOL,PUSAKANAGARA,KAB. SUBANG,unresolved_do_not_guess,review_required,,41255;41265,,yes,No automatic selection: Kodepos.dev does not corroborate exactly one local source.
POSTAL-3213102007,32.13.10.2007,KALENTAMBO,PUSAKANAGARA,KAB. SUBANG,unresolved_do_not_guess,review_required,,41255;41265,,yes,No automatic selection: Kodepos.dev does not corroborate exactly one local source.
POSTAL-3213102008,32.13.10.2008,PATIMBAN,PUSAKANAGARA,KAB. SUBANG,unresolved_do_not_guess,review_required,,41255;41265,,yes,No automatic selection: Kodepos.dev does not corroborate exactly one local source.
POSTAL-3213102012,32.13.10.2012,RANCADAKA,PUSAKANAGARA,KAB. SUBANG,unresolved_do_not_guess,review_required,,41255;41265,,yes,No automatic selection: Kodepos.dev does not corroborate exactly one local source.
POSTAL-3213102014,32.13.10.2014,KOTASARI,PUSAKANAGARA,KAB. SUBANG,unresolved_do_not_guess,review_required,,41255;41265,,yes,No automatic selection: Kodepos.dev does not corroborate exactly one local source.
POSTAL-3213102015,32.13.10.2015,MUNDUSARI,PUSAKANAGARA,KAB. SUBANG,unresolved_do_not_guess,review_required,,41255;41265,,yes,No automatic selection: Kodepos.dev does not corroborate exactly one local source.
POSTAL-3213112002,32.13.11.2002,RANCASARI,PAMANUKAN,KAB. SUBANG,unresolved_do_not_guess,review_required,,41254;41264,,yes,No automatic selection: Kodepos.dev does not corroborate exactly one local source.
POSTAL-3213112003,32.13.11.2003,RANCAHILIR,PAMANUKAN,KAB. SUBANG,unresolved_do_not_guess,review_required,,41254;41264,,yes,No automatic selection: Kodepos.dev does not corroborate exactly one local source.
POSTAL-3213112004,32.13.11.2004,PAMANUKAN,PAMANUKAN,KAB. SUBANG,unresolved_do_not_guess,review_required,,41254;41264,,yes,No automatic selection: Kodepos.dev does not corroborate exactly one local source.
POSTAL-3213112006,32.13.11.2006,PAMANUKAN HILIR,PAMANUKAN,KAB. SUBANG,unresolved_do_not_guess,review_required,,41254;41264,,yes,No automatic selection: Kodepos.dev does not corroborate exactly one local source.
POSTAL-3213112007,32.13.11.2007,PAMANUKAN SEBRANG,PAMANUKAN,KAB. SUBANG,unresolved_do_not_guess,review_required,,41254;41264,,yes,No automatic selection: Kodepos.dev does not corroborate exactly one local source.
POSTAL-3213112009,32.13.11.2009,MULYASARI,PAMANUKAN,KAB. SUBANG,unresolved_do_not_guess,review_required,,41254;41264,,yes,No automatic selection: Kodepos.dev does not corroborate exactly one local source.
POSTAL-3213112010,32.13.11.2010,LENGKONGJAYA,PAMANUKAN,KAB. SUBANG,unresolved_do_not_guess,review_required,,41254;41264,,yes,No automatic selection: Kodepos.dev does not corroborate exactly one local source.
POSTAL-3213112011,32.13.11.2011,BONGAS,PAMANUKAN,KAB. SUBANG,unresolved_do_not_guess,review_required,,41254;41264,,yes,No automatic selection: Kodepos.dev does not corroborate exactly one local source.
POSTAL-3213202001,32.13.20.2001,KARYAMUKTI,CIPEUNDEUY,KAB. SUBANG,candidate_review_only,corroborated_candidate,41272,41272,,yes,Kodepos.dev corroborates Diskominfo; candidate is not accepted as final.
POSTAL-3213202006,32.13.20.2006,KOSAR,CIPEUNDEUY,KAB. SUBANG,candidate_review_only,corroborated_candidate,41272,41272,,yes,Kodepos.dev corroborates Diskominfo; candidate is not accepted as final.
POSTAL-3213212001,32.13.21.2001,TEGALURUNG,LEGONKULON,KAB. SUBANG,candidate_review_only,corroborated_candidate,41254,41254;41267,,yes,Kodepos.dev corroborates Open Data Jabar; candidate is not accepted as final.
POSTAL-3213212002,32.13.21.2002,BOBOS,LEGONKULON,KAB. SUBANG,candidate_review_only,corroborated_candidate,41254,41254;41267,,yes,Kodepos.dev corroborates Open Data Jabar; candidate is not accepted as final.
POSTAL-3213212003,32.13.21.2003,LEGONKULON,LEGONKULON,KAB. SUBANG,candidate_review_only,corroborated_candidate,41254,41254;41267,,yes,Kodepos.dev corroborates Open Data Jabar; candidate is not accepted as final.
POSTAL-3213212004,32.13.21.2004,MAYANGAN,LEGONKULON,KAB. SUBANG,candidate_review_only,corroborated_candidate,41254,41254;41267,,yes,Kodepos.dev corroborates Open Data Jabar; candidate is not accepted as final.
POSTAL-3213212005,32.13.21.2005,LEGONWETAN,LEGONKULON,KAB. SUBANG,candidate_review_only,corroborated_candidate,41254,41254;41267,,yes,Kodepos.dev corroborates Open Data Jabar; candidate is not accepted as final.
POSTAL-3213212006,32.13.21.2006,PANGARENGAN,LEGONKULON,KAB. SUBANG,candidate_review_only,corroborated_candidate,41254,41254;41267,,yes,Kodepos.dev corroborates Open Data Jabar; candidate is not accepted as final.
POSTAL-3213212007,32.13.21.2007,KARANGMULYA,LEGONKULON,KAB. SUBANG,candidate_review_only,corroborated_candidate,41254,41254;41267,,yes,Kodepos.dev corroborates Open Data Jabar; candidate is not accepted as final.
POSTAL-3213222001,32.13.22.2001,KAWUNGANTEN,CIKAUM,KAB. SUBANG,unresolved_do_not_guess,review_required,,41264;41266,,yes,No automatic selection: Kodepos.dev does not corroborate exactly one local source.
POSTAL-3213222002,32.13.22.2002,SINDANGSARI,CIKAUM,KAB. SUBANG,unresolved_do_not_guess,review_required,,41253;41264;41266,,yes,No automatic selection: Kodepos.dev does not corroborate exactly one local source.
POSTAL-3213222003,32.13.22.2003,CIKAUM BARAT,CIKAUM,KAB. SUBANG,unresolved_do_not_guess,review_required,,41253;41264;41266,,yes,No automatic selection: Kodepos.dev does not corroborate exactly one local source.
POSTAL-3213222004,32.13.22.2004,CIKAUM TIMUR,CIKAUM,KAB. SUBANG,unresolved_do_not_guess,review_required,,41253;41264;41266,,yes,No automatic selection: Kodepos.dev does not corroborate exactly one local source.
POSTAL-3213222005,32.13.22.2005,TANJUNGSARI BARAT,CIKAUM,KAB. SUBANG,unresolved_do_not_guess,review_required,,41253;41264;41266,,yes,No automatic selection: Kodepos.dev does not corroborate exactly one local source.
POSTAL-3213222006,32.13.22.2006,MEKARSARI,CIKAUM,KAB. SUBANG,unresolved_do_not_guess,review_required,,41253;41264;41266,,yes,No automatic selection: Kodepos.dev does not corroborate exactly one local source.
POSTAL-3213222007,32.13.22.2007,TANJUNGSARI TIMUR,CIKAUM,KAB. SUBANG,unresolved_do_not_guess,review_required,,41253;41264;41266,,yes,No automatic selection: Kodepos.dev does not corroborate exactly one local source.
POSTAL-3213222008,32.13.22.2008,GANDASARI,CIKAUM,KAB. SUBANG,unresolved_do_not_guess,review_required,,41253;41264;41266,,yes,No automatic selection: Kodepos.dev does not corroborate exactly one local source.
POSTAL-3213222009,32.13.22.2009,PASIRMUNCANG,CIKAUM,KAB. SUBANG,unresolved_do_not_guess,review_required,,41253;41264;41266,,yes,No automatic selection: Kodepos.dev does not corroborate exactly one local source.
POSTAL-3213232001,32.13.23.2001,CIJENGKOL,SERANGPANJANG,KAB. SUBANG,unresolved_do_not_guess,review_required,,41282;41287;41288,,yes,No automatic selection: Kodepos.dev does not corroborate exactly one local source.
POSTAL-3213232002,32.13.23.2002,TALAGASARI,SERANGPANJANG,KAB. SUBANG,unresolved_do_not_guess,review_required,,41282;41287;41288,,yes,No automatic selection: Kodepos.dev does not corroborate exactly one local source.
POSTAL-3213232003,32.13.23.2003,CINTAMEKAR,SERANGPANJANG,KAB. SUBANG,unresolved_do_not_guess,review_required,,41282;41287;41288,,yes,No automatic selection: Kodepos.dev does not corroborate exactly one local source.
POSTAL-3213232004,32.13.23.2004,PONGGANG,SERANGPANJANG,KAB. SUBANG,unresolved_do_not_guess,review_required,,41282;41287;41288,,yes,No automatic selection: Kodepos.dev does not corroborate exactly one local source.
POSTAL-3213232005,32.13.23.2005,CIKUJANG,SERANGPANJANG,KAB. SUBANG,unresolved_do_not_guess,review_required,,41282;41287;41288,,yes,No automatic selection: Kodepos.dev does not corroborate exactly one local source.
POSTAL-3213232006,32.13.23.2006,CIPANCAR,SERANGPANJANG,KAB. SUBANG,unresolved_do_not_guess,review_required,,41282;41287;41288,,yes,No automatic selection: Kodepos.dev does not corroborate exactly one local source.
POSTAL-3213242001,32.13.24.2001,ANGGASARI,SUKASARI,KAB. SUBANG,unresolved_do_not_guess,review_required,,41250;41254;41268,,yes,No automatic selection: Kodepos.dev does not corroborate exactly one local source.
POSTAL-3213242002,32.13.24.2002,BATANGSARI,SUKASARI,KAB. SUBANG,unresolved_do_not_guess,review_required,,41250;41254;41268,,yes,No automatic selection: Kodepos.dev does not corroborate exactly one local source.
POSTAL-3213242003,32.13.24.2003,SUKAMAJU,SUKASARI,KAB. SUBANG,unresolved_do_not_guess,review_required,,41250;41254;41268,,yes,No automatic selection: Kodepos.dev does not corroborate exactly one local source.
POSTAL-3213242004,32.13.24.2004,MANDALAWANGI,SUKASARI,KAB. SUBANG,unresolved_do_not_guess,review_required,,41250;41256;41268,,yes,No automatic selection: Kodepos.dev does not corroborate exactly one local source.
POSTAL-3213242005,32.13.24.2005,CURUGREJA,SUKASARI,KAB. SUBANG,unresolved_do_not_guess,review_required,,41250;41254;41268,,yes,No automatic selection: Kodepos.dev does not corroborate exactly one local source.
POSTAL-3213242006,32.13.24.2006,SUKAREJA,SUKASARI,KAB. SUBANG,unresolved_do_not_guess,review_required,,41250;41254;41268,,yes,No automatic selection: Kodepos.dev does not corroborate exactly one local source.
POSTAL-3213242007,32.13.24.2007,SUKASARI,SUKASARI,KAB. SUBANG,unresolved_do_not_guess,review_required,,41250;41268;45366,,yes,No automatic selection: Kodepos.dev does not corroborate exactly one local source.
POSTAL-3213252001,32.13.25.2001,TANJUNGRASA,TAMBAKDAHAN,KAB. SUBANG,unresolved_do_not_guess,review_required,,41253;41265;41267,,yes,No automatic selection: Kodepos.dev does not corroborate exactly one local source.
POSTAL-3213252002,32.13.25.2002,WANAJAYA,TAMBAKDAHAN,KAB. SUBANG,unresolved_do_not_guess,review_required,,41253;41265;41267,,yes,No automatic selection: Kodepos.dev does not corroborate exactly one local source.
POSTAL-3213252003,32.13.25.2003,GARDUMUKTI,TAMBAKDAHAN,KAB. SUBANG,unresolved_do_not_guess,review_required,,41253;41265;41267,,yes,No automatic selection: Kodepos.dev does not corroborate exactly one local source.
POSTAL-3213252004,32.13.25.2004,MARIUK,TAMBAKDAHAN,KAB. SUBANG,unresolved_do_not_guess,review_required,,41253;41265;41267,,yes,No automatic selection: Kodepos.dev does not corroborate exactly one local source.
POSTAL-3213252005,32.13.25.2005,KERTAJAYA,TAMBAKDAHAN,KAB. SUBANG,unresolved_do_not_guess,review_required,,41253;41265;41267,,yes,No automatic selection: Kodepos.dev does not corroborate exactly one local source.
POSTAL-3213252006,32.13.25.2006,TAMBAKDAHAN,TAMBAKDAHAN,KAB. SUBANG,unresolved_do_not_guess,review_required,,41253;41265;41267,,yes,No automatic selection: Kodepos.dev does not corroborate exactly one local source.
POSTAL-3213252007,32.13.25.2007,RANCAUDIK,TAMBAKDAHAN,KAB. SUBANG,unresolved_do_not_guess,review_required,,41253;41265;41267,,yes,No automatic selection: Kodepos.dev does not corroborate exactly one local source.
POSTAL-3213252008,32.13.25.2008,BOJONGKEDING,TAMBAKDAHAN,KAB. SUBANG,unresolved_do_not_guess,review_required,,41253;41265;41267,,yes,No automatic selection: Kodepos.dev does not corroborate exactly one local source.
POSTAL-3213252009,32.13.25.2009,BOJONEGARA,TAMBAKDAHAN,KAB. SUBANG,unresolved_do_not_guess,review_required,,41253;41265;41267,,yes,No automatic selection: Kodepos.dev does not corroborate exactly one local source.
POSTAL-3213262001,32.13.26.2001,SINDANGSARI,KASOMALANG,KAB. SUBANG,unresolved_do_not_guess,review_required,,41283;41287;41289,,yes,No automatic selection: Kodepos.dev does not corroborate exactly one local source.
POSTAL-3213262002,32.13.26.2002,PASANGGRAHAN,KASOMALANG,KAB. SUBANG,unresolved_do_not_guess,review_required,,41283;41287;41289,,yes,No automatic selection: Kodepos.dev does not corroborate exactly one local source.
POSTAL-3213262003,32.13.26.2003,BOJONGLOA,KASOMALANG,KAB. SUBANG,unresolved_do_not_guess,review_required,,41283;41287;41289,,yes,No automatic selection: Kodepos.dev does not corroborate exactly one local source.
POSTAL-3213262004,32.13.26.2004,SUKAMELANG,KASOMALANG,KAB. SUBANG,unresolved_do_not_guess,review_required,,41283;41287;41289,,yes,No automatic selection: Kodepos.dev does not corroborate exactly one local source.
POSTAL-3213262005,32.13.26.2005,TENJOLAYA,KASOMALANG,KAB. SUBANG,unresolved_do_not_guess,review_required,,41283;41287;41289,,yes,No automatic selection: Kodepos.dev does not corroborate exactly one local source.
POSTAL-3213262006,32.13.26.2006,KASOMALANG WETAN,KASOMALANG,KAB. SUBANG,unresolved_do_not_guess,review_required,,41281;41287;41289,,yes,No automatic selection: Kodepos.dev does not corroborate exactly one local source.
POSTAL-3213262007,32.13.26.2007,KASOMALANG KULON,KASOMALANG,KAB. SUBANG,unresolved_do_not_guess,review_required,,41281;41287;41289,,yes,No automatic selection: Kodepos.dev does not corroborate exactly one local source.
POSTAL-3213262008,32.13.26.2008,CIMANGLID,KASOMALANG,KAB. SUBANG,unresolved_do_not_guess,review_required,,41281;41287;41289,,yes,No automatic selection: Kodepos.dev does not corroborate exactly one local source.
POSTAL-3213272001,32.13.27.2001,MANYETI,DAWUAN,KAB. SUBANG,unresolved_do_not_guess,review_required,,41270;41271;41273,,yes,No automatic selection: Kodepos.dev does not corroborate exactly one local source.
POSTAL-3213272002,32.13.27.2002,RAWALELE,DAWUAN,KAB. SUBANG,unresolved_do_not_guess,review_required,,41270;41271;41273,,yes,No automatic selection: Kodepos.dev does not corroborate exactly one local source.
POSTAL-3213272003,32.13.27.2003,SUKASARI,DAWUAN,KAB. SUBANG,unresolved_do_not_guess,review_required,,41270;41271;41273,,yes,No automatic selection: Kodepos.dev does not corroborate exactly one local source.
POSTAL-3213272004,32.13.27.2004,SITUSARI,DAWUAN,KAB. SUBANG,unresolved_do_not_guess,review_required,,41270;41271;41273,,yes,No automatic selection: Kodepos.dev does not corroborate exactly one local source.
POSTAL-3213272005,32.13.27.2005,DAWUAN KALER,DAWUAN,KAB. SUBANG,unresolved_do_not_guess,review_required,,41270;41271;41273,,yes,No automatic selection: Kodepos.dev does not corroborate exactly one local source.
POSTAL-3213272006,32.13.27.2006,DAWUAN KIDUL,DAWUAN,KAB. SUBANG,unresolved_do_not_guess,review_required,,41270;41271;41273,,yes,No automatic selection: Kodepos.dev does not corroborate exactly one local source.
POSTAL-3213272007,32.13.27.2007,CISAMPIH,DAWUAN,KAB. SUBANG,unresolved_do_not_guess,review_required,,41270;41271;41273,,yes,No automatic selection: Kodepos.dev does not corroborate exactly one local source.
POSTAL-3213272008,32.13.27.2008,MARGASARI,DAWUAN,KAB. SUBANG,unresolved_do_not_guess,review_required,,41270;41271;41273,,yes,No automatic selection: Kodepos.dev does not corroborate exactly one local source.
POSTAL-3213272009,32.13.27.2009,BATUSARI,DAWUAN,KAB. SUBANG,unresolved_do_not_guess,review_required,,41270;41271;41273,,yes,No automatic selection: Kodepos.dev does not corroborate exactly one local source.
POSTAL-3213272010,32.13.27.2010,JAMBELAER,DAWUAN,KAB. SUBANG,unresolved_do_not_guess,review_required,,41270;41271;41273,,yes,No automatic selection: Kodepos.dev does not corroborate exactly one local source.
POSTAL-3213282001,32.13.28.2001,MEKARWANGI,PAGADEN BARAT,KAB. SUBANG,candidate_review_only,corroborated_candidate,41252,41252;41274,,yes,Kodepos.dev corroborates Open Data Jabar; candidate is not accepted as final.
POSTAL-3213282002,32.13.28.2002,BENDUNGAN,PAGADEN BARAT,KAB. SUBANG,candidate_review_only,corroborated_candidate,41252,41252;41274,,yes,Kodepos.dev corroborates Open Data Jabar; candidate is not accepted as final.
POSTAL-3213282003,32.13.28.2003,MUNJUL,PAGADEN BARAT,KAB. SUBANG,candidate_review_only,corroborated_candidate,41252,41252;41274,,yes,Kodepos.dev corroborates Open Data Jabar; candidate is not accepted as final.
POSTAL-3213282004,32.13.28.2004,MARGAHAYU,PAGADEN BARAT,KAB. SUBANG,candidate_review_only,corroborated_candidate,41252,41252;41274,,yes,Kodepos.dev corroborates Open Data Jabar; candidate is not accepted as final.
POSTAL-3213282005,32.13.28.2005,PANGSOR,PAGADEN BARAT,KAB. SUBANG,candidate_review_only,corroborated_candidate,41252,41252;41274,,yes,Kodepos.dev corroborates Open Data Jabar; candidate is not accepted as final.
POSTAL-3213282006,32.13.28.2006,SUMURGINTUNG,PAGADEN BARAT,KAB. SUBANG,candidate_review_only,corroborated_candidate,41252,41252;41274,,yes,Kodepos.dev corroborates Open Data Jabar; candidate is not accepted as final.
POSTAL-3213282007,32.13.28.2007,BALIMBING,PAGADEN BARAT,KAB. SUBANG,candidate_review_only,corroborated_candidate,41252,41252;41274,,yes,Kodepos.dev corroborates Open Data Jabar; candidate is not accepted as final.
POSTAL-3213282008,32.13.28.2008,CIDAHU,PAGADEN BARAT,KAB. SUBANG,candidate_review_only,corroborated_candidate,41252,41252;41274,,yes,Kodepos.dev corroborates Open Data Jabar; candidate is not accepted as final.
POSTAL-3213282009,32.13.28.2009,CIDADAP,PAGADEN BARAT,KAB. SUBANG,candidate_review_only,corroborated_candidate,41252,41252;41274,,yes,Kodepos.dev corroborates Open Data Jabar; candidate is not accepted as final.
POSTAL-3213292001,32.13.29.2001,CISAAT,CIATER,KAB. SUBANG,unresolved_do_not_guess,review_required,,41280;41281;41288,,yes,No automatic selection: Kodepos.dev does not corroborate exactly one local source.
POSTAL-3213292002,32.13.29.2002,CIATER,CIATER,KAB. SUBANG,unresolved_do_not_guess,review_required,,41280;41281;41288,,yes,No automatic selection: Kodepos.dev does not corroborate exactly one local source.
POSTAL-3213292003,32.13.29.2003,NAGRAK,CIATER,KAB. SUBANG,unresolved_do_not_guess,review_required,,41280;41281;41288,,yes,No automatic selection: Kodepos.dev does not corroborate exactly one local source.
POSTAL-3213292004,32.13.29.2004,CIBEUSI,CIATER,KAB. SUBANG,unresolved_do_not_guess,review_required,,41280;41281;41288,,yes,No automatic selection: Kodepos.dev does not corroborate exactly one local source.
POSTAL-3213292005,32.13.29.2005,CIBITUNG,CIATER,KAB. SUBANG,unresolved_do_not_guess,review_required,,41280;41281;41288,,yes,No automatic selection: Kodepos.dev does not corroborate exactly one local source.
POSTAL-3213292006,32.13.29.2006,PALASARI,CIATER,KAB. SUBANG,unresolved_do_not_guess,review_required,,41251;41280;41288,,yes,No automatic selection: Kodepos.dev does not corroborate exactly one local source.
POSTAL-3213292007,32.13.29.2007,SANCA,CIATER,KAB. SUBANG,unresolved_do_not_guess,review_required,,41280;41281;41288,,yes,No automatic selection: Kodepos.dev does not corroborate exactly one local source.
POSTAL-3213302001,32.13.30.2001,KEBONDANAS,PUSAKAJAYA,KAB. SUBANG,candidate_review_only,corroborated_candidate,41255,41255;41266,,yes,Kodepos.dev corroborates Open Data Jabar; candidate is not accepted as final.
POSTAL-3213302002,32.13.30.2002,PUSAKAJAYA,PUSAKAJAYA,KAB. SUBANG,candidate_review_only,corroborated_candidate,41255,41255;41266,,yes,Kodepos.dev corroborates Open Data Jabar; candidate is not accepted as final.
POSTAL-3213302003,32.13.30.2003,KARANGANYAR,PUSAKAJAYA,KAB. SUBANG,candidate_review_only,corroborated_candidate,41255,41255;41266,,yes,Kodepos.dev corroborates Open Data Jabar; candidate is not accepted as final.
POSTAL-3213302004,32.13.30.2004,BOJONGTENGAH,PUSAKAJAYA,KAB. SUBANG,unresolved_do_not_guess,review_required,,41255;41266,,yes,No automatic selection: Kodepos.dev does not corroborate exactly one local source.
POSTAL-3213302005,32.13.30.2005,BOJONGJAYA,PUSAKAJAYA,KAB. SUBANG,unresolved_do_not_guess,review_required,,41255;41266,,yes,No automatic selection: Kodepos.dev does not corroborate exactly one local source.
POSTAL-3213302006,32.13.30.2006,CIGUGUR,PUSAKAJAYA,KAB. SUBANG,candidate_review_only,corroborated_candidate,41255,41255;41266,,yes,Kodepos.dev corroborates Open Data Jabar; candidate is not accepted as final.
POSTAL-3213302007,32.13.30.2007,CIGUGUR KALER,PUSAKAJAYA,KAB. SUBANG,candidate_review_only,corroborated_candidate,41255,41255;41266,,yes,Kodepos.dev corroborates Open Data Jabar; candidate is not accepted as final.
POSTAL-3213302008,32.13.30.2008,RANGDU,PUSAKAJAYA,KAB. SUBANG,candidate_review_only,corroborated_candidate,41255,41255;41266,,yes,Kodepos.dev corroborates Open Data Jabar; candidate is not accepted as final.
POSTAL-3214012010,32.14.01.2010,CITALANG,PURWAKARTA,KAB. PURWAKARTA,candidate_review_only,corroborated_candidate,41111,41111;41119,,yes,Kodepos.dev corroborates Open Data Jabar; candidate is not accepted as final.
POSTAL-3214022001,32.14.02.2001,CAMPAKA,CAMPAKA,KAB. PURWAKARTA,unresolved_do_not_guess,review_required,,41180;41181;43263,,yes,No automatic selection: Kodepos.dev does not corroborate exactly one local source.
POSTAL-3214022002,32.14.02.2002,CAMPAKASARI,CAMPAKA,KAB. PURWAKARTA,unresolved_do_not_guess,review_required,,41180;41181,,yes,No automatic selection: Kodepos.dev does not corroborate exactly one local source.
POSTAL-3214022003,32.14.02.2003,BENTENG,CAMPAKA,KAB. PURWAKARTA,unresolved_do_not_guess,review_required,,41180;41181,,yes,No automatic selection: Kodepos.dev does not corroborate exactly one local source.
POSTAL-3214022004,32.14.02.2004,CIRENDE,CAMPAKA,KAB. PURWAKARTA,unresolved_do_not_guess,review_required,,41180;41181,,yes,No automatic selection: Kodepos.dev does not corroborate exactly one local source.
POSTAL-3214022005,32.14.02.2005,CIKUMPAY,CAMPAKA,KAB. PURWAKARTA,unresolved_do_not_guess,review_required,,41180;41181,,yes,No automatic selection: Kodepos.dev does not corroborate exactly one local source.
POSTAL-3214022006,32.14.02.2006,CIJAYA,CAMPAKA,KAB. PURWAKARTA,unresolved_do_not_guess,review_required,,41180;41181,,yes,No automatic selection: Kodepos.dev does not corroborate exactly one local source.
POSTAL-3214022007,32.14.02.2007,KERTAMUKTI,CAMPAKA,KAB. PURWAKARTA,unresolved_do_not_guess,review_required,,41180;41181,,yes,No automatic selection: Kodepos.dev does not corroborate exactly one local source.
POSTAL-3214022008,32.14.02.2008,CIMAHI,CAMPAKA,KAB. PURWAKARTA,unresolved_do_not_guess,review_required,,41180;41181,,yes,No automatic selection: Kodepos.dev does not corroborate exactly one local source.
POSTAL-3214022009,32.14.02.2009,CIJUNTI,CAMPAKA,KAB. PURWAKARTA,unresolved_do_not_guess,review_required,,41180;41181,,yes,No automatic selection: Kodepos.dev does not corroborate exactly one local source.
POSTAL-3214022010,32.14.02.2010,CISAAT,CAMPAKA,KAB. PURWAKARTA,unresolved_do_not_guess,review_required,,41180;41181,,yes,No automatic selection: Kodepos.dev does not corroborate exactly one local source.
POSTAL-3214032007,32.14.03.2007,BUNDER,JATILUHUR,KAB. PURWAKARTA,candidate_review_only,corroborated_candidate,41161,41152;41161,,yes,Kodepos.dev corroborates Open Data Jabar; candidate is not accepted as final.
POSTAL-3214082007,32.14.08.2007,SUKAHAJI,TEGALWARU,KAB. PURWAKARTA,candidate_review_only,corroborated_candidate,41165,41111;41165,,yes,Kodepos.dev corroborates Diskominfo; candidate is not accepted as final.
POSTAL-3214092012,32.14.09.2012,SAKAMBANG,WANAYASA,KAB. PURWAKARTA,candidate_review_only,corroborated_candidate,41174,41174;41175,,yes,Kodepos.dev corroborates Open Data Jabar; candidate is not accepted as final.
POSTAL-3214102002,32.14.10.2002,PASAWAHAN,PASAWAHAN,KAB. PURWAKARTA,candidate_review_only,corroborated_candidate,41172,41172;45559,,yes,Kodepos.dev corroborates Diskominfo; candidate is not accepted as final.
POSTAL-3214102005,32.14.10.2005,CIDAHU,PASAWAHAN,KAB. PURWAKARTA,candidate_review_only,corroborated_candidate,41172,41172;45559,,yes,Kodepos.dev corroborates Diskominfo; candidate is not accepted as final.
POSTAL-3214102010,32.14.10.2010,MARGASARI,PASAWAHAN,KAB. PURWAKARTA,candidate_review_only,corroborated_candidate,41171,41171;41172,,yes,Kodepos.dev corroborates Open Data Jabar; candidate is not accepted as final.
POSTAL-3214112008,32.14.11.2008,KERTASARI,BOJONG,KAB. PURWAKARTA,candidate_review_only,corroborated_candidate,41164,41163;41164,,yes,Kodepos.dev corroborates Open Data Jabar; candidate is not accepted as final.
POSTAL-3214112009,32.14.11.2009,PANGKALAN,BOJONG,KAB. PURWAKARTA,candidate_review_only,corroborated_candidate,41164,41164;41174,,yes,Kodepos.dev corroborates Open Data Jabar; candidate is not accepted as final.
POSTAL-3214112013,32.14.11.2013,SINDANGSARI,BOJONG,KAB. PURWAKARTA,candidate_review_only,corroborated_candidate,41164,41162;41164,,yes,Kodepos.dev corroborates Open Data Jabar; candidate is not accepted as final.
POSTAL-3214132001,32.14.13.2001,CIWANGI,BUNGURSARI,KAB. PURWAKARTA,candidate_review_only,corroborated_candidate,41181,41181;41182,,yes,Kodepos.dev corroborates Open Data Jabar; candidate is not accepted as final.
POSTAL-3214132002,32.14.13.2002,CIBENING,BUNGURSARI,KAB. PURWAKARTA,candidate_review_only,corroborated_candidate,41181,41181;41182,,yes,Kodepos.dev corroborates Open Data Jabar; candidate is not accepted as final.
POSTAL-3214132003,32.14.13.2003,BUNGURSARI,BUNGURSARI,KAB. PURWAKARTA,unresolved_do_not_guess,review_required,,41181;41182;46151,,yes,No automatic selection: Kodepos.dev does not corroborate exactly one local source.
POSTAL-3214132004,32.14.13.2004,DANGDEUR,BUNGURSARI,KAB. PURWAKARTA,candidate_review_only,corroborated_candidate,41181,41181;41182,,yes,Kodepos.dev corroborates Open Data Jabar; candidate is not accepted as final.
POSTAL-3214132005,32.14.13.2005,CIBUNGUR,BUNGURSARI,KAB. PURWAKARTA,candidate_review_only,corroborated_candidate,41181,41181;41182,,yes,Kodepos.dev corroborates Open Data Jabar; candidate is not accepted as final.
POSTAL-3214132006,32.14.13.2006,WANAKERTA,BUNGURSARI,KAB. PURWAKARTA,candidate_review_only,corroborated_candidate,41181,41181;41182,,yes,Kodepos.dev corroborates Open Data Jabar; candidate is not accepted as final.
POSTAL-3214132007,32.14.13.2007,CINANGKA,BUNGURSARI,KAB. PURWAKARTA,candidate_review_only,corroborated_candidate,41181,41181;41182,,yes,Kodepos.dev corroborates Open Data Jabar; candidate is not accepted as final.
POSTAL-3214132008,32.14.13.2008,CIKOPO,BUNGURSARI,KAB. PURWAKARTA,candidate_review_only,corroborated_candidate,41181,41181;41182,,yes,Kodepos.dev corroborates Open Data Jabar; candidate is not accepted as final.
POSTAL-3214132009,32.14.13.2009,CIBODAS,BUNGURSARI,KAB. PURWAKARTA,candidate_review_only,corroborated_candidate,41181,41181;41182,,yes,Kodepos.dev corroborates Open Data Jabar; candidate is not accepted as final.
POSTAL-3214132010,32.14.13.2010,KARANGMUKTI,BUNGURSARI,KAB. PURWAKARTA,candidate_review_only,corroborated_candidate,41181,41181;41182,,yes,Kodepos.dev corroborates Open Data Jabar; candidate is not accepted as final.
POSTAL-3214142001,32.14.14.2001,CIBATU,CIBATU,KAB. PURWAKARTA,unresolved_do_not_guess,review_required,,41182;41183;44185,,yes,No automatic selection: Kodepos.dev does not corroborate exactly one local source.
POSTAL-3214142002,32.14.14.2002,CILANDAK,CIBATU,KAB. PURWAKARTA,unresolved_do_not_guess,review_required,,41181;41182;41183,,yes,No automatic selection: Kodepos.dev does not corroborate exactly one local source.
POSTAL-3214142003,32.14.14.2003,KARYAMEKAR,CIBATU,KAB. PURWAKARTA,unresolved_do_not_guess,review_required,,41181;41182;41183,,yes,No automatic selection: Kodepos.dev does not corroborate exactly one local source.
POSTAL-3214142004,32.14.14.2004,CIPINANG,CIBATU,KAB. PURWAKARTA,unresolved_do_not_guess,review_required,,41181;41182;41183,,yes,No automatic selection: Kodepos.dev does not corroborate exactly one local source.
POSTAL-3214142005,32.14.14.2005,CIPARUNGSARI,CIBATU,KAB. PURWAKARTA,unresolved_do_not_guess,review_required,,41181;41182;41183,,yes,No automatic selection: Kodepos.dev does not corroborate exactly one local source.
POSTAL-3214142006,32.14.14.2006,CIRANGKONG,CIBATU,KAB. PURWAKARTA,unresolved_do_not_guess,review_required,,41181;41182;41183,,yes,No automatic selection: Kodepos.dev does not corroborate exactly one local source.
POSTAL-3214142007,32.14.14.2007,CIKADU,CIBATU,KAB. PURWAKARTA,unresolved_do_not_guess,review_required,,41181;41182;41183,,yes,No automatic selection: Kodepos.dev does not corroborate exactly one local source.
POSTAL-3214142008,32.14.14.2008,CIBUKAMANAH,CIBATU,KAB. PURWAKARTA,unresolved_do_not_guess,review_required,,41181;41182;41183,,yes,No automatic selection: Kodepos.dev does not corroborate exactly one local source.
POSTAL-3214142009,32.14.14.2009,WANAWALI,CIBATU,KAB. PURWAKARTA,unresolved_do_not_guess,review_required,,41181;41182;41183,,yes,No automatic selection: Kodepos.dev does not corroborate exactly one local source.
POSTAL-3214142010,32.14.14.2010,CIPANCUR,CIBATU,KAB. PURWAKARTA,unresolved_do_not_guess,review_required,,41181;41182;41183,,yes,No automatic selection: Kodepos.dev does not corroborate exactly one local source.
POSTAL-3214152001,32.14.15.2001,KUTAMANAH,SUKASARI,KAB. PURWAKARTA,candidate_review_only,corroborated_candidate,41116,41116;41153,,yes,Kodepos.dev corroborates Open Data Jabar; candidate is not accepted as final.
POSTAL-3214152002,32.14.15.2002,KERTAMANAH,SUKASARI,KAB. PURWAKARTA,candidate_review_only,corroborated_candidate,41116,41116;41153,,yes,Kodepos.dev corroborates Open Data Jabar; candidate is not accepted as final.
POSTAL-3214152003,32.14.15.2003,CIRIRIP,SUKASARI,KAB. PURWAKARTA,candidate_review_only,corroborated_candidate,41116,41116;41153,,yes,Kodepos.dev corroborates Open Data Jabar; candidate is not accepted as final.
POSTAL-3214152004,32.14.15.2004,SUKASARI,SUKASARI,KAB. PURWAKARTA,unresolved_do_not_guess,review_required,,41116;41167;45366,,yes,No automatic selection: Kodepos.dev does not corroborate exactly one local source.
POSTAL-3214152005,32.14.15.2005,PARUNGBANTENG,SUKASARI,KAB. PURWAKARTA,candidate_review_only,corroborated_candidate,41116,41116;41153,,yes,Kodepos.dev corroborates Open Data Jabar; candidate is not accepted as final.
POSTAL-3214162001,32.14.16.2001,PARAKANSALAM,PONDOKSALAM,KAB. PURWAKARTA,unresolved_do_not_guess,review_required,,41115;41173,,yes,No automatic selection: Kodepos.dev does not corroborate exactly one local source.
POSTAL-3214162002,32.14.16.2002,PONDOKBUNGUR,PONDOKSALAM,KAB. PURWAKARTA,unresolved_do_not_guess,review_required,,41115;41173,,yes,No automatic selection: Kodepos.dev does not corroborate exactly one local source.
POSTAL-3214162003,32.14.16.2003,SALEM,PONDOKSALAM,KAB. PURWAKARTA,unresolved_do_not_guess,review_required,,41115;41173,,yes,No automatic selection: Kodepos.dev does not corroborate exactly one local source.
POSTAL-3214162004,32.14.16.2004,GALUDRA,PONDOKSALAM,KAB. PURWAKARTA,unresolved_do_not_guess,review_required,,41115;41173,,yes,No automatic selection: Kodepos.dev does not corroborate exactly one local source.
POSTAL-3214162005,32.14.16.2005,TANJUNGSARI,PONDOKSALAM,KAB. PURWAKARTA,unresolved_do_not_guess,review_required,,41115;41173,,yes,No automatic selection: Kodepos.dev does not corroborate exactly one local source.
POSTAL-3214162006,32.14.16.2006,SALAMMULYA,PONDOKSALAM,KAB. PURWAKARTA,unresolved_do_not_guess,review_required,,41115;41173,,yes,No automatic selection: Kodepos.dev does not corroborate exactly one local source.
POSTAL-3214162007,32.14.16.2007,SALAMJAYA,PONDOKSALAM,KAB. PURWAKARTA,unresolved_do_not_guess,review_required,,41115;41173,,yes,No automatic selection: Kodepos.dev does not corroborate exactly one local source.
POSTAL-3214162008,32.14.16.2008,BUNGURJAYA,PONDOKSALAM,KAB. PURWAKARTA,unresolved_do_not_guess,review_required,,41115;41173,,yes,No automatic selection: Kodepos.dev does not corroborate exactly one local source.
POSTAL-3214162009,32.14.16.2009,GURUDUG,PONDOKSALAM,KAB. PURWAKARTA,unresolved_do_not_guess,review_required,,41115;41173,,yes,No automatic selection: Kodepos.dev does not corroborate exactly one local source.
POSTAL-3214162010,32.14.16.2010,SUKAJADI,PONDOKSALAM,KAB. PURWAKARTA,unresolved_do_not_guess,review_required,,41115;41173,,yes,No automatic selection: Kodepos.dev does not corroborate exactly one local source.
POSTAL-3214162011,32.14.16.2011,SITU,PONDOKSALAM,KAB. PURWAKARTA,unresolved_do_not_guess,review_required,,41115;41173,,yes,No automatic selection: Kodepos.dev does not corroborate exactly one local source.
POSTAL-3215011003,32.15.01.1003,ADIARSA BARAT,KARAWANG BARAT,KAB. KARAWANG,candidate_review_only,corroborated_candidate,41311,41311;41313,,yes,Kodepos.dev corroborates Open Data Jabar; candidate is not accepted as final.
POSTAL-3215011006,32.15.01.1006,TANJUNGMEKAR,KARAWANG BARAT,KAB. KARAWANG,candidate_review_only,corroborated_candidate,41311,41311;41317,,yes,Kodepos.dev corroborates Open Data Jabar; candidate is not accepted as final.
POSTAL-3215011007,32.15.01.1007,TUNGGAKJATI,KARAWANG BARAT,KAB. KARAWANG,candidate_review_only,corroborated_candidate,41311,41311;41318,,yes,Kodepos.dev corroborates Open Data Jabar; candidate is not accepted as final.
POSTAL-3215011010,32.15.01.1010,KARAWANGPAWITAN,KARAWANG BARAT,KAB. KARAWANG,candidate_review_only,corroborated_candidate,41315,41312;41315,,yes,Kodepos.dev corroborates Open Data Jabar; candidate is not accepted as final.
POSTAL-3215011012,32.15.01.1012,MEKARJATI,KARAWANG BARAT,KAB. KARAWANG,candidate_review_only,corroborated_candidate,41311,41311;41319,,yes,Kodepos.dev corroborates Open Data Jabar; candidate is not accepted as final.
POSTAL-3215032001,32.15.03.2001,TELUKJAMBE,TELUKJAMBE TIMUR,KAB. KARAWANG,unresolved_do_not_guess,review_required,,41331;41360;41361,,yes,No automatic selection: Kodepos.dev does not corroborate exactly one local source.
POSTAL-3215032002,32.15.03.2002,SUKAHARJA,TELUKJAMBE TIMUR,KAB. KARAWANG,unresolved_do_not_guess,review_required,,41336;41360;41361,,yes,No automatic selection: Kodepos.dev does not corroborate exactly one local source.
POSTAL-3215032003,32.15.03.2003,SIRNABAYA,TELUKJAMBE TIMUR,KAB. KARAWANG,unresolved_do_not_guess,review_required,,41333;41360;41361,,yes,No automatic selection: Kodepos.dev does not corroborate exactly one local source.
POSTAL-3215032004,32.15.03.2004,PUSEURJAYA,TELUKJAMBE TIMUR,KAB. KARAWANG,unresolved_do_not_guess,review_required,,41334;41360;41361,,yes,No automatic selection: Kodepos.dev does not corroborate exactly one local source.
POSTAL-3215032005,32.15.03.2005,SUKALUYU,TELUKJAMBE TIMUR,KAB. KARAWANG,unresolved_do_not_guess,review_required,,41335;41360;41361,,yes,No automatic selection: Kodepos.dev does not corroborate exactly one local source.
POSTAL-3215032006,32.15.03.2006,WADAS,TELUKJAMBE TIMUR,KAB. KARAWANG,unresolved_do_not_guess,review_required,,41337;41360;41361,,yes,No automatic selection: Kodepos.dev does not corroborate exactly one local source.
POSTAL-3215032011,32.15.03.2011,PURWADANA,TELUKJAMBE TIMUR,KAB. KARAWANG,unresolved_do_not_guess,review_required,,41338;41360;41361,,yes,No automatic selection: Kodepos.dev does not corroborate exactly one local source.
POSTAL-3215032012,32.15.03.2012,SUKAMAKMUR,TELUKJAMBE TIMUR,KAB. KARAWANG,unresolved_do_not_guess,review_required,,41339;41360;41361,,yes,No automatic selection: Kodepos.dev does not corroborate exactly one local source.
POSTAL-3215032019,32.15.03.2019,PINAYUNGAN,TELUKJAMBE TIMUR,KAB. KARAWANG,unresolved_do_not_guess,review_required,,41332;41360;41361,,yes,No automatic selection: Kodepos.dev does not corroborate exactly one local source.
POSTAL-3215142001,32.15.14.2001,MEKARSARI,JATISARI,KAB. KARAWANG,unresolved_do_not_guess,review_required,,41374;41375,,yes,No automatic selection: Kodepos.dev does not corroborate exactly one local source.
POSTAL-3215142002,32.15.14.2002,JATISARI,JATISARI,KAB. KARAWANG,unresolved_do_not_guess,review_required,,41374;41375,,yes,No automatic selection: Kodepos.dev does not corroborate exactly one local source.
POSTAL-3215142003,32.15.14.2003,BARUGBUG,JATISARI,KAB. KARAWANG,unresolved_do_not_guess,review_required,,41374;41375,,yes,No automatic selection: Kodepos.dev does not corroborate exactly one local source.
POSTAL-3215142004,32.15.14.2004,CIKALONGSARI,JATISARI,KAB. KARAWANG,unresolved_do_not_guess,review_required,,41374;41375,,yes,No automatic selection: Kodepos.dev does not corroborate exactly one local source.
POSTAL-3215142005,32.15.14.2005,CIREJAG,JATISARI,KAB. KARAWANG,unresolved_do_not_guess,review_required,,41374;41375,,yes,No automatic selection: Kodepos.dev does not corroborate exactly one local source.
POSTAL-3215142006,32.15.14.2006,JATIBARU,JATISARI,KAB. KARAWANG,unresolved_do_not_guess,review_required,,41374;41375,,yes,No automatic selection: Kodepos.dev does not corroborate exactly one local source.
POSTAL-3215142007,32.15.14.2007,JATIRAGAS,JATISARI,KAB. KARAWANG,unresolved_do_not_guess,review_required,,41374;41375,,yes,No automatic selection: Kodepos.dev does not corroborate exactly one local source.
POSTAL-3215142008,32.15.14.2008,JATIWANGI,JATISARI,KAB. KARAWANG,unresolved_do_not_guess,review_required,,41374;41375,,yes,No automatic selection: Kodepos.dev does not corroborate exactly one local source.
POSTAL-3215142009,32.15.14.2009,KALIJATI,JATISARI,KAB. KARAWANG,unresolved_do_not_guess,review_required,,41374;41375,,yes,No automatic selection: Kodepos.dev does not corroborate exactly one local source.
POSTAL-3215142010,32.15.14.2010,BALONGGANDU,JATISARI,KAB. KARAWANG,unresolved_do_not_guess,review_required,,41374;41375,,yes,No automatic selection: Kodepos.dev does not corroborate exactly one local source.
POSTAL-3215142011,32.15.14.2011,PACING,JATISARI,KAB. KARAWANG,unresolved_do_not_guess,review_required,,41374;41375,,yes,No automatic selection: Kodepos.dev does not corroborate exactly one local source.
POSTAL-3215142012,32.15.14.2012,SITUDAM,JATISARI,KAB. KARAWANG,unresolved_do_not_guess,review_required,,41374;41375,,yes,No automatic selection: Kodepos.dev does not corroborate exactly one local source.
POSTAL-3215142013,32.15.14.2013,SUKAMEKAR,JATISARI,KAB. KARAWANG,unresolved_do_not_guess,review_required,,41374;41375,,yes,No automatic selection: Kodepos.dev does not corroborate exactly one local source.
POSTAL-3215142014,32.15.14.2014,TELARSARI,JATISARI,KAB. KARAWANG,unresolved_do_not_guess,review_required,,41374;41375,,yes,No automatic selection: Kodepos.dev does not corroborate exactly one local source.
POSTAL-3215152001,32.15.15.2001,MEKARMAYA,CILAMAYA WETAN,KAB. KARAWANG,unresolved_do_not_guess,review_required,,41384;41386,,yes,No automatic selection: Kodepos.dev does not corroborate exactly one local source.
POSTAL-3215152002,32.15.15.2002,CILAMAYA,CILAMAYA WETAN,KAB. KARAWANG,unresolved_do_not_guess,review_required,,41384;41386,,yes,No automatic selection: Kodepos.dev does not corroborate exactly one local source.
POSTAL-3215152003,32.15.15.2003,MUARA,CILAMAYA WETAN,KAB. KARAWANG,unresolved_do_not_guess,review_required,,41384;41386,,yes,No automatic selection: Kodepos.dev does not corroborate exactly one local source.
POSTAL-3215152004,32.15.15.2004,MUARABARU,CILAMAYA WETAN,KAB. KARAWANG,unresolved_do_not_guess,review_required,,41384;41386,,yes,No automatic selection: Kodepos.dev does not corroborate exactly one local source.
POSTAL-3215152005,32.15.15.2005,SUKATANI,CILAMAYA WETAN,KAB. KARAWANG,unresolved_do_not_guess,review_required,,41384;41386,,yes,No automatic selection: Kodepos.dev does not corroborate exactly one local source.
POSTAL-3215152006,32.15.15.2006,TEGALWARU,CILAMAYA WETAN,KAB. KARAWANG,unresolved_do_not_guess,review_required,,41384;41386,,yes,No automatic selection: Kodepos.dev does not corroborate exactly one local source.
POSTAL-3215152007,32.15.15.2007,TEGALSARI,CILAMAYA WETAN,KAB. KARAWANG,unresolved_do_not_guess,review_required,,41384;41386,,yes,No automatic selection: Kodepos.dev does not corroborate exactly one local source.
POSTAL-3215152008,32.15.15.2008,CIKALONG,CILAMAYA WETAN,KAB. KARAWANG,unresolved_do_not_guess,review_required,,41384;41386,,yes,No automatic selection: Kodepos.dev does not corroborate exactly one local source.
POSTAL-3215152009,32.15.15.2009,CIKARANG,CILAMAYA WETAN,KAB. KARAWANG,unresolved_do_not_guess,review_required,,41384;41386,,yes,No automatic selection: Kodepos.dev does not corroborate exactly one local source.
POSTAL-3215152010,32.15.15.2010,RAWAGEMPOL WETAN,CILAMAYA WETAN,KAB. KARAWANG,unresolved_do_not_guess,review_required,,41384;41386,,yes,No automatic selection: Kodepos.dev does not corroborate exactly one local source.
POSTAL-3215152011,32.15.15.2011,RAWAGEMPOL KULON,CILAMAYA WETAN,KAB. KARAWANG,unresolved_do_not_guess,review_required,,41384;41386,,yes,No automatic selection: Kodepos.dev does not corroborate exactly one local source.
POSTAL-3215152012,32.15.15.2012,SUKAKERTA,CILAMAYA WETAN,KAB. KARAWANG,unresolved_do_not_guess,review_required,,41384;41386,,yes,No automatic selection: Kodepos.dev does not corroborate exactly one local source.
POSTAL-3215192007,32.15.19.2007,LEMAHABANG,LEMAHABANG,KAB. KARAWANG,candidate_review_only,corroborated_candidate,41383,41383;45183,,yes,Kodepos.dev corroborates Diskominfo; candidate is not accepted as final.
POSTAL-3215212001,32.15.21.2001,MAJALAYA,MAJALAYA,KAB. KARAWANG,unresolved_do_not_guess,review_required,,41370;41371;41388,,yes,No automatic selection: Kodepos.dev does not corroborate exactly one local source.
POSTAL-3215212002,32.15.21.2002,CIRANGGON,MAJALAYA,KAB. KARAWANG,unresolved_do_not_guess,review_required,,41370;41371;41388,,yes,No automatic selection: Kodepos.dev does not corroborate exactly one local source.
POSTAL-3215212003,32.15.21.2003,PASIRJENGKOL,MAJALAYA,KAB. KARAWANG,unresolved_do_not_guess,review_required,,41370;41371;41388,,yes,No automatic selection: Kodepos.dev does not corroborate exactly one local source.
POSTAL-3215212005,32.15.21.2005,SARIJAYA,MAJALAYA,KAB. KARAWANG,unresolved_do_not_guess,review_required,,41370;41371;41388,,yes,No automatic selection: Kodepos.dev does not corroborate exactly one local source.
POSTAL-3215212006,32.15.21.2006,PASIRMULYA,MAJALAYA,KAB. KARAWANG,unresolved_do_not_guess,review_required,,41370;41371;41388,,yes,No automatic selection: Kodepos.dev does not corroborate exactly one local source.
POSTAL-3215212007,32.15.21.2007,LEMAHMULYA,MAJALAYA,KAB. KARAWANG,unresolved_do_not_guess,review_required,,41370;41371;41388,,yes,No automatic selection: Kodepos.dev does not corroborate exactly one local source.
POSTAL-3215212008,32.15.21.2008,BANGLE,MAJALAYA,KAB. KARAWANG,unresolved_do_not_guess,review_required,,41370;41371;41388,,yes,No automatic selection: Kodepos.dev does not corroborate exactly one local source.
POSTAL-3215222001,32.15.22.2001,JAYAMAKMUR,JAYAKERTA,KAB. KARAWANG,unresolved_do_not_guess,review_required,,41351;41352;41359,,yes,No automatic selection: Kodepos.dev does not corroborate exactly one local source.
POSTAL-3215222002,32.15.22.2002,KEMIRI,JAYAKERTA,KAB. KARAWANG,unresolved_do_not_guess,review_required,,41351;41352;41359,,yes,No automatic selection: Kodepos.dev does not corroborate exactly one local source.
POSTAL-3215222003,32.15.22.2003,MAKMURJAYA,JAYAKERTA,KAB. KARAWANG,unresolved_do_not_guess,review_required,,41351;41352;41359,,yes,No automatic selection: Kodepos.dev does not corroborate exactly one local source.
POSTAL-3215222004,32.15.22.2004,KERTAJAYA,JAYAKERTA,KAB. KARAWANG,unresolved_do_not_guess,review_required,,41351;41352;41359,,yes,No automatic selection: Kodepos.dev does not corroborate exactly one local source.
POSTAL-3215222005,32.15.22.2005,JAYAKERTA,JAYAKERTA,KAB. KARAWANG,unresolved_do_not_guess,review_required,,41351;41352;41359,,yes,No automatic selection: Kodepos.dev does not corroborate exactly one local source.
POSTAL-3215222006,32.15.22.2006,MEDANGASEM,JAYAKERTA,KAB. KARAWANG,unresolved_do_not_guess,review_required,,41351;41352;41359,,yes,No automatic selection: Kodepos.dev does not corroborate exactly one local source.
POSTAL-3215222007,32.15.22.2007,CIPTAMARGA,JAYAKERTA,KAB. KARAWANG,unresolved_do_not_guess,review_required,,41351;41352;41359,,yes,No automatic selection: Kodepos.dev does not corroborate exactly one local source.
POSTAL-3215222008,32.15.22.2008,KAMPUNGSAWAH,JAYAKERTA,KAB. KARAWANG,unresolved_do_not_guess,review_required,,41351;41352;41359,,yes,No automatic selection: Kodepos.dev does not corroborate exactly one local source.
POSTAL-3215232001,32.15.23.2001,SUKAMULYA,CILAMAYA KULON,KAB. KARAWANG,candidate_review_only,corroborated_candidate,41384,41384;41386,,yes,Kodepos.dev corroborates Open Data Jabar; candidate is not accepted as final.
POSTAL-3215232002,32.15.23.2002,TEGALURUNG,CILAMAYA KULON,KAB. KARAWANG,candidate_review_only,corroborated_candidate,41384,41384;41386,,yes,Kodepos.dev corroborates Open Data Jabar; candidate is not accepted as final.
POSTAL-3215232003,32.15.23.2003,LANGENSARI,CILAMAYA KULON,KAB. KARAWANG,candidate_review_only,corroborated_candidate,41384,41384;41386,,yes,Kodepos.dev corroborates Open Data Jabar; candidate is not accepted as final.
POSTAL-3215232004,32.15.23.2004,BAYUR LOR,CILAMAYA KULON,KAB. KARAWANG,candidate_review_only,corroborated_candidate,41384,41384;41386,,yes,Kodepos.dev corroborates Open Data Jabar; candidate is not accepted as final.
POSTAL-3215232005,32.15.23.2005,BAYUR KIDUL,CILAMAYA KULON,KAB. KARAWANG,candidate_review_only,corroborated_candidate,41384,41384;41386,,yes,Kodepos.dev corroborates Open Data Jabar; candidate is not accepted as final.
POSTAL-3215232006,32.15.23.2006,KIARA,CILAMAYA KULON,KAB. KARAWANG,candidate_review_only,corroborated_candidate,41384,41384;41386,,yes,Kodepos.dev corroborates Open Data Jabar; candidate is not accepted as final.
POSTAL-3215232007,32.15.23.2007,MANGGUNGJAYA,CILAMAYA KULON,KAB. KARAWANG,candidate_review_only,corroborated_candidate,41384,41384;41386,,yes,Kodepos.dev corroborates Open Data Jabar; candidate is not accepted as final.
POSTAL-3215232008,32.15.23.2008,SUMURGEDE,CILAMAYA KULON,KAB. KARAWANG,candidate_review_only,corroborated_candidate,41384,41384;41386,,yes,Kodepos.dev corroborates Open Data Jabar; candidate is not accepted as final.
POSTAL-3215232009,32.15.23.2009,MUKTIJAYA,CILAMAYA KULON,KAB. KARAWANG,candidate_review_only,corroborated_candidate,41384,41384;41386,,yes,Kodepos.dev corroborates Open Data Jabar; candidate is not accepted as final.
POSTAL-3215232010,32.15.23.2010,PASIRUKEM,CILAMAYA KULON,KAB. KARAWANG,candidate_review_only,corroborated_candidate,41384,41384;41386,,yes,Kodepos.dev corroborates Open Data Jabar; candidate is not accepted as final.
POSTAL-3215232011,32.15.23.2011,PASIRJAYA,CILAMAYA KULON,KAB. KARAWANG,candidate_review_only,corroborated_candidate,41384,41384;41386,,yes,Kodepos.dev corroborates Open Data Jabar; candidate is not accepted as final.
POSTAL-3215232012,32.15.23.2012,SUKAJAYA,CILAMAYA KULON,KAB. KARAWANG,candidate_review_only,corroborated_candidate,41384,41384;41386,,yes,Kodepos.dev corroborates Open Data Jabar; candidate is not accepted as final.
POSTAL-3215242001,32.15.24.2001,GEMBONGAN,BANYUSARI,KAB. KARAWANG,candidate_review_only,corroborated_candidate,41374,41374;41375,,yes,Kodepos.dev corroborates Open Data Jabar; candidate is not accepted as final.
POSTAL-3215242002,32.15.24.2002,GEMPOL,BANYUSARI,KAB. KARAWANG,candidate_review_only,corroborated_candidate,41374,41374;41375,,yes,Kodepos.dev corroborates Open Data Jabar; candidate is not accepted as final.
POSTAL-3215242003,32.15.24.2003,GEMPOL KOLOT,BANYUSARI,KAB. KARAWANG,candidate_review_only,corroborated_candidate,41374,41374;41375,,yes,Kodepos.dev corroborates Open Data Jabar; candidate is not accepted as final.
POSTAL-3215242004,32.15.24.2004,BANYUASIH,BANYUSARI,KAB. KARAWANG,candidate_review_only,corroborated_candidate,41374,41374;41375,,yes,Kodepos.dev corroborates Open Data Jabar; candidate is not accepted as final.
POSTAL-3215242005,32.15.24.2005,KERTARAHARJA,BANYUSARI,KAB. KARAWANG,candidate_review_only,corroborated_candidate,41374,40355;41374,,yes,Kodepos.dev corroborates Open Data Jabar; candidate is not accepted as final.
POSTAL-3215242006,32.15.24.2006,TANJUNG,BANYUSARI,KAB. KARAWANG,candidate_review_only,corroborated_candidate,41374,41374;41375,,yes,Kodepos.dev corroborates Open Data Jabar; candidate is not accepted as final.
POSTAL-3215242007,32.15.24.2007,JAYAMUKTI,BANYUSARI,KAB. KARAWANG,candidate_review_only,corroborated_candidate,41374,41374;41375,,yes,Kodepos.dev corroborates Open Data Jabar; candidate is not accepted as final.
POSTAL-3215242008,32.15.24.2008,CICINDE UTARA,BANYUSARI,KAB. KARAWANG,candidate_review_only,corroborated_candidate,41374,41374;41375,,yes,Kodepos.dev corroborates Open Data Jabar; candidate is not accepted as final.
POSTAL-3215242009,32.15.24.2009,CICINDE SELATAN,BANYUSARI,KAB. KARAWANG,candidate_review_only,corroborated_candidate,41374,41374;41375,,yes,Kodepos.dev corroborates Open Data Jabar; candidate is not accepted as final.
POSTAL-3215242010,32.15.24.2010,MEKARASIH,BANYUSARI,KAB. KARAWANG,candidate_review_only,corroborated_candidate,41374,41374;41375,,yes,Kodepos.dev corroborates Open Data Jabar; candidate is not accepted as final.
POSTAL-3215242011,32.15.24.2011,TALUNJAYA,BANYUSARI,KAB. KARAWANG,candidate_review_only,corroborated_candidate,41374,41374;41375,,yes,Kodepos.dev corroborates Open Data Jabar; candidate is not accepted as final.
POSTAL-3215242012,32.15.24.2012,PAMEKARAN,BANYUSARI,KAB. KARAWANG,candidate_review_only,corroborated_candidate,41374,41374;41375,,yes,Kodepos.dev corroborates Open Data Jabar; candidate is not accepted as final.
POSTAL-3215252001,32.15.25.2001,WANCIMEKAR,KOTA BARU,KAB. KARAWANG,unresolved_do_not_guess,review_required,,41374;41376;41377,,yes,No automatic selection: Kodepos.dev does not corroborate exactly one local source.
POSTAL-3215252002,32.15.25.2002,PANGULAH SELATAN,KOTA BARU,KAB. KARAWANG,unresolved_do_not_guess,review_required,,41374;41376;41377,,yes,No automatic selection: Kodepos.dev does not corroborate exactly one local source.
POSTAL-3215252003,32.15.25.2003,PANGULAH UTARA,KOTA BARU,KAB. KARAWANG,unresolved_do_not_guess,review_required,,41374;41376;41377,,yes,No automatic selection: Kodepos.dev does not corroborate exactly one local source.
POSTAL-3215252004,32.15.25.2004,PANGULAH BARU,KOTA BARU,KAB. KARAWANG,unresolved_do_not_guess,review_required,,41374;41376;41377,,yes,No automatic selection: Kodepos.dev does not corroborate exactly one local source.
POSTAL-3215252005,32.15.25.2005,PUCUNG,KOTA BARU,KAB. KARAWANG,unresolved_do_not_guess,review_required,,41374;41376;41377,,yes,No automatic selection: Kodepos.dev does not corroborate exactly one local source.
POSTAL-3215252006,32.15.25.2006,JOMIN TIMUR,KOTA BARU,KAB. KARAWANG,unresolved_do_not_guess,review_required,,41374;41376;41377,,yes,No automatic selection: Kodepos.dev does not corroborate exactly one local source.
POSTAL-3215252007,32.15.25.2007,JOMIN BARAT,KOTA BARU,KAB. KARAWANG,unresolved_do_not_guess,review_required,,41374;41376;41377,,yes,No automatic selection: Kodepos.dev does not corroborate exactly one local source.
POSTAL-3215252008,32.15.25.2008,SARIMULYA,KOTA BARU,KAB. KARAWANG,unresolved_do_not_guess,review_required,,41374;41376;41377,,yes,No automatic selection: Kodepos.dev does not corroborate exactly one local source.
POSTAL-3215252009,32.15.25.2009,CILKAMPEK UTARA,KOTA BARU,KAB. KARAWANG,unresolved_do_not_guess,review_required,,41374;41376;41377,,yes,No automatic selection: Kodepos.dev does not corroborate exactly one local source.
POSTAL-3215261001,32.15.26.1001,KARAWANG WETAN,KARAWANG TIMUR,KAB. KARAWANG,candidate_review_only,corroborated_candidate,41314,41314;41321,,yes,Kodepos.dev corroborates Open Data Jabar; candidate is not accepted as final.
POSTAL-3215261002,32.15.26.1002,ADIARSA TIMUR,KARAWANG TIMUR,KAB. KARAWANG,candidate_review_only,corroborated_candidate,41314,41314;41322,,yes,Kodepos.dev corroborates Open Data Jabar; candidate is not accepted as final.
POSTAL-3215261003,32.15.26.1003,PALUMBONSARI,KARAWANG TIMUR,KAB. KARAWANG,candidate_review_only,corroborated_candidate,41314,41314;41326,,yes,Kodepos.dev corroborates Open Data Jabar; candidate is not accepted as final.
POSTAL-3215261004,32.15.26.1004,PLAWAD,KARAWANG TIMUR,KAB. KARAWANG,unresolved_do_not_guess,review_required,,41314;41326;41327,,yes,No automatic selection: Kodepos.dev does not corroborate exactly one local source.
POSTAL-3215262005,32.15.26.2005,MARGASARI,KARAWANG TIMUR,KAB. KARAWANG,unresolved_do_not_guess,review_required,,41313;41325;41371,,yes,No automatic selection: Kodepos.dev does not corroborate exactly one local source.
POSTAL-3215262006,32.15.26.2006,WARUNGBAMBU,KARAWANG TIMUR,KAB. KARAWANG,unresolved_do_not_guess,review_required,,41313;41323;41371,,yes,No automatic selection: Kodepos.dev does not corroborate exactly one local source.
POSTAL-3215262007,32.15.26.2007,KONDANGJAYA,KARAWANG TIMUR,KAB. KARAWANG,unresolved_do_not_guess,review_required,,41313;41324;41371,,yes,No automatic selection: Kodepos.dev does not corroborate exactly one local source.
POSTAL-3215262008,32.15.26.2008,TEGAL SAWAH,KARAWANG TIMUR,KAB. KARAWANG,candidate_review_only,corroborated_candidate,41314,41314;41328,,yes,Kodepos.dev corroborates Open Data Jabar; candidate is not accepted as final.
POSTAL-3215272001,32.15.27.2001,MARGAKAYA,TELUKJAMBE BARAT,KAB. KARAWANG,candidate_review_only,corroborated_candidate,41361,41341;41361,,yes,Kodepos.dev corroborates Open Data Jabar; candidate is not accepted as final.
POSTAL-3215272002,32.15.27.2002,MARGAMULYA,TELUKJAMBE BARAT,KAB. KARAWANG,candidate_review_only,corroborated_candidate,41361,41342;41361,,yes,Kodepos.dev corroborates Open Data Jabar; candidate is not accepted as final.
POSTAL-3215272003,32.15.27.2003,KALANGLIGAR,TELUKJAMBE BARAT,KAB. KARAWANG,candidate_review_only,corroborated_candidate,41361,41343;41361,,yes,Kodepos.dev corroborates Open Data Jabar; candidate is not accepted as final.
POSTAL-3215272004,32.15.27.2004,MEKARMULYA,TELUKJAMBE BARAT,KAB. KARAWANG,candidate_review_only,corroborated_candidate,41361,41349;41361,,yes,Kodepos.dev corroborates Open Data Jabar; candidate is not accepted as final.
POSTAL-3215272005,32.15.27.2005,PARUNGSARI,TELUKJAMBE BARAT,KAB. KARAWANG,candidate_review_only,corroborated_candidate,41361,41344;41361,,yes,Kodepos.dev corroborates Open Data Jabar; candidate is not accepted as final.
POSTAL-3215272006,32.15.27.2006,KARANGMULYA,TELUKJAMBE BARAT,KAB. KARAWANG,candidate_review_only,corroborated_candidate,41361,41345;41361,,yes,Kodepos.dev corroborates Open Data Jabar; candidate is not accepted as final.
POSTAL-3215272007,32.15.27.2007,WANASARI,TELUKJAMBE BARAT,KAB. KARAWANG,candidate_review_only,corroborated_candidate,41361,41346;41361,,yes,Kodepos.dev corroborates Open Data Jabar; candidate is not accepted as final.
POSTAL-3215272008,32.15.27.2008,WANAKERTA,TELUKJAMBE BARAT,KAB. KARAWANG,candidate_review_only,corroborated_candidate,41361,41347;41361,,yes,Kodepos.dev corroborates Open Data Jabar; candidate is not accepted as final.
POSTAL-3215272009,32.15.27.2009,WANAJAYA,TELUKJAMBE BARAT,KAB. KARAWANG,candidate_review_only,corroborated_candidate,41361,41348;41361,,yes,Kodepos.dev corroborates Open Data Jabar; candidate is not accepted as final.
POSTAL-3215272010,32.15.27.2010,MULYAJAYA,TELUKJAMBE BARAT,KAB. KARAWANG,candidate_review_only,corroborated_candidate,41361,41349;41361,,yes,Kodepos.dev corroborates Open Data Jabar; candidate is not accepted as final.
POSTAL-3215282001,32.15.28.2001,CIGUNUNGSARI,TEGALWARU,KAB. KARAWANG,candidate_review_only,corroborated_candidate,41364,41362;41364,,yes,Kodepos.dev corroborates Diskominfo; candidate is not accepted as final.
POSTAL-3215282002,32.15.28.2002,WARGASETRA,TEGALWARU,KAB. KARAWANG,candidate_review_only,corroborated_candidate,41364,41362;41364,,yes,Kodepos.dev corroborates Diskominfo; candidate is not accepted as final.
POSTAL-3215282003,32.15.28.2003,MEKARBUANA,TEGALWARU,KAB. KARAWANG,candidate_review_only,corroborated_candidate,41364,41362;41364,,yes,Kodepos.dev corroborates Diskominfo; candidate is not accepted as final.
POSTAL-3215282004,32.15.28.2004,CINTALAKSANA,TEGALWARU,KAB. KARAWANG,candidate_review_only,corroborated_candidate,41364,41362;41364,,yes,Kodepos.dev corroborates Diskominfo; candidate is not accepted as final.
POSTAL-3215282005,32.15.28.2005,CINTAWARGI,TEGALWARU,KAB. KARAWANG,candidate_review_only,corroborated_candidate,41364,41362;41364,,yes,Kodepos.dev corroborates Diskominfo; candidate is not accepted as final.
POSTAL-3215282006,32.15.28.2006,CINTALANGGENG,TEGALWARU,KAB. KARAWANG,candidate_review_only,corroborated_candidate,41364,41362;41364,,yes,Kodepos.dev corroborates Diskominfo; candidate is not accepted as final.
POSTAL-3215282007,32.15.28.2007,KUTALANGGENG,TEGALWARU,KAB. KARAWANG,candidate_review_only,corroborated_candidate,41364,41362;41364,,yes,Kodepos.dev corroborates Diskominfo; candidate is not accepted as final.
POSTAL-3215282008,32.15.28.2008,KUTAMANEUH,TEGALWARU,KAB. KARAWANG,candidate_review_only,corroborated_candidate,41364,41362;41364,,yes,Kodepos.dev corroborates Diskominfo; candidate is not accepted as final.
POSTAL-3215282009,32.15.28.2009,CIPURWASARI,TEGALWARU,KAB. KARAWANG,candidate_review_only,corroborated_candidate,41364,41362;41364,,yes,Kodepos.dev corroborates Diskominfo; candidate is not accepted as final.
POSTAL-3215292001,32.15.29.2001,DARAWOLONG,PURWASARI,KAB. KARAWANG,unresolved_do_not_guess,review_required,,41371;41376;41377,,yes,No automatic selection: Kodepos.dev does not corroborate exactly one local source.
POSTAL-3215292002,32.15.29.2002,TEGALSARI,PURWASARI,KAB. KARAWANG,unresolved_do_not_guess,review_required,,41373;41376;41377,,yes,No automatic selection: Kodepos.dev does not corroborate exactly one local source.
POSTAL-3215292003,32.15.29.2003,PURWASARI,PURWASARI,KAB. KARAWANG,unresolved_do_not_guess,review_required,,41373;41376;41377,,yes,No automatic selection: Kodepos.dev does not corroborate exactly one local source.
POSTAL-3215292004,32.15.29.2004,MEKARJAYA,PURWASARI,KAB. KARAWANG,unresolved_do_not_guess,review_required,,41373;41376;41377,,yes,No automatic selection: Kodepos.dev does not corroborate exactly one local source.
POSTAL-3215292005,32.15.29.2005,TAMELANG,PURWASARI,KAB. KARAWANG,unresolved_do_not_guess,review_required,,41373;41376;41377,,yes,No automatic selection: Kodepos.dev does not corroborate exactly one local source.
POSTAL-3215292006,32.15.29.2006,CENGKONG,PURWASARI,KAB. KARAWANG,unresolved_do_not_guess,review_required,,41373;41376;41377,,yes,No automatic selection: Kodepos.dev does not corroborate exactly one local source.
POSTAL-3215292007,32.15.29.2007,SUKASARI,PURWASARI,KAB. KARAWANG,unresolved_do_not_guess,review_required,,41373;41376;41377,,yes,No automatic selection: Kodepos.dev does not corroborate exactly one local source.
POSTAL-3215292008,32.15.29.2008,KARANGSARI,PURWASARI,KAB. KARAWANG,unresolved_do_not_guess,review_required,,41373;41376;41377,,yes,No automatic selection: Kodepos.dev does not corroborate exactly one local source.
POSTAL-3215302001,32.15.30.2001,KERTAMUKTI,CILEBAR,KAB. KARAWANG,unresolved_do_not_guess,review_required,,41350;41353;41387,,yes,No automatic selection: Kodepos.dev does not corroborate exactly one local source.
POSTAL-3215302002,32.15.30.2002,RAWASARI,CILEBAR,KAB. KARAWANG,unresolved_do_not_guess,review_required,,41350;41353;41387,,yes,No automatic selection: Kodepos.dev does not corroborate exactly one local source.
POSTAL-3215302003,32.15.30.2003,PUSAKAJAYA SELATAN,CILEBAR,KAB. KARAWANG,unresolved_do_not_guess,review_required,,41350;41353;41387,,yes,No automatic selection: Kodepos.dev does not corroborate exactly one local source.
POSTAL-3215302004,32.15.30.2004,CIKANDE,CILEBAR,KAB. KARAWANG,unresolved_do_not_guess,review_required,,41350;41353;41387,,yes,No automatic selection: Kodepos.dev does not corroborate exactly one local source.
POSTAL-3215302005,32.15.30.2005,KOSAMBIBATU,CILEBAR,KAB. KARAWANG,unresolved_do_not_guess,review_required,,41350;41353;41387,,yes,No automatic selection: Kodepos.dev does not corroborate exactly one local source.
POSTAL-3215302006,32.15.30.2006,PUSAKAJAYA UTARA,CILEBAR,KAB. KARAWANG,unresolved_do_not_guess,review_required,,41350;41353;41387,,yes,No automatic selection: Kodepos.dev does not corroborate exactly one local source.
POSTAL-3215302007,32.15.30.2007,SUKARATU,CILEBAR,KAB. KARAWANG,unresolved_do_not_guess,review_required,,41350;41353;41387,,yes,No automatic selection: Kodepos.dev does not corroborate exactly one local source.
POSTAL-3215302008,32.15.30.2008,CIPTAMARGI,CILEBAR,KAB. KARAWANG,unresolved_do_not_guess,review_required,,41350;41385;41387,,yes,No automatic selection: Kodepos.dev does not corroborate exactly one local source.
POSTAL-3215302009,32.15.30.2009,MEKARPOHACI,CILEBAR,KAB. KARAWANG,unresolved_do_not_guess,review_required,,41350;41385;41387,,yes,No automatic selection: Kodepos.dev does not corroborate exactly one local source.
POSTAL-3215302010,32.15.30.2010,TANJUNGSARI,CILEBAR,KAB. KARAWANG,unresolved_do_not_guess,review_required,,41350;41385;41387,,yes,No automatic selection: Kodepos.dev does not corroborate exactly one local source.
POSTAL-3216012001,32.16.01.2001,SAGARA MAKMUR,TARUMAJAYA,KAB. BEKASI,candidate_review_only,corroborated_candidate,17211,17211;17213,,yes,Kodepos.dev corroborates Open Data Jabar; candidate is not accepted as final.
POSTAL-3216021006,32.16.02.1006,BAHAGIA,BABELAN,KAB. BEKASI,candidate_review_only,corroborated_candidate,17610,17610;17612,,yes,Kodepos.dev corroborates Open Data Jabar; candidate is not accepted as final.
POSTAL-3216021007,32.16.02.1007,KEBALEN,BABELAN,KAB. BEKASI,candidate_review_only,corroborated_candidate,17610,17610;17613,,yes,Kodepos.dev corroborates Open Data Jabar; candidate is not accepted as final.
POSTAL-3216022001,32.16.02.2001,BUNIBAKTI,BABELAN,KAB. BEKASI,unresolved_do_not_guess,review_required,,17610;17617,,yes,No automatic selection: Kodepos.dev does not corroborate exactly one local source.
POSTAL-3216022002,32.16.02.2002,MUARABAKTI,BABELAN,KAB. BEKASI,unresolved_do_not_guess,review_required,,17610;17619,,yes,No automatic selection: Kodepos.dev does not corroborate exactly one local source.
POSTAL-3216022003,32.16.02.2003,KEDUNG PENGAWAS,BABELAN,KAB. BEKASI,unresolved_do_not_guess,review_required,,17610;17614,,yes,No automatic selection: Kodepos.dev does not corroborate exactly one local source.
POSTAL-3216022004,32.16.02.2004,HURIP JAYA,BABELAN,KAB. BEKASI,unresolved_do_not_guess,review_required,,17610;17618,,yes,No automatic selection: Kodepos.dev does not corroborate exactly one local source.
POSTAL-3216022005,32.16.02.2005,PANTAIHURIP,BABELAN,KAB. BEKASI,candidate_review_only,corroborated_candidate,17610,17610;17618,,yes,Kodepos.dev corroborates Open Data Jabar; candidate is not accepted as final.
POSTAL-3216022008,32.16.02.2008,BABELANKOTA,BABELAN,KAB. BEKASI,candidate_review_only,corroborated_candidate,17610,17610;17611,,yes,Kodepos.dev corroborates Open Data Jabar; candidate is not accepted as final.
POSTAL-3216022009,32.16.02.2009,KEDUNGJAYA,BABELAN,KAB. BEKASI,candidate_review_only,corroborated_candidate,17610,17610;17615,,yes,Kodepos.dev corroborates Open Data Jabar; candidate is not accepted as final.
POSTAL-3216032001,32.16.03.2001,SUKARINGIN,SUKAWANGI,KAB. BEKASI,candidate_review_only,corroborated_candidate,17620,17620;17653,,yes,Kodepos.dev corroborates Open Data Jabar; candidate is not accepted as final.
POSTAL-3216032002,32.16.03.2002,SUKABUDI,SUKAWANGI,KAB. BEKASI,candidate_review_only,corroborated_candidate,17620,17620;17657,,yes,Kodepos.dev corroborates Open Data Jabar; candidate is not accepted as final.
POSTAL-3216032003,32.16.03.2003,SUKADAYA,SUKAWANGI,KAB. BEKASI,candidate_review_only,corroborated_candidate,17620,17620;17656,,yes,Kodepos.dev corroborates Open Data Jabar; candidate is not accepted as final.
POSTAL-3216032004,32.16.03.2004,SUKAWANGI,SUKAWANGI,KAB. BEKASI,candidate_review_only,corroborated_candidate,17620,17620;17651,,yes,Kodepos.dev corroborates Open Data Jabar; candidate is not accepted as final.
POSTAL-3216032005,32.16.03.2005,SUKAKERTA,SUKAWANGI,KAB. BEKASI,candidate_review_only,corroborated_candidate,17620,17620;17652,,yes,Kodepos.dev corroborates Open Data Jabar; candidate is not accepted as final.
POSTAL-3216032006,32.16.03.2006,SUKATENANG,SUKAWANGI,KAB. BEKASI,candidate_review_only,corroborated_candidate,17620,17620;17654,,yes,Kodepos.dev corroborates Open Data Jabar; candidate is not accepted as final.
POSTAL-3216032007,32.16.03.2007,SUKAMEKAR,SUKAWANGI,KAB. BEKASI,candidate_review_only,corroborated_candidate,17620,17620;17655,,yes,Kodepos.dev corroborates Open Data Jabar; candidate is not accepted as final.
POSTAL-3216042001,32.16.04.2001,SUKAWIJAYA,TAMBELANG,KAB. BEKASI,unresolved_do_not_guess,review_required,,17620;17621;17626,,yes,No automatic selection: Kodepos.dev does not corroborate exactly one local source.
POSTAL-3216042002,32.16.04.2002,SUKAMAJU,TAMBELANG,KAB. BEKASI,unresolved_do_not_guess,review_required,,17620;17621;17623,,yes,No automatic selection: Kodepos.dev does not corroborate exactly one local source.
POSTAL-3216042003,32.16.04.2003,SUKARAJA,TAMBELANG,KAB. BEKASI,unresolved_do_not_guess,review_required,,17620;17621;17622,,yes,No automatic selection: Kodepos.dev does not corroborate exactly one local source.
POSTAL-3216042004,32.16.04.2004,SUKARAPIH,TAMBELANG,KAB. BEKASI,candidate_review_only,corroborated_candidate,17621,17620;17621,,yes,Kodepos.dev corroborates Diskominfo; candidate is not accepted as final.
POSTAL-3216042005,32.16.04.2005,SUKARAHAYU,TAMBELANG,KAB. BEKASI,unresolved_do_not_guess,review_required,,17620;17621;17624,,yes,No automatic selection: Kodepos.dev does not corroborate exactly one local source.
POSTAL-3216042006,32.16.04.2006,SUKAMANTRI,TAMBELANG,KAB. BEKASI,unresolved_do_not_guess,review_required,,17620;17621;17627,,yes,No automatic selection: Kodepos.dev does not corroborate exactly one local source.
POSTAL-3216042007,32.16.04.2007,SUKABAKTI,TAMBELANG,KAB. BEKASI,unresolved_do_not_guess,review_required,,17620;17621;17625,,yes,No automatic selection: Kodepos.dev does not corroborate exactly one local source.
POSTAL-3216052001,32.16.05.2001,SATRIAJAYA,TAMBUN UTARA,KAB. BEKASI,unresolved_do_not_guess,review_required,,17510;17511;17563,,yes,No automatic selection: Kodepos.dev does not corroborate exactly one local source.
POSTAL-3216052002,32.16.05.2002,JEJALENJAYA,TAMBUN UTARA,KAB. BEKASI,unresolved_do_not_guess,review_required,,17511;17566,,yes,No automatic selection: Kodepos.dev does not corroborate exactly one local source.
POSTAL-3216052003,32.16.05.2003,SATRIAMEKAR,TAMBUN UTARA,KAB. BEKASI,unresolved_do_not_guess,review_required,,17510;17511;17562,,yes,No automatic selection: Kodepos.dev does not corroborate exactly one local source.
POSTAL-3216052004,32.16.05.2004,SRIAMUR,TAMBUN UTARA,KAB. BEKASI,unresolved_do_not_guess,review_required,,17510;17511;17561,,yes,No automatic selection: Kodepos.dev does not corroborate exactly one local source.
POSTAL-3216052005,32.16.05.2005,SRIMUKTI,TAMBUN UTARA,KAB. BEKASI,unresolved_do_not_guess,review_required,,17510;17511;17565,,yes,No automatic selection: Kodepos.dev does not corroborate exactly one local source.
POSTAL-3216052006,32.16.05.2006,SRIJAYA,TAMBUN UTARA,KAB. BEKASI,unresolved_do_not_guess,review_required,,17510;17511;17568,,yes,No automatic selection: Kodepos.dev does not corroborate exactly one local source.
POSTAL-3216052007,32.16.05.2007,SRIMAHI,TAMBUN UTARA,KAB. BEKASI,unresolved_do_not_guess,review_required,,17510;17511;17567,,yes,No automatic selection: Kodepos.dev does not corroborate exactly one local source.
POSTAL-3216052008,32.16.05.2008,KARANGSATRIA,TAMBUN UTARA,KAB. BEKASI,unresolved_do_not_guess,review_required,,17510;17511;17564,,yes,No automatic selection: Kodepos.dev does not corroborate exactly one local source.
POSTAL-3216061001,32.16.06.1001,JATIMULYA,TAMBUN SELATAN,KAB. BEKASI,candidate_review_only,corroborated_candidate,17510,17510;17512,,yes,Kodepos.dev corroborates Open Data Jabar; candidate is not accepted as final.
POSTAL-3216062002,32.16.06.2002,LAMBANGSARI,TAMBUN SELATAN,KAB. BEKASI,candidate_review_only,corroborated_candidate,17510,17510;17513,,yes,Kodepos.dev corroborates Open Data Jabar; candidate is not accepted as final.
POSTAL-3216062003,32.16.06.2003,LAMBANGJAYA,TAMBUN SELATAN,KAB. BEKASI,candidate_review_only,corroborated_candidate,17510,17510;17514,,yes,Kodepos.dev corroborates Open Data Jabar; candidate is not accepted as final.
POSTAL-3216062004,32.16.06.2004,TAMBUN,TAMBUN SELATAN,KAB. BEKASI,candidate_review_only,corroborated_candidate,17510,17510;17511,,yes,Kodepos.dev corroborates Open Data Jabar; candidate is not accepted as final.
POSTAL-3216062005,32.16.06.2005,SETIADARMA,TAMBUN SELATAN,KAB. BEKASI,candidate_review_only,corroborated_candidate,17510,17510;17513,,yes,Kodepos.dev corroborates Open Data Jabar; candidate is not accepted as final.
POSTAL-3216062006,32.16.06.2006,SETIAMEKAR,TAMBUN SELATAN,KAB. BEKASI,candidate_review_only,corroborated_candidate,17510,17510;17519,,yes,Kodepos.dev corroborates Open Data Jabar; candidate is not accepted as final.
POSTAL-3216062007,32.16.06.2007,MEKARSARI,TAMBUN SELATAN,KAB. BEKASI,candidate_review_only,corroborated_candidate,17510,17510;17515,,yes,Kodepos.dev corroborates Open Data Jabar; candidate is not accepted as final.
POSTAL-3216062008,32.16.06.2008,TRIDAYA SAKTI,TAMBUN SELATAN,KAB. BEKASI,unresolved_do_not_guess,review_required,,17510;17516,,yes,No automatic selection: Kodepos.dev does not corroborate exactly one local source.
POSTAL-3216062009,32.16.06.2009,MANGUNJAYA,TAMBUN SELATAN,KAB. BEKASI,candidate_review_only,corroborated_candidate,17510,17510;17517,,yes,Kodepos.dev corroborates Open Data Jabar; candidate is not accepted as final.
POSTAL-3216062010,32.16.06.2010,SUMBERJAYA,TAMBUN SELATAN,KAB. BEKASI,unresolved_do_not_guess,review_required,,17510;17518,,yes,No automatic selection: Kodepos.dev does not corroborate exactly one local source.
POSTAL-3216071001,32.16.07.1001,WANASARI,CIBITUNG,KAB. BEKASI,candidate_review_only,corroborated_candidate,17520,17520;17521,,yes,Kodepos.dev corroborates Open Data Jabar; candidate is not accepted as final.
POSTAL-3216072002,32.16.07.2002,WANAJAYA,CIBITUNG,KAB. BEKASI,candidate_review_only,corroborated_candidate,17520,17520;17523,,yes,Kodepos.dev corroborates Open Data Jabar; candidate is not accepted as final.
POSTAL-3216072003,32.16.07.2003,KERTAMUKTI,CIBITUNG,KAB. BEKASI,unresolved_do_not_guess,review_required,,17520;17525,,yes,No automatic selection: Kodepos.dev does not corroborate exactly one local source.
POSTAL-3216072004,32.16.07.2004,MUKTIWARI,CIBITUNG,KAB. BEKASI,candidate_review_only,corroborated_candidate,17520,17520;17526,,yes,Kodepos.dev corroborates Open Data Jabar; candidate is not accepted as final.
POSTAL-3216072005,32.16.07.2005,SARIMUKTI,CIBITUNG,KAB. BEKASI,candidate_review_only,corroborated_candidate,17520,17520;17527,,yes,Kodepos.dev corroborates Open Data Jabar; candidate is not accepted as final.
POSTAL-3216072006,32.16.07.2006,SUKAJAYA,CIBITUNG,KAB. BEKASI,candidate_review_only,corroborated_candidate,17520,17520;17524,,yes,Kodepos.dev corroborates Open Data Jabar; candidate is not accepted as final.
POSTAL-3216072007,32.16.07.2007,CIBUNTU,CIBITUNG,KAB. BEKASI,candidate_review_only,corroborated_candidate,17520,17520;17522,,yes,Kodepos.dev corroborates Open Data Jabar; candidate is not accepted as final.
POSTAL-3216081008,32.16.08.1008,TELAGA ASIH,CIKARANG BARAT,KAB. BEKASI,candidate_review_only,corroborated_candidate,17530,17530;17841,,yes,Kodepos.dev corroborates Open Data Jabar; candidate is not accepted as final.
POSTAL-3216082001,32.16.08.2001,TELAGAMURNI,CIKARANG BARAT,KAB. BEKASI,unresolved_do_not_guess,review_required,,17530;17849,,yes,No automatic selection: Kodepos.dev does not corroborate exactly one local source.
POSTAL-3216082002,32.16.08.2002,MEKARWANGI,CIKARANG BARAT,KAB. BEKASI,unresolved_do_not_guess,review_required,,17530;17843,,yes,No automatic selection: Kodepos.dev does not corroborate exactly one local source.
POSTAL-3216082003,32.16.08.2003,JATIWANGI,CIKARANG BARAT,KAB. BEKASI,candidate_review_only,corroborated_candidate,17530,17530;17846,,yes,Kodepos.dev corroborates Open Data Jabar; candidate is not accepted as final.
POSTAL-3216082004,32.16.08.2004,DANAU INDAH,CIKARANG BARAT,KAB. BEKASI,unresolved_do_not_guess,review_required,,17530;17847,,yes,No automatic selection: Kodepos.dev does not corroborate exactly one local source.
POSTAL-3216082005,32.16.08.2005,GANDAMEKAR,CIKARANG BARAT,KAB. BEKASI,candidate_review_only,corroborated_candidate,17530,17530;17842,,yes,Kodepos.dev corroborates Open Data Jabar; candidate is not accepted as final.
POSTAL-3216082006,32.16.08.2006,GANDASARI,CIKARANG BARAT,KAB. BEKASI,candidate_review_only,corroborated_candidate,17530,17530;17842,,yes,Kodepos.dev corroborates Open Data Jabar; candidate is not accepted as final.
POSTAL-3216082007,32.16.08.2007,SUKADANAU,CIKARANG BARAT,KAB. BEKASI,candidate_review_only,corroborated_candidate,17530,17530;17848,,yes,Kodepos.dev corroborates Open Data Jabar; candidate is not accepted as final.
POSTAL-3216082009,32.16.08.2009,KALIJAYA,CIKARANG BARAT,KAB. BEKASI,unresolved_do_not_guess,review_required,,17530;17849,,yes,No automatic selection: Kodepos.dev does not corroborate exactly one local source.
POSTAL-3216082010,32.16.08.2010,TELAJUNG,CIKARANG BARAT,KAB. BEKASI,candidate_review_only,corroborated_candidate,17530,17530;17844,,yes,Kodepos.dev corroborates Open Data Jabar; candidate is not accepted as final.
POSTAL-3216082011,32.16.08.2011,CIKEDOKAN,CIKARANG BARAT,KAB. BEKASI,candidate_review_only,corroborated_candidate,17530,17530;17845,,yes,Kodepos.dev corroborates Open Data Jabar; candidate is not accepted as final.
POSTAL-3216092001,32.16.09.2001,CIKARANGKOTA,CIKARANG UTARA,KAB. BEKASI,unresolved_do_not_guess,review_required,,17530;17534;17831,,yes,No automatic selection: Kodepos.dev does not corroborate exactly one local source.
POSTAL-3216092002,32.16.09.2002,KARANGBARU,CIKARANG UTARA,KAB. BEKASI,unresolved_do_not_guess,review_required,,17534;17832,,yes,No automatic selection: Kodepos.dev does not corroborate exactly one local source.
POSTAL-3216092003,32.16.09.2003,KARANGASIH,CIKARANG UTARA,KAB. BEKASI,unresolved_do_not_guess,review_required,,17530;17534;17839,,yes,No automatic selection: Kodepos.dev does not corroborate exactly one local source.
POSTAL-3216092004,32.16.09.2004,WALUYA,CIKARANG UTARA,KAB. BEKASI,unresolved_do_not_guess,review_required,,17530;17534;17837,,yes,No automatic selection: Kodepos.dev does not corroborate exactly one local source.
POSTAL-3216092005,32.16.09.2005,KARANGRAHARJA,CIKARANG UTARA,KAB. BEKASI,unresolved_do_not_guess,review_required,,17530;17534;17839,,yes,No automatic selection: Kodepos.dev does not corroborate exactly one local source.
POSTAL-3216092006,32.16.09.2006,PASIRGOMBONG,CIKARANG UTARA,KAB. BEKASI,unresolved_do_not_guess,review_required,,17534;17835,,yes,No automatic selection: Kodepos.dev does not corroborate exactly one local source.
POSTAL-3216092007,32.16.09.2007,SIMPANGAN,CIKARANG UTARA,KAB. BEKASI,unresolved_do_not_guess,review_required,,17530;17534;17836,,yes,No automatic selection: Kodepos.dev does not corroborate exactly one local source.
POSTAL-3216092008,32.16.09.2008,TANJUNGSARI,CIKARANG UTARA,KAB. BEKASI,unresolved_do_not_guess,review_required,,17530;17534;17838,,yes,No automatic selection: Kodepos.dev does not corroborate exactly one local source.
POSTAL-3216092009,32.16.09.2009,HAJARMEKAR,CIKARANG UTARA,KAB. BEKASI,unresolved_do_not_guess,review_required,,17534;17835,,yes,No automatic selection: Kodepos.dev does not corroborate exactly one local source.
POSTAL-3216092010,32.16.09.2010,MEKARMUKTI,CIKARANG UTARA,KAB. BEKASI,unresolved_do_not_guess,review_required,,17530;17534;17834,,yes,No automatic selection: Kodepos.dev does not corroborate exactly one local source.
POSTAL-3216092011,32.16.09.2011,WANGUNHARJA,CIKARANG UTARA,KAB. BEKASI,unresolved_do_not_guess,review_required,,17530;17534;17833,,yes,No automatic selection: Kodepos.dev does not corroborate exactly one local source.
POSTAL-3216102001,32.16.10.2001,SUKARAYA,KARANG BAHAGIA,KAB. BEKASI,unresolved_do_not_guess,review_required,,17530;17535;17536,,yes,No automatic selection: Kodepos.dev does not corroborate exactly one local source.
POSTAL-3216102003,32.16.10.2003,KARANGSETIA,KARANG BAHAGIA,KAB. BEKASI,unresolved_do_not_guess,review_required,,17534;17535,,yes,No automatic selection: Kodepos.dev does not corroborate exactly one local source.
POSTAL-3216102004,32.16.10.2004,KARANGANYAR,KARANG BAHAGIA,KAB. BEKASI,unresolved_do_not_guess,review_required,,17530;17533;17535,,yes,No automatic selection: Kodepos.dev does not corroborate exactly one local source.
POSTAL-3216102005,32.16.10.2005,KARANGBAHAGIA,KARANG BAHAGIA,KAB. BEKASI,unresolved_do_not_guess,review_required,,17531;17535,,yes,No automatic selection: Kodepos.dev does not corroborate exactly one local source.
POSTAL-3216102006,32.16.10.2006,KARANGSENTOSA,KARANG BAHAGIA,KAB. BEKASI,unresolved_do_not_guess,review_required,,17532;17535,,yes,No automatic selection: Kodepos.dev does not corroborate exactly one local source.
POSTAL-3216102007,32.16.10.2007,KARANGSATU,KARANG BAHAGIA,KAB. BEKASI,unresolved_do_not_guess,review_required,,17535;17537,,yes,No automatic selection: Kodepos.dev does not corroborate exactly one local source.
POSTAL-3216102008,32.16.10.2008,KARANGMUKTI,KARANG BAHAGIA,KAB. BEKASI,unresolved_do_not_guess,review_required,,17530;17535;17538,,yes,No automatic selection: Kodepos.dev does not corroborate exactly one local source.
POSTAL-3216111007,32.16.11.1007,SERTAJAYA,CIKARANG TIMUR,KAB. BEKASI,unresolved_do_not_guess,review_required,,17530;17533;17823,,yes,No automatic selection: Kodepos.dev does not corroborate exactly one local source.
POSTAL-3216112001,32.16.11.2001,TANJUNGBARU,CIKARANG TIMUR,KAB. BEKASI,unresolved_do_not_guess,review_required,,17530;17533;17827,,yes,No automatic selection: Kodepos.dev does not corroborate exactly one local source.
POSTAL-3216112002,32.16.11.2002,CIPAYUNG,CIKARANG TIMUR,KAB. BEKASI,unresolved_do_not_guess,review_required,,17530;17533;17825,,yes,No automatic selection: Kodepos.dev does not corroborate exactly one local source.
POSTAL-3216112003,32.16.11.2003,HEGARMANAH,CIKARANG TIMUR,KAB. BEKASI,unresolved_do_not_guess,review_required,,17530;17533;17824,,yes,No automatic selection: Kodepos.dev does not corroborate exactly one local source.
POSTAL-3216112004,32.16.11.2004,JATIREJA,CIKARANG TIMUR,KAB. BEKASI,unresolved_do_not_guess,review_required,,17530;17533;17822,,yes,No automatic selection: Kodepos.dev does not corroborate exactly one local source.
POSTAL-3216112005,32.16.11.2005,JATIBARU,CIKARANG TIMUR,KAB. BEKASI,unresolved_do_not_guess,review_required,,17530;17533;17821,,yes,No automatic selection: Kodepos.dev does not corroborate exactly one local source.
POSTAL-3216112006,32.16.11.2006,LABANSARI,CIKARANG TIMUR,KAB. BEKASI,unresolved_do_not_guess,review_required,,17530;17533;17826,,yes,No automatic selection: Kodepos.dev does not corroborate exactly one local source.
POSTAL-3216112008,32.16.11.2008,KARANGSARI,CIKARANG TIMUR,KAB. BEKASI,unresolved_do_not_guess,review_required,,17530;17533;17828,,yes,No automatic selection: Kodepos.dev does not corroborate exactly one local source.
POSTAL-3216122001,32.16.12.2001,KARANGSAMBUNG,KEDUNG WARINGIN,KAB. BEKASI,unresolved_do_not_guess,review_required,,17540;17545,,yes,No automatic selection: Kodepos.dev does not corroborate exactly one local source.
POSTAL-3216122002,32.16.12.2002,WARINGINJAYA,KEDUNG WARINGIN,KAB. BEKASI,unresolved_do_not_guess,review_required,,17540;17546,,yes,No automatic selection: Kodepos.dev does not corroborate exactly one local source.
POSTAL-3216122003,32.16.12.2003,KARANGMEKAR,KEDUNG WARINGIN,KAB. BEKASI,unresolved_do_not_guess,review_required,,17540;17542,,yes,No automatic selection: Kodepos.dev does not corroborate exactly one local source.
POSTAL-3216122004,32.16.12.2004,MEKARJAYA,KEDUNG WARINGIN,KAB. BEKASI,unresolved_do_not_guess,review_required,,17540;17543,,yes,No automatic selection: Kodepos.dev does not corroborate exactly one local source.
POSTAL-3216122005,32.16.12.2005,KARANGHARUM,KEDUNG WARINGIN,KAB. BEKASI,unresolved_do_not_guess,review_required,,17540;17544,,yes,No automatic selection: Kodepos.dev does not corroborate exactly one local source.
POSTAL-3216122006,32.16.12.2006,BOJONGSARI,KEDUNG WARINGIN,KAB. BEKASI,unresolved_do_not_guess,review_required,,17540;17547,,yes,No automatic selection: Kodepos.dev does not corroborate exactly one local source.
POSTAL-3216122007,32.16.12.2007,KEDUNGWARINGIN,KEDUNG WARINGIN,KAB. BEKASI,unresolved_do_not_guess,review_required,,17540;17541,,yes,No automatic selection: Kodepos.dev does not corroborate exactly one local source.
POSTAL-3216131011,32.16.13.1011,KERTASARI,PEBAYURAN,KAB. BEKASI,candidate_review_only,corroborated_candidate,17710,17710;17711,,yes,Kodepos.dev corroborates Open Data Jabar; candidate is not accepted as final.
POSTAL-3216132001,32.16.13.2001,KARANGHARJA,PEBAYURAN,KAB. BEKASI,unresolved_do_not_guess,review_required,,17710;17715,,yes,No automatic selection: Kodepos.dev does not corroborate exactly one local source.
POSTAL-3216132002,32.16.13.2002,KARANGSEGAR,PEBAYURAN,KAB. BEKASI,candidate_review_only,corroborated_candidate,17710,17710;17716,,yes,Kodepos.dev corroborates Open Data Jabar; candidate is not accepted as final.
POSTAL-3216132003,32.16.13.2003,SUMBERURIP,PEBAYURAN,KAB. BEKASI,candidate_review_only,corroborated_candidate,17710,17710;17714,,yes,Kodepos.dev corroborates Open Data Jabar; candidate is not accepted as final.
POSTAL-3216132005,32.16.13.2005,KARANGREJA,PEBAYURAN,KAB. BEKASI,candidate_review_only,corroborated_candidate,17710,17710;17717,,yes,Kodepos.dev corroborates Open Data Jabar; candidate is not accepted as final.
POSTAL-3216132006,32.16.13.2006,KARANGJAYA,PEBAYURAN,KAB. BEKASI,candidate_review_only,corroborated_candidate,17710,17710;17717,,yes,Kodepos.dev corroborates Open Data Jabar; candidate is not accepted as final.
POSTAL-3216132007,32.16.13.2007,SUMBERSARI,PEBAYURAN,KAB. BEKASI,candidate_review_only,corroborated_candidate,17710,17710;17714,,yes,Kodepos.dev corroborates Open Data Jabar; candidate is not accepted as final.
POSTAL-3216132008,32.16.13.2008,KARANGPATRI,PEBAYURAN,KAB. BEKASI,candidate_review_only,corroborated_candidate,17710,17710;17713,,yes,Kodepos.dev corroborates Open Data Jabar; candidate is not accepted as final.
POSTAL-3216132009,32.16.13.2009,KARANGHAUR,PEBAYURAN,KAB. BEKASI,candidate_review_only,corroborated_candidate,17710,17710;17713,,yes,Kodepos.dev corroborates Open Data Jabar; candidate is not accepted as final.
POSTAL-3216132010,32.16.13.2010,KERTAJAYA,PEBAYURAN,KAB. BEKASI,candidate_review_only,corroborated_candidate,17710,17710;17712,,yes,Kodepos.dev corroborates Open Data Jabar; candidate is not accepted as final.
POSTAL-3216132012,32.16.13.2012,BANTARSARI,PEBAYURAN,KAB. BEKASI,candidate_review_only,corroborated_candidate,17710,17710;17718,,yes,Kodepos.dev corroborates Open Data Jabar; candidate is not accepted as final.
POSTAL-3216132013,32.16.13.2013,BANTARJAYA,PEBAYURAN,KAB. BEKASI,candidate_review_only,corroborated_candidate,17710,17710;17719,,yes,Kodepos.dev corroborates Open Data Jabar; candidate is not accepted as final.
POSTAL-3216142001,32.16.14.2001,SUKAMURNI,SUKAKARYA,KAB. BEKASI,candidate_review_only,corroborated_candidate,17630,17630;17643,,yes,Kodepos.dev corroborates Open Data Jabar; candidate is not accepted as final.
POSTAL-3216142002,32.16.14.2002,SUKAINDAH,SUKAKARYA,KAB. BEKASI,candidate_review_only,corroborated_candidate,17630,17630;17642,,yes,Kodepos.dev corroborates Open Data Jabar; candidate is not accepted as final.
POSTAL-3216142003,32.16.14.2003,SUKAKARYA,SUKAKARYA,KAB. BEKASI,candidate_review_only,corroborated_candidate,17630,17630;17641,,yes,Kodepos.dev corroborates Open Data Jabar; candidate is not accepted as final.
POSTAL-3216142004,32.16.14.2004,SUKALAKSANA,SUKAKARYA,KAB. BEKASI,candidate_review_only,corroborated_candidate,17630,17630;17645,,yes,Kodepos.dev corroborates Open Data Jabar; candidate is not accepted as final.
POSTAL-3216142005,32.16.14.2005,SUKAJADI,SUKAKARYA,KAB. BEKASI,candidate_review_only,corroborated_candidate,17630,17630;17644,,yes,Kodepos.dev corroborates Open Data Jabar; candidate is not accepted as final.
POSTAL-3216142006,32.16.14.2006,SUKAKARSA,SUKAKARYA,KAB. BEKASI,unresolved_do_not_guess,review_required,,17630;17641;17646,,yes,No automatic selection: Kodepos.dev does not corroborate exactly one local source.
POSTAL-3216142007,32.16.14.2007,SUKAMAKMUR,SUKAKARYA,KAB. BEKASI,candidate_review_only,corroborated_candidate,17630,17630;17647,,yes,Kodepos.dev corroborates Open Data Jabar; candidate is not accepted as final.
POSTAL-3216152001,32.16.15.2001,SUKAMULYA,SUKATANI,KAB. BEKASI,candidate_review_only,corroborated_candidate,17631,17630;17631,,yes,Kodepos.dev corroborates Diskominfo; candidate is not accepted as final.
POSTAL-3216152002,32.16.15.2002,SUKAMANAH,SUKATANI,KAB. BEKASI,unresolved_do_not_guess,review_required,,17630;17631;17633,,yes,No automatic selection: Kodepos.dev does not corroborate exactly one local source.
POSTAL-3216152003,32.16.15.2003,SUKAHURIP,SUKATANI,KAB. BEKASI,unresolved_do_not_guess,review_required,,17630;17631;17634,,yes,No automatic selection: Kodepos.dev does not corroborate exactly one local source.
POSTAL-3216152004,32.16.15.2004,SUKAASIH,SUKATANI,KAB. BEKASI,unresolved_do_not_guess,review_required,,17631;17636,,yes,No automatic selection: Kodepos.dev does not corroborate exactly one local source.
POSTAL-3216152005,32.16.15.2005,SUKARUKUN,SUKATANI,KAB. BEKASI,unresolved_do_not_guess,review_required,,17630;17631;17637,,yes,No automatic selection: Kodepos.dev does not corroborate exactly one local source.
POSTAL-3216152006,32.16.15.2006,BANJARSARI,SUKATANI,KAB. BEKASI,unresolved_do_not_guess,review_required,,17631;17635,,yes,No automatic selection: Kodepos.dev does not corroborate exactly one local source.
POSTAL-3216152007,32.16.15.2007,SUKADARMA,SUKATANI,KAB. BEKASI,unresolved_do_not_guess,review_required,,17630;17631;17632,,yes,No automatic selection: Kodepos.dev does not corroborate exactly one local source.
POSTAL-3216162001,32.16.16.2001,JAYABAKTI,CABANGBUNGIN,KAB. BEKASI,unresolved_do_not_guess,review_required,,17720;17723,,yes,No automatic selection: Kodepos.dev does not corroborate exactly one local source.
POSTAL-3216162002,32.16.16.2002,JAYALAKSANA,CABANGBUNGIN,KAB. BEKASI,unresolved_do_not_guess,review_required,,17720;17726,,yes,No automatic selection: Kodepos.dev does not corroborate exactly one local source.
POSTAL-3216162003,32.16.16.2003,SINDANGSARI,CABANGBUNGIN,KAB. BEKASI,candidate_review_only,corroborated_candidate,17720,17720;17725,,yes,Kodepos.dev corroborates Open Data Jabar; candidate is not accepted as final.
POSTAL-3216162004,32.16.16.2004,SINDANGJAYA,CABANGBUNGIN,KAB. BEKASI,unresolved_do_not_guess,review_required,,17720;17724,,yes,No automatic selection: Kodepos.dev does not corroborate exactly one local source.
POSTAL-3216162005,32.16.16.2005,SETIALAKSANA,CABANGBUNGIN,KAB. BEKASI,candidate_review_only,corroborated_candidate,17720,17720;17727,,yes,Kodepos.dev corroborates Open Data Jabar; candidate is not accepted as final.
POSTAL-3216162006,32.16.16.2006,SETIAJAYA,CABANGBUNGIN,KAB. BEKASI,unresolved_do_not_guess,review_required,,17720;17721,,yes,No automatic selection: Kodepos.dev does not corroborate exactly one local source.
POSTAL-3216162007,32.16.16.2007,LENGGAHJAYA,CABANGBUNGIN,KAB. BEKASI,unresolved_do_not_guess,review_required,,17720;17728,,yes,No automatic selection: Kodepos.dev does not corroborate exactly one local source.
POSTAL-3216162008,32.16.16.2008,LENGGAHSARI,CABANGBUNGIN,KAB. BEKASI,unresolved_do_not_guess,review_required,,17720;17722,,yes,No automatic selection: Kodepos.dev does not corroborate exactly one local source.
POSTAL-3216172001,32.16.17.2001,PANTAI MEKAR,MUARAGEMBONG,KAB. BEKASI,unresolved_do_not_guess,review_required,,17730;17731,,yes,No automatic selection: Kodepos.dev does not corroborate exactly one local source.
POSTAL-3216172002,32.16.17.2002,PANTAI BAHAGIA,MUARAGEMBONG,KAB. BEKASI,unresolved_do_not_guess,review_required,,17730;17735,,yes,No automatic selection: Kodepos.dev does not corroborate exactly one local source.
POSTAL-3216172003,32.16.17.2003,PANTAI BAKTI,MUARAGEMBONG,KAB. BEKASI,unresolved_do_not_guess,review_required,,17730;17734,,yes,No automatic selection: Kodepos.dev does not corroborate exactly one local source.
POSTAL-3216172004,32.16.17.2004,PANTAI HARAPANJAYA,MUARAGEMBONG,KAB. BEKASI,unresolved_do_not_guess,review_required,,17730;17732,,yes,No automatic selection: Kodepos.dev does not corroborate exactly one local source.
POSTAL-3216172005,32.16.17.2005,PANTAI SEDERHANA,MUARAGEMBONG,KAB. BEKASI,candidate_review_only,corroborated_candidate,17730,17730;17736,,yes,Kodepos.dev corroborates Open Data Jabar; candidate is not accepted as final.
POSTAL-3216172006,32.16.17.2006,JAYASAKTI,MUARAGEMBONG,KAB. BEKASI,candidate_review_only,corroborated_candidate,17730,17730;17733,,yes,Kodepos.dev corroborates Open Data Jabar; candidate is not accepted as final.
POSTAL-3216182001,32.16.18.2001,CIJENGKOL,SETU,KAB. BEKASI,candidate_review_only,corroborated_candidate,17320,17320;17322,,yes,Kodepos.dev corroborates Open Data Jabar; candidate is not accepted as final.
POSTAL-3216182002,32.16.18.2002,LUBANGBUAYA,SETU,KAB. BEKASI,candidate_review_only,corroborated_candidate,17320,17320;17321,,yes,Kodepos.dev corroborates Open Data Jabar; candidate is not accepted as final.
POSTAL-3216182003,32.16.18.2003,BURANGKENG,SETU,KAB. BEKASI,candidate_review_only,corroborated_candidate,17320,17320;17323,,yes,Kodepos.dev corroborates Open Data Jabar; candidate is not accepted as final.
POSTAL-3216182004,32.16.18.2004,CILEDUG,SETU,KAB. BEKASI,candidate_review_only,corroborated_candidate,17320,17320;17329,,yes,Kodepos.dev corroborates Open Data Jabar; candidate is not accepted as final.
POSTAL-3216182005,32.16.18.2005,CIBENING,SETU,KAB. BEKASI,candidate_review_only,corroborated_candidate,17320,17320;17329,,yes,Kodepos.dev corroborates Open Data Jabar; candidate is not accepted as final.
POSTAL-3216182006,32.16.18.2006,TAMAN SARI,SETU,KAB. BEKASI,candidate_review_only,corroborated_candidate,17320,17320;17324,,yes,Kodepos.dev corroborates Open Data Jabar; candidate is not accepted as final.
POSTAL-3216182007,32.16.18.2007,TAMAN RAHAYU,SETU,KAB. BEKASI,candidate_review_only,corroborated_candidate,17320,17320;17324,,yes,Kodepos.dev corroborates Open Data Jabar; candidate is not accepted as final.
POSTAL-3216182008,32.16.18.2008,CIKARAGEMAN,SETU,KAB. BEKASI,candidate_review_only,corroborated_candidate,17320,17320;17326,,yes,Kodepos.dev corroborates Open Data Jabar; candidate is not accepted as final.
POSTAL-3216182009,32.16.18.2009,RAGAMANUNGGAL,SETU,KAB. BEKASI,candidate_review_only,corroborated_candidate,17320,17320;17327,,yes,Kodepos.dev corroborates Open Data Jabar; candidate is not accepted as final.
POSTAL-3216182010,32.16.18.2010,MUKTIJAYA,SETU,KAB. BEKASI,candidate_review_only,corroborated_candidate,17320,17320;17327,,yes,Kodepos.dev corroborates Open Data Jabar; candidate is not accepted as final.
POSTAL-3216182011,32.16.18.2011,KERTARAHAYU,SETU,KAB. BEKASI,candidate_review_only,corroborated_candidate,17320,17320;17328,,yes,Kodepos.dev corroborates Open Data Jabar; candidate is not accepted as final.
POSTAL-3216192001,32.16.19.2001,CIBATU,CIKARANG SELATAN,KAB. BEKASI,unresolved_do_not_guess,review_required,,17530;17532;17855,,yes,No automatic selection: Kodepos.dev does not corroborate exactly one local source.
POSTAL-3216192002,32.16.19.2002,SUKASEJATI,CIKARANG SELATAN,KAB. BEKASI,unresolved_do_not_guess,review_required,,17530;17532;17853,,yes,No automatic selection: Kodepos.dev does not corroborate exactly one local source.
POSTAL-3216192003,32.16.19.2003,CIANTRA,CIKARANG SELATAN,KAB. BEKASI,unresolved_do_not_guess,review_required,,17530;17532;17852,,yes,No automatic selection: Kodepos.dev does not corroborate exactly one local source.
POSTAL-3216192004,32.16.19.2004,SUKADAMI,CIKARANG SELATAN,KAB. BEKASI,unresolved_do_not_guess,review_required,,17530;17532;17851,,yes,No automatic selection: Kodepos.dev does not corroborate exactly one local source.
POSTAL-3216192005,32.16.19.2005,SUKARESMI,CIKARANG SELATAN,KAB. BEKASI,unresolved_do_not_guess,review_required,,17530;17532;17857,,yes,No automatic selection: Kodepos.dev does not corroborate exactly one local source.
POSTAL-3216192006,32.16.19.2006,SERANG,CIKARANG SELATAN,KAB. BEKASI,unresolved_do_not_guess,review_required,,17530;17532;17854,,yes,No automatic selection: Kodepos.dev does not corroborate exactly one local source.
POSTAL-3216192007,32.16.19.2007,PASIRSARI,CIKARANG SELATAN,KAB. BEKASI,unresolved_do_not_guess,review_required,,17530;17532;17856,,yes,No automatic selection: Kodepos.dev does not corroborate exactly one local source.
POSTAL-3216202001,32.16.20.2001,CICAU,CIKARANG PUSAT,KAB. BEKASI,unresolved_do_not_guess,review_required,,17530;17531;17812,,yes,No automatic selection: Kodepos.dev does not corroborate exactly one local source.
POSTAL-3216202002,32.16.20.2002,SUKAMAHI,CIKARANG PUSAT,KAB. BEKASI,unresolved_do_not_guess,review_required,,17530;17531;17811,,yes,No automatic selection: Kodepos.dev does not corroborate exactly one local source.
POSTAL-3216202003,32.16.20.2003,PASIRANJI,CIKARANG PUSAT,KAB. BEKASI,unresolved_do_not_guess,review_required,,17531;17813,,yes,No automatic selection: Kodepos.dev does not corroborate exactly one local source.
POSTAL-3216202004,32.16.20.2004,HEGARMUKTI,CIKARANG PUSAT,KAB. BEKASI,unresolved_do_not_guess,review_required,,17530;17531;17815,,yes,No automatic selection: Kodepos.dev does not corroborate exactly one local source.
POSTAL-3216202005,32.16.20.2005,JAYAMUKTI,CIKARANG PUSAT,KAB. BEKASI,unresolved_do_not_guess,review_required,,17530;17531;17816,,yes,No automatic selection: Kodepos.dev does not corroborate exactly one local source.
POSTAL-3216202006,32.16.20.2006,PASIRTANJUNG,CIKARANG PUSAT,KAB. BEKASI,unresolved_do_not_guess,review_required,,17530;17531;17814,,yes,No automatic selection: Kodepos.dev does not corroborate exactly one local source.
POSTAL-3216212001,32.16.21.2001,SUKARAGAM,SERANG BARU,KAB. BEKASI,candidate_review_only,corroborated_candidate,17330,17330;17331,,yes,Kodepos.dev corroborates Open Data Jabar; candidate is not accepted as final.
POSTAL-3216212002,32.16.21.2002,SIRNAJAYA,SERANG BARU,KAB. BEKASI,candidate_review_only,corroborated_candidate,17330,17330;17335,,yes,Kodepos.dev corroborates Open Data Jabar; candidate is not accepted as final.
POSTAL-3216212003,32.16.21.2003,SUKASARI,SERANG BARU,KAB. BEKASI,candidate_review_only,corroborated_candidate,17330,17330;17332,,yes,Kodepos.dev corroborates Open Data Jabar; candidate is not accepted as final.
POSTAL-3216212004,32.16.21.2004,JAYAMULYA,SERANG BARU,KAB. BEKASI,candidate_review_only,corroborated_candidate,17330,17330;17334,,yes,Kodepos.dev corroborates Open Data Jabar; candidate is not accepted as final.
POSTAL-3216212005,32.16.21.2005,NAGACIPTA,SERANG BARU,KAB. BEKASI,candidate_review_only,corroborated_candidate,17330,17330;17336,,yes,Kodepos.dev corroborates Open Data Jabar; candidate is not accepted as final.
POSTAL-3216212006,32.16.21.2006,NAGASARI,SERANG BARU,KAB. BEKASI,candidate_review_only,corroborated_candidate,17330,17330;17337,,yes,Kodepos.dev corroborates Open Data Jabar; candidate is not accepted as final.
POSTAL-3216212007,32.16.21.2007,CILANGKARA,SERANG BARU,KAB. BEKASI,candidate_review_only,corroborated_candidate,17330,17330;17338,,yes,Kodepos.dev corroborates Open Data Jabar; candidate is not accepted as final.
POSTAL-3216212008,32.16.21.2008,JAYASAMPURNA,SERANG BARU,KAB. BEKASI,unresolved_do_not_guess,review_required,,17330;17333,,yes,No automatic selection: Kodepos.dev does not corroborate exactly one local source.
POSTAL-3216222002,32.16.22.2002,RIDOGALIH,CIBARUSAH,KAB. BEKASI,candidate_review_only,corroborated_candidate,17340,17340;17344,,yes,Kodepos.dev corroborates Open Data Jabar; candidate is not accepted as final.
POSTAL-3216222003,32.16.22.2003,RIDOMANAH,CIBARUSAH,KAB. BEKASI,candidate_review_only,corroborated_candidate,17340,17340;17345,,yes,Kodepos.dev corroborates Open Data Jabar; candidate is not accepted as final.
POSTAL-3216222004,32.16.22.2004,WIBAWAMULYA,CIBARUSAH,KAB. BEKASI,candidate_review_only,corroborated_candidate,17340,17340;17346,,yes,Kodepos.dev corroborates Open Data Jabar; candidate is not accepted as final.
POSTAL-3216222005,32.16.22.2005,CIBARUSAH KOTA,CIBARUSAH,KAB. BEKASI,candidate_review_only,corroborated_candidate,17340,17340;17341,,yes,Kodepos.dev corroborates Open Data Jabar; candidate is not accepted as final.
POSTAL-3216222006,32.16.22.2006,CIBARUSAH JAYA,CIBARUSAH,KAB. BEKASI,candidate_review_only,corroborated_candidate,17340,17340;17342,,yes,Kodepos.dev corroborates Open Data Jabar; candidate is not accepted as final.
POSTAL-3216222007,32.16.22.2007,SINDANGMULYA,CIBARUSAH,KAB. BEKASI,candidate_review_only,corroborated_candidate,17340,17340;17347,,yes,Kodepos.dev corroborates Open Data Jabar; candidate is not accepted as final.
POSTAL-3216232001,32.16.23.2001,KARANGMULYA,BOJONGMANGU,KAB. BEKASI,candidate_review_only,corroborated_candidate,17356,17356;17455,,yes,Kodepos.dev corroborates Open Data Jabar; candidate is not accepted as final.
POSTAL-3216232002,32.16.23.2002,KARANGINDAH,BOJONGMANGU,KAB. BEKASI,candidate_review_only,corroborated_candidate,17350,17350;17453,,yes,Kodepos.dev corroborates Open Data Jabar; candidate is not accepted as final.
POSTAL-3216232003,32.16.23.2003,BOJONGMANGU,BOJONGMANGU,KAB. BEKASI,unresolved_do_not_guess,review_required,,17352;17451,,yes,No automatic selection: Kodepos.dev does not corroborate exactly one local source.
POSTAL-3216232004,32.16.23.2004,SUKABUNGAH,BOJONGMANGU,KAB. BEKASI,candidate_review_only,corroborated_candidate,17350,17350;17456,,yes,Kodepos.dev corroborates Open Data Jabar; candidate is not accepted as final.
POSTAL-3216232005,32.16.23.2005,SUKAMUKTI,BOJONGMANGU,KAB. BEKASI,candidate_review_only,corroborated_candidate,17350,17350;17457,,yes,Kodepos.dev corroborates Open Data Jabar; candidate is not accepted as final.
POSTAL-3216232006,32.16.23.2006,MEDALKRISNA,BOJONGMANGU,KAB. BEKASI,candidate_review_only,corroborated_candidate,17350,17350;17452,,yes,Kodepos.dev corroborates Open Data Jabar; candidate is not accepted as final.
POSTAL-3217012001,32.17.01.2001,PAGERWANGI,LEMBANG,KAB. BANDUNG BARAT,candidate_review_only,corroborated_candidate,40391,40391;40791,,yes,Kodepos.dev corroborates Open Data Jabar; candidate is not accepted as final.
POSTAL-3217012002,32.17.01.2002,KAYUAMBON,LEMBANG,KAB. BANDUNG BARAT,candidate_review_only,corroborated_candidate,40391,40391;40791,,yes,Kodepos.dev corroborates Open Data Jabar; candidate is not accepted as final.
POSTAL-3217012003,32.17.01.2003,LEMBANG,LEMBANG,KAB. BANDUNG BARAT,candidate_review_only,corroborated_candidate,40391,40391;40791,,yes,Kodepos.dev corroborates Open Data Jabar; candidate is not accepted as final.
POSTAL-3217012004,32.17.01.2004,CIKIDANG,LEMBANG,KAB. BANDUNG BARAT,candidate_review_only,corroborated_candidate,40391,40391;40791,,yes,Kodepos.dev corroborates Open Data Jabar; candidate is not accepted as final.
POSTAL-3217012005,32.17.01.2005,CIKAHURIPAN,LEMBANG,KAB. BANDUNG BARAT,candidate_review_only,corroborated_candidate,40391,40391;40791,,yes,Kodepos.dev corroborates Open Data Jabar; candidate is not accepted as final.
POSTAL-3217012006,32.17.01.2006,CIKOLE,LEMBANG,KAB. BANDUNG BARAT,candidate_review_only,corroborated_candidate,40391,40391;40791,,yes,Kodepos.dev corroborates Open Data Jabar; candidate is not accepted as final.
POSTAL-3217012007,32.17.01.2007,GUDANGKAHURIPAN,LEMBANG,KAB. BANDUNG BARAT,candidate_review_only,corroborated_candidate,40391,40391;40791,,yes,Kodepos.dev corroborates Open Data Jabar; candidate is not accepted as final.
POSTAL-3217012008,32.17.01.2008,JAYAGIRI,LEMBANG,KAB. BANDUNG BARAT,candidate_review_only,corroborated_candidate,40391,40391;40791,,yes,Kodepos.dev corroborates Open Data Jabar; candidate is not accepted as final.
POSTAL-3217012009,32.17.01.2009,CIBODAS,LEMBANG,KAB. BANDUNG BARAT,candidate_review_only,corroborated_candidate,40391,40391;40791,,yes,Kodepos.dev corroborates Open Data Jabar; candidate is not accepted as final.
POSTAL-3217012010,32.17.01.2010,LANGENSARI,LEMBANG,KAB. BANDUNG BARAT,candidate_review_only,corroborated_candidate,40391,40391;40791,,yes,Kodepos.dev corroborates Open Data Jabar; candidate is not accepted as final.
POSTAL-3217012011,32.17.01.2011,MEKARWANGI,LEMBANG,KAB. BANDUNG BARAT,candidate_review_only,corroborated_candidate,40391,40391;40791,,yes,Kodepos.dev corroborates Open Data Jabar; candidate is not accepted as final.
POSTAL-3217012012,32.17.01.2012,CIBOGO,LEMBANG,KAB. BANDUNG BARAT,candidate_review_only,corroborated_candidate,40391,40391;40791,,yes,Kodepos.dev corroborates Open Data Jabar; candidate is not accepted as final.
POSTAL-3217012013,32.17.01.2013,SUKAJAYA,LEMBANG,KAB. BANDUNG BARAT,candidate_review_only,corroborated_candidate,40391,40391;40791,,yes,Kodepos.dev corroborates Open Data Jabar; candidate is not accepted as final.
POSTAL-3217012014,32.17.01.2014,SUNTENJAYA,LEMBANG,KAB. BANDUNG BARAT,candidate_review_only,corroborated_candidate,40391,40391;40791,,yes,Kodepos.dev corroborates Open Data Jabar; candidate is not accepted as final.
POSTAL-3217012015,32.17.01.2015,WANGUNHARJA,LEMBANG,KAB. BANDUNG BARAT,candidate_review_only,corroborated_candidate,40391,40391;40791,,yes,Kodepos.dev corroborates Open Data Jabar; candidate is not accepted as final.
POSTAL-3217012016,32.17.01.2016,WANGUNSARI,LEMBANG,KAB. BANDUNG BARAT,candidate_review_only,corroborated_candidate,40391,40391;40791,,yes,Kodepos.dev corroborates Open Data Jabar; candidate is not accepted as final.
POSTAL-3217022001,32.17.02.2001,KARYAWANGI,PARONGPONG,KAB. BANDUNG BARAT,candidate_review_only,corroborated_candidate,40559,40559;40759,,yes,Kodepos.dev corroborates Open Data Jabar; candidate is not accepted as final.
POSTAL-3217022002,32.17.02.2002,CIHANJUANG,PARONGPONG,KAB. BANDUNG BARAT,candidate_review_only,corroborated_candidate,40559,40559;40759,,yes,Kodepos.dev corroborates Open Data Jabar; candidate is not accepted as final.
POSTAL-3217022003,32.17.02.2003,CIHANJUANG RAHAYU,PARONGPONG,KAB. BANDUNG BARAT,candidate_review_only,corroborated_candidate,40559,40559;40759,,yes,Kodepos.dev corroborates Open Data Jabar; candidate is not accepted as final.
POSTAL-3217022004,32.17.02.2004,CIHIDEUNG,PARONGPONG,KAB. BANDUNG BARAT,candidate_review_only,corroborated_candidate,40559,40559;40759,,yes,Kodepos.dev corroborates Open Data Jabar; candidate is not accepted as final.
POSTAL-3217022005,32.17.02.2005,CIWARUGA,PARONGPONG,KAB. BANDUNG BARAT,candidate_review_only,corroborated_candidate,40559,40559;40759,,yes,Kodepos.dev corroborates Open Data Jabar; candidate is not accepted as final.
POSTAL-3217022006,32.17.02.2006,CIGUGURGIRANG,PARONGPONG,KAB. BANDUNG BARAT,candidate_review_only,corroborated_candidate,40559,40559;40759,,yes,Kodepos.dev corroborates Open Data Jabar; candidate is not accepted as final.
POSTAL-3217022007,32.17.02.2007,SARIWANGI,PARONGPONG,KAB. BANDUNG BARAT,candidate_review_only,corroborated_candidate,40559,40559;40759,,yes,Kodepos.dev corroborates Open Data Jabar; candidate is not accepted as final.
POSTAL-3217032001,32.17.03.2001,JAMBUDIPA,CISARUA,KAB. BANDUNG BARAT,candidate_review_only,corroborated_candidate,40551,40551;40751,,yes,Kodepos.dev corroborates Open Data Jabar; candidate is not accepted as final.
POSTAL-3217032002,32.17.03.2002,PADAASIH,CISARUA,KAB. BANDUNG BARAT,candidate_review_only,corroborated_candidate,40551,40551;40751,,yes,Kodepos.dev corroborates Open Data Jabar; candidate is not accepted as final.
POSTAL-3217032003,32.17.03.2003,PASIRHALANG,CISARUA,KAB. BANDUNG BARAT,candidate_review_only,corroborated_candidate,40551,40551;40751,,yes,Kodepos.dev corroborates Open Data Jabar; candidate is not accepted as final.
POSTAL-3217032004,32.17.03.2004,PASIRLANGU,CISARUA,KAB. BANDUNG BARAT,candidate_review_only,corroborated_candidate,40551,40551;40751,,yes,Kodepos.dev corroborates Open Data Jabar; candidate is not accepted as final.
POSTAL-3217032005,32.17.03.2005,CIPADA,CISARUA,KAB. BANDUNG BARAT,candidate_review_only,corroborated_candidate,40551,40551;40751,,yes,Kodepos.dev corroborates Open Data Jabar; candidate is not accepted as final.
POSTAL-3217032006,32.17.03.2006,KERTAWANGI,CISARUA,KAB. BANDUNG BARAT,candidate_review_only,corroborated_candidate,40551,40551;40751,,yes,Kodepos.dev corroborates Open Data Jabar; candidate is not accepted as final.
POSTAL-3217032007,32.17.03.2007,TUGUMUKTI,CISARUA,KAB. BANDUNG BARAT,candidate_review_only,corroborated_candidate,40551,40551;40751,,yes,Kodepos.dev corroborates Open Data Jabar; candidate is not accepted as final.
POSTAL-3217032008,32.17.03.2008,SADANGMEKAR,CISARUA,KAB. BANDUNG BARAT,candidate_review_only,corroborated_candidate,40551,40551;40751,,yes,Kodepos.dev corroborates Open Data Jabar; candidate is not accepted as final.
POSTAL-3217042001,32.17.04.2001,CIPTAGUMATI,CIKALONGWETAN,KAB. BANDUNG BARAT,candidate_review_only,corroborated_candidate,40556,40556;40756,,yes,Kodepos.dev corroborates Open Data Jabar; candidate is not accepted as final.
POSTAL-3217042002,32.17.04.2002,CIKALONG,CIKALONGWETAN,KAB. BANDUNG BARAT,candidate_review_only,corroborated_candidate,40556,40556;40756,,yes,Kodepos.dev corroborates Open Data Jabar; candidate is not accepted as final.
POSTAL-3217042003,32.17.04.2003,CIPADA,CIKALONGWETAN,KAB. BANDUNG BARAT,candidate_review_only,corroborated_candidate,40556,40556;40756,,yes,Kodepos.dev corroborates Open Data Jabar; candidate is not accepted as final.
POSTAL-3217042004,32.17.04.2004,CISOMANGBARAT,CIKALONGWETAN,KAB. BANDUNG BARAT,candidate_review_only,corroborated_candidate,40556,40556;40756,,yes,Kodepos.dev corroborates Open Data Jabar; candidate is not accepted as final.
POSTAL-3217042005,32.17.04.2005,GANJARSARI,CIKALONGWETAN,KAB. BANDUNG BARAT,candidate_review_only,corroborated_candidate,40556,40556;40756,,yes,Kodepos.dev corroborates Open Data Jabar; candidate is not accepted as final.
POSTAL-3217042006,32.17.04.2006,KANANGASARI,CIKALONGWETAN,KAB. BANDUNG BARAT,candidate_review_only,corroborated_candidate,40556,40556;40756,,yes,Kodepos.dev corroborates Open Data Jabar; candidate is not accepted as final.
POSTAL-3217042007,32.17.04.2007,MANDALASARI,CIKALONGWETAN,KAB. BANDUNG BARAT,candidate_review_only,corroborated_candidate,40556,40556;40756,,yes,Kodepos.dev corroborates Open Data Jabar; candidate is not accepted as final.
POSTAL-3217042008,32.17.04.2008,MANDALAMUKTI,CIKALONGWETAN,KAB. BANDUNG BARAT,candidate_review_only,corroborated_candidate,40556,40556;40756,,yes,Kodepos.dev corroborates Open Data Jabar; candidate is not accepted as final.
POSTAL-3217042009,32.17.04.2009,MEKARJAYA,CIKALONGWETAN,KAB. BANDUNG BARAT,candidate_review_only,corroborated_candidate,40556,40556;40756,,yes,Kodepos.dev corroborates Open Data Jabar; candidate is not accepted as final.
POSTAL-3217042010,32.17.04.2010,PUTERAN,CIKALONGWETAN,KAB. BANDUNG BARAT,candidate_review_only,corroborated_candidate,40556,40556;40756,,yes,Kodepos.dev corroborates Open Data Jabar; candidate is not accepted as final.
POSTAL-3217042011,32.17.04.2011,RENDE,CIKALONGWETAN,KAB. BANDUNG BARAT,candidate_review_only,corroborated_candidate,40556,40556;40756,,yes,Kodepos.dev corroborates Open Data Jabar; candidate is not accepted as final.
POSTAL-3217042012,32.17.04.2012,TENJOLAUT,CIKALONGWETAN,KAB. BANDUNG BARAT,candidate_review_only,corroborated_candidate,40556,40556;40756,,yes,Kodepos.dev corroborates Open Data Jabar; candidate is not accepted as final.
POSTAL-3217042013,32.17.04.2013,WANGUNJAYA,CIKALONGWETAN,KAB. BANDUNG BARAT,candidate_review_only,corroborated_candidate,40556,40556;40756,,yes,Kodepos.dev corroborates Open Data Jabar; candidate is not accepted as final.
POSTAL-3217052001,32.17.05.2001,CIPEUNDEUY,CIPEUNDEUY,KAB. BANDUNG BARAT,unresolved_do_not_guess,review_required,,40558;40758;41272,,yes,No automatic selection: Kodepos.dev does not corroborate exactly one local source.
POSTAL-3217052002,32.17.05.2002,CIHARASHAS,CIPEUNDEUY,KAB. BANDUNG BARAT,candidate_review_only,corroborated_candidate,40558,40558;40758,,yes,Kodepos.dev corroborates Open Data Jabar; candidate is not accepted as final.
POSTAL-3217052003,32.17.05.2003,BOJONGMEKAR,CIPEUNDEUY,KAB. BANDUNG BARAT,candidate_review_only,corroborated_candidate,40558,40558;40758,,yes,Kodepos.dev corroborates Open Data Jabar; candidate is not accepted as final.
POSTAL-3217052004,32.17.05.2004,CIROYOM,CIPEUNDEUY,KAB. BANDUNG BARAT,candidate_review_only,corroborated_candidate,40558,40558;40758,,yes,Kodepos.dev corroborates Open Data Jabar; candidate is not accepted as final.
POSTAL-3217052005,32.17.05.2005,JATIMEKAR,CIPEUNDEUY,KAB. BANDUNG BARAT,candidate_review_only,corroborated_candidate,40558,40558;40758,,yes,Kodepos.dev corroborates Open Data Jabar; candidate is not accepted as final.
POSTAL-3217052006,32.17.05.2006,MARGALAKSANA,CIPEUNDEUY,KAB. BANDUNG BARAT,candidate_review_only,corroborated_candidate,40558,40558;40758,,yes,Kodepos.dev corroborates Open Data Jabar; candidate is not accepted as final.
POSTAL-3217052007,32.17.05.2007,MARGALUYU,CIPEUNDEUY,KAB. BANDUNG BARAT,candidate_review_only,corroborated_candidate,40558,40393;40558,,yes,Kodepos.dev corroborates Open Data Jabar; candidate is not accepted as final.
POSTAL-3217052008,32.17.05.2008,NANGGELENG,CIPEUNDEUY,KAB. BANDUNG BARAT,candidate_review_only,corroborated_candidate,40558,40558;40758,,yes,Kodepos.dev corroborates Open Data Jabar; candidate is not accepted as final.
POSTAL-3217052009,32.17.05.2009,NYENANG,CIPEUNDEUY,KAB. BANDUNG BARAT,candidate_review_only,corroborated_candidate,40558,40558;40758,,yes,Kodepos.dev corroborates Open Data Jabar; candidate is not accepted as final.
POSTAL-3217052010,32.17.05.2010,SIRNARAJA,CIPEUNDEUY,KAB. BANDUNG BARAT,candidate_review_only,corroborated_candidate,40558,40558;40758,,yes,Kodepos.dev corroborates Open Data Jabar; candidate is not accepted as final.
POSTAL-3217052011,32.17.05.2011,SIRNAGALIH,CIPEUNDEUY,KAB. BANDUNG BARAT,candidate_review_only,corroborated_candidate,40558,40558;40758,,yes,Kodepos.dev corroborates Open Data Jabar; candidate is not accepted as final.
POSTAL-3217052012,32.17.05.2012,SUKAHAJI,CIPEUNDEUY,KAB. BANDUNG BARAT,candidate_review_only,corroborated_candidate,40558,40558;40758,,yes,Kodepos.dev corroborates Open Data Jabar; candidate is not accepted as final.
POSTAL-3217062001,32.17.06.2001,NGAMPRAH,NGAMPRAH,KAB. BANDUNG BARAT,candidate_review_only,corroborated_candidate,40552,40552;40721,,yes,Kodepos.dev corroborates Open Data Jabar; candidate is not accepted as final.
POSTAL-3217062002,32.17.06.2002,CIMAREME,NGAMPRAH,KAB. BANDUNG BARAT,candidate_review_only,corroborated_candidate,40552,40552;40722,,yes,Kodepos.dev corroborates Open Data Jabar; candidate is not accepted as final.
POSTAL-3217062003,32.17.06.2003,CILAME,NGAMPRAH,KAB. BANDUNG BARAT,candidate_review_only,corroborated_candidate,40552,40552;40721,,yes,Kodepos.dev corroborates Open Data Jabar; candidate is not accepted as final.
POSTAL-3217062004,32.17.06.2004,TANIMULYA,NGAMPRAH,KAB. BANDUNG BARAT,candidate_review_only,corroborated_candidate,40552,40552;40723,,yes,Kodepos.dev corroborates Open Data Jabar; candidate is not accepted as final.
POSTAL-3217062005,32.17.06.2005,CIMANGGU,NGAMPRAH,KAB. BANDUNG BARAT,candidate_review_only,corroborated_candidate,40552,40552;40724,,yes,Kodepos.dev corroborates Open Data Jabar; candidate is not accepted as final.
POSTAL-3217062006,32.17.06.2006,BOJONGKONENG,NGAMPRAH,KAB. BANDUNG BARAT,candidate_review_only,corroborated_candidate,40552,40552;40727,,yes,Kodepos.dev corroborates Open Data Jabar; candidate is not accepted as final.
POSTAL-3217062007,32.17.06.2007,MARGAJAYA,NGAMPRAH,KAB. BANDUNG BARAT,candidate_review_only,corroborated_candidate,40552,40552;40725,,yes,Kodepos.dev corroborates Open Data Jabar; candidate is not accepted as final.
POSTAL-3217062008,32.17.06.2008,MEKARSARI,NGAMPRAH,KAB. BANDUNG BARAT,candidate_review_only,corroborated_candidate,40552,40552;40726,,yes,Kodepos.dev corroborates Open Data Jabar; candidate is not accepted as final.
POSTAL-3217062009,32.17.06.2009,GADOBANGKONG,NGAMPRAH,KAB. BANDUNG BARAT,candidate_review_only,corroborated_candidate,40552,40552;40722,,yes,Kodepos.dev corroborates Open Data Jabar; candidate is not accepted as final.
POSTAL-3217062010,32.17.06.2010,SUKATANI,NGAMPRAH,KAB. BANDUNG BARAT,candidate_review_only,corroborated_candidate,40552,40552;40725,,yes,Kodepos.dev corroborates Open Data Jabar; candidate is not accepted as final.
POSTAL-3217062011,32.17.06.2011,PAKUHAJI,NGAMPRAH,KAB. BANDUNG BARAT,candidate_review_only,corroborated_candidate,40552,40552;40723,,yes,Kodepos.dev corroborates Open Data Jabar; candidate is not accepted as final.
POSTAL-3217072001,32.17.07.2001,CIPTAHARJA,CIPATAT,KAB. BANDUNG BARAT,candidate_review_only,corroborated_candidate,40554,40554;40754,,yes,Kodepos.dev corroborates Open Data Jabar; candidate is not accepted as final.
POSTAL-3217072002,32.17.07.2002,CIPATAT,CIPATAT,KAB. BANDUNG BARAT,candidate_review_only,corroborated_candidate,40554,40554;40754,,yes,Kodepos.dev corroborates Open Data Jabar; candidate is not accepted as final.
POSTAL-3217072003,32.17.07.2003,CITATAH,CIPATAT,KAB. BANDUNG BARAT,candidate_review_only,corroborated_candidate,40554,40554;40754,,yes,Kodepos.dev corroborates Open Data Jabar; candidate is not accepted as final.
POSTAL-3217072004,32.17.07.2004,RAJAMANDALAKULON,CIPATAT,KAB. BANDUNG BARAT,candidate_review_only,corroborated_candidate,40554,40554;40754,,yes,Kodepos.dev corroborates Open Data Jabar; candidate is not accepted as final.
POSTAL-3217072005,32.17.07.2005,MANDALAWANGI,CIPATAT,KAB. BANDUNG BARAT,candidate_review_only,corroborated_candidate,40554,40554;40754,,yes,Kodepos.dev corroborates Open Data Jabar; candidate is not accepted as final.
POSTAL-3217072006,32.17.07.2006,KERTAMUKTI,CIPATAT,KAB. BANDUNG BARAT,candidate_review_only,corroborated_candidate,40554,40554;40754,,yes,Kodepos.dev corroborates Open Data Jabar; candidate is not accepted as final.
POSTAL-3217072007,32.17.07.2007,NYALINDUNG,CIPATAT,KAB. BANDUNG BARAT,candidate_review_only,corroborated_candidate,40554,40554;40754,,yes,Kodepos.dev corroborates Open Data Jabar; candidate is not accepted as final.
POSTAL-3217072008,32.17.07.2008,GUNUNGMASIGIT,CIPATAT,KAB. BANDUNG BARAT,candidate_review_only,corroborated_candidate,40554,40554;40754,,yes,Kodepos.dev corroborates Open Data Jabar; candidate is not accepted as final.
POSTAL-3217072009,32.17.07.2009,CIRAWAMEKAR,CIPATAT,KAB. BANDUNG BARAT,candidate_review_only,corroborated_candidate,40554,40554;40754,,yes,Kodepos.dev corroborates Open Data Jabar; candidate is not accepted as final.
POSTAL-3217072010,32.17.07.2010,MANDALASARI,CIPATAT,KAB. BANDUNG BARAT,candidate_review_only,corroborated_candidate,40554,40554;40754,,yes,Kodepos.dev corroborates Open Data Jabar; candidate is not accepted as final.
POSTAL-3217072011,32.17.07.2011,SUMURBANDUNG,CIPATAT,KAB. BANDUNG BARAT,candidate_review_only,corroborated_candidate,40554,40554;40754,,yes,Kodepos.dev corroborates Open Data Jabar; candidate is not accepted as final.
POSTAL-3217072012,32.17.07.2012,SARIMUKTI,CIPATAT,KAB. BANDUNG BARAT,candidate_review_only,corroborated_candidate,40554,40554;40754,,yes,Kodepos.dev corroborates Open Data Jabar; candidate is not accepted as final.
POSTAL-3217082001,32.17.08.2001,KERTAMULYA,PADALARANG,KAB. BANDUNG BARAT,candidate_review_only,corroborated_candidate,40553,40553;40716,,yes,Kodepos.dev corroborates Open Data Jabar; candidate is not accepted as final.
POSTAL-3217082002,32.17.08.2002,PADALARANG,PADALARANG,KAB. BANDUNG BARAT,candidate_review_only,corroborated_candidate,40553,40553;40711,,yes,Kodepos.dev corroborates Open Data Jabar; candidate is not accepted as final.
POSTAL-3217082003,32.17.08.2003,CIMERANG,PADALARANG,KAB. BANDUNG BARAT,candidate_review_only,corroborated_candidate,40553,40553;40714,,yes,Kodepos.dev corroborates Open Data Jabar; candidate is not accepted as final.
POSTAL-3217082004,32.17.08.2004,CAMPAKA MEKAR,PADALARANG,KAB. BANDUNG BARAT,candidate_review_only,corroborated_candidate,40553,40553;40718,,yes,Kodepos.dev corroborates Open Data Jabar; candidate is not accepted as final.
POSTAL-3217082005,32.17.08.2005,TAGOGAPU,PADALARANG,KAB. BANDUNG BARAT,candidate_review_only,corroborated_candidate,40553,40553;40717,,yes,Kodepos.dev corroborates Open Data Jabar; candidate is not accepted as final.
POSTAL-3217082006,32.17.08.2006,CIBURUY,PADALARANG,KAB. BANDUNG BARAT,candidate_review_only,corroborated_candidate,40553,40553;40719,,yes,Kodepos.dev corroborates Open Data Jabar; candidate is not accepted as final.
POSTAL-3217082007,32.17.08.2007,KERTAJAYA,PADALARANG,KAB. BANDUNG BARAT,candidate_review_only,corroborated_candidate,40553,40553;40713,,yes,Kodepos.dev corroborates Open Data Jabar; candidate is not accepted as final.
POSTAL-3217082008,32.17.08.2008,CIPEUNDEUY,PADALARANG,KAB. BANDUNG BARAT,candidate_review_only,corroborated_candidate,40553,40553;40714,,yes,Kodepos.dev corroborates Open Data Jabar; candidate is not accepted as final.
POSTAL-3217082009,32.17.08.2009,JAYAMEKAR,PADALARANG,KAB. BANDUNG BARAT,candidate_review_only,corroborated_candidate,40553,40553;40712,,yes,Kodepos.dev corroborates Open Data Jabar; candidate is not accepted as final.
POSTAL-3217082010,32.17.08.2010,LAKSANAMEKAR,PADALARANG,KAB. BANDUNG BARAT,candidate_review_only,corroborated_candidate,40553,40553;40715,,yes,Kodepos.dev corroborates Open Data Jabar; candidate is not accepted as final.
POSTAL-3217092001,32.17.09.2001,BATUJAJAR TIMUR,BATUJAJAR,KAB. BANDUNG BARAT,candidate_review_only,corroborated_candidate,40561,40561;40761,,yes,Kodepos.dev corroborates Open Data Jabar; candidate is not accepted as final.
POSTAL-3217092002,32.17.09.2002,BATUJAJAR BARAT,BATUJAJAR,KAB. BANDUNG BARAT,candidate_review_only,corroborated_candidate,40561,40561;40761,,yes,Kodepos.dev corroborates Open Data Jabar; candidate is not accepted as final.
POSTAL-3217092004,32.17.09.2004,GALANGGANG,BATUJAJAR,KAB. BANDUNG BARAT,candidate_review_only,corroborated_candidate,40561,40561;40761,,yes,Kodepos.dev corroborates Open Data Jabar; candidate is not accepted as final.
POSTAL-3217092005,32.17.09.2005,CANGKORAH,BATUJAJAR,KAB. BANDUNG BARAT,candidate_review_only,corroborated_candidate,40561,40561;40761,,yes,Kodepos.dev corroborates Open Data Jabar; candidate is not accepted as final.
POSTAL-3217092007,32.17.09.2007,SELACAU,BATUJAJAR,KAB. BANDUNG BARAT,candidate_review_only,corroborated_candidate,40561,40561;40761,,yes,Kodepos.dev corroborates Open Data Jabar; candidate is not accepted as final.
POSTAL-3217092008,32.17.09.2008,PANGAUBAN,BATUJAJAR,KAB. BANDUNG BARAT,candidate_review_only,corroborated_candidate,40561,40561;40761,,yes,Kodepos.dev corroborates Open Data Jabar; candidate is not accepted as final.
POSTAL-3217092010,32.17.09.2010,GIRIASIH,BATUJAJAR,KAB. BANDUNG BARAT,candidate_review_only,corroborated_candidate,40561,40561;40761,,yes,Kodepos.dev corroborates Open Data Jabar; candidate is not accepted as final.
POSTAL-3217102001,32.17.10.2001,CIPATIK,CIHAMPELAS,KAB. BANDUNG BARAT,candidate_review_only,corroborated_candidate,40562,40562;40767,,yes,Kodepos.dev corroborates Open Data Jabar; candidate is not accepted as final.
POSTAL-3217102002,32.17.10.2002,CITAPEN,CIHAMPELAS,KAB. BANDUNG BARAT,candidate_review_only,corroborated_candidate,40562,40562;40767,,yes,Kodepos.dev corroborates Open Data Jabar; candidate is not accepted as final.
POSTAL-3217102003,32.17.10.2003,CIHAMPELAS,CIHAMPELAS,KAB. BANDUNG BARAT,candidate_review_only,corroborated_candidate,40562,40562;40767,,yes,Kodepos.dev corroborates Open Data Jabar; candidate is not accepted as final.
POSTAL-3217102004,32.17.10.2004,MEKARJAYA,CIHAMPELAS,KAB. BANDUNG BARAT,candidate_review_only,corroborated_candidate,40562,40562;40767,,yes,Kodepos.dev corroborates Open Data Jabar; candidate is not accepted as final.
POSTAL-3217102005,32.17.10.2005,MEKARMUKTI,CIHAMPELAS,KAB. BANDUNG BARAT,candidate_review_only,corroborated_candidate,40562,40562;40767,,yes,Kodepos.dev corroborates Open Data Jabar; candidate is not accepted as final.
POSTAL-3217102006,32.17.10.2006,PATARUMAN,CIHAMPELAS,KAB. BANDUNG BARAT,candidate_review_only,corroborated_candidate,40562,40562;40767,,yes,Kodepos.dev corroborates Open Data Jabar; candidate is not accepted as final.
POSTAL-3217102007,32.17.10.2007,SITUWANGI,CIHAMPELAS,KAB. BANDUNG BARAT,candidate_review_only,corroborated_candidate,40562,40562;40767,,yes,Kodepos.dev corroborates Open Data Jabar; candidate is not accepted as final.
POSTAL-3217102008,32.17.10.2008,SINGAJAYA,CIHAMPELAS,KAB. BANDUNG BARAT,candidate_review_only,corroborated_candidate,40562,40562;40767,,yes,Kodepos.dev corroborates Open Data Jabar; candidate is not accepted as final.
POSTAL-3217102009,32.17.10.2009,TANJUNGWANGI,CIHAMPELAS,KAB. BANDUNG BARAT,candidate_review_only,corroborated_candidate,40562,40562;40767,,yes,Kodepos.dev corroborates Open Data Jabar; candidate is not accepted as final.
POSTAL-3217102010,32.17.10.2010,TANJUNGJAYA,CIHAMPELAS,KAB. BANDUNG BARAT,candidate_review_only,corroborated_candidate,40562,40562;40767,,yes,Kodepos.dev corroborates Open Data Jabar; candidate is not accepted as final.
POSTAL-3217112001,32.17.11.2001,CILILIN,CILILIN,KAB. BANDUNG BARAT,unresolved_do_not_guess,review_required,,40562;40567;40762,,yes,No automatic selection: Kodepos.dev does not corroborate exactly one local source.
POSTAL-3217112002,32.17.11.2002,BUDIHARJA,CILILIN,KAB. BANDUNG BARAT,unresolved_do_not_guess,review_required,,40562;40567;40762,,yes,No automatic selection: Kodepos.dev does not corroborate exactly one local source.
POSTAL-3217112003,32.17.11.2003,BATULAYANG,CILILIN,KAB. BANDUNG BARAT,unresolved_do_not_guess,review_required,,40562;40567;40762,,yes,No automatic selection: Kodepos.dev does not corroborate exactly one local source.
POSTAL-3217112004,32.17.11.2004,BONGAS,CILILIN,KAB. BANDUNG BARAT,unresolved_do_not_guess,review_required,,40562;40567;40762,,yes,No automatic selection: Kodepos.dev does not corroborate exactly one local source.
POSTAL-3217112005,32.17.11.2005,KARANGANYAR,CILILIN,KAB. BANDUNG BARAT,unresolved_do_not_guess,review_required,,40562;40567;40762,,yes,No automatic selection: Kodepos.dev does not corroborate exactly one local source.
POSTAL-3217112006,32.17.11.2006,KARANGTANJUNG,CILILIN,KAB. BANDUNG BARAT,unresolved_do_not_guess,review_required,,40562;40567;40762,,yes,No automatic selection: Kodepos.dev does not corroborate exactly one local source.
POSTAL-3217112007,32.17.11.2007,KARYAMUKTI,CILILIN,KAB. BANDUNG BARAT,unresolved_do_not_guess,review_required,,40562;40567;40762,,yes,No automatic selection: Kodepos.dev does not corroborate exactly one local source.
POSTAL-3217112008,32.17.11.2008,KIDANGPANANJUNG,CILILIN,KAB. BANDUNG BARAT,unresolved_do_not_guess,review_required,,40562;40567;40762,,yes,No automatic selection: Kodepos.dev does not corroborate exactly one local source.
POSTAL-3217112009,32.17.11.2009,MUKAPAYUNG,CILILIN,KAB. BANDUNG BARAT,unresolved_do_not_guess,review_required,,40562;40567;40762,,yes,No automatic selection: Kodepos.dev does not corroborate exactly one local source.
POSTAL-3217112010,32.17.11.2010,NANGGERANG,CILILIN,KAB. BANDUNG BARAT,unresolved_do_not_guess,review_required,,40562;40567;40762,,yes,No automatic selection: Kodepos.dev does not corroborate exactly one local source.
POSTAL-3217112011,32.17.11.2011,RANCAPANGGUNG,CILILIN,KAB. BANDUNG BARAT,unresolved_do_not_guess,review_required,,40562;40567;40762,,yes,No automatic selection: Kodepos.dev does not corroborate exactly one local source.
POSTAL-3217122001,32.17.12.2001,SARINAGEN,CIPONGKOR,KAB. BANDUNG BARAT,candidate_review_only,corroborated_candidate,40564,40564;40764,,yes,Kodepos.dev corroborates Open Data Jabar; candidate is not accepted as final.
POSTAL-3217122002,32.17.12.2002,BARANANGSIANG,CIPONGKOR,KAB. BANDUNG BARAT,candidate_review_only,corroborated_candidate,40564,40564;40764,,yes,Kodepos.dev corroborates Open Data Jabar; candidate is not accepted as final.
POSTAL-3217122003,32.17.12.2003,CITALEM,CIPONGKOR,KAB. BANDUNG BARAT,candidate_review_only,corroborated_candidate,40564,40564;40764,,yes,Kodepos.dev corroborates Open Data Jabar; candidate is not accepted as final.
POSTAL-3217122004,32.17.12.2004,CIJENUK,CIPONGKOR,KAB. BANDUNG BARAT,candidate_review_only,corroborated_candidate,40564,40564;40764,,yes,Kodepos.dev corroborates Open Data Jabar; candidate is not accepted as final.
POSTAL-3217122005,32.17.12.2005,CIJAMBU,CIPONGKOR,KAB. BANDUNG BARAT,candidate_review_only,corroborated_candidate,40564,40564;40764,,yes,Kodepos.dev corroborates Open Data Jabar; candidate is not accepted as final.
POSTAL-3217122006,32.17.12.2006,CIBENDA,CIPONGKOR,KAB. BANDUNG BARAT,candidate_review_only,corroborated_candidate,40564,40564;40764,,yes,Kodepos.dev corroborates Open Data Jabar; candidate is not accepted as final.
POSTAL-3217122007,32.17.12.2007,CINTAASIH,CIPONGKOR,KAB. BANDUNG BARAT,candidate_review_only,corroborated_candidate,40564,40564;40764,,yes,Kodepos.dev corroborates Open Data Jabar; candidate is not accepted as final.
POSTAL-3217122008,32.17.12.2008,CICANGKANGHILIR,CIPONGKOR,KAB. BANDUNG BARAT,candidate_review_only,corroborated_candidate,40564,40564;40764,,yes,Kodepos.dev corroborates Open Data Jabar; candidate is not accepted as final.
POSTAL-3217122009,32.17.12.2009,GIRIMUKTI,CIPONGKOR,KAB. BANDUNG BARAT,candidate_review_only,corroborated_candidate,40564,40564;40764,,yes,Kodepos.dev corroborates Open Data Jabar; candidate is not accepted as final.
POSTAL-3217122010,32.17.12.2010,KARANGSARI,CIPONGKOR,KAB. BANDUNG BARAT,candidate_review_only,corroborated_candidate,40564,40564;40764,,yes,Kodepos.dev corroborates Open Data Jabar; candidate is not accepted as final.
POSTAL-3217122011,32.17.12.2011,MEKARSARI,CIPONGKOR,KAB. BANDUNG BARAT,candidate_review_only,corroborated_candidate,40564,40564;40764,,yes,Kodepos.dev corroborates Open Data Jabar; candidate is not accepted as final.
POSTAL-3217122012,32.17.12.2012,NEGLASARI,CIPONGKOR,KAB. BANDUNG BARAT,candidate_review_only,corroborated_candidate,40564,40564;40764,,yes,Kodepos.dev corroborates Open Data Jabar; candidate is not accepted as final.
POSTAL-3217122013,32.17.12.2013,SIRNAGALIH,CIPONGKOR,KAB. BANDUNG BARAT,candidate_review_only,corroborated_candidate,40564,40564;40764,,yes,Kodepos.dev corroborates Open Data Jabar; candidate is not accepted as final.
POSTAL-3217122014,32.17.12.2014,SUKAMULYA,CIPONGKOR,KAB. BANDUNG BARAT,candidate_review_only,corroborated_candidate,40564,40564;40764,,yes,Kodepos.dev corroborates Open Data Jabar; candidate is not accepted as final.
POSTAL-3217132001,32.17.13.2001,CIBEDUG,RONGGA,KAB. BANDUNG BARAT,candidate_review_only,corroborated_candidate,40566,40566;40766,,yes,Kodepos.dev corroborates Open Data Jabar; candidate is not accepted as final.
POSTAL-3217132002,32.17.13.2002,BOJONG,RONGGA,KAB. BANDUNG BARAT,candidate_review_only,corroborated_candidate,40566,40566;40766,,yes,Kodepos.dev corroborates Open Data Jabar; candidate is not accepted as final.
POSTAL-3217132003,32.17.13.2003,BOJONGSALAM,RONGGA,KAB. BANDUNG BARAT,candidate_review_only,corroborated_candidate,40566,40566;40766,,yes,Kodepos.dev corroborates Open Data Jabar; candidate is not accepted as final.
POSTAL-3217132004,32.17.13.2004,CIBITUNG,RONGGA,KAB. BANDUNG BARAT,candidate_review_only,corroborated_candidate,40566,40566;40766,,yes,Kodepos.dev corroborates Open Data Jabar; candidate is not accepted as final.
POSTAL-3217132005,32.17.13.2005,CICADAS,RONGGA,KAB. BANDUNG BARAT,candidate_review_only,corroborated_candidate,40566,40566;40766,,yes,Kodepos.dev corroborates Open Data Jabar; candidate is not accepted as final.
POSTAL-3217132006,32.17.13.2006,CINENGAH,RONGGA,KAB. BANDUNG BARAT,candidate_review_only,corroborated_candidate,40566,40566;40766,,yes,Kodepos.dev corroborates Open Data Jabar; candidate is not accepted as final.
POSTAL-3217132007,32.17.13.2007,SUKAMANAH,RONGGA,KAB. BANDUNG BARAT,candidate_review_only,corroborated_candidate,40566,40566;40766,,yes,Kodepos.dev corroborates Open Data Jabar; candidate is not accepted as final.
POSTAL-3217132008,32.17.13.2008,SUKARESMI,RONGGA,KAB. BANDUNG BARAT,candidate_review_only,corroborated_candidate,40566,40566;40766,,yes,Kodepos.dev corroborates Open Data Jabar; candidate is not accepted as final.
POSTAL-3217142001,32.17.14.2001,CINTAKARYA,SINDANGKERTA,KAB. BANDUNG BARAT,candidate_review_only,corroborated_candidate,40563,40563;40763,,yes,Kodepos.dev corroborates Open Data Jabar; candidate is not accepted as final.
POSTAL-3217142002,32.17.14.2002,SINDANGKERTA,SINDANGKERTA,KAB. BANDUNG BARAT,candidate_review_only,corroborated_candidate,40563,40563;40763,,yes,Kodepos.dev corroborates Open Data Jabar; candidate is not accepted as final.
POSTAL-3217142003,32.17.14.2003,BUNINAGARA,SINDANGKERTA,KAB. BANDUNG BARAT,candidate_review_only,corroborated_candidate,40563,40563;40763,,yes,Kodepos.dev corroborates Open Data Jabar; candidate is not accepted as final.
POSTAL-3217142004,32.17.14.2004,CIKADU,SINDANGKERTA,KAB. BANDUNG BARAT,candidate_review_only,corroborated_candidate,40563,40563;40763,,yes,Kodepos.dev corroborates Open Data Jabar; candidate is not accepted as final.
POSTAL-3217142005,32.17.14.2005,CICANGKANGGIRANG,SINDANGKERTA,KAB. BANDUNG BARAT,candidate_review_only,corroborated_candidate,40563,40563;40763,,yes,Kodepos.dev corroborates Open Data Jabar; candidate is not accepted as final.
POSTAL-3217142006,32.17.14.2006,MEKARWANGI,SINDANGKERTA,KAB. BANDUNG BARAT,candidate_review_only,corroborated_candidate,40563,40563;40763,,yes,Kodepos.dev corroborates Open Data Jabar; candidate is not accepted as final.
POSTAL-3217142007,32.17.14.2007,PASIRPOGOR,SINDANGKERTA,KAB. BANDUNG BARAT,candidate_review_only,corroborated_candidate,40563,40563;40763,,yes,Kodepos.dev corroborates Open Data Jabar; candidate is not accepted as final.
POSTAL-3217142008,32.17.14.2008,PUNCAKSARI,SINDANGKERTA,KAB. BANDUNG BARAT,candidate_review_only,corroborated_candidate,40563,40563;40763,,yes,Kodepos.dev corroborates Open Data Jabar; candidate is not accepted as final.
POSTAL-3217142009,32.17.14.2009,RANCASENGGANG,SINDANGKERTA,KAB. BANDUNG BARAT,candidate_review_only,corroborated_candidate,40563,40563;40763,,yes,Kodepos.dev corroborates Open Data Jabar; candidate is not accepted as final.
POSTAL-3217142010,32.17.14.2010,WENINGGALIH,SINDANGKERTA,KAB. BANDUNG BARAT,candidate_review_only,corroborated_candidate,40563,40563;40763,,yes,Kodepos.dev corroborates Open Data Jabar; candidate is not accepted as final.
POSTAL-3217142011,32.17.14.2011,WANGUNSARI,SINDANGKERTA,KAB. BANDUNG BARAT,candidate_review_only,corroborated_candidate,40563,40563;40763,,yes,Kodepos.dev corroborates Open Data Jabar; candidate is not accepted as final.
POSTAL-3217152001,32.17.15.2001,SIRNAJAYA,GUNUNGHALU,KAB. BANDUNG BARAT,candidate_review_only,corroborated_candidate,40565,40565;40765,,yes,Kodepos.dev corroborates Open Data Jabar; candidate is not accepted as final.
POSTAL-3217152002,32.17.15.2002,GUNUNGHALU,GUNUNGHALU,KAB. BANDUNG BARAT,candidate_review_only,corroborated_candidate,40565,40565;40765,,yes,Kodepos.dev corroborates Open Data Jabar; candidate is not accepted as final.
POSTAL-3217152003,32.17.15.2003,BUNIJAYA,GUNUNGHALU,KAB. BANDUNG BARAT,candidate_review_only,corroborated_candidate,40565,40565;40765,,yes,Kodepos.dev corroborates Open Data Jabar; candidate is not accepted as final.
POSTAL-3217152004,32.17.15.2004,CELAK,GUNUNGHALU,KAB. BANDUNG BARAT,candidate_review_only,corroborated_candidate,40565,40565;40765,,yes,Kodepos.dev corroborates Open Data Jabar; candidate is not accepted as final.
POSTAL-3217152005,32.17.15.2005,CILANGARI,GUNUNGHALU,KAB. BANDUNG BARAT,candidate_review_only,corroborated_candidate,40565,40565;40765,,yes,Kodepos.dev corroborates Open Data Jabar; candidate is not accepted as final.
POSTAL-3217152006,32.17.15.2006,SINDANGJAYA,GUNUNGHALU,KAB. BANDUNG BARAT,candidate_review_only,corroborated_candidate,40565,40565;40765,,yes,Kodepos.dev corroborates Open Data Jabar; candidate is not accepted as final.
POSTAL-3217152007,32.17.15.2007,SUKASARI,GUNUNGHALU,KAB. BANDUNG BARAT,candidate_review_only,corroborated_candidate,40565,40565;40765,,yes,Kodepos.dev corroborates Open Data Jabar; candidate is not accepted as final.
POSTAL-3217152008,32.17.15.2008,TAMANJAYA,GUNUNGHALU,KAB. BANDUNG BARAT,candidate_review_only,corroborated_candidate,40565,40565;40765,,yes,Kodepos.dev corroborates Open Data Jabar; candidate is not accepted as final.
POSTAL-3217152009,32.17.15.2009,WARGASALUYU,GUNUNGHALU,KAB. BANDUNG BARAT,candidate_review_only,corroborated_candidate,40565,40565;40765,,yes,Kodepos.dev corroborates Open Data Jabar; candidate is not accepted as final.
POSTAL-3217162001,32.17.16.2001,CIKANDE,SAGULING,KAB. BANDUNG BARAT,unresolved_do_not_guess,review_required,,40560;40561,,yes,No automatic selection: Kodepos.dev does not corroborate exactly one local source.
POSTAL-3217162002,32.17.16.2002,JATI,SAGULING,KAB. BANDUNG BARAT,unresolved_do_not_guess,review_required,,40560;40561,,yes,No automatic selection: Kodepos.dev does not corroborate exactly one local source.
POSTAL-3217162003,32.17.16.2003,GIRIMUKTI,SAGULING,KAB. BANDUNG BARAT,unresolved_do_not_guess,review_required,,40560;40561,,yes,No automatic selection: Kodepos.dev does not corroborate exactly one local source.
POSTAL-3217162004,32.17.16.2004,BOJONGHALEUANG,SAGULING,KAB. BANDUNG BARAT,unresolved_do_not_guess,review_required,,40560;40561,,yes,No automatic selection: Kodepos.dev does not corroborate exactly one local source.
POSTAL-3217162005,32.17.16.2005,CIPANGERAN,SAGULING,KAB. BANDUNG BARAT,unresolved_do_not_guess,review_required,,40560;40561;40764,,yes,No automatic selection: Kodepos.dev does not corroborate exactly one local source.
POSTAL-3217162006,32.17.16.2006,SAGULING,SAGULING,KAB. BANDUNG BARAT,unresolved_do_not_guess,review_required,,40560;40561,,yes,No automatic selection: Kodepos.dev does not corroborate exactly one local source.
POSTAL-3218012001,32.18.01.2001,PARIGI,PARIGI,KAB. PANGANDARAN,candidate_review_only,corroborated_candidate,46393,46393;46511,,yes,Kodepos.dev corroborates Open Data Jabar; candidate is not accepted as final.
POSTAL-3218012002,32.18.01.2002,KARANGBENDA,PARIGI,KAB. PANGANDARAN,candidate_review_only,corroborated_candidate,46393,46393;46512,,yes,Kodepos.dev corroborates Open Data Jabar; candidate is not accepted as final.
POSTAL-3218012003,32.18.01.2003,CILIANG,PARIGI,KAB. PANGANDARAN,candidate_review_only,corroborated_candidate,46393,46393;46519,,yes,Kodepos.dev corroborates Open Data Jabar; candidate is not accepted as final.
POSTAL-3218012004,32.18.01.2004,BOJONG,PARIGI,KAB. PANGANDARAN,candidate_review_only,corroborated_candidate,46393,46393;46519,,yes,Kodepos.dev corroborates Open Data Jabar; candidate is not accepted as final.
POSTAL-3218012005,32.18.01.2005,CINTARATU,PARIGI,KAB. PANGANDARAN,candidate_review_only,corroborated_candidate,46393,46393;46519,,yes,Kodepos.dev corroborates Open Data Jabar; candidate is not accepted as final.
POSTAL-3218012006,32.18.01.2006,SELASARI,PARIGI,KAB. PANGANDARAN,candidate_review_only,corroborated_candidate,46393,46393;46519,,yes,Kodepos.dev corroborates Open Data Jabar; candidate is not accepted as final.
POSTAL-3218012007,32.18.01.2007,KARANGJALADRI,PARIGI,KAB. PANGANDARAN,candidate_review_only,corroborated_candidate,46393,46393;46513,,yes,Kodepos.dev corroborates Open Data Jabar; candidate is not accepted as final.
POSTAL-3218012008,32.18.01.2008,CIBENDA,PARIGI,KAB. PANGANDARAN,candidate_review_only,corroborated_candidate,46393,46393;46519,,yes,Kodepos.dev corroborates Open Data Jabar; candidate is not accepted as final.
POSTAL-3218012009,32.18.01.2009,CINTAKARYA,PARIGI,KAB. PANGANDARAN,candidate_review_only,corroborated_candidate,46393,46393;46519,,yes,Kodepos.dev corroborates Open Data Jabar; candidate is not accepted as final.
POSTAL-3218012010,32.18.01.2010,PARAKANMANGGU,PARIGI,KAB. PANGANDARAN,candidate_review_only,corroborated_candidate,46393,46393;46596,,yes,Kodepos.dev corroborates Open Data Jabar; candidate is not accepted as final.
POSTAL-3218022001,32.18.02.2001,BATUKARAS,CIJULANG,KAB. PANGANDARAN,candidate_review_only,corroborated_candidate,46394,46394;46594,,yes,Kodepos.dev corroborates Open Data Jabar; candidate is not accepted as final.
POSTAL-3218022002,32.18.02.2002,CIAKAR,CIJULANG,KAB. PANGANDARAN,candidate_review_only,corroborated_candidate,46394,46394;46596,,yes,Kodepos.dev corroborates Open Data Jabar; candidate is not accepted as final.
POSTAL-3218022003,32.18.02.2003,CIBANTEN,CIJULANG,KAB. PANGANDARAN,candidate_review_only,corroborated_candidate,46394,46394;46596,,yes,Kodepos.dev corroborates Open Data Jabar; candidate is not accepted as final.
POSTAL-3218022004,32.18.02.2004,KERTAYASA,CIJULANG,KAB. PANGANDARAN,candidate_review_only,corroborated_candidate,46394,46394;46594,,yes,Kodepos.dev corroborates Open Data Jabar; candidate is not accepted as final.
POSTAL-3218022005,32.18.02.2005,CIJULANG,CIJULANG,KAB. PANGANDARAN,candidate_review_only,corroborated_candidate,46394,46394;46594,,yes,Kodepos.dev corroborates Open Data Jabar; candidate is not accepted as final.
POSTAL-3218022006,32.18.02.2006,KONDANGJAJAR,CIJULANG,KAB. PANGANDARAN,candidate_review_only,corroborated_candidate,46394,46394;46594,,yes,Kodepos.dev corroborates Open Data Jabar; candidate is not accepted as final.
POSTAL-3218022007,32.18.02.2007,MARGACINTA,CIJULANG,KAB. PANGANDARAN,candidate_review_only,corroborated_candidate,46394,46394;46594,,yes,Kodepos.dev corroborates Open Data Jabar; candidate is not accepted as final.
POSTAL-3218032001,32.18.03.2001,KERTAHARJA,CIMERAK,KAB. PANGANDARAN,candidate_review_only,corroborated_candidate,46395,46395;46596,,yes,Kodepos.dev corroborates Open Data Jabar; candidate is not accepted as final.
POSTAL-3218032002,32.18.03.2002,CIPARANTI,CIMERAK,KAB. PANGANDARAN,candidate_review_only,corroborated_candidate,46395,46395;46595,,yes,Kodepos.dev corroborates Open Data Jabar; candidate is not accepted as final.
POSTAL-3218032003,32.18.03.2003,LEGOKJAWA,CIMERAK,KAB. PANGANDARAN,candidate_review_only,corroborated_candidate,46395,46395;46595,,yes,Kodepos.dev corroborates Open Data Jabar; candidate is not accepted as final.
POSTAL-3218032004,32.18.03.2004,MASAWAH,CIMERAK,KAB. PANGANDARAN,candidate_review_only,corroborated_candidate,46395,46395;46595,,yes,Kodepos.dev corroborates Open Data Jabar; candidate is not accepted as final.
POSTAL-3218032005,32.18.03.2005,CIMERAK,CIMERAK,KAB. PANGANDARAN,candidate_review_only,corroborated_candidate,46395,46395;46595,,yes,Kodepos.dev corroborates Open Data Jabar; candidate is not accepted as final.
POSTAL-3218032006,32.18.03.2006,SUKAJAYA,CIMERAK,KAB. PANGANDARAN,candidate_review_only,corroborated_candidate,46395,46395;46595,,yes,Kodepos.dev corroborates Open Data Jabar; candidate is not accepted as final.
POSTAL-3218032007,32.18.03.2007,KERTAMUKTI,CIMERAK,KAB. PANGANDARAN,candidate_review_only,corroborated_candidate,46395,46395;46595,,yes,Kodepos.dev corroborates Open Data Jabar; candidate is not accepted as final.
POSTAL-3218032008,32.18.03.2008,SINDANGSARI,CIMERAK,KAB. PANGANDARAN,candidate_review_only,corroborated_candidate,46395,46395;46595,,yes,Kodepos.dev corroborates Open Data Jabar; candidate is not accepted as final.
POSTAL-3218032009,32.18.03.2009,BATUMALANG,CIMERAK,KAB. PANGANDARAN,candidate_review_only,corroborated_candidate,46395,46395;46595,,yes,Kodepos.dev corroborates Open Data Jabar; candidate is not accepted as final.
POSTAL-3218032010,32.18.03.2010,MEKARSARI,CIMERAK,KAB. PANGANDARAN,candidate_review_only,corroborated_candidate,46395,46395;46596,,yes,Kodepos.dev corroborates Open Data Jabar; candidate is not accepted as final.
POSTAL-3218032011,32.18.03.2011,LIMUSGEDE,CIMERAK,KAB. PANGANDARAN,candidate_review_only,corroborated_candidate,46395,46395;46596,,yes,Kodepos.dev corroborates Open Data Jabar; candidate is not accepted as final.
POSTAL-3218042001,32.18.04.2001,CIGUGUR,CIGUGUR,KAB. PANGANDARAN,candidate_review_only,corroborated_candidate,46392,45552;46392,,yes,Kodepos.dev corroborates Open Data Jabar; candidate is not accepted as final.
POSTAL-3218042002,32.18.04.2002,CIMINDI,CIGUGUR,KAB. PANGANDARAN,candidate_review_only,corroborated_candidate,46392,41266;46392,,yes,Kodepos.dev corroborates Open Data Jabar; candidate is not accepted as final.
POSTAL-3218042003,32.18.04.2003,PAGERBUMI,CIGUGUR,KAB. PANGANDARAN,candidate_review_only,corroborated_candidate,46392,46392;46596,,yes,Kodepos.dev corroborates Open Data Jabar; candidate is not accepted as final.
POSTAL-3218042004,32.18.04.2004,KERTAJAYA,CIGUGUR,KAB. PANGANDARAN,candidate_review_only,corroborated_candidate,46392,46392;46596,,yes,Kodepos.dev corroborates Open Data Jabar; candidate is not accepted as final.
POSTAL-3218042005,32.18.04.2005,BUNISARI,CIGUGUR,KAB. PANGANDARAN,candidate_review_only,corroborated_candidate,46392,46392;46596,,yes,Kodepos.dev corroborates Open Data Jabar; candidate is not accepted as final.
POSTAL-3218042006,32.18.04.2006,CAMPAKA,CIGUGUR,KAB. PANGANDARAN,candidate_review_only,corroborated_candidate,46392,46392;46596,,yes,Kodepos.dev corroborates Open Data Jabar; candidate is not accepted as final.
POSTAL-3218042007,32.18.04.2007,HARUMANDALA,CIGUGUR,KAB. PANGANDARAN,candidate_review_only,corroborated_candidate,46392,46392;46596,,yes,Kodepos.dev corroborates Open Data Jabar; candidate is not accepted as final.
POSTAL-3218052001,32.18.05.2001,KARANGKAMIRI,LANGKAPLANCAR,KAB. PANGANDARAN,candidate_review_only,corroborated_candidate,46391,46391;46591,,yes,Kodepos.dev corroborates Open Data Jabar; candidate is not accepted as final.
POSTAL-3218052002,32.18.05.2002,CIMANGGU,LANGKAPLANCAR,KAB. PANGANDARAN,candidate_review_only,corroborated_candidate,46391,46391;46591,,yes,Kodepos.dev corroborates Open Data Jabar; candidate is not accepted as final.
POSTAL-3218052003,32.18.05.2003,LANGKAPLANCAR,LANGKAPLANCAR,KAB. PANGANDARAN,candidate_review_only,corroborated_candidate,46391,46391;46591,,yes,Kodepos.dev corroborates Open Data Jabar; candidate is not accepted as final.
POSTAL-3218052004,32.18.05.2004,PANGKALAN,LANGKAPLANCAR,KAB. PANGANDARAN,candidate_review_only,corroborated_candidate,46391,46391;46591,,yes,Kodepos.dev corroborates Open Data Jabar; candidate is not accepted as final.
POSTAL-3218052005,32.18.05.2005,BOJONGKONDANG,LANGKAPLANCAR,KAB. PANGANDARAN,candidate_review_only,corroborated_candidate,46391,46391;46591,,yes,Kodepos.dev corroborates Open Data Jabar; candidate is not accepted as final.
POSTAL-3218052006,32.18.05.2006,BANGUNJAYA,LANGKAPLANCAR,KAB. PANGANDARAN,candidate_review_only,corroborated_candidate,46391,46391;46591,,yes,Kodepos.dev corroborates Open Data Jabar; candidate is not accepted as final.
POSTAL-3218052007,32.18.05.2007,JAYASARI,LANGKAPLANCAR,KAB. PANGANDARAN,candidate_review_only,corroborated_candidate,46391,46391;46591,,yes,Kodepos.dev corroborates Open Data Jabar; candidate is not accepted as final.
POSTAL-3218052008,32.18.05.2008,JADIMULYA,LANGKAPLANCAR,KAB. PANGANDARAN,candidate_review_only,corroborated_candidate,46391,46391;46591,,yes,Kodepos.dev corroborates Open Data Jabar; candidate is not accepted as final.
POSTAL-3218052009,32.18.05.2009,JADIKARYA,LANGKAPLANCAR,KAB. PANGANDARAN,candidate_review_only,corroborated_candidate,46391,46391;46591,,yes,Kodepos.dev corroborates Open Data Jabar; candidate is not accepted as final.
POSTAL-3218052010,32.18.05.2010,BOJONG,LANGKAPLANCAR,KAB. PANGANDARAN,candidate_review_only,corroborated_candidate,46391,46391;46591,,yes,Kodepos.dev corroborates Open Data Jabar; candidate is not accepted as final.
POSTAL-3218052011,32.18.05.2011,BANGUNKARYA,LANGKAPLANCAR,KAB. PANGANDARAN,candidate_review_only,corroborated_candidate,46391,46391;46591,,yes,Kodepos.dev corroborates Open Data Jabar; candidate is not accepted as final.
POSTAL-3218052012,32.18.05.2012,SUKAMULYA,LANGKAPLANCAR,KAB. PANGANDARAN,candidate_review_only,corroborated_candidate,46391,46391;46591,,yes,Kodepos.dev corroborates Open Data Jabar; candidate is not accepted as final.
POSTAL-3218052013,32.18.05.2013,MEKARWANGI,LANGKAPLANCAR,KAB. PANGANDARAN,candidate_review_only,corroborated_candidate,46391,46391;46591,,yes,Kodepos.dev corroborates Open Data Jabar; candidate is not accepted as final.
POSTAL-3218052014,32.18.05.2014,CISARUA,LANGKAPLANCAR,KAB. PANGANDARAN,candidate_review_only,corroborated_candidate,46391,46391;46591,,yes,Kodepos.dev corroborates Open Data Jabar; candidate is not accepted as final.
POSTAL-3218052015,32.18.05.2015,BUNGUR RAYA,LANGKAPLANCAR,KAB. PANGANDARAN,unresolved_do_not_guess,review_required,,46391;46591,,yes,No automatic selection: Kodepos.dev does not corroborate exactly one local source.
POSTAL-3218062001,32.18.06.2001,SUKAMAJU,MANGUNJAYA,KAB. PANGANDARAN,candidate_review_only,corroborated_candidate,46371,46371;46571,,yes,Kodepos.dev corroborates Open Data Jabar; candidate is not accepted as final.
POSTAL-3218062002,32.18.06.2002,KERTAJAYA,MANGUNJAYA,KAB. PANGANDARAN,candidate_review_only,corroborated_candidate,46371,46371;46571,,yes,Kodepos.dev corroborates Open Data Jabar; candidate is not accepted as final.
POSTAL-3218062003,32.18.06.2003,MANGUNJAYA,MANGUNJAYA,KAB. PANGANDARAN,candidate_review_only,corroborated_candidate,46371,46371;46571,,yes,Kodepos.dev corroborates Open Data Jabar; candidate is not accepted as final.
POSTAL-3218062004,32.18.06.2004,SINDANGJAYA,MANGUNJAYA,KAB. PANGANDARAN,candidate_review_only,corroborated_candidate,46371,46371;46571,,yes,Kodepos.dev corroborates Open Data Jabar; candidate is not accepted as final.
POSTAL-3218062005,32.18.06.2005,JANGRAGA,MANGUNJAYA,KAB. PANGANDARAN,candidate_review_only,corroborated_candidate,46371,46371;46571,,yes,Kodepos.dev corroborates Open Data Jabar; candidate is not accepted as final.
POSTAL-3218072001,32.18.07.2001,PANYUTRAN,PADAHERANG,KAB. PANGANDARAN,candidate_review_only,corroborated_candidate,46384,46384;46596,,yes,Kodepos.dev corroborates Open Data Jabar; candidate is not accepted as final.
POSTAL-3218072002,32.18.07.2002,CIGANJENG,PADAHERANG,KAB. PANGANDARAN,candidate_review_only,corroborated_candidate,46372,46372;46584,,yes,Kodepos.dev corroborates Open Data Jabar; candidate is not accepted as final.
POSTAL-3218072003,32.18.07.2003,KARANGSARI,PADAHERANG,KAB. PANGANDARAN,candidate_review_only,corroborated_candidate,46384,46384;46584,,yes,Kodepos.dev corroborates Open Data Jabar; candidate is not accepted as final.
POSTAL-3218072004,32.18.07.2004,SUKANAGARA,PADAHERANG,KAB. PANGANDARAN,candidate_review_only,corroborated_candidate,46267,46267;46584,,yes,Kodepos.dev corroborates Open Data Jabar; candidate is not accepted as final.
POSTAL-3218072005,32.18.07.2005,PALEDAH,PADAHERANG,KAB. PANGANDARAN,candidate_review_only,corroborated_candidate,46384,46384;46584,,yes,Kodepos.dev corroborates Open Data Jabar; candidate is not accepted as final.
POSTAL-3218072006,32.18.07.2006,KARANGPAWITAN,PADAHERANG,KAB. PANGANDARAN,candidate_review_only,corroborated_candidate,46384,46384;46584,,yes,Kodepos.dev corroborates Open Data Jabar; candidate is not accepted as final.
POSTAL-3218072007,32.18.07.2007,PADAHERANG,PADAHERANG,KAB. PANGANDARAN,candidate_review_only,corroborated_candidate,46384,46384;46584,,yes,Kodepos.dev corroborates Open Data Jabar; candidate is not accepted as final.
POSTAL-3218072008,32.18.07.2008,KEDUNGWULUH,PADAHERANG,KAB. PANGANDARAN,candidate_review_only,corroborated_candidate,46384,46384;46584,,yes,Kodepos.dev corroborates Open Data Jabar; candidate is not accepted as final.
POSTAL-3218072009,32.18.07.2009,CIBOGO,PADAHERANG,KAB. PANGANDARAN,candidate_review_only,corroborated_candidate,46384,46384;46584,,yes,Kodepos.dev corroborates Open Data Jabar; candidate is not accepted as final.
POSTAL-3218072010,32.18.07.2010,PASIRGEULIS,PADAHERANG,KAB. PANGANDARAN,candidate_review_only,corroborated_candidate,46384,46384;46584,,yes,Kodepos.dev corroborates Open Data Jabar; candidate is not accepted as final.
POSTAL-3218072011,32.18.07.2011,BOJONGSARI,PADAHERANG,KAB. PANGANDARAN,candidate_review_only,corroborated_candidate,46384,46384;46584,,yes,Kodepos.dev corroborates Open Data Jabar; candidate is not accepted as final.
POSTAL-3218072012,32.18.07.2012,SINDANGWANGI,PADAHERANG,KAB. PANGANDARAN,candidate_review_only,corroborated_candidate,46384,46384;46584,,yes,Kodepos.dev corroborates Open Data Jabar; candidate is not accepted as final.
POSTAL-3218072013,32.18.07.2013,MARUYUNGSARI,PADAHERANG,KAB. PANGANDARAN,candidate_review_only,corroborated_candidate,46384,46384;46584,,yes,Kodepos.dev corroborates Open Data Jabar; candidate is not accepted as final.
POSTAL-3218072014,32.18.07.2014,KARANGMULYA,PADAHERANG,KAB. PANGANDARAN,candidate_review_only,corroborated_candidate,46384,46384;46584,,yes,Kodepos.dev corroborates Open Data Jabar; candidate is not accepted as final.
POSTAL-3218082001,32.18.08.2001,PUTRAPINGGAN,KALIPUCANG,KAB. PANGANDARAN,candidate_review_only,corroborated_candidate,46397,46397;46597,,yes,Kodepos.dev corroborates Open Data Jabar; candidate is not accepted as final.
POSTAL-3218082002,32.18.08.2002,EMPLAK,KALIPUCANG,KAB. PANGANDARAN,candidate_review_only,corroborated_candidate,46397,46397;46597,,yes,Kodepos.dev corroborates Open Data Jabar; candidate is not accepted as final.
POSTAL-3218082003,32.18.08.2003,BAGOLO,KALIPUCANG,KAB. PANGANDARAN,candidate_review_only,corroborated_candidate,46397,46397;46597,,yes,Kodepos.dev corroborates Open Data Jabar; candidate is not accepted as final.
POSTAL-3218082004,32.18.08.2004,PAMOTAN,KALIPUCANG,KAB. PANGANDARAN,candidate_review_only,corroborated_candidate,46397,46397;46597,,yes,Kodepos.dev corroborates Open Data Jabar; candidate is not accepted as final.
POSTAL-3218082005,32.18.08.2005,KALIPUCANG,KALIPUCANG,KAB. PANGANDARAN,candidate_review_only,corroborated_candidate,46397,46397;46597,,yes,Kodepos.dev corroborates Open Data Jabar; candidate is not accepted as final.
POSTAL-3218082006,32.18.08.2006,CIBULUH,KALIPUCANG,KAB. PANGANDARAN,candidate_review_only,corroborated_candidate,46397,46397;46597,,yes,Kodepos.dev corroborates Open Data Jabar; candidate is not accepted as final.
POSTAL-3218082007,32.18.08.2007,BANJARHARJA,KALIPUCANG,KAB. PANGANDARAN,candidate_review_only,corroborated_candidate,46397,46397;46597,,yes,Kodepos.dev corroborates Open Data Jabar; candidate is not accepted as final.
POSTAL-3218082008,32.18.08.2008,TUNGGILIS,KALIPUCANG,KAB. PANGANDARAN,candidate_review_only,corroborated_candidate,46397,46397;46597,,yes,Kodepos.dev corroborates Open Data Jabar; candidate is not accepted as final.
POSTAL-3218082009,32.18.08.2009,CIPARAKAN,KALIPUCANG,KAB. PANGANDARAN,candidate_review_only,corroborated_candidate,46397,46397;46596,,yes,Kodepos.dev corroborates Open Data Jabar; candidate is not accepted as final.
POSTAL-3218092001,32.18.09.2001,BABAKAN,PANGANDARAN,KAB. PANGANDARAN,candidate_review_only,corroborated_candidate,46396,46396;46596,,yes,Kodepos.dev corroborates Open Data Jabar; candidate is not accepted as final.
POSTAL-3218092002,32.18.09.2002,SUKAHURIP,PANGANDARAN,KAB. PANGANDARAN,candidate_review_only,corroborated_candidate,46396,46396;46596,,yes,Kodepos.dev corroborates Open Data Jabar; candidate is not accepted as final.
POSTAL-3218092003,32.18.09.2003,PURBAHAYU,PANGANDARAN,KAB. PANGANDARAN,candidate_review_only,corroborated_candidate,46396,46396;46596,,yes,Kodepos.dev corroborates Open Data Jabar; candidate is not accepted as final.
POSTAL-3218092004,32.18.09.2004,PANGANDARAN,PANGANDARAN,KAB. PANGANDARAN,candidate_review_only,corroborated_candidate,46396,46396;46596,,yes,Kodepos.dev corroborates Open Data Jabar; candidate is not accepted as final.
POSTAL-3218092005,32.18.09.2005,WONOHARJO,PANGANDARAN,KAB. PANGANDARAN,candidate_review_only,corroborated_candidate,46396,46396;46596,,yes,Kodepos.dev corroborates Open Data Jabar; candidate is not accepted as final.
POSTAL-3218092006,32.18.09.2006,SIDOMULYO,PANGANDARAN,KAB. PANGANDARAN,candidate_review_only,corroborated_candidate,46396,46396;46596,,yes,Kodepos.dev corroborates Open Data Jabar; candidate is not accepted as final.
POSTAL-3218092007,32.18.09.2007,PANANJUNG,PANGANDARAN,KAB. PANGANDARAN,candidate_review_only,corroborated_candidate,46396,46396;46596,,yes,Kodepos.dev corroborates Open Data Jabar; candidate is not accepted as final.
POSTAL-3218092008,32.18.09.2008,PAGERGUNUNG,PANGANDARAN,KAB. PANGANDARAN,candidate_review_only,corroborated_candidate,46396,46396;46596,,yes,Kodepos.dev corroborates Open Data Jabar; candidate is not accepted as final.
POSTAL-3218102001,32.18.10.2001,SIDAMULIH,SIDAMULIH,KAB. PANGANDARAN,candidate_review_only,corroborated_candidate,46365,46365;46565,,yes,Kodepos.dev corroborates Open Data Jabar; candidate is not accepted as final.
POSTAL-3218102002,32.18.10.2002,CIKALONG,SIDAMULIH,KAB. PANGANDARAN,candidate_review_only,corroborated_candidate,46365,46365;46565,,yes,Kodepos.dev corroborates Open Data Jabar; candidate is not accepted as final.
POSTAL-3218102003,32.18.10.2003,SUKARESIK,SIDAMULIH,KAB. PANGANDARAN,candidate_review_only,corroborated_candidate,46365,46365;46565,,yes,Kodepos.dev corroborates Open Data Jabar; candidate is not accepted as final.
POSTAL-3218102004,32.18.10.2004,CIKEMBULAN,SIDAMULIH,KAB. PANGANDARAN,candidate_review_only,corroborated_candidate,46365,46365;46565,,yes,Kodepos.dev corroborates Open Data Jabar; candidate is not accepted as final.
POSTAL-3218102005,32.18.10.2005,PAJATEN,SIDAMULIH,KAB. PANGANDARAN,candidate_review_only,corroborated_candidate,46365,46365;46565,,yes,Kodepos.dev corroborates Open Data Jabar; candidate is not accepted as final.
POSTAL-3218102006,32.18.10.2006,KERSARATU,SIDAMULIH,KAB. PANGANDARAN,candidate_review_only,corroborated_candidate,46365,46365;46565,,yes,Kodepos.dev corroborates Open Data Jabar; candidate is not accepted as final.
POSTAL-3218102007,32.18.10.2007,KALIJATI,SIDAMULIH,KAB. PANGANDARAN,candidate_review_only,corroborated_candidate,46365,46365;46565,,yes,Kodepos.dev corroborates Open Data Jabar; candidate is not accepted as final.
POSTAL-3271011001,32.71.01.1001,BATU TULIS,BOGOR SELATAN,KOTA BOGOR,unresolved_do_not_guess,review_required,,16131;16133,,yes,No automatic selection: Kodepos.dev does not corroborate exactly one local source.
POSTAL-3271011010,32.71.01.1010,RANCAMAYA,BOGOR SELATAN,KOTA BOGOR,candidate_review_only,corroborated_candidate,16139,16138;16139,,yes,Kodepos.dev corroborates Open Data Jabar; candidate is not accepted as final.
POSTAL-3271031007,32.71.03.1007,TEGALLEGA,BOGOR TENGAH,KOTA BOGOR,unresolved_do_not_guess,review_required,,16127;16129,,yes,No automatic selection: Kodepos.dev does not corroborate exactly one local source.
POSTAL-3271041014,32.71.04.1014,PASIR MULYA,BOGOR BARAT,KOTA BOGOR,candidate_review_only,corroborated_candidate,16118,16118;16119,,yes,Kodepos.dev corroborates Open Data Jabar; candidate is not accepted as final.
POSTAL-3271061005,32.71.06.1005,KEDUNG WARINGIN,TANAH SAREAL,KOTA BOGOR,unresolved_do_not_guess,review_required,,16163;16164,,yes,No automatic selection: Kodepos.dev does not corroborate exactly one local source.
POSTAL-3272011004,32.72.01.1004,KARANG TENGAH,GUNUNGPUYUH,KOTA SUKABUMI,unresolved_do_not_guess,review_required,,43121;43124,,yes,No automatic selection: Kodepos.dev does not corroborate exactly one local source.
POSTAL-3272021003,32.72.02.1003,GUNUNGPARANG,CIKOLE,KOTA SUKABUMI,candidate_review_only,corroborated_candidate,43111,43111;43112,,yes,Kodepos.dev corroborates Open Data Jabar; candidate is not accepted as final.
POSTAL-3272031001,32.72.03.1001,CITAMIANG,CITAMIANG,KOTA SUKABUMI,candidate_review_only,corroborated_candidate,43143,43143;43144,,yes,Kodepos.dev corroborates Open Data Jabar; candidate is not accepted as final.
POSTAL-3272051001,32.72.05.1001,BAROS,BAROS,KOTA SUKABUMI,unresolved_do_not_guess,review_required,,42173;43161;43167,,yes,No automatic selection: Kodepos.dev does not corroborate exactly one local source.
POSTAL-3272051004,32.72.05.1004,SUDAJAYA HILIR,BAROS,KOTA SUKABUMI,unresolved_do_not_guess,review_required,,43161;43167,,yes,No automatic selection: Kodepos.dev does not corroborate exactly one local source.
POSTAL-3272061001,32.72.06.1001,CIPANENGAH,LEMBURSITU,KOTA SUKABUMI,candidate_review_only,corroborated_candidate,43134,43134;43168,,yes,Kodepos.dev corroborates Open Data Jabar; candidate is not accepted as final.
POSTAL-3272061002,32.72.06.1002,SITUMEKAR,LEMBURSITU,KOTA SUKABUMI,candidate_review_only,corroborated_candidate,43169,43168;43169,,yes,Kodepos.dev corroborates Open Data Jabar; candidate is not accepted as final.
POSTAL-3272061003,32.72.06.1003,LEMBURSITU,LEMBURSITU,KOTA SUKABUMI,candidate_review_only,corroborated_candidate,43169,43168;43169,,yes,Kodepos.dev corroborates Open Data Jabar; candidate is not accepted as final.
POSTAL-3272061005,32.72.06.1005,SINDANGSARI,LEMBURSITU,KOTA SUKABUMI,candidate_review_only,corroborated_candidate,43167,43167;43168,,yes,Kodepos.dev corroborates Open Data Jabar; candidate is not accepted as final.
POSTAL-3272071001,32.72.07.1001,CIBEUREUM HILIR,CIBEUREUM,KOTA SUKABUMI,unresolved_do_not_guess,review_required,,43164;43165,,yes,No automatic selection: Kodepos.dev does not corroborate exactly one local source.
POSTAL-3272071002,32.72.07.1002,BABAKAN,CIBEUREUM,KOTA SUKABUMI,candidate_review_only,corroborated_candidate,43142,43142;43163,,yes,Kodepos.dev corroborates Open Data Jabar; candidate is not accepted as final.
POSTAL-3273041005,32.73.04.1005,SUKA ASIH,BOJONGLOA KALER,KOTA BANDUNG,candidate_review_only,corroborated_candidate,40231,40231;40233,,yes,Kodepos.dev corroborates Open Data Jabar; candidate is not accepted as final.
POSTAL-3273141003,32.73.14.1003,CICADAS,CIBEUNYING KIDUL,KOTA BANDUNG,candidate_review_only,corroborated_candidate,40121,40121;40126,,yes,Kodepos.dev corroborates Open Data Jabar; candidate is not accepted as final.
POSTAL-3273141004,32.73.14.1004,SUKAMAJU,CIBEUNYING KIDUL,KOTA BANDUNG,candidate_review_only,corroborated_candidate,40121,40121;40127,,yes,Kodepos.dev corroborates Open Data Jabar; candidate is not accepted as final.
POSTAL-3273141006,32.73.14.1006,PASIRLAYUNG,CIBEUNYING KIDUL,KOTA BANDUNG,candidate_review_only,corroborated_candidate,40192,40128;40192,,yes,Kodepos.dev corroborates Open Data Jabar; candidate is not accepted as final.
POSTAL-3273161002,32.73.16.1002,KEBUN JAYANTI,KIARACONDONG,KOTA BANDUNG,candidate_review_only,corroborated_candidate,40281,40281;40284,,yes,Kodepos.dev corroborates Open Data Jabar; candidate is not accepted as final.
POSTAL-3273181003,32.73.18.1003,NEGLASARI,CIBEUNYING KALER,KOTA BANDUNG,candidate_review_only,corroborated_candidate,40124,40123;40124,,yes,Kodepos.dev corroborates Open Data Jabar; candidate is not accepted as final.
POSTAL-3273181004,32.73.18.1004,CIGADUNG,CIBEUNYING KALER,KOTA BANDUNG,candidate_review_only,corroborated_candidate,40191,40123;40191,,yes,Kodepos.dev corroborates Open Data Jabar; candidate is not accepted as final.
POSTAL-3273191004,32.73.19.1004,BABAKAN CIAMIS,SUMUR BANDUNG,KOTA BANDUNG,candidate_review_only,corroborated_candidate,40117,40113;40117,,yes,Kodepos.dev corroborates Open Data Jabar; candidate is not accepted as final.
POSTAL-3273211002,32.73.21.1002,WATES,BANDUNG KIDUL,KOTA BANDUNG,candidate_review_only,corroborated_candidate,40256,40256;40269,,yes,Kodepos.dev corroborates Open Data Jabar; candidate is not accepted as final.
POSTAL-3273211004,32.73.21.1004,KUJANGSARI,BANDUNG KIDUL,KOTA BANDUNG,candidate_review_only,corroborated_candidate,40287,40268;40287,,yes,Kodepos.dev corroborates Open Data Jabar; candidate is not accepted as final.
POSTAL-3273221003,32.73.22.1003,CIJAURA,BUAHBATU,KOTA BANDUNG,unresolved_do_not_guess,review_required,,40286;40287,,yes,No automatic selection: Kodepos.dev does not corroborate exactly one local source.
POSTAL-3273231003,32.73.23.1003,MUNJAHLEGA,RANCASARI,KOTA BANDUNG,unresolved_do_not_guess,review_required,,40292;40295,,yes,No automatic selection: Kodepos.dev does not corroborate exactly one local source.
POSTAL-3273231004,32.73.23.1004,MEKARMULYA,RANCASARI,KOTA BANDUNG,unresolved_do_not_guess,review_required,,40292;40298,,yes,No automatic selection: Kodepos.dev does not corroborate exactly one local source.
POSTAL-3273241002,32.73.24.1002,CISARANTEN BINA HARAPAN,ARCAMANIK,KOTA BANDUNG,unresolved_do_not_guess,review_required,,40293;40294,,yes,No automatic selection: Kodepos.dev does not corroborate exactly one local source.
POSTAL-3273241004,32.73.24.1004,SINDANGLAYA/CISANTRE N ENDAH,ARCAMANIK,KOTA BANDUNG,unresolved_do_not_guess,review_required,,40293;40399,,yes,No automatic selection: Kodepos.dev does not corroborate exactly one local source.
POSTAL-3273251001,32.73.25.1001,PALASARI,CIBIRU,KOTA BANDUNG,candidate_review_only,corroborated_candidate,40615,40299;40615,,yes,Kodepos.dev corroborates Open Data Jabar; candidate is not accepted as final.
POSTAL-3273251002,32.73.25.1002,CIPADUNG,CIBIRU,KOTA BANDUNG,candidate_review_only,corroborated_candidate,40614,40299;40614,,yes,Kodepos.dev corroborates Open Data Jabar; candidate is not accepted as final.
POSTAL-3273251003,32.73.25.1003,PASIR BIRU,CIBIRU,KOTA BANDUNG,unresolved_do_not_guess,review_required,,40299;40615,,yes,No automatic selection: Kodepos.dev does not corroborate exactly one local source.
POSTAL-3273251004,32.73.25.1004,CISURUPAN,CIBIRU,KOTA BANDUNG,candidate_review_only,corroborated_candidate,40614,40299;40614,,yes,Kodepos.dev corroborates Open Data Jabar; candidate is not accepted as final.
POSTAL-3273261003,32.73.26.1003,PASIR ENDAH,UJUNGBERUNG,KOTA BANDUNG,candidate_review_only,corroborated_candidate,40619,40199;40619,,yes,Kodepos.dev corroborates Open Data Jabar; candidate is not accepted as final.
POSTAL-3273261004,32.73.26.1004,CIGENDING,UJUNGBERUNG,KOTA BANDUNG,candidate_review_only,corroborated_candidate,40611,40199;40611,,yes,Kodepos.dev corroborates Open Data Jabar; candidate is not accepted as final.
POSTAL-3273261005,32.73.26.1005,PASIRWANGI,UJUNGBERUNG,KOTA BANDUNG,unresolved_do_not_guess,review_required,,40199;40618,,yes,No automatic selection: Kodepos.dev does not corroborate exactly one local source.
POSTAL-3273261006,32.73.26.1006,PASIRJATI,UJUNGBERUNG,KOTA BANDUNG,candidate_review_only,corroborated_candidate,40616,40199;40616,,yes,Kodepos.dev corroborates Open Data Jabar; candidate is not accepted as final.
POSTAL-3273261007,32.73.26.1007,PASANGGRAHAN,UJUNGBERUNG,KOTA BANDUNG,candidate_review_only,corroborated_candidate,40617,40199;40617,,yes,Kodepos.dev corroborates Open Data Jabar; candidate is not accepted as final.
POSTAL-3273271001,32.73.27.1001,CIMENERANG,GEDEBAGE,KOTA BANDUNG,unresolved_do_not_guess,review_required,,40294;40295,,yes,No automatic selection: Kodepos.dev does not corroborate exactly one local source.
POSTAL-3273271002,32.73.27.1002,CISANTREN KIDUL,GEDEBAGE,KOTA BANDUNG,candidate_review_only,corroborated_candidate,40294,40294;40295,,yes,Kodepos.dev corroborates Open Data Jabar; candidate is not accepted as final.
POSTAL-3273271003,32.73.27.1003,RANCABOLANG,GEDEBAGE,KOTA BANDUNG,unresolved_do_not_guess,review_required,,40294;40295,,yes,No automatic selection: Kodepos.dev does not corroborate exactly one local source.
POSTAL-3273271004,32.73.27.1004,RANCANUMPANG,GEDEBAGE,KOTA BANDUNG,candidate_review_only,corroborated_candidate,40294,40294;40295,,yes,Kodepos.dev corroborates Open Data Jabar; candidate is not accepted as final.
POSTAL-3273281001,32.73.28.1001,CIPADUNG KULON,PANYILEUKAN,KOTA BANDUNG,candidate_review_only,corroborated_candidate,40614,40298;40614,,yes,Kodepos.dev corroborates Open Data Jabar; candidate is not accepted as final.
POSTAL-3273281002,32.73.28.1002,CIPADUNG KIDUL,PANYILEUKAN,KOTA BANDUNG,candidate_review_only,corroborated_candidate,40614,40298;40614,,yes,Kodepos.dev corroborates Open Data Jabar; candidate is not accepted as final.
POSTAL-3273281003,32.73.28.1003,CIPADUNG WETAN,PANYILEUKAN,KOTA BANDUNG,candidate_review_only,corroborated_candidate,40614,40298;40614,,yes,Kodepos.dev corroborates Open Data Jabar; candidate is not accepted as final.
POSTAL-3273281004,32.73.28.1004,MEKAR MULYA,PANYILEUKAN,KOTA BANDUNG,unresolved_do_not_guess,review_required,,40298;40614,,yes,No automatic selection: Kodepos.dev does not corroborate exactly one local source.
POSTAL-3273291001,32.73.29.1001,CISARANTEN WETAN,CINAMBO,KOTA BANDUNG,unresolved_do_not_guess,review_required,,40294;40296,,yes,No automatic selection: Kodepos.dev does not corroborate exactly one local source.
POSTAL-3273291002,32.73.29.1002,PAKEMITAN,CINAMBO,KOTA BANDUNG,unresolved_do_not_guess,review_required,,40294;40296,,yes,No automatic selection: Kodepos.dev does not corroborate exactly one local source.
POSTAL-3273291003,32.73.29.1003,SUKAMULYA,CINAMBO,KOTA BANDUNG,unresolved_do_not_guess,review_required,,40294;40296,,yes,No automatic selection: Kodepos.dev does not corroborate exactly one local source.
POSTAL-3273291004,32.73.29.1004,BABAKAN PENGHULU,CINAMBO,KOTA BANDUNG,unresolved_do_not_guess,review_required,,40294;40296,,yes,No automatic selection: Kodepos.dev does not corroborate exactly one local source.
POSTAL-3273301001,32.73.30.1001,JATIHANDAP,MANDALAJATI,KOTA BANDUNG,candidate_review_only,corroborated_candidate,40195,40193;40195,,yes,Kodepos.dev corroborates Open Data Jabar; candidate is not accepted as final.
POSTAL-3273301002,32.73.30.1002,KARANG PAMULANG,MANDALAJATI,KOTA BANDUNG,candidate_review_only,corroborated_candidate,40195,40193;40195,,yes,Kodepos.dev corroborates Open Data Jabar; candidate is not accepted as final.
POSTAL-3273301003,32.73.30.1003,PASIR IMPUN,MANDALAJATI,KOTA BANDUNG,candidate_review_only,corroborated_candidate,40195,40193;40195,,yes,Kodepos.dev corroborates Open Data Jabar; candidate is not accepted as final.
POSTAL-3273301004,32.73.30.1004,SINDANG JAYA,MANDALAJATI,KOTA BANDUNG,candidate_review_only,corroborated_candidate,40195,40193;40195,,yes,Kodepos.dev corroborates Open Data Jabar; candidate is not accepted as final.
POSTAL-3274011004,32.74.01.1004,KEBONBARU,KEJAKSAN,KOTA CIREBON,candidate_review_only,corroborated_candidate,45121,45121;45124,,yes,Kodepos.dev corroborates Open Data Jabar; candidate is not accepted as final.
POSTAL-3274031001,32.74.03.1001,KALIJAGA,HARJAMUKTI,KOTA CIREBON,candidate_review_only,corroborated_candidate,45144,45144;45145,,yes,Kodepos.dev corroborates Open Data Jabar; candidate is not accepted as final.
POSTAL-3274051005,32.74.05.1005,KARYAMULYA,KESAMBI,KOTA CIREBON,candidate_review_only,corroborated_candidate,45131,45131;45135,,yes,Kodepos.dev corroborates Open Data Jabar; candidate is not accepted as final.
POSTAL-3275011004,32.75.01.1004,ARENJAYA,BEKASI TIMUR,KOTA BEKASI,candidate_review_only,corroborated_candidate,17111,17111;17118,,yes,Kodepos.dev corroborates Open Data Jabar; candidate is not accepted as final.
POSTAL-3275021003,32.75.02.1003,KOTABARU,BEKASI BARAT,KOTA BEKASI,candidate_review_only,corroborated_candidate,17133,17133;17139,,yes,Kodepos.dev corroborates Open Data Jabar; candidate is not accepted as final.
POSTAL-3275021005,32.75.02.1005,JAKASAMPURNA,BEKASI BARAT,KOTA BEKASI,candidate_review_only,corroborated_candidate,17145,17137;17145,,yes,Kodepos.dev corroborates Open Data Jabar; candidate is not accepted as final.
POSTAL-3275031005,32.75.03.1005,MARGAMULYA,BEKASI UTARA,KOTA BEKASI,candidate_review_only,corroborated_candidate,17142,17126;17142,,yes,Kodepos.dev corroborates Open Data Jabar; candidate is not accepted as final.
POSTAL-3275051001,32.75.05.1001,BOJONG RAWALUMBU,RAWALUMBU,KOTA BEKASI,candidate_review_only,corroborated_candidate,17116,17116;17176,,yes,Kodepos.dev corroborates Open Data Jabar; candidate is not accepted as final.
POSTAL-3275051002,32.75.05.1002,PENGASINAN,RAWALUMBU,KOTA BEKASI,candidate_review_only,corroborated_candidate,17115,17115;17175,,yes,Kodepos.dev corroborates Open Data Jabar; candidate is not accepted as final.
POSTAL-3275051003,32.75.05.1003,SEPANJANGJAYA,RAWALUMBU,KOTA BEKASI,candidate_review_only,corroborated_candidate,17114,17114;17174,,yes,Kodepos.dev corroborates Open Data Jabar; candidate is not accepted as final.
POSTAL-3275051004,32.75.05.1004,BOJONGMENTENG,RAWALUMBU,KOTA BEKASI,candidate_review_only,corroborated_candidate,17117,17117;17177,,yes,Kodepos.dev corroborates Open Data Jabar; candidate is not accepted as final.
POSTAL-3275061001,32.75.06.1001,MEDANSATRIA,MEDANSATRIA,KOTA BEKASI,candidate_review_only,corroborated_candidate,17132,17132;17182,,yes,Kodepos.dev corroborates Open Data Jabar; candidate is not accepted as final.
POSTAL-3275061002,32.75.06.1002,HARAPANMULYA,MEDANSATRIA,KOTA BEKASI,candidate_review_only,corroborated_candidate,17143,17143;17184,,yes,Kodepos.dev corroborates Open Data Jabar; candidate is not accepted as final.
POSTAL-3275061003,32.75.06.1003,PEJUANG,MEDANSATRIA,KOTA BEKASI,candidate_review_only,corroborated_candidate,17131,17131;17181,,yes,Kodepos.dev corroborates Open Data Jabar; candidate is not accepted as final.
POSTAL-3275061004,32.75.06.1004,KALIBARU,MEDANSATRIA,KOTA BEKASI,candidate_review_only,corroborated_candidate,17133,17133;17183,,yes,Kodepos.dev corroborates Open Data Jabar; candidate is not accepted as final.
POSTAL-3275081007,32.75.08.1007,JATICEMPAKA,PONDOKGEDE,KOTA BEKASI,unresolved_do_not_guess,review_required,,17411;17416,,yes,No automatic selection: Kodepos.dev does not corroborate exactly one local source.
POSTAL-3275101005,32.75.10.1005,JATIRADEN,JATISAMPURNA,KOTA BEKASI,unresolved_do_not_guess,review_required,,17433;17436,,yes,No automatic selection: Kodepos.dev does not corroborate exactly one local source.
POSTAL-3275111001,32.75.11.1001,PADURENAN,MUSTIKAJAYA,KOTA BEKASI,candidate_review_only,corroborated_candidate,17156,17156;17166,,yes,Kodepos.dev corroborates Diskominfo; candidate is not accepted as final.
POSTAL-3275111002,32.75.11.1002,CIMUNING,MUSTIKAJAYA,KOTA BEKASI,unresolved_do_not_guess,review_required,,17155;17165,,yes,No automatic selection: Kodepos.dev does not corroborate exactly one local source.
POSTAL-3275111003,32.75.11.1003,MUSTIKAJAYA,MUSTIKAJAYA,KOTA BEKASI,unresolved_do_not_guess,review_required,,17158;17168,,yes,No automatic selection: Kodepos.dev does not corroborate exactly one local source.
POSTAL-3275111004,32.75.11.1004,MUSTIKASARI,MUSTIKAJAYA,KOTA BEKASI,unresolved_do_not_guess,review_required,,17157;17167,,yes,No automatic selection: Kodepos.dev does not corroborate exactly one local source.
POSTAL-3275121001,32.75.12.1001,JATIRAHAYU,PONDOKMELATI,KOTA BEKASI,unresolved_do_not_guess,review_required,,17414;17444,,yes,No automatic selection: Kodepos.dev does not corroborate exactly one local source.
POSTAL-3275121002,32.75.12.1002,JATIWARNA,PONDOKMELATI,KOTA BEKASI,unresolved_do_not_guess,review_required,,17415;17445,,yes,No automatic selection: Kodepos.dev does not corroborate exactly one local source.
POSTAL-3275121003,32.75.12.1003,JATIMELATI,PONDOKMELATI,KOTA BEKASI,unresolved_do_not_guess,review_required,,17414;17446,,yes,No automatic selection: Kodepos.dev does not corroborate exactly one local source.
POSTAL-3275121004,32.75.12.1004,JATIMURNI,PONDOKMELATI,KOTA BEKASI,unresolved_do_not_guess,review_required,,17431;17441,,yes,No automatic selection: Kodepos.dev does not corroborate exactly one local source.
POSTAL-3276031010,32.76.03.1010,SAWANGAN,SAWANGAN,KOTA DEPOK,candidate_review_only,corroborated_candidate,16511,16511;56481,,yes,Kodepos.dev corroborates Diskominfo; candidate is not accepted as final.
POSTAL-3276041001,32.76.04.1001,MARUYUNG,LIMO,KOTA DEPOK,candidate_review_only,corroborated_candidate,16515,16515;16532,,yes,Kodepos.dev corroborates Open Data Jabar; candidate is not accepted as final.
POSTAL-3276041002,32.76.04.1002,GROGOL,LIMO,KOTA DEPOK,candidate_review_only,corroborated_candidate,16512,16512;16533,,yes,Kodepos.dev corroborates Open Data Jabar; candidate is not accepted as final.
POSTAL-3276041003,32.76.04.1003,KRUKUT,LIMO,KOTA DEPOK,candidate_review_only,corroborated_candidate,16512,16512;16534,,yes,Kodepos.dev corroborates Open Data Jabar; candidate is not accepted as final.
POSTAL-3276041004,32.76.04.1004,LIMO,LIMO,KOTA DEPOK,candidate_review_only,corroborated_candidate,16515,16515;16531,,yes,Kodepos.dev corroborates Open Data Jabar; candidate is not accepted as final.
POSTAL-3276071001,32.76.07.1001,CIPAYUNG,CIPAYUNG,KOTA DEPOK,unresolved_do_not_guess,review_required,,13840;16437;16442,,yes,No automatic selection: Kodepos.dev does not corroborate exactly one local source.
POSTAL-3276071002,32.76.07.1002,CIPAYUNG JAYA,CIPAYUNG,KOTA DEPOK,candidate_review_only,corroborated_candidate,16437,16437;16444,,yes,Kodepos.dev corroborates Open Data Jabar; candidate is not accepted as final.
POSTAL-3276071003,32.76.07.1003,RATU JAYA,CIPAYUNG,KOTA DEPOK,candidate_review_only,corroborated_candidate,16439,16439;16445,,yes,Kodepos.dev corroborates Open Data Jabar; candidate is not accepted as final.
POSTAL-3276071004,32.76.07.1004,BOJONG PONDOK TERONG,CIPAYUNG,KOTA DEPOK,candidate_review_only,corroborated_candidate,16436,16436;16443,,yes,Kodepos.dev corroborates Open Data Jabar; candidate is not accepted as final.
POSTAL-3276071005,32.76.07.1005,PONDOK JAYA,CIPAYUNG,KOTA DEPOK,unresolved_do_not_guess,review_required,,16438;16443,,yes,No automatic selection: Kodepos.dev does not corroborate exactly one local source.
POSTAL-3276081001,32.76.08.1001,SUKAMAJU,CILODONG,KOTA DEPOK,candidate_review_only,corroborated_candidate,16415,16415;16475,,yes,Kodepos.dev corroborates Open Data Jabar; candidate is not accepted as final.
POSTAL-3276081002,32.76.08.1002,CILODONG,CILODONG,KOTA DEPOK,candidate_review_only,corroborated_candidate,16414,16414;16474,,yes,Kodepos.dev corroborates Open Data Jabar; candidate is not accepted as final.
POSTAL-3276081003,32.76.08.1003,KALIBARU,CILODONG,KOTA DEPOK,candidate_review_only,corroborated_candidate,16414,16414;16473,,yes,Kodepos.dev corroborates Open Data Jabar; candidate is not accepted as final.
POSTAL-3276081004,32.76.08.1004,KALIMULYA,CILODONG,KOTA DEPOK,candidate_review_only,corroborated_candidate,16413,16413;16471,,yes,Kodepos.dev corroborates Open Data Jabar; candidate is not accepted as final.
POSTAL-3276081005,32.76.08.1005,JATIMULYA,CILODONG,KOTA DEPOK,candidate_review_only,corroborated_candidate,16413,16413;16472,,yes,Kodepos.dev corroborates Open Data Jabar; candidate is not accepted as final.
POSTAL-3276091001,32.76.09.1001,CINERE,CINERE,KOTA DEPOK,candidate_review_only,corroborated_candidate,16514,16514;16541,,yes,Kodepos.dev corroborates Open Data Jabar; candidate is not accepted as final.
POSTAL-3276091002,32.76.09.1002,GANDUL,CINERE,KOTA DEPOK,candidate_review_only,corroborated_candidate,16512,16512;16544,,yes,Kodepos.dev corroborates Open Data Jabar; candidate is not accepted as final.
POSTAL-3276091003,32.76.09.1003,PANGKALAN JATI,CINERE,KOTA DEPOK,unresolved_do_not_guess,review_required,,16513;16543,,yes,No automatic selection: Kodepos.dev does not corroborate exactly one local source.
POSTAL-3276091004,32.76.09.1004,PANGKALAN JATI BARU,CINERE,KOTA DEPOK,unresolved_do_not_guess,review_required,,16513;16542,,yes,No automatic selection: Kodepos.dev does not corroborate exactly one local source.
POSTAL-3276101001,32.76.10.1001,TAPOS,TAPOS,KOTA DEPOK,candidate_review_only,corroborated_candidate,16457,16457;16464,,yes,Kodepos.dev corroborates Open Data Jabar; candidate is not accepted as final.
POSTAL-3276101002,32.76.10.1002,LEUWINANGGUNG,TAPOS,KOTA DEPOK,candidate_review_only,corroborated_candidate,16456,16456;16463,,yes,Kodepos.dev corroborates Open Data Jabar; candidate is not accepted as final.
POSTAL-3276101003,32.76.10.1003,SUKATANI,TAPOS,KOTA DEPOK,candidate_review_only,corroborated_candidate,16454,16454;16461,,yes,Kodepos.dev corroborates Open Data Jabar; candidate is not accepted as final.
POSTAL-3276101004,32.76.10.1004,SUKAMAJU BARU,TAPOS,KOTA DEPOK,candidate_review_only,corroborated_candidate,16455,16455;16462,,yes,Kodepos.dev corroborates Open Data Jabar; candidate is not accepted as final.
POSTAL-3276101005,32.76.10.1005,JATIJAJAR,TAPOS,KOTA DEPOK,candidate_review_only,corroborated_candidate,16451,16451;16466,,yes,Kodepos.dev corroborates Open Data Jabar; candidate is not accepted as final.
POSTAL-3276101006,32.76.10.1006,CILANGKAP,TAPOS,KOTA DEPOK,candidate_review_only,corroborated_candidate,16458,16458;16465,,yes,Kodepos.dev corroborates Open Data Jabar; candidate is not accepted as final.
POSTAL-3276101007,32.76.10.1007,CIMPAEUN,TAPOS,KOTA DEPOK,candidate_review_only,corroborated_candidate,16459,16459;16467,,yes,Kodepos.dev corroborates Open Data Jabar; candidate is not accepted as final.
POSTAL-3276111001,32.76.11.1001,BOJONGSARI,BOJONGSARI,KOTA DEPOK,unresolved_do_not_guess,review_required,,16516;40354;53362,,yes,No automatic selection: Kodepos.dev does not corroborate exactly one local source.
POSTAL-3276111002,32.76.11.1002,BOJONGSARI BARU,BOJONGSARI,KOTA DEPOK,unresolved_do_not_guess,review_required,,16516;16522,,yes,No automatic selection: Kodepos.dev does not corroborate exactly one local source.
POSTAL-3276111003,32.76.11.1003,SERUA,BOJONGSARI,KOTA DEPOK,candidate_review_only,corroborated_candidate,16517,16517;16523,,yes,Kodepos.dev corroborates Open Data Jabar; candidate is not accepted as final.
POSTAL-3276111004,32.76.11.1004,PONDOK PETIR,BOJONGSARI,KOTA DEPOK,candidate_review_only,corroborated_candidate,16517,16517;16524,,yes,Kodepos.dev corroborates Open Data Jabar; candidate is not accepted as final.
POSTAL-3276111005,32.76.11.1005,CURUG,BOJONGSARI,KOTA DEPOK,candidate_review_only,corroborated_candidate,16517,16517;16525,,yes,Kodepos.dev corroborates Open Data Jabar; candidate is not accepted as final.
POSTAL-3276111006,32.76.11.1006,DUREN MEKAR,BOJONGSARI,KOTA DEPOK,candidate_review_only,corroborated_candidate,16518,16518;16526,,yes,Kodepos.dev corroborates Open Data Jabar; candidate is not accepted as final.
POSTAL-3276111007,32.76.11.1007,DUREN SERIBU,BOJONGSARI,KOTA DEPOK,candidate_review_only,corroborated_candidate,16518,16518;16527,,yes,Kodepos.dev corroborates Open Data Jabar; candidate is not accepted as final.
POSTAL-3278041003,32.78.04.1003,INDIHIANG,INDIHIANG,KOTA TASIKMALAYA,candidate_review_only,corroborated_candidate,46151,46135;46151,,yes,Kodepos.dev corroborates Open Data Jabar; candidate is not accepted as final.
POSTAL-3278041004,32.78.04.1004,SIRNAGALIH,INDIHIANG,KOTA TASIKMALAYA,candidate_review_only,corroborated_candidate,46151,46135;46151,,yes,Kodepos.dev corroborates Open Data Jabar; candidate is not accepted as final.
POSTAL-3278041005,32.78.04.1005,PARAKANNYASAG,INDIHIANG,KOTA TASIKMALAYA,candidate_review_only,corroborated_candidate,46151,46136;46151,,yes,Kodepos.dev corroborates Open Data Jabar; candidate is not accepted as final.
POSTAL-3278041006,32.78.04.1006,PANYINGKIRAN,INDIHIANG,KOTA TASIKMALAYA,candidate_review_only,corroborated_candidate,46411,46136;46411,,yes,Kodepos.dev corroborates Open Data Jabar; candidate is not accepted as final.
POSTAL-3278041007,32.78.04.1007,SUKAMAJU KALER,INDIHIANG,KOTA TASIKMALAYA,candidate_review_only,corroborated_candidate,46151,46137;46151,,yes,Kodepos.dev corroborates Open Data Jabar; candidate is not accepted as final.
POSTAL-3278041008,32.78.04.1008,SUKAMAJU KIDUL,INDIHIANG,KOTA TASIKMALAYA,candidate_review_only,corroborated_candidate,46151,46137;46151,,yes,Kodepos.dev corroborates Open Data Jabar; candidate is not accepted as final.
POSTAL-3278051001,32.78.05.1001,KERSAMENAK,KAWALU,KOTA TASIKMALAYA,candidate_review_only,corroborated_candidate,46182,46141;46182,,yes,Kodepos.dev corroborates Open Data Jabar; candidate is not accepted as final.
POSTAL-3278051002,32.78.05.1002,CILAMAJANG,KAWALU,KOTA TASIKMALAYA,candidate_review_only,corroborated_candidate,46182,46143;46182,,yes,Kodepos.dev corroborates Open Data Jabar; candidate is not accepted as final.
POSTAL-3278051003,32.78.05.1003,GUNUNG TANDALA,KAWALU,KOTA TASIKMALAYA,candidate_review_only,corroborated_candidate,46182,46142;46182,,yes,Kodepos.dev corroborates Open Data Jabar; candidate is not accepted as final.
POSTAL-3278051004,32.78.05.1004,URUG,KAWALU,KOTA TASIKMALAYA,candidate_review_only,corroborated_candidate,46182,46145;46182,,yes,Kodepos.dev corroborates Open Data Jabar; candidate is not accepted as final.
POSTAL-3278051005,32.78.05.1005,TANJUNG,KAWALU,KOTA TASIKMALAYA,candidate_review_only,corroborated_candidate,46182,46144;46182,,yes,Kodepos.dev corroborates Open Data Jabar; candidate is not accepted as final.
POSTAL-3278051006,32.78.05.1006,CIBEUTI,KAWALU,KOTA TASIKMALAYA,candidate_review_only,corroborated_candidate,46182,46143;46182,,yes,Kodepos.dev corroborates Open Data Jabar; candidate is not accepted as final.
POSTAL-3278051007,32.78.05.1007,KARANGANYAR,KAWALU,KOTA TASIKMALAYA,candidate_review_only,corroborated_candidate,46182,46144;46182,,yes,Kodepos.dev corroborates Open Data Jabar; candidate is not accepted as final.
POSTAL-3278051008,32.78.05.1008,TALAGASARI,KAWALU,KOTA TASIKMALAYA,candidate_review_only,corroborated_candidate,46182,46142;46182,,yes,Kodepos.dev corroborates Open Data Jabar; candidate is not accepted as final.
POSTAL-3278051009,32.78.05.1009,LEUWILIANG,KAWALU,KOTA TASIKMALAYA,candidate_review_only,corroborated_candidate,46182,46145;46182,,yes,Kodepos.dev corroborates Open Data Jabar; candidate is not accepted as final.
POSTAL-3278051010,32.78.05.1010,GUNUNG GEDE,KAWALU,KOTA TASIKMALAYA,candidate_review_only,corroborated_candidate,46182,46142;46182,,yes,Kodepos.dev corroborates Open Data Jabar; candidate is not accepted as final.
POSTAL-3278061005,32.78.06.1005,SETIARATU,CIBEUREUM,KOTA TASIKMALAYA,candidate_review_only,corroborated_candidate,46196,46116;46196,,yes,Kodepos.dev corroborates Open Data Jabar; candidate is not accepted as final.
POSTAL-3278061007,32.78.06.1007,KERSANAGARA,CIBEUREUM,KOTA TASIKMALAYA,candidate_review_only,corroborated_candidate,46196,46116;46196,,yes,Kodepos.dev corroborates Open Data Jabar; candidate is not accepted as final.
POSTAL-3278061008,32.78.06.1008,KOTA BARU,CIBEUREUM,KOTA TASIKMALAYA,candidate_review_only,corroborated_candidate,46196,46116;46196,,yes,Kodepos.dev corroborates Open Data Jabar; candidate is not accepted as final.
POSTAL-3278061009,32.78.06.1009,AWIPARI,CIBEUREUM,KOTA TASIKMALAYA,candidate_review_only,corroborated_candidate,46196,46116;46196,,yes,Kodepos.dev corroborates Open Data Jabar; candidate is not accepted as final.
POSTAL-3278061010,32.78.06.1010,SETIANAGARA,CIBEUREUM,KOTA TASIKMALAYA,candidate_review_only,corroborated_candidate,46196,46116;46196,,yes,Kodepos.dev corroborates Open Data Jabar; candidate is not accepted as final.
POSTAL-3278061011,32.78.06.1011,CIHERANG,CIBEUREUM,KOTA TASIKMALAYA,candidate_review_only,corroborated_candidate,46416,46116;46416,,yes,Kodepos.dev corroborates Open Data Jabar; candidate is not accepted as final.
POSTAL-3278061012,32.78.06.1012,CIAKAR,CIBEUREUM,KOTA TASIKMALAYA,candidate_review_only,corroborated_candidate,46196,46117;46196,,yes,Kodepos.dev corroborates Open Data Jabar; candidate is not accepted as final.
POSTAL-3278061013,32.78.06.1013,MARGABAKTI,CIBEUREUM,KOTA TASIKMALAYA,candidate_review_only,corroborated_candidate,46196,46117;46196,,yes,Kodepos.dev corroborates Open Data Jabar; candidate is not accepted as final.
POSTAL-3278061014,32.78.06.1014,SETIAJAYA,CIBEUREUM,KOTA TASIKMALAYA,candidate_review_only,corroborated_candidate,46196,46116;46196,,yes,Kodepos.dev corroborates Open Data Jabar; candidate is not accepted as final.
POSTAL-3278071001,32.78.07.1001,TAMANSARI,TAMANSARI,KOTA TASIKMALAYA,unresolved_do_not_guess,review_required,,46146;46191;46196,,yes,No automatic selection: Kodepos.dev does not corroborate exactly one local source.
POSTAL-3278071002,32.78.07.1002,MUGARSARI,TAMANSARI,KOTA TASIKMALAYA,unresolved_do_not_guess,review_required,,46146;46191;46196,,yes,No automatic selection: Kodepos.dev does not corroborate exactly one local source.
POSTAL-3278071003,32.78.07.1003,TAMANJAYA,TAMANSARI,KOTA TASIKMALAYA,unresolved_do_not_guess,review_required,,46147;46191;46196,,yes,No automatic selection: Kodepos.dev does not corroborate exactly one local source.
POSTAL-3278071004,32.78.07.1004,SUMELAP,TAMANSARI,KOTA TASIKMALAYA,unresolved_do_not_guess,review_required,,46147;46191;46196,,yes,No automatic selection: Kodepos.dev does not corroborate exactly one local source.
POSTAL-3278071005,32.78.07.1005,SETIAWARGI,TAMANSARI,KOTA TASIKMALAYA,unresolved_do_not_guess,review_required,,46148;46191;46196,,yes,No automatic selection: Kodepos.dev does not corroborate exactly one local source.
POSTAL-3278071006,32.78.07.1006,MULYASARI,TAMANSARI,KOTA TASIKMALAYA,unresolved_do_not_guess,review_required,,46149;46191;46196,,yes,No automatic selection: Kodepos.dev does not corroborate exactly one local source.
POSTAL-3278071007,32.78.07.1007,SUKAHURIP,TAMANSARI,KOTA TASIKMALAYA,unresolved_do_not_guess,review_required,,46149;46191;46196,,yes,No automatic selection: Kodepos.dev does not corroborate exactly one local source.
POSTAL-3278071008,32.78.07.1008,SETIAMULYA,TAMANSARI,KOTA TASIKMALAYA,unresolved_do_not_guess,review_required,,46148;46191;46196,,yes,No automatic selection: Kodepos.dev does not corroborate exactly one local source.
POSTAL-3278081001,32.78.08.1001,MANGKUBUMI,MANGKUBUMI,KOTA TASIKMALAYA,candidate_review_only,corroborated_candidate,46181,46127;46181,,yes,Kodepos.dev corroborates Open Data Jabar; candidate is not accepted as final.
POSTAL-3278081002,32.78.08.1002,CIGANTANG,MANGKUBUMI,KOTA TASIKMALAYA,candidate_review_only,corroborated_candidate,46181,46127;46181,,yes,Kodepos.dev corroborates Open Data Jabar; candidate is not accepted as final.
POSTAL-3278081003,32.78.08.1003,KARIKIL,MANGKUBUMI,KOTA TASIKMALAYA,candidate_review_only,corroborated_candidate,46181,46127;46181,,yes,Kodepos.dev corroborates Open Data Jabar; candidate is not accepted as final.
POSTAL-3278081004,32.78.08.1004,LINGGAJAYA,MANGKUBUMI,KOTA TASIKMALAYA,candidate_review_only,corroborated_candidate,46181,46128;46181,,yes,Kodepos.dev corroborates Open Data Jabar; candidate is not accepted as final.
POSTAL-3278081005,32.78.08.1005,CIPAWITRA,MANGKUBUMI,KOTA TASIKMALAYA,candidate_review_only,corroborated_candidate,46181,46128;46181,,yes,Kodepos.dev corroborates Open Data Jabar; candidate is not accepted as final.
POSTAL-3278081006,32.78.08.1006,SAMBONGPARI,MANGKUBUMI,KOTA TASIKMALAYA,candidate_review_only,corroborated_candidate,46181,46129;46181,,yes,Kodepos.dev corroborates Open Data Jabar; candidate is not accepted as final.
POSTAL-3278081007,32.78.08.1007,SAMBONGJAYA,MANGKUBUMI,KOTA TASIKMALAYA,candidate_review_only,corroborated_candidate,46181,46129;46181,,yes,Kodepos.dev corroborates Open Data Jabar; candidate is not accepted as final.
POSTAL-3278081008,32.78.08.1008,CIPARI,MANGKUBUMI,KOTA TASIKMALAYA,candidate_review_only,corroborated_candidate,46181,46128;46181,,yes,Kodepos.dev corroborates Open Data Jabar; candidate is not accepted as final.
POSTAL-3278091001,32.78.09.1001,SUKAMULYA,BUNGURSARI,KOTA TASIKMALAYA,candidate_review_only,corroborated_candidate,46151,46138;46151,,yes,Kodepos.dev corroborates Open Data Jabar; candidate is not accepted as final.
POSTAL-3278091002,32.78.09.1002,SUKARINDIK,BUNGURSARI,KOTA TASIKMALAYA,candidate_review_only,corroborated_candidate,46151,46138;46151,,yes,Kodepos.dev corroborates Open Data Jabar; candidate is not accepted as final.
POSTAL-3278091003,32.78.09.1003,BUNGURSARI,BUNGURSARI,KOTA TASIKMALAYA,candidate_review_only,corroborated_candidate,46151,46138;46151,,yes,Kodepos.dev corroborates Open Data Jabar; candidate is not accepted as final.
POSTAL-3278091004,32.78.09.1004,SUKAJAYA,BUNGURSARI,KOTA TASIKMALAYA,candidate_review_only,corroborated_candidate,46151,46138;46151,,yes,Kodepos.dev corroborates Open Data Jabar; candidate is not accepted as final.
POSTAL-3278091005,32.78.09.1005,CIBUNIGEULIS,BUNGURSARI,KOTA TASIKMALAYA,candidate_review_only,corroborated_candidate,46151,46139;46151,,yes,Kodepos.dev corroborates Open Data Jabar; candidate is not accepted as final.
POSTAL-3278091006,32.78.09.1006,BANTARSARI,BUNGURSARI,KOTA TASIKMALAYA,candidate_review_only,corroborated_candidate,46151,46139;46151,,yes,Kodepos.dev corroborates Open Data Jabar; candidate is not accepted as final.
POSTAL-3278091007,32.78.09.1007,SUKALAKSANA,BUNGURSARI,KOTA TASIKMALAYA,candidate_review_only,corroborated_candidate,46151,46138;46151,,yes,Kodepos.dev corroborates Open Data Jabar; candidate is not accepted as final.
POSTAL-3278101001,32.78.10.1001,SUKANAGARA,PURBARATU,KOTA TASIKMALAYA,unresolved_do_not_guess,review_required,,46118;46190;46196,,yes,No automatic selection: Kodepos.dev does not corroborate exactly one local source.
POSTAL-3278101002,32.78.10.1002,SUKAMENAK,PURBARATU,KOTA TASIKMALAYA,unresolved_do_not_guess,review_required,,46118;46190;46196,,yes,No automatic selection: Kodepos.dev does not corroborate exactly one local source.
POSTAL-3278101003,32.78.10.1003,PURBARATU,PURBARATU,KOTA TASIKMALAYA,unresolved_do_not_guess,review_required,,46118;46190;46196,,yes,No automatic selection: Kodepos.dev does not corroborate exactly one local source.
POSTAL-3278101004,32.78.10.1004,SUKAASIH,PURBARATU,KOTA TASIKMALAYA,unresolved_do_not_guess,review_required,,46119;46190;46196,,yes,No automatic selection: Kodepos.dev does not corroborate exactly one local source.
POSTAL-3278101005,32.78.10.1005,SUKAJAYA,PURBARATU,KOTA TASIKMALAYA,unresolved_do_not_guess,review_required,,46119;46190;46196,,yes,No automatic selection: Kodepos.dev does not corroborate exactly one local source.
POSTAL-3278101006,32.78.10.1006,SINGKUP,PURBARATU,KOTA TASIKMALAYA,unresolved_do_not_guess,review_required,,46119;46190;46196,,yes,No automatic selection: Kodepos.dev does not corroborate exactly one local source.
POSTAL-3279011001,32.79.01.1001,BANJAR,BANJAR,KOTA BANJAR,candidate_review_only,corroborated_candidate,46311,46311;81152,,yes,Kodepos.dev corroborates Diskominfo; candidate is not accepted as final.
POSTAL-3279011002,32.79.01.1002,MEKARSARI,BANJAR,KOTA BANJAR,candidate_review_only,corroborated_candidate,46321,46317;46321,,yes,Kodepos.dev corroborates Open Data Jabar; candidate is not accepted as final.
POSTAL-3279012004,32.79.01.2004,CIBEUREUM,BANJAR,KOTA BANJAR,unresolved_do_not_guess,review_required,,42252;46313;46314,,yes,No automatic selection: Kodepos.dev does not corroborate exactly one local source.
POSTAL-3279012007,32.79.01.2007,JAJAWAR,BANJAR,KOTA BANJAR,candidate_review_only,corroborated_candidate,46317,46317;46318,,yes,Kodepos.dev corroborates Open Data Jabar; candidate is not accepted as final.
POSTAL-3279022003,32.79.02.2003,MULYASARI,PATARUMAN,KOTA BANJAR,candidate_review_only,corroborated_candidate,46335,46328;46335,,yes,Kodepos.dev corroborates Open Data Jabar; candidate is not accepted as final.
POSTAL-3279022006,32.79.02.2006,BINANGUN,PATARUMAN,KOTA BANJAR,candidate_review_only,corroborated_candidate,46316,46316;46322,,yes,Kodepos.dev corroborates Open Data Jabar; candidate is not accepted as final.
POSTAL-3279022007,32.79.02.2007,SUKAMUKTI,PATARUMAN,KOTA BANJAR,candidate_review_only,corroborated_candidate,46323,46323;46329,,yes,Kodepos.dev corroborates Open Data Jabar; candidate is not accepted as final.
POSTAL-3279022008,32.79.02.2008,SINARTANJUNG,PATARUMAN,KOTA BANJAR,candidate_review_only,corroborated_candidate,46323,46323;46329,,yes,Kodepos.dev corroborates Open Data Jabar; candidate is not accepted as final.
POSTAL-3279041005,32.79.04.1005,BOJONGKANTONG,LANGENSARI,KOTA BANJAR,candidate_review_only,corroborated_candidate,46325,46325;46346,,yes,Kodepos.dev corroborates Open Data Jabar; candidate is not accepted as final.
POSTAL-3279042001,32.79.04.2001,LANGENSARI,LANGENSARI,KOTA BANJAR,candidate_review_only,corroborated_candidate,46324,46324;46341,,yes,Kodepos.dev corroborates Open Data Jabar; candidate is not accepted as final.
POSTAL-3279042006,32.79.04.2006,KUJANGSARI,LANGENSARI,KOTA BANJAR,candidate_review_only,corroborated_candidate,46324,46324;46345,,yes,Kodepos.dev corroborates Open Data Jabar; candidate is not accepted as final.
