source_id,snapshot,village_code,village_name,postal_code,evidence_url,note,review_decision,reviewer,second_reviewer,second_review_status
pos_indonesia_postcode_search,2026-08-11,32.01.01.1001,PONDOK RAJEG,16913,https://kodepos.posindonesia.co.id/CariKodepos,"Exact village, district, city, and province match on Pos Indonesia.",accept_other,codex_pos_exact_hierarchy_review,project_owner_adjudication,approved
pos_indonesia_postcode_search,2026-08-11,32.01.01.1010,CIRIUNG,16919,https://kodepos.posindonesia.co.id/CariKodepos,"Exact village, district, city, and province match on Pos Indonesia.",accept_other,codex_pos_exact_hierarchy_review,project_owner_adjudication,approved
pos_indonesia_postcode_search,2026-08-11,32.01.01.1013,PABUARAN MEKAR,16916,https://kodepos.posindonesia.co.id/CariKodepos,"Exact village, district, city, and province match on Pos Indonesia.",accept_suggested,codex_pos_exact_hierarchy_review,project_owner_adjudication,approved
pos_indonesia_postcode_search,2026-08-11,32.01.02.2010,KARANGGAN,16961,https://kodepos.posindonesia.co.id/CariKodepos,"Exact village, district, city, and province match on Pos Indonesia.",accept_other,codex_pos_exact_hierarchy_review,project_owner_adjudication,approved
pos_indonesia_postcode_search,2026-08-11,32.01.03.1006,PUSPANEGARA,16811,https://kodepos.posindonesia.co.id/CariKodepos,"Exact village, district, city, and province match on Pos Indonesia.",accept_suggested,codex_pos_exact_hierarchy_review,project_owner_adjudication,approved
pos_indonesia_postcode_search,2026-08-11,32.01.03.2001,PUSPASARI,16811,https://kodepos.posindonesia.co.id/CariKodepos,"Exact village, district, city, and province match on Pos Indonesia.",accept_suggested,codex_pos_exact_hierarchy_review,project_owner_adjudication,approved
pos_indonesia_postcode_search,2026-08-11,32.01.03.2002,CITEUREUP,16811,https://kodepos.posindonesia.co.id/CariKodepos,"Exact village, district, city, and province match on Pos Indonesia.",accept_suggested,codex_pos_exact_hierarchy_review,project_owner_adjudication,approved
pos_indonesia_postcode_search,2026-08-11,32.01.05.2001,CIJAYANTI,16864,https://kodepos.posindonesia.co.id/CariKodepos,"Exact village, district, city, and province match on Pos Indonesia.",accept_other,codex_pos_exact_hierarchy_review,project_owner_adjudication,approved
pos_indonesia_postcode_search,2026-08-11,32.01.05.2002,SUMURBATU,16866,https://kodepos.posindonesia.co.id/CariKodepos,"Exact village, district, city, and province match on Pos Indonesia.",accept_other,codex_pos_exact_hierarchy_review,project_owner_adjudication,approved
pos_indonesia_postcode_search,2026-08-11,32.01.05.2003,SENTUL,16863,https://kodepos.posindonesia.co.id/CariKodepos,"Exact village, district, city, and province match on Pos Indonesia.",accept_other,codex_pos_exact_hierarchy_review,project_owner_adjudication,approved
pos_indonesia_postcode_search,2026-08-11,32.01.05.2004,KARANGTENGAH,16867,https://kodepos.posindonesia.co.id/CariKodepos,"Exact village, district, city, and province match on Pos Indonesia.",accept_other,codex_pos_exact_hierarchy_review,project_owner_adjudication,approved
pos_indonesia_postcode_search,2026-08-11,32.01.05.2005,CIPAMBUAN,16869,https://kodepos.posindonesia.co.id/CariKodepos,"Exact village, district, city, and province match on Pos Indonesia.",accept_other,codex_pos_exact_hierarchy_review,project_owner_adjudication,approved
pos_indonesia_postcode_search,2026-08-11,32.01.05.2006,KADUMANGGU,16868,https://kodepos.posindonesia.co.id/CariKodepos,"Exact village, district, city, and province match on Pos Indonesia.",accept_other,codex_pos_exact_hierarchy_review,project_owner_adjudication,approved
pos_indonesia_postcode_search,2026-08-11,32.01.05.2007,CITARINGGUL,16862,https://kodepos.posindonesia.co.id/CariKodepos,"Exact village, district, city, and province match on Pos Indonesia.",accept_other,codex_pos_exact_hierarchy_review,project_owner_adjudication,approved
pos_indonesia_postcode_search,2026-08-11,32.01.05.2008,BABAKAN MADANG,16861,https://kodepos.posindonesia.co.id/CariKodepos,"Exact village, district, city, and province match on Pos Indonesia.",accept_other,codex_pos_exact_hierarchy_review,project_owner_adjudication,approved
pos_indonesia_postcode_search,2026-08-11,32.01.05.2009,BOJONG KONENG,16865,https://kodepos.posindonesia.co.id/CariKodepos,"Exact village, district, city, and province match on Pos Indonesia.",accept_other,codex_pos_exact_hierarchy_review,project_owner_adjudication,approved
pos_indonesia_postcode_search,2026-08-11,32.01.06.2001,SUKAMAJU,16832,https://kodepos.posindonesia.co.id/CariKodepos,"Exact village, district, city, and province match on Pos Indonesia.",accept_other,codex_pos_exact_hierarchy_review,project_owner_adjudication,approved
pos_indonesia_postcode_search,2026-08-11,32.01.06.2002,SIRNAGALIH,16839,https://kodepos.posindonesia.co.id/CariKodepos,"Exact village, district, city, and province match on Pos Indonesia.",accept_other,codex_pos_exact_hierarchy_review,project_owner_adjudication,approved
pos_indonesia_postcode_search,2026-08-11,32.01.06.2003,SINGAJAYA,16834,https://kodepos.posindonesia.co.id/CariKodepos,"Exact village, district, city, and province match on Pos Indonesia.",accept_other,codex_pos_exact_hierarchy_review,project_owner_adjudication,approved
pos_indonesia_postcode_search,2026-08-11,32.01.06.2004,SUKASIRNA,16837,https://kodepos.posindonesia.co.id/CariKodepos,"Exact village, district, city, and province match on Pos Indonesia.",accept_other,codex_pos_exact_hierarchy_review,project_owner_adjudication,approved
pos_indonesia_postcode_search,2026-08-11,32.01.06.2005,SUKANEGARA,16836,https://kodepos.posindonesia.co.id/CariKodepos,"Exact village, district, city, and province match on Pos Indonesia.",accept_other,codex_pos_exact_hierarchy_review,project_owner_adjudication,approved
pos_indonesia_postcode_search,2026-08-11,32.01.06.2006,SUKAMANAH,16832,https://kodepos.posindonesia.co.id/CariKodepos,"Exact village, district, city, and province match on Pos Indonesia.",accept_other,codex_pos_exact_hierarchy_review,project_owner_adjudication,approved
pos_indonesia_postcode_search,2026-08-11,32.01.06.2007,WENINGGALIH,16839,https://kodepos.posindonesia.co.id/CariKodepos,"Exact village, district, city, and province match on Pos Indonesia.",accept_other,codex_pos_exact_hierarchy_review,project_owner_adjudication,approved
pos_indonesia_postcode_search,2026-08-11,32.01.06.2008,CIBODAS,16835,https://kodepos.posindonesia.co.id/CariKodepos,"Exact village, district, city, and province match on Pos Indonesia.",accept_other,codex_pos_exact_hierarchy_review,project_owner_adjudication,approved
pos_indonesia_postcode_search,2026-08-11,32.01.06.2009,JONGGOL,16831,https://kodepos.posindonesia.co.id/CariKodepos,"Exact village, district, city, and province match on Pos Indonesia.",accept_other,codex_pos_exact_hierarchy_review,project_owner_adjudication,approved
pos_indonesia_postcode_search,2026-08-11,32.01.06.2010,BENDUNGAN,16838,https://kodepos.posindonesia.co.id/CariKodepos,"Exact village, district, city, and province match on Pos Indonesia.",accept_other,codex_pos_exact_hierarchy_review,project_owner_adjudication,approved
pos_indonesia_postcode_search,2026-08-11,32.01.06.2011,SINGASARI,16833,https://kodepos.posindonesia.co.id/CariKodepos,"Exact village, district, city, and province match on Pos Indonesia.",accept_other,codex_pos_exact_hierarchy_review,project_owner_adjudication,approved
pos_indonesia_postcode_search,2026-08-11,32.01.06.2012,BALEKAMBANG,16837,https://kodepos.posindonesia.co.id/CariKodepos,"Exact village, district, city, and province match on Pos Indonesia.",accept_other,codex_pos_exact_hierarchy_review,project_owner_adjudication,approved
pos_indonesia_postcode_search,2026-08-11,32.01.06.2013,SUKAJAYA,16836,https://kodepos.posindonesia.co.id/CariKodepos,"Exact village, district, city, and province match on Pos Indonesia.",accept_other,codex_pos_exact_hierarchy_review,project_owner_adjudication,approved
pos_indonesia_postcode_search,2026-08-11,32.01.06.2014,SUKAGALIH,16839,https://kodepos.posindonesia.co.id/CariKodepos,"Exact village, district, city, and province match on Pos Indonesia.",accept_other,codex_pos_exact_hierarchy_review,project_owner_adjudication,approved
pos_indonesia_postcode_search,2026-08-11,32.01.07.2001,PASIRANGIN,16828,https://kodepos.posindonesia.co.id/CariKodepos,"Exact village, district, city, and province match on Pos Indonesia.",accept_other,codex_pos_exact_hierarchy_review,project_owner_adjudication,approved
pos_indonesia_postcode_search,2026-08-11,32.01.07.2002,MEKARSARI,16826,https://kodepos.posindonesia.co.id/CariKodepos,"Exact village, district, city, and province match on Pos Indonesia.",accept_other,codex_pos_exact_hierarchy_review,project_owner_adjudication,approved
pos_indonesia_postcode_search,2026-08-11,32.01.07.2003,MAMPIR,16823,https://kodepos.posindonesia.co.id/CariKodepos,"Exact village, district, city, and province match on Pos Indonesia.",accept_other,codex_pos_exact_hierarchy_review,project_owner_adjudication,approved
pos_indonesia_postcode_search,2026-08-11,32.01.07.2004,DAYEUH,16822,https://kodepos.posindonesia.co.id/CariKodepos,"Exact village, district, city, and province match on Pos Indonesia.",accept_other,codex_pos_exact_hierarchy_review,project_owner_adjudication,approved
pos_indonesia_postcode_search,2026-08-11,32.01.07.2005,GANDOANG,16824,https://kodepos.posindonesia.co.id/CariKodepos,"Exact village, district, city, and province match on Pos Indonesia.",accept_other,codex_pos_exact_hierarchy_review,project_owner_adjudication,approved
pos_indonesia_postcode_search,2026-08-11,32.01.07.2006,JATISARI,16825,https://kodepos.posindonesia.co.id/CariKodepos,"Exact village, district, city, and province match on Pos Indonesia.",accept_other,codex_pos_exact_hierarchy_review,project_owner_adjudication,approved
pos_indonesia_postcode_search,2026-08-11,32.01.07.2007,CILEUNGSI KIDUL,16821,https://kodepos.posindonesia.co.id/CariKodepos,"Exact village, district, city, and province match on Pos Indonesia.",accept_other,codex_pos_exact_hierarchy_review,project_owner_adjudication,approved
pos_indonesia_postcode_search,2026-08-11,32.01.07.2008,CIPEUCANG,16825,https://kodepos.posindonesia.co.id/CariKodepos,"Exact village, district, city, and province match on Pos Indonesia.",accept_other,codex_pos_exact_hierarchy_review,project_owner_adjudication,approved
pos_indonesia_postcode_search,2026-08-11,32.01.07.2010,CIPENJO,16827,https://kodepos.posindonesia.co.id/CariKodepos,"Exact village, district, city, and province match on Pos Indonesia.",accept_other,codex_pos_exact_hierarchy_review,project_owner_adjudication,approved
pos_indonesia_postcode_search,2026-08-11,32.01.07.2012,CILEUNGSI,16821,https://kodepos.posindonesia.co.id/CariKodepos,"Exact village, district, city, and province match on Pos Indonesia.",accept_other,codex_pos_exact_hierarchy_review,project_owner_adjudication,approved
pos_indonesia_postcode_search,2026-08-11,32.01.08.2001,KARYAMEKAR,16843,https://kodepos.posindonesia.co.id/CariKodepos,"Exact village, district, city, and province match on Pos Indonesia.",accept_other,codex_pos_exact_hierarchy_review,project_owner_adjudication,approved
pos_indonesia_postcode_search,2026-08-11,32.01.08.2002,BABAKANRADEN,16848,https://kodepos.posindonesia.co.id/CariKodepos,"Exact village, district, city, and province match on Pos Indonesia.",accept_other,codex_pos_exact_hierarchy_review,project_owner_adjudication,approved
pos_indonesia_postcode_search,2026-08-11,32.01.08.2003,CIKUTAMAHI,16845,https://kodepos.posindonesia.co.id/CariKodepos,"Exact village, district, city, and province match on Pos Indonesia.",accept_other,codex_pos_exact_hierarchy_review,project_owner_adjudication,approved
pos_indonesia_postcode_search,2026-08-11,32.01.08.2005,CARIU,16841,https://kodepos.posindonesia.co.id/CariKodepos,"Exact village, district, city, and province match on Pos Indonesia.",accept_other,codex_pos_exact_hierarchy_review,project_owner_adjudication,approved
pos_indonesia_postcode_search,2026-08-11,32.01.08.2006,MEKARWANGI,16842,https://kodepos.posindonesia.co.id/CariKodepos,"Exact village, district, city, and province match on Pos Indonesia.",accept_other,codex_pos_exact_hierarchy_review,project_owner_adjudication,approved
pos_indonesia_postcode_search,2026-08-11,32.01.08.2007,BANTARKUNING,16844,https://kodepos.posindonesia.co.id/CariKodepos,"Exact village, district, city, and province match on Pos Indonesia.",accept_other,codex_pos_exact_hierarchy_review,project_owner_adjudication,approved
pos_indonesia_postcode_search,2026-08-11,32.01.08.2008,SUKAJADI,16847,https://kodepos.posindonesia.co.id/CariKodepos,"Exact village, district, city, and province match on Pos Indonesia.",accept_other,codex_pos_exact_hierarchy_review,project_owner_adjudication,approved
pos_indonesia_postcode_search,2026-08-11,32.01.08.2009,TEGALPANJANG,16849,https://kodepos.posindonesia.co.id/CariKodepos,"Exact village, district, city, and province match on Pos Indonesia.",accept_other,codex_pos_exact_hierarchy_review,project_owner_adjudication,approved
pos_indonesia_postcode_search,2026-08-11,32.01.08.2010,CIBATUTIGA,16844,https://kodepos.posindonesia.co.id/CariKodepos,"Exact village, district, city, and province match on Pos Indonesia.",accept_other,codex_pos_exact_hierarchy_review,project_owner_adjudication,approved
pos_indonesia_postcode_search,2026-08-11,32.01.10.2001,PARUNG,16331,https://kodepos.posindonesia.co.id/CariKodepos,"Exact village, district, city, and province match on Pos Indonesia.",accept_other,codex_pos_exact_hierarchy_review,project_owner_adjudication,approved
pos_indonesia_postcode_search,2026-08-11,32.01.10.2002,IWUL,16337,https://kodepos.posindonesia.co.id/CariKodepos,"Exact village, district, city, and province match on Pos Indonesia.",accept_other,codex_pos_exact_hierarchy_review,project_owner_adjudication,approved
pos_indonesia_postcode_search,2026-08-11,32.01.10.2003,BOJONGSEMPU,16336,https://kodepos.posindonesia.co.id/CariKodepos,"Exact village, district, city, and province match on Pos Indonesia.",accept_other,codex_pos_exact_hierarchy_review,project_owner_adjudication,approved
pos_indonesia_postcode_search,2026-08-11,32.01.10.2004,WARU,16336,https://kodepos.posindonesia.co.id/CariKodepos,"Exact village, district, city, and province match on Pos Indonesia.",accept_other,codex_pos_exact_hierarchy_review,project_owner_adjudication,approved
pos_indonesia_postcode_search,2026-08-11,32.01.10.2005,COGREG,16334,https://kodepos.posindonesia.co.id/CariKodepos,"Exact village, district, city, and province match on Pos Indonesia.",accept_other,codex_pos_exact_hierarchy_review,project_owner_adjudication,approved
pos_indonesia_postcode_search,2026-08-11,32.01.10.2007,WARUJAYA,16333,https://kodepos.posindonesia.co.id/CariKodepos,"Exact village, district, city, and province match on Pos Indonesia.",accept_other,codex_pos_exact_hierarchy_review,project_owner_adjudication,approved
pos_indonesia_postcode_search,2026-08-11,32.01.10.2008,BOJONGINDAH,16335,https://kodepos.posindonesia.co.id/CariKodepos,"Exact village, district, city, and province match on Pos Indonesia.",accept_other,codex_pos_exact_hierarchy_review,project_owner_adjudication,approved
pos_indonesia_postcode_search,2026-08-11,32.01.10.2009,JABONMEKAR,16338,https://kodepos.posindonesia.co.id/CariKodepos,"Exact village, district, city, and province match on Pos Indonesia.",accept_other,codex_pos_exact_hierarchy_review,project_owner_adjudication,approved
pos_indonesia_postcode_search,2026-08-11,32.01.11.2001,CIDOKOM,16343,https://kodepos.posindonesia.co.id/CariKodepos,"Exact village, district, city, and province match on Pos Indonesia.",accept_other,codex_pos_exact_hierarchy_review,project_owner_adjudication,approved
pos_indonesia_postcode_search,2026-08-11,32.01.11.2002,PADURENAN,16345,https://kodepos.posindonesia.co.id/CariKodepos,"Exact village, district, city, and province match on Pos Indonesia.",accept_other,codex_pos_exact_hierarchy_review,project_owner_adjudication,approved
pos_indonesia_postcode_search,2026-08-11,32.01.11.2003,PENGASINAN,16348,https://kodepos.posindonesia.co.id/CariKodepos,"Exact village, district, city, and province match on Pos Indonesia.",accept_other,codex_pos_exact_hierarchy_review,project_owner_adjudication,approved
pos_indonesia_postcode_search,2026-08-11,32.01.11.2004,CURUG,16344,https://kodepos.posindonesia.co.id/CariKodepos,"Exact village, district, city, and province match on Pos Indonesia.",accept_other,codex_pos_exact_hierarchy_review,project_owner_adjudication,approved
pos_indonesia_postcode_search,2026-08-11,32.01.11.2005,GUNUNGSINDUR,16341,https://kodepos.posindonesia.co.id/CariKodepos,"Exact village, district, city, and province match on Pos Indonesia.",accept_other,codex_pos_exact_hierarchy_review,project_owner_adjudication,approved
pos_indonesia_postcode_search,2026-08-11,32.01.11.2006,JAMPANG,16342,https://kodepos.posindonesia.co.id/CariKodepos,"Exact village, district, city, and province match on Pos Indonesia.",accept_other,codex_pos_exact_hierarchy_review,project_owner_adjudication,approved
pos_indonesia_postcode_search,2026-08-11,32.01.11.2007,CIBADUNG,16343,https://kodepos.posindonesia.co.id/CariKodepos,"Exact village, district, city, and province match on Pos Indonesia.",accept_other,codex_pos_exact_hierarchy_review,project_owner_adjudication,approved
pos_indonesia_postcode_search,2026-08-11,32.01.11.2008,CIBINONG,16346,https://kodepos.posindonesia.co.id/CariKodepos,"Exact village, district, city, and province match on Pos Indonesia.",accept_other,codex_pos_exact_hierarchy_review,project_owner_adjudication,approved
pos_indonesia_postcode_search,2026-08-11,32.01.11.2009,RAWAKALONG,16347,https://kodepos.posindonesia.co.id/CariKodepos,"Exact village, district, city, and province match on Pos Indonesia.",accept_other,codex_pos_exact_hierarchy_review,project_owner_adjudication,approved
pos_indonesia_postcode_search,2026-08-11,32.01.11.2010,PABUARAN,16349,https://kodepos.posindonesia.co.id/CariKodepos,"Exact village, district, city, and province match on Pos Indonesia.",accept_other,codex_pos_exact_hierarchy_review,project_owner_adjudication,approved
pos_indonesia_postcode_search,2026-08-11,32.01.12.1006,ATANG SENJAYA,16318,https://kodepos.posindonesia.co.id/CariKodepos,"Exact village, district, city, and province match on Pos Indonesia.",accept_other,codex_pos_exact_hierarchy_review,project_owner_adjudication,approved
pos_indonesia_postcode_search,2026-08-11,32.01.12.2001,BOJONG,16316,https://kodepos.posindonesia.co.id/CariKodepos,"Exact village, district, city, and province match on Pos Indonesia.",accept_other,codex_pos_exact_hierarchy_review,project_owner_adjudication,approved
pos_indonesia_postcode_search,2026-08-11,32.01.12.2002,PARAKANJAYA,16319,https://kodepos.posindonesia.co.id/CariKodepos,"Exact village, district, city, and province match on Pos Indonesia.",accept_other,codex_pos_exact_hierarchy_review,project_owner_adjudication,approved
pos_indonesia_postcode_search,2026-08-11,32.01.12.2003,KEMANG,16311,https://kodepos.posindonesia.co.id/CariKodepos,"Exact village, district, city, and province match on Pos Indonesia.",accept_other,codex_pos_exact_hierarchy_review,project_owner_adjudication,approved
pos_indonesia_postcode_search,2026-08-11,32.01.12.2004,PABUARAN,16312,https://kodepos.posindonesia.co.id/CariKodepos,"Exact village, district, city, and province match on Pos Indonesia.",accept_other,codex_pos_exact_hierarchy_review,project_owner_adjudication,approved
pos_indonesia_postcode_search,2026-08-11,32.01.12.2005,SEMPLAK BARAT,16317,https://kodepos.posindonesia.co.id/CariKodepos,"Exact village, district, city, and province match on Pos Indonesia.",accept_other,codex_pos_exact_hierarchy_review,project_owner_adjudication,approved
pos_indonesia_postcode_search,2026-08-11,32.01.12.2007,JAMPANG,16314,https://kodepos.posindonesia.co.id/CariKodepos,"Exact village, district, city, and province match on Pos Indonesia.",accept_other,codex_pos_exact_hierarchy_review,project_owner_adjudication,approved
pos_indonesia_postcode_search,2026-08-11,32.01.12.2008,PONDOK UDIK,16313,https://kodepos.posindonesia.co.id/CariKodepos,"Exact village, district, city, and province match on Pos Indonesia.",accept_other,codex_pos_exact_hierarchy_review,project_owner_adjudication,approved
pos_indonesia_postcode_search,2026-08-11,32.01.12.2009,TEGAL,16315,https://kodepos.posindonesia.co.id/CariKodepos,"Exact village, district, city, and province match on Pos Indonesia.",accept_other,codex_pos_exact_hierarchy_review,project_owner_adjudication,approved
pos_indonesia_postcode_search,2026-08-11,32.01.13.2009,BOJONGGEDE,16922,https://kodepos.posindonesia.co.id/CariKodepos,"Exact village, district, city, and province match on Pos Indonesia.",accept_suggested,codex_pos_exact_hierarchy_review,project_owner_adjudication,approved
pos_indonesia_postcode_search,2026-08-11,32.01.14.2001,LEUWILIANG,16641,https://kodepos.posindonesia.co.id/CariKodepos,"Exact village, district, city, and province match on Pos Indonesia.",accept_other,codex_pos_exact_hierarchy_review,project_owner_adjudication,approved
pos_indonesia_postcode_search,2026-08-11,32.01.14.2002,PURASARI,16644,https://kodepos.posindonesia.co.id/CariKodepos,"Exact village, district, city, and province match on Pos Indonesia.",accept_other,codex_pos_exact_hierarchy_review,project_owner_adjudication,approved
pos_indonesia_postcode_search,2026-08-11,32.01.14.2003,KARYASARI,16646,https://kodepos.posindonesia.co.id/CariKodepos,"Exact village, district, city, and province match on Pos Indonesia.",accept_other,codex_pos_exact_hierarchy_review,project_owner_adjudication,approved
pos_indonesia_postcode_search,2026-08-11,32.01.14.2004,PABANGBON,16643,https://kodepos.posindonesia.co.id/CariKodepos,"Exact village, district, city, and province match on Pos Indonesia.",accept_other,codex_pos_exact_hierarchy_review,project_owner_adjudication,approved
pos_indonesia_postcode_search,2026-08-11,32.01.14.2005,KARACAK,16646,https://kodepos.posindonesia.co.id/CariKodepos,"Exact village, district, city, and province match on Pos Indonesia.",accept_other,codex_pos_exact_hierarchy_review,project_owner_adjudication,approved
pos_indonesia_postcode_search,2026-08-11,32.01.14.2006,BARENGKOK,16647,https://kodepos.posindonesia.co.id/CariKodepos,"Exact village, district, city, and province match on Pos Indonesia.",accept_other,codex_pos_exact_hierarchy_review,project_owner_adjudication,approved
pos_indonesia_postcode_search,2026-08-11,32.01.14.2007,LEUWIMEKAR,16648,https://kodepos.posindonesia.co.id/CariKodepos,"Exact village, district, city, and province match on Pos Indonesia.",accept_other,codex_pos_exact_hierarchy_review,project_owner_adjudication,approved
pos_indonesia_postcode_search,2026-08-11,32.01.14.2008,PURASEDA,16645,https://kodepos.posindonesia.co.id/CariKodepos,"Exact village, district, city, and province match on Pos Indonesia.",accept_other,codex_pos_exact_hierarchy_review,project_owner_adjudication,approved
pos_indonesia_postcode_search,2026-08-11,32.01.14.2011,KAREHKEL,16649,https://kodepos.posindonesia.co.id/CariKodepos,"Exact village, district, city, and province match on Pos Indonesia.",accept_other,codex_pos_exact_hierarchy_review,project_owner_adjudication,approved
pos_indonesia_postcode_search,2026-08-11,32.01.15.2001,CIAMPEA,16625,https://kodepos.posindonesia.co.id/CariKodepos,"Exact village, district, city, and province match on Pos Indonesia.",accept_other,codex_pos_exact_hierarchy_review,project_owner_adjudication,approved
pos_indonesia_postcode_search,2026-08-11,32.01.15.2002,CINANGKA,16626,https://kodepos.posindonesia.co.id/CariKodepos,"Exact village, district, city, and province match on Pos Indonesia.",accept_other,codex_pos_exact_hierarchy_review,project_owner_adjudication,approved
pos_indonesia_postcode_search,2026-08-11,32.01.15.2003,CIHIDEUNGUDIK,16627,https://kodepos.posindonesia.co.id/CariKodepos,"Exact village, district, city, and province match on Pos Indonesia.",accept_other,codex_pos_exact_hierarchy_review,project_owner_adjudication,approved
pos_indonesia_postcode_search,2026-08-11,32.01.15.2004,BOJONGJENGKOL,16623,https://kodepos.posindonesia.co.id/CariKodepos,"Exact village, district, city, and province match on Pos Indonesia.",accept_other,codex_pos_exact_hierarchy_review,project_owner_adjudication,approved
pos_indonesia_postcode_search,2026-08-11,32.01.15.2005,TEGALWARU,16623,https://kodepos.posindonesia.co.id/CariKodepos,"Exact village, district, city, and province match on Pos Indonesia.",accept_other,codex_pos_exact_hierarchy_review,project_owner_adjudication,approved
pos_indonesia_postcode_search,2026-08-11,32.01.15.2006,CIBUNTU,16624,https://kodepos.posindonesia.co.id/CariKodepos,"Exact village, district, city, and province match on Pos Indonesia.",accept_other,codex_pos_exact_hierarchy_review,project_owner_adjudication,approved
pos_indonesia_postcode_search,2026-08-11,32.01.15.2007,CICADAS,16622,https://kodepos.posindonesia.co.id/CariKodepos,"Exact village, district, city, and province match on Pos Indonesia.",accept_other,codex_pos_exact_hierarchy_review,project_owner_adjudication,approved
pos_indonesia_postcode_search,2026-08-11,32.01.15.2008,CIBADAK,16628,https://kodepos.posindonesia.co.id/CariKodepos,"Exact village, district, city, and province match on Pos Indonesia.",accept_other,codex_pos_exact_hierarchy_review,project_owner_adjudication,approved
pos_indonesia_postcode_search,2026-08-11,32.01.15.2009,BOJONGRANGKAS,16621,https://kodepos.posindonesia.co.id/CariKodepos,"Exact village, district, city, and province match on Pos Indonesia.",accept_other,codex_pos_exact_hierarchy_review,project_owner_adjudication,approved
pos_indonesia_postcode_search,2026-08-11,32.01.15.2010,CIHIDEUNGHILIR,16627,https://kodepos.posindonesia.co.id/CariKodepos,"Exact village, district, city, and province match on Pos Indonesia.",accept_other,codex_pos_exact_hierarchy_review,project_owner_adjudication,approved
pos_indonesia_postcode_search,2026-08-11,32.01.15.2011,CIBANTENG,16628,https://kodepos.posindonesia.co.id/CariKodepos,"Exact village, district, city, and province match on Pos Indonesia.",accept_other,codex_pos_exact_hierarchy_review,project_owner_adjudication,approved
pos_indonesia_postcode_search,2026-08-11,32.01.15.2012,BENTENG,16629,https://kodepos.posindonesia.co.id/CariKodepos,"Exact village, district, city, and province match on Pos Indonesia.",accept_other,codex_pos_exact_hierarchy_review,project_owner_adjudication,approved
pos_indonesia_postcode_search,2026-08-11,32.01.15.2013,CIAMPEA UDIK,16625,https://kodepos.posindonesia.co.id/CariKodepos,"Exact village, district, city, and province match on Pos Indonesia.",accept_other,codex_pos_exact_hierarchy_review,project_owner_adjudication,approved
pos_indonesia_postcode_search,2026-08-11,32.01.16.2001,SITU UDIK,16636,https://kodepos.posindonesia.co.id/CariKodepos,"Exact village, district, city, and province match on Pos Indonesia.",accept_other,codex_pos_exact_hierarchy_review,project_owner_adjudication,approved
pos_indonesia_postcode_search,2026-08-11,32.01.16.2002,SITU ILIR,16636,https://kodepos.posindonesia.co.id/CariKodepos,"Exact village, district, city, and province match on Pos Indonesia.",accept_other,codex_pos_exact_hierarchy_review,project_owner_adjudication,approved
pos_indonesia_postcode_search,2026-08-11,32.01.16.2003,CEMPLANG,16633,https://kodepos.posindonesia.co.id/CariKodepos,"Exact village, district, city, and province match on Pos Indonesia.",accept_other,codex_pos_exact_hierarchy_review,project_owner_adjudication,approved
pos_indonesia_postcode_search,2026-08-11,32.01.16.2006,LEUWEUNGKOLOT,16638,https://kodepos.posindonesia.co.id/CariKodepos,"Exact village, district, city, and province match on Pos Indonesia.",accept_other,codex_pos_exact_hierarchy_review,project_owner_adjudication,approved
pos_indonesia_postcode_search,2026-08-11,32.01.16.2009,DUKUH,16632,https://kodepos.posindonesia.co.id/CariKodepos,"Exact village, district, city, and province match on Pos Indonesia.",accept_other,codex_pos_exact_hierarchy_review,project_owner_adjudication,approved
pos_indonesia_postcode_search,2026-08-11,32.01.16.2010,CIJUJUNG,16639,https://kodepos.posindonesia.co.id/CariKodepos,"Exact village, district, city, and province match on Pos Indonesia.",accept_other,codex_pos_exact_hierarchy_review,project_owner_adjudication,approved
pos_indonesia_postcode_search,2026-08-11,32.01.16.2013,SUKAMAJU,16634,https://kodepos.posindonesia.co.id/CariKodepos,"Exact village, district, city, and province match on Pos Indonesia.",accept_other,codex_pos_exact_hierarchy_review,project_owner_adjudication,approved
pos_indonesia_postcode_search,2026-08-11,32.01.16.2014,GALUGA,16632,https://kodepos.posindonesia.co.id/CariKodepos,"Exact village, district, city, and province match on Pos Indonesia.",accept_other,codex_pos_exact_hierarchy_review,project_owner_adjudication,approved
pos_indonesia_postcode_search,2026-08-11,32.01.16.2015,GIRIMULYA,16638,https://kodepos.posindonesia.co.id/CariKodepos,"Exact village, district, city, and province match on Pos Indonesia.",accept_other,codex_pos_exact_hierarchy_review,project_owner_adjudication,approved
pos_indonesia_postcode_search,2026-08-11,32.01.18.2001,RUMPIN,16351,https://kodepos.posindonesia.co.id/CariKodepos,"Exact village, district, city, and province match on Pos Indonesia.",accept_other,codex_pos_exact_hierarchy_review,project_owner_adjudication,approved
pos_indonesia_postcode_search,2026-08-11,32.01.18.2002,LEUWIBATU,16357,https://kodepos.posindonesia.co.id/CariKodepos,"Exact village, district, city, and province match on Pos Indonesia.",accept_other,codex_pos_exact_hierarchy_review,project_owner_adjudication,approved
pos_indonesia_postcode_search,2026-08-11,32.01.18.2003,CIDOKOM,16358,https://kodepos.posindonesia.co.id/CariKodepos,"Exact village, district, city, and province match on Pos Indonesia.",accept_other,codex_pos_exact_hierarchy_review,project_owner_adjudication,approved
pos_indonesia_postcode_search,2026-08-11,32.01.18.2004,GOBANG,16358,https://kodepos.posindonesia.co.id/CariKodepos,"Exact village, district, city, and province match on Pos Indonesia.",accept_other,codex_pos_exact_hierarchy_review,project_owner_adjudication,approved
pos_indonesia_postcode_search,2026-08-11,32.01.18.2005,CIBODAS,16359,https://kodepos.posindonesia.co.id/CariKodepos,"Exact village, district, city, and province match on Pos Indonesia.",accept_other,codex_pos_exact_hierarchy_review,project_owner_adjudication,approved
pos_indonesia_postcode_search,2026-08-11,32.01.18.2006,RABAK,16356,https://kodepos.posindonesia.co.id/CariKodepos,"Exact village, district, city, and province match on Pos Indonesia.",accept_other,codex_pos_exact_hierarchy_review,project_owner_adjudication,approved
pos_indonesia_postcode_search,2026-08-11,32.01.18.2007,KAMPUNGSAWAH,16355,https://kodepos.posindonesia.co.id/CariKodepos,"Exact village, district, city, and province match on Pos Indonesia.",accept_other,codex_pos_exact_hierarchy_review,project_owner_adjudication,approved
pos_indonesia_postcode_search,2026-08-11,32.01.18.2008,CIPINANG,16355,https://kodepos.posindonesia.co.id/CariKodepos,"Exact village, district, city, and province match on Pos Indonesia.",accept_other,codex_pos_exact_hierarchy_review,project_owner_adjudication,approved
pos_indonesia_postcode_search,2026-08-11,32.01.18.2009,SUKASARI,16352,https://kodepos.posindonesia.co.id/CariKodepos,"Exact village, district, city, and province match on Pos Indonesia.",accept_other,codex_pos_exact_hierarchy_review,project_owner_adjudication,approved
pos_indonesia_postcode_search,2026-08-11,32.01.18.2012,SUKAMULYA,16353,https://kodepos.posindonesia.co.id/CariKodepos,"Exact village, district, city, and province match on Pos Indonesia.",accept_other,codex_pos_exact_hierarchy_review,project_owner_adjudication,approved
pos_indonesia_postcode_search,2026-08-11,32.01.18.2014,MEKARJAYA,16358,https://kodepos.posindonesia.co.id/CariKodepos,"Exact village, district, city, and province match on Pos Indonesia.",accept_other,codex_pos_exact_hierarchy_review,project_owner_adjudication,approved
pos_indonesia_postcode_search,2026-08-11,32.01.19.2001,CURUG,16673,https://kodepos.posindonesia.co.id/CariKodepos,"Exact village, district, city, and province match on Pos Indonesia.",accept_other,codex_pos_exact_hierarchy_review,project_owner_adjudication,approved
pos_indonesia_postcode_search,2026-08-11,32.01.19.2002,PANGRADIN,16675,https://kodepos.posindonesia.co.id/CariKodepos,"Exact village, district, city, and province match on Pos Indonesia.",accept_other,codex_pos_exact_hierarchy_review,project_owner_adjudication,approved
pos_indonesia_postcode_search,2026-08-11,32.01.19.2003,KALONGSAWAH,16676,https://kodepos.posindonesia.co.id/CariKodepos,"Exact village, district, city, and province match on Pos Indonesia.",accept_other,codex_pos_exact_hierarchy_review,project_owner_adjudication,approved
pos_indonesia_postcode_search,2026-08-11,32.01.19.2004,SIPAK,16677,https://kodepos.posindonesia.co.id/CariKodepos,"Exact village, district, city, and province match on Pos Indonesia.",accept_other,codex_pos_exact_hierarchy_review,project_owner_adjudication,approved
pos_indonesia_postcode_search,2026-08-11,32.01.19.2005,JASINGA,16671,https://kodepos.posindonesia.co.id/CariKodepos,"Exact village, district, city, and province match on Pos Indonesia.",accept_other,codex_pos_exact_hierarchy_review,project_owner_adjudication,approved
pos_indonesia_postcode_search,2026-08-11,32.01.19.2006,KOLEANG,16672,https://kodepos.posindonesia.co.id/CariKodepos,"Exact village, district, city, and province match on Pos Indonesia.",accept_other,codex_pos_exact_hierarchy_review,project_owner_adjudication,approved
pos_indonesia_postcode_search,2026-08-11,32.01.19.2007,CIKOPOMAYAK,16679,https://kodepos.posindonesia.co.id/CariKodepos,"Exact village, district, city, and province match on Pos Indonesia.",accept_other,codex_pos_exact_hierarchy_review,project_owner_adjudication,approved
pos_indonesia_postcode_search,2026-08-11,32.01.19.2008,SETU,16677,https://kodepos.posindonesia.co.id/CariKodepos,"Exact village, district, city, and province match on Pos Indonesia.",accept_other,codex_pos_exact_hierarchy_review,project_owner_adjudication,approved
pos_indonesia_postcode_search,2026-08-11,32.01.19.2009,BARENGKOK,16677,https://kodepos.posindonesia.co.id/CariKodepos,"Exact village, district, city, and province match on Pos Indonesia.",accept_other,codex_pos_exact_hierarchy_review,project_owner_adjudication,approved
pos_indonesia_postcode_search,2026-08-11,32.01.19.2010,BAGOANG,16678,https://kodepos.posindonesia.co.id/CariKodepos,"Exact village, district, city, and province match on Pos Indonesia.",accept_other,codex_pos_exact_hierarchy_review,project_owner_adjudication,approved
pos_indonesia_postcode_search,2026-08-11,32.01.19.2011,PANGAUR,16678,https://kodepos.posindonesia.co.id/CariKodepos,"Exact village, district, city, and province match on Pos Indonesia.",accept_other,codex_pos_exact_hierarchy_review,project_owner_adjudication,approved
pos_indonesia_postcode_search,2026-08-11,32.01.19.2012,PAMAGERSARI,16676,https://kodepos.posindonesia.co.id/CariKodepos,"Exact village, district, city, and province match on Pos Indonesia.",accept_other,codex_pos_exact_hierarchy_review,project_owner_adjudication,approved
pos_indonesia_postcode_search,2026-08-11,32.01.19.2015,NEGLASARI,16677,https://kodepos.posindonesia.co.id/CariKodepos,"Exact village, district, city, and province match on Pos Indonesia.",accept_other,codex_pos_exact_hierarchy_review,project_owner_adjudication,approved
pos_indonesia_postcode_search,2026-08-11,32.01.20.2001,JAGABAYA,16365,https://kodepos.posindonesia.co.id/CariKodepos,"Exact village, district, city, and province match on Pos Indonesia.",accept_other,codex_pos_exact_hierarchy_review,project_owner_adjudication,approved
pos_indonesia_postcode_search,2026-08-11,32.01.20.2002,GOROWONG,16366,https://kodepos.posindonesia.co.id/CariKodepos,"Exact village, district, city, and province match on Pos Indonesia.",accept_other,codex_pos_exact_hierarchy_review,project_owner_adjudication,approved
pos_indonesia_postcode_search,2026-08-11,32.01.20.2003,DAGO,16367,https://kodepos.posindonesia.co.id/CariKodepos,"Exact village, district, city, and province match on Pos Indonesia.",accept_other,codex_pos_exact_hierarchy_review,project_owner_adjudication,approved
pos_indonesia_postcode_search,2026-08-11,32.01.20.2004,PINGKU,16368,https://kodepos.posindonesia.co.id/CariKodepos,"Exact village, district, city, and province match on Pos Indonesia.",accept_other,codex_pos_exact_hierarchy_review,project_owner_adjudication,approved
pos_indonesia_postcode_search,2026-08-11,32.01.20.2005,CIKUDA,16369,https://kodepos.posindonesia.co.id/CariKodepos,"Exact village, district, city, and province match on Pos Indonesia.",accept_other,codex_pos_exact_hierarchy_review,project_owner_adjudication,approved
pos_indonesia_postcode_search,2026-08-11,32.01.20.2007,LUMPANG,16363,https://kodepos.posindonesia.co.id/CariKodepos,"Exact village, district, city, and province match on Pos Indonesia.",accept_other,codex_pos_exact_hierarchy_review,project_owner_adjudication,approved
pos_indonesia_postcode_search,2026-08-11,32.01.20.2008,CIBUNAR,16362,https://kodepos.posindonesia.co.id/CariKodepos,"Exact village, district, city, and province match on Pos Indonesia.",accept_other,codex_pos_exact_hierarchy_review,project_owner_adjudication,approved
pos_indonesia_postcode_search,2026-08-11,32.01.20.2009,JAGABITA,16362,https://kodepos.posindonesia.co.id/CariKodepos,"Exact village, district, city, and province match on Pos Indonesia.",accept_other,codex_pos_exact_hierarchy_review,project_owner_adjudication,approved
pos_indonesia_postcode_search,2026-08-11,32.01.20.2010,GINTUNGCILEJET,16364,https://kodepos.posindonesia.co.id/CariKodepos,"Exact village, district, city, and province match on Pos Indonesia.",accept_other,codex_pos_exact_hierarchy_review,project_owner_adjudication,approved
pos_indonesia_postcode_search,2026-08-11,32.01.20.2011,KABASIRAN,16369,https://kodepos.posindonesia.co.id/CariKodepos,"Exact village, district, city, and province match on Pos Indonesia.",accept_other,codex_pos_exact_hierarchy_review,project_owner_adjudication,approved
pos_indonesia_postcode_search,2026-08-11,32.01.21.2001,MALASARI,16653,https://kodepos.posindonesia.co.id/CariKodepos,"Exact village, district, city, and province match on Pos Indonesia.",accept_other,codex_pos_exact_hierarchy_review,project_owner_adjudication,approved
pos_indonesia_postcode_search,2026-08-11,32.01.21.2002,CURUGBITUNG,16655,https://kodepos.posindonesia.co.id/CariKodepos,"Exact village, district, city, and province match on Pos Indonesia.",accept_other,codex_pos_exact_hierarchy_review,project_owner_adjudication,approved
pos_indonesia_postcode_search,2026-08-11,32.01.21.2003,CISARUA,16652,https://kodepos.posindonesia.co.id/CariKodepos,"Exact village, district, city, and province match on Pos Indonesia.",accept_other,codex_pos_exact_hierarchy_review,project_owner_adjudication,approved
pos_indonesia_postcode_search,2026-08-11,32.01.21.2004,BANTARKARET,16654,https://kodepos.posindonesia.co.id/CariKodepos,"Exact village, district, city, and province match on Pos Indonesia.",accept_other,codex_pos_exact_hierarchy_review,project_owner_adjudication,approved
pos_indonesia_postcode_search,2026-08-11,32.01.21.2005,HAMBARO,16656,https://kodepos.posindonesia.co.id/CariKodepos,"Exact village, district, city, and province match on Pos Indonesia.",accept_other,codex_pos_exact_hierarchy_review,project_owner_adjudication,approved
pos_indonesia_postcode_search,2026-08-11,32.01.21.2006,KALONGLIUD,16656,https://kodepos.posindonesia.co.id/CariKodepos,"Exact village, district, city, and province match on Pos Indonesia.",accept_other,codex_pos_exact_hierarchy_review,project_owner_adjudication,approved
pos_indonesia_postcode_search,2026-08-11,32.01.21.2007,NANGGUNG,16651,https://kodepos.posindonesia.co.id/CariKodepos,"Exact village, district, city, and province match on Pos Indonesia.",accept_other,codex_pos_exact_hierarchy_review,project_owner_adjudication,approved
pos_indonesia_postcode_search,2026-08-11,32.01.21.2008,PARAKANMUNCANG,16657,https://kodepos.posindonesia.co.id/CariKodepos,"Exact village, district, city, and province match on Pos Indonesia.",accept_other,codex_pos_exact_hierarchy_review,project_owner_adjudication,approved
pos_indonesia_postcode_search,2026-08-11,32.01.21.2009,PANGKALJAYA,16659,https://kodepos.posindonesia.co.id/CariKodepos,"Exact village, district, city, and province match on Pos Indonesia.",accept_other,codex_pos_exact_hierarchy_review,project_owner_adjudication,approved
pos_indonesia_postcode_search,2026-08-11,32.01.21.2010,SUKALUYU,16658,https://kodepos.posindonesia.co.id/CariKodepos,"Exact village, district, city, and province match on Pos Indonesia.",accept_other,codex_pos_exact_hierarchy_review,project_owner_adjudication,approved
pos_indonesia_postcode_search,2026-08-11,32.01.22.2001,SUKAMAJU,16662,https://kodepos.posindonesia.co.id/CariKodepos,"Exact village, district, city, and province match on Pos Indonesia.",accept_other,codex_pos_exact_hierarchy_review,project_owner_adjudication,approved
pos_indonesia_postcode_search,2026-08-11,32.01.22.2002,CIGUDEG,16661,https://kodepos.posindonesia.co.id/CariKodepos,"Exact village, district, city, and province match on Pos Indonesia.",accept_other,codex_pos_exact_hierarchy_review,project_owner_adjudication,approved
pos_indonesia_postcode_search,2026-08-11,32.01.22.2003,BUNAR,16669,https://kodepos.posindonesia.co.id/CariKodepos,"Exact village, district, city, and province match on Pos Indonesia.",accept_other,codex_pos_exact_hierarchy_review,project_owner_adjudication,approved
pos_indonesia_postcode_search,2026-08-11,32.01.22.2005,CINTAMANIK,16665,https://kodepos.posindonesia.co.id/CariKodepos,"Exact village, district, city, and province match on Pos Indonesia.",accept_other,codex_pos_exact_hierarchy_review,project_owner_adjudication,approved
pos_indonesia_postcode_search,2026-08-11,32.01.22.2006,ARGAPURA,16668,https://kodepos.posindonesia.co.id/CariKodepos,"Exact village, district, city, and province match on Pos Indonesia.",accept_other,codex_pos_exact_hierarchy_review,project_owner_adjudication,approved
pos_indonesia_postcode_search,2026-08-11,32.01.22.2007,BANGUNJAYA,16668,https://kodepos.posindonesia.co.id/CariKodepos,"Exact village, district, city, and province match on Pos Indonesia.",accept_other,codex_pos_exact_hierarchy_review,project_owner_adjudication,approved
pos_indonesia_postcode_search,2026-08-11,32.01.22.2008,RENGASJAJAR,16667,https://kodepos.posindonesia.co.id/CariKodepos,"Exact village, district, city, and province match on Pos Indonesia.",accept_other,codex_pos_exact_hierarchy_review,project_owner_adjudication,approved
pos_indonesia_postcode_search,2026-08-11,32.01.22.2010,WARGAJAYA,16665,https://kodepos.posindonesia.co.id/CariKodepos,"Exact village, district, city, and province match on Pos Indonesia.",accept_other,codex_pos_exact_hierarchy_review,project_owner_adjudication,approved
pos_indonesia_postcode_search,2026-08-11,32.01.22.2011,SUKARAKSA,16663,https://kodepos.posindonesia.co.id/CariKodepos,"Exact village, district, city, and province match on Pos Indonesia.",accept_other,codex_pos_exact_hierarchy_review,project_owner_adjudication,approved
pos_indonesia_postcode_search,2026-08-11,32.01.22.2014,MEKARJAYA,16668,https://kodepos.posindonesia.co.id/CariKodepos,"Exact village, district, city, and province match on Pos Indonesia.",accept_other,codex_pos_exact_hierarchy_review,project_owner_adjudication,approved
pos_indonesia_postcode_search,2026-08-11,32.01.22.2015,TEGALLEGA,16666,https://kodepos.posindonesia.co.id/CariKodepos,"Exact village, district, city, and province match on Pos Indonesia.",accept_other,codex_pos_exact_hierarchy_review,project_owner_adjudication,approved
pos_indonesia_postcode_search,2026-08-11,32.01.23.2001,TAPOS,16375,https://kodepos.posindonesia.co.id/CariKodepos,"Exact village, district, city, and province match on Pos Indonesia.",accept_other,codex_pos_exact_hierarchy_review,project_owner_adjudication,approved
pos_indonesia_postcode_search,2026-08-11,32.01.23.2002,CIOMAS,16376,https://kodepos.posindonesia.co.id/CariKodepos,"Exact village, district, city, and province match on Pos Indonesia.",accept_other,codex_pos_exact_hierarchy_review,project_owner_adjudication,approved
pos_indonesia_postcode_search,2026-08-11,32.01.23.2003,BATOK,16377,https://kodepos.posindonesia.co.id/CariKodepos,"Exact village, district, city, and province match on Pos Indonesia.",accept_other,codex_pos_exact_hierarchy_review,project_owner_adjudication,approved
pos_indonesia_postcode_search,2026-08-11,32.01.23.2004,BABAKAN,16374,https://kodepos.posindonesia.co.id/CariKodepos,"Exact village, district, city, and province match on Pos Indonesia.",accept_other,codex_pos_exact_hierarchy_review,project_owner_adjudication,approved
pos_indonesia_postcode_search,2026-08-11,32.01.23.2005,TENJO,16371,https://kodepos.posindonesia.co.id/CariKodepos,"Exact village, district, city, and province match on Pos Indonesia.",accept_other,codex_pos_exact_hierarchy_review,project_owner_adjudication,approved
pos_indonesia_postcode_search,2026-08-11,32.01.23.2006,CILAKU,16378,https://kodepos.posindonesia.co.id/CariKodepos,"Exact village, district, city, and province match on Pos Indonesia.",accept_other,codex_pos_exact_hierarchy_review,project_owner_adjudication,approved
pos_indonesia_postcode_search,2026-08-11,32.01.23.2007,SINGABRAJA,16372,https://kodepos.posindonesia.co.id/CariKodepos,"Exact village, district, city, and province match on Pos Indonesia.",accept_other,codex_pos_exact_hierarchy_review,project_owner_adjudication,approved
pos_indonesia_postcode_search,2026-08-11,32.01.23.2008,SINGABANGSA,16379,https://kodepos.posindonesia.co.id/CariKodepos,"Exact village, district, city, and province match on Pos Indonesia.",accept_other,codex_pos_exact_hierarchy_review,project_owner_adjudication,approved
pos_indonesia_postcode_search,2026-08-11,32.01.23.2009,BOJONG,16373,https://kodepos.posindonesia.co.id/CariKodepos,"Exact village, district, city, and province match on Pos Indonesia.",accept_other,codex_pos_exact_hierarchy_review,project_owner_adjudication,approved
pos_indonesia_postcode_search,2026-08-11,32.01.24.2001,CILEUNGSI,16725,https://kodepos.posindonesia.co.id/CariKodepos,"Exact village, district, city, and province match on Pos Indonesia.",accept_other,codex_pos_exact_hierarchy_review,project_owner_adjudication,approved
pos_indonesia_postcode_search,2026-08-11,32.01.24.2002,CITAPEN,16725,https://kodepos.posindonesia.co.id/CariKodepos,"Exact village, district, city, and province match on Pos Indonesia.",accept_other,codex_pos_exact_hierarchy_review,project_owner_adjudication,approved
pos_indonesia_postcode_search,2026-08-11,32.01.24.2003,CIBEDUG,16726,https://kodepos.posindonesia.co.id/CariKodepos,"Exact village, district, city, and province match on Pos Indonesia.",accept_other,codex_pos_exact_hierarchy_review,project_owner_adjudication,approved
pos_indonesia_postcode_search,2026-08-11,32.01.24.2004,JAMBULUWUK,16726,https://kodepos.posindonesia.co.id/CariKodepos,"Exact village, district, city, and province match on Pos Indonesia.",accept_other,codex_pos_exact_hierarchy_review,project_owner_adjudication,approved
pos_indonesia_postcode_search,2026-08-11,32.01.24.2006,TELUK PINANG,16722,https://kodepos.posindonesia.co.id/CariKodepos,"Exact village, district, city, and province match on Pos Indonesia.",accept_other,codex_pos_exact_hierarchy_review,project_owner_adjudication,approved
pos_indonesia_postcode_search,2026-08-11,32.01.24.2007,BANJAR WARU,16723,https://kodepos.posindonesia.co.id/CariKodepos,"Exact village, district, city, and province match on Pos Indonesia.",accept_other,codex_pos_exact_hierarchy_review,project_owner_adjudication,approved
pos_indonesia_postcode_search,2026-08-11,32.01.24.2008,BENDUNGAN,16727,https://kodepos.posindonesia.co.id/CariKodepos,"Exact village, district, city, and province match on Pos Indonesia.",accept_other,codex_pos_exact_hierarchy_review,project_owner_adjudication,approved
pos_indonesia_postcode_search,2026-08-11,32.01.24.2009,PANDAN SARI,16728,https://kodepos.posindonesia.co.id/CariKodepos,"Exact village, district, city, and province match on Pos Indonesia.",accept_other,codex_pos_exact_hierarchy_review,project_owner_adjudication,approved
pos_indonesia_postcode_search,2026-08-11,32.01.24.2010,BOJONG MURNI,16729,https://kodepos.posindonesia.co.id/CariKodepos,"Exact village, district, city, and province match on Pos Indonesia.",accept_other,codex_pos_exact_hierarchy_review,project_owner_adjudication,approved
pos_indonesia_postcode_search,2026-08-11,32.01.24.2011,BANJAR WANGI,16723,https://kodepos.posindonesia.co.id/CariKodepos,"Exact village, district, city, and province match on Pos Indonesia.",accept_other,codex_pos_exact_hierarchy_review,project_owner_adjudication,approved
pos_indonesia_postcode_search,2026-08-11,32.01.24.2013,BITUNGSARI,16724,https://kodepos.posindonesia.co.id/CariKodepos,"Exact village, district, city, and province match on Pos Indonesia.",accept_other,codex_pos_exact_hierarchy_review,project_owner_adjudication,approved
pos_indonesia_postcode_search,2026-08-11,32.01.25.2001,BATULAYANG,16755,https://kodepos.posindonesia.co.id/CariKodepos,"Exact village, district, city, and province match on Pos Indonesia.",accept_other,codex_pos_exact_hierarchy_review,project_owner_adjudication,approved
pos_indonesia_postcode_search,2026-08-11,32.01.25.2002,JOGJOGAN,16756,https://kodepos.posindonesia.co.id/CariKodepos,"Exact village, district, city, and province match on Pos Indonesia.",accept_other,codex_pos_exact_hierarchy_review,project_owner_adjudication,approved
pos_indonesia_postcode_search,2026-08-11,32.01.25.2003,CIBEUREUM,16753,https://kodepos.posindonesia.co.id/CariKodepos,"Exact village, district, city, and province match on Pos Indonesia.",accept_other,codex_pos_exact_hierarchy_review,project_owner_adjudication,approved
pos_indonesia_postcode_search,2026-08-11,32.01.25.2004,CILEMBER,16757,https://kodepos.posindonesia.co.id/CariKodepos,"Exact village, district, city, and province match on Pos Indonesia.",accept_other,codex_pos_exact_hierarchy_review,project_owner_adjudication,approved
pos_indonesia_postcode_search,2026-08-11,32.01.25.2005,CITEKO,16752,https://kodepos.posindonesia.co.id/CariKodepos,"Exact village, district, city, and province match on Pos Indonesia.",accept_other,codex_pos_exact_hierarchy_review,project_owner_adjudication,approved
pos_indonesia_postcode_search,2026-08-11,32.01.25.2006,TUGU SELATAN,16754,https://kodepos.posindonesia.co.id/CariKodepos,"Exact village, district, city, and province match on Pos Indonesia.",accept_other,codex_pos_exact_hierarchy_review,project_owner_adjudication,approved
pos_indonesia_postcode_search,2026-08-11,32.01.25.2007,LEUWIMALANG,16751,https://kodepos.posindonesia.co.id/CariKodepos,"Exact village, district, city, and province match on Pos Indonesia.",accept_other,codex_pos_exact_hierarchy_review,project_owner_adjudication,approved
pos_indonesia_postcode_search,2026-08-11,32.01.25.2008,KOPO,16758,https://kodepos.posindonesia.co.id/CariKodepos,"Exact village, district, city, and province match on Pos Indonesia.",accept_other,codex_pos_exact_hierarchy_review,project_owner_adjudication,approved
pos_indonesia_postcode_search,2026-08-11,32.01.25.2009,TUGU UTARA,16754,https://kodepos.posindonesia.co.id/CariKodepos,"Exact village, district, city, and province match on Pos Indonesia.",accept_other,codex_pos_exact_hierarchy_review,project_owner_adjudication,approved
pos_indonesia_postcode_search,2026-08-11,32.01.26.2001,SUKAMAJU,16775,https://kodepos.posindonesia.co.id/CariKodepos,"Exact village, district, city, and province match on Pos Indonesia.",accept_other,codex_pos_exact_hierarchy_review,project_owner_adjudication,approved
pos_indonesia_postcode_search,2026-08-11,32.01.26.2002,KUTA,16779,https://kodepos.posindonesia.co.id/CariKodepos,"Exact village, district, city, and province match on Pos Indonesia.",accept_other,codex_pos_exact_hierarchy_review,project_owner_adjudication,approved
pos_indonesia_postcode_search,2026-08-11,32.01.26.2003,GADOG,16773,https://kodepos.posindonesia.co.id/CariKodepos,"Exact village, district, city, and province match on Pos Indonesia.",accept_other,codex_pos_exact_hierarchy_review,project_owner_adjudication,approved
pos_indonesia_postcode_search,2026-08-11,32.01.26.2004,SUKAKARYA,16774,https://kodepos.posindonesia.co.id/CariKodepos,"Exact village, district, city, and province match on Pos Indonesia.",accept_other,codex_pos_exact_hierarchy_review,project_owner_adjudication,approved
pos_indonesia_postcode_search,2026-08-11,32.01.26.2005,MEGAMENDUNG,16771,https://kodepos.posindonesia.co.id/CariKodepos,"Exact village, district, city, and province match on Pos Indonesia.",accept_other,codex_pos_exact_hierarchy_review,project_owner_adjudication,approved
pos_indonesia_postcode_search,2026-08-11,32.01.26.2007,SUKAMANAH,16777,https://kodepos.posindonesia.co.id/CariKodepos,"Exact village, district, city, and province match on Pos Indonesia.",accept_other,codex_pos_exact_hierarchy_review,project_owner_adjudication,approved
pos_indonesia_postcode_search,2026-08-11,32.01.26.2008,SUKAGALIH,16776,https://kodepos.posindonesia.co.id/CariKodepos,"Exact village, district, city, and province match on Pos Indonesia.",accept_other,codex_pos_exact_hierarchy_review,project_owner_adjudication,approved
pos_indonesia_postcode_search,2026-08-11,32.01.26.2009,CIPAYUNG GIRANG,16772,https://kodepos.posindonesia.co.id/CariKodepos,"Exact village, district, city, and province match on Pos Indonesia.",accept_other,codex_pos_exact_hierarchy_review,project_owner_adjudication,approved
pos_indonesia_postcode_search,2026-08-11,32.01.26.2010,SUKAMAHI,16774,https://kodepos.posindonesia.co.id/CariKodepos,"Exact village, district, city, and province match on Pos Indonesia.",accept_other,codex_pos_exact_hierarchy_review,project_owner_adjudication,approved
pos_indonesia_postcode_search,2026-08-11,32.01.26.2011,SUKARESMI,16778,https://kodepos.posindonesia.co.id/CariKodepos,"Exact village, district, city, and province match on Pos Indonesia.",accept_other,codex_pos_exact_hierarchy_review,project_owner_adjudication,approved
pos_indonesia_postcode_search,2026-08-11,32.01.26.2012,PASIR ANGIN,16772,https://kodepos.posindonesia.co.id/CariKodepos,"Exact village, district, city, and province match on Pos Indonesia.",accept_other,codex_pos_exact_hierarchy_review,project_owner_adjudication,approved
pos_indonesia_postcode_search,2026-08-11,32.01.27.2001,PASIR MUNCANG,16733,https://kodepos.posindonesia.co.id/CariKodepos,"Exact village, district, city, and province match on Pos Indonesia.",accept_other,codex_pos_exact_hierarchy_review,project_owner_adjudication,approved
pos_indonesia_postcode_search,2026-08-11,32.01.27.2002,CIMANDE HILIR,16731,https://kodepos.posindonesia.co.id/CariKodepos,"Exact village, district, city, and province match on Pos Indonesia.",accept_other,codex_pos_exact_hierarchy_review,project_owner_adjudication,approved
pos_indonesia_postcode_search,2026-08-11,32.01.27.2003,CIDERUM,16737,https://kodepos.posindonesia.co.id/CariKodepos,"Exact village, district, city, and province match on Pos Indonesia.",accept_other,codex_pos_exact_hierarchy_review,project_owner_adjudication,approved
pos_indonesia_postcode_search,2026-08-11,32.01.27.2005,CIHERANG PONDOK,16738,https://kodepos.posindonesia.co.id/CariKodepos,"Exact village, district, city, and province match on Pos Indonesia.",accept_other,codex_pos_exact_hierarchy_review,project_owner_adjudication,approved
pos_indonesia_postcode_search,2026-08-11,32.01.27.2006,CINAGARA,16734,https://kodepos.posindonesia.co.id/CariKodepos,"Exact village, district, city, and province match on Pos Indonesia.",accept_other,codex_pos_exact_hierarchy_review,project_owner_adjudication,approved
pos_indonesia_postcode_search,2026-08-11,32.01.27.2007,CIMANDE,16736,https://kodepos.posindonesia.co.id/CariKodepos,"Exact village, district, city, and province match on Pos Indonesia.",accept_other,codex_pos_exact_hierarchy_review,project_owner_adjudication,approved
pos_indonesia_postcode_search,2026-08-11,32.01.27.2008,PANCAWATI,16736,https://kodepos.posindonesia.co.id/CariKodepos,"Exact village, district, city, and province match on Pos Indonesia.",accept_other,codex_pos_exact_hierarchy_review,project_owner_adjudication,approved
pos_indonesia_postcode_search,2026-08-11,32.01.27.2010,BASIR BUNCIR,16735,https://kodepos.posindonesia.co.id/CariKodepos,"Exact village, district, city, and province match on Pos Indonesia.",accept_other,codex_pos_exact_hierarchy_review,project_owner_adjudication,approved
pos_indonesia_postcode_search,2026-08-11,32.01.27.2011,LEMAH DUHUR,16737,https://kodepos.posindonesia.co.id/CariKodepos,"Exact village, district, city, and province match on Pos Indonesia.",accept_other,codex_pos_exact_hierarchy_review,project_owner_adjudication,approved
pos_indonesia_postcode_search,2026-08-11,32.01.27.2012,TANGKIL,16737,https://kodepos.posindonesia.co.id/CariKodepos,"Exact village, district, city, and province match on Pos Indonesia.",accept_other,codex_pos_exact_hierarchy_review,project_owner_adjudication,approved
pos_indonesia_postcode_search,2026-08-11,32.01.28.2001,CIJERUK,16782,https://kodepos.posindonesia.co.id/CariKodepos,"Exact village, district, city, and province match on Pos Indonesia.",accept_other,codex_pos_exact_hierarchy_review,project_owner_adjudication,approved
pos_indonesia_postcode_search,2026-08-11,32.01.28.2002,CIPELANG,16781,https://kodepos.posindonesia.co.id/CariKodepos,"Exact village, district, city, and province match on Pos Indonesia.",accept_other,codex_pos_exact_hierarchy_review,project_owner_adjudication,approved
pos_indonesia_postcode_search,2026-08-11,32.01.28.2003,WARUNG MENTENG,16783,https://kodepos.posindonesia.co.id/CariKodepos,"Exact village, district, city, and province match on Pos Indonesia.",accept_other,codex_pos_exact_hierarchy_review,project_owner_adjudication,approved
pos_indonesia_postcode_search,2026-08-11,32.01.28.2004,TAJUR HALANG,16788,https://kodepos.posindonesia.co.id/CariKodepos,"Exact village, district, city, and province match on Pos Indonesia.",accept_other,codex_pos_exact_hierarchy_review,project_owner_adjudication,approved
pos_indonesia_postcode_search,2026-08-11,32.01.28.2005,CIPICUNG,16785,https://kodepos.posindonesia.co.id/CariKodepos,"Exact village, district, city, and province match on Pos Indonesia.",accept_other,codex_pos_exact_hierarchy_review,project_owner_adjudication,approved
pos_indonesia_postcode_search,2026-08-11,32.01.28.2006,CIBALUNG,16784,https://kodepos.posindonesia.co.id/CariKodepos,"Exact village, district, city, and province match on Pos Indonesia.",accept_other,codex_pos_exact_hierarchy_review,project_owner_adjudication,approved
pos_indonesia_postcode_search,2026-08-11,32.01.28.2007,SUKAHARJA,16787,https://kodepos.posindonesia.co.id/CariKodepos,"Exact village, district, city, and province match on Pos Indonesia.",accept_other,codex_pos_exact_hierarchy_review,project_owner_adjudication,approved
pos_indonesia_postcode_search,2026-08-11,32.01.28.2008,PALASARI,16786,https://kodepos.posindonesia.co.id/CariKodepos,"Exact village, district, city, and province match on Pos Indonesia.",accept_other,codex_pos_exact_hierarchy_review,project_owner_adjudication,approved
pos_indonesia_postcode_search,2026-08-11,32.01.28.2009,TANJUNGSARI,16789,https://kodepos.posindonesia.co.id/CariKodepos,"Exact village, district, city, and province match on Pos Indonesia.",accept_other,codex_pos_exact_hierarchy_review,project_owner_adjudication,approved
pos_indonesia_postcode_search,2026-08-11,32.01.29.1003,PADASUKA,16611,https://kodepos.posindonesia.co.id/CariKodepos,"Exact village, district, city, and province match on Pos Indonesia.",accept_other,codex_pos_exact_hierarchy_review,project_owner_adjudication,approved
pos_indonesia_postcode_search,2026-08-11,32.01.29.2001,MEKARJAYA,16619,https://kodepos.posindonesia.co.id/CariKodepos,"Exact village, district, city, and province match on Pos Indonesia.",accept_other,codex_pos_exact_hierarchy_review,project_owner_adjudication,approved
pos_indonesia_postcode_search,2026-08-11,32.01.29.2002,SUKAHARJA,16615,https://kodepos.posindonesia.co.id/CariKodepos,"Exact village, district, city, and province match on Pos Indonesia.",accept_other,codex_pos_exact_hierarchy_review,project_owner_adjudication,approved
pos_indonesia_postcode_search,2026-08-11,32.01.29.2004,PARAKAN,16616,https://kodepos.posindonesia.co.id/CariKodepos,"Exact village, district, city, and province match on Pos Indonesia.",accept_other,codex_pos_exact_hierarchy_review,project_owner_adjudication,approved
pos_indonesia_postcode_search,2026-08-11,32.01.29.2005,CIOMAS,16612,https://kodepos.posindonesia.co.id/CariKodepos,"Exact village, district, city, and province match on Pos Indonesia.",accept_other,codex_pos_exact_hierarchy_review,project_owner_adjudication,approved
pos_indonesia_postcode_search,2026-08-11,32.01.29.2006,PAGELARAN,16617,https://kodepos.posindonesia.co.id/CariKodepos,"Exact village, district, city, and province match on Pos Indonesia.",accept_other,codex_pos_exact_hierarchy_review,project_owner_adjudication,approved
pos_indonesia_postcode_search,2026-08-11,32.01.29.2007,SUKAMAKMUR,16615,https://kodepos.posindonesia.co.id/CariKodepos,"Exact village, district, city, and province match on Pos Indonesia.",accept_other,codex_pos_exact_hierarchy_review,project_owner_adjudication,approved
pos_indonesia_postcode_search,2026-08-11,32.01.29.2008,CIAPUS,16614,https://kodepos.posindonesia.co.id/CariKodepos,"Exact village, district, city, and province match on Pos Indonesia.",accept_other,codex_pos_exact_hierarchy_review,project_owner_adjudication,approved
pos_indonesia_postcode_search,2026-08-11,32.01.29.2009,KOTA BATU,16618,https://kodepos.posindonesia.co.id/CariKodepos,"Exact village, district, city, and province match on Pos Indonesia.",accept_other,codex_pos_exact_hierarchy_review,project_owner_adjudication,approved
pos_indonesia_postcode_search,2026-08-11,32.01.29.2010,LALADON,16613,https://kodepos.posindonesia.co.id/CariKodepos,"Exact village, district, city, and province match on Pos Indonesia.",accept_other,codex_pos_exact_hierarchy_review,project_owner_adjudication,approved
pos_indonesia_postcode_search,2026-08-11,32.01.29.2011,CIOMAS RAHAYU,16612,https://kodepos.posindonesia.co.id/CariKodepos,"Exact village, district, city, and province match on Pos Indonesia.",accept_other,codex_pos_exact_hierarchy_review,project_owner_adjudication,approved
pos_indonesia_postcode_search,2026-08-11,32.01.30.2001,SUKADAMAI,16685,https://kodepos.posindonesia.co.id/CariKodepos,"Exact village, district, city, and province match on Pos Indonesia.",accept_other,codex_pos_exact_hierarchy_review,project_owner_adjudication,approved
pos_indonesia_postcode_search,2026-08-11,32.01.30.2002,CIHERANG,16687,https://kodepos.posindonesia.co.id/CariKodepos,"Exact village, district, city, and province match on Pos Indonesia.",accept_other,codex_pos_exact_hierarchy_review,project_owner_adjudication,approved
pos_indonesia_postcode_search,2026-08-11,32.01.30.2004,SUKAWENING,16686,https://kodepos.posindonesia.co.id/CariKodepos,"Exact village, district, city, and province match on Pos Indonesia.",accept_other,codex_pos_exact_hierarchy_review,project_owner_adjudication,approved
pos_indonesia_postcode_search,2026-08-11,32.01.30.2005,PETIR,16683,https://kodepos.posindonesia.co.id/CariKodepos,"Exact village, district, city, and province match on Pos Indonesia.",accept_other,codex_pos_exact_hierarchy_review,project_owner_adjudication,approved
pos_indonesia_postcode_search,2026-08-11,32.01.30.2006,PURWASARI,16684,https://kodepos.posindonesia.co.id/CariKodepos,"Exact village, district, city, and province match on Pos Indonesia.",accept_other,codex_pos_exact_hierarchy_review,project_owner_adjudication,approved
pos_indonesia_postcode_search,2026-08-11,32.01.30.2007,CIKARAWANG,16688,https://kodepos.posindonesia.co.id/CariKodepos,"Exact village, district, city, and province match on Pos Indonesia.",accept_other,codex_pos_exact_hierarchy_review,project_owner_adjudication,approved
pos_indonesia_postcode_search,2026-08-11,32.01.30.2008,BABAKAN,16689,https://kodepos.posindonesia.co.id/CariKodepos,"Exact village, district, city, and province match on Pos Indonesia.",accept_other,codex_pos_exact_hierarchy_review,project_owner_adjudication,approved
pos_indonesia_postcode_search,2026-08-11,32.01.30.2009,DRAMAGA,16681,https://kodepos.posindonesia.co.id/CariKodepos,"Exact village, district, city, and province match on Pos Indonesia.",accept_other,codex_pos_exact_hierarchy_review,project_owner_adjudication,approved
pos_indonesia_postcode_search,2026-08-11,32.01.30.2010,NEGLASARI,16682,https://kodepos.posindonesia.co.id/CariKodepos,"Exact village, district, city, and province match on Pos Indonesia.",accept_other,codex_pos_exact_hierarchy_review,project_owner_adjudication,approved
pos_indonesia_postcode_search,2026-08-11,32.01.33.2001,PUTAT NUTUG,16384,https://kodepos.posindonesia.co.id/CariKodepos,"Exact village, district, city, and province match on Pos Indonesia.",accept_other,codex_pos_exact_hierarchy_review,project_owner_adjudication,approved
pos_indonesia_postcode_search,2026-08-11,32.01.33.2002,CISEENG,16387,https://kodepos.posindonesia.co.id/CariKodepos,"Exact village, district, city, and province match on Pos Indonesia.",accept_other,codex_pos_exact_hierarchy_review,project_owner_adjudication,approved
pos_indonesia_postcode_search,2026-08-11,32.01.33.2003,PARIGI MEKAR,16388,https://kodepos.posindonesia.co.id/CariKodepos,"Exact village, district, city, and province match on Pos Indonesia.",accept_other,codex_pos_exact_hierarchy_review,project_owner_adjudication,approved
pos_indonesia_postcode_search,2026-08-11,32.01.33.2004,CIBENTANG,16381,https://kodepos.posindonesia.co.id/CariKodepos,"Exact village, district, city, and province match on Pos Indonesia.",accept_other,codex_pos_exact_hierarchy_review,project_owner_adjudication,approved
pos_indonesia_postcode_search,2026-08-11,32.01.33.2005,CIBEUTEUNG UDIK,16383,https://kodepos.posindonesia.co.id/CariKodepos,"Exact village, district, city, and province match on Pos Indonesia.",accept_other,codex_pos_exact_hierarchy_review,project_owner_adjudication,approved
pos_indonesia_postcode_search,2026-08-11,32.01.33.2006,KARIHKIL,16385,https://kodepos.posindonesia.co.id/CariKodepos,"Exact village, district, city, and province match on Pos Indonesia.",accept_other,codex_pos_exact_hierarchy_review,project_owner_adjudication,approved
pos_indonesia_postcode_search,2026-08-11,32.01.33.2007,BABAKAN,16386,https://kodepos.posindonesia.co.id/CariKodepos,"Exact village, district, city, and province match on Pos Indonesia.",accept_other,codex_pos_exact_hierarchy_review,project_owner_adjudication,approved
pos_indonesia_postcode_search,2026-08-11,32.01.33.2009,CIBEUTEUNG MUARA,16383,https://kodepos.posindonesia.co.id/CariKodepos,"Exact village, district, city, and province match on Pos Indonesia.",accept_other,codex_pos_exact_hierarchy_review,project_owner_adjudication,approved
pos_indonesia_postcode_search,2026-08-11,32.01.33.2010,KURIPAN,16382,https://kodepos.posindonesia.co.id/CariKodepos,"Exact village, district, city, and province match on Pos Indonesia.",accept_other,codex_pos_exact_hierarchy_review,project_owner_adjudication,approved
pos_indonesia_postcode_search,2026-08-11,32.01.38.2001,CIGOMBONG,16741,https://kodepos.posindonesia.co.id/CariKodepos,"Exact village, district, city, and province match on Pos Indonesia.",accept_other,codex_pos_exact_hierarchy_review,project_owner_adjudication,approved
pos_indonesia_postcode_search,2026-08-11,32.01.38.2002,WATESJAYA,16742,https://kodepos.posindonesia.co.id/CariKodepos,"Exact village, district, city, and province match on Pos Indonesia.",accept_other,codex_pos_exact_hierarchy_review,project_owner_adjudication,approved
pos_indonesia_postcode_search,2026-08-11,32.01.38.2003,CIBURUY,16745,https://kodepos.posindonesia.co.id/CariKodepos,"Exact village, district, city, and province match on Pos Indonesia.",accept_other,codex_pos_exact_hierarchy_review,project_owner_adjudication,approved
pos_indonesia_postcode_search,2026-08-11,32.01.38.2004,SROGOL,16743,https://kodepos.posindonesia.co.id/CariKodepos,"Exact village, district, city, and province match on Pos Indonesia.",accept_other,codex_pos_exact_hierarchy_review,project_owner_adjudication,approved
pos_indonesia_postcode_search,2026-08-11,32.01.38.2005,CISALADA,16748,https://kodepos.posindonesia.co.id/CariKodepos,"Exact village, district, city, and province match on Pos Indonesia.",accept_other,codex_pos_exact_hierarchy_review,project_owner_adjudication,approved
pos_indonesia_postcode_search,2026-08-11,32.01.38.2008,CIBURAYUT,16746,https://kodepos.posindonesia.co.id/CariKodepos,"Exact village, district, city, and province match on Pos Indonesia.",accept_other,codex_pos_exact_hierarchy_review,project_owner_adjudication,approved
pos_indonesia_postcode_search,2026-08-11,32.01.38.2009,CIADEG,16744,https://kodepos.posindonesia.co.id/CariKodepos,"Exact village, district, city, and province match on Pos Indonesia.",accept_other,codex_pos_exact_hierarchy_review,project_owner_adjudication,approved
pos_indonesia_postcode_search,2026-08-11,32.02.03.2004,SUKAMAJU,43365,https://kodepos.posindonesia.co.id/CariKodepos,"Exact village, district, city, and province match on Pos Indonesia.",accept_suggested,codex_pos_exact_hierarchy_review,project_owner_adjudication,approved
pos_indonesia_postcode_search,2026-08-11,32.02.07.2001,LENGKONG,43374,https://kodepos.posindonesia.co.id/CariKodepos,"Exact village, district, city, and province match on Pos Indonesia.",accept_other,codex_pos_exact_hierarchy_review,project_owner_adjudication,approved
pos_indonesia_postcode_search,2026-08-11,32.02.07.2002,CILANGKAP,43374,https://kodepos.posindonesia.co.id/CariKodepos,"Exact village, district, city, and province match on Pos Indonesia.",accept_other,codex_pos_exact_hierarchy_review,project_owner_adjudication,approved
pos_indonesia_postcode_search,2026-08-11,32.02.07.2003,TEGALLEGA,43374,https://kodepos.posindonesia.co.id/CariKodepos,"Exact village, district, city, and province match on Pos Indonesia.",accept_other,codex_pos_exact_hierarchy_review,project_owner_adjudication,approved
pos_indonesia_postcode_search,2026-08-11,32.02.07.2004,NEGLASARI,43374,https://kodepos.posindonesia.co.id/CariKodepos,"Exact village, district, city, and province match on Pos Indonesia.",accept_other,codex_pos_exact_hierarchy_review,project_owner_adjudication,approved
pos_indonesia_postcode_search,2026-08-11,32.02.07.2005,LANGKAPJAYA,43374,https://kodepos.posindonesia.co.id/CariKodepos,"Exact village, district, city, and province match on Pos Indonesia.",accept_other,codex_pos_exact_hierarchy_review,project_owner_adjudication,approved
pos_indonesia_postcode_search,2026-08-11,32.02.08.2001,JAMPANGTENGAH,43371,https://kodepos.posindonesia.co.id/CariKodepos,"Exact village, district, city, and province match on Pos Indonesia.",accept_other,codex_pos_exact_hierarchy_review,project_owner_adjudication,approved
pos_indonesia_postcode_search,2026-08-11,32.02.08.2002,PADABEUNGHAR,43371,https://kodepos.posindonesia.co.id/CariKodepos,"Exact village, district, city, and province match on Pos Indonesia.",accept_other,codex_pos_exact_hierarchy_review,project_owner_adjudication,approved
pos_indonesia_postcode_search,2026-08-11,32.02.08.2003,BANTARPANJANG,43371,https://kodepos.posindonesia.co.id/CariKodepos,"Exact village, district, city, and province match on Pos Indonesia.",accept_other,codex_pos_exact_hierarchy_review,project_owner_adjudication,approved
pos_indonesia_postcode_search,2026-08-11,32.02.08.2004,BOJONGJENGKOL,43371,https://kodepos.posindonesia.co.id/CariKodepos,"Exact village, district, city, and province match on Pos Indonesia.",accept_other,codex_pos_exact_hierarchy_review,project_owner_adjudication,approved
pos_indonesia_postcode_search,2026-08-11,32.02.08.2005,NANGERANG,43371,https://kodepos.posindonesia.co.id/CariKodepos,"Exact village, district, city, and province match on Pos Indonesia.",accept_other,codex_pos_exact_hierarchy_review,project_owner_adjudication,approved
pos_indonesia_postcode_search,2026-08-11,32.02.08.2006,TANJUNGSARI,43371,https://kodepos.posindonesia.co.id/CariKodepos,"Exact village, district, city, and province match on Pos Indonesia.",accept_other,codex_pos_exact_hierarchy_review,project_owner_adjudication,approved
pos_indonesia_postcode_search,2026-08-11,32.02.08.2007,SINDANGRESMI,43371,https://kodepos.posindonesia.co.id/CariKodepos,"Exact village, district, city, and province match on Pos Indonesia.",accept_other,codex_pos_exact_hierarchy_review,project_owner_adjudication,approved
pos_indonesia_postcode_search,2026-08-11,32.02.08.2008,PANUMBANGAN,43371,https://kodepos.posindonesia.co.id/CariKodepos,"Exact village, district, city, and province match on Pos Indonesia.",accept_other,codex_pos_exact_hierarchy_review,project_owner_adjudication,approved
pos_indonesia_postcode_search,2026-08-11,32.02.08.2009,CIJULANG,43371,https://kodepos.posindonesia.co.id/CariKodepos,"Exact village, district, city, and province match on Pos Indonesia.",accept_other,codex_pos_exact_hierarchy_review,project_owner_adjudication,approved
pos_indonesia_postcode_search,2026-08-11,32.02.08.2010,BANTARAGUNG,43371,https://kodepos.posindonesia.co.id/CariKodepos,"Exact village, district, city, and province match on Pos Indonesia.",accept_other,codex_pos_exact_hierarchy_review,project_owner_adjudication,approved
pos_indonesia_postcode_search,2026-08-11,32.02.08.2011,BOJONGTIPAR,43371,https://kodepos.posindonesia.co.id/CariKodepos,"Exact village, district, city, and province match on Pos Indonesia.",accept_other,codex_pos_exact_hierarchy_review,project_owner_adjudication,approved
pos_indonesia_postcode_search,2026-08-11,32.02.10.2001,CIKEMBAR,43347,https://kodepos.posindonesia.co.id/CariKodepos,"Exact village, district, city, and province match on Pos Indonesia.",accept_other,codex_pos_exact_hierarchy_review,project_owner_adjudication,approved
pos_indonesia_postcode_search,2026-08-11,32.02.10.2002,PARAKANLIMA,43347,https://kodepos.posindonesia.co.id/CariKodepos,"Exact village, district, city, and province match on Pos Indonesia.",accept_other,codex_pos_exact_hierarchy_review,project_owner_adjudication,approved
pos_indonesia_postcode_search,2026-08-11,32.02.10.2003,BOJONG,43347,https://kodepos.posindonesia.co.id/CariKodepos,"Exact village, district, city, and province match on Pos Indonesia.",accept_other,codex_pos_exact_hierarchy_review,project_owner_adjudication,approved
pos_indonesia_postcode_search,2026-08-11,32.02.10.2004,CIMANGGU,43347,https://kodepos.posindonesia.co.id/CariKodepos,"Exact village, district, city, and province match on Pos Indonesia.",accept_other,codex_pos_exact_hierarchy_review,project_owner_adjudication,approved
pos_indonesia_postcode_search,2026-08-11,32.02.10.2005,BOJONGKEMBAR,43347,https://kodepos.posindonesia.co.id/CariKodepos,"Exact village, district, city, and province match on Pos Indonesia.",accept_other,codex_pos_exact_hierarchy_review,project_owner_adjudication,approved
pos_indonesia_postcode_search,2026-08-11,32.02.10.2006,SUKAMAJU,43347,https://kodepos.posindonesia.co.id/CariKodepos,"Exact village, district, city, and province match on Pos Indonesia.",accept_other,codex_pos_exact_hierarchy_review,project_owner_adjudication,approved
pos_indonesia_postcode_search,2026-08-11,32.02.10.2007,CIBATU,43347,https://kodepos.posindonesia.co.id/CariKodepos,"Exact village, district, city, and province match on Pos Indonesia.",accept_other,codex_pos_exact_hierarchy_review,project_owner_adjudication,approved
pos_indonesia_postcode_search,2026-08-11,32.02.10.2008,KERTARAHARJA,43347,https://kodepos.posindonesia.co.id/CariKodepos,"Exact village, district, city, and province match on Pos Indonesia.",accept_other,codex_pos_exact_hierarchy_review,project_owner_adjudication,approved
pos_indonesia_postcode_search,2026-08-11,32.02.10.2009,SUKAMULYA,43347,https://kodepos.posindonesia.co.id/CariKodepos,"Exact village, district, city, and province match on Pos Indonesia.",accept_other,codex_pos_exact_hierarchy_review,project_owner_adjudication,approved
pos_indonesia_postcode_search,2026-08-11,32.02.10.2010,BOJONGRAHARJA,43347,https://kodepos.posindonesia.co.id/CariKodepos,"Exact village, district, city, and province match on Pos Indonesia.",accept_other,codex_pos_exact_hierarchy_review,project_owner_adjudication,approved
pos_indonesia_postcode_search,2026-08-11,32.02.11.1001,CIBADAK,43351,https://kodepos.posindonesia.co.id/CariKodepos,"Exact village, district, city, and province match on Pos Indonesia.",accept_suggested,codex_pos_exact_hierarchy_review,project_owner_adjudication,approved
pos_indonesia_postcode_search,2026-08-11,32.02.11.2005,NEGLASARI,43351,https://kodepos.posindonesia.co.id/CariKodepos,"Exact village, district, city, and province match on Pos Indonesia.",accept_suggested,codex_pos_exact_hierarchy_review,project_owner_adjudication,approved
pos_indonesia_postcode_search,2026-08-11,32.02.11.2007,TENJOJAYA,43351,https://kodepos.posindonesia.co.id/CariKodepos,"Exact village, district, city, and province match on Pos Indonesia.",accept_suggested,codex_pos_exact_hierarchy_review,project_owner_adjudication,approved
pos_indonesia_postcode_search,2026-08-11,32.02.14.2004,CIPANENGAH,43353,https://kodepos.posindonesia.co.id/CariKodepos,"Exact village, district, city, and province match on Pos Indonesia.",accept_suggested,codex_pos_exact_hierarchy_review,project_owner_adjudication,approved
pos_indonesia_postcode_search,2026-08-11,32.02.16.2006,CISAAT,43359,https://kodepos.posindonesia.co.id/CariKodepos,"Exact village, district, city, and province match on Pos Indonesia.",accept_suggested,codex_pos_exact_hierarchy_review,project_owner_adjudication,approved
pos_indonesia_postcode_search,2026-08-11,32.02.16.2008,CARINGIN,43359,https://kodepos.posindonesia.co.id/CariKodepos,"Exact village, district, city, and province match on Pos Indonesia.",accept_suggested,codex_pos_exact_hierarchy_review,project_owner_adjudication,approved
pos_indonesia_postcode_search,2026-08-11,32.02.16.2011,MEKARSARI,43359,https://kodepos.posindonesia.co.id/CariKodepos,"Exact village, district, city, and province match on Pos Indonesia.",accept_suggested,codex_pos_exact_hierarchy_review,project_owner_adjudication,approved
pos_indonesia_postcode_search,2026-08-11,32.02.16.2012,BANGBAYANG,43359,https://kodepos.posindonesia.co.id/CariKodepos,"Exact village, district, city, and province match on Pos Indonesia.",accept_suggested,codex_pos_exact_hierarchy_review,project_owner_adjudication,approved
pos_indonesia_postcode_search,2026-08-11,32.02.17.2001,PONDOKASO TONGGOH,43358,https://kodepos.posindonesia.co.id/CariKodepos,"Exact village, district, city, and province match on Pos Indonesia.",accept_suggested,codex_pos_exact_hierarchy_review,project_owner_adjudication,approved
pos_indonesia_postcode_search,2026-08-11,32.02.17.2002,BABAKANPARI,43358,https://kodepos.posindonesia.co.id/CariKodepos,"Exact village, district, city, and province match on Pos Indonesia.",accept_suggested,codex_pos_exact_hierarchy_review,project_owner_adjudication,approved
pos_indonesia_postcode_search,2026-08-11,32.02.17.2003,PONDOKASO TENGAH,43358,https://kodepos.posindonesia.co.id/CariKodepos,"Exact village, district, city, and province match on Pos Indonesia.",accept_suggested,codex_pos_exact_hierarchy_review,project_owner_adjudication,approved
pos_indonesia_postcode_search,2026-08-11,32.02.17.2005,TANGKIL,43358,https://kodepos.posindonesia.co.id/CariKodepos,"Exact village, district, city, and province match on Pos Indonesia.",accept_suggested,codex_pos_exact_hierarchy_review,project_owner_adjudication,approved
pos_indonesia_postcode_search,2026-08-11,32.02.17.2006,JAYABAKTI,43358,https://kodepos.posindonesia.co.id/CariKodepos,"Exact village, district, city, and province match on Pos Indonesia.",accept_suggested,codex_pos_exact_hierarchy_review,project_owner_adjudication,approved
pos_indonesia_postcode_search,2026-08-11,32.02.17.2007,GIRIJAYA,43358,https://kodepos.posindonesia.co.id/CariKodepos,"Exact village, district, city, and province match on Pos Indonesia.",accept_suggested,codex_pos_exact_hierarchy_review,project_owner_adjudication,approved
pos_indonesia_postcode_search,2026-08-11,32.02.17.2008,PASIRDOTON,43358,https://kodepos.posindonesia.co.id/CariKodepos,"Exact village, district, city, and province match on Pos Indonesia.",accept_suggested,codex_pos_exact_hierarchy_review,project_owner_adjudication,approved
pos_indonesia_postcode_search,2026-08-11,32.02.20.2001,WALURAN,43375,https://kodepos.posindonesia.co.id/CariKodepos,"Exact village, district, city, and province match on Pos Indonesia.",accept_other,codex_pos_exact_hierarchy_review,project_owner_adjudication,approved
pos_indonesia_postcode_search,2026-08-11,32.02.20.2002,SUKAMUKTI,43375,https://kodepos.posindonesia.co.id/CariKodepos,"Exact village, district, city, and province match on Pos Indonesia.",accept_other,codex_pos_exact_hierarchy_review,project_owner_adjudication,approved
pos_indonesia_postcode_search,2026-08-11,32.02.20.2003,CARINGINNUNGGAL,43375,https://kodepos.posindonesia.co.id/CariKodepos,"Exact village, district, city, and province match on Pos Indonesia.",accept_other,codex_pos_exact_hierarchy_review,project_owner_adjudication,approved
pos_indonesia_postcode_search,2026-08-11,32.02.20.2004,MEKARMUKTI,43375,https://kodepos.posindonesia.co.id/CariKodepos,"Exact village, district, city, and province match on Pos Indonesia.",accept_other,codex_pos_exact_hierarchy_review,project_owner_adjudication,approved
pos_indonesia_postcode_search,2026-08-11,32.02.20.2006,WALURAN MANDIRI,43375,https://kodepos.posindonesia.co.id/CariKodepos,"Exact village, district, city, and province match on Pos Indonesia.",accept_other,codex_pos_exact_hierarchy_review,project_owner_adjudication,approved
pos_indonesia_postcode_search,2026-08-11,32.02.22.2001,CIEMAS,43377,https://kodepos.posindonesia.co.id/CariKodepos,"Exact village, district, city, and province match on Pos Indonesia.",accept_other,codex_pos_exact_hierarchy_review,project_owner_adjudication,approved
pos_indonesia_postcode_search,2026-08-11,32.02.22.2002,CIBENDA,43377,https://kodepos.posindonesia.co.id/CariKodepos,"Exact village, district, city, and province match on Pos Indonesia.",accept_other,codex_pos_exact_hierarchy_review,project_owner_adjudication,approved
pos_indonesia_postcode_search,2026-08-11,32.02.22.2003,CIWARU,43377,https://kodepos.posindonesia.co.id/CariKodepos,"Exact village, district, city, and province match on Pos Indonesia.",accept_other,codex_pos_exact_hierarchy_review,project_owner_adjudication,approved
pos_indonesia_postcode_search,2026-08-11,32.02.22.2004,MEKARJAYA,43377,https://kodepos.posindonesia.co.id/CariKodepos,"Exact village, district, city, and province match on Pos Indonesia.",accept_other,codex_pos_exact_hierarchy_review,project_owner_adjudication,approved
pos_indonesia_postcode_search,2026-08-11,32.02.22.2005,GIRIMUKTI,43377,https://kodepos.posindonesia.co.id/CariKodepos,"Exact village, district, city, and province match on Pos Indonesia.",accept_other,codex_pos_exact_hierarchy_review,project_owner_adjudication,approved
pos_indonesia_postcode_search,2026-08-11,32.02.22.2006,TAMANJAYA,43377,https://kodepos.posindonesia.co.id/CariKodepos,"Exact village, district, city, and province match on Pos Indonesia.",accept_other,codex_pos_exact_hierarchy_review,project_owner_adjudication,approved
pos_indonesia_postcode_search,2026-08-11,32.02.22.2007,MANDRAJAYA,43377,https://kodepos.posindonesia.co.id/CariKodepos,"Exact village, district, city, and province match on Pos Indonesia.",accept_other,codex_pos_exact_hierarchy_review,project_owner_adjudication,approved
pos_indonesia_postcode_search,2026-08-11,32.02.22.2009,MEKARSAKTI,43377,https://kodepos.posindonesia.co.id/CariKodepos,"Exact village, district, city, and province match on Pos Indonesia.",accept_other,codex_pos_exact_hierarchy_review,project_owner_adjudication,approved
pos_indonesia_postcode_search,2026-08-11,32.02.23.2001,KALIBUNDER,43385,https://kodepos.posindonesia.co.id/CariKodepos,"Exact village, district, city, and province match on Pos Indonesia.",accept_other,codex_pos_exact_hierarchy_review,project_owner_adjudication,approved
pos_indonesia_postcode_search,2026-08-11,32.02.23.2002,BOJONG,43385,https://kodepos.posindonesia.co.id/CariKodepos,"Exact village, district, city, and province match on Pos Indonesia.",accept_other,codex_pos_exact_hierarchy_review,project_owner_adjudication,approved
pos_indonesia_postcode_search,2026-08-11,32.02.23.2003,CIMAHPAR,43385,https://kodepos.posindonesia.co.id/CariKodepos,"Exact village, district, city, and province match on Pos Indonesia.",accept_other,codex_pos_exact_hierarchy_review,project_owner_adjudication,approved
pos_indonesia_postcode_search,2026-08-11,32.02.23.2004,SEKARSARI,43385,https://kodepos.posindonesia.co.id/CariKodepos,"Exact village, district, city, and province match on Pos Indonesia.",accept_other,codex_pos_exact_hierarchy_review,project_owner_adjudication,approved
pos_indonesia_postcode_search,2026-08-11,32.02.23.2005,SUKALUYU,43385,https://kodepos.posindonesia.co.id/CariKodepos,"Exact village, district, city, and province match on Pos Indonesia.",accept_other,codex_pos_exact_hierarchy_review,project_owner_adjudication,approved
pos_indonesia_postcode_search,2026-08-11,32.02.23.2006,BALEKAMBANG,43385,https://kodepos.posindonesia.co.id/CariKodepos,"Exact village, district, city, and province match on Pos Indonesia.",accept_other,codex_pos_exact_hierarchy_review,project_owner_adjudication,approved
pos_indonesia_postcode_search,2026-08-11,32.02.24.2001,JAGAMUKTI,43379,https://kodepos.posindonesia.co.id/CariKodepos,"Exact village, district, city, and province match on Pos Indonesia.",accept_other,codex_pos_exact_hierarchy_review,project_owner_adjudication,approved
pos_indonesia_postcode_search,2026-08-11,32.02.24.2002,CITANGLAR,43379,https://kodepos.posindonesia.co.id/CariKodepos,"Exact village, district, city, and province match on Pos Indonesia.",accept_other,codex_pos_exact_hierarchy_review,project_owner_adjudication,approved
pos_indonesia_postcode_search,2026-08-11,32.02.24.2003,WANASARI,43379,https://kodepos.posindonesia.co.id/CariKodepos,"Exact village, district, city, and province match on Pos Indonesia.",accept_other,codex_pos_exact_hierarchy_review,project_owner_adjudication,approved
pos_indonesia_postcode_search,2026-08-11,32.02.24.2005,SIRNASARI,43379,https://kodepos.posindonesia.co.id/CariKodepos,"Exact village, district, city, and province match on Pos Indonesia.",accept_other,codex_pos_exact_hierarchy_review,project_owner_adjudication,approved
pos_indonesia_postcode_search,2026-08-11,32.02.24.2006,KADALEMAN,43379,https://kodepos.posindonesia.co.id/CariKodepos,"Exact village, district, city, and province match on Pos Indonesia.",accept_other,codex_pos_exact_hierarchy_review,project_owner_adjudication,approved
pos_indonesia_postcode_search,2026-08-11,32.02.24.2007,GUNUNGSUNGGING,43379,https://kodepos.posindonesia.co.id/CariKodepos,"Exact village, district, city, and province match on Pos Indonesia.",accept_other,codex_pos_exact_hierarchy_review,project_owner_adjudication,approved
pos_indonesia_postcode_search,2026-08-11,32.02.24.2008,CIPEUNDEUY,43379,https://kodepos.posindonesia.co.id/CariKodepos,"Exact village, district, city, and province match on Pos Indonesia.",accept_other,codex_pos_exact_hierarchy_review,project_owner_adjudication,approved
pos_indonesia_postcode_search,2026-08-11,32.02.24.2009,PASIRIPIS,43379,https://kodepos.posindonesia.co.id/CariKodepos,"Exact village, district, city, and province match on Pos Indonesia.",accept_other,codex_pos_exact_hierarchy_review,project_owner_adjudication,approved
pos_indonesia_postcode_search,2026-08-11,32.02.24.2010,BUNIWANGI,43379,https://kodepos.posindonesia.co.id/CariKodepos,"Exact village, district, city, and province match on Pos Indonesia.",accept_other,codex_pos_exact_hierarchy_review,project_owner_adjudication,approved
pos_indonesia_postcode_search,2026-08-11,32.02.24.2011,SUKATANI,43379,https://kodepos.posindonesia.co.id/CariKodepos,"Exact village, district, city, and province match on Pos Indonesia.",accept_other,codex_pos_exact_hierarchy_review,project_owner_adjudication,approved
pos_indonesia_postcode_search,2026-08-11,32.02.24.2012,KADEMANGAN,43379,https://kodepos.posindonesia.co.id/CariKodepos,"Exact village, district, city, and province match on Pos Indonesia.",accept_other,codex_pos_exact_hierarchy_review,project_owner_adjudication,approved
pos_indonesia_postcode_search,2026-08-11,32.02.25.2001,TALAGAMURNI,43372,https://kodepos.posindonesia.co.id/CariKodepos,"Exact village, district, city, and province match on Pos Indonesia.",accept_other,codex_pos_exact_hierarchy_review,project_owner_adjudication,approved
pos_indonesia_postcode_search,2026-08-11,32.02.25.2002,BANYUMURNI,43372,https://kodepos.posindonesia.co.id/CariKodepos,"Exact village, district, city, and province match on Pos Indonesia.",accept_other,codex_pos_exact_hierarchy_review,project_owner_adjudication,approved
pos_indonesia_postcode_search,2026-08-11,32.02.25.2003,CIBITUNG,43372,https://kodepos.posindonesia.co.id/CariKodepos,"Exact village, district, city, and province match on Pos Indonesia.",accept_other,codex_pos_exact_hierarchy_review,project_owner_adjudication,approved
pos_indonesia_postcode_search,2026-08-11,32.02.25.2004,CIDAHU,43372,https://kodepos.posindonesia.co.id/CariKodepos,"Exact village, district, city, and province match on Pos Indonesia.",accept_other,codex_pos_exact_hierarchy_review,project_owner_adjudication,approved
pos_indonesia_postcode_search,2026-08-11,32.02.25.2005,CIBODAS,43372,https://kodepos.posindonesia.co.id/CariKodepos,"Exact village, district, city, and province match on Pos Indonesia.",accept_other,codex_pos_exact_hierarchy_review,project_owner_adjudication,approved
pos_indonesia_postcode_search,2026-08-11,32.02.25.2006,BANYUWANGI,43372,https://kodepos.posindonesia.co.id/CariKodepos,"Exact village, district, city, and province match on Pos Indonesia.",accept_other,codex_pos_exact_hierarchy_review,project_owner_adjudication,approved
pos_indonesia_postcode_search,2026-08-11,32.02.26.2001,CIRACAP,43376,https://kodepos.posindonesia.co.id/CariKodepos,"Exact village, district, city, and province match on Pos Indonesia.",accept_other,codex_pos_exact_hierarchy_review,project_owner_adjudication,approved
pos_indonesia_postcode_search,2026-08-11,32.02.26.2002,CIKANGKUNG,43376,https://kodepos.posindonesia.co.id/CariKodepos,"Exact village, district, city, and province match on Pos Indonesia.",accept_other,codex_pos_exact_hierarchy_review,project_owner_adjudication,approved
pos_indonesia_postcode_search,2026-08-11,32.02.26.2003,GUNUNGBATU,43376,https://kodepos.posindonesia.co.id/CariKodepos,"Exact village, district, city, and province match on Pos Indonesia.",accept_other,codex_pos_exact_hierarchy_review,project_owner_adjudication,approved
pos_indonesia_postcode_search,2026-08-11,32.02.26.2004,PURWASEDAR,43376,https://kodepos.posindonesia.co.id/CariKodepos,"Exact village, district, city, and province match on Pos Indonesia.",accept_other,codex_pos_exact_hierarchy_review,project_owner_adjudication,approved
pos_indonesia_postcode_search,2026-08-11,32.02.26.2005,PASIRPANJANG,43376,https://kodepos.posindonesia.co.id/CariKodepos,"Exact village, district, city, and province match on Pos Indonesia.",accept_other,codex_pos_exact_hierarchy_review,project_owner_adjudication,approved
pos_indonesia_postcode_search,2026-08-11,32.02.26.2006,MEKARSARI,43376,https://kodepos.posindonesia.co.id/CariKodepos,"Exact village, district, city, and province match on Pos Indonesia.",accept_other,codex_pos_exact_hierarchy_review,project_owner_adjudication,approved
pos_indonesia_postcode_search,2026-08-11,32.02.28.2001,CICANTAYAN,43353,https://kodepos.posindonesia.co.id/CariKodepos,"Exact village, district, city, and province match on Pos Indonesia.",accept_other,codex_pos_exact_hierarchy_review,project_owner_adjudication,approved
pos_indonesia_postcode_search,2026-08-11,32.02.28.2002,LEMBURSAWAH,43353,https://kodepos.posindonesia.co.id/CariKodepos,"Exact village, district, city, and province match on Pos Indonesia.",accept_other,codex_pos_exact_hierarchy_review,project_owner_adjudication,approved
pos_indonesia_postcode_search,2026-08-11,32.02.28.2003,CIJALINGAN,43353,https://kodepos.posindonesia.co.id/CariKodepos,"Exact village, district, city, and province match on Pos Indonesia.",accept_other,codex_pos_exact_hierarchy_review,project_owner_adjudication,approved
pos_indonesia_postcode_search,2026-08-11,32.02.28.2004,CISANDE,43353,https://kodepos.posindonesia.co.id/CariKodepos,"Exact village, district, city, and province match on Pos Indonesia.",accept_other,codex_pos_exact_hierarchy_review,project_owner_adjudication,approved
pos_indonesia_postcode_search,2026-08-11,32.02.28.2005,CIMAHI,43353,https://kodepos.posindonesia.co.id/CariKodepos,"Exact village, district, city, and province match on Pos Indonesia.",accept_other,codex_pos_exact_hierarchy_review,project_owner_adjudication,approved
pos_indonesia_postcode_search,2026-08-11,32.02.28.2006,HEGARMANAH,43353,https://kodepos.posindonesia.co.id/CariKodepos,"Exact village, district, city, and province match on Pos Indonesia.",accept_other,codex_pos_exact_hierarchy_review,project_owner_adjudication,approved
pos_indonesia_postcode_search,2026-08-11,32.02.28.2007,SIKADAMAI,43353,https://kodepos.posindonesia.co.id/CariKodepos,"Exact village, district, city, and province match on Pos Indonesia.",accept_other,codex_pos_exact_hierarchy_review,project_owner_adjudication,approved
pos_indonesia_postcode_search,2026-08-11,32.02.28.2008,CIMANGGIS,43353,https://kodepos.posindonesia.co.id/CariKodepos,"Exact village, district, city, and province match on Pos Indonesia.",accept_other,codex_pos_exact_hierarchy_review,project_owner_adjudication,approved
pos_indonesia_postcode_search,2026-08-11,32.02.29.2001,GUNUNGJAYA,43352,https://kodepos.posindonesia.co.id/CariKodepos,"Exact village, district, city, and province match on Pos Indonesia.",accept_other,codex_pos_exact_hierarchy_review,project_owner_adjudication,approved
pos_indonesia_postcode_search,2026-08-11,32.02.29.2002,SUKASARI,43352,https://kodepos.posindonesia.co.id/CariKodepos,"Exact village, district, city, and province match on Pos Indonesia.",accept_other,codex_pos_exact_hierarchy_review,project_owner_adjudication,approved
pos_indonesia_postcode_search,2026-08-11,32.02.29.2003,SUKAMANAH,43352,https://kodepos.posindonesia.co.id/CariKodepos,"Exact village, district, city, and province match on Pos Indonesia.",accept_other,codex_pos_exact_hierarchy_review,project_owner_adjudication,approved
pos_indonesia_postcode_search,2026-08-11,32.02.29.2004,CISAAT,43352,https://kodepos.posindonesia.co.id/CariKodepos,"Exact village, district, city, and province match on Pos Indonesia.",accept_other,codex_pos_exact_hierarchy_review,project_owner_adjudication,approved
pos_indonesia_postcode_search,2026-08-11,32.02.29.2005,NAGRAK,43352,https://kodepos.posindonesia.co.id/CariKodepos,"Exact village, district, city, and province match on Pos Indonesia.",accept_other,codex_pos_exact_hierarchy_review,project_owner_adjudication,approved
pos_indonesia_postcode_search,2026-08-11,32.02.29.2006,BABAKAN,43352,https://kodepos.posindonesia.co.id/CariKodepos,"Exact village, district, city, and province match on Pos Indonesia.",accept_other,codex_pos_exact_hierarchy_review,project_owner_adjudication,approved
pos_indonesia_postcode_search,2026-08-11,32.02.29.2007,SUKAMANTRI,43352,https://kodepos.posindonesia.co.id/CariKodepos,"Exact village, district, city, and province match on Pos Indonesia.",accept_other,codex_pos_exact_hierarchy_review,project_owner_adjudication,approved
pos_indonesia_postcode_search,2026-08-11,32.02.29.2008,CIBATU,43352,https://kodepos.posindonesia.co.id/CariKodepos,"Exact village, district, city, and province match on Pos Indonesia.",accept_other,codex_pos_exact_hierarchy_review,project_owner_adjudication,approved
pos_indonesia_postcode_search,2026-08-11,32.02.29.2009,SELAJAMBE,43352,https://kodepos.posindonesia.co.id/CariKodepos,"Exact village, district, city, and province match on Pos Indonesia.",accept_other,codex_pos_exact_hierarchy_review,project_owner_adjudication,approved
pos_indonesia_postcode_search,2026-08-11,32.02.29.2010,PADAASIH,43352,https://kodepos.posindonesia.co.id/CariKodepos,"Exact village, district, city, and province match on Pos Indonesia.",accept_other,codex_pos_exact_hierarchy_review,project_owner_adjudication,approved
pos_indonesia_postcode_search,2026-08-11,32.02.29.2011,CIBOLANG KALER,43352,https://kodepos.posindonesia.co.id/CariKodepos,"Exact village, district, city, and province match on Pos Indonesia.",accept_other,codex_pos_exact_hierarchy_review,project_owner_adjudication,approved
pos_indonesia_postcode_search,2026-08-11,32.02.29.2012,KUTASIRNA,43352,https://kodepos.posindonesia.co.id/CariKodepos,"Exact village, district, city, and province match on Pos Indonesia.",accept_other,codex_pos_exact_hierarchy_review,project_owner_adjudication,approved
pos_indonesia_postcode_search,2026-08-11,32.02.29.2013,SUKARESMI,43352,https://kodepos.posindonesia.co.id/CariKodepos,"Exact village, district, city, and province match on Pos Indonesia.",accept_other,codex_pos_exact_hierarchy_review,project_owner_adjudication,approved
pos_indonesia_postcode_search,2026-08-11,32.02.30.2001,KADUDAMPIT,43352,https://kodepos.posindonesia.co.id/CariKodepos,"Exact village, district, city, and province match on Pos Indonesia.",accept_other,codex_pos_exact_hierarchy_review,project_owner_adjudication,approved
pos_indonesia_postcode_search,2026-08-11,32.02.30.2002,CITAMIANG,43352,https://kodepos.posindonesia.co.id/CariKodepos,"Exact village, district, city, and province match on Pos Indonesia.",accept_other,codex_pos_exact_hierarchy_review,project_owner_adjudication,approved
pos_indonesia_postcode_search,2026-08-11,32.02.30.2003,MUARADUA,43352,https://kodepos.posindonesia.co.id/CariKodepos,"Exact village, district, city, and province match on Pos Indonesia.",accept_other,codex_pos_exact_hierarchy_review,project_owner_adjudication,approved
pos_indonesia_postcode_search,2026-08-11,32.02.30.2004,GEDEPANGRANGO,43352,https://kodepos.posindonesia.co.id/CariKodepos,"Exact village, district, city, and province match on Pos Indonesia.",accept_other,codex_pos_exact_hierarchy_review,project_owner_adjudication,approved
pos_indonesia_postcode_search,2026-08-11,32.02.30.2005,SUKAMANIS,43352,https://kodepos.posindonesia.co.id/CariKodepos,"Exact village, district, city, and province match on Pos Indonesia.",accept_other,codex_pos_exact_hierarchy_review,project_owner_adjudication,approved
pos_indonesia_postcode_search,2026-08-11,32.02.30.2006,UNDRUSBINANGUN,43352,https://kodepos.posindonesia.co.id/CariKodepos,"Exact village, district, city, and province match on Pos Indonesia.",accept_other,codex_pos_exact_hierarchy_review,project_owner_adjudication,approved
pos_indonesia_postcode_search,2026-08-11,32.02.30.2007,CIPETIR,43352,https://kodepos.posindonesia.co.id/CariKodepos,"Exact village, district, city, and province match on Pos Indonesia.",accept_other,codex_pos_exact_hierarchy_review,project_owner_adjudication,approved
pos_indonesia_postcode_search,2026-08-11,32.02.30.2008,SUKAMAJU,43352,https://kodepos.posindonesia.co.id/CariKodepos,"Exact village, district, city, and province match on Pos Indonesia.",accept_other,codex_pos_exact_hierarchy_review,project_owner_adjudication,approved
pos_indonesia_postcode_search,2026-08-11,32.02.30.2009,CIKAHURIPAN,43352,https://kodepos.posindonesia.co.id/CariKodepos,"Exact village, district, city, and province match on Pos Indonesia.",accept_other,codex_pos_exact_hierarchy_review,project_owner_adjudication,approved
pos_indonesia_postcode_search,2026-08-11,32.02.31.2001,CARINGIN WETAN,43344,https://kodepos.posindonesia.co.id/CariKodepos,"Exact village, district, city, and province match on Pos Indonesia.",accept_other,codex_pos_exact_hierarchy_review,project_owner_adjudication,approved
pos_indonesia_postcode_search,2026-08-11,32.02.31.2002,SUKAMULYA,43344,https://kodepos.posindonesia.co.id/CariKodepos,"Exact village, district, city, and province match on Pos Indonesia.",accept_other,codex_pos_exact_hierarchy_review,project_owner_adjudication,approved
pos_indonesia_postcode_search,2026-08-11,32.02.31.2003,CARINGIN KULON,43344,https://kodepos.posindonesia.co.id/CariKodepos,"Exact village, district, city, and province match on Pos Indonesia.",accept_other,codex_pos_exact_hierarchy_review,project_owner_adjudication,approved
pos_indonesia_postcode_search,2026-08-11,32.02.31.2004,SEUSEUPAN,43344,https://kodepos.posindonesia.co.id/CariKodepos,"Exact village, district, city, and province match on Pos Indonesia.",accept_other,codex_pos_exact_hierarchy_review,project_owner_adjudication,approved
pos_indonesia_postcode_search,2026-08-11,32.02.31.2005,CIJENGKOL,43344,https://kodepos.posindonesia.co.id/CariKodepos,"Exact village, district, city, and province match on Pos Indonesia.",accept_other,codex_pos_exact_hierarchy_review,project_owner_adjudication,approved
pos_indonesia_postcode_search,2026-08-11,32.02.31.2006,MEKARJAYA,43344,https://kodepos.posindonesia.co.id/CariKodepos,"Exact village, district, city, and province match on Pos Indonesia.",accept_other,codex_pos_exact_hierarchy_review,project_owner_adjudication,approved
pos_indonesia_postcode_search,2026-08-11,32.02.31.2007,TALAGA,43344,https://kodepos.posindonesia.co.id/CariKodepos,"Exact village, district, city, and province match on Pos Indonesia.",accept_other,codex_pos_exact_hierarchy_review,project_owner_adjudication,approved
pos_indonesia_postcode_search,2026-08-11,32.02.31.2008,CIKEMBANG,43344,https://kodepos.posindonesia.co.id/CariKodepos,"Exact village, district, city, and province match on Pos Indonesia.",accept_other,codex_pos_exact_hierarchy_review,project_owner_adjudication,approved
pos_indonesia_postcode_search,2026-08-11,32.02.32.2001,PARUNGSEAH,43341,https://kodepos.posindonesia.co.id/CariKodepos,"Exact village, district, city, and province match on Pos Indonesia.",accept_other,codex_pos_exact_hierarchy_review,project_owner_adjudication,approved
pos_indonesia_postcode_search,2026-08-11,32.02.32.2002,SUNDAJAYAGIRANG,43341,https://kodepos.posindonesia.co.id/CariKodepos,"Exact village, district, city, and province match on Pos Indonesia.",accept_other,codex_pos_exact_hierarchy_review,project_owner_adjudication,approved
pos_indonesia_postcode_search,2026-08-11,32.02.32.2003,KARAWANG,43341,https://kodepos.posindonesia.co.id/CariKodepos,"Exact village, district, city, and province match on Pos Indonesia.",accept_other,codex_pos_exact_hierarchy_review,project_owner_adjudication,approved
pos_indonesia_postcode_search,2026-08-11,32.02.32.2004,WARNASARI,43341,https://kodepos.posindonesia.co.id/CariKodepos,"Exact village, district, city, and province match on Pos Indonesia.",accept_other,codex_pos_exact_hierarchy_review,project_owner_adjudication,approved
pos_indonesia_postcode_search,2026-08-11,32.02.32.2005,SUKAJAYA,43341,https://kodepos.posindonesia.co.id/CariKodepos,"Exact village, district, city, and province match on Pos Indonesia.",accept_other,codex_pos_exact_hierarchy_review,project_owner_adjudication,approved
pos_indonesia_postcode_search,2026-08-11,32.02.33.2001,PASIRHALANG,43392,https://kodepos.posindonesia.co.id/CariKodepos,"Exact village, district, city, and province match on Pos Indonesia.",accept_other,codex_pos_exact_hierarchy_review,project_owner_adjudication,approved
pos_indonesia_postcode_search,2026-08-11,32.02.33.2005,LIMBANGAN,43392,https://kodepos.posindonesia.co.id/CariKodepos,"Exact village, district, city, and province match on Pos Indonesia.",accept_other,codex_pos_exact_hierarchy_review,project_owner_adjudication,approved
pos_indonesia_postcode_search,2026-08-11,32.02.33.2006,CISARUA,43392,https://kodepos.posindonesia.co.id/CariKodepos,"Exact village, district, city, and province match on Pos Indonesia.",accept_other,codex_pos_exact_hierarchy_review,project_owner_adjudication,approved
pos_indonesia_postcode_search,2026-08-11,32.02.33.2007,SUKAMEKAR,43392,https://kodepos.posindonesia.co.id/CariKodepos,"Exact village, district, city, and province match on Pos Indonesia.",accept_other,codex_pos_exact_hierarchy_review,project_owner_adjudication,approved
pos_indonesia_postcode_search,2026-08-11,32.02.33.2008,SELAWANGI,43392,https://kodepos.posindonesia.co.id/CariKodepos,"Exact village, district, city, and province match on Pos Indonesia.",accept_other,codex_pos_exact_hierarchy_review,project_owner_adjudication,approved
pos_indonesia_postcode_search,2026-08-11,32.02.33.2009,MARGALUYU,43392,https://kodepos.posindonesia.co.id/CariKodepos,"Exact village, district, city, and province match on Pos Indonesia.",accept_other,codex_pos_exact_hierarchy_review,project_owner_adjudication,approved
pos_indonesia_postcode_search,2026-08-11,32.02.34.2001,KEBONPEDES,43394,https://kodepos.posindonesia.co.id/CariKodepos,"Exact village, district, city, and province match on Pos Indonesia.",accept_other,codex_pos_exact_hierarchy_review,project_owner_adjudication,approved
pos_indonesia_postcode_search,2026-08-11,32.02.34.2002,CIKARET,43394,https://kodepos.posindonesia.co.id/CariKodepos,"Exact village, district, city, and province match on Pos Indonesia.",accept_other,codex_pos_exact_hierarchy_review,project_owner_adjudication,approved
pos_indonesia_postcode_search,2026-08-11,32.02.34.2003,BOJONGSAWAH,43394,https://kodepos.posindonesia.co.id/CariKodepos,"Exact village, district, city, and province match on Pos Indonesia.",accept_other,codex_pos_exact_hierarchy_review,project_owner_adjudication,approved
pos_indonesia_postcode_search,2026-08-11,32.02.34.2004,SASAGARAN,43394,https://kodepos.posindonesia.co.id/CariKodepos,"Exact village, district, city, and province match on Pos Indonesia.",accept_other,codex_pos_exact_hierarchy_review,project_owner_adjudication,approved
pos_indonesia_postcode_search,2026-08-11,32.02.34.2005,JAMBENENGGANG,43394,https://kodepos.posindonesia.co.id/CariKodepos,"Exact village, district, city, and province match on Pos Indonesia.",accept_other,codex_pos_exact_hierarchy_review,project_owner_adjudication,approved
pos_indonesia_postcode_search,2026-08-11,32.02.35.2001,CIREUNGHAS,43393,https://kodepos.posindonesia.co.id/CariKodepos,"Exact village, district, city, and province match on Pos Indonesia.",accept_other,codex_pos_exact_hierarchy_review,project_owner_adjudication,approved
pos_indonesia_postcode_search,2026-08-11,32.02.35.2002,CIPURUT,43393,https://kodepos.posindonesia.co.id/CariKodepos,"Exact village, district, city, and province match on Pos Indonesia.",accept_other,codex_pos_exact_hierarchy_review,project_owner_adjudication,approved
pos_indonesia_postcode_search,2026-08-11,32.02.35.2003,BENCOY,43393,https://kodepos.posindonesia.co.id/CariKodepos,"Exact village, district, city, and province match on Pos Indonesia.",accept_other,codex_pos_exact_hierarchy_review,project_owner_adjudication,approved
pos_indonesia_postcode_search,2026-08-11,32.02.35.2004,CIKURUTUG,43393,https://kodepos.posindonesia.co.id/CariKodepos,"Exact village, district, city, and province match on Pos Indonesia.",accept_other,codex_pos_exact_hierarchy_review,project_owner_adjudication,approved
pos_indonesia_postcode_search,2026-08-11,32.02.35.2005,TEGALPANJANG,43393,https://kodepos.posindonesia.co.id/CariKodepos,"Exact village, district, city, and province match on Pos Indonesia.",accept_other,codex_pos_exact_hierarchy_review,project_owner_adjudication,approved
pos_indonesia_postcode_search,2026-08-11,32.02.36.2001,SUKALARANG,43391,https://kodepos.posindonesia.co.id/CariKodepos,"Exact village, district, city, and province match on Pos Indonesia.",accept_other,codex_pos_exact_hierarchy_review,project_owner_adjudication,approved
pos_indonesia_postcode_search,2026-08-11,32.02.36.2002,SUKAMAJU,43391,https://kodepos.posindonesia.co.id/CariKodepos,"Exact village, district, city, and province match on Pos Indonesia.",accept_other,codex_pos_exact_hierarchy_review,project_owner_adjudication,approved
pos_indonesia_postcode_search,2026-08-11,32.02.36.2003,CIMANGKOK,43391,https://kodepos.posindonesia.co.id/CariKodepos,"Exact village, district, city, and province match on Pos Indonesia.",accept_other,codex_pos_exact_hierarchy_review,project_owner_adjudication,approved
pos_indonesia_postcode_search,2026-08-11,32.02.36.2004,TITISAN,43391,https://kodepos.posindonesia.co.id/CariKodepos,"Exact village, district, city, and province match on Pos Indonesia.",accept_other,codex_pos_exact_hierarchy_review,project_owner_adjudication,approved
pos_indonesia_postcode_search,2026-08-11,32.02.36.2005,SEMPLAK,43391,https://kodepos.posindonesia.co.id/CariKodepos,"Exact village, district, city, and province match on Pos Indonesia.",accept_other,codex_pos_exact_hierarchy_review,project_owner_adjudication,approved
pos_indonesia_postcode_search,2026-08-11,32.02.36.2006,PRIANGANJAYA,43391,https://kodepos.posindonesia.co.id/CariKodepos,"Exact village, district, city, and province match on Pos Indonesia.",accept_other,codex_pos_exact_hierarchy_review,project_owner_adjudication,approved
pos_indonesia_postcode_search,2026-08-11,32.02.37.2002,CIWALAT,43373,https://kodepos.posindonesia.co.id/CariKodepos,"Exact village, district, city, and province match on Pos Indonesia.",accept_other,codex_pos_exact_hierarchy_review,project_owner_adjudication,approved
pos_indonesia_postcode_search,2026-08-11,32.02.37.2003,SIRNASARI,43373,https://kodepos.posindonesia.co.id/CariKodepos,"Exact village, district, city, and province match on Pos Indonesia.",accept_other,codex_pos_exact_hierarchy_review,project_owner_adjudication,approved
pos_indonesia_postcode_search,2026-08-11,32.02.37.2004,BANTARSARI,43373,https://kodepos.posindonesia.co.id/CariKodepos,"Exact village, district, city, and province match on Pos Indonesia.",accept_other,codex_pos_exact_hierarchy_review,project_owner_adjudication,approved
pos_indonesia_postcode_search,2026-08-11,32.02.37.2005,SUKAJAYA,43373,https://kodepos.posindonesia.co.id/CariKodepos,"Exact village, district, city, and province match on Pos Indonesia.",accept_other,codex_pos_exact_hierarchy_review,project_owner_adjudication,approved
pos_indonesia_postcode_search,2026-08-11,32.02.37.2006,CIBADAK,43373,https://kodepos.posindonesia.co.id/CariKodepos,"Exact village, district, city, and province match on Pos Indonesia.",accept_other,codex_pos_exact_hierarchy_review,project_owner_adjudication,approved
pos_indonesia_postcode_search,2026-08-11,32.02.38.2001,PURABAYA,43387,https://kodepos.posindonesia.co.id/CariKodepos,"Exact village, district, city, and province match on Pos Indonesia.",accept_other,codex_pos_exact_hierarchy_review,project_owner_adjudication,approved
pos_indonesia_postcode_search,2026-08-11,32.02.38.2002,NEGLASARI,43387,https://kodepos.posindonesia.co.id/CariKodepos,"Exact village, district, city, and province match on Pos Indonesia.",accept_other,codex_pos_exact_hierarchy_review,project_owner_adjudication,approved
pos_indonesia_postcode_search,2026-08-11,32.02.38.2003,PAGELARAN,43387,https://kodepos.posindonesia.co.id/CariKodepos,"Exact village, district, city, and province match on Pos Indonesia.",accept_other,codex_pos_exact_hierarchy_review,project_owner_adjudication,approved
pos_indonesia_postcode_search,2026-08-11,32.02.38.2004,CIMERANG,43387,https://kodepos.posindonesia.co.id/CariKodepos,"Exact village, district, city, and province match on Pos Indonesia.",accept_other,codex_pos_exact_hierarchy_review,project_owner_adjudication,approved
pos_indonesia_postcode_search,2026-08-11,32.02.38.2005,CITAMIANG,43387,https://kodepos.posindonesia.co.id/CariKodepos,"Exact village, district, city, and province match on Pos Indonesia.",accept_other,codex_pos_exact_hierarchy_review,project_owner_adjudication,approved
pos_indonesia_postcode_search,2026-08-11,32.02.38.2006,MARGALUYU,43387,https://kodepos.posindonesia.co.id/CariKodepos,"Exact village, district, city, and province match on Pos Indonesia.",accept_other,codex_pos_exact_hierarchy_review,project_owner_adjudication,approved
pos_indonesia_postcode_search,2026-08-11,32.02.38.2007,CICUKANG,43387,https://kodepos.posindonesia.co.id/CariKodepos,"Exact village, district, city, and province match on Pos Indonesia.",accept_other,codex_pos_exact_hierarchy_review,project_owner_adjudication,approved
pos_indonesia_postcode_search,2026-08-11,32.02.39.2001,NYALINDUNG,43396,https://kodepos.posindonesia.co.id/CariKodepos,"Exact village, district, city, and province match on Pos Indonesia.",accept_other,codex_pos_exact_hierarchy_review,project_owner_adjudication,approved
pos_indonesia_postcode_search,2026-08-11,32.02.39.2002,NEGLASARI,43396,https://kodepos.posindonesia.co.id/CariKodepos,"Exact village, district, city, and province match on Pos Indonesia.",accept_other,codex_pos_exact_hierarchy_review,project_owner_adjudication,approved
pos_indonesia_postcode_search,2026-08-11,32.02.39.2003,SUKAMAJU,43396,https://kodepos.posindonesia.co.id/CariKodepos,"Exact village, district, city, and province match on Pos Indonesia.",accept_other,codex_pos_exact_hierarchy_review,project_owner_adjudication,approved
pos_indonesia_postcode_search,2026-08-11,32.02.39.2004,BOJONGKALONG,43396,https://kodepos.posindonesia.co.id/CariKodepos,"Exact village, district, city, and province match on Pos Indonesia.",accept_other,codex_pos_exact_hierarchy_review,project_owner_adjudication,approved
pos_indonesia_postcode_search,2026-08-11,32.02.39.2005,CIJANGKAR,43396,https://kodepos.posindonesia.co.id/CariKodepos,"Exact village, district, city, and province match on Pos Indonesia.",accept_other,codex_pos_exact_hierarchy_review,project_owner_adjudication,approved
pos_indonesia_postcode_search,2026-08-11,32.02.39.2006,MEKARSARI,43396,https://kodepos.posindonesia.co.id/CariKodepos,"Exact village, district, city, and province match on Pos Indonesia.",accept_other,codex_pos_exact_hierarchy_review,project_owner_adjudication,approved
pos_indonesia_postcode_search,2026-08-11,32.02.39.2007,WANGUNREJA,43396,https://kodepos.posindonesia.co.id/CariKodepos,"Exact village, district, city, and province match on Pos Indonesia.",accept_other,codex_pos_exact_hierarchy_review,project_owner_adjudication,approved
pos_indonesia_postcode_search,2026-08-11,32.02.39.2008,CISITU,43396,https://kodepos.posindonesia.co.id/CariKodepos,"Exact village, district, city, and province match on Pos Indonesia.",accept_other,codex_pos_exact_hierarchy_review,project_owner_adjudication,approved
pos_indonesia_postcode_search,2026-08-11,32.02.39.2009,BOJONGSARI,43396,https://kodepos.posindonesia.co.id/CariKodepos,"Exact village, district, city, and province match on Pos Indonesia.",accept_other,codex_pos_exact_hierarchy_review,project_owner_adjudication,approved
pos_indonesia_postcode_search,2026-08-11,32.02.39.2010,KERTAANGSANA,43396,https://kodepos.posindonesia.co.id/CariKodepos,"Exact village, district, city, and province match on Pos Indonesia.",accept_other,codex_pos_exact_hierarchy_review,project_owner_adjudication,approved
pos_indonesia_postcode_search,2026-08-11,32.02.40.2001,GEGERBITUNG,43397,https://kodepos.posindonesia.co.id/CariKodepos,"Exact village, district, city, and province match on Pos Indonesia.",accept_other,codex_pos_exact_hierarchy_review,project_owner_adjudication,approved
pos_indonesia_postcode_search,2026-08-11,32.02.40.2002,CIJUREY,43397,https://kodepos.posindonesia.co.id/CariKodepos,"Exact village, district, city, and province match on Pos Indonesia.",accept_other,codex_pos_exact_hierarchy_review,project_owner_adjudication,approved
pos_indonesia_postcode_search,2026-08-11,32.02.40.2003,CIENGANG,43397,https://kodepos.posindonesia.co.id/CariKodepos,"Exact village, district, city, and province match on Pos Indonesia.",accept_other,codex_pos_exact_hierarchy_review,project_owner_adjudication,approved
pos_indonesia_postcode_search,2026-08-11,32.02.40.2004,KARANGJAYA,43397,https://kodepos.posindonesia.co.id/CariKodepos,"Exact village, district, city, and province match on Pos Indonesia.",accept_other,codex_pos_exact_hierarchy_review,project_owner_adjudication,approved
pos_indonesia_postcode_search,2026-08-11,32.02.40.2005,CARINGIN,43397,https://kodepos.posindonesia.co.id/CariKodepos,"Exact village, district, city, and province match on Pos Indonesia.",accept_other,codex_pos_exact_hierarchy_review,project_owner_adjudication,approved
pos_indonesia_postcode_search,2026-08-11,32.02.40.2006,SUKAMANAH,43397,https://kodepos.posindonesia.co.id/CariKodepos,"Exact village, district, city, and province match on Pos Indonesia.",accept_other,codex_pos_exact_hierarchy_review,project_owner_adjudication,approved
pos_indonesia_postcode_search,2026-08-11,32.02.40.2007,BUNIWANGI,43397,https://kodepos.posindonesia.co.id/CariKodepos,"Exact village, district, city, and province match on Pos Indonesia.",accept_other,codex_pos_exact_hierarchy_review,project_owner_adjudication,approved
pos_indonesia_postcode_search,2026-08-11,32.02.41.2001,SAGARANTEN,43381,https://kodepos.posindonesia.co.id/CariKodepos,"Exact village, district, city, and province match on Pos Indonesia.",accept_other,codex_pos_exact_hierarchy_review,project_owner_adjudication,approved
pos_indonesia_postcode_search,2026-08-11,32.02.41.2002,CURUGLUHUR,43381,https://kodepos.posindonesia.co.id/CariKodepos,"Exact village, district, city, and province match on Pos Indonesia.",accept_other,codex_pos_exact_hierarchy_review,project_owner_adjudication,approved
pos_indonesia_postcode_search,2026-08-11,32.02.41.2003,CIBAREGBEG,43381,https://kodepos.posindonesia.co.id/CariKodepos,"Exact village, district, city, and province match on Pos Indonesia.",accept_other,codex_pos_exact_hierarchy_review,project_owner_adjudication,approved
pos_indonesia_postcode_search,2026-08-11,32.02.41.2004,PASANGGRAHAN,43381,https://kodepos.posindonesia.co.id/CariKodepos,"Exact village, district, city, and province match on Pos Indonesia.",accept_other,codex_pos_exact_hierarchy_review,project_owner_adjudication,approved
pos_indonesia_postcode_search,2026-08-11,32.02.41.2005,DATARNANGKA,43381,https://kodepos.posindonesia.co.id/CariKodepos,"Exact village, district, city, and province match on Pos Indonesia.",accept_other,codex_pos_exact_hierarchy_review,project_owner_adjudication,approved
pos_indonesia_postcode_search,2026-08-11,32.02.41.2006,PUNCAKMANGGIS,43381,https://kodepos.posindonesia.co.id/CariKodepos,"Exact village, district, city, and province match on Pos Indonesia.",accept_other,codex_pos_exact_hierarchy_review,project_owner_adjudication,approved
pos_indonesia_postcode_search,2026-08-11,32.02.41.2007,HEGARMANAH,43381,https://kodepos.posindonesia.co.id/CariKodepos,"Exact village, district, city, and province match on Pos Indonesia.",accept_other,codex_pos_exact_hierarchy_review,project_owner_adjudication,approved
pos_indonesia_postcode_search,2026-08-11,32.02.41.2008,GUNUNGBENTANG,43381,https://kodepos.posindonesia.co.id/CariKodepos,"Exact village, district, city, and province match on Pos Indonesia.",accept_other,codex_pos_exact_hierarchy_review,project_owner_adjudication,approved
pos_indonesia_postcode_search,2026-08-11,32.02.41.2009,SINARBENTANG,43381,https://kodepos.posindonesia.co.id/CariKodepos,"Exact village, district, city, and province match on Pos Indonesia.",accept_other,codex_pos_exact_hierarchy_review,project_owner_adjudication,approved
pos_indonesia_postcode_search,2026-08-11,32.02.41.2010,CIBITUNG,43381,https://kodepos.posindonesia.co.id/CariKodepos,"Exact village, district, city, and province match on Pos Indonesia.",accept_other,codex_pos_exact_hierarchy_review,project_owner_adjudication,approved
pos_indonesia_postcode_search,2026-08-11,32.02.41.2011,MARGALUYU,43381,https://kodepos.posindonesia.co.id/CariKodepos,"Exact village, district, city, and province match on Pos Indonesia.",accept_other,codex_pos_exact_hierarchy_review,project_owner_adjudication,approved
pos_indonesia_postcode_search,2026-08-11,32.02.41.2012,MEKARSARI,43381,https://kodepos.posindonesia.co.id/CariKodepos,"Exact village, district, city, and province match on Pos Indonesia.",accept_other,codex_pos_exact_hierarchy_review,project_owner_adjudication,approved
pos_indonesia_postcode_search,2026-08-11,32.02.42.2001,CURUGKEMBAR,43382,https://kodepos.posindonesia.co.id/CariKodepos,"Exact village, district, city, and province match on Pos Indonesia.",accept_other,codex_pos_exact_hierarchy_review,project_owner_adjudication,approved
pos_indonesia_postcode_search,2026-08-11,32.02.42.2002,CIMENTENG,43382,https://kodepos.posindonesia.co.id/CariKodepos,"Exact village, district, city, and province match on Pos Indonesia.",accept_other,codex_pos_exact_hierarchy_review,project_owner_adjudication,approved
pos_indonesia_postcode_search,2026-08-11,32.02.42.2003,TANJUNGSARI,43382,https://kodepos.posindonesia.co.id/CariKodepos,"Exact village, district, city, and province match on Pos Indonesia.",accept_other,codex_pos_exact_hierarchy_review,project_owner_adjudication,approved
pos_indonesia_postcode_search,2026-08-11,32.02.42.2004,SINDANGRAJA,43382,https://kodepos.posindonesia.co.id/CariKodepos,"Exact village, district, city, and province match on Pos Indonesia.",accept_other,codex_pos_exact_hierarchy_review,project_owner_adjudication,approved
pos_indonesia_postcode_search,2026-08-11,32.02.42.2005,MEKARTANJUNG,43382,https://kodepos.posindonesia.co.id/CariKodepos,"Exact village, district, city, and province match on Pos Indonesia.",accept_other,codex_pos_exact_hierarchy_review,project_owner_adjudication,approved
pos_indonesia_postcode_search,2026-08-11,32.02.42.2007,BOJONG TUGU,43382,https://kodepos.posindonesia.co.id/CariKodepos,"Exact village, district, city, and province match on Pos Indonesia.",accept_other,codex_pos_exact_hierarchy_review,project_owner_adjudication,approved
pos_indonesia_postcode_search,2026-08-11,32.02.43.2002,CIPAMINGKIS,43384,https://kodepos.posindonesia.co.id/CariKodepos,"Exact village, district, city, and province match on Pos Indonesia.",accept_other,codex_pos_exact_hierarchy_review,project_owner_adjudication,approved
pos_indonesia_postcode_search,2026-08-11,32.02.43.2003,CIKARANG,43384,https://kodepos.posindonesia.co.id/CariKodepos,"Exact village, district, city, and province match on Pos Indonesia.",accept_other,codex_pos_exact_hierarchy_review,project_owner_adjudication,approved
pos_indonesia_postcode_search,2026-08-11,32.02.43.2004,TEGALLEGA,43384,https://kodepos.posindonesia.co.id/CariKodepos,"Exact village, district, city, and province match on Pos Indonesia.",accept_other,codex_pos_exact_hierarchy_review,project_owner_adjudication,approved
pos_indonesia_postcode_search,2026-08-11,32.02.43.2005,MEKARJAYA,43384,https://kodepos.posindonesia.co.id/CariKodepos,"Exact village, district, city, and province match on Pos Indonesia.",accept_other,codex_pos_exact_hierarchy_review,project_owner_adjudication,approved
pos_indonesia_postcode_search,2026-08-11,32.02.44.2001,PADASENANG,43383,https://kodepos.posindonesia.co.id/CariKodepos,"Exact village, district, city, and province match on Pos Indonesia.",accept_other,codex_pos_exact_hierarchy_review,project_owner_adjudication,approved
pos_indonesia_postcode_search,2026-08-11,32.02.44.2002,CIDADAP,43383,https://kodepos.posindonesia.co.id/CariKodepos,"Exact village, district, city, and province match on Pos Indonesia.",accept_other,codex_pos_exact_hierarchy_review,project_owner_adjudication,approved
pos_indonesia_postcode_search,2026-08-11,32.02.44.2003,BANJARSARI,43383,https://kodepos.posindonesia.co.id/CariKodepos,"Exact village, district, city, and province match on Pos Indonesia.",accept_other,codex_pos_exact_hierarchy_review,project_owner_adjudication,approved
pos_indonesia_postcode_search,2026-08-11,32.02.44.2004,HEGARMULYA,43383,https://kodepos.posindonesia.co.id/CariKodepos,"Exact village, district, city, and province match on Pos Indonesia.",accept_other,codex_pos_exact_hierarchy_review,project_owner_adjudication,approved
pos_indonesia_postcode_search,2026-08-11,32.02.44.2005,TENJOLAUT,43383,https://kodepos.posindonesia.co.id/CariKodepos,"Exact village, district, city, and province match on Pos Indonesia.",accept_other,codex_pos_exact_hierarchy_review,project_owner_adjudication,approved
pos_indonesia_postcode_search,2026-08-11,32.02.44.2006,MEKARTANI,43383,https://kodepos.posindonesia.co.id/CariKodepos,"Exact village, district, city, and province match on Pos Indonesia.",accept_other,codex_pos_exact_hierarchy_review,project_owner_adjudication,approved
pos_indonesia_postcode_search,2026-08-11,32.02.45.2001,TEGALBULEUD,43386,https://kodepos.posindonesia.co.id/CariKodepos,"Exact village, district, city, and province match on Pos Indonesia.",accept_other,codex_pos_exact_hierarchy_review,project_owner_adjudication,approved
pos_indonesia_postcode_search,2026-08-11,32.02.45.2002,BANGBAYANG,43386,https://kodepos.posindonesia.co.id/CariKodepos,"Exact village, district, city, and province match on Pos Indonesia.",accept_other,codex_pos_exact_hierarchy_review,project_owner_adjudication,approved
pos_indonesia_postcode_search,2026-08-11,32.02.45.2003,SUMBERJAYA,43386,https://kodepos.posindonesia.co.id/CariKodepos,"Exact village, district, city, and province match on Pos Indonesia.",accept_other,codex_pos_exact_hierarchy_review,project_owner_adjudication,approved
pos_indonesia_postcode_search,2026-08-11,32.02.45.2004,CALINGCING,43386,https://kodepos.posindonesia.co.id/CariKodepos,"Exact village, district, city, and province match on Pos Indonesia.",accept_other,codex_pos_exact_hierarchy_review,project_owner_adjudication,approved
pos_indonesia_postcode_search,2026-08-11,32.02.45.2005,NANGELA,43386,https://kodepos.posindonesia.co.id/CariKodepos,"Exact village, district, city, and province match on Pos Indonesia.",accept_other,codex_pos_exact_hierarchy_review,project_owner_adjudication,approved
pos_indonesia_postcode_search,2026-08-11,32.02.45.2006,RAMBAY,43386,https://kodepos.posindonesia.co.id/CariKodepos,"Exact village, district, city, and province match on Pos Indonesia.",accept_other,codex_pos_exact_hierarchy_review,project_owner_adjudication,approved
pos_indonesia_postcode_search,2026-08-11,32.02.45.2007,BUNIASIH,43386,https://kodepos.posindonesia.co.id/CariKodepos,"Exact village, district, city, and province match on Pos Indonesia.",accept_other,codex_pos_exact_hierarchy_review,project_owner_adjudication,approved
pos_indonesia_postcode_search,2026-08-11,32.02.46.2002,SUKAMAJU,43388,https://kodepos.posindonesia.co.id/CariKodepos,"Exact village, district, city, and province match on Pos Indonesia.",accept_other,codex_pos_exact_hierarchy_review,project_owner_adjudication,approved
pos_indonesia_postcode_search,2026-08-11,32.02.46.2003,SUKAJADI,43388,https://kodepos.posindonesia.co.id/CariKodepos,"Exact village, district, city, and province match on Pos Indonesia.",accept_other,codex_pos_exact_hierarchy_review,project_owner_adjudication,approved
pos_indonesia_postcode_search,2026-08-11,32.02.46.2004,KARANGMEKAR,43388,https://kodepos.posindonesia.co.id/CariKodepos,"Exact village, district, city, and province match on Pos Indonesia.",accept_other,codex_pos_exact_hierarchy_review,project_owner_adjudication,approved
pos_indonesia_postcode_search,2026-08-11,32.02.46.2005,BOREGAHINDAH,43388,https://kodepos.posindonesia.co.id/CariKodepos,"Exact village, district, city, and province match on Pos Indonesia.",accept_other,codex_pos_exact_hierarchy_review,project_owner_adjudication,approved
pos_indonesia_postcode_search,2026-08-11,32.02.46.2006,SUKAMANAH,43388,https://kodepos.posindonesia.co.id/CariKodepos,"Exact village, district, city, and province match on Pos Indonesia.",accept_other,codex_pos_exact_hierarchy_review,project_owner_adjudication,approved
pos_indonesia_postcode_search,2026-08-11,32.02.47.2001,CIAMBAR,43352,https://kodepos.posindonesia.co.id/CariKodepos,"Exact village, district, city, and province match on Pos Indonesia.",accept_other,codex_pos_exact_hierarchy_review,project_owner_adjudication,approved
pos_indonesia_postcode_search,2026-08-11,32.02.47.2002,GINANJAR,43352,https://kodepos.posindonesia.co.id/CariKodepos,"Exact village, district, city, and province match on Pos Indonesia.",accept_other,codex_pos_exact_hierarchy_review,project_owner_adjudication,approved
pos_indonesia_postcode_search,2026-08-11,32.02.47.2004,MUNJUL,43352,https://kodepos.posindonesia.co.id/CariKodepos,"Exact village, district, city, and province match on Pos Indonesia.",accept_other,codex_pos_exact_hierarchy_review,project_owner_adjudication,approved
pos_indonesia_postcode_search,2026-08-11,32.02.47.2005,AMBARJAYA,43352,https://kodepos.posindonesia.co.id/CariKodepos,"Exact village, district, city, and province match on Pos Indonesia.",accept_other,codex_pos_exact_hierarchy_review,project_owner_adjudication,approved
pos_indonesia_postcode_search,2026-08-11,32.02.47.2006,CIBUNARJAYA,43352,https://kodepos.posindonesia.co.id/CariKodepos,"Exact village, district, city, and province match on Pos Indonesia.",accept_other,codex_pos_exact_hierarchy_review,project_owner_adjudication,approved
pos_indonesia_postcode_search,2026-08-11,32.03.01.2001,BABAKAN KARET,43217,https://kodepos.posindonesia.co.id/CariKodepos,"Exact village, district, city, and province match on Pos Indonesia.",accept_other,codex_pos_exact_hierarchy_review,project_owner_adjudication,approved
pos_indonesia_postcode_search,2026-08-11,32.03.01.2002,NAGRAK,43219,https://kodepos.posindonesia.co.id/CariKodepos,"Exact village, district, city, and province match on Pos Indonesia.",accept_other,codex_pos_exact_hierarchy_review,project_owner_adjudication,approved
pos_indonesia_postcode_search,2026-08-11,32.03.01.2003,SUKAMAJU,43219,https://kodepos.posindonesia.co.id/CariKodepos,"Exact village, district, city, and province match on Pos Indonesia.",accept_other,codex_pos_exact_hierarchy_review,project_owner_adjudication,approved
pos_indonesia_postcode_search,2026-08-11,32.03.01.2004,MEKARSARI,43218,https://kodepos.posindonesia.co.id/CariKodepos,"Exact village, district, city, and province match on Pos Indonesia.",accept_other,codex_pos_exact_hierarchy_review,project_owner_adjudication,approved
pos_indonesia_postcode_search,2026-08-11,32.03.10.2003,CIBODAS,43253,https://kodepos.posindonesia.co.id/CariKodepos,"Exact village, district, city, and province match on Pos Indonesia.",accept_suggested,codex_pos_exact_hierarchy_review,project_owner_adjudication,approved
pos_indonesia_postcode_search,2026-08-11,32.03.10.2010,CIPUTRI,43253,https://kodepos.posindonesia.co.id/CariKodepos,"Exact village, district, city, and province match on Pos Indonesia.",accept_other,codex_pos_exact_hierarchy_review,project_owner_adjudication,approved
pos_indonesia_postcode_search,2026-08-11,32.03.13.2007,SUKARESMI,43254,https://kodepos.posindonesia.co.id/CariKodepos,"Exact village, district, city, and province match on Pos Indonesia.",accept_suggested,codex_pos_exact_hierarchy_review,project_owner_adjudication,approved
pos_indonesia_postcode_search,2026-08-11,32.03.18.2001,PAGELARAN,43266,https://kodepos.posindonesia.co.id/CariKodepos,"Exact village, district, city, and province match on Pos Indonesia.",accept_suggested,codex_pos_exact_hierarchy_review,project_owner_adjudication,approved
pos_indonesia_postcode_search,2026-08-11,32.03.27.2001,BANGBAYANG,43287,https://kodepos.posindonesia.co.id/CariKodepos,"Exact village, district, city, and province match on Pos Indonesia.",accept_other,codex_pos_exact_hierarchy_review,project_owner_adjudication,approved
pos_indonesia_postcode_search,2026-08-11,32.03.27.2002,SONGGOM,43287,https://kodepos.posindonesia.co.id/CariKodepos,"Exact village, district, city, and province match on Pos Indonesia.",accept_other,codex_pos_exact_hierarchy_review,project_owner_adjudication,approved
pos_indonesia_postcode_search,2026-08-11,32.03.27.2003,SUKARATU,43287,https://kodepos.posindonesia.co.id/CariKodepos,"Exact village, district, city, and province match on Pos Indonesia.",accept_other,codex_pos_exact_hierarchy_review,project_owner_adjudication,approved
pos_indonesia_postcode_search,2026-08-11,32.03.27.2004,CIKANCANA,43287,https://kodepos.posindonesia.co.id/CariKodepos,"Exact village, district, city, and province match on Pos Indonesia.",accept_other,codex_pos_exact_hierarchy_review,project_owner_adjudication,approved
pos_indonesia_postcode_search,2026-08-11,32.03.27.2005,KEBONPEUTEUY,43287,https://kodepos.posindonesia.co.id/CariKodepos,"Exact village, district, city, and province match on Pos Indonesia.",accept_other,codex_pos_exact_hierarchy_review,project_owner_adjudication,approved
pos_indonesia_postcode_search,2026-08-11,32.03.27.2006,GEKBRONG,43287,https://kodepos.posindonesia.co.id/CariKodepos,"Exact village, district, city, and province match on Pos Indonesia.",accept_other,codex_pos_exact_hierarchy_review,project_owner_adjudication,approved
pos_indonesia_postcode_search,2026-08-11,32.03.27.2007,CIKAHURIPAN,43287,https://kodepos.posindonesia.co.id/CariKodepos,"Exact village, district, city, and province match on Pos Indonesia.",accept_other,codex_pos_exact_hierarchy_review,project_owner_adjudication,approved
pos_indonesia_postcode_search,2026-08-11,32.03.27.2008,CINTAASIH,43287,https://kodepos.posindonesia.co.id/CariKodepos,"Exact village, district, city, and province match on Pos Indonesia.",accept_other,codex_pos_exact_hierarchy_review,project_owner_adjudication,approved
pos_indonesia_postcode_search,2026-08-11,32.03.28.2002,CIMACAN,43255,https://kodepos.posindonesia.co.id/CariKodepos,"Exact village, district, city, and province match on Pos Indonesia.",accept_other,codex_pos_exact_hierarchy_review,project_owner_adjudication,approved
pos_indonesia_postcode_search,2026-08-11,32.03.28.2003,CILOTO,43255,https://kodepos.posindonesia.co.id/CariKodepos,"Exact village, district, city, and province match on Pos Indonesia.",accept_other,codex_pos_exact_hierarchy_review,project_owner_adjudication,approved
pos_indonesia_postcode_search,2026-08-11,32.03.28.2004,SINDANGLAYA,43255,https://kodepos.posindonesia.co.id/CariKodepos,"Exact village, district, city, and province match on Pos Indonesia.",accept_other,codex_pos_exact_hierarchy_review,project_owner_adjudication,approved
pos_indonesia_postcode_search,2026-08-11,32.03.28.2005,BATULAWANG,43255,https://kodepos.posindonesia.co.id/CariKodepos,"Exact village, district, city, and province match on Pos Indonesia.",accept_other,codex_pos_exact_hierarchy_review,project_owner_adjudication,approved
pos_indonesia_postcode_search,2026-08-11,32.03.28.2006,PALASARI,43255,https://kodepos.posindonesia.co.id/CariKodepos,"Exact village, district, city, and province match on Pos Indonesia.",accept_other,codex_pos_exact_hierarchy_review,project_owner_adjudication,approved
pos_indonesia_postcode_search,2026-08-11,32.03.28.2007,SINDANGJAYA,43255,https://kodepos.posindonesia.co.id/CariKodepos,"Exact village, district, city, and province match on Pos Indonesia.",accept_other,codex_pos_exact_hierarchy_review,project_owner_adjudication,approved
pos_indonesia_postcode_search,2026-08-11,32.03.29.2001,PARAKANTUGU,43269,https://kodepos.posindonesia.co.id/CariKodepos,"Exact village, district, city, and province match on Pos Indonesia.",accept_other,codex_pos_exact_hierarchy_review,project_owner_adjudication,approved
pos_indonesia_postcode_search,2026-08-11,32.03.29.2002,CIJATI,43269,https://kodepos.posindonesia.co.id/CariKodepos,"Exact village, district, city, and province match on Pos Indonesia.",accept_other,codex_pos_exact_hierarchy_review,project_owner_adjudication,approved
pos_indonesia_postcode_search,2026-08-11,32.03.29.2003,BOJONGLARANG,43269,https://kodepos.posindonesia.co.id/CariKodepos,"Exact village, district, city, and province match on Pos Indonesia.",accept_other,codex_pos_exact_hierarchy_review,project_owner_adjudication,approved
pos_indonesia_postcode_search,2026-08-11,32.03.29.2004,PADAASIH,43269,https://kodepos.posindonesia.co.id/CariKodepos,"Exact village, district, city, and province match on Pos Indonesia.",accept_other,codex_pos_exact_hierarchy_review,project_owner_adjudication,approved
pos_indonesia_postcode_search,2026-08-11,32.03.29.2005,CIBODAS,43269,https://kodepos.posindonesia.co.id/CariKodepos,"Exact village, district, city, and province match on Pos Indonesia.",accept_other,codex_pos_exact_hierarchy_review,project_owner_adjudication,approved
pos_indonesia_postcode_search,2026-08-11,32.03.29.2006,SUKAMAHI,43269,https://kodepos.posindonesia.co.id/CariKodepos,"Exact village, district, city, and province match on Pos Indonesia.",accept_other,codex_pos_exact_hierarchy_review,project_owner_adjudication,approved
pos_indonesia_postcode_search,2026-08-11,32.03.29.2007,SUKALUYU,43269,https://kodepos.posindonesia.co.id/CariKodepos,"Exact village, district, city, and province match on Pos Indonesia.",accept_other,codex_pos_exact_hierarchy_review,project_owner_adjudication,approved
pos_indonesia_postcode_search,2026-08-11,32.03.29.2008,CARINGIN,43269,https://kodepos.posindonesia.co.id/CariKodepos,"Exact village, district, city, and province match on Pos Indonesia.",accept_other,codex_pos_exact_hierarchy_review,project_owner_adjudication,approved
pos_indonesia_postcode_search,2026-08-11,32.03.29.2009,SINARBAKTI,43269,https://kodepos.posindonesia.co.id/CariKodepos,"Exact village, district, city, and province match on Pos Indonesia.",accept_other,codex_pos_exact_hierarchy_review,project_owner_adjudication,approved
pos_indonesia_postcode_search,2026-08-11,32.03.29.2010,SUKAMAJU,43269,https://kodepos.posindonesia.co.id/CariKodepos,"Exact village, district, city, and province match on Pos Indonesia.",accept_other,codex_pos_exact_hierarchy_review,project_owner_adjudication,approved
pos_indonesia_postcode_search,2026-08-11,32.03.30.2001,PUSAKASARI,43277,https://kodepos.posindonesia.co.id/CariKodepos,"Exact village, district, city, and province match on Pos Indonesia.",accept_other,codex_pos_exact_hierarchy_review,project_owner_adjudication,approved
pos_indonesia_postcode_search,2026-08-11,32.03.30.2002,WALAHIR,43277,https://kodepos.posindonesia.co.id/CariKodepos,"Exact village, district, city, and province match on Pos Indonesia.",accept_other,codex_pos_exact_hierarchy_review,project_owner_adjudication,approved
pos_indonesia_postcode_search,2026-08-11,32.03.30.2003,PURABAYA,43277,https://kodepos.posindonesia.co.id/CariKodepos,"Exact village, district, city, and province match on Pos Indonesia.",accept_other,codex_pos_exact_hierarchy_review,project_owner_adjudication,approved
pos_indonesia_postcode_search,2026-08-11,32.03.30.2004,PUNCAKWANGI,43277,https://kodepos.posindonesia.co.id/CariKodepos,"Exact village, district, city, and province match on Pos Indonesia.",accept_other,codex_pos_exact_hierarchy_review,project_owner_adjudication,approved
pos_indonesia_postcode_search,2026-08-11,32.03.30.2005,SUKAJAYA,43277,https://kodepos.posindonesia.co.id/CariKodepos,"Exact village, district, city, and province match on Pos Indonesia.",accept_other,codex_pos_exact_hierarchy_review,project_owner_adjudication,approved
pos_indonesia_postcode_search,2026-08-11,32.03.30.2006,NAGASARI,43277,https://kodepos.posindonesia.co.id/CariKodepos,"Exact village, district, city, and province match on Pos Indonesia.",accept_other,codex_pos_exact_hierarchy_review,project_owner_adjudication,approved
pos_indonesia_postcode_search,2026-08-11,32.03.30.2007,SUKASIRNA,43277,https://kodepos.posindonesia.co.id/CariKodepos,"Exact village, district, city, and province match on Pos Indonesia.",accept_other,codex_pos_exact_hierarchy_review,project_owner_adjudication,approved
pos_indonesia_postcode_search,2026-08-11,32.03.30.2008,SUKAMULYA,43277,https://kodepos.posindonesia.co.id/CariKodepos,"Exact village, district, city, and province match on Pos Indonesia.",accept_other,codex_pos_exact_hierarchy_review,project_owner_adjudication,approved
pos_indonesia_postcode_search,2026-08-11,32.03.30.2009,SIRNASARI,43277,https://kodepos.posindonesia.co.id/CariKodepos,"Exact village, district, city, and province match on Pos Indonesia.",accept_other,codex_pos_exact_hierarchy_review,project_owner_adjudication,approved
pos_indonesia_postcode_search,2026-08-11,32.03.30.2010,KARYAMUKTI,43277,https://kodepos.posindonesia.co.id/CariKodepos,"Exact village, district, city, and province match on Pos Indonesia.",accept_other,codex_pos_exact_hierarchy_review,project_owner_adjudication,approved
pos_indonesia_postcode_search,2026-08-11,32.03.30.2011,MANDALAWANGI,43277,https://kodepos.posindonesia.co.id/CariKodepos,"Exact village, district, city, and province match on Pos Indonesia.",accept_other,codex_pos_exact_hierarchy_review,project_owner_adjudication,approved
pos_indonesia_postcode_search,2026-08-11,32.03.30.2012,SINDANGSARI,43277,https://kodepos.posindonesia.co.id/CariKodepos,"Exact village, district, city, and province match on Pos Indonesia.",accept_other,codex_pos_exact_hierarchy_review,project_owner_adjudication,approved
pos_indonesia_postcode_search,2026-08-11,32.03.32.2001,SIMPANG,43279,https://kodepos.posindonesia.co.id/CariKodepos,"Exact village, district, city, and province match on Pos Indonesia.",accept_other,codex_pos_exact_hierarchy_review,project_owner_adjudication,approved
pos_indonesia_postcode_search,2026-08-11,32.03.32.2002,KALIBARU,43279,https://kodepos.posindonesia.co.id/CariKodepos,"Exact village, district, city, and province match on Pos Indonesia.",accept_other,codex_pos_exact_hierarchy_review,project_owner_adjudication,approved
pos_indonesia_postcode_search,2026-08-11,32.03.32.2003,PUSAKAJAYA,43279,https://kodepos.posindonesia.co.id/CariKodepos,"Exact village, district, city, and province match on Pos Indonesia.",accept_other,codex_pos_exact_hierarchy_review,project_owner_adjudication,approved
pos_indonesia_postcode_search,2026-08-11,32.03.32.2004,KUBANG,43279,https://kodepos.posindonesia.co.id/CariKodepos,"Exact village, district, city, and province match on Pos Indonesia.",accept_other,codex_pos_exact_hierarchy_review,project_owner_adjudication,approved
pos_indonesia_postcode_search,2026-08-11,32.03.32.2005,GIRIMUKTI,43279,https://kodepos.posindonesia.co.id/CariKodepos,"Exact village, district, city, and province match on Pos Indonesia.",accept_other,codex_pos_exact_hierarchy_review,project_owner_adjudication,approved
pos_indonesia_postcode_search,2026-08-11,32.03.32.2006,KARANGJAYA,43279,https://kodepos.posindonesia.co.id/CariKodepos,"Exact village, district, city, and province match on Pos Indonesia.",accept_other,codex_pos_exact_hierarchy_review,project_owner_adjudication,approved
pos_indonesia_postcode_search,2026-08-11,32.03.32.2007,MEKARMULYA,43279,https://kodepos.posindonesia.co.id/CariKodepos,"Exact village, district, city, and province match on Pos Indonesia.",accept_other,codex_pos_exact_hierarchy_review,project_owner_adjudication,approved
pos_indonesia_postcode_search,2026-08-11,32.03.32.2008,GIRIJAYA,43279,https://kodepos.posindonesia.co.id/CariKodepos,"Exact village, district, city, and province match on Pos Indonesia.",accept_other,codex_pos_exact_hierarchy_review,project_owner_adjudication,approved
pos_indonesia_postcode_search,2026-08-11,32.03.32.2009,PADAMULYA,43279,https://kodepos.posindonesia.co.id/CariKodepos,"Exact village, district, city, and province match on Pos Indonesia.",accept_other,codex_pos_exact_hierarchy_review,project_owner_adjudication,approved
pos_indonesia_postcode_search,2026-08-11,32.04.05.2001,CILEUNYI KULON,40393,https://kodepos.posindonesia.co.id/CariKodepos,"Exact village, district, city, and province match on Pos Indonesia.",accept_other,codex_pos_exact_hierarchy_review,project_owner_adjudication,approved
pos_indonesia_postcode_search,2026-08-11,32.04.05.2002,CILEUNYI WETAN,40393,https://kodepos.posindonesia.co.id/CariKodepos,"Exact village, district, city, and province match on Pos Indonesia.",accept_other,codex_pos_exact_hierarchy_review,project_owner_adjudication,approved
pos_indonesia_postcode_search,2026-08-11,32.04.05.2003,CIMEKAR,40393,https://kodepos.posindonesia.co.id/CariKodepos,"Exact village, district, city, and province match on Pos Indonesia.",accept_other,codex_pos_exact_hierarchy_review,project_owner_adjudication,approved
pos_indonesia_postcode_search,2026-08-11,32.04.05.2004,CINUNUK,40393,https://kodepos.posindonesia.co.id/CariKodepos,"Exact village, district, city, and province match on Pos Indonesia.",accept_other,codex_pos_exact_hierarchy_review,project_owner_adjudication,approved
pos_indonesia_postcode_search,2026-08-11,32.04.05.2005,CIBIRU HILIR,40393,https://kodepos.posindonesia.co.id/CariKodepos,"Exact village, district, city, and province match on Pos Indonesia.",accept_other,codex_pos_exact_hierarchy_review,project_owner_adjudication,approved
pos_indonesia_postcode_search,2026-08-11,32.04.05.2006,CIBIRU WETAN,40393,https://kodepos.posindonesia.co.id/CariKodepos,"Exact village, district, city, and province match on Pos Indonesia.",accept_other,codex_pos_exact_hierarchy_review,project_owner_adjudication,approved
pos_indonesia_postcode_search,2026-08-11,32.04.07.2001,JATIENDAH,40392,https://kodepos.posindonesia.co.id/CariKodepos,"Exact village, district, city, and province match on Pos Indonesia.",accept_other,codex_pos_exact_hierarchy_review,project_owner_adjudication,approved
pos_indonesia_postcode_search,2026-08-11,32.04.07.2002,CILENGKRANG,40392,https://kodepos.posindonesia.co.id/CariKodepos,"Exact village, district, city, and province match on Pos Indonesia.",accept_other,codex_pos_exact_hierarchy_review,project_owner_adjudication,approved
pos_indonesia_postcode_search,2026-08-11,32.04.07.2003,CIPANJALU,40392,https://kodepos.posindonesia.co.id/CariKodepos,"Exact village, district, city, and province match on Pos Indonesia.",accept_other,codex_pos_exact_hierarchy_review,project_owner_adjudication,approved
pos_indonesia_postcode_search,2026-08-11,32.04.07.2004,MELATIWANGI,40392,https://kodepos.posindonesia.co.id/CariKodepos,"Exact village, district, city, and province match on Pos Indonesia.",accept_other,codex_pos_exact_hierarchy_review,project_owner_adjudication,approved
pos_indonesia_postcode_search,2026-08-11,32.04.07.2005,CIPOREAT,40392,https://kodepos.posindonesia.co.id/CariKodepos,"Exact village, district, city, and province match on Pos Indonesia.",accept_other,codex_pos_exact_hierarchy_review,project_owner_adjudication,approved
pos_indonesia_postcode_search,2026-08-11,32.04.07.2006,GIRIMEKAR,40392,https://kodepos.posindonesia.co.id/CariKodepos,"Exact village, district, city, and province match on Pos Indonesia.",accept_other,codex_pos_exact_hierarchy_review,project_owner_adjudication,approved
pos_indonesia_postcode_search,2026-08-11,32.04.08.2001,LENGKONG,40354,https://kodepos.posindonesia.co.id/CariKodepos,"Exact village, district, city, and province match on Pos Indonesia.",accept_other,codex_pos_exact_hierarchy_review,project_owner_adjudication,approved
pos_indonesia_postcode_search,2026-08-11,32.04.08.2002,BOJONGSOANG,40354,https://kodepos.posindonesia.co.id/CariKodepos,"Exact village, district, city, and province match on Pos Indonesia.",accept_other,codex_pos_exact_hierarchy_review,project_owner_adjudication,approved
pos_indonesia_postcode_search,2026-08-11,32.04.08.2003,BUAHBATU,40354,https://kodepos.posindonesia.co.id/CariKodepos,"Exact village, district, city, and province match on Pos Indonesia.",accept_other,codex_pos_exact_hierarchy_review,project_owner_adjudication,approved
pos_indonesia_postcode_search,2026-08-11,32.04.08.2004,CIPAGALO,40354,https://kodepos.posindonesia.co.id/CariKodepos,"Exact village, district, city, and province match on Pos Indonesia.",accept_other,codex_pos_exact_hierarchy_review,project_owner_adjudication,approved
pos_indonesia_postcode_search,2026-08-11,32.04.08.2005,BOJONGSARI,40354,https://kodepos.posindonesia.co.id/CariKodepos,"Exact village, district, city, and province match on Pos Indonesia.",accept_other,codex_pos_exact_hierarchy_review,project_owner_adjudication,approved
pos_indonesia_postcode_search,2026-08-11,32.04.08.2006,TEGALLUAR,40354,https://kodepos.posindonesia.co.id/CariKodepos,"Exact village, district, city, and province match on Pos Indonesia.",accept_other,codex_pos_exact_hierarchy_review,project_owner_adjudication,approved
pos_indonesia_postcode_search,2026-08-11,32.04.09.1004,SULAIMAN,40229,https://kodepos.posindonesia.co.id/CariKodepos,"Exact village, district, city, and province match on Pos Indonesia.",accept_suggested,codex_pos_exact_hierarchy_review,project_owner_adjudication,approved
pos_indonesia_postcode_search,2026-08-11,32.04.09.2001,MARGAHAYU TENGAH,40225,https://kodepos.posindonesia.co.id/CariKodepos,"Exact village, district, city, and province match on Pos Indonesia.",accept_suggested,codex_pos_exact_hierarchy_review,project_owner_adjudication,approved
pos_indonesia_postcode_search,2026-08-11,32.04.09.2002,MAGAHAYU SELATAN,40225,https://kodepos.posindonesia.co.id/CariKodepos,"Exact village, district, city, and province match on Pos Indonesia.",accept_other,codex_pos_exact_hierarchy_review,project_owner_adjudication,approved
pos_indonesia_postcode_search,2026-08-11,32.04.09.2003,SUKAMENAK,40227,https://kodepos.posindonesia.co.id/CariKodepos,"Exact village, district, city, and province match on Pos Indonesia.",accept_suggested,codex_pos_exact_hierarchy_review,project_owner_adjudication,approved
pos_indonesia_postcode_search,2026-08-11,32.04.09.2005,SAYATI,40228,https://kodepos.posindonesia.co.id/CariKodepos,"Exact village, district, city, and province match on Pos Indonesia.",accept_suggested,codex_pos_exact_hierarchy_review,project_owner_adjudication,approved
pos_indonesia_postcode_search,2026-08-11,32.04.10.2001,MARGAASIH,40215,https://kodepos.posindonesia.co.id/CariKodepos,"Exact village, district, city, and province match on Pos Indonesia.",accept_suggested,codex_pos_exact_hierarchy_review,project_owner_adjudication,approved
pos_indonesia_postcode_search,2026-08-11,32.04.10.2002,LAGADAR,40215,https://kodepos.posindonesia.co.id/CariKodepos,"Exact village, district, city, and province match on Pos Indonesia.",accept_other,codex_pos_exact_hierarchy_review,project_owner_adjudication,approved
pos_indonesia_postcode_search,2026-08-11,32.04.10.2003,NANJUNG,40215,https://kodepos.posindonesia.co.id/CariKodepos,"Exact village, district, city, and province match on Pos Indonesia.",accept_other,codex_pos_exact_hierarchy_review,project_owner_adjudication,approved
pos_indonesia_postcode_search,2026-08-11,32.04.10.2004,MEKARRAHAYU,40219,https://kodepos.posindonesia.co.id/CariKodepos,"Exact village, district, city, and province match on Pos Indonesia.",accept_other,codex_pos_exact_hierarchy_review,project_owner_adjudication,approved
pos_indonesia_postcode_search,2026-08-11,32.04.10.2005,RAHAYU,40215,https://kodepos.posindonesia.co.id/CariKodepos,"Exact village, district, city, and province match on Pos Indonesia.",accept_other,codex_pos_exact_hierarchy_review,project_owner_adjudication,approved
pos_indonesia_postcode_search,2026-08-11,32.04.10.2006,CIGONDEWAH HILIR,40215,https://kodepos.posindonesia.co.id/CariKodepos,"Exact village, district, city, and province match on Pos Indonesia.",accept_other,codex_pos_exact_hierarchy_review,project_owner_adjudication,approved
pos_indonesia_postcode_search,2026-08-11,32.04.11.2001,SANGKANHURIP,40355,https://kodepos.posindonesia.co.id/CariKodepos,"Exact village, district, city, and province match on Pos Indonesia.",accept_other,codex_pos_exact_hierarchy_review,project_owner_adjudication,approved
pos_indonesia_postcode_search,2026-08-11,32.04.11.2002,KATAPANG,40355,https://kodepos.posindonesia.co.id/CariKodepos,"Exact village, district, city, and province match on Pos Indonesia.",accept_other,codex_pos_exact_hierarchy_review,project_owner_adjudication,approved
pos_indonesia_postcode_search,2026-08-11,32.04.11.2004,GANDASARI,40355,https://kodepos.posindonesia.co.id/CariKodepos,"Exact village, district, city, and province match on Pos Indonesia.",accept_other,codex_pos_exact_hierarchy_review,project_owner_adjudication,approved
pos_indonesia_postcode_search,2026-08-11,32.04.11.2006,SUKAMUKTI,40355,https://kodepos.posindonesia.co.id/CariKodepos,"Exact village, district, city, and province match on Pos Indonesia.",accept_other,codex_pos_exact_hierarchy_review,project_owner_adjudication,approved
pos_indonesia_postcode_search,2026-08-11,32.04.11.2007,CILAMPENI,40355,https://kodepos.posindonesia.co.id/CariKodepos,"Exact village, district, city, and province match on Pos Indonesia.",accept_other,codex_pos_exact_hierarchy_review,project_owner_adjudication,approved
pos_indonesia_postcode_search,2026-08-11,32.04.11.2008,PANGAUBAN,40355,https://kodepos.posindonesia.co.id/CariKodepos,"Exact village, district, city, and province match on Pos Indonesia.",accept_other,codex_pos_exact_hierarchy_review,project_owner_adjudication,approved
pos_indonesia_postcode_search,2026-08-11,32.04.11.2009,BANYUSARI,40355,https://kodepos.posindonesia.co.id/CariKodepos,"Exact village, district, city, and province match on Pos Indonesia.",accept_other,codex_pos_exact_hierarchy_review,project_owner_adjudication,approved
pos_indonesia_postcode_search,2026-08-11,32.04.12.1001,PASAWAHAN,40353,https://kodepos.posindonesia.co.id/CariKodepos,"Exact village, district, city, and province match on Pos Indonesia.",accept_other,codex_pos_exact_hierarchy_review,project_owner_adjudication,approved
pos_indonesia_postcode_search,2026-08-11,32.04.12.2002,DAYEUHKOLOT,40353,https://kodepos.posindonesia.co.id/CariKodepos,"Exact village, district, city, and province match on Pos Indonesia.",accept_other,codex_pos_exact_hierarchy_review,project_owner_adjudication,approved
pos_indonesia_postcode_search,2026-08-11,32.04.12.2003,CANGKUANG WETAN,40353,https://kodepos.posindonesia.co.id/CariKodepos,"Exact village, district, city, and province match on Pos Indonesia.",accept_other,codex_pos_exact_hierarchy_review,project_owner_adjudication,approved
pos_indonesia_postcode_search,2026-08-11,32.04.12.2004,CANGKUANG KULON,40353,https://kodepos.posindonesia.co.id/CariKodepos,"Exact village, district, city, and province match on Pos Indonesia.",accept_other,codex_pos_exact_hierarchy_review,project_owner_adjudication,approved
pos_indonesia_postcode_search,2026-08-11,32.04.12.2005,SUKAPURA,40353,https://kodepos.posindonesia.co.id/CariKodepos,"Exact village, district, city, and province match on Pos Indonesia.",accept_other,codex_pos_exact_hierarchy_review,project_owner_adjudication,approved
pos_indonesia_postcode_search,2026-08-11,32.04.12.2006,CITEUREUP,40353,https://kodepos.posindonesia.co.id/CariKodepos,"Exact village, district, city, and province match on Pos Indonesia.",accept_other,codex_pos_exact_hierarchy_review,project_owner_adjudication,approved
pos_indonesia_postcode_search,2026-08-11,32.04.17.2006,MEKARSARI,40374,https://kodepos.posindonesia.co.id/CariKodepos,"Exact village, district, city, and province match on Pos Indonesia.",accept_other,codex_pos_exact_hierarchy_review,project_owner_adjudication,approved
pos_indonesia_postcode_search,2026-08-11,32.04.26.2001,NAGREG,40397,https://kodepos.posindonesia.co.id/CariKodepos,"Exact village, district, city, and province match on Pos Indonesia.",accept_other,codex_pos_exact_hierarchy_review,project_owner_adjudication,approved
pos_indonesia_postcode_search,2026-08-11,32.04.26.2002,BOJONG,40397,https://kodepos.posindonesia.co.id/CariKodepos,"Exact village, district, city, and province match on Pos Indonesia.",accept_other,codex_pos_exact_hierarchy_review,project_owner_adjudication,approved
pos_indonesia_postcode_search,2026-08-11,32.04.26.2003,CIARO,40397,https://kodepos.posindonesia.co.id/CariKodepos,"Exact village, district, city, and province match on Pos Indonesia.",accept_other,codex_pos_exact_hierarchy_review,project_owner_adjudication,approved
pos_indonesia_postcode_search,2026-08-11,32.04.26.2004,CIHERANG,40397,https://kodepos.posindonesia.co.id/CariKodepos,"Exact village, district, city, and province match on Pos Indonesia.",accept_other,codex_pos_exact_hierarchy_review,project_owner_adjudication,approved
pos_indonesia_postcode_search,2026-08-11,32.04.26.2005,CITAMAN,40397,https://kodepos.posindonesia.co.id/CariKodepos,"Exact village, district, city, and province match on Pos Indonesia.",accept_other,codex_pos_exact_hierarchy_review,project_owner_adjudication,approved
pos_indonesia_postcode_search,2026-08-11,32.04.26.2006,MANDALAWANGI,40397,https://kodepos.posindonesia.co.id/CariKodepos,"Exact village, district, city, and province match on Pos Indonesia.",accept_other,codex_pos_exact_hierarchy_review,project_owner_adjudication,approved
pos_indonesia_postcode_search,2026-08-11,32.04.26.2007,NAGREG KENDAN,40397,https://kodepos.posindonesia.co.id/CariKodepos,"Exact village, district, city, and province match on Pos Indonesia.",accept_other,codex_pos_exact_hierarchy_review,project_owner_adjudication,approved
pos_indonesia_postcode_search,2026-08-11,32.04.26.2008,GANJAR SABAR,40397,https://kodepos.posindonesia.co.id/CariKodepos,"Exact village, district, city, and province match on Pos Indonesia.",accept_other,codex_pos_exact_hierarchy_review,project_owner_adjudication,approved
pos_indonesia_postcode_search,2026-08-11,32.04.32.2007,MALAKASARI,40375,https://kodepos.posindonesia.co.id/CariKodepos,"Exact village, district, city, and province match on Pos Indonesia.",accept_other,codex_pos_exact_hierarchy_review,project_owner_adjudication,approved
pos_indonesia_postcode_search,2026-08-11,32.04.33.2001,MAJALAYA,40382,https://kodepos.posindonesia.co.id/CariKodepos,"Exact village, district, city, and province match on Pos Indonesia.",accept_suggested,codex_pos_exact_hierarchy_review,project_owner_adjudication,approved
pos_indonesia_postcode_search,2026-08-11,32.04.35.2006,SINDANGSARI,40383,https://kodepos.posindonesia.co.id/CariKodepos,"Exact village, district, city, and province match on Pos Indonesia.",accept_suggested,codex_pos_exact_hierarchy_review,project_owner_adjudication,approved
pos_indonesia_postcode_search,2026-08-11,32.04.37.2001,SOREANG,40311,https://kodepos.posindonesia.co.id/CariKodepos,"Exact village, district, city, and province match on Pos Indonesia.",accept_other,codex_pos_exact_hierarchy_review,project_owner_adjudication,approved
pos_indonesia_postcode_search,2026-08-11,32.04.37.2002,SADU,40313,https://kodepos.posindonesia.co.id/CariKodepos,"Exact village, district, city, and province match on Pos Indonesia.",accept_other,codex_pos_exact_hierarchy_review,project_owner_adjudication,approved
pos_indonesia_postcode_search,2026-08-11,32.04.37.2004,PANYIRAPAN,40315,https://kodepos.posindonesia.co.id/CariKodepos,"Exact village, district, city, and province match on Pos Indonesia.",accept_other,codex_pos_exact_hierarchy_review,project_owner_adjudication,approved
pos_indonesia_postcode_search,2026-08-11,32.04.37.2010,SUKAJADI,40311,https://kodepos.posindonesia.co.id/CariKodepos,"Exact village, district, city, and province match on Pos Indonesia.",accept_other,codex_pos_exact_hierarchy_review,project_owner_adjudication,approved
pos_indonesia_postcode_search,2026-08-11,32.04.37.2011,PAMEKARAN,40312,https://kodepos.posindonesia.co.id/CariKodepos,"Exact village, district, city, and province match on Pos Indonesia.",accept_other,codex_pos_exact_hierarchy_review,project_owner_adjudication,approved
pos_indonesia_postcode_search,2026-08-11,32.04.37.2017,KARAMATMULYA,40314,https://kodepos.posindonesia.co.id/CariKodepos,"Exact village, district, city, and province match on Pos Indonesia.",accept_other,codex_pos_exact_hierarchy_review,project_owner_adjudication,approved
pos_indonesia_postcode_search,2026-08-11,32.04.37.2018,SUKANAGARA,40311,https://kodepos.posindonesia.co.id/CariKodepos,"Exact village, district, city, and province match on Pos Indonesia.",accept_other,codex_pos_exact_hierarchy_review,project_owner_adjudication,approved
pos_indonesia_postcode_search,2026-08-11,32.04.37.2019,CINGCIN,40317,https://kodepos.posindonesia.co.id/CariKodepos,"Exact village, district, city, and province match on Pos Indonesia.",accept_other,codex_pos_exact_hierarchy_review,project_owner_adjudication,approved
pos_indonesia_postcode_search,2026-08-11,32.04.37.2020,PARUNGSERAB,40319,https://kodepos.posindonesia.co.id/CariKodepos,"Exact village, district, city, and province match on Pos Indonesia.",accept_other,codex_pos_exact_hierarchy_review,project_owner_adjudication,approved
pos_indonesia_postcode_search,2026-08-11,32.04.37.2021,SEKARWANGI,40318,https://kodepos.posindonesia.co.id/CariKodepos,"Exact village, district, city, and province match on Pos Indonesia.",accept_other,codex_pos_exact_hierarchy_review,project_owner_adjudication,approved
pos_indonesia_postcode_search,2026-08-11,32.04.38.2001,PASIRJAMBU,40364,https://kodepos.posindonesia.co.id/CariKodepos,"Exact village, district, city, and province match on Pos Indonesia.",accept_other,codex_pos_exact_hierarchy_review,project_owner_adjudication,approved
pos_indonesia_postcode_search,2026-08-11,32.04.38.2002,CIBODAS,40364,https://kodepos.posindonesia.co.id/CariKodepos,"Exact village, district, city, and province match on Pos Indonesia.",accept_other,codex_pos_exact_hierarchy_review,project_owner_adjudication,approved
pos_indonesia_postcode_search,2026-08-11,32.04.38.2003,CIKONENG,40364,https://kodepos.posindonesia.co.id/CariKodepos,"Exact village, district, city, and province match on Pos Indonesia.",accept_other,codex_pos_exact_hierarchy_review,project_owner_adjudication,approved
pos_indonesia_postcode_search,2026-08-11,32.04.38.2004,CUKANGGENTENG,40364,https://kodepos.posindonesia.co.id/CariKodepos,"Exact village, district, city, and province match on Pos Indonesia.",accept_other,codex_pos_exact_hierarchy_review,project_owner_adjudication,approved
pos_indonesia_postcode_search,2026-08-11,32.04.38.2005,CISONDARI,40364,https://kodepos.posindonesia.co.id/CariKodepos,"Exact village, district, city, and province match on Pos Indonesia.",accept_other,codex_pos_exact_hierarchy_review,project_owner_adjudication,approved
pos_indonesia_postcode_search,2026-08-11,32.04.38.2006,MARGAMULYA,40364,https://kodepos.posindonesia.co.id/CariKodepos,"Exact village, district, city, and province match on Pos Indonesia.",accept_other,codex_pos_exact_hierarchy_review,project_owner_adjudication,approved
pos_indonesia_postcode_search,2026-08-11,32.04.38.2007,MEKARSARI,40364,https://kodepos.posindonesia.co.id/CariKodepos,"Exact village, district, city, and province match on Pos Indonesia.",accept_other,codex_pos_exact_hierarchy_review,project_owner_adjudication,approved
pos_indonesia_postcode_search,2026-08-11,32.04.38.2008,MEKARMAJU,40364,https://kodepos.posindonesia.co.id/CariKodepos,"Exact village, district, city, and province match on Pos Indonesia.",accept_other,codex_pos_exact_hierarchy_review,project_owner_adjudication,approved
pos_indonesia_postcode_search,2026-08-11,32.04.38.2009,SUGIHMUKTI,40364,https://kodepos.posindonesia.co.id/CariKodepos,"Exact village, district, city, and province match on Pos Indonesia.",accept_other,codex_pos_exact_hierarchy_review,project_owner_adjudication,approved
pos_indonesia_postcode_search,2026-08-11,32.04.38.2010,TENJOLAYA,40364,https://kodepos.posindonesia.co.id/CariKodepos,"Exact village, district, city, and province match on Pos Indonesia.",accept_other,codex_pos_exact_hierarchy_review,project_owner_adjudication,approved
pos_indonesia_postcode_search,2026-08-11,32.04.39.2001,LEBAKMUNCANG,40362,https://kodepos.posindonesia.co.id/CariKodepos,"Exact village, district, city, and province match on Pos Indonesia.",accept_other,codex_pos_exact_hierarchy_review,project_owner_adjudication,approved
pos_indonesia_postcode_search,2026-08-11,32.04.39.2002,CIWIDEY,40362,https://kodepos.posindonesia.co.id/CariKodepos,"Exact village, district, city, and province match on Pos Indonesia.",accept_other,codex_pos_exact_hierarchy_review,project_owner_adjudication,approved
pos_indonesia_postcode_search,2026-08-11,32.04.39.2003,NENGKELAN,40362,https://kodepos.posindonesia.co.id/CariKodepos,"Exact village, district, city, and province match on Pos Indonesia.",accept_other,codex_pos_exact_hierarchy_review,project_owner_adjudication,approved
pos_indonesia_postcode_search,2026-08-11,32.04.39.2004,PANUNDAAN,40362,https://kodepos.posindonesia.co.id/CariKodepos,"Exact village, district, city, and province match on Pos Indonesia.",accept_other,codex_pos_exact_hierarchy_review,project_owner_adjudication,approved
pos_indonesia_postcode_search,2026-08-11,32.04.39.2005,PANYOCOKAN,40362,https://kodepos.posindonesia.co.id/CariKodepos,"Exact village, district, city, and province match on Pos Indonesia.",accept_other,codex_pos_exact_hierarchy_review,project_owner_adjudication,approved
pos_indonesia_postcode_search,2026-08-11,32.04.39.2006,RAWABOGO,40362,https://kodepos.posindonesia.co.id/CariKodepos,"Exact village, district, city, and province match on Pos Indonesia.",accept_other,codex_pos_exact_hierarchy_review,project_owner_adjudication,approved
pos_indonesia_postcode_search,2026-08-11,32.04.39.2007,SUKAWENING,40362,https://kodepos.posindonesia.co.id/CariKodepos,"Exact village, district, city, and province match on Pos Indonesia.",accept_other,codex_pos_exact_hierarchy_review,project_owner_adjudication,approved
pos_indonesia_postcode_search,2026-08-11,32.04.44.2001,CANGKUANG,40361,https://kodepos.posindonesia.co.id/CariKodepos,"Exact village, district, city, and province match on Pos Indonesia.",accept_other,codex_pos_exact_hierarchy_review,project_owner_adjudication,approved
pos_indonesia_postcode_search,2026-08-11,32.04.44.2002,CILUNCAT,40361,https://kodepos.posindonesia.co.id/CariKodepos,"Exact village, district, city, and province match on Pos Indonesia.",accept_other,codex_pos_exact_hierarchy_review,project_owner_adjudication,approved
pos_indonesia_postcode_search,2026-08-11,32.04.44.2003,NAGRAK,40361,https://kodepos.posindonesia.co.id/CariKodepos,"Exact village, district, city, and province match on Pos Indonesia.",accept_other,codex_pos_exact_hierarchy_review,project_owner_adjudication,approved
pos_indonesia_postcode_search,2026-08-11,32.04.44.2004,BANDASARI,40361,https://kodepos.posindonesia.co.id/CariKodepos,"Exact village, district, city, and province match on Pos Indonesia.",accept_other,codex_pos_exact_hierarchy_review,project_owner_adjudication,approved
pos_indonesia_postcode_search,2026-08-11,32.04.44.2005,PANANJUNG,40361,https://kodepos.posindonesia.co.id/CariKodepos,"Exact village, district, city, and province match on Pos Indonesia.",accept_other,codex_pos_exact_hierarchy_review,project_owner_adjudication,approved
pos_indonesia_postcode_search,2026-08-11,32.04.44.2006,JATISARI,40361,https://kodepos.posindonesia.co.id/CariKodepos,"Exact village, district, city, and province match on Pos Indonesia.",accept_other,codex_pos_exact_hierarchy_review,project_owner_adjudication,approved
pos_indonesia_postcode_search,2026-08-11,32.04.44.2007,TANJUNGSARI,40361,https://kodepos.posindonesia.co.id/CariKodepos,"Exact village, district, city, and province match on Pos Indonesia.",accept_other,codex_pos_exact_hierarchy_review,project_owner_adjudication,approved
pos_indonesia_postcode_search,2026-08-11,32.04.46.2001,JELEGONG,40356,https://kodepos.posindonesia.co.id/CariKodepos,"Exact village, district, city, and province match on Pos Indonesia.",accept_other,codex_pos_exact_hierarchy_review,project_owner_adjudication,approved
pos_indonesia_postcode_search,2026-08-11,32.04.46.2002,JATISARI,40356,https://kodepos.posindonesia.co.id/CariKodepos,"Exact village, district, city, and province match on Pos Indonesia.",accept_other,codex_pos_exact_hierarchy_review,project_owner_adjudication,approved
pos_indonesia_postcode_search,2026-08-11,32.04.46.2003,PAMEUNTASAN,40356,https://kodepos.posindonesia.co.id/CariKodepos,"Exact village, district, city, and province match on Pos Indonesia.",accept_other,codex_pos_exact_hierarchy_review,project_owner_adjudication,approved
pos_indonesia_postcode_search,2026-08-11,32.04.46.2004,KOPO,40356,https://kodepos.posindonesia.co.id/CariKodepos,"Exact village, district, city, and province match on Pos Indonesia.",accept_other,codex_pos_exact_hierarchy_review,project_owner_adjudication,approved
pos_indonesia_postcode_search,2026-08-11,32.04.46.2005,CIBODAS,40356,https://kodepos.posindonesia.co.id/CariKodepos,"Exact village, district, city, and province match on Pos Indonesia.",accept_other,codex_pos_exact_hierarchy_review,project_owner_adjudication,approved
pos_indonesia_postcode_search,2026-08-11,32.04.46.2006,KUTAWARINGIN,40356,https://kodepos.posindonesia.co.id/CariKodepos,"Exact village, district, city, and province match on Pos Indonesia.",accept_other,codex_pos_exact_hierarchy_review,project_owner_adjudication,approved
pos_indonesia_postcode_search,2026-08-11,32.04.46.2007,SUKAMULYA,40356,https://kodepos.posindonesia.co.id/CariKodepos,"Exact village, district, city, and province match on Pos Indonesia.",accept_other,codex_pos_exact_hierarchy_review,project_owner_adjudication,approved
pos_indonesia_postcode_search,2026-08-11,32.04.46.2008,PADASUKA,40356,https://kodepos.posindonesia.co.id/CariKodepos,"Exact village, district, city, and province match on Pos Indonesia.",accept_other,codex_pos_exact_hierarchy_review,project_owner_adjudication,approved
pos_indonesia_postcode_search,2026-08-11,32.04.46.2009,BUNINAGARA,40356,https://kodepos.posindonesia.co.id/CariKodepos,"Exact village, district, city, and province match on Pos Indonesia.",accept_other,codex_pos_exact_hierarchy_review,project_owner_adjudication,approved
pos_indonesia_postcode_search,2026-08-11,32.04.46.2010,GAJAH MEKAR,40356,https://kodepos.posindonesia.co.id/CariKodepos,"Exact village, district, city, and province match on Pos Indonesia.",accept_other,codex_pos_exact_hierarchy_review,project_owner_adjudication,approved
pos_indonesia_postcode_search,2026-08-11,32.04.46.2011,CILAME,40356,https://kodepos.posindonesia.co.id/CariKodepos,"Exact village, district, city, and province match on Pos Indonesia.",accept_other,codex_pos_exact_hierarchy_review,project_owner_adjudication,approved
pos_indonesia_postcode_search,2026-08-11,32.05.01.1003,MARGAWATI,44119,https://kodepos.posindonesia.co.id/CariKodepos,"Exact village, district, city, and province match on Pos Indonesia.",accept_other,codex_pos_exact_hierarchy_review,project_owner_adjudication,approved
pos_indonesia_postcode_search,2026-08-11,32.05.01.1010,SUKANEGLA,44119,https://kodepos.posindonesia.co.id/CariKodepos,"Exact village, district, city, and province match on Pos Indonesia.",accept_other,codex_pos_exact_hierarchy_review,project_owner_adjudication,approved
pos_indonesia_postcode_search,2026-08-11,32.05.04.1012,PANANJUNG,44135,https://kodepos.posindonesia.co.id/CariKodepos,"Exact village, district, city, and province match on Pos Indonesia.",accept_other,codex_pos_exact_hierarchy_review,project_owner_adjudication,approved
pos_indonesia_postcode_search,2026-08-11,32.05.04.2001,SUKAJADI,44138,https://kodepos.posindonesia.co.id/CariKodepos,"Exact village, district, city, and province match on Pos Indonesia.",accept_other,codex_pos_exact_hierarchy_review,project_owner_adjudication,approved
pos_indonesia_postcode_search,2026-08-11,32.05.04.2002,CIMANGANTEN,44131,https://kodepos.posindonesia.co.id/CariKodepos,"Exact village, district, city, and province match on Pos Indonesia.",accept_other,codex_pos_exact_hierarchy_review,project_owner_adjudication,approved
pos_indonesia_postcode_search,2026-08-11,32.05.04.2003,JATI,44132,https://kodepos.posindonesia.co.id/CariKodepos,"Exact village, district, city, and province match on Pos Indonesia.",accept_other,codex_pos_exact_hierarchy_review,project_owner_adjudication,approved
pos_indonesia_postcode_search,2026-08-11,32.05.04.2004,RANCABANGO,44136,https://kodepos.posindonesia.co.id/CariKodepos,"Exact village, district, city, and province match on Pos Indonesia.",accept_other,codex_pos_exact_hierarchy_review,project_owner_adjudication,approved
pos_indonesia_postcode_search,2026-08-11,32.05.04.2005,SUKAWANGI,44138,https://kodepos.posindonesia.co.id/CariKodepos,"Exact village, district, city, and province match on Pos Indonesia.",accept_other,codex_pos_exact_hierarchy_review,project_owner_adjudication,approved
pos_indonesia_postcode_search,2026-08-11,32.05.04.2006,SIRNAJAYA,44139,https://kodepos.posindonesia.co.id/CariKodepos,"Exact village, district, city, and province match on Pos Indonesia.",accept_other,codex_pos_exact_hierarchy_review,project_owner_adjudication,approved
pos_indonesia_postcode_search,2026-08-11,32.05.04.2007,TANJUNG KAMUNING,44137,https://kodepos.posindonesia.co.id/CariKodepos,"Exact village, district, city, and province match on Pos Indonesia.",accept_other,codex_pos_exact_hierarchy_review,project_owner_adjudication,approved
pos_indonesia_postcode_search,2026-08-11,32.05.04.2008,MEKARJAYA,44139,https://kodepos.posindonesia.co.id/CariKodepos,"Exact village, district, city, and province match on Pos Indonesia.",accept_other,codex_pos_exact_hierarchy_review,project_owner_adjudication,approved
pos_indonesia_postcode_search,2026-08-11,32.05.04.2009,LANGENSARI,44134,https://kodepos.posindonesia.co.id/CariKodepos,"Exact village, district, city, and province match on Pos Indonesia.",accept_other,codex_pos_exact_hierarchy_review,project_owner_adjudication,approved
pos_indonesia_postcode_search,2026-08-11,32.05.04.2010,MEKARWANGI,44139,https://kodepos.posindonesia.co.id/CariKodepos,"Exact village, district, city, and province match on Pos Indonesia.",accept_other,codex_pos_exact_hierarchy_review,project_owner_adjudication,approved
pos_indonesia_postcode_search,2026-08-11,32.05.04.2011,PASAWAHAN,44133,https://kodepos.posindonesia.co.id/CariKodepos,"Exact village, district, city, and province match on Pos Indonesia.",accept_other,codex_pos_exact_hierarchy_review,project_owner_adjudication,approved
pos_indonesia_postcode_search,2026-08-11,32.05.04.2013,PANJIWANGI,44138,https://kodepos.posindonesia.co.id/CariKodepos,"Exact village, district, city, and province match on Pos Indonesia.",accept_other,codex_pos_exact_hierarchy_review,project_owner_adjudication,approved
pos_indonesia_postcode_search,2026-08-11,32.05.08.2001,PASIRWANGI,44154,https://kodepos.posindonesia.co.id/CariKodepos,"Exact village, district, city, and province match on Pos Indonesia.",accept_other,codex_pos_exact_hierarchy_review,project_owner_adjudication,approved
pos_indonesia_postcode_search,2026-08-11,32.05.08.2002,PASIRKIAMIS,44154,https://kodepos.posindonesia.co.id/CariKodepos,"Exact village, district, city, and province match on Pos Indonesia.",accept_other,codex_pos_exact_hierarchy_review,project_owner_adjudication,approved
pos_indonesia_postcode_search,2026-08-11,32.05.08.2003,PADASUKA,44154,https://kodepos.posindonesia.co.id/CariKodepos,"Exact village, district, city, and province match on Pos Indonesia.",accept_other,codex_pos_exact_hierarchy_review,project_owner_adjudication,approved
pos_indonesia_postcode_search,2026-08-11,32.05.08.2004,KARYAMEKAR,44154,https://kodepos.posindonesia.co.id/CariKodepos,"Exact village, district, city, and province match on Pos Indonesia.",accept_other,codex_pos_exact_hierarchy_review,project_owner_adjudication,approved
pos_indonesia_postcode_search,2026-08-11,32.05.08.2005,PADAWAAS,44154,https://kodepos.posindonesia.co.id/CariKodepos,"Exact village, district, city, and province match on Pos Indonesia.",accept_other,codex_pos_exact_hierarchy_review,project_owner_adjudication,approved
pos_indonesia_postcode_search,2026-08-11,32.05.08.2006,PADAASIH,44154,https://kodepos.posindonesia.co.id/CariKodepos,"Exact village, district, city, and province match on Pos Indonesia.",accept_other,codex_pos_exact_hierarchy_review,project_owner_adjudication,approved
pos_indonesia_postcode_search,2026-08-11,32.05.08.2007,BARUSARI,44154,https://kodepos.posindonesia.co.id/CariKodepos,"Exact village, district, city, and province match on Pos Indonesia.",accept_other,codex_pos_exact_hierarchy_review,project_owner_adjudication,approved
pos_indonesia_postcode_search,2026-08-11,32.05.08.2008,TALAGA,44154,https://kodepos.posindonesia.co.id/CariKodepos,"Exact village, district, city, and province match on Pos Indonesia.",accept_other,codex_pos_exact_hierarchy_review,project_owner_adjudication,approved
pos_indonesia_postcode_search,2026-08-11,32.05.08.2009,PADAMUKTI,44154,https://kodepos.posindonesia.co.id/CariKodepos,"Exact village, district, city, and province match on Pos Indonesia.",accept_other,codex_pos_exact_hierarchy_review,project_owner_adjudication,approved
pos_indonesia_postcode_search,2026-08-11,32.05.08.2011,SARIMUKTI,44154,https://kodepos.posindonesia.co.id/CariKodepos,"Exact village, district, city, and province match on Pos Indonesia.",accept_other,codex_pos_exact_hierarchy_review,project_owner_adjudication,approved
pos_indonesia_postcode_search,2026-08-11,32.05.08.2012,PADAMULYA,44154,https://kodepos.posindonesia.co.id/CariKodepos,"Exact village, district, city, and province match on Pos Indonesia.",accept_other,codex_pos_exact_hierarchy_review,project_owner_adjudication,approved
pos_indonesia_postcode_search,2026-08-11,32.05.09.2006,CANGKUANG,44152,https://kodepos.posindonesia.co.id/CariKodepos,"Exact village, district, city, and province match on Pos Indonesia.",accept_other,codex_pos_exact_hierarchy_review,project_owner_adjudication,approved
pos_indonesia_postcode_search,2026-08-11,32.05.16.2001,CARINGIN,44189,https://kodepos.posindonesia.co.id/CariKodepos,"Exact village, district, city, and province match on Pos Indonesia.",accept_other,codex_pos_exact_hierarchy_review,project_owner_adjudication,approved
pos_indonesia_postcode_search,2026-08-11,32.05.16.2002,CINTAMANIK,44189,https://kodepos.posindonesia.co.id/CariKodepos,"Exact village, district, city, and province match on Pos Indonesia.",accept_other,codex_pos_exact_hierarchy_review,project_owner_adjudication,approved
pos_indonesia_postcode_search,2026-08-11,32.05.16.2003,CINTA,44189,https://kodepos.posindonesia.co.id/CariKodepos,"Exact village, district, city, and province match on Pos Indonesia.",accept_other,codex_pos_exact_hierarchy_review,project_owner_adjudication,approved
pos_indonesia_postcode_search,2026-08-11,32.05.16.2004,SINDANGGALIH,44189,https://kodepos.posindonesia.co.id/CariKodepos,"Exact village, district, city, and province match on Pos Indonesia.",accept_other,codex_pos_exact_hierarchy_review,project_owner_adjudication,approved
pos_indonesia_postcode_search,2026-08-11,32.05.17.2018,SUKAMANAH,44162,https://kodepos.posindonesia.co.id/CariKodepos,"Exact village, district, city, and province match on Pos Indonesia.",accept_suggested,codex_pos_exact_hierarchy_review,project_owner_adjudication,approved
pos_indonesia_postcode_search,2026-08-11,32.05.18.2001,CIGEDUG,44156,https://kodepos.posindonesia.co.id/CariKodepos,"Exact village, district, city, and province match on Pos Indonesia.",accept_other,codex_pos_exact_hierarchy_review,project_owner_adjudication,approved
pos_indonesia_postcode_search,2026-08-11,32.05.18.2002,BARUSUDA,44156,https://kodepos.posindonesia.co.id/CariKodepos,"Exact village, district, city, and province match on Pos Indonesia.",accept_other,codex_pos_exact_hierarchy_review,project_owner_adjudication,approved
pos_indonesia_postcode_search,2026-08-11,32.05.18.2003,SUKAHURIP,44156,https://kodepos.posindonesia.co.id/CariKodepos,"Exact village, district, city, and province match on Pos Indonesia.",accept_other,codex_pos_exact_hierarchy_review,project_owner_adjudication,approved
pos_indonesia_postcode_search,2026-08-11,32.05.18.2004,SINDANGSARI,44156,https://kodepos.posindonesia.co.id/CariKodepos,"Exact village, district, city, and province match on Pos Indonesia.",accept_other,codex_pos_exact_hierarchy_review,project_owner_adjudication,approved
pos_indonesia_postcode_search,2026-08-11,32.05.18.2005,CINTANAGARA,44156,https://kodepos.posindonesia.co.id/CariKodepos,"Exact village, district, city, and province match on Pos Indonesia.",accept_other,codex_pos_exact_hierarchy_review,project_owner_adjudication,approved
pos_indonesia_postcode_search,2026-08-11,32.05.22.2012,KRAMATWANGI,44171,https://kodepos.posindonesia.co.id/CariKodepos,"Exact village, district, city, and province match on Pos Indonesia.",accept_suggested,codex_pos_exact_hierarchy_review,project_owner_adjudication,approved
pos_indonesia_postcode_search,2026-08-11,32.05.25.2001,CIHURIP,44179,https://kodepos.posindonesia.co.id/CariKodepos,"Exact village, district, city, and province match on Pos Indonesia.",accept_other,codex_pos_exact_hierarchy_review,project_owner_adjudication,approved
pos_indonesia_postcode_search,2026-08-11,32.05.25.2002,CISANGKAL,44179,https://kodepos.posindonesia.co.id/CariKodepos,"Exact village, district, city, and province match on Pos Indonesia.",accept_other,codex_pos_exact_hierarchy_review,project_owner_adjudication,approved
pos_indonesia_postcode_search,2026-08-11,32.05.25.2003,MEKARWANGI,44179,https://kodepos.posindonesia.co.id/CariKodepos,"Exact village, district, city, and province match on Pos Indonesia.",accept_other,codex_pos_exact_hierarchy_review,project_owner_adjudication,approved
pos_indonesia_postcode_search,2026-08-11,32.05.25.2004,JAYAMUKTI,44179,https://kodepos.posindonesia.co.id/CariKodepos,"Exact village, district, city, and province match on Pos Indonesia.",accept_other,codex_pos_exact_hierarchy_review,project_owner_adjudication,approved
pos_indonesia_postcode_search,2026-08-11,32.05.28.2003,MARGAMULYA,44174,https://kodepos.posindonesia.co.id/CariKodepos,"Exact village, district, city, and province match on Pos Indonesia.",accept_suggested,codex_pos_exact_hierarchy_review,project_owner_adjudication,approved
pos_indonesia_postcode_search,2026-08-11,32.05.29.2002,MAROKO,44176,https://kodepos.posindonesia.co.id/CariKodepos,"Exact village, district, city, and province match on Pos Indonesia.",accept_suggested,codex_pos_exact_hierarchy_review,project_owner_adjudication,approved
pos_indonesia_postcode_search,2026-08-11,32.05.29.2008,MEKAR MUKTI,44176,https://kodepos.posindonesia.co.id/CariKodepos,"Exact village, district, city, and province match on Pos Indonesia.",accept_suggested,codex_pos_exact_hierarchy_review,project_owner_adjudication,approved
pos_indonesia_postcode_search,2026-08-11,32.05.30.2008,GIRIMUKTI,44177,https://kodepos.posindonesia.co.id/CariKodepos,"Exact village, district, city, and province match on Pos Indonesia.",accept_suggested,codex_pos_exact_hierarchy_review,project_owner_adjudication,approved
pos_indonesia_postcode_search,2026-08-11,32.05.31.2006,MARGALAKSANA,44165,https://kodepos.posindonesia.co.id/CariKodepos,"Exact village, district, city, and province match on Pos Indonesia.",accept_suggested,codex_pos_exact_hierarchy_review,project_owner_adjudication,approved
pos_indonesia_postcode_search,2026-08-11,32.05.33.2003,TANJUNGMULYA,44164,https://kodepos.posindonesia.co.id/CariKodepos,"Exact village, district, city, and province match on Pos Indonesia.",accept_suggested,codex_pos_exact_hierarchy_review,project_owner_adjudication,approved
pos_indonesia_postcode_search,2026-08-11,32.05.33.2010,TEGALGEDE,44164,https://kodepos.posindonesia.co.id/CariKodepos,"Exact village, district, city, and province match on Pos Indonesia.",accept_suggested,codex_pos_exact_hierarchy_review,project_owner_adjudication,approved
pos_indonesia_postcode_search,2026-08-11,32.05.34.2001,PAKENJENG,44168,https://kodepos.posindonesia.co.id/CariKodepos,"Exact village, district, city, and province match on Pos Indonesia.",accept_suggested,codex_pos_exact_hierarchy_review,project_owner_adjudication,approved
pos_indonesia_postcode_search,2026-08-11,32.05.34.2002,GARUMUKTI,44168,https://kodepos.posindonesia.co.id/CariKodepos,"Exact village, district, city, and province match on Pos Indonesia.",accept_suggested,codex_pos_exact_hierarchy_review,project_owner_adjudication,approved
pos_indonesia_postcode_search,2026-08-11,32.05.34.2003,PANAWA,44168,https://kodepos.posindonesia.co.id/CariKodepos,"Exact village, district, city, and province match on Pos Indonesia.",accept_suggested,codex_pos_exact_hierarchy_review,project_owner_adjudication,approved
pos_indonesia_postcode_search,2026-08-11,32.05.34.2005,LINGGARJATI,44168,https://kodepos.posindonesia.co.id/CariKodepos,"Exact village, district, city, and province match on Pos Indonesia.",accept_suggested,codex_pos_exact_hierarchy_review,project_owner_adjudication,approved
pos_indonesia_postcode_search,2026-08-11,32.05.36.2001,CARINGIN,44169,https://kodepos.posindonesia.co.id/CariKodepos,"Exact village, district, city, and province match on Pos Indonesia.",accept_other,codex_pos_exact_hierarchy_review,project_owner_adjudication,approved
pos_indonesia_postcode_search,2026-08-11,32.05.36.2002,INDRALAYANG,44169,https://kodepos.posindonesia.co.id/CariKodepos,"Exact village, district, city, and province match on Pos Indonesia.",accept_other,codex_pos_exact_hierarchy_review,project_owner_adjudication,approved
pos_indonesia_postcode_search,2026-08-11,32.05.36.2003,CIMAHI,44169,https://kodepos.posindonesia.co.id/CariKodepos,"Exact village, district, city, and province match on Pos Indonesia.",accept_other,codex_pos_exact_hierarchy_review,project_owner_adjudication,approved
pos_indonesia_postcode_search,2026-08-11,32.05.36.2004,SUKARAME,44169,https://kodepos.posindonesia.co.id/CariKodepos,"Exact village, district, city, and province match on Pos Indonesia.",accept_other,codex_pos_exact_hierarchy_review,project_owner_adjudication,approved
pos_indonesia_postcode_search,2026-08-11,32.05.36.2005,PURBAYANI,44169,https://kodepos.posindonesia.co.id/CariKodepos,"Exact village, district, city, and province match on Pos Indonesia.",accept_other,codex_pos_exact_hierarchy_review,project_owner_adjudication,approved
pos_indonesia_postcode_search,2026-08-11,32.05.37.2003,MEKARMUKTI,44167,https://kodepos.posindonesia.co.id/CariKodepos,"Exact village, district, city, and province match on Pos Indonesia.",accept_suggested,codex_pos_exact_hierarchy_review,project_owner_adjudication,approved
pos_indonesia_postcode_search,2026-08-11,32.05.37.2004,MEKARMULYA,44167,https://kodepos.posindonesia.co.id/CariKodepos,"Exact village, district, city, and province match on Pos Indonesia.",accept_suggested,codex_pos_exact_hierarchy_review,project_owner_adjudication,approved
pos_indonesia_postcode_search,2026-08-11,32.05.41.2001,CITANGTU,44195,https://kodepos.posindonesia.co.id/CariKodepos,"Exact village, district, city, and province match on Pos Indonesia.",accept_other,codex_pos_exact_hierarchy_review,project_owner_adjudication,approved
pos_indonesia_postcode_search,2026-08-11,32.05.41.2002,CIMARABAS,44195,https://kodepos.posindonesia.co.id/CariKodepos,"Exact village, district, city, and province match on Pos Indonesia.",accept_other,codex_pos_exact_hierarchy_review,project_owner_adjudication,approved
pos_indonesia_postcode_search,2026-08-11,32.05.41.2003,BABAKAN LOA,44195,https://kodepos.posindonesia.co.id/CariKodepos,"Exact village, district, city, and province match on Pos Indonesia.",accept_other,codex_pos_exact_hierarchy_review,project_owner_adjudication,approved
pos_indonesia_postcode_search,2026-08-11,32.05.41.2004,SUKAHURIP,44195,https://kodepos.posindonesia.co.id/CariKodepos,"Exact village, district, city, and province match on Pos Indonesia.",accept_other,codex_pos_exact_hierarchy_review,project_owner_adjudication,approved
pos_indonesia_postcode_search,2026-08-11,32.05.41.2005,SUKAMULYA,44195,https://kodepos.posindonesia.co.id/CariKodepos,"Exact village, district, city, and province match on Pos Indonesia.",accept_other,codex_pos_exact_hierarchy_review,project_owner_adjudication,approved
pos_indonesia_postcode_search,2026-08-11,32.05.41.2006,CIHUNI,44195,https://kodepos.posindonesia.co.id/CariKodepos,"Exact village, district, city, and province match on Pos Indonesia.",accept_other,codex_pos_exact_hierarchy_review,project_owner_adjudication,approved
pos_indonesia_postcode_search,2026-08-11,32.05.41.2007,SUKARASA,44195,https://kodepos.posindonesia.co.id/CariKodepos,"Exact village, district, city, and province match on Pos Indonesia.",accept_other,codex_pos_exact_hierarchy_review,project_owner_adjudication,approved
pos_indonesia_postcode_search,2026-08-11,32.05.41.2008,KARANGSARI,44195,https://kodepos.posindonesia.co.id/CariKodepos,"Exact village, district, city, and province match on Pos Indonesia.",accept_other,codex_pos_exact_hierarchy_review,project_owner_adjudication,approved
pos_indonesia_postcode_search,2026-08-11,32.05.42.2001,SADANG,44196,https://kodepos.posindonesia.co.id/CariKodepos,"Exact village, district, city, and province match on Pos Indonesia.",accept_other,codex_pos_exact_hierarchy_review,project_owner_adjudication,approved
pos_indonesia_postcode_search,2026-08-11,32.05.42.2002,SUKARATU,44196,https://kodepos.posindonesia.co.id/CariKodepos,"Exact village, district, city, and province match on Pos Indonesia.",accept_other,codex_pos_exact_hierarchy_review,project_owner_adjudication,approved
pos_indonesia_postcode_search,2026-08-11,32.05.42.2003,TENJONAGARA,44196,https://kodepos.posindonesia.co.id/CariKodepos,"Exact village, district, city, and province match on Pos Indonesia.",accept_other,codex_pos_exact_hierarchy_review,project_owner_adjudication,approved
pos_indonesia_postcode_search,2026-08-11,32.05.42.2004,TEGALPANJANG,44196,https://kodepos.posindonesia.co.id/CariKodepos,"Exact village, district, city, and province match on Pos Indonesia.",accept_other,codex_pos_exact_hierarchy_review,project_owner_adjudication,approved
pos_indonesia_postcode_search,2026-08-11,32.05.42.2005,CIGADOG,44196,https://kodepos.posindonesia.co.id/CariKodepos,"Exact village, district, city, and province match on Pos Indonesia.",accept_other,codex_pos_exact_hierarchy_review,project_owner_adjudication,approved
pos_indonesia_postcode_search,2026-08-11,32.05.42.2006,LINGGAMUKTI,44196,https://kodepos.posindonesia.co.id/CariKodepos,"Exact village, district, city, and province match on Pos Indonesia.",accept_other,codex_pos_exact_hierarchy_review,project_owner_adjudication,approved
pos_indonesia_postcode_search,2026-08-11,32.05.42.2007,SUKALAKSANA,44196,https://kodepos.posindonesia.co.id/CariKodepos,"Exact village, district, city, and province match on Pos Indonesia.",accept_other,codex_pos_exact_hierarchy_review,project_owner_adjudication,approved
pos_indonesia_postcode_search,2026-08-11,32.06.01.2005,BANTARKALONG,46489,https://kodepos.posindonesia.co.id/CariKodepos,"Exact village, district, city, and province match on Pos Indonesia.",accept_other,codex_pos_exact_hierarchy_review,project_owner_adjudication,approved
pos_indonesia_postcode_search,2026-08-11,32.06.02.2001,CIDADAP,46486,https://kodepos.posindonesia.co.id/CariKodepos,"Exact village, district, city, and province match on Pos Indonesia.",accept_other,codex_pos_exact_hierarchy_review,project_owner_adjudication,approved
pos_indonesia_postcode_search,2026-08-11,32.06.02.2002,CIAWI,46486,https://kodepos.posindonesia.co.id/CariKodepos,"Exact village, district, city, and province match on Pos Indonesia.",accept_other,codex_pos_exact_hierarchy_review,project_owner_adjudication,approved
pos_indonesia_postcode_search,2026-08-11,32.06.02.2003,CIKUPA,46486,https://kodepos.posindonesia.co.id/CariKodepos,"Exact village, district, city, and province match on Pos Indonesia.",accept_other,codex_pos_exact_hierarchy_review,project_owner_adjudication,approved
pos_indonesia_postcode_search,2026-08-11,32.06.02.2004,KARANGNUNGGAL,46486,https://kodepos.posindonesia.co.id/CariKodepos,"Exact village, district, city, and province match on Pos Indonesia.",accept_other,codex_pos_exact_hierarchy_review,project_owner_adjudication,approved
pos_indonesia_postcode_search,2026-08-11,32.06.02.2005,KARANGMEKAR,46486,https://kodepos.posindonesia.co.id/CariKodepos,"Exact village, district, city, and province match on Pos Indonesia.",accept_other,codex_pos_exact_hierarchy_review,project_owner_adjudication,approved
pos_indonesia_postcode_search,2026-08-11,32.06.02.2006,CIKUKULU,46486,https://kodepos.posindonesia.co.id/CariKodepos,"Exact village, district, city, and province match on Pos Indonesia.",accept_other,codex_pos_exact_hierarchy_review,project_owner_adjudication,approved
pos_indonesia_postcode_search,2026-08-11,32.06.02.2007,CIBATUIRENG,46486,https://kodepos.posindonesia.co.id/CariKodepos,"Exact village, district, city, and province match on Pos Indonesia.",accept_other,codex_pos_exact_hierarchy_review,project_owner_adjudication,approved
pos_indonesia_postcode_search,2026-08-11,32.06.02.2008,CIBATU,46486,https://kodepos.posindonesia.co.id/CariKodepos,"Exact village, district, city, and province match on Pos Indonesia.",accept_other,codex_pos_exact_hierarchy_review,project_owner_adjudication,approved
pos_indonesia_postcode_search,2026-08-11,32.06.02.2009,SARIMANGGU,46486,https://kodepos.posindonesia.co.id/CariKodepos,"Exact village, district, city, and province match on Pos Indonesia.",accept_other,codex_pos_exact_hierarchy_review,project_owner_adjudication,approved
pos_indonesia_postcode_search,2026-08-11,32.06.02.2010,SUKAWANGUN,46486,https://kodepos.posindonesia.co.id/CariKodepos,"Exact village, district, city, and province match on Pos Indonesia.",accept_other,codex_pos_exact_hierarchy_review,project_owner_adjudication,approved
pos_indonesia_postcode_search,2026-08-11,32.06.02.2011,CINTAWANGI,46486,https://kodepos.posindonesia.co.id/CariKodepos,"Exact village, district, city, and province match on Pos Indonesia.",accept_other,codex_pos_exact_hierarchy_review,project_owner_adjudication,approved
pos_indonesia_postcode_search,2026-08-11,32.06.02.2012,CIKAPINIS,46486,https://kodepos.posindonesia.co.id/CariKodepos,"Exact village, district, city, and province match on Pos Indonesia.",accept_other,codex_pos_exact_hierarchy_review,project_owner_adjudication,approved
pos_indonesia_postcode_search,2026-08-11,32.06.02.2013,SARIMUKTI,46486,https://kodepos.posindonesia.co.id/CariKodepos,"Exact village, district, city, and province match on Pos Indonesia.",accept_other,codex_pos_exact_hierarchy_review,project_owner_adjudication,approved
pos_indonesia_postcode_search,2026-08-11,32.06.02.2014,KUJANG,46486,https://kodepos.posindonesia.co.id/CariKodepos,"Exact village, district, city, and province match on Pos Indonesia.",accept_other,codex_pos_exact_hierarchy_review,project_owner_adjudication,approved
pos_indonesia_postcode_search,2026-08-11,32.06.03.2001,CIKALONG,46495,https://kodepos.posindonesia.co.id/CariKodepos,"Exact village, district, city, and province match on Pos Indonesia.",accept_other,codex_pos_exact_hierarchy_review,project_owner_adjudication,approved
pos_indonesia_postcode_search,2026-08-11,32.06.03.2002,KALAPAGENEP,46495,https://kodepos.posindonesia.co.id/CariKodepos,"Exact village, district, city, and province match on Pos Indonesia.",accept_other,codex_pos_exact_hierarchy_review,project_owner_adjudication,approved
pos_indonesia_postcode_search,2026-08-11,32.06.03.2003,CIKANCRA,46495,https://kodepos.posindonesia.co.id/CariKodepos,"Exact village, district, city, and province match on Pos Indonesia.",accept_other,codex_pos_exact_hierarchy_review,project_owner_adjudication,approved
pos_indonesia_postcode_search,2026-08-11,32.06.03.2004,SINGKIR,46495,https://kodepos.posindonesia.co.id/CariKodepos,"Exact village, district, city, and province match on Pos Indonesia.",accept_other,codex_pos_exact_hierarchy_review,project_owner_adjudication,approved
pos_indonesia_postcode_search,2026-08-11,32.06.03.2005,PANYIARAN,46495,https://kodepos.posindonesia.co.id/CariKodepos,"Exact village, district, city, and province match on Pos Indonesia.",accept_other,codex_pos_exact_hierarchy_review,project_owner_adjudication,approved
pos_indonesia_postcode_search,2026-08-11,32.06.03.2006,CIBEBER,46495,https://kodepos.posindonesia.co.id/CariKodepos,"Exact village, district, city, and province match on Pos Indonesia.",accept_other,codex_pos_exact_hierarchy_review,project_owner_adjudication,approved
pos_indonesia_postcode_search,2026-08-11,32.06.03.2007,CIKADU,46495,https://kodepos.posindonesia.co.id/CariKodepos,"Exact village, district, city, and province match on Pos Indonesia.",accept_other,codex_pos_exact_hierarchy_review,project_owner_adjudication,approved
pos_indonesia_postcode_search,2026-08-11,32.06.03.2008,MANDALAJAYA,46495,https://kodepos.posindonesia.co.id/CariKodepos,"Exact village, district, city, and province match on Pos Indonesia.",accept_other,codex_pos_exact_hierarchy_review,project_owner_adjudication,approved
pos_indonesia_postcode_search,2026-08-11,32.06.03.2009,CIDADALI,46495,https://kodepos.posindonesia.co.id/CariKodepos,"Exact village, district, city, and province match on Pos Indonesia.",accept_other,codex_pos_exact_hierarchy_review,project_owner_adjudication,approved
pos_indonesia_postcode_search,2026-08-11,32.06.03.2010,CIMANUK,46495,https://kodepos.posindonesia.co.id/CariKodepos,"Exact village, district, city, and province match on Pos Indonesia.",accept_other,codex_pos_exact_hierarchy_review,project_owner_adjudication,approved
pos_indonesia_postcode_search,2026-08-11,32.06.03.2011,SINDANGJAYA,46495,https://kodepos.posindonesia.co.id/CariKodepos,"Exact village, district, city, and province match on Pos Indonesia.",accept_other,codex_pos_exact_hierarchy_review,project_owner_adjudication,approved
pos_indonesia_postcode_search,2026-08-11,32.06.03.2012,KUBANGSARI,46495,https://kodepos.posindonesia.co.id/CariKodepos,"Exact village, district, city, and province match on Pos Indonesia.",accept_other,codex_pos_exact_hierarchy_review,project_owner_adjudication,approved
pos_indonesia_postcode_search,2026-08-11,32.06.03.2013,TONJONGSARI,46495,https://kodepos.posindonesia.co.id/CariKodepos,"Exact village, district, city, and province match on Pos Indonesia.",accept_other,codex_pos_exact_hierarchy_review,project_owner_adjudication,approved
pos_indonesia_postcode_search,2026-08-11,32.06.04.2001,CIBUNIASIH,46494,https://kodepos.posindonesia.co.id/CariKodepos,"Exact village, district, city, and province match on Pos Indonesia.",accept_other,codex_pos_exact_hierarchy_review,project_owner_adjudication,approved
pos_indonesia_postcode_search,2026-08-11,32.06.04.2002,PANGLIARAN,46494,https://kodepos.posindonesia.co.id/CariKodepos,"Exact village, district, city, and province match on Pos Indonesia.",accept_other,codex_pos_exact_hierarchy_review,project_owner_adjudication,approved
pos_indonesia_postcode_search,2026-08-11,32.06.04.2003,TONJONG,46494,https://kodepos.posindonesia.co.id/CariKodepos,"Exact village, district, city, and province match on Pos Indonesia.",accept_other,codex_pos_exact_hierarchy_review,project_owner_adjudication,approved
pos_indonesia_postcode_search,2026-08-11,32.06.04.2004,CIBONGAS,46494,https://kodepos.posindonesia.co.id/CariKodepos,"Exact village, district, city, and province match on Pos Indonesia.",accept_other,codex_pos_exact_hierarchy_review,project_owner_adjudication,approved
pos_indonesia_postcode_search,2026-08-11,32.06.04.2005,TAWANG,46494,https://kodepos.posindonesia.co.id/CariKodepos,"Exact village, district, city, and province match on Pos Indonesia.",accept_other,codex_pos_exact_hierarchy_review,project_owner_adjudication,approved
pos_indonesia_postcode_search,2026-08-11,32.06.04.2006,NEGLASARI,46494,https://kodepos.posindonesia.co.id/CariKodepos,"Exact village, district, city, and province match on Pos Indonesia.",accept_other,codex_pos_exact_hierarchy_review,project_owner_adjudication,approved
pos_indonesia_postcode_search,2026-08-11,32.06.04.2007,CIKAWUNG,46494,https://kodepos.posindonesia.co.id/CariKodepos,"Exact village, district, city, and province match on Pos Indonesia.",accept_other,codex_pos_exact_hierarchy_review,project_owner_adjudication,approved
pos_indonesia_postcode_search,2026-08-11,32.06.04.2008,JAYAMUKTI,46494,https://kodepos.posindonesia.co.id/CariKodepos,"Exact village, district, city, and province match on Pos Indonesia.",accept_other,codex_pos_exact_hierarchy_review,project_owner_adjudication,approved
pos_indonesia_postcode_search,2026-08-11,32.06.04.2009,MARGALUYU,46494,https://kodepos.posindonesia.co.id/CariKodepos,"Exact village, district, city, and province match on Pos Indonesia.",accept_other,codex_pos_exact_hierarchy_review,project_owner_adjudication,approved
pos_indonesia_postcode_search,2026-08-11,32.06.04.2010,MEKARSARI,46494,https://kodepos.posindonesia.co.id/CariKodepos,"Exact village, district, city, and province match on Pos Indonesia.",accept_other,codex_pos_exact_hierarchy_review,project_owner_adjudication,approved
pos_indonesia_postcode_search,2026-08-11,32.06.04.2011,PANCAWANGI,46494,https://kodepos.posindonesia.co.id/CariKodepos,"Exact village, district, city, and province match on Pos Indonesia.",accept_other,codex_pos_exact_hierarchy_review,project_owner_adjudication,approved
pos_indonesia_postcode_search,2026-08-11,32.06.05.2001,GUNUNGSARI,46493,https://kodepos.posindonesia.co.id/CariKodepos,"Exact village, district, city, and province match on Pos Indonesia.",accept_other,codex_pos_exact_hierarchy_review,project_owner_adjudication,approved
pos_indonesia_postcode_search,2026-08-11,32.06.05.2002,CILUMBA,46493,https://kodepos.posindonesia.co.id/CariKodepos,"Exact village, district, city, and province match on Pos Indonesia.",accept_other,codex_pos_exact_hierarchy_review,project_owner_adjudication,approved
pos_indonesia_postcode_search,2026-08-11,32.06.05.2003,PAKEMITAN,46493,https://kodepos.posindonesia.co.id/CariKodepos,"Exact village, district, city, and province match on Pos Indonesia.",accept_other,codex_pos_exact_hierarchy_review,project_owner_adjudication,approved
pos_indonesia_postcode_search,2026-08-11,32.06.05.2004,COGREG,46493,https://kodepos.posindonesia.co.id/CariKodepos,"Exact village, district, city, and province match on Pos Indonesia.",accept_other,codex_pos_exact_hierarchy_review,project_owner_adjudication,approved
pos_indonesia_postcode_search,2026-08-11,32.06.05.2005,CAYUR,46493,https://kodepos.posindonesia.co.id/CariKodepos,"Exact village, district, city, and province match on Pos Indonesia.",accept_other,codex_pos_exact_hierarchy_review,project_owner_adjudication,approved
pos_indonesia_postcode_search,2026-08-11,32.06.05.2006,LENGKONGBARANG,46493,https://kodepos.posindonesia.co.id/CariKodepos,"Exact village, district, city, and province match on Pos Indonesia.",accept_other,codex_pos_exact_hierarchy_review,project_owner_adjudication,approved
pos_indonesia_postcode_search,2026-08-11,32.06.05.2007,SINDANGASIH,46493,https://kodepos.posindonesia.co.id/CariKodepos,"Exact village, district, city, and province match on Pos Indonesia.",accept_other,codex_pos_exact_hierarchy_review,project_owner_adjudication,approved
pos_indonesia_postcode_search,2026-08-11,32.06.05.2008,TANJUNGBARANG,46493,https://kodepos.posindonesia.co.id/CariKodepos,"Exact village, district, city, and province match on Pos Indonesia.",accept_other,codex_pos_exact_hierarchy_review,project_owner_adjudication,approved
pos_indonesia_postcode_search,2026-08-11,32.06.05.2009,LINGGALAKSANA,46493,https://kodepos.posindonesia.co.id/CariKodepos,"Exact village, district, city, and province match on Pos Indonesia.",accept_other,codex_pos_exact_hierarchy_review,project_owner_adjudication,approved
pos_indonesia_postcode_search,2026-08-11,32.06.06.2001,CISEMPUR,46485,https://kodepos.posindonesia.co.id/CariKodepos,"Exact village, district, city, and province match on Pos Indonesia.",accept_other,codex_pos_exact_hierarchy_review,project_owner_adjudication,approved
pos_indonesia_postcode_search,2026-08-11,32.06.06.2002,SETIAWARAS,46485,https://kodepos.posindonesia.co.id/CariKodepos,"Exact village, district, city, and province match on Pos Indonesia.",accept_other,codex_pos_exact_hierarchy_review,project_owner_adjudication,approved
pos_indonesia_postcode_search,2026-08-11,32.06.06.2003,EUREUNPALAY,46485,https://kodepos.posindonesia.co.id/CariKodepos,"Exact village, district, city, and province match on Pos Indonesia.",accept_other,codex_pos_exact_hierarchy_review,project_owner_adjudication,approved
pos_indonesia_postcode_search,2026-08-11,32.06.06.2004,CIBALONG,46485,https://kodepos.posindonesia.co.id/CariKodepos,"Exact village, district, city, and province match on Pos Indonesia.",accept_other,codex_pos_exact_hierarchy_review,project_owner_adjudication,approved
pos_indonesia_postcode_search,2026-08-11,32.06.06.2005,SINGAJAYA,46485,https://kodepos.posindonesia.co.id/CariKodepos,"Exact village, district, city, and province match on Pos Indonesia.",accept_other,codex_pos_exact_hierarchy_review,project_owner_adjudication,approved
pos_indonesia_postcode_search,2026-08-11,32.06.06.2006,PARUNG,46485,https://kodepos.posindonesia.co.id/CariKodepos,"Exact village, district, city, and province match on Pos Indonesia.",accept_other,codex_pos_exact_hierarchy_review,project_owner_adjudication,approved
pos_indonesia_postcode_search,2026-08-11,32.06.08.2001,SIMPANG,46487,https://kodepos.posindonesia.co.id/CariKodepos,"Exact village, district, city, and province match on Pos Indonesia.",accept_other,codex_pos_exact_hierarchy_review,project_owner_adjudication,approved
pos_indonesia_postcode_search,2026-08-11,32.06.08.2002,PARAKANHONJE,46487,https://kodepos.posindonesia.co.id/CariKodepos,"Exact village, district, city, and province match on Pos Indonesia.",accept_other,codex_pos_exact_hierarchy_review,project_owner_adjudication,approved
pos_indonesia_postcode_search,2026-08-11,32.06.08.2003,PAMIJAHAN,46487,https://kodepos.posindonesia.co.id/CariKodepos,"Exact village, district, city, and province match on Pos Indonesia.",accept_other,codex_pos_exact_hierarchy_review,project_owner_adjudication,approved
pos_indonesia_postcode_search,2026-08-11,32.06.08.2004,SUKAMAJU,46487,https://kodepos.posindonesia.co.id/CariKodepos,"Exact village, district, city, and province match on Pos Indonesia.",accept_other,codex_pos_exact_hierarchy_review,project_owner_adjudication,approved
pos_indonesia_postcode_search,2026-08-11,32.06.08.2005,WANGUNSARI,46487,https://kodepos.posindonesia.co.id/CariKodepos,"Exact village, district, city, and province match on Pos Indonesia.",accept_other,codex_pos_exact_hierarchy_review,project_owner_adjudication,approved
pos_indonesia_postcode_search,2026-08-11,32.06.08.2006,HEGARWANGI,46487,https://kodepos.posindonesia.co.id/CariKodepos,"Exact village, district, city, and province match on Pos Indonesia.",accept_other,codex_pos_exact_hierarchy_review,project_owner_adjudication,approved
pos_indonesia_postcode_search,2026-08-11,32.06.08.2007,WAKAP,46487,https://kodepos.posindonesia.co.id/CariKodepos,"Exact village, district, city, and province match on Pos Indonesia.",accept_other,codex_pos_exact_hierarchy_review,project_owner_adjudication,approved
pos_indonesia_postcode_search,2026-08-11,32.06.08.2008,SIRNAGALIH,46487,https://kodepos.posindonesia.co.id/CariKodepos,"Exact village, district, city, and province match on Pos Indonesia.",accept_other,codex_pos_exact_hierarchy_review,project_owner_adjudication,approved
pos_indonesia_postcode_search,2026-08-11,32.06.09.2001,MERTAJAYA,46477,https://kodepos.posindonesia.co.id/CariKodepos,"Exact village, district, city, and province match on Pos Indonesia.",accept_other,codex_pos_exact_hierarchy_review,project_owner_adjudication,approved
pos_indonesia_postcode_search,2026-08-11,32.06.09.2002,CIKADONGDONG,46477,https://kodepos.posindonesia.co.id/CariKodepos,"Exact village, district, city, and province match on Pos Indonesia.",accept_other,codex_pos_exact_hierarchy_review,project_owner_adjudication,approved
pos_indonesia_postcode_search,2026-08-11,32.06.09.2003,BOJONGASIH,46477,https://kodepos.posindonesia.co.id/CariKodepos,"Exact village, district, city, and province match on Pos Indonesia.",accept_other,codex_pos_exact_hierarchy_review,project_owner_adjudication,approved
pos_indonesia_postcode_search,2026-08-11,32.06.09.2004,SINDANGSARI,46477,https://kodepos.posindonesia.co.id/CariKodepos,"Exact village, district, city, and province match on Pos Indonesia.",accept_other,codex_pos_exact_hierarchy_review,project_owner_adjudication,approved
pos_indonesia_postcode_search,2026-08-11,32.06.09.2005,GIRIJAYA,46477,https://kodepos.posindonesia.co.id/CariKodepos,"Exact village, district, city, and province match on Pos Indonesia.",accept_other,codex_pos_exact_hierarchy_review,project_owner_adjudication,approved
pos_indonesia_postcode_search,2026-08-11,32.06.09.2006,TOBLONGAN,46477,https://kodepos.posindonesia.co.id/CariKodepos,"Exact village, district, city, and province match on Pos Indonesia.",accept_other,codex_pos_exact_hierarchy_review,project_owner_adjudication,approved
pos_indonesia_postcode_search,2026-08-11,32.06.10.2001,CIKUYA,46488,https://kodepos.posindonesia.co.id/CariKodepos,"Exact village, district, city, and province match on Pos Indonesia.",accept_other,codex_pos_exact_hierarchy_review,project_owner_adjudication,approved
pos_indonesia_postcode_search,2026-08-11,32.06.10.2002,CINTABODAS,46488,https://kodepos.posindonesia.co.id/CariKodepos,"Exact village, district, city, and province match on Pos Indonesia.",accept_other,codex_pos_exact_hierarchy_review,project_owner_adjudication,approved
pos_indonesia_postcode_search,2026-08-11,32.06.10.2003,CIPICUNG,46488,https://kodepos.posindonesia.co.id/CariKodepos,"Exact village, district, city, and province match on Pos Indonesia.",accept_other,codex_pos_exact_hierarchy_review,project_owner_adjudication,approved
pos_indonesia_postcode_search,2026-08-11,32.06.10.2004,BOJONGSARI,46488,https://kodepos.posindonesia.co.id/CariKodepos,"Exact village, district, city, and province match on Pos Indonesia.",accept_other,codex_pos_exact_hierarchy_review,project_owner_adjudication,approved
pos_indonesia_postcode_search,2026-08-11,32.06.10.2005,MEKARLAKSANA,46488,https://kodepos.posindonesia.co.id/CariKodepos,"Exact village, district, city, and province match on Pos Indonesia.",accept_other,codex_pos_exact_hierarchy_review,project_owner_adjudication,approved
pos_indonesia_postcode_search,2026-08-11,32.06.13.2009,PAGERALAM,46474,https://kodepos.posindonesia.co.id/CariKodepos,"Exact village, district, city, and province match on Pos Indonesia.",accept_suggested,codex_pos_exact_hierarchy_review,project_owner_adjudication,approved
pos_indonesia_postcode_search,2026-08-11,32.06.15.2001,MANDALASARI,46472,https://kodepos.posindonesia.co.id/CariKodepos,"Exact village, district, city, and province match on Pos Indonesia.",accept_other,codex_pos_exact_hierarchy_review,project_owner_adjudication,approved
pos_indonesia_postcode_search,2026-08-11,32.06.15.2002,SUKASARI,46472,https://kodepos.posindonesia.co.id/CariKodepos,"Exact village, district, city, and province match on Pos Indonesia.",accept_other,codex_pos_exact_hierarchy_review,project_owner_adjudication,approved
pos_indonesia_postcode_search,2026-08-11,32.06.15.2003,PUSPASARI,46472,https://kodepos.posindonesia.co.id/CariKodepos,"Exact village, district, city, and province match on Pos Indonesia.",accept_other,codex_pos_exact_hierarchy_review,project_owner_adjudication,approved
pos_indonesia_postcode_search,2026-08-11,32.06.15.2004,PUSPAHIANG,46472,https://kodepos.posindonesia.co.id/CariKodepos,"Exact village, district, city, and province match on Pos Indonesia.",accept_other,codex_pos_exact_hierarchy_review,project_owner_adjudication,approved
pos_indonesia_postcode_search,2026-08-11,32.06.15.2005,LUYUBAKTI,46472,https://kodepos.posindonesia.co.id/CariKodepos,"Exact village, district, city, and province match on Pos Indonesia.",accept_other,codex_pos_exact_hierarchy_review,project_owner_adjudication,approved
pos_indonesia_postcode_search,2026-08-11,32.06.15.2006,PUSPARAHAYU,46472,https://kodepos.posindonesia.co.id/CariKodepos,"Exact village, district, city, and province match on Pos Indonesia.",accept_other,codex_pos_exact_hierarchy_review,project_owner_adjudication,approved
pos_indonesia_postcode_search,2026-08-11,32.06.15.2007,CIMANGGU,46472,https://kodepos.posindonesia.co.id/CariKodepos,"Exact village, district, city, and province match on Pos Indonesia.",accept_other,codex_pos_exact_hierarchy_review,project_owner_adjudication,approved
pos_indonesia_postcode_search,2026-08-11,32.06.15.2008,PUSPAJAYA,46472,https://kodepos.posindonesia.co.id/CariKodepos,"Exact village, district, city, and province match on Pos Indonesia.",accept_other,codex_pos_exact_hierarchy_review,project_owner_adjudication,approved
pos_indonesia_postcode_search,2026-08-11,32.06.16.2001,CIKEUSAL,46484,https://kodepos.posindonesia.co.id/CariKodepos,"Exact village, district, city, and province match on Pos Indonesia.",accept_other,codex_pos_exact_hierarchy_review,project_owner_adjudication,approved
pos_indonesia_postcode_search,2026-08-11,32.06.16.2002,CIBALANARIK,46484,https://kodepos.posindonesia.co.id/CariKodepos,"Exact village, district, city, and province match on Pos Indonesia.",accept_other,codex_pos_exact_hierarchy_review,project_owner_adjudication,approved
pos_indonesia_postcode_search,2026-08-11,32.06.16.2003,SUKANAGARA,46484,https://kodepos.posindonesia.co.id/CariKodepos,"Exact village, district, city, and province match on Pos Indonesia.",accept_other,codex_pos_exact_hierarchy_review,project_owner_adjudication,approved
pos_indonesia_postcode_search,2026-08-11,32.06.16.2004,TANJUNGJAYA,46484,https://kodepos.posindonesia.co.id/CariKodepos,"Exact village, district, city, and province match on Pos Indonesia.",accept_other,codex_pos_exact_hierarchy_review,project_owner_adjudication,approved
pos_indonesia_postcode_search,2026-08-11,32.06.16.2005,CILOLOHAN,46484,https://kodepos.posindonesia.co.id/CariKodepos,"Exact village, district, city, and province match on Pos Indonesia.",accept_other,codex_pos_exact_hierarchy_review,project_owner_adjudication,approved
pos_indonesia_postcode_search,2026-08-11,32.06.16.2006,CINTAJAYA,46484,https://kodepos.posindonesia.co.id/CariKodepos,"Exact village, district, city, and province match on Pos Indonesia.",accept_other,codex_pos_exact_hierarchy_review,project_owner_adjudication,approved
pos_indonesia_postcode_search,2026-08-11,32.06.16.2007,SUKASENANG,46484,https://kodepos.posindonesia.co.id/CariKodepos,"Exact village, district, city, and province match on Pos Indonesia.",accept_other,codex_pos_exact_hierarchy_review,project_owner_adjudication,approved
pos_indonesia_postcode_search,2026-08-11,32.06.17.2001,SUKAPURA,46483,https://kodepos.posindonesia.co.id/CariKodepos,"Exact village, district, city, and province match on Pos Indonesia.",accept_other,codex_pos_exact_hierarchy_review,project_owner_adjudication,approved
pos_indonesia_postcode_search,2026-08-11,32.06.17.2002,LEUWIBUDAH,46483,https://kodepos.posindonesia.co.id/CariKodepos,"Exact village, district, city, and province match on Pos Indonesia.",accept_other,codex_pos_exact_hierarchy_review,project_owner_adjudication,approved
pos_indonesia_postcode_search,2026-08-11,32.06.17.2003,SIRNAJAYA,46483,https://kodepos.posindonesia.co.id/CariKodepos,"Exact village, district, city, and province match on Pos Indonesia.",accept_other,codex_pos_exact_hierarchy_review,project_owner_adjudication,approved
pos_indonesia_postcode_search,2026-08-11,32.06.17.2004,MEKARJAYA,46483,https://kodepos.posindonesia.co.id/CariKodepos,"Exact village, district, city, and province match on Pos Indonesia.",accept_other,codex_pos_exact_hierarchy_review,project_owner_adjudication,approved
pos_indonesia_postcode_search,2026-08-11,32.06.17.2005,LINGGARAJA,46483,https://kodepos.posindonesia.co.id/CariKodepos,"Exact village, district, city, and province match on Pos Indonesia.",accept_other,codex_pos_exact_hierarchy_review,project_owner_adjudication,approved
pos_indonesia_postcode_search,2026-08-11,32.06.17.2006,JANGGALA,46483,https://kodepos.posindonesia.co.id/CariKodepos,"Exact village, district, city, and province match on Pos Indonesia.",accept_other,codex_pos_exact_hierarchy_review,project_owner_adjudication,approved
pos_indonesia_postcode_search,2026-08-11,32.06.17.2007,MARGALAKSANA,46483,https://kodepos.posindonesia.co.id/CariKodepos,"Exact village, district, city, and province match on Pos Indonesia.",accept_other,codex_pos_exact_hierarchy_review,project_owner_adjudication,approved
pos_indonesia_postcode_search,2026-08-11,32.06.17.2008,TARUNAJAYA,46483,https://kodepos.posindonesia.co.id/CariKodepos,"Exact village, district, city, and province match on Pos Indonesia.",accept_other,codex_pos_exact_hierarchy_review,project_owner_adjudication,approved
pos_indonesia_postcode_search,2026-08-11,32.06.18.2001,MANDALAHAYU,46492,https://kodepos.posindonesia.co.id/CariKodepos,"Exact village, district, city, and province match on Pos Indonesia.",accept_other,codex_pos_exact_hierarchy_review,project_owner_adjudication,approved
pos_indonesia_postcode_search,2026-08-11,32.06.18.2002,MULYASARI,46492,https://kodepos.posindonesia.co.id/CariKodepos,"Exact village, district, city, and province match on Pos Indonesia.",accept_other,codex_pos_exact_hierarchy_review,project_owner_adjudication,approved
pos_indonesia_postcode_search,2026-08-11,32.06.18.2003,KAWITAN,46492,https://kodepos.posindonesia.co.id/CariKodepos,"Exact village, district, city, and province match on Pos Indonesia.",accept_other,codex_pos_exact_hierarchy_review,project_owner_adjudication,approved
pos_indonesia_postcode_search,2026-08-11,32.06.18.2004,MANDALAWANGI,46492,https://kodepos.posindonesia.co.id/CariKodepos,"Exact village, district, city, and province match on Pos Indonesia.",accept_other,codex_pos_exact_hierarchy_review,project_owner_adjudication,approved
pos_indonesia_postcode_search,2026-08-11,32.06.18.2005,KARYAWANGI,46492,https://kodepos.posindonesia.co.id/CariKodepos,"Exact village, district, city, and province match on Pos Indonesia.",accept_other,codex_pos_exact_hierarchy_review,project_owner_adjudication,approved
pos_indonesia_postcode_search,2026-08-11,32.06.18.2006,TANJUNGSARI,46492,https://kodepos.posindonesia.co.id/CariKodepos,"Exact village, district, city, and province match on Pos Indonesia.",accept_other,codex_pos_exact_hierarchy_review,project_owner_adjudication,approved
pos_indonesia_postcode_search,2026-08-11,32.06.18.2007,MANDALAGUNA,46492,https://kodepos.posindonesia.co.id/CariKodepos,"Exact village, district, city, and province match on Pos Indonesia.",accept_other,codex_pos_exact_hierarchy_review,project_owner_adjudication,approved
pos_indonesia_postcode_search,2026-08-11,32.06.18.2008,KARYAMANDALA,46492,https://kodepos.posindonesia.co.id/CariKodepos,"Exact village, district, city, and province match on Pos Indonesia.",accept_other,codex_pos_exact_hierarchy_review,project_owner_adjudication,approved
pos_indonesia_postcode_search,2026-08-11,32.06.18.2009,BANJARWARINGIN,46492,https://kodepos.posindonesia.co.id/CariKodepos,"Exact village, district, city, and province match on Pos Indonesia.",accept_other,codex_pos_exact_hierarchy_review,project_owner_adjudication,approved
pos_indonesia_postcode_search,2026-08-11,32.06.20.2001,CISARUA,46498,https://kodepos.posindonesia.co.id/CariKodepos,"Exact village, district, city, and province match on Pos Indonesia.",accept_other,codex_pos_exact_hierarchy_review,project_owner_adjudication,approved
pos_indonesia_postcode_search,2026-08-11,32.06.20.2002,CIKONDANG,46498,https://kodepos.posindonesia.co.id/CariKodepos,"Exact village, district, city, and province match on Pos Indonesia.",accept_other,codex_pos_exact_hierarchy_review,project_owner_adjudication,approved
pos_indonesia_postcode_search,2026-08-11,32.06.20.2003,CIJULANG,46498,https://kodepos.posindonesia.co.id/CariKodepos,"Exact village, district, city, and province match on Pos Indonesia.",accept_other,codex_pos_exact_hierarchy_review,project_owner_adjudication,approved
pos_indonesia_postcode_search,2026-08-11,32.06.20.2004,CIAMPANAN,46498,https://kodepos.posindonesia.co.id/CariKodepos,"Exact village, district, city, and province match on Pos Indonesia.",accept_other,codex_pos_exact_hierarchy_review,project_owner_adjudication,approved
pos_indonesia_postcode_search,2026-08-11,32.06.20.2005,CINEAM,46498,https://kodepos.posindonesia.co.id/CariKodepos,"Exact village, district, city, and province match on Pos Indonesia.",accept_other,codex_pos_exact_hierarchy_review,project_owner_adjudication,approved
pos_indonesia_postcode_search,2026-08-11,32.06.20.2006,RAJADATU,46498,https://kodepos.posindonesia.co.id/CariKodepos,"Exact village, district, city, and province match on Pos Indonesia.",accept_other,codex_pos_exact_hierarchy_review,project_owner_adjudication,approved
pos_indonesia_postcode_search,2026-08-11,32.06.20.2007,ANCOL,46498,https://kodepos.posindonesia.co.id/CariKodepos,"Exact village, district, city, and province match on Pos Indonesia.",accept_other,codex_pos_exact_hierarchy_review,project_owner_adjudication,approved
pos_indonesia_postcode_search,2026-08-11,32.06.20.2008,NAGARATENGAH,46498,https://kodepos.posindonesia.co.id/CariKodepos,"Exact village, district, city, and province match on Pos Indonesia.",accept_other,codex_pos_exact_hierarchy_review,project_owner_adjudication,approved
pos_indonesia_postcode_search,2026-08-11,32.06.20.2009,PASIRMUKTI,46498,https://kodepos.posindonesia.co.id/CariKodepos,"Exact village, district, city, and province match on Pos Indonesia.",accept_other,codex_pos_exact_hierarchy_review,project_owner_adjudication,approved
pos_indonesia_postcode_search,2026-08-11,32.06.20.2010,MADIASARI,46498,https://kodepos.posindonesia.co.id/CariKodepos,"Exact village, district, city, and province match on Pos Indonesia.",accept_other,codex_pos_exact_hierarchy_review,project_owner_adjudication,approved
pos_indonesia_postcode_search,2026-08-11,32.06.22.2001,CIHAUR,46497,https://kodepos.posindonesia.co.id/CariKodepos,"Exact village, district, city, and province match on Pos Indonesia.",accept_other,codex_pos_exact_hierarchy_review,project_owner_adjudication,approved
pos_indonesia_postcode_search,2026-08-11,32.06.22.2002,CILANGKAP,46497,https://kodepos.posindonesia.co.id/CariKodepos,"Exact village, district, city, and province match on Pos Indonesia.",accept_other,codex_pos_exact_hierarchy_review,project_owner_adjudication,approved
pos_indonesia_postcode_search,2026-08-11,32.06.22.2003,PASIRPANJANG,46497,https://kodepos.posindonesia.co.id/CariKodepos,"Exact village, district, city, and province match on Pos Indonesia.",accept_other,codex_pos_exact_hierarchy_review,project_owner_adjudication,approved
pos_indonesia_postcode_search,2026-08-11,32.06.22.2004,CIBEBER,46497,https://kodepos.posindonesia.co.id/CariKodepos,"Exact village, district, city, and province match on Pos Indonesia.",accept_other,codex_pos_exact_hierarchy_review,project_owner_adjudication,approved
pos_indonesia_postcode_search,2026-08-11,32.06.22.2005,KAMULYAN,46497,https://kodepos.posindonesia.co.id/CariKodepos,"Exact village, district, city, and province match on Pos Indonesia.",accept_other,codex_pos_exact_hierarchy_review,project_owner_adjudication,approved
pos_indonesia_postcode_search,2026-08-11,32.06.22.2006,MANONJAYA,46497,https://kodepos.posindonesia.co.id/CariKodepos,"Exact village, district, city, and province match on Pos Indonesia.",accept_other,codex_pos_exact_hierarchy_review,project_owner_adjudication,approved
pos_indonesia_postcode_search,2026-08-11,32.06.22.2007,MARGALUYU,46497,https://kodepos.posindonesia.co.id/CariKodepos,"Exact village, district, city, and province match on Pos Indonesia.",accept_other,codex_pos_exact_hierarchy_review,project_owner_adjudication,approved
pos_indonesia_postcode_search,2026-08-11,32.06.22.2008,PASIRBATANG,46497,https://kodepos.posindonesia.co.id/CariKodepos,"Exact village, district, city, and province match on Pos Indonesia.",accept_other,codex_pos_exact_hierarchy_review,project_owner_adjudication,approved
pos_indonesia_postcode_search,2026-08-11,32.06.22.2009,KALIMANGGIS,46497,https://kodepos.posindonesia.co.id/CariKodepos,"Exact village, district, city, and province match on Pos Indonesia.",accept_other,codex_pos_exact_hierarchy_review,project_owner_adjudication,approved
pos_indonesia_postcode_search,2026-08-11,32.06.22.2010,MARGAHAYU,46497,https://kodepos.posindonesia.co.id/CariKodepos,"Exact village, district, city, and province match on Pos Indonesia.",accept_other,codex_pos_exact_hierarchy_review,project_owner_adjudication,approved
pos_indonesia_postcode_search,2026-08-11,32.06.22.2011,BATUSUMUR,46497,https://kodepos.posindonesia.co.id/CariKodepos,"Exact village, district, city, and province match on Pos Indonesia.",accept_other,codex_pos_exact_hierarchy_review,project_owner_adjudication,approved
pos_indonesia_postcode_search,2026-08-11,32.06.22.2012,GUNAJAYA,46497,https://kodepos.posindonesia.co.id/CariKodepos,"Exact village, district, city, and province match on Pos Indonesia.",accept_other,codex_pos_exact_hierarchy_review,project_owner_adjudication,approved
pos_indonesia_postcode_search,2026-08-11,32.06.31.2001,LINGGAJATI,46452,https://kodepos.posindonesia.co.id/CariKodepos,"Exact village, district, city, and province match on Pos Indonesia.",accept_other,codex_pos_exact_hierarchy_review,project_owner_adjudication,approved
pos_indonesia_postcode_search,2026-08-11,32.06.31.2002,TAWANGBANTENG,46452,https://kodepos.posindonesia.co.id/CariKodepos,"Exact village, district, city, and province match on Pos Indonesia.",accept_other,codex_pos_exact_hierarchy_review,project_owner_adjudication,approved
pos_indonesia_postcode_search,2026-08-11,32.06.31.2003,SINAGAR,46452,https://kodepos.posindonesia.co.id/CariKodepos,"Exact village, district, city, and province match on Pos Indonesia.",accept_other,codex_pos_exact_hierarchy_review,project_owner_adjudication,approved
pos_indonesia_postcode_search,2026-08-11,32.06.31.2004,GUNUNGSARI,46452,https://kodepos.posindonesia.co.id/CariKodepos,"Exact village, district, city, and province match on Pos Indonesia.",accept_other,codex_pos_exact_hierarchy_review,project_owner_adjudication,approved
pos_indonesia_postcode_search,2026-08-11,32.06.31.2005,SUKAMAHI,46452,https://kodepos.posindonesia.co.id/CariKodepos,"Exact village, district, city, and province match on Pos Indonesia.",accept_other,codex_pos_exact_hierarchy_review,project_owner_adjudication,approved
pos_indonesia_postcode_search,2026-08-11,32.06.31.2006,SUKAGALIH,46452,https://kodepos.posindonesia.co.id/CariKodepos,"Exact village, district, city, and province match on Pos Indonesia.",accept_other,codex_pos_exact_hierarchy_review,project_owner_adjudication,approved
pos_indonesia_postcode_search,2026-08-11,32.06.31.2007,SUKARATU,46452,https://kodepos.posindonesia.co.id/CariKodepos,"Exact village, district, city, and province match on Pos Indonesia.",accept_other,codex_pos_exact_hierarchy_review,project_owner_adjudication,approved
pos_indonesia_postcode_search,2026-08-11,32.06.31.2008,INDRAJAYA,46452,https://kodepos.posindonesia.co.id/CariKodepos,"Exact village, district, city, and province match on Pos Indonesia.",accept_other,codex_pos_exact_hierarchy_review,project_owner_adjudication,approved
pos_indonesia_postcode_search,2026-08-11,32.06.32.2001,CISAYONG,46453,https://kodepos.posindonesia.co.id/CariKodepos,"Exact village, district, city, and province match on Pos Indonesia.",accept_other,codex_pos_exact_hierarchy_review,project_owner_adjudication,approved
pos_indonesia_postcode_search,2026-08-11,32.06.32.2002,SUKAJADI,46453,https://kodepos.posindonesia.co.id/CariKodepos,"Exact village, district, city, and province match on Pos Indonesia.",accept_other,codex_pos_exact_hierarchy_review,project_owner_adjudication,approved
pos_indonesia_postcode_search,2026-08-11,32.06.32.2003,SUKASUKUR,46453,https://kodepos.posindonesia.co.id/CariKodepos,"Exact village, district, city, and province match on Pos Indonesia.",accept_other,codex_pos_exact_hierarchy_review,project_owner_adjudication,approved
pos_indonesia_postcode_search,2026-08-11,32.06.32.2004,SUKAMUKTI,46453,https://kodepos.posindonesia.co.id/CariKodepos,"Exact village, district, city, and province match on Pos Indonesia.",accept_other,codex_pos_exact_hierarchy_review,project_owner_adjudication,approved
pos_indonesia_postcode_search,2026-08-11,32.06.32.2005,NUSAWANGI,46453,https://kodepos.posindonesia.co.id/CariKodepos,"Exact village, district, city, and province match on Pos Indonesia.",accept_other,codex_pos_exact_hierarchy_review,project_owner_adjudication,approved
pos_indonesia_postcode_search,2026-08-11,32.06.32.2006,CIKADU,46453,https://kodepos.posindonesia.co.id/CariKodepos,"Exact village, district, city, and province match on Pos Indonesia.",accept_other,codex_pos_exact_hierarchy_review,project_owner_adjudication,approved
pos_indonesia_postcode_search,2026-08-11,32.06.32.2007,CILEULEUS,46453,https://kodepos.posindonesia.co.id/CariKodepos,"Exact village, district, city, and province match on Pos Indonesia.",accept_other,codex_pos_exact_hierarchy_review,project_owner_adjudication,approved
pos_indonesia_postcode_search,2026-08-11,32.06.32.2008,JATIHURIP,46453,https://kodepos.posindonesia.co.id/CariKodepos,"Exact village, district, city, and province match on Pos Indonesia.",accept_other,codex_pos_exact_hierarchy_review,project_owner_adjudication,approved
pos_indonesia_postcode_search,2026-08-11,32.06.32.2009,SUKASETIA,46453,https://kodepos.posindonesia.co.id/CariKodepos,"Exact village, district, city, and province match on Pos Indonesia.",accept_other,codex_pos_exact_hierarchy_review,project_owner_adjudication,approved
pos_indonesia_postcode_search,2026-08-11,32.06.32.2010,PURWASARI,46453,https://kodepos.posindonesia.co.id/CariKodepos,"Exact village, district, city, and province match on Pos Indonesia.",accept_other,codex_pos_exact_hierarchy_review,project_owner_adjudication,approved
pos_indonesia_postcode_search,2026-08-11,32.06.32.2011,SUKARAHARJA,46453,https://kodepos.posindonesia.co.id/CariKodepos,"Exact village, district, city, and province match on Pos Indonesia.",accept_other,codex_pos_exact_hierarchy_review,project_owner_adjudication,approved
pos_indonesia_postcode_search,2026-08-11,32.06.32.2012,MEKARWANGI,46453,https://kodepos.posindonesia.co.id/CariKodepos,"Exact village, district, city, and province match on Pos Indonesia.",accept_other,codex_pos_exact_hierarchy_review,project_owner_adjudication,approved
pos_indonesia_postcode_search,2026-08-11,32.06.32.2013,SANTANAMEKAR,46453,https://kodepos.posindonesia.co.id/CariKodepos,"Exact village, district, city, and province match on Pos Indonesia.",accept_other,codex_pos_exact_hierarchy_review,project_owner_adjudication,approved
pos_indonesia_postcode_search,2026-08-11,32.06.33.2001,BANYURASA,46454,https://kodepos.posindonesia.co.id/CariKodepos,"Exact village, district, city, and province match on Pos Indonesia.",accept_other,codex_pos_exact_hierarchy_review,project_owner_adjudication,approved
pos_indonesia_postcode_search,2026-08-11,32.06.33.2002,CALINCING,46454,https://kodepos.posindonesia.co.id/CariKodepos,"Exact village, district, city, and province match on Pos Indonesia.",accept_other,codex_pos_exact_hierarchy_review,project_owner_adjudication,approved
pos_indonesia_postcode_search,2026-08-11,32.06.33.2003,SUKAHENING,46454,https://kodepos.posindonesia.co.id/CariKodepos,"Exact village, district, city, and province match on Pos Indonesia.",accept_other,codex_pos_exact_hierarchy_review,project_owner_adjudication,approved
pos_indonesia_postcode_search,2026-08-11,32.06.33.2004,KIARAJANGKUNG,46454,https://kodepos.posindonesia.co.id/CariKodepos,"Exact village, district, city, and province match on Pos Indonesia.",accept_other,codex_pos_exact_hierarchy_review,project_owner_adjudication,approved
pos_indonesia_postcode_search,2026-08-11,32.06.33.2005,KUDADEPA,46454,https://kodepos.posindonesia.co.id/CariKodepos,"Exact village, district, city, and province match on Pos Indonesia.",accept_other,codex_pos_exact_hierarchy_review,project_owner_adjudication,approved
pos_indonesia_postcode_search,2026-08-11,32.06.33.2006,BANYURESMI,46454,https://kodepos.posindonesia.co.id/CariKodepos,"Exact village, district, city, and province match on Pos Indonesia.",accept_other,codex_pos_exact_hierarchy_review,project_owner_adjudication,approved
pos_indonesia_postcode_search,2026-08-11,32.06.33.2007,SUNDAKERTA,46454,https://kodepos.posindonesia.co.id/CariKodepos,"Exact village, district, city, and province match on Pos Indonesia.",accept_other,codex_pos_exact_hierarchy_review,project_owner_adjudication,approved
pos_indonesia_postcode_search,2026-08-11,32.06.34.2001,DAWAGUNG,46455,https://kodepos.posindonesia.co.id/CariKodepos,"Exact village, district, city, and province match on Pos Indonesia.",accept_other,codex_pos_exact_hierarchy_review,project_owner_adjudication,approved
pos_indonesia_postcode_search,2026-08-11,32.06.34.2002,RAJAPOLAH,46455,https://kodepos.posindonesia.co.id/CariKodepos,"Exact village, district, city, and province match on Pos Indonesia.",accept_other,codex_pos_exact_hierarchy_review,project_owner_adjudication,approved
pos_indonesia_postcode_search,2026-08-11,32.06.34.2003,MANGGUNGJAYA,46455,https://kodepos.posindonesia.co.id/CariKodepos,"Exact village, district, city, and province match on Pos Indonesia.",accept_other,codex_pos_exact_hierarchy_review,project_owner_adjudication,approved
pos_indonesia_postcode_search,2026-08-11,32.06.34.2004,MANGGUNGSARI,46455,https://kodepos.posindonesia.co.id/CariKodepos,"Exact village, district, city, and province match on Pos Indonesia.",accept_other,codex_pos_exact_hierarchy_review,project_owner_adjudication,approved
pos_indonesia_postcode_search,2026-08-11,32.06.34.2005,SUKARAJA,46455,https://kodepos.posindonesia.co.id/CariKodepos,"Exact village, district, city, and province match on Pos Indonesia.",accept_other,codex_pos_exact_hierarchy_review,project_owner_adjudication,approved
pos_indonesia_postcode_search,2026-08-11,32.06.34.2006,RAJAMANDALA,46455,https://kodepos.posindonesia.co.id/CariKodepos,"Exact village, district, city, and province match on Pos Indonesia.",accept_other,codex_pos_exact_hierarchy_review,project_owner_adjudication,approved
pos_indonesia_postcode_search,2026-08-11,32.06.34.2007,SUKANAGALIH,46455,https://kodepos.posindonesia.co.id/CariKodepos,"Exact village, district, city, and province match on Pos Indonesia.",accept_other,codex_pos_exact_hierarchy_review,project_owner_adjudication,approved
pos_indonesia_postcode_search,2026-08-11,32.06.34.2008,TANJUNGPURA,46455,https://kodepos.posindonesia.co.id/CariKodepos,"Exact village, district, city, and province match on Pos Indonesia.",accept_other,codex_pos_exact_hierarchy_review,project_owner_adjudication,approved
pos_indonesia_postcode_search,2026-08-11,32.06.35.2001,CONDONG,46451,https://kodepos.posindonesia.co.id/CariKodepos,"Exact village, district, city, and province match on Pos Indonesia.",accept_other,codex_pos_exact_hierarchy_review,project_owner_adjudication,approved
pos_indonesia_postcode_search,2026-08-11,32.06.35.2002,BOJONGGAOK,46451,https://kodepos.posindonesia.co.id/CariKodepos,"Exact village, district, city, and province match on Pos Indonesia.",accept_other,codex_pos_exact_hierarchy_review,project_owner_adjudication,approved
pos_indonesia_postcode_search,2026-08-11,32.06.35.2003,SINDANGRAJA,46451,https://kodepos.posindonesia.co.id/CariKodepos,"Exact village, district, city, and province match on Pos Indonesia.",accept_other,codex_pos_exact_hierarchy_review,project_owner_adjudication,approved
pos_indonesia_postcode_search,2026-08-11,32.06.35.2004,KARANGMULYA,46451,https://kodepos.posindonesia.co.id/CariKodepos,"Exact village, district, city, and province match on Pos Indonesia.",accept_other,codex_pos_exact_hierarchy_review,project_owner_adjudication,approved
pos_indonesia_postcode_search,2026-08-11,32.06.35.2005,GERESIK,46451,https://kodepos.posindonesia.co.id/CariKodepos,"Exact village, district, city, and province match on Pos Indonesia.",accept_other,codex_pos_exact_hierarchy_review,project_owner_adjudication,approved
pos_indonesia_postcode_search,2026-08-11,32.06.35.2006,KARANGSEMBUNG,46451,https://kodepos.posindonesia.co.id/CariKodepos,"Exact village, district, city, and province match on Pos Indonesia.",accept_other,codex_pos_exact_hierarchy_review,project_owner_adjudication,approved
pos_indonesia_postcode_search,2026-08-11,32.06.35.2007,TANJUNGMEKAR,46451,https://kodepos.posindonesia.co.id/CariKodepos,"Exact village, district, city, and province match on Pos Indonesia.",accept_other,codex_pos_exact_hierarchy_review,project_owner_adjudication,approved
pos_indonesia_postcode_search,2026-08-11,32.06.35.2008,KARANGRESIK,46451,https://kodepos.posindonesia.co.id/CariKodepos,"Exact village, district, city, and province match on Pos Indonesia.",accept_other,codex_pos_exact_hierarchy_review,project_owner_adjudication,approved
pos_indonesia_postcode_search,2026-08-11,32.06.36.2001,GOMBONG,46456,https://kodepos.posindonesia.co.id/CariKodepos,"Exact village, district, city, and province match on Pos Indonesia.",accept_other,codex_pos_exact_hierarchy_review,project_owner_adjudication,approved
pos_indonesia_postcode_search,2026-08-11,32.06.36.2002,BUGEL,46456,https://kodepos.posindonesia.co.id/CariKodepos,"Exact village, district, city, and province match on Pos Indonesia.",accept_other,codex_pos_exact_hierarchy_review,project_owner_adjudication,approved
pos_indonesia_postcode_search,2026-08-11,32.06.36.2003,MARGASARI,46456,https://kodepos.posindonesia.co.id/CariKodepos,"Exact village, district, city, and province match on Pos Indonesia.",accept_other,codex_pos_exact_hierarchy_review,project_owner_adjudication,approved
pos_indonesia_postcode_search,2026-08-11,32.06.36.2004,PAKEMITAN,46456,https://kodepos.posindonesia.co.id/CariKodepos,"Exact village, district, city, and province match on Pos Indonesia.",accept_other,codex_pos_exact_hierarchy_review,project_owner_adjudication,approved
pos_indonesia_postcode_search,2026-08-11,32.06.36.2005,CIAWI,46456,https://kodepos.posindonesia.co.id/CariKodepos,"Exact village, district, city, and province match on Pos Indonesia.",accept_other,codex_pos_exact_hierarchy_review,project_owner_adjudication,approved
pos_indonesia_postcode_search,2026-08-11,32.06.36.2006,SUKAMANTRI,46456,https://kodepos.posindonesia.co.id/CariKodepos,"Exact village, district, city, and province match on Pos Indonesia.",accept_other,codex_pos_exact_hierarchy_review,project_owner_adjudication,approved
pos_indonesia_postcode_search,2026-08-11,32.06.36.2007,PASIRHUNI,46456,https://kodepos.posindonesia.co.id/CariKodepos,"Exact village, district, city, and province match on Pos Indonesia.",accept_other,codex_pos_exact_hierarchy_review,project_owner_adjudication,approved
pos_indonesia_postcode_search,2026-08-11,32.06.36.2008,CITAMBA,46456,https://kodepos.posindonesia.co.id/CariKodepos,"Exact village, district, city, and province match on Pos Indonesia.",accept_other,codex_pos_exact_hierarchy_review,project_owner_adjudication,approved
pos_indonesia_postcode_search,2026-08-11,32.06.36.2009,KERTAMUKTI,46456,https://kodepos.posindonesia.co.id/CariKodepos,"Exact village, district, city, and province match on Pos Indonesia.",accept_other,codex_pos_exact_hierarchy_review,project_owner_adjudication,approved
pos_indonesia_postcode_search,2026-08-11,32.06.36.2010,KURNIABAKTI,46456,https://kodepos.posindonesia.co.id/CariKodepos,"Exact village, district, city, and province match on Pos Indonesia.",accept_other,codex_pos_exact_hierarchy_review,project_owner_adjudication,approved
pos_indonesia_postcode_search,2026-08-11,32.06.36.2011,PAKAMITANKIDUL,46456,https://kodepos.posindonesia.co.id/CariKodepos,"Exact village, district, city, and province match on Pos Indonesia.",accept_other,codex_pos_exact_hierarchy_review,project_owner_adjudication,approved
pos_indonesia_postcode_search,2026-08-11,32.06.38.2001,CIPACING,46458,https://kodepos.posindonesia.co.id/CariKodepos,"Exact village, district, city, and province match on Pos Indonesia.",accept_other,codex_pos_exact_hierarchy_review,project_owner_adjudication,approved
pos_indonesia_postcode_search,2026-08-11,32.06.38.2002,PAGERAGEUNG,46458,https://kodepos.posindonesia.co.id/CariKodepos,"Exact village, district, city, and province match on Pos Indonesia.",accept_other,codex_pos_exact_hierarchy_review,project_owner_adjudication,approved
pos_indonesia_postcode_search,2026-08-11,32.06.38.2003,SUKAMAJU,46458,https://kodepos.posindonesia.co.id/CariKodepos,"Exact village, district, city, and province match on Pos Indonesia.",accept_other,codex_pos_exact_hierarchy_review,project_owner_adjudication,approved
pos_indonesia_postcode_search,2026-08-11,32.06.38.2004,TANJUNGKERTA,46458,https://kodepos.posindonesia.co.id/CariKodepos,"Exact village, district, city, and province match on Pos Indonesia.",accept_other,codex_pos_exact_hierarchy_review,project_owner_adjudication,approved
pos_indonesia_postcode_search,2026-08-11,32.06.38.2005,PUTERAN,46458,https://kodepos.posindonesia.co.id/CariKodepos,"Exact village, district, city, and province match on Pos Indonesia.",accept_other,codex_pos_exact_hierarchy_review,project_owner_adjudication,approved
pos_indonesia_postcode_search,2026-08-11,32.06.38.2006,GURANTENG,46458,https://kodepos.posindonesia.co.id/CariKodepos,"Exact village, district, city, and province match on Pos Indonesia.",accept_other,codex_pos_exact_hierarchy_review,project_owner_adjudication,approved
pos_indonesia_postcode_search,2026-08-11,32.06.38.2007,NANGGEWER,46458,https://kodepos.posindonesia.co.id/CariKodepos,"Exact village, district, city, and province match on Pos Indonesia.",accept_other,codex_pos_exact_hierarchy_review,project_owner_adjudication,approved
pos_indonesia_postcode_search,2026-08-11,32.06.38.2008,SUKAPADA,46458,https://kodepos.posindonesia.co.id/CariKodepos,"Exact village, district, city, and province match on Pos Indonesia.",accept_other,codex_pos_exact_hierarchy_review,project_owner_adjudication,approved
pos_indonesia_postcode_search,2026-08-11,32.06.38.2009,PAGERSARI,46458,https://kodepos.posindonesia.co.id/CariKodepos,"Exact village, district, city, and province match on Pos Indonesia.",accept_other,codex_pos_exact_hierarchy_review,project_owner_adjudication,approved
pos_indonesia_postcode_search,2026-08-11,32.06.38.2010,SUKADANA,46458,https://kodepos.posindonesia.co.id/CariKodepos,"Exact village, district, city, and province match on Pos Indonesia.",accept_other,codex_pos_exact_hierarchy_review,project_owner_adjudication,approved
pos_indonesia_postcode_search,2026-08-11,32.07.01.2012,PANYINGKIRAN,46218,https://kodepos.posindonesia.co.id/CariKodepos,"Exact village, district, city, and province match on Pos Indonesia.",accept_other,codex_pos_exact_hierarchy_review,project_owner_adjudication,approved
pos_indonesia_postcode_search,2026-08-11,32.07.05.2001,CIDOLOG,46287,https://kodepos.posindonesia.co.id/CariKodepos,"Exact village, district, city, and province match on Pos Indonesia.",accept_other,codex_pos_exact_hierarchy_review,project_owner_adjudication,approved
pos_indonesia_postcode_search,2026-08-11,32.07.05.2002,JANGGALA,46287,https://kodepos.posindonesia.co.id/CariKodepos,"Exact village, district, city, and province match on Pos Indonesia.",accept_other,codex_pos_exact_hierarchy_review,project_owner_adjudication,approved
pos_indonesia_postcode_search,2026-08-11,32.07.05.2003,HEGARMANAH,46287,https://kodepos.posindonesia.co.id/CariKodepos,"Exact village, district, city, and province match on Pos Indonesia.",accept_other,codex_pos_exact_hierarchy_review,project_owner_adjudication,approved
pos_indonesia_postcode_search,2026-08-11,32.07.05.2004,JELEGONG,46287,https://kodepos.posindonesia.co.id/CariKodepos,"Exact village, district, city, and province match on Pos Indonesia.",accept_other,codex_pos_exact_hierarchy_review,project_owner_adjudication,approved
pos_indonesia_postcode_search,2026-08-11,32.07.05.2005,CIPARAY,46287,https://kodepos.posindonesia.co.id/CariKodepos,"Exact village, district, city, and province match on Pos Indonesia.",accept_other,codex_pos_exact_hierarchy_review,project_owner_adjudication,approved
pos_indonesia_postcode_search,2026-08-11,32.07.05.2006,SUKASARI,46287,https://kodepos.posindonesia.co.id/CariKodepos,"Exact village, district, city, and province match on Pos Indonesia.",accept_other,codex_pos_exact_hierarchy_review,project_owner_adjudication,approved
pos_indonesia_postcode_search,2026-08-11,32.07.09.2014,SINDANGSARI,46253,https://kodepos.posindonesia.co.id/CariKodepos,"Exact village, district, city, and province match on Pos Indonesia.",accept_suggested,codex_pos_exact_hierarchy_review,project_owner_adjudication,approved
pos_indonesia_postcode_search,2026-08-11,32.07.09.2016,SELASARI,46253,https://kodepos.posindonesia.co.id/CariKodepos,"Exact village, district, city, and province match on Pos Indonesia.",accept_suggested,codex_pos_exact_hierarchy_review,project_owner_adjudication,approved
pos_indonesia_postcode_search,2026-08-11,32.07.10.2012,KARANGPANINGAL,46255,https://kodepos.posindonesia.co.id/CariKodepos,"Exact village, district, city, and province match on Pos Indonesia.",accept_suggested,codex_pos_exact_hierarchy_review,project_owner_adjudication,approved
pos_indonesia_postcode_search,2026-08-11,32.07.13.2003,TANJUNGSARI,46254,https://kodepos.posindonesia.co.id/CariKodepos,"Exact village, district, city, and province match on Pos Indonesia.",accept_suggested,codex_pos_exact_hierarchy_review,project_owner_adjudication,approved
pos_indonesia_postcode_search,2026-08-11,32.07.13.2007,SUKAJAYA,46254,https://kodepos.posindonesia.co.id/CariKodepos,"Exact village, district, city, and province match on Pos Indonesia.",accept_suggested,codex_pos_exact_hierarchy_review,project_owner_adjudication,approved
pos_indonesia_postcode_search,2026-08-11,32.07.15.2001,RANCAH,46292,https://kodepos.posindonesia.co.id/CariKodepos,"Exact village, district, city, and province match on Pos Indonesia.",accept_other,codex_pos_exact_hierarchy_review,project_owner_adjudication,approved
pos_indonesia_postcode_search,2026-08-11,32.07.15.2002,KIARAPAYUNG,46292,https://kodepos.posindonesia.co.id/CariKodepos,"Exact village, district, city, and province match on Pos Indonesia.",accept_other,codex_pos_exact_hierarchy_review,project_owner_adjudication,approved
pos_indonesia_postcode_search,2026-08-11,32.07.15.2003,CILEUNGSIR,46292,https://kodepos.posindonesia.co.id/CariKodepos,"Exact village, district, city, and province match on Pos Indonesia.",accept_other,codex_pos_exact_hierarchy_review,project_owner_adjudication,approved
pos_indonesia_postcode_search,2026-08-11,32.07.15.2004,CISONTROL,46292,https://kodepos.posindonesia.co.id/CariKodepos,"Exact village, district, city, and province match on Pos Indonesia.",accept_other,codex_pos_exact_hierarchy_review,project_owner_adjudication,approved
pos_indonesia_postcode_search,2026-08-11,32.07.15.2005,SITUMANDALA,46292,https://kodepos.posindonesia.co.id/CariKodepos,"Exact village, district, city, and province match on Pos Indonesia.",accept_other,codex_pos_exact_hierarchy_review,project_owner_adjudication,approved
pos_indonesia_postcode_search,2026-08-11,32.07.15.2006,KAWUNGLARANG,46292,https://kodepos.posindonesia.co.id/CariKodepos,"Exact village, district, city, and province match on Pos Indonesia.",accept_other,codex_pos_exact_hierarchy_review,project_owner_adjudication,approved
pos_indonesia_postcode_search,2026-08-11,32.07.15.2007,PATAKAHARJA,46292,https://kodepos.posindonesia.co.id/CariKodepos,"Exact village, district, city, and province match on Pos Indonesia.",accept_other,codex_pos_exact_hierarchy_review,project_owner_adjudication,approved
pos_indonesia_postcode_search,2026-08-11,32.07.15.2008,BOJONGGEDANG,46292,https://kodepos.posindonesia.co.id/CariKodepos,"Exact village, district, city, and province match on Pos Indonesia.",accept_other,codex_pos_exact_hierarchy_review,project_owner_adjudication,approved
pos_indonesia_postcode_search,2026-08-11,32.07.15.2009,KARANGPARI,46292,https://kodepos.posindonesia.co.id/CariKodepos,"Exact village, district, city, and province match on Pos Indonesia.",accept_other,codex_pos_exact_hierarchy_review,project_owner_adjudication,approved
pos_indonesia_postcode_search,2026-08-11,32.07.15.2010,DADIHARJA,46292,https://kodepos.posindonesia.co.id/CariKodepos,"Exact village, district, city, and province match on Pos Indonesia.",accept_other,codex_pos_exact_hierarchy_review,project_owner_adjudication,approved
pos_indonesia_postcode_search,2026-08-11,32.07.15.2011,JANGALAHARJA,46292,https://kodepos.posindonesia.co.id/CariKodepos,"Exact village, district, city, and province match on Pos Indonesia.",accept_other,codex_pos_exact_hierarchy_review,project_owner_adjudication,approved
pos_indonesia_postcode_search,2026-08-11,32.07.15.2012,GIRIHARJA,46292,https://kodepos.posindonesia.co.id/CariKodepos,"Exact village, district, city, and province match on Pos Indonesia.",accept_other,codex_pos_exact_hierarchy_review,project_owner_adjudication,approved
pos_indonesia_postcode_search,2026-08-11,32.07.15.2013,WANGUNSARI,46292,https://kodepos.posindonesia.co.id/CariKodepos,"Exact village, district, city, and province match on Pos Indonesia.",accept_other,codex_pos_exact_hierarchy_review,project_owner_adjudication,approved
pos_indonesia_postcode_search,2026-08-11,32.07.16.2001,TAMBAKSARI,46293,https://kodepos.posindonesia.co.id/CariKodepos,"Exact village, district, city, and province match on Pos Indonesia.",accept_other,codex_pos_exact_hierarchy_review,project_owner_adjudication,approved
pos_indonesia_postcode_search,2026-08-11,32.07.16.2002,MEKARSARI,46293,https://kodepos.posindonesia.co.id/CariKodepos,"Exact village, district, city, and province match on Pos Indonesia.",accept_other,codex_pos_exact_hierarchy_review,project_owner_adjudication,approved
pos_indonesia_postcode_search,2026-08-11,32.07.16.2003,KASO,46293,https://kodepos.posindonesia.co.id/CariKodepos,"Exact village, district, city, and province match on Pos Indonesia.",accept_other,codex_pos_exact_hierarchy_review,project_owner_adjudication,approved
pos_indonesia_postcode_search,2026-08-11,32.07.16.2004,KADUPANDAK,46293,https://kodepos.posindonesia.co.id/CariKodepos,"Exact village, district, city, and province match on Pos Indonesia.",accept_other,codex_pos_exact_hierarchy_review,project_owner_adjudication,approved
pos_indonesia_postcode_search,2026-08-11,32.07.16.2005,SUKASARI,46293,https://kodepos.posindonesia.co.id/CariKodepos,"Exact village, district, city, and province match on Pos Indonesia.",accept_other,codex_pos_exact_hierarchy_review,project_owner_adjudication,approved
pos_indonesia_postcode_search,2026-08-11,32.07.16.2006,KARANGPANINGAL,46293,https://kodepos.posindonesia.co.id/CariKodepos,"Exact village, district, city, and province match on Pos Indonesia.",accept_other,codex_pos_exact_hierarchy_review,project_owner_adjudication,approved
pos_indonesia_postcode_search,2026-08-11,32.07.17.2006,SIDAHARJA,46285,https://kodepos.posindonesia.co.id/CariKodepos,"Exact village, district, city, and province match on Pos Indonesia.",accept_other,codex_pos_exact_hierarchy_review,project_owner_adjudication,approved
pos_indonesia_postcode_search,2026-08-11,32.07.17.2007,KERTAJAYA,46285,https://kodepos.posindonesia.co.id/CariKodepos,"Exact village, district, city, and province match on Pos Indonesia.",accept_other,codex_pos_exact_hierarchy_review,project_owner_adjudication,approved
pos_indonesia_postcode_search,2026-08-11,32.07.17.2009,SUKANAGARA,46285,https://kodepos.posindonesia.co.id/CariKodepos,"Exact village, district, city, and province match on Pos Indonesia.",accept_other,codex_pos_exact_hierarchy_review,project_owner_adjudication,approved
pos_indonesia_postcode_search,2026-08-11,32.07.17.2010,CINTAJAYA,46285,https://kodepos.posindonesia.co.id/CariKodepos,"Exact village, district, city, and province match on Pos Indonesia.",accept_other,codex_pos_exact_hierarchy_review,project_owner_adjudication,approved
pos_indonesia_postcode_search,2026-08-11,32.07.17.2011,CINTARATU,46285,https://kodepos.posindonesia.co.id/CariKodepos,"Exact village, district, city, and province match on Pos Indonesia.",accept_other,codex_pos_exact_hierarchy_review,project_owner_adjudication,approved
pos_indonesia_postcode_search,2026-08-11,32.07.17.2012,SINDANGANGIN,46285,https://kodepos.posindonesia.co.id/CariKodepos,"Exact village, district, city, and province match on Pos Indonesia.",accept_other,codex_pos_exact_hierarchy_review,project_owner_adjudication,approved
pos_indonesia_postcode_search,2026-08-11,32.07.17.2013,TAMBAKREJA,46285,https://kodepos.posindonesia.co.id/CariKodepos,"Exact village, district, city, and province match on Pos Indonesia.",accept_other,codex_pos_exact_hierarchy_review,project_owner_adjudication,approved
pos_indonesia_postcode_search,2026-08-11,32.07.17.2017,BAREGBEG,46285,https://kodepos.posindonesia.co.id/CariKodepos,"Exact village, district, city, and province match on Pos Indonesia.",accept_other,codex_pos_exact_hierarchy_review,project_owner_adjudication,approved
pos_indonesia_postcode_search,2026-08-11,32.07.17.2018,KALAPASAWIT,46285,https://kodepos.posindonesia.co.id/CariKodepos,"Exact village, district, city, and province match on Pos Indonesia.",accept_other,codex_pos_exact_hierarchy_review,project_owner_adjudication,approved
pos_indonesia_postcode_search,2026-08-11,32.07.17.2019,PULOERANG,46285,https://kodepos.posindonesia.co.id/CariKodepos,"Exact village, district, city, and province match on Pos Indonesia.",accept_other,codex_pos_exact_hierarchy_review,project_owner_adjudication,approved
pos_indonesia_postcode_search,2026-08-11,32.07.18.2005,KAWASEN,46283,https://kodepos.posindonesia.co.id/CariKodepos,"Exact village, district, city, and province match on Pos Indonesia.",accept_other,codex_pos_exact_hierarchy_review,project_owner_adjudication,approved
pos_indonesia_postcode_search,2026-08-11,32.07.18.2006,CICAPAR,46283,https://kodepos.posindonesia.co.id/CariKodepos,"Exact village, district, city, and province match on Pos Indonesia.",accept_other,codex_pos_exact_hierarchy_review,project_owner_adjudication,approved
pos_indonesia_postcode_search,2026-08-11,32.07.18.2007,CIBADAK,46283,https://kodepos.posindonesia.co.id/CariKodepos,"Exact village, district, city, and province match on Pos Indonesia.",accept_other,codex_pos_exact_hierarchy_review,project_owner_adjudication,approved
pos_indonesia_postcode_search,2026-08-11,32.07.18.2008,BANJARSARI,46283,https://kodepos.posindonesia.co.id/CariKodepos,"Exact village, district, city, and province match on Pos Indonesia.",accept_other,codex_pos_exact_hierarchy_review,project_owner_adjudication,approved
pos_indonesia_postcode_search,2026-08-11,32.07.18.2009,SINDANGHAYU,46283,https://kodepos.posindonesia.co.id/CariKodepos,"Exact village, district, city, and province match on Pos Indonesia.",accept_other,codex_pos_exact_hierarchy_review,project_owner_adjudication,approved
pos_indonesia_postcode_search,2026-08-11,32.07.18.2010,SINDANGASIH,46283,https://kodepos.posindonesia.co.id/CariKodepos,"Exact village, district, city, and province match on Pos Indonesia.",accept_other,codex_pos_exact_hierarchy_review,project_owner_adjudication,approved
pos_indonesia_postcode_search,2026-08-11,32.07.18.2012,SINDANGSARI,46283,https://kodepos.posindonesia.co.id/CariKodepos,"Exact village, district, city, and province match on Pos Indonesia.",accept_other,codex_pos_exact_hierarchy_review,project_owner_adjudication,approved
pos_indonesia_postcode_search,2026-08-11,32.07.18.2013,CIHERANG,46283,https://kodepos.posindonesia.co.id/CariKodepos,"Exact village, district, city, and province match on Pos Indonesia.",accept_other,codex_pos_exact_hierarchy_review,project_owner_adjudication,approved
pos_indonesia_postcode_search,2026-08-11,32.07.18.2014,PURWASARI,46283,https://kodepos.posindonesia.co.id/CariKodepos,"Exact village, district, city, and province match on Pos Indonesia.",accept_other,codex_pos_exact_hierarchy_review,project_owner_adjudication,approved
pos_indonesia_postcode_search,2026-08-11,32.07.18.2015,RATAWANGI,46283,https://kodepos.posindonesia.co.id/CariKodepos,"Exact village, district, city, and province match on Pos Indonesia.",accept_other,codex_pos_exact_hierarchy_review,project_owner_adjudication,approved
pos_indonesia_postcode_search,2026-08-11,32.07.18.2016,CIULU,46283,https://kodepos.posindonesia.co.id/CariKodepos,"Exact village, district, city, and province match on Pos Indonesia.",accept_other,codex_pos_exact_hierarchy_review,project_owner_adjudication,approved
pos_indonesia_postcode_search,2026-08-11,32.07.18.2018,SUKASARI,46283,https://kodepos.posindonesia.co.id/CariKodepos,"Exact village, district, city, and province match on Pos Indonesia.",accept_other,codex_pos_exact_hierarchy_review,project_owner_adjudication,approved
pos_indonesia_postcode_search,2026-08-11,32.07.19.2001,PAMARICAN,46282,https://kodepos.posindonesia.co.id/CariKodepos,"Exact village, district, city, and province match on Pos Indonesia.",accept_other,codex_pos_exact_hierarchy_review,project_owner_adjudication,approved
pos_indonesia_postcode_search,2026-08-11,32.07.19.2002,SIDAMULIH,46282,https://kodepos.posindonesia.co.id/CariKodepos,"Exact village, district, city, and province match on Pos Indonesia.",accept_other,codex_pos_exact_hierarchy_review,project_owner_adjudication,approved
pos_indonesia_postcode_search,2026-08-11,32.07.19.2003,KERTAHAYU,46282,https://kodepos.posindonesia.co.id/CariKodepos,"Exact village, district, city, and province match on Pos Indonesia.",accept_other,codex_pos_exact_hierarchy_review,project_owner_adjudication,approved
pos_indonesia_postcode_search,2026-08-11,32.07.19.2004,SUKAMUKTI,46282,https://kodepos.posindonesia.co.id/CariKodepos,"Exact village, district, city, and province match on Pos Indonesia.",accept_other,codex_pos_exact_hierarchy_review,project_owner_adjudication,approved
pos_indonesia_postcode_search,2026-08-11,32.07.19.2005,BANGUNSARI,46282,https://kodepos.posindonesia.co.id/CariKodepos,"Exact village, district, city, and province match on Pos Indonesia.",accept_other,codex_pos_exact_hierarchy_review,project_owner_adjudication,approved
pos_indonesia_postcode_search,2026-08-11,32.07.19.2006,NEGLASARI,46282,https://kodepos.posindonesia.co.id/CariKodepos,"Exact village, district, city, and province match on Pos Indonesia.",accept_other,codex_pos_exact_hierarchy_review,project_owner_adjudication,approved
pos_indonesia_postcode_search,2026-08-11,32.07.19.2007,BANTARSARI,46282,https://kodepos.posindonesia.co.id/CariKodepos,"Exact village, district, city, and province match on Pos Indonesia.",accept_other,codex_pos_exact_hierarchy_review,project_owner_adjudication,approved
pos_indonesia_postcode_search,2026-08-11,32.07.19.2008,MARGAJAYA,46282,https://kodepos.posindonesia.co.id/CariKodepos,"Exact village, district, city, and province match on Pos Indonesia.",accept_other,codex_pos_exact_hierarchy_review,project_owner_adjudication,approved
pos_indonesia_postcode_search,2026-08-11,32.07.19.2009,SUKAJAYA,46282,https://kodepos.posindonesia.co.id/CariKodepos,"Exact village, district, city, and province match on Pos Indonesia.",accept_other,codex_pos_exact_hierarchy_review,project_owner_adjudication,approved
pos_indonesia_postcode_search,2026-08-11,32.07.19.2010,SUKAHURIP,46282,https://kodepos.posindonesia.co.id/CariKodepos,"Exact village, district, city, and province match on Pos Indonesia.",accept_other,codex_pos_exact_hierarchy_review,project_owner_adjudication,approved
pos_indonesia_postcode_search,2026-08-11,32.07.19.2011,SUKAJADI,46282,https://kodepos.posindonesia.co.id/CariKodepos,"Exact village, district, city, and province match on Pos Indonesia.",accept_other,codex_pos_exact_hierarchy_review,project_owner_adjudication,approved
pos_indonesia_postcode_search,2026-08-11,32.07.19.2012,SIDAHARJA,46282,https://kodepos.posindonesia.co.id/CariKodepos,"Exact village, district, city, and province match on Pos Indonesia.",accept_other,codex_pos_exact_hierarchy_review,project_owner_adjudication,approved
pos_indonesia_postcode_search,2026-08-11,32.07.19.2013,PASIRNAGARA,46282,https://kodepos.posindonesia.co.id/CariKodepos,"Exact village, district, city, and province match on Pos Indonesia.",accept_other,codex_pos_exact_hierarchy_review,project_owner_adjudication,approved
pos_indonesia_postcode_search,2026-08-11,32.07.19.2014,MEKARMULYA,46282,https://kodepos.posindonesia.co.id/CariKodepos,"Exact village, district, city, and province match on Pos Indonesia.",accept_other,codex_pos_exact_hierarchy_review,project_owner_adjudication,approved
pos_indonesia_postcode_search,2026-08-11,32.07.29.2001,CIMARAGAS,46281,https://kodepos.posindonesia.co.id/CariKodepos,"Exact village, district, city, and province match on Pos Indonesia.",accept_other,codex_pos_exact_hierarchy_review,project_owner_adjudication,approved
pos_indonesia_postcode_search,2026-08-11,32.07.29.2002,BEBER,46281,https://kodepos.posindonesia.co.id/CariKodepos,"Exact village, district, city, and province match on Pos Indonesia.",accept_other,codex_pos_exact_hierarchy_review,project_owner_adjudication,approved
pos_indonesia_postcode_search,2026-08-11,32.07.29.2003,RAKSABAYA,46281,https://kodepos.posindonesia.co.id/CariKodepos,"Exact village, district, city, and province match on Pos Indonesia.",accept_other,codex_pos_exact_hierarchy_review,project_owner_adjudication,approved
pos_indonesia_postcode_search,2026-08-11,32.07.29.2004,BOJONGMALANG,46281,https://kodepos.posindonesia.co.id/CariKodepos,"Exact village, district, city, and province match on Pos Indonesia.",accept_other,codex_pos_exact_hierarchy_review,project_owner_adjudication,approved
pos_indonesia_postcode_search,2026-08-11,32.07.29.2005,JAYARAKSA,46281,https://kodepos.posindonesia.co.id/CariKodepos,"Exact village, district, city, and province match on Pos Indonesia.",accept_other,codex_pos_exact_hierarchy_review,project_owner_adjudication,approved
pos_indonesia_postcode_search,2026-08-11,32.07.30.2001,CISAGA,46291,https://kodepos.posindonesia.co.id/CariKodepos,"Exact village, district, city, and province match on Pos Indonesia.",accept_other,codex_pos_exact_hierarchy_review,project_owner_adjudication,approved
pos_indonesia_postcode_search,2026-08-11,32.07.30.2002,SIDAMULYA,46291,https://kodepos.posindonesia.co.id/CariKodepos,"Exact village, district, city, and province match on Pos Indonesia.",accept_other,codex_pos_exact_hierarchy_review,project_owner_adjudication,approved
pos_indonesia_postcode_search,2026-08-11,32.07.30.2003,KEPEL,46291,https://kodepos.posindonesia.co.id/CariKodepos,"Exact village, district, city, and province match on Pos Indonesia.",accept_other,codex_pos_exact_hierarchy_review,project_owner_adjudication,approved
pos_indonesia_postcode_search,2026-08-11,32.07.30.2004,WANGUNJAYA,46291,https://kodepos.posindonesia.co.id/CariKodepos,"Exact village, district, city, and province match on Pos Indonesia.",accept_other,codex_pos_exact_hierarchy_review,project_owner_adjudication,approved
pos_indonesia_postcode_search,2026-08-11,32.07.30.2005,SUKAHURIP,46291,https://kodepos.posindonesia.co.id/CariKodepos,"Exact village, district, city, and province match on Pos Indonesia.",accept_other,codex_pos_exact_hierarchy_review,project_owner_adjudication,approved
pos_indonesia_postcode_search,2026-08-11,32.07.30.2006,BANGUNHARJA,46291,https://kodepos.posindonesia.co.id/CariKodepos,"Exact village, district, city, and province match on Pos Indonesia.",accept_other,codex_pos_exact_hierarchy_review,project_owner_adjudication,approved
pos_indonesia_postcode_search,2026-08-11,32.07.30.2007,TANJUNGJAYA,46291,https://kodepos.posindonesia.co.id/CariKodepos,"Exact village, district, city, and province match on Pos Indonesia.",accept_other,codex_pos_exact_hierarchy_review,project_owner_adjudication,approved
pos_indonesia_postcode_search,2026-08-11,32.07.30.2008,MEKARMUKTI,46291,https://kodepos.posindonesia.co.id/CariKodepos,"Exact village, district, city, and province match on Pos Indonesia.",accept_other,codex_pos_exact_hierarchy_review,project_owner_adjudication,approved
pos_indonesia_postcode_search,2026-08-11,32.07.30.2009,DANASARI,46291,https://kodepos.posindonesia.co.id/CariKodepos,"Exact village, district, city, and province match on Pos Indonesia.",accept_other,codex_pos_exact_hierarchy_review,project_owner_adjudication,approved
pos_indonesia_postcode_search,2026-08-11,32.07.30.2010,GIRIMUKTI,46291,https://kodepos.posindonesia.co.id/CariKodepos,"Exact village, district, city, and province match on Pos Indonesia.",accept_other,codex_pos_exact_hierarchy_review,project_owner_adjudication,approved
pos_indonesia_postcode_search,2026-08-11,32.07.30.2011,KARYAMULYA,46291,https://kodepos.posindonesia.co.id/CariKodepos,"Exact village, district, city, and province match on Pos Indonesia.",accept_other,codex_pos_exact_hierarchy_review,project_owner_adjudication,approved
pos_indonesia_postcode_search,2026-08-11,32.07.33.2001,SUKAMANTRI,46265,https://kodepos.posindonesia.co.id/CariKodepos,"Exact village, district, city, and province match on Pos Indonesia.",accept_suggested,codex_pos_exact_hierarchy_review,project_owner_adjudication,approved
pos_indonesia_postcode_search,2026-08-11,32.07.33.2002,TENGGERRAHARJA,46265,https://kodepos.posindonesia.co.id/CariKodepos,"Exact village, district, city, and province match on Pos Indonesia.",accept_suggested,codex_pos_exact_hierarchy_review,project_owner_adjudication,approved
pos_indonesia_postcode_search,2026-08-11,32.07.33.2003,CIBEUREUM,46265,https://kodepos.posindonesia.co.id/CariKodepos,"Exact village, district, city, and province match on Pos Indonesia.",accept_suggested,codex_pos_exact_hierarchy_review,project_owner_adjudication,approved
pos_indonesia_postcode_search,2026-08-11,32.07.33.2004,SINDANGLAYA,46265,https://kodepos.posindonesia.co.id/CariKodepos,"Exact village, district, city, and province match on Pos Indonesia.",accept_suggested,codex_pos_exact_hierarchy_review,project_owner_adjudication,approved
pos_indonesia_postcode_search,2026-08-11,32.07.33.2005,MEKARWANGI,46265,https://kodepos.posindonesia.co.id/CariKodepos,"Exact village, district, city, and province match on Pos Indonesia.",accept_suggested,codex_pos_exact_hierarchy_review,project_owner_adjudication,approved
pos_indonesia_postcode_search,2026-08-11,32.08.05.2002,SINDANGJAWA,45587,https://kodepos.posindonesia.co.id/CariKodepos,"Exact village, district, city, and province match on Pos Indonesia.",accept_suggested,codex_pos_exact_hierarchy_review,project_owner_adjudication,approved
pos_indonesia_postcode_search,2026-08-11,32.08.06.2015,BENDA,45581,https://kodepos.posindonesia.co.id/CariKodepos,"Exact village, district, city, and province match on Pos Indonesia.",accept_other,codex_pos_exact_hierarchy_review,project_owner_adjudication,approved
pos_indonesia_postcode_search,2026-08-11,32.08.06.2016,CIKADUWETAN,45582,https://kodepos.posindonesia.co.id/CariKodepos,"Exact village, district, city, and province match on Pos Indonesia.",accept_suggested,codex_pos_exact_hierarchy_review,project_owner_adjudication,approved
pos_indonesia_postcode_search,2026-08-11,32.08.07.2013,CIPETIR,45574,https://kodepos.posindonesia.co.id/CariKodepos,"Project-owner manual Pos Indonesia correction, independently schema-validated.",accept_suggested,project_owner_manual_review,codex_adjudication_validation,approved
pos_indonesia_postcode_search,2026-08-11,32.08.08.2003,PAKEMBANGAN,45571,https://kodepos.posindonesia.co.id/CariKodepos,"Exact village, district, city, and province match on Pos Indonesia.",accept_other,codex_pos_exact_hierarchy_review,project_owner_adjudication,approved
pos_indonesia_postcode_search,2026-08-11,32.08.09.1008,CIRENDANG,45518,https://kodepos.posindonesia.co.id/CariKodepos,"Exact village, district, city, and province match on Pos Indonesia.",accept_suggested,codex_pos_exact_hierarchy_review,project_owner_adjudication,approved
pos_indonesia_postcode_search,2026-08-11,32.08.09.2016,PADAREK,45553,https://kodepos.posindonesia.co.id/CariKodepos,"Exact village, district, city, and province match on Pos Indonesia.",accept_suggested,codex_pos_exact_hierarchy_review,project_owner_adjudication,approved
pos_indonesia_postcode_search,2026-08-11,32.08.10.2016,CIHIRUP,45591,https://kodepos.posindonesia.co.id/CariKodepos,"Exact village, district, city, and province match on Pos Indonesia.",accept_other,codex_pos_exact_hierarchy_review,project_owner_adjudication,approved
pos_indonesia_postcode_search,2026-08-11,32.08.12.2015,NANGGERANG,45554,https://kodepos.posindonesia.co.id/CariKodepos,"Exact village, district, city, and province match on Pos Indonesia.",accept_other,codex_pos_exact_hierarchy_review,project_owner_adjudication,approved
pos_indonesia_postcode_search,2026-08-11,32.08.14.2008,KERTAWINANGUN,45558,https://kodepos.posindonesia.co.id/CariKodepos,"Exact village, district, city, and province match on Pos Indonesia.",accept_suggested,codex_pos_exact_hierarchy_review,project_owner_adjudication,approved
pos_indonesia_postcode_search,2026-08-11,32.08.15.2001,SELAJAMBE,45566,https://kodepos.posindonesia.co.id/CariKodepos,"Exact village, district, city, and province match on Pos Indonesia.",accept_suggested,codex_pos_exact_hierarchy_review,project_owner_adjudication,approved
pos_indonesia_postcode_search,2026-08-11,32.08.15.2002,CANTILAN,45566,https://kodepos.posindonesia.co.id/CariKodepos,"Exact village, district, city, and province match on Pos Indonesia.",accept_suggested,codex_pos_exact_hierarchy_review,project_owner_adjudication,approved
pos_indonesia_postcode_search,2026-08-11,32.08.15.2003,CIBERUNG,45566,https://kodepos.posindonesia.co.id/CariKodepos,"Exact village, district, city, and province match on Pos Indonesia.",accept_suggested,codex_pos_exact_hierarchy_review,project_owner_adjudication,approved
pos_indonesia_postcode_search,2026-08-11,32.08.15.2004,KUTAWARINGIN,45566,https://kodepos.posindonesia.co.id/CariKodepos,"Exact village, district, city, and province match on Pos Indonesia.",accept_suggested,codex_pos_exact_hierarchy_review,project_owner_adjudication,approved
pos_indonesia_postcode_search,2026-08-11,32.08.15.2005,JAMBERAMA,45566,https://kodepos.posindonesia.co.id/CariKodepos,"Exact village, district, city, and province match on Pos Indonesia.",accept_suggested,codex_pos_exact_hierarchy_review,project_owner_adjudication,approved
pos_indonesia_postcode_search,2026-08-11,32.08.15.2006,BAGAWAT,45566,https://kodepos.posindonesia.co.id/CariKodepos,"Exact village, district, city, and province match on Pos Indonesia.",accept_suggested,codex_pos_exact_hierarchy_review,project_owner_adjudication,approved
pos_indonesia_postcode_search,2026-08-11,32.08.15.2007,PADAHURIP,45566,https://kodepos.posindonesia.co.id/CariKodepos,"Exact village, district, city, and province match on Pos Indonesia.",accept_suggested,codex_pos_exact_hierarchy_review,project_owner_adjudication,approved
pos_indonesia_postcode_search,2026-08-11,32.08.18.1001,CIGUGUR,45552,https://kodepos.posindonesia.co.id/CariKodepos,"Exact village, district, city, and province match on Pos Indonesia.",accept_suggested,codex_pos_exact_hierarchy_review,project_owner_adjudication,approved
pos_indonesia_postcode_search,2026-08-11,32.08.21.2010,MEKARSARI,45592,https://kodepos.posindonesia.co.id/CariKodepos,"Exact village, district, city, and province match on Pos Indonesia.",accept_other,codex_pos_exact_hierarchy_review,project_owner_adjudication,approved
pos_indonesia_postcode_search,2026-08-11,32.08.26.2001,CITAPEN,45564,https://kodepos.posindonesia.co.id/CariKodepos,"Exact village, district, city, and province match on Pos Indonesia.",accept_suggested,codex_pos_exact_hierarchy_review,project_owner_adjudication,approved
pos_indonesia_postcode_search,2026-08-11,32.08.26.2002,PASIRAGUNG,45564,https://kodepos.posindonesia.co.id/CariKodepos,"Exact village, district, city, and province match on Pos Indonesia.",accept_suggested,codex_pos_exact_hierarchy_review,project_owner_adjudication,approved
pos_indonesia_postcode_search,2026-08-11,32.08.26.2003,TUNDAGAN,45564,https://kodepos.posindonesia.co.id/CariKodepos,"Exact village, district, city, and province match on Pos Indonesia.",accept_suggested,codex_pos_exact_hierarchy_review,project_owner_adjudication,approved
pos_indonesia_postcode_search,2026-08-11,32.08.26.2004,BUNIGEULIS,45564,https://kodepos.posindonesia.co.id/CariKodepos,"Exact village, district, city, and province match on Pos Indonesia.",accept_suggested,codex_pos_exact_hierarchy_review,project_owner_adjudication,approved
pos_indonesia_postcode_search,2026-08-11,32.08.26.2005,HANTARA,45564,https://kodepos.posindonesia.co.id/CariKodepos,"Exact village, district, city, and province match on Pos Indonesia.",accept_suggested,codex_pos_exact_hierarchy_review,project_owner_adjudication,approved
pos_indonesia_postcode_search,2026-08-11,32.08.26.2006,PAKAPASAN GIRANG,45564,https://kodepos.posindonesia.co.id/CariKodepos,"Exact village, district, city, and province match on Pos Indonesia.",accept_suggested,codex_pos_exact_hierarchy_review,project_owner_adjudication,approved
pos_indonesia_postcode_search,2026-08-11,32.08.26.2007,CIKONDANG,45564,https://kodepos.posindonesia.co.id/CariKodepos,"Exact village, district, city, and province match on Pos Indonesia.",accept_suggested,codex_pos_exact_hierarchy_review,project_owner_adjudication,approved
pos_indonesia_postcode_search,2026-08-11,32.08.26.2008,PAKAPASAN HILIR,45564,https://kodepos.posindonesia.co.id/CariKodepos,"Exact village, district, city, and province match on Pos Indonesia.",accept_suggested,codex_pos_exact_hierarchy_review,project_owner_adjudication,approved
pos_indonesia_postcode_search,2026-08-11,32.08.28.2006,SUKADANA,45588,https://kodepos.posindonesia.co.id/CariKodepos,"Exact village, district, city, and province match on Pos Indonesia.",accept_suggested,codex_pos_exact_hierarchy_review,project_owner_adjudication,approved
pos_indonesia_postcode_search,2026-08-11,32.08.28.2008,SUKARAPIH,45588,https://kodepos.posindonesia.co.id/CariKodepos,"Exact village, district, city, and province match on Pos Indonesia.",accept_suggested,codex_pos_exact_hierarchy_review,project_owner_adjudication,approved
pos_indonesia_postcode_search,2026-08-11,32.08.30.2006,KUTARAJA,45575,https://kodepos.posindonesia.co.id/CariKodepos,"Exact village, district, city, and province match on Pos Indonesia.",accept_other,codex_pos_exact_hierarchy_review,project_owner_adjudication,approved
pos_indonesia_postcode_search,2026-08-11,32.08.30.2007,CIPORANG,45575,https://kodepos.posindonesia.co.id/CariKodepos,"Exact village, district, city, and province match on Pos Indonesia.",accept_other,codex_pos_exact_hierarchy_review,project_owner_adjudication,approved
pos_indonesia_postcode_search,2026-08-11,32.08.30.2014,MANDALAJAYA,45575,https://kodepos.posindonesia.co.id/CariKodepos,"Exact village, district, city, and province match on Pos Indonesia.",accept_other,codex_pos_exact_hierarchy_review,project_owner_adjudication,approved
pos_indonesia_postcode_search,2026-08-11,32.08.32.2001,BUNIGEULIS,45556,https://kodepos.posindonesia.co.id/CariKodepos,"Exact village, district, city, and province match on Pos Indonesia.",accept_suggested,codex_pos_exact_hierarchy_review,project_owner_adjudication,approved
pos_indonesia_postcode_search,2026-08-11,32.08.32.2002,JAMBUGEULIS,45556,https://kodepos.posindonesia.co.id/CariKodepos,"Exact village, district, city, and province match on Pos Indonesia.",accept_suggested,codex_pos_exact_hierarchy_review,project_owner_adjudication,approved
pos_indonesia_postcode_search,2026-08-11,32.08.32.2003,KOREAK,45556,https://kodepos.posindonesia.co.id/CariKodepos,"Exact village, district, city, and province match on Pos Indonesia.",accept_suggested,codex_pos_exact_hierarchy_review,project_owner_adjudication,approved
pos_indonesia_postcode_search,2026-08-11,32.08.32.2004,KARANGMUNCANG,45556,https://kodepos.posindonesia.co.id/CariKodepos,"Exact village, district, city, and province match on Pos Indonesia.",accept_suggested,codex_pos_exact_hierarchy_review,project_owner_adjudication,approved
pos_indonesia_postcode_search,2026-08-11,32.08.32.2005,SANGKANHURIP,45556,https://kodepos.posindonesia.co.id/CariKodepos,"Exact village, district, city, and province match on Pos Indonesia.",accept_suggested,codex_pos_exact_hierarchy_review,project_owner_adjudication,approved
pos_indonesia_postcode_search,2026-08-11,32.08.32.2006,PANAWUAN,45556,https://kodepos.posindonesia.co.id/CariKodepos,"Exact village, district, city, and province match on Pos Indonesia.",accept_suggested,codex_pos_exact_hierarchy_review,project_owner_adjudication,approved
pos_indonesia_postcode_search,2026-08-11,32.08.32.2007,TIMBANG,45556,https://kodepos.posindonesia.co.id/CariKodepos,"Exact village, district, city, and province match on Pos Indonesia.",accept_suggested,codex_pos_exact_hierarchy_review,project_owner_adjudication,approved
pos_indonesia_postcode_search,2026-08-11,32.08.32.2008,BABAKANJATI,45556,https://kodepos.posindonesia.co.id/CariKodepos,"Exact village, district, city, and province match on Pos Indonesia.",accept_suggested,codex_pos_exact_hierarchy_review,project_owner_adjudication,approved
pos_indonesia_postcode_search,2026-08-11,32.08.32.2009,INDAPATRA,45556,https://kodepos.posindonesia.co.id/CariKodepos,"Exact village, district, city, and province match on Pos Indonesia.",accept_suggested,codex_pos_exact_hierarchy_review,project_owner_adjudication,approved
pos_indonesia_postcode_search,2026-08-11,32.08.32.2010,CIBUNTU,45556,https://kodepos.posindonesia.co.id/CariKodepos,"Exact village, district, city, and province match on Pos Indonesia.",accept_suggested,codex_pos_exact_hierarchy_review,project_owner_adjudication,approved
pos_indonesia_postcode_search,2026-08-11,32.08.32.2011,SANGKANMULYA,45556,https://kodepos.posindonesia.co.id/CariKodepos,"Exact village, district, city, and province match on Pos Indonesia.",accept_suggested,codex_pos_exact_hierarchy_review,project_owner_adjudication,approved
pos_indonesia_postcode_search,2026-08-11,32.09.02.2008,LEUWEUNGGAJAH,45688,https://kodepos.posindonesia.co.id/CariKodepos,"Exact village, district, city, and province match on Pos Indonesia.",accept_other,codex_pos_exact_hierarchy_review,project_owner_adjudication,approved
pos_indonesia_postcode_search,2026-08-11,32.09.02.2009,TENJOMAYA,45688,https://kodepos.posindonesia.co.id/CariKodepos,"Exact village, district, city, and province match on Pos Indonesia.",accept_other,codex_pos_exact_hierarchy_review,project_owner_adjudication,approved
pos_indonesia_postcode_search,2026-08-11,32.09.02.2010,DAMARGUNA,45688,https://kodepos.posindonesia.co.id/CariKodepos,"Exact village, district, city, and province match on Pos Indonesia.",accept_other,codex_pos_exact_hierarchy_review,project_owner_adjudication,approved
pos_indonesia_postcode_search,2026-08-11,32.09.02.2011,JATISEENG,45688,https://kodepos.posindonesia.co.id/CariKodepos,"Exact village, district, city, and province match on Pos Indonesia.",accept_other,codex_pos_exact_hierarchy_review,project_owner_adjudication,approved
pos_indonesia_postcode_search,2026-08-11,32.09.02.2012,JATISEENG KIDUL,45688,https://kodepos.posindonesia.co.id/CariKodepos,"Exact village, district, city, and province match on Pos Indonesia.",accept_other,codex_pos_exact_hierarchy_review,project_owner_adjudication,approved
pos_indonesia_postcode_search,2026-08-11,32.09.02.2013,CILEDUG KULON,45688,https://kodepos.posindonesia.co.id/CariKodepos,"Exact village, district, city, and province match on Pos Indonesia.",accept_other,codex_pos_exact_hierarchy_review,project_owner_adjudication,approved
pos_indonesia_postcode_search,2026-08-11,32.09.02.2014,CILEDUG WETAN,45688,https://kodepos.posindonesia.co.id/CariKodepos,"Exact village, district, city, and province match on Pos Indonesia.",accept_other,codex_pos_exact_hierarchy_review,project_owner_adjudication,approved
pos_indonesia_postcode_search,2026-08-11,32.09.02.2015,CILEDUG LOR,45688,https://kodepos.posindonesia.co.id/CariKodepos,"Exact village, district, city, and province match on Pos Indonesia.",accept_other,codex_pos_exact_hierarchy_review,project_owner_adjudication,approved
pos_indonesia_postcode_search,2026-08-11,32.09.02.2016,CILEDUG TENGAH,45688,https://kodepos.posindonesia.co.id/CariKodepos,"Exact village, district, city, and province match on Pos Indonesia.",accept_other,codex_pos_exact_hierarchy_review,project_owner_adjudication,approved
pos_indonesia_postcode_search,2026-08-11,32.09.02.2017,BOJONGNEGARA,45688,https://kodepos.posindonesia.co.id/CariKodepos,"Exact village, district, city, and province match on Pos Indonesia.",accept_other,codex_pos_exact_hierarchy_review,project_owner_adjudication,approved
pos_indonesia_postcode_search,2026-08-11,32.09.03.2001,ASTANALANGGAR,45692,https://kodepos.posindonesia.co.id/CariKodepos,"Exact village, district, city, and province match on Pos Indonesia.",accept_other,codex_pos_exact_hierarchy_review,project_owner_adjudication,approved
pos_indonesia_postcode_search,2026-08-11,32.09.03.2002,BARISAN,45692,https://kodepos.posindonesia.co.id/CariKodepos,"Exact village, district, city, and province match on Pos Indonesia.",accept_other,codex_pos_exact_hierarchy_review,project_owner_adjudication,approved
pos_indonesia_postcode_search,2026-08-11,32.09.03.2003,LOSARI KIDUL,45692,https://kodepos.posindonesia.co.id/CariKodepos,"Exact village, district, city, and province match on Pos Indonesia.",accept_other,codex_pos_exact_hierarchy_review,project_owner_adjudication,approved
pos_indonesia_postcode_search,2026-08-11,32.09.03.2004,PANGGANGSARI,45692,https://kodepos.posindonesia.co.id/CariKodepos,"Exact village, district, city, and province match on Pos Indonesia.",accept_other,codex_pos_exact_hierarchy_review,project_owner_adjudication,approved
pos_indonesia_postcode_search,2026-08-11,32.09.03.2005,LOSARI LOR,45692,https://kodepos.posindonesia.co.id/CariKodepos,"Exact village, district, city, and province match on Pos Indonesia.",accept_other,codex_pos_exact_hierarchy_review,project_owner_adjudication,approved
pos_indonesia_postcode_search,2026-08-11,32.09.03.2006,MULYASARI,45692,https://kodepos.posindonesia.co.id/CariKodepos,"Exact village, district, city, and province match on Pos Indonesia.",accept_other,codex_pos_exact_hierarchy_review,project_owner_adjudication,approved
pos_indonesia_postcode_search,2026-08-11,32.09.03.2007,KALIRAHAYU,45692,https://kodepos.posindonesia.co.id/CariKodepos,"Exact village, district, city, and province match on Pos Indonesia.",accept_other,codex_pos_exact_hierarchy_review,project_owner_adjudication,approved
pos_indonesia_postcode_search,2026-08-11,32.09.03.2008,KALISARI,45692,https://kodepos.posindonesia.co.id/CariKodepos,"Exact village, district, city, and province match on Pos Indonesia.",accept_other,codex_pos_exact_hierarchy_review,project_owner_adjudication,approved
pos_indonesia_postcode_search,2026-08-11,32.09.03.2009,AMBULU,45692,https://kodepos.posindonesia.co.id/CariKodepos,"Exact village, district, city, and province match on Pos Indonesia.",accept_other,codex_pos_exact_hierarchy_review,project_owner_adjudication,approved
pos_indonesia_postcode_search,2026-08-11,32.09.03.2010,TAWANGSARI,45692,https://kodepos.posindonesia.co.id/CariKodepos,"Exact village, district, city, and province match on Pos Indonesia.",accept_other,codex_pos_exact_hierarchy_review,project_owner_adjudication,approved
pos_indonesia_postcode_search,2026-08-11,32.09.04.2001,PABEDILAN KIDUL,45693,https://kodepos.posindonesia.co.id/CariKodepos,"Exact village, district, city, and province match on Pos Indonesia.",accept_other,codex_pos_exact_hierarchy_review,project_owner_adjudication,approved
pos_indonesia_postcode_search,2026-08-11,32.09.04.2002,PABEDILAN WETAN,45693,https://kodepos.posindonesia.co.id/CariKodepos,"Exact village, district, city, and province match on Pos Indonesia.",accept_other,codex_pos_exact_hierarchy_review,project_owner_adjudication,approved
pos_indonesia_postcode_search,2026-08-11,32.09.04.2003,PABEDILAN KULON,45693,https://kodepos.posindonesia.co.id/CariKodepos,"Exact village, district, city, and province match on Pos Indonesia.",accept_other,codex_pos_exact_hierarchy_review,project_owner_adjudication,approved
pos_indonesia_postcode_search,2026-08-11,32.09.04.2004,PABEDILAN KALER,45693,https://kodepos.posindonesia.co.id/CariKodepos,"Exact village, district, city, and province match on Pos Indonesia.",accept_other,codex_pos_exact_hierarchy_review,project_owner_adjudication,approved
pos_indonesia_postcode_search,2026-08-11,32.09.04.2005,SILIH ASIH,45693,https://kodepos.posindonesia.co.id/CariKodepos,"Exact village, district, city, and province match on Pos Indonesia.",accept_other,codex_pos_exact_hierarchy_review,project_owner_adjudication,approved
pos_indonesia_postcode_search,2026-08-11,32.09.04.2006,TERSANA,45693,https://kodepos.posindonesia.co.id/CariKodepos,"Exact village, district, city, and province match on Pos Indonesia.",accept_other,codex_pos_exact_hierarchy_review,project_owner_adjudication,approved
pos_indonesia_postcode_search,2026-08-11,32.09.04.2007,PASURUAN,45693,https://kodepos.posindonesia.co.id/CariKodepos,"Exact village, district, city, and province match on Pos Indonesia.",accept_other,codex_pos_exact_hierarchy_review,project_owner_adjudication,approved
pos_indonesia_postcode_search,2026-08-11,32.09.04.2008,DUKUHWIDARA,45693,https://kodepos.posindonesia.co.id/CariKodepos,"Exact village, district, city, and province match on Pos Indonesia.",accept_other,codex_pos_exact_hierarchy_review,project_owner_adjudication,approved
pos_indonesia_postcode_search,2026-08-11,32.09.04.2009,KALIBUNTU,45693,https://kodepos.posindonesia.co.id/CariKodepos,"Exact village, district, city, and province match on Pos Indonesia.",accept_other,codex_pos_exact_hierarchy_review,project_owner_adjudication,approved
pos_indonesia_postcode_search,2026-08-11,32.09.04.2010,KALIMUKTI,45693,https://kodepos.posindonesia.co.id/CariKodepos,"Exact village, district, city, and province match on Pos Indonesia.",accept_other,codex_pos_exact_hierarchy_review,project_owner_adjudication,approved
pos_indonesia_postcode_search,2026-08-11,32.09.04.2011,SIDARESMI,45693,https://kodepos.posindonesia.co.id/CariKodepos,"Exact village, district, city, and province match on Pos Indonesia.",accept_other,codex_pos_exact_hierarchy_review,project_owner_adjudication,approved
pos_indonesia_postcode_search,2026-08-11,32.09.04.2012,BABAKAN LOSARI,45693,https://kodepos.posindonesia.co.id/CariKodepos,"Exact village, district, city, and province match on Pos Indonesia.",accept_other,codex_pos_exact_hierarchy_review,project_owner_adjudication,approved
pos_indonesia_postcode_search,2026-08-11,32.09.04.2013,BABAKAN LOSARI LOR,45693,https://kodepos.posindonesia.co.id/CariKodepos,"Exact village, district, city, and province match on Pos Indonesia.",accept_other,codex_pos_exact_hierarchy_review,project_owner_adjudication,approved
pos_indonesia_postcode_search,2026-08-11,32.09.05.2001,CANGKUANG,45691,https://kodepos.posindonesia.co.id/CariKodepos,"Exact village, district, city, and province match on Pos Indonesia.",accept_other,codex_pos_exact_hierarchy_review,project_owner_adjudication,approved
pos_indonesia_postcode_search,2026-08-11,32.09.05.2002,SERANG WETAN,45691,https://kodepos.posindonesia.co.id/CariKodepos,"Exact village, district, city, and province match on Pos Indonesia.",accept_other,codex_pos_exact_hierarchy_review,project_owner_adjudication,approved
pos_indonesia_postcode_search,2026-08-11,32.09.05.2003,SERANG KULON,45691,https://kodepos.posindonesia.co.id/CariKodepos,"Exact village, district, city, and province match on Pos Indonesia.",accept_other,codex_pos_exact_hierarchy_review,project_owner_adjudication,approved
pos_indonesia_postcode_search,2026-08-11,32.09.05.2005,GEMBONGAN,45691,https://kodepos.posindonesia.co.id/CariKodepos,"Exact village, district, city, and province match on Pos Indonesia.",accept_other,codex_pos_exact_hierarchy_review,project_owner_adjudication,approved
pos_indonesia_postcode_search,2026-08-11,32.09.05.2007,BABAKAN,45691,https://kodepos.posindonesia.co.id/CariKodepos,"Exact village, district, city, and province match on Pos Indonesia.",accept_other,codex_pos_exact_hierarchy_review,project_owner_adjudication,approved
pos_indonesia_postcode_search,2026-08-11,32.09.05.2008,BOJONGGEBANG,45691,https://kodepos.posindonesia.co.id/CariKodepos,"Exact village, district, city, and province match on Pos Indonesia.",accept_other,codex_pos_exact_hierarchy_review,project_owner_adjudication,approved
pos_indonesia_postcode_search,2026-08-11,32.09.05.2009,SUMBER KIDUL,45691,https://kodepos.posindonesia.co.id/CariKodepos,"Exact village, district, city, and province match on Pos Indonesia.",accept_other,codex_pos_exact_hierarchy_review,project_owner_adjudication,approved
pos_indonesia_postcode_search,2026-08-11,32.09.05.2010,SUMBER LOR,45691,https://kodepos.posindonesia.co.id/CariKodepos,"Exact village, district, city, and province match on Pos Indonesia.",accept_other,codex_pos_exact_hierarchy_review,project_owner_adjudication,approved
pos_indonesia_postcode_search,2026-08-11,32.09.05.2011,KUDUMULYA,45691,https://kodepos.posindonesia.co.id/CariKodepos,"Exact village, district, city, and province match on Pos Indonesia.",accept_other,codex_pos_exact_hierarchy_review,project_owner_adjudication,approved
pos_indonesia_postcode_search,2026-08-11,32.09.05.2012,KUDUKERAS,45691,https://kodepos.posindonesia.co.id/CariKodepos,"Exact village, district, city, and province match on Pos Indonesia.",accept_other,codex_pos_exact_hierarchy_review,project_owner_adjudication,approved
pos_indonesia_postcode_search,2026-08-11,32.09.05.2013,PAKUSAMBEN,45691,https://kodepos.posindonesia.co.id/CariKodepos,"Exact village, district, city, and province match on Pos Indonesia.",accept_other,codex_pos_exact_hierarchy_review,project_owner_adjudication,approved
pos_indonesia_postcode_search,2026-08-11,32.09.05.2014,KARANGWANGUN,45691,https://kodepos.posindonesia.co.id/CariKodepos,"Exact village, district, city, and province match on Pos Indonesia.",accept_other,codex_pos_exact_hierarchy_review,project_owner_adjudication,approved
pos_indonesia_postcode_search,2026-08-11,32.09.06.2006,TAMBELANG,45686,https://kodepos.posindonesia.co.id/CariKodepos,"Exact village, district, city, and province match on Pos Indonesia.",accept_other,codex_pos_exact_hierarchy_review,project_owner_adjudication,approved
pos_indonesia_postcode_search,2026-08-11,32.09.06.2011,KARANGSUWUNG,45686,https://kodepos.posindonesia.co.id/CariKodepos,"Exact village, district, city, and province match on Pos Indonesia.",accept_other,codex_pos_exact_hierarchy_review,project_owner_adjudication,approved
pos_indonesia_postcode_search,2026-08-11,32.09.06.2012,KARANGTENGAH,45686,https://kodepos.posindonesia.co.id/CariKodepos,"Exact village, district, city, and province match on Pos Indonesia.",accept_other,codex_pos_exact_hierarchy_review,project_owner_adjudication,approved
pos_indonesia_postcode_search,2026-08-11,32.09.06.2013,KALIMEANG,45686,https://kodepos.posindonesia.co.id/CariKodepos,"Exact village, district, city, and province match on Pos Indonesia.",accept_other,codex_pos_exact_hierarchy_review,project_owner_adjudication,approved
pos_indonesia_postcode_search,2026-08-11,32.09.06.2014,KARANGMALANG,45686,https://kodepos.posindonesia.co.id/CariKodepos,"Exact village, district, city, and province match on Pos Indonesia.",accept_other,codex_pos_exact_hierarchy_review,project_owner_adjudication,approved
pos_indonesia_postcode_search,2026-08-11,32.09.06.2015,KARANGMEKAR,45686,https://kodepos.posindonesia.co.id/CariKodepos,"Exact village, district, city, and province match on Pos Indonesia.",accept_other,codex_pos_exact_hierarchy_review,project_owner_adjudication,approved
pos_indonesia_postcode_search,2026-08-11,32.09.06.2016,KUBANGKARANG,45686,https://kodepos.posindonesia.co.id/CariKodepos,"Exact village, district, city, and province match on Pos Indonesia.",accept_other,codex_pos_exact_hierarchy_review,project_owner_adjudication,approved
pos_indonesia_postcode_search,2026-08-11,32.09.06.2017,KARANGSEMBUNG,45686,https://kodepos.posindonesia.co.id/CariKodepos,"Exact village, district, city, and province match on Pos Indonesia.",accept_other,codex_pos_exact_hierarchy_review,project_owner_adjudication,approved
pos_indonesia_postcode_search,2026-08-11,32.09.07.2001,LEUWIDINGDING,45683,https://kodepos.posindonesia.co.id/CariKodepos,"Exact village, district, city, and province match on Pos Indonesia.",accept_other,codex_pos_exact_hierarchy_review,project_owner_adjudication,approved
pos_indonesia_postcode_search,2026-08-11,32.09.07.2002,ASEM,45683,https://kodepos.posindonesia.co.id/CariKodepos,"Exact village, district, city, and province match on Pos Indonesia.",accept_other,codex_pos_exact_hierarchy_review,project_owner_adjudication,approved
pos_indonesia_postcode_search,2026-08-11,32.09.07.2003,CIPEUJEUH KULON,45683,https://kodepos.posindonesia.co.id/CariKodepos,"Exact village, district, city, and province match on Pos Indonesia.",accept_other,codex_pos_exact_hierarchy_review,project_owner_adjudication,approved
pos_indonesia_postcode_search,2026-08-11,32.09.07.2004,CIPEUJEUH WETAN,45683,https://kodepos.posindonesia.co.id/CariKodepos,"Exact village, district, city, and province match on Pos Indonesia.",accept_other,codex_pos_exact_hierarchy_review,project_owner_adjudication,approved
pos_indonesia_postcode_search,2026-08-11,32.09.07.2005,SINDANGLAUT,45683,https://kodepos.posindonesia.co.id/CariKodepos,"Exact village, district, city, and province match on Pos Indonesia.",accept_other,codex_pos_exact_hierarchy_review,project_owner_adjudication,approved
pos_indonesia_postcode_search,2026-08-11,32.09.07.2007,LEMAHABANG,45683,https://kodepos.posindonesia.co.id/CariKodepos,"Exact village, district, city, and province match on Pos Indonesia.",accept_other,codex_pos_exact_hierarchy_review,project_owner_adjudication,approved
pos_indonesia_postcode_search,2026-08-11,32.09.07.2008,SIGONG,45683,https://kodepos.posindonesia.co.id/CariKodepos,"Exact village, district, city, and province match on Pos Indonesia.",accept_other,codex_pos_exact_hierarchy_review,project_owner_adjudication,approved
pos_indonesia_postcode_search,2026-08-11,32.09.07.2009,SARAJAYA,45683,https://kodepos.posindonesia.co.id/CariKodepos,"Exact village, district, city, and province match on Pos Indonesia.",accept_other,codex_pos_exact_hierarchy_review,project_owner_adjudication,approved
pos_indonesia_postcode_search,2026-08-11,32.09.07.2010,PICUNGPUGUR,45683,https://kodepos.posindonesia.co.id/CariKodepos,"Exact village, district, city, and province match on Pos Indonesia.",accept_other,codex_pos_exact_hierarchy_review,project_owner_adjudication,approved
pos_indonesia_postcode_search,2026-08-11,32.09.07.2011,TUK KARANGSUWUNG,45683,https://kodepos.posindonesia.co.id/CariKodepos,"Exact village, district, city, and province match on Pos Indonesia.",accept_other,codex_pos_exact_hierarchy_review,project_owner_adjudication,approved
pos_indonesia_postcode_search,2026-08-11,32.09.07.2012,BELAWA,45683,https://kodepos.posindonesia.co.id/CariKodepos,"Exact village, district, city, and province match on Pos Indonesia.",accept_other,codex_pos_exact_hierarchy_review,project_owner_adjudication,approved
pos_indonesia_postcode_search,2026-08-11,32.09.07.2013,WANGKELANG,45683,https://kodepos.posindonesia.co.id/CariKodepos,"Exact village, district, city, and province match on Pos Indonesia.",accept_other,codex_pos_exact_hierarchy_review,project_owner_adjudication,approved
pos_indonesia_postcode_search,2026-08-11,32.09.09.2001,KARANGWUNI,45689,https://kodepos.posindonesia.co.id/CariKodepos,"Exact village, district, city, and province match on Pos Indonesia.",accept_other,codex_pos_exact_hierarchy_review,project_owner_adjudication,approved
pos_indonesia_postcode_search,2026-08-11,32.09.09.2002,SEDONG KIDUL,45689,https://kodepos.posindonesia.co.id/CariKodepos,"Exact village, district, city, and province match on Pos Indonesia.",accept_other,codex_pos_exact_hierarchy_review,project_owner_adjudication,approved
pos_indonesia_postcode_search,2026-08-11,32.09.09.2003,SEDONG LOR,45689,https://kodepos.posindonesia.co.id/CariKodepos,"Exact village, district, city, and province match on Pos Indonesia.",accept_other,codex_pos_exact_hierarchy_review,project_owner_adjudication,approved
pos_indonesia_postcode_search,2026-08-11,32.09.09.2004,WINDUJAYA,45689,https://kodepos.posindonesia.co.id/CariKodepos,"Exact village, district, city, and province match on Pos Indonesia.",accept_other,codex_pos_exact_hierarchy_review,project_owner_adjudication,approved
pos_indonesia_postcode_search,2026-08-11,32.09.09.2005,WINDUHAJI,45689,https://kodepos.posindonesia.co.id/CariKodepos,"Exact village, district, city, and province match on Pos Indonesia.",accept_other,codex_pos_exact_hierarchy_review,project_owner_adjudication,approved
pos_indonesia_postcode_search,2026-08-11,32.09.09.2006,KERTAWANGUN,45689,https://kodepos.posindonesia.co.id/CariKodepos,"Exact village, district, city, and province match on Pos Indonesia.",accept_other,codex_pos_exact_hierarchy_review,project_owner_adjudication,approved
pos_indonesia_postcode_search,2026-08-11,32.09.09.2007,PENAMBANGAN,45689,https://kodepos.posindonesia.co.id/CariKodepos,"Exact village, district, city, and province match on Pos Indonesia.",accept_other,codex_pos_exact_hierarchy_review,project_owner_adjudication,approved
pos_indonesia_postcode_search,2026-08-11,32.09.09.2008,PUTAT,45689,https://kodepos.posindonesia.co.id/CariKodepos,"Exact village, district, city, and province match on Pos Indonesia.",accept_other,codex_pos_exact_hierarchy_review,project_owner_adjudication,approved
pos_indonesia_postcode_search,2026-08-11,32.09.09.2009,PANONGAN,45689,https://kodepos.posindonesia.co.id/CariKodepos,"Exact village, district, city, and province match on Pos Indonesia.",accept_other,codex_pos_exact_hierarchy_review,project_owner_adjudication,approved
pos_indonesia_postcode_search,2026-08-11,32.09.09.2010,PANONGAN LOR,45689,https://kodepos.posindonesia.co.id/CariKodepos,"Exact village, district, city, and province match on Pos Indonesia.",accept_other,codex_pos_exact_hierarchy_review,project_owner_adjudication,approved
pos_indonesia_postcode_search,2026-08-11,32.09.10.2004,MUNJUL,45681,https://kodepos.posindonesia.co.id/CariKodepos,"Exact village, district, city, and province match on Pos Indonesia.",accept_other,codex_pos_exact_hierarchy_review,project_owner_adjudication,approved
pos_indonesia_postcode_search,2026-08-11,32.09.10.2005,SIDAMULYA,45681,https://kodepos.posindonesia.co.id/CariKodepos,"Exact village, district, city, and province match on Pos Indonesia.",accept_other,codex_pos_exact_hierarchy_review,project_owner_adjudication,approved
pos_indonesia_postcode_search,2026-08-11,32.09.10.2006,MERTAPADA KULON,45681,https://kodepos.posindonesia.co.id/CariKodepos,"Exact village, district, city, and province match on Pos Indonesia.",accept_other,codex_pos_exact_hierarchy_review,project_owner_adjudication,approved
pos_indonesia_postcode_search,2026-08-11,32.09.10.2007,MERTAPADA WETAN,45681,https://kodepos.posindonesia.co.id/CariKodepos,"Exact village, district, city, and province match on Pos Indonesia.",accept_other,codex_pos_exact_hierarchy_review,project_owner_adjudication,approved
pos_indonesia_postcode_search,2026-08-11,32.09.10.2008,BUNTET,45681,https://kodepos.posindonesia.co.id/CariKodepos,"Exact village, district, city, and province match on Pos Indonesia.",accept_other,codex_pos_exact_hierarchy_review,project_owner_adjudication,approved
pos_indonesia_postcode_search,2026-08-11,32.09.10.2009,KANCI KULON,45681,https://kodepos.posindonesia.co.id/CariKodepos,"Exact village, district, city, and province match on Pos Indonesia.",accept_other,codex_pos_exact_hierarchy_review,project_owner_adjudication,approved
pos_indonesia_postcode_search,2026-08-11,32.09.10.2010,KANCI,45681,https://kodepos.posindonesia.co.id/CariKodepos,"Exact village, district, city, and province match on Pos Indonesia.",accept_other,codex_pos_exact_hierarchy_review,project_owner_adjudication,approved
pos_indonesia_postcode_search,2026-08-11,32.09.10.2011,ASTANAJAPURA,45681,https://kodepos.posindonesia.co.id/CariKodepos,"Exact village, district, city, and province match on Pos Indonesia.",accept_other,codex_pos_exact_hierarchy_review,project_owner_adjudication,approved
pos_indonesia_postcode_search,2026-08-11,32.09.10.2012,KENDAL,45681,https://kodepos.posindonesia.co.id/CariKodepos,"Exact village, district, city, and province match on Pos Indonesia.",accept_other,codex_pos_exact_hierarchy_review,project_owner_adjudication,approved
pos_indonesia_postcode_search,2026-08-11,32.09.10.2013,JAPURA KIDUL,45681,https://kodepos.posindonesia.co.id/CariKodepos,"Exact village, district, city, and province match on Pos Indonesia.",accept_other,codex_pos_exact_hierarchy_review,project_owner_adjudication,approved
pos_indonesia_postcode_search,2026-08-11,32.09.10.2014,JAPURA BAKTI,45681,https://kodepos.posindonesia.co.id/CariKodepos,"Exact village, district, city, and province match on Pos Indonesia.",accept_other,codex_pos_exact_hierarchy_review,project_owner_adjudication,approved
pos_indonesia_postcode_search,2026-08-11,32.09.11.2001,GETRAKMOYAN,45682,https://kodepos.posindonesia.co.id/CariKodepos,"Exact village, district, city, and province match on Pos Indonesia.",accept_other,codex_pos_exact_hierarchy_review,project_owner_adjudication,approved
pos_indonesia_postcode_search,2026-08-11,32.09.11.2002,ENDER,45682,https://kodepos.posindonesia.co.id/CariKodepos,"Exact village, district, city, and province match on Pos Indonesia.",accept_other,codex_pos_exact_hierarchy_review,project_owner_adjudication,approved
pos_indonesia_postcode_search,2026-08-11,32.09.11.2003,PANGENAN,45682,https://kodepos.posindonesia.co.id/CariKodepos,"Exact village, district, city, and province match on Pos Indonesia.",accept_other,codex_pos_exact_hierarchy_review,project_owner_adjudication,approved
pos_indonesia_postcode_search,2026-08-11,32.09.11.2004,BENDUNGAN,45682,https://kodepos.posindonesia.co.id/CariKodepos,"Exact village, district, city, and province match on Pos Indonesia.",accept_other,codex_pos_exact_hierarchy_review,project_owner_adjudication,approved
pos_indonesia_postcode_search,2026-08-11,32.09.11.2005,RAWAURIP,45682,https://kodepos.posindonesia.co.id/CariKodepos,"Exact village, district, city, and province match on Pos Indonesia.",accept_other,codex_pos_exact_hierarchy_review,project_owner_adjudication,approved
pos_indonesia_postcode_search,2026-08-11,32.09.11.2006,BERINGIN,45682,https://kodepos.posindonesia.co.id/CariKodepos,"Exact village, district, city, and province match on Pos Indonesia.",accept_other,codex_pos_exact_hierarchy_review,project_owner_adjudication,approved
pos_indonesia_postcode_search,2026-08-11,32.09.11.2007,JAPURA LOR,45682,https://kodepos.posindonesia.co.id/CariKodepos,"Exact village, district, city, and province match on Pos Indonesia.",accept_other,codex_pos_exact_hierarchy_review,project_owner_adjudication,approved
pos_indonesia_postcode_search,2026-08-11,32.09.11.2009,ASTANA MUKTI,45682,https://kodepos.posindonesia.co.id/CariKodepos,"Exact village, district, city, and province match on Pos Indonesia.",accept_other,codex_pos_exact_hierarchy_review,project_owner_adjudication,approved
pos_indonesia_postcode_search,2026-08-11,32.09.12.2001,SETUPATOK,45673,https://kodepos.posindonesia.co.id/CariKodepos,"Exact village, district, city, and province match on Pos Indonesia.",accept_other,codex_pos_exact_hierarchy_review,project_owner_adjudication,approved
pos_indonesia_postcode_search,2026-08-11,32.09.12.2002,PENPEN,45673,https://kodepos.posindonesia.co.id/CariKodepos,"Exact village, district, city, and province match on Pos Indonesia.",accept_other,codex_pos_exact_hierarchy_review,project_owner_adjudication,approved
pos_indonesia_postcode_search,2026-08-11,32.09.12.2004,LUWUNG,45673,https://kodepos.posindonesia.co.id/CariKodepos,"Exact village, district, city, and province match on Pos Indonesia.",accept_other,codex_pos_exact_hierarchy_review,project_owner_adjudication,approved
pos_indonesia_postcode_search,2026-08-11,32.09.12.2005,WARUDUWUR,45673,https://kodepos.posindonesia.co.id/CariKodepos,"Exact village, district, city, and province match on Pos Indonesia.",accept_other,codex_pos_exact_hierarchy_review,project_owner_adjudication,approved
pos_indonesia_postcode_search,2026-08-11,32.09.12.2006,CITEMU,45673,https://kodepos.posindonesia.co.id/CariKodepos,"Exact village, district, city, and province match on Pos Indonesia.",accept_other,codex_pos_exact_hierarchy_review,project_owner_adjudication,approved
pos_indonesia_postcode_search,2026-08-11,32.09.12.2007,BANDENGAN,45673,https://kodepos.posindonesia.co.id/CariKodepos,"Exact village, district, city, and province match on Pos Indonesia.",accept_other,codex_pos_exact_hierarchy_review,project_owner_adjudication,approved
pos_indonesia_postcode_search,2026-08-11,32.09.12.2009,SUCI,45673,https://kodepos.posindonesia.co.id/CariKodepos,"Exact village, district, city, and province match on Pos Indonesia.",accept_other,codex_pos_exact_hierarchy_review,project_owner_adjudication,approved
pos_indonesia_postcode_search,2026-08-11,32.09.12.2010,BANJARWANGUNAN,45673,https://kodepos.posindonesia.co.id/CariKodepos,"Exact village, district, city, and province match on Pos Indonesia.",accept_other,codex_pos_exact_hierarchy_review,project_owner_adjudication,approved
pos_indonesia_postcode_search,2026-08-11,32.09.12.2011,PAMENGKANG,45673,https://kodepos.posindonesia.co.id/CariKodepos,"Exact village, district, city, and province match on Pos Indonesia.",accept_other,codex_pos_exact_hierarchy_review,project_owner_adjudication,approved
pos_indonesia_postcode_search,2026-08-11,32.09.13.2001,WANAYASA,45672,https://kodepos.posindonesia.co.id/CariKodepos,"Exact village, district, city, and province match on Pos Indonesia.",accept_other,codex_pos_exact_hierarchy_review,project_owner_adjudication,approved
pos_indonesia_postcode_search,2026-08-11,32.09.13.2002,SINDANGKASIH,45672,https://kodepos.posindonesia.co.id/CariKodepos,"Exact village, district, city, and province match on Pos Indonesia.",accept_other,codex_pos_exact_hierarchy_review,project_owner_adjudication,approved
pos_indonesia_postcode_search,2026-08-11,32.09.13.2003,SINDANGHAYU,45672,https://kodepos.posindonesia.co.id/CariKodepos,"Exact village, district, city, and province match on Pos Indonesia.",accept_other,codex_pos_exact_hierarchy_review,project_owner_adjudication,approved
pos_indonesia_postcode_search,2026-08-11,32.09.13.2004,CIAWIGAJAH,45672,https://kodepos.posindonesia.co.id/CariKodepos,"Exact village, district, city, and province match on Pos Indonesia.",accept_other,codex_pos_exact_hierarchy_review,project_owner_adjudication,approved
pos_indonesia_postcode_search,2026-08-11,32.09.13.2008,CIKANCAS,45672,https://kodepos.posindonesia.co.id/CariKodepos,"Exact village, district, city, and province match on Pos Indonesia.",accept_other,codex_pos_exact_hierarchy_review,project_owner_adjudication,approved
pos_indonesia_postcode_search,2026-08-11,32.09.13.2009,HALIMPU,45672,https://kodepos.posindonesia.co.id/CariKodepos,"Exact village, district, city, and province match on Pos Indonesia.",accept_other,codex_pos_exact_hierarchy_review,project_owner_adjudication,approved
pos_indonesia_postcode_search,2026-08-11,32.09.13.2010,CIPINANG,45672,https://kodepos.posindonesia.co.id/CariKodepos,"Exact village, district, city, and province match on Pos Indonesia.",accept_other,codex_pos_exact_hierarchy_review,project_owner_adjudication,approved
pos_indonesia_postcode_search,2026-08-11,32.09.13.2011,BEBER,45672,https://kodepos.posindonesia.co.id/CariKodepos,"Exact village, district, city, and province match on Pos Indonesia.",accept_other,codex_pos_exact_hierarchy_review,project_owner_adjudication,approved
pos_indonesia_postcode_search,2026-08-11,32.09.13.2012,PATAPAN,45672,https://kodepos.posindonesia.co.id/CariKodepos,"Exact village, district, city, and province match on Pos Indonesia.",accept_other,codex_pos_exact_hierarchy_review,project_owner_adjudication,approved
pos_indonesia_postcode_search,2026-08-11,32.09.13.2013,KONDANGSARI,45672,https://kodepos.posindonesia.co.id/CariKodepos,"Exact village, district, city, and province match on Pos Indonesia.",accept_other,codex_pos_exact_hierarchy_review,project_owner_adjudication,approved
pos_indonesia_postcode_search,2026-08-11,32.09.15.1006,KALIWADAS,45616,https://kodepos.posindonesia.co.id/CariKodepos,"Exact village, district, city, and province match on Pos Indonesia.",accept_other,codex_pos_exact_hierarchy_review,project_owner_adjudication,approved
pos_indonesia_postcode_search,2026-08-11,32.09.15.1007,PASALAKAN,45616,https://kodepos.posindonesia.co.id/CariKodepos,"Exact village, district, city, and province match on Pos Indonesia.",accept_other,codex_pos_exact_hierarchy_review,project_owner_adjudication,approved
pos_indonesia_postcode_search,2026-08-11,32.09.15.1008,WATUBELAH,45615,https://kodepos.posindonesia.co.id/CariKodepos,"Exact village, district, city, and province match on Pos Indonesia.",accept_other,codex_pos_exact_hierarchy_review,project_owner_adjudication,approved
pos_indonesia_postcode_search,2026-08-11,32.09.15.1009,PEJAMBON,45615,https://kodepos.posindonesia.co.id/CariKodepos,"Exact village, district, city, and province match on Pos Indonesia.",accept_other,codex_pos_exact_hierarchy_review,project_owner_adjudication,approved
pos_indonesia_postcode_search,2026-08-11,32.09.15.1010,GEGUNUNG,45613,https://kodepos.posindonesia.co.id/CariKodepos,"Exact village, district, city, and province match on Pos Indonesia.",accept_other,codex_pos_exact_hierarchy_review,project_owner_adjudication,approved
pos_indonesia_postcode_search,2026-08-11,32.09.15.1011,KEMANTREN,45614,https://kodepos.posindonesia.co.id/CariKodepos,"Exact village, district, city, and province match on Pos Indonesia.",accept_other,codex_pos_exact_hierarchy_review,project_owner_adjudication,approved
pos_indonesia_postcode_search,2026-08-11,32.09.15.1012,SENDANG,45614,https://kodepos.posindonesia.co.id/CariKodepos,"Exact village, district, city, and province match on Pos Indonesia.",accept_other,codex_pos_exact_hierarchy_review,project_owner_adjudication,approved
pos_indonesia_postcode_search,2026-08-11,32.09.15.1013,TUKMUDAL,45617,https://kodepos.posindonesia.co.id/CariKodepos,"Exact village, district, city, and province match on Pos Indonesia.",accept_other,codex_pos_exact_hierarchy_review,project_owner_adjudication,approved
pos_indonesia_postcode_search,2026-08-11,32.09.15.1014,KENANGA,45617,https://kodepos.posindonesia.co.id/CariKodepos,"Exact village, district, city, and province match on Pos Indonesia.",accept_other,codex_pos_exact_hierarchy_review,project_owner_adjudication,approved
pos_indonesia_postcode_search,2026-08-11,32.09.15.2001,MATANGAJI,45619,https://kodepos.posindonesia.co.id/CariKodepos,"Exact village, district, city, and province match on Pos Indonesia.",accept_other,codex_pos_exact_hierarchy_review,project_owner_adjudication,approved
pos_indonesia_postcode_search,2026-08-11,32.09.15.2002,SIDAWANGI,45618,https://kodepos.posindonesia.co.id/CariKodepos,"Exact village, district, city, and province match on Pos Indonesia.",accept_other,codex_pos_exact_hierarchy_review,project_owner_adjudication,approved
pos_indonesia_postcode_search,2026-08-11,32.09.20.2004,KEDUNGDAWA,45653,https://kodepos.posindonesia.co.id/CariKodepos,"Exact village, district, city, and province match on Pos Indonesia.",accept_other,codex_pos_exact_hierarchy_review,project_owner_adjudication,approved
pos_indonesia_postcode_search,2026-08-11,32.09.20.2005,KALIKOA,45653,https://kodepos.posindonesia.co.id/CariKodepos,"Exact village, district, city, and province match on Pos Indonesia.",accept_other,codex_pos_exact_hierarchy_review,project_owner_adjudication,approved
pos_indonesia_postcode_search,2026-08-11,32.09.20.2006,TUK,45653,https://kodepos.posindonesia.co.id/CariKodepos,"Exact village, district, city, and province match on Pos Indonesia.",accept_other,codex_pos_exact_hierarchy_review,project_owner_adjudication,approved
pos_indonesia_postcode_search,2026-08-11,32.09.20.2007,KEDUNGJAYA,45653,https://kodepos.posindonesia.co.id/CariKodepos,"Exact village, district, city, and province match on Pos Indonesia.",accept_other,codex_pos_exact_hierarchy_review,project_owner_adjudication,approved
pos_indonesia_postcode_search,2026-08-11,32.09.20.2008,KEDAWUNG,45653,https://kodepos.posindonesia.co.id/CariKodepos,"Exact village, district, city, and province match on Pos Indonesia.",accept_other,codex_pos_exact_hierarchy_review,project_owner_adjudication,approved
pos_indonesia_postcode_search,2026-08-11,32.09.20.2009,KERTAWINANGUN,45653,https://kodepos.posindonesia.co.id/CariKodepos,"Exact village, district, city, and province match on Pos Indonesia.",accept_other,codex_pos_exact_hierarchy_review,project_owner_adjudication,approved
pos_indonesia_postcode_search,2026-08-11,32.09.20.2010,SUTAWINANGUN,45653,https://kodepos.posindonesia.co.id/CariKodepos,"Exact village, district, city, and province match on Pos Indonesia.",accept_other,codex_pos_exact_hierarchy_review,project_owner_adjudication,approved
pos_indonesia_postcode_search,2026-08-11,32.09.20.2011,PILANGSARI,45653,https://kodepos.posindonesia.co.id/CariKodepos,"Exact village, district, city, and province match on Pos Indonesia.",accept_other,codex_pos_exact_hierarchy_review,project_owner_adjudication,approved
pos_indonesia_postcode_search,2026-08-11,32.09.22.2010,KERTASURA,45658,https://kodepos.posindonesia.co.id/CariKodepos,"Exact village, district, city, and province match on Pos Indonesia.",accept_other,codex_pos_exact_hierarchy_review,project_owner_adjudication,approved
pos_indonesia_postcode_search,2026-08-11,32.09.22.2011,PEGAGAN KIDUL,45658,https://kodepos.posindonesia.co.id/CariKodepos,"Exact village, district, city, and province match on Pos Indonesia.",accept_other,codex_pos_exact_hierarchy_review,project_owner_adjudication,approved
pos_indonesia_postcode_search,2026-08-11,32.09.22.2012,PEGAAN LOR,45658,https://kodepos.posindonesia.co.id/CariKodepos,"Exact village, district, city, and province match on Pos Indonesia.",accept_other,codex_pos_exact_hierarchy_review,project_owner_adjudication,approved
pos_indonesia_postcode_search,2026-08-11,32.09.22.2013,DUKUH,45658,https://kodepos.posindonesia.co.id/CariKodepos,"Exact village, district, city, and province match on Pos Indonesia.",accept_other,codex_pos_exact_hierarchy_review,project_owner_adjudication,approved
pos_indonesia_postcode_search,2026-08-11,32.09.22.2014,KARANGKENDAL,45658,https://kodepos.posindonesia.co.id/CariKodepos,"Exact village, district, city, and province match on Pos Indonesia.",accept_other,codex_pos_exact_hierarchy_review,project_owner_adjudication,approved
pos_indonesia_postcode_search,2026-08-11,32.09.22.2015,GROGOL,45658,https://kodepos.posindonesia.co.id/CariKodepos,"Exact village, district, city, and province match on Pos Indonesia.",accept_other,codex_pos_exact_hierarchy_review,project_owner_adjudication,approved
pos_indonesia_postcode_search,2026-08-11,32.09.22.2016,KAPETAKAN,45658,https://kodepos.posindonesia.co.id/CariKodepos,"Exact village, district, city, and province match on Pos Indonesia.",accept_other,codex_pos_exact_hierarchy_review,project_owner_adjudication,approved
pos_indonesia_postcode_search,2026-08-11,32.09.22.2017,BUNGKO,45658,https://kodepos.posindonesia.co.id/CariKodepos,"Exact village, district, city, and province match on Pos Indonesia.",accept_other,codex_pos_exact_hierarchy_review,project_owner_adjudication,approved
pos_indonesia_postcode_search,2026-08-11,32.09.22.2018,BUNGKO LOR,45658,https://kodepos.posindonesia.co.id/CariKodepos,"Exact village, district, city, and province match on Pos Indonesia.",accept_other,codex_pos_exact_hierarchy_review,project_owner_adjudication,approved
pos_indonesia_postcode_search,2026-08-11,32.09.24.2001,SENDE,45662,https://kodepos.posindonesia.co.id/CariKodepos,"Exact village, district, city, and province match on Pos Indonesia.",accept_other,codex_pos_exact_hierarchy_review,project_owner_adjudication,approved
pos_indonesia_postcode_search,2026-08-11,32.09.24.2002,JUNGJANG WETAN,45662,https://kodepos.posindonesia.co.id/CariKodepos,"Exact village, district, city, and province match on Pos Indonesia.",accept_other,codex_pos_exact_hierarchy_review,project_owner_adjudication,approved
pos_indonesia_postcode_search,2026-08-11,32.09.24.2003,JUNGJANG,45662,https://kodepos.posindonesia.co.id/CariKodepos,"Exact village, district, city, and province match on Pos Indonesia.",accept_other,codex_pos_exact_hierarchy_review,project_owner_adjudication,approved
pos_indonesia_postcode_search,2026-08-11,32.09.24.2004,ARJAWINANGUN,45662,https://kodepos.posindonesia.co.id/CariKodepos,"Exact village, district, city, and province match on Pos Indonesia.",accept_other,codex_pos_exact_hierarchy_review,project_owner_adjudication,approved
pos_indonesia_postcode_search,2026-08-11,32.09.24.2005,TEGALGUBUG,45662,https://kodepos.posindonesia.co.id/CariKodepos,"Exact village, district, city, and province match on Pos Indonesia.",accept_other,codex_pos_exact_hierarchy_review,project_owner_adjudication,approved
pos_indonesia_postcode_search,2026-08-11,32.09.24.2006,TEGAL GUBUG LOR,45662,https://kodepos.posindonesia.co.id/CariKodepos,"Exact village, district, city, and province match on Pos Indonesia.",accept_other,codex_pos_exact_hierarchy_review,project_owner_adjudication,approved
pos_indonesia_postcode_search,2026-08-11,32.09.24.2007,RAWAGATEL,45662,https://kodepos.posindonesia.co.id/CariKodepos,"Exact village, district, city, and province match on Pos Indonesia.",accept_other,codex_pos_exact_hierarchy_review,project_owner_adjudication,approved
pos_indonesia_postcode_search,2026-08-11,32.09.24.2008,KARANGSAMBUNG,45662,https://kodepos.posindonesia.co.id/CariKodepos,"Exact village, district, city, and province match on Pos Indonesia.",accept_other,codex_pos_exact_hierarchy_review,project_owner_adjudication,approved
pos_indonesia_postcode_search,2026-08-11,32.09.24.2009,BULAK,45662,https://kodepos.posindonesia.co.id/CariKodepos,"Exact village, district, city, and province match on Pos Indonesia.",accept_other,codex_pos_exact_hierarchy_review,project_owner_adjudication,approved
pos_indonesia_postcode_search,2026-08-11,32.09.24.2010,GEYONGAN,45662,https://kodepos.posindonesia.co.id/CariKodepos,"Exact village, district, city, and province match on Pos Indonesia.",accept_other,codex_pos_exact_hierarchy_review,project_owner_adjudication,approved
pos_indonesia_postcode_search,2026-08-11,32.09.24.2011,KEBONTURI,45662,https://kodepos.posindonesia.co.id/CariKodepos,"Exact village, district, city, and province match on Pos Indonesia.",accept_other,codex_pos_exact_hierarchy_review,project_owner_adjudication,approved
pos_indonesia_postcode_search,2026-08-11,32.09.25.2001,KALIANYAR,45663,https://kodepos.posindonesia.co.id/CariKodepos,"Exact village, district, city, and province match on Pos Indonesia.",accept_other,codex_pos_exact_hierarchy_review,project_owner_adjudication,approved
pos_indonesia_postcode_search,2026-08-11,32.09.25.2002,PANGURANGAN KULON,45663,https://kodepos.posindonesia.co.id/CariKodepos,"Exact village, district, city, and province match on Pos Indonesia.",accept_other,codex_pos_exact_hierarchy_review,project_owner_adjudication,approved
pos_indonesia_postcode_search,2026-08-11,32.09.25.2003,PANGURANGAN WETAN,45663,https://kodepos.posindonesia.co.id/CariKodepos,"Exact village, district, city, and province match on Pos Indonesia.",accept_other,codex_pos_exact_hierarchy_review,project_owner_adjudication,approved
pos_indonesia_postcode_search,2026-08-11,32.09.25.2004,PANGURANGAN LOR,45663,https://kodepos.posindonesia.co.id/CariKodepos,"Exact village, district, city, and province match on Pos Indonesia.",accept_other,codex_pos_exact_hierarchy_review,project_owner_adjudication,approved
pos_indonesia_postcode_search,2026-08-11,32.09.25.2005,PANGURANGAN,45663,https://kodepos.posindonesia.co.id/CariKodepos,"Exact village, district, city, and province match on Pos Indonesia.",accept_other,codex_pos_exact_hierarchy_review,project_owner_adjudication,approved
pos_indonesia_postcode_search,2026-08-11,32.09.25.2006,GUJEG,45663,https://kodepos.posindonesia.co.id/CariKodepos,"Exact village, district, city, and province match on Pos Indonesia.",accept_other,codex_pos_exact_hierarchy_review,project_owner_adjudication,approved
pos_indonesia_postcode_search,2026-08-11,32.09.25.2007,LEMAHTAMBA,45663,https://kodepos.posindonesia.co.id/CariKodepos,"Exact village, district, city, and province match on Pos Indonesia.",accept_other,codex_pos_exact_hierarchy_review,project_owner_adjudication,approved
pos_indonesia_postcode_search,2026-08-11,32.09.25.2008,KARANGANYAR,45663,https://kodepos.posindonesia.co.id/CariKodepos,"Exact village, district, city, and province match on Pos Indonesia.",accept_other,codex_pos_exact_hierarchy_review,project_owner_adjudication,approved
pos_indonesia_postcode_search,2026-08-11,32.09.25.2009,KROYA,45663,https://kodepos.posindonesia.co.id/CariKodepos,"Exact village, district, city, and province match on Pos Indonesia.",accept_other,codex_pos_exact_hierarchy_review,project_owner_adjudication,approved
pos_indonesia_postcode_search,2026-08-11,32.09.26.2004,BUDUR,45667,https://kodepos.posindonesia.co.id/CariKodepos,"Exact village, district, city, and province match on Pos Indonesia.",accept_other,codex_pos_exact_hierarchy_review,project_owner_adjudication,approved
pos_indonesia_postcode_search,2026-08-11,32.09.26.2005,BABAKAN,45667,https://kodepos.posindonesia.co.id/CariKodepos,"Exact village, district, city, and province match on Pos Indonesia.",accept_other,codex_pos_exact_hierarchy_review,project_owner_adjudication,approved
pos_indonesia_postcode_search,2026-08-11,32.09.26.2006,CIWARINGIN,45667,https://kodepos.posindonesia.co.id/CariKodepos,"Exact village, district, city, and province match on Pos Indonesia.",accept_other,codex_pos_exact_hierarchy_review,project_owner_adjudication,approved
pos_indonesia_postcode_search,2026-08-11,32.09.26.2007,GINTUNGRANJENG,45667,https://kodepos.posindonesia.co.id/CariKodepos,"Exact village, district, city, and province match on Pos Indonesia.",accept_other,codex_pos_exact_hierarchy_review,project_owner_adjudication,approved
pos_indonesia_postcode_search,2026-08-11,32.09.26.2008,GINTUNG KIDUL,45667,https://kodepos.posindonesia.co.id/CariKodepos,"Exact village, district, city, and province match on Pos Indonesia.",accept_other,codex_pos_exact_hierarchy_review,project_owner_adjudication,approved
pos_indonesia_postcode_search,2026-08-11,32.09.26.2009,GINTUNG TENGAH,45667,https://kodepos.posindonesia.co.id/CariKodepos,"Exact village, district, city, and province match on Pos Indonesia.",accept_other,codex_pos_exact_hierarchy_review,project_owner_adjudication,approved
pos_indonesia_postcode_search,2026-08-11,32.09.26.2010,BRINGIN,45667,https://kodepos.posindonesia.co.id/CariKodepos,"Exact village, district, city, and province match on Pos Indonesia.",accept_other,codex_pos_exact_hierarchy_review,project_owner_adjudication,approved
pos_indonesia_postcode_search,2026-08-11,32.09.26.2011,GALAGAMBA,45667,https://kodepos.posindonesia.co.id/CariKodepos,"Exact village, district, city, and province match on Pos Indonesia.",accept_other,codex_pos_exact_hierarchy_review,project_owner_adjudication,approved
pos_indonesia_postcode_search,2026-08-11,32.09.27.2001,TANGKIL,45666,https://kodepos.posindonesia.co.id/CariKodepos,"Exact village, district, city, and province match on Pos Indonesia.",accept_other,codex_pos_exact_hierarchy_review,project_owner_adjudication,approved
pos_indonesia_postcode_search,2026-08-11,32.09.27.2002,WIYONG,45666,https://kodepos.posindonesia.co.id/CariKodepos,"Exact village, district, city, and province match on Pos Indonesia.",accept_other,codex_pos_exact_hierarchy_review,project_owner_adjudication,approved
pos_indonesia_postcode_search,2026-08-11,32.09.27.2003,KEDONGDONG,45666,https://kodepos.posindonesia.co.id/CariKodepos,"Exact village, district, city, and province match on Pos Indonesia.",accept_other,codex_pos_exact_hierarchy_review,project_owner_adjudication,approved
pos_indonesia_postcode_search,2026-08-11,32.09.27.2004,GINTUNG LOR,45666,https://kodepos.posindonesia.co.id/CariKodepos,"Exact village, district, city, and province match on Pos Indonesia.",accept_other,codex_pos_exact_hierarchy_review,project_owner_adjudication,approved
pos_indonesia_postcode_search,2026-08-11,32.09.27.2005,BOJONG KULON,45666,https://kodepos.posindonesia.co.id/CariKodepos,"Exact village, district, city, and province match on Pos Indonesia.",accept_other,codex_pos_exact_hierarchy_review,project_owner_adjudication,approved
pos_indonesia_postcode_search,2026-08-11,32.09.27.2006,KEJIWAN,45666,https://kodepos.posindonesia.co.id/CariKodepos,"Exact village, district, city, and province match on Pos Indonesia.",accept_other,codex_pos_exact_hierarchy_review,project_owner_adjudication,approved
pos_indonesia_postcode_search,2026-08-11,32.09.27.2007,SUSUKAN,45666,https://kodepos.posindonesia.co.id/CariKodepos,"Exact village, district, city, and province match on Pos Indonesia.",accept_other,codex_pos_exact_hierarchy_review,project_owner_adjudication,approved
pos_indonesia_postcode_search,2026-08-11,32.09.27.2008,LUWUNG KENCANA,45666,https://kodepos.posindonesia.co.id/CariKodepos,"Exact village, district, city, and province match on Pos Indonesia.",accept_other,codex_pos_exact_hierarchy_review,project_owner_adjudication,approved
pos_indonesia_postcode_search,2026-08-11,32.09.27.2009,BUNDER,45666,https://kodepos.posindonesia.co.id/CariKodepos,"Exact village, district, city, and province match on Pos Indonesia.",accept_other,codex_pos_exact_hierarchy_review,project_owner_adjudication,approved
pos_indonesia_postcode_search,2026-08-11,32.09.27.2010,JATIPURA,45666,https://kodepos.posindonesia.co.id/CariKodepos,"Exact village, district, city, and province match on Pos Indonesia.",accept_other,codex_pos_exact_hierarchy_review,project_owner_adjudication,approved
pos_indonesia_postcode_search,2026-08-11,32.09.27.2011,UJUNGGEBANG,45666,https://kodepos.posindonesia.co.id/CariKodepos,"Exact village, district, city, and province match on Pos Indonesia.",accept_other,codex_pos_exact_hierarchy_review,project_owner_adjudication,approved
pos_indonesia_postcode_search,2026-08-11,32.09.27.2012,JATIANOM,45666,https://kodepos.posindonesia.co.id/CariKodepos,"Exact village, district, city, and province match on Pos Indonesia.",accept_other,codex_pos_exact_hierarchy_review,project_owner_adjudication,approved
pos_indonesia_postcode_search,2026-08-11,32.09.28.2001,KEDUNGDALEM,45664,https://kodepos.posindonesia.co.id/CariKodepos,"Exact village, district, city, and province match on Pos Indonesia.",accept_other,codex_pos_exact_hierarchy_review,project_owner_adjudication,approved
pos_indonesia_postcode_search,2026-08-11,32.09.28.2002,PANUNGGUL,45664,https://kodepos.posindonesia.co.id/CariKodepos,"Exact village, district, city, and province match on Pos Indonesia.",accept_other,codex_pos_exact_hierarchy_review,project_owner_adjudication,approved
pos_indonesia_postcode_search,2026-08-11,32.09.28.2003,GEGESIK WETAN,45664,https://kodepos.posindonesia.co.id/CariKodepos,"Exact village, district, city, and province match on Pos Indonesia.",accept_other,codex_pos_exact_hierarchy_review,project_owner_adjudication,approved
pos_indonesia_postcode_search,2026-08-11,32.09.28.2004,GEGESIK KIDUL,45664,https://kodepos.posindonesia.co.id/CariKodepos,"Exact village, district, city, and province match on Pos Indonesia.",accept_other,codex_pos_exact_hierarchy_review,project_owner_adjudication,approved
pos_indonesia_postcode_search,2026-08-11,32.09.28.2005,GEGESIK LOR,45664,https://kodepos.posindonesia.co.id/CariKodepos,"Exact village, district, city, and province match on Pos Indonesia.",accept_other,codex_pos_exact_hierarchy_review,project_owner_adjudication,approved
pos_indonesia_postcode_search,2026-08-11,32.09.28.2006,GEGESIK KULON,45664,https://kodepos.posindonesia.co.id/CariKodepos,"Exact village, district, city, and province match on Pos Indonesia.",accept_other,codex_pos_exact_hierarchy_review,project_owner_adjudication,approved
pos_indonesia_postcode_search,2026-08-11,32.09.28.2007,SLENDRA,45664,https://kodepos.posindonesia.co.id/CariKodepos,"Exact village, district, city, and province match on Pos Indonesia.",accept_other,codex_pos_exact_hierarchy_review,project_owner_adjudication,approved
pos_indonesia_postcode_search,2026-08-11,32.09.28.2008,JAGAPURA KIDUL,45664,https://kodepos.posindonesia.co.id/CariKodepos,"Exact village, district, city, and province match on Pos Indonesia.",accept_other,codex_pos_exact_hierarchy_review,project_owner_adjudication,approved
pos_indonesia_postcode_search,2026-08-11,32.09.28.2009,JAGAPURA WETAN,45664,https://kodepos.posindonesia.co.id/CariKodepos,"Exact village, district, city, and province match on Pos Indonesia.",accept_other,codex_pos_exact_hierarchy_review,project_owner_adjudication,approved
pos_indonesia_postcode_search,2026-08-11,32.09.28.2010,JAGAPURA KULON,45664,https://kodepos.posindonesia.co.id/CariKodepos,"Exact village, district, city, and province match on Pos Indonesia.",accept_other,codex_pos_exact_hierarchy_review,project_owner_adjudication,approved
pos_indonesia_postcode_search,2026-08-11,32.09.28.2011,JAGAPURA LOR,45664,https://kodepos.posindonesia.co.id/CariKodepos,"Exact village, district, city, and province match on Pos Indonesia.",accept_other,codex_pos_exact_hierarchy_review,project_owner_adjudication,approved
pos_indonesia_postcode_search,2026-08-11,32.09.28.2012,SIBUBUT,45664,https://kodepos.posindonesia.co.id/CariKodepos,"Exact village, district, city, and province match on Pos Indonesia.",accept_other,codex_pos_exact_hierarchy_review,project_owner_adjudication,approved
pos_indonesia_postcode_search,2026-08-11,32.09.28.2013,BAYALANGU LOR,45664,https://kodepos.posindonesia.co.id/CariKodepos,"Exact village, district, city, and province match on Pos Indonesia.",accept_other,codex_pos_exact_hierarchy_review,project_owner_adjudication,approved
pos_indonesia_postcode_search,2026-08-11,32.09.28.2014,BAYALANGU KIDUL,45664,https://kodepos.posindonesia.co.id/CariKodepos,"Exact village, district, city, and province match on Pos Indonesia.",accept_other,codex_pos_exact_hierarchy_review,project_owner_adjudication,approved
pos_indonesia_postcode_search,2026-08-11,32.09.29.2001,KALIDERES,45665,https://kodepos.posindonesia.co.id/CariKodepos,"Exact village, district, city, and province match on Pos Indonesia.",accept_other,codex_pos_exact_hierarchy_review,project_owner_adjudication,approved
pos_indonesia_postcode_search,2026-08-11,32.09.29.2002,PRAJAWINANGUN KULON,45665,https://kodepos.posindonesia.co.id/CariKodepos,"Exact village, district, city, and province match on Pos Indonesia.",accept_other,codex_pos_exact_hierarchy_review,project_owner_adjudication,approved
pos_indonesia_postcode_search,2026-08-11,32.09.29.2003,PRAJAWINANGUN WETAN,45665,https://kodepos.posindonesia.co.id/CariKodepos,"Exact village, district, city, and province match on Pos Indonesia.",accept_other,codex_pos_exact_hierarchy_review,project_owner_adjudication,approved
pos_indonesia_postcode_search,2026-08-11,32.09.29.2004,UJUNGSEMI,45665,https://kodepos.posindonesia.co.id/CariKodepos,"Exact village, district, city, and province match on Pos Indonesia.",accept_other,codex_pos_exact_hierarchy_review,project_owner_adjudication,approved
pos_indonesia_postcode_search,2026-08-11,32.09.29.2005,WARGABINANGUN,45665,https://kodepos.posindonesia.co.id/CariKodepos,"Exact village, district, city, and province match on Pos Indonesia.",accept_other,codex_pos_exact_hierarchy_review,project_owner_adjudication,approved
pos_indonesia_postcode_search,2026-08-11,32.09.29.2006,KALIWEDI LOR,45665,https://kodepos.posindonesia.co.id/CariKodepos,"Exact village, district, city, and province match on Pos Indonesia.",accept_other,codex_pos_exact_hierarchy_review,project_owner_adjudication,approved
pos_indonesia_postcode_search,2026-08-11,32.09.29.2007,KALIWEDI KIDUL,45665,https://kodepos.posindonesia.co.id/CariKodepos,"Exact village, district, city, and province match on Pos Indonesia.",accept_other,codex_pos_exact_hierarchy_review,project_owner_adjudication,approved
pos_indonesia_postcode_search,2026-08-11,32.09.29.2008,GUWA KIDUL,45665,https://kodepos.posindonesia.co.id/CariKodepos,"Exact village, district, city, and province match on Pos Indonesia.",accept_other,codex_pos_exact_hierarchy_review,project_owner_adjudication,approved
pos_indonesia_postcode_search,2026-08-11,32.09.29.2009,GUWA LOR,45665,https://kodepos.posindonesia.co.id/CariKodepos,"Exact village, district, city, and province match on Pos Indonesia.",accept_other,codex_pos_exact_hierarchy_review,project_owner_adjudication,approved
pos_indonesia_postcode_search,2026-08-11,32.09.31.2001,CIKEDUK,45641,https://kodepos.posindonesia.co.id/CariKodepos,"Exact village, district, city, and province match on Pos Indonesia.",accept_other,codex_pos_exact_hierarchy_review,project_owner_adjudication,approved
pos_indonesia_postcode_search,2026-08-11,32.09.31.2002,WARUJAYA,45641,https://kodepos.posindonesia.co.id/CariKodepos,"Exact village, district, city, and province match on Pos Indonesia.",accept_other,codex_pos_exact_hierarchy_review,project_owner_adjudication,approved
pos_indonesia_postcode_search,2026-08-11,32.09.31.2003,WARUKAWUNG,45641,https://kodepos.posindonesia.co.id/CariKodepos,"Exact village, district, city, and province match on Pos Indonesia.",accept_other,codex_pos_exact_hierarchy_review,project_owner_adjudication,approved
pos_indonesia_postcode_search,2026-08-11,32.09.31.2004,WARUGEDE,45641,https://kodepos.posindonesia.co.id/CariKodepos,"Exact village, district, city, and province match on Pos Indonesia.",accept_other,codex_pos_exact_hierarchy_review,project_owner_adjudication,approved
pos_indonesia_postcode_search,2026-08-11,32.09.31.2005,WARUROYOM,45641,https://kodepos.posindonesia.co.id/CariKodepos,"Exact village, district, city, and province match on Pos Indonesia.",accept_other,codex_pos_exact_hierarchy_review,project_owner_adjudication,approved
pos_indonesia_postcode_search,2026-08-11,32.09.31.2006,DEPOK,45641,https://kodepos.posindonesia.co.id/CariKodepos,"Exact village, district, city, and province match on Pos Indonesia.",accept_other,codex_pos_exact_hierarchy_review,project_owner_adjudication,approved
pos_indonesia_postcode_search,2026-08-11,32.09.31.2007,KASUGENGAN KIDUL,45641,https://kodepos.posindonesia.co.id/CariKodepos,"Exact village, district, city, and province match on Pos Indonesia.",accept_other,codex_pos_exact_hierarchy_review,project_owner_adjudication,approved
pos_indonesia_postcode_search,2026-08-11,32.09.31.2008,KASUGENGAN LOR,45641,https://kodepos.posindonesia.co.id/CariKodepos,"Exact village, district, city, and province match on Pos Indonesia.",accept_other,codex_pos_exact_hierarchy_review,project_owner_adjudication,approved
pos_indonesia_postcode_search,2026-08-11,32.09.31.2009,KEDUANAN,45641,https://kodepos.posindonesia.co.id/CariKodepos,"Exact village, district, city, and province match on Pos Indonesia.",accept_other,codex_pos_exact_hierarchy_review,project_owner_adjudication,approved
pos_indonesia_postcode_search,2026-08-11,32.09.31.2010,KEJUDEN,45641,https://kodepos.posindonesia.co.id/CariKodepos,"Exact village, district, city, and province match on Pos Indonesia.",accept_other,codex_pos_exact_hierarchy_review,project_owner_adjudication,approved
pos_indonesia_postcode_search,2026-08-11,32.09.31.2011,GETASAN,45641,https://kodepos.posindonesia.co.id/CariKodepos,"Exact village, district, city, and province match on Pos Indonesia.",accept_other,codex_pos_exact_hierarchy_review,project_owner_adjudication,approved
pos_indonesia_postcode_search,2026-08-11,32.09.31.2012,KARANGWANGI,45641,https://kodepos.posindonesia.co.id/CariKodepos,"Exact village, district, city, and province match on Pos Indonesia.",accept_other,codex_pos_exact_hierarchy_review,project_owner_adjudication,approved
pos_indonesia_postcode_search,2026-08-11,32.09.32.2001,TONJONG,45697,https://kodepos.posindonesia.co.id/CariKodepos,"Exact village, district, city, and province match on Pos Indonesia.",accept_other,codex_pos_exact_hierarchy_review,project_owner_adjudication,approved
pos_indonesia_postcode_search,2026-08-11,32.09.32.2002,TANJUNGANOM,45697,https://kodepos.posindonesia.co.id/CariKodepos,"Exact village, district, city, and province match on Pos Indonesia.",accept_other,codex_pos_exact_hierarchy_review,project_owner_adjudication,approved
pos_indonesia_postcode_search,2026-08-11,32.09.32.2003,CILENGKRANG GIRANG,45697,https://kodepos.posindonesia.co.id/CariKodepos,"Exact village, district, city, and province match on Pos Indonesia.",accept_other,codex_pos_exact_hierarchy_review,project_owner_adjudication,approved
pos_indonesia_postcode_search,2026-08-11,32.09.32.2004,CILENGKRANG,45697,https://kodepos.posindonesia.co.id/CariKodepos,"Exact village, district, city, and province match on Pos Indonesia.",accept_other,codex_pos_exact_hierarchy_review,project_owner_adjudication,approved
pos_indonesia_postcode_search,2026-08-11,32.09.32.2005,PASALEMAN,45697,https://kodepos.posindonesia.co.id/CariKodepos,"Exact village, district, city, and province match on Pos Indonesia.",accept_other,codex_pos_exact_hierarchy_review,project_owner_adjudication,approved
pos_indonesia_postcode_search,2026-08-11,32.09.32.2007,CIGOBANG,45697,https://kodepos.posindonesia.co.id/CariKodepos,"Exact village, district, city, and province match on Pos Indonesia.",accept_other,codex_pos_exact_hierarchy_review,project_owner_adjudication,approved
pos_indonesia_postcode_search,2026-08-11,32.09.36.2001,TEGALSARI,45654,https://kodepos.posindonesia.co.id/CariKodepos,"Exact village, district, city, and province match on Pos Indonesia.",accept_other,codex_pos_exact_hierarchy_review,project_owner_adjudication,approved
pos_indonesia_postcode_search,2026-08-11,32.09.36.2002,KALIWULU,45654,https://kodepos.posindonesia.co.id/CariKodepos,"Exact village, district, city, and province match on Pos Indonesia.",accept_other,codex_pos_exact_hierarchy_review,project_owner_adjudication,approved
pos_indonesia_postcode_search,2026-08-11,32.09.36.2003,PANEMBAHAN,45654,https://kodepos.posindonesia.co.id/CariKodepos,"Exact village, district, city, and province match on Pos Indonesia.",accept_other,codex_pos_exact_hierarchy_review,project_owner_adjudication,approved
pos_indonesia_postcode_search,2026-08-11,32.09.36.2004,TRUSMI WETAN,45654,https://kodepos.posindonesia.co.id/CariKodepos,"Exact village, district, city, and province match on Pos Indonesia.",accept_other,codex_pos_exact_hierarchy_review,project_owner_adjudication,approved
pos_indonesia_postcode_search,2026-08-11,32.09.36.2005,TRUSMI KULON,45654,https://kodepos.posindonesia.co.id/CariKodepos,"Exact village, district, city, and province match on Pos Indonesia.",accept_other,codex_pos_exact_hierarchy_review,project_owner_adjudication,approved
pos_indonesia_postcode_search,2026-08-11,32.09.36.2006,WOTGALI,45654,https://kodepos.posindonesia.co.id/CariKodepos,"Exact village, district, city, and province match on Pos Indonesia.",accept_other,codex_pos_exact_hierarchy_review,project_owner_adjudication,approved
pos_indonesia_postcode_search,2026-08-11,32.09.36.2010,PANGKALAN,45654,https://kodepos.posindonesia.co.id/CariKodepos,"Exact village, district, city, and province match on Pos Indonesia.",accept_other,codex_pos_exact_hierarchy_review,project_owner_adjudication,approved
pos_indonesia_postcode_search,2026-08-11,32.09.37.2001,CIKEUSAL,45668,https://kodepos.posindonesia.co.id/CariKodepos,"Exact village, district, city, and province match on Pos Indonesia.",accept_other,codex_pos_exact_hierarchy_review,project_owner_adjudication,approved
pos_indonesia_postcode_search,2026-08-11,32.09.37.2002,PALIMANAN BARAT,45668,https://kodepos.posindonesia.co.id/CariKodepos,"Exact village, district, city, and province match on Pos Indonesia.",accept_other,codex_pos_exact_hierarchy_review,project_owner_adjudication,approved
pos_indonesia_postcode_search,2026-08-11,32.09.37.2003,KEDUNGBUNDER,45668,https://kodepos.posindonesia.co.id/CariKodepos,"Exact village, district, city, and province match on Pos Indonesia.",accept_other,codex_pos_exact_hierarchy_review,project_owner_adjudication,approved
pos_indonesia_postcode_search,2026-08-11,32.09.37.2004,CUPANG,45668,https://kodepos.posindonesia.co.id/CariKodepos,"Exact village, district, city, and province match on Pos Indonesia.",accept_other,codex_pos_exact_hierarchy_review,project_owner_adjudication,approved
pos_indonesia_postcode_search,2026-08-11,32.09.37.2005,GEMPOL,45668,https://kodepos.posindonesia.co.id/CariKodepos,"Exact village, district, city, and province match on Pos Indonesia.",accept_other,codex_pos_exact_hierarchy_review,project_owner_adjudication,approved
pos_indonesia_postcode_search,2026-08-11,32.09.37.2006,WALAHAR,45668,https://kodepos.posindonesia.co.id/CariKodepos,"Exact village, district, city, and province match on Pos Indonesia.",accept_other,codex_pos_exact_hierarchy_review,project_owner_adjudication,approved
pos_indonesia_postcode_search,2026-08-11,32.09.37.2007,KEMPEK,45668,https://kodepos.posindonesia.co.id/CariKodepos,"Exact village, district, city, and province match on Pos Indonesia.",accept_other,codex_pos_exact_hierarchy_review,project_owner_adjudication,approved
pos_indonesia_postcode_search,2026-08-11,32.09.37.2008,WINONG,45668,https://kodepos.posindonesia.co.id/CariKodepos,"Exact village, district, city, and province match on Pos Indonesia.",accept_other,codex_pos_exact_hierarchy_review,project_owner_adjudication,approved
pos_indonesia_postcode_search,2026-08-11,32.09.40.2001,JAMBLANG,45657,https://kodepos.posindonesia.co.id/CariKodepos,"Exact village, district, city, and province match on Pos Indonesia.",accept_other,codex_pos_exact_hierarchy_review,project_owner_adjudication,approved
pos_indonesia_postcode_search,2026-08-11,32.09.40.2002,SITIWINANGUN,45657,https://kodepos.posindonesia.co.id/CariKodepos,"Exact village, district, city, and province match on Pos Indonesia.",accept_other,codex_pos_exact_hierarchy_review,project_owner_adjudication,approved
pos_indonesia_postcode_search,2026-08-11,32.09.40.2003,WANGUNHARJA,45657,https://kodepos.posindonesia.co.id/CariKodepos,"Exact village, district, city, and province match on Pos Indonesia.",accept_other,codex_pos_exact_hierarchy_review,project_owner_adjudication,approved
pos_indonesia_postcode_search,2026-08-11,32.09.40.2004,BOJONG WETAN,45657,https://kodepos.posindonesia.co.id/CariKodepos,"Exact village, district, city, and province match on Pos Indonesia.",accept_other,codex_pos_exact_hierarchy_review,project_owner_adjudication,approved
pos_indonesia_postcode_search,2026-08-11,32.09.40.2005,BOJONG LOR,45657,https://kodepos.posindonesia.co.id/CariKodepos,"Exact village, district, city, and province match on Pos Indonesia.",accept_other,codex_pos_exact_hierarchy_review,project_owner_adjudication,approved
pos_indonesia_postcode_search,2026-08-11,32.09.40.2006,ORIMALANG,45657,https://kodepos.posindonesia.co.id/CariKodepos,"Exact village, district, city, and province match on Pos Indonesia.",accept_other,codex_pos_exact_hierarchy_review,project_owner_adjudication,approved
pos_indonesia_postcode_search,2026-08-11,32.09.40.2007,BAKUNG KIDUL,45657,https://kodepos.posindonesia.co.id/CariKodepos,"Exact village, district, city, and province match on Pos Indonesia.",accept_other,codex_pos_exact_hierarchy_review,project_owner_adjudication,approved
pos_indonesia_postcode_search,2026-08-11,32.09.40.2008,BAKUNG LOR,45657,https://kodepos.posindonesia.co.id/CariKodepos,"Exact village, district, city, and province match on Pos Indonesia.",accept_other,codex_pos_exact_hierarchy_review,project_owner_adjudication,approved
pos_indonesia_postcode_search,2026-08-11,32.10.03.2015,CILANCANG,45466,https://kodepos.posindonesia.co.id/CariKodepos,"Exact village, district, city, and province match on Pos Indonesia.",accept_suggested,codex_pos_exact_hierarchy_review,project_owner_adjudication,approved
pos_indonesia_postcode_search,2026-08-11,32.10.06.2018,NUNUK BARU,45461,https://kodepos.posindonesia.co.id/CariKodepos,"Exact village, district, city, and province match on Pos Indonesia.",accept_suggested,codex_pos_exact_hierarchy_review,project_owner_adjudication,approved
pos_indonesia_postcode_search,2026-08-11,32.10.07.1004,SINDANGKASIH,45412,https://kodepos.posindonesia.co.id/CariKodepos,"Exact village, district, city, and province match on Pos Indonesia.",accept_other,codex_pos_exact_hierarchy_review,project_owner_adjudication,approved
pos_indonesia_postcode_search,2026-08-11,32.10.07.2005,KULUR,45412,https://kodepos.posindonesia.co.id/CariKodepos,"Exact village, district, city, and province match on Pos Indonesia.",accept_other,codex_pos_exact_hierarchy_review,project_owner_adjudication,approved
pos_indonesia_postcode_search,2026-08-11,32.10.07.2006,KAWUNGGIRANG,45412,https://kodepos.posindonesia.co.id/CariKodepos,"Exact village, district, city, and province match on Pos Indonesia.",accept_other,codex_pos_exact_hierarchy_review,project_owner_adjudication,approved
pos_indonesia_postcode_search,2026-08-11,32.10.07.2012,SIDAMUKTI,45417,https://kodepos.posindonesia.co.id/CariKodepos,"Exact village, district, city, and province match on Pos Indonesia.",accept_other,codex_pos_exact_hierarchy_review,project_owner_adjudication,approved
pos_indonesia_postcode_search,2026-08-11,32.10.07.2014,CIBODAS,45412,https://kodepos.posindonesia.co.id/CariKodepos,"Exact village, district, city, and province match on Pos Indonesia.",accept_other,codex_pos_exact_hierarchy_review,project_owner_adjudication,approved
pos_indonesia_postcode_search,2026-08-11,32.10.13.2002,KADIPATEN,45452,https://kodepos.posindonesia.co.id/CariKodepos,"Exact village, district, city, and province match on Pos Indonesia.",accept_suggested,codex_pos_exact_hierarchy_review,project_owner_adjudication,approved
pos_indonesia_postcode_search,2026-08-11,32.10.17.2005,BANJARAN,45455,https://kodepos.posindonesia.co.id/CariKodepos,"Exact village, district, city, and province match on Pos Indonesia.",accept_other,codex_pos_exact_hierarchy_review,project_owner_adjudication,approved
pos_indonesia_postcode_search,2026-08-11,32.10.18.2001,CIJUREY,45459,https://kodepos.posindonesia.co.id/CariKodepos,"Exact village, district, city, and province match on Pos Indonesia.",accept_suggested,codex_pos_exact_hierarchy_review,project_owner_adjudication,approved
pos_indonesia_postcode_search,2026-08-11,32.10.18.2002,PASIRMUNCANG,45459,https://kodepos.posindonesia.co.id/CariKodepos,"Exact village, district, city, and province match on Pos Indonesia.",accept_suggested,codex_pos_exact_hierarchy_review,project_owner_adjudication,approved
pos_indonesia_postcode_search,2026-08-11,32.10.18.2003,JATIPAMOR,45459,https://kodepos.posindonesia.co.id/CariKodepos,"Exact village, district, city, and province match on Pos Indonesia.",accept_suggested,codex_pos_exact_hierarchy_review,project_owner_adjudication,approved
pos_indonesia_postcode_search,2026-08-11,32.10.18.2004,BANTRANGSANA,45459,https://kodepos.posindonesia.co.id/CariKodepos,"Exact village, district, city, and province match on Pos Indonesia.",accept_suggested,codex_pos_exact_hierarchy_review,project_owner_adjudication,approved
pos_indonesia_postcode_search,2026-08-11,32.10.18.2005,JATISERANG,45459,https://kodepos.posindonesia.co.id/CariKodepos,"Exact village, district, city, and province match on Pos Indonesia.",accept_suggested,codex_pos_exact_hierarchy_review,project_owner_adjudication,approved
pos_indonesia_postcode_search,2026-08-11,32.10.18.2006,BONANG,45459,https://kodepos.posindonesia.co.id/CariKodepos,"Exact village, district, city, and province match on Pos Indonesia.",accept_suggested,codex_pos_exact_hierarchy_review,project_owner_adjudication,approved
pos_indonesia_postcode_search,2026-08-11,32.10.18.2007,LEUWISEENG,45459,https://kodepos.posindonesia.co.id/CariKodepos,"Exact village, district, city, and province match on Pos Indonesia.",accept_suggested,codex_pos_exact_hierarchy_review,project_owner_adjudication,approved
pos_indonesia_postcode_search,2026-08-11,32.10.18.2008,PANYINGKIRAN,45459,https://kodepos.posindonesia.co.id/CariKodepos,"Exact village, district, city, and province match on Pos Indonesia.",accept_suggested,codex_pos_exact_hierarchy_review,project_owner_adjudication,approved
pos_indonesia_postcode_search,2026-08-11,32.10.18.2009,KARYAMUKTI,45459,https://kodepos.posindonesia.co.id/CariKodepos,"Exact village, district, city, and province match on Pos Indonesia.",accept_suggested,codex_pos_exact_hierarchy_review,project_owner_adjudication,approved
pos_indonesia_postcode_search,2026-08-11,32.10.20.1004,CIGASONG,45423,https://kodepos.posindonesia.co.id/CariKodepos,"Exact village, district, city, and province match on Pos Indonesia.",accept_other,codex_pos_exact_hierarchy_review,project_owner_adjudication,approved
pos_indonesia_postcode_search,2026-08-11,32.10.20.1005,SIMPEUREUM,45422,https://kodepos.posindonesia.co.id/CariKodepos,"Exact village, district, city, and province match on Pos Indonesia.",accept_other,codex_pos_exact_hierarchy_review,project_owner_adjudication,approved
pos_indonesia_postcode_search,2026-08-11,32.10.20.1006,CICENANG,45424,https://kodepos.posindonesia.co.id/CariKodepos,"Exact village, district, city, and province match on Pos Indonesia.",accept_other,codex_pos_exact_hierarchy_review,project_owner_adjudication,approved
pos_indonesia_postcode_search,2026-08-11,32.10.20.2001,KAWUNGHILIR,45429,https://kodepos.posindonesia.co.id/CariKodepos,"Exact village, district, city, and province match on Pos Indonesia.",accept_other,codex_pos_exact_hierarchy_review,project_owner_adjudication,approved
pos_indonesia_postcode_search,2026-08-11,32.10.20.2002,TAJUR,45429,https://kodepos.posindonesia.co.id/CariKodepos,"Exact village, district, city, and province match on Pos Indonesia.",accept_other,codex_pos_exact_hierarchy_review,project_owner_adjudication,approved
pos_indonesia_postcode_search,2026-08-11,32.10.20.2003,TENJOLAYAR,45421,https://kodepos.posindonesia.co.id/CariKodepos,"Exact village, district, city, and province match on Pos Indonesia.",accept_other,codex_pos_exact_hierarchy_review,project_owner_adjudication,approved
pos_indonesia_postcode_search,2026-08-11,32.10.20.2007,BARIBIS,45425,https://kodepos.posindonesia.co.id/CariKodepos,"Exact village, district, city, and province match on Pos Indonesia.",accept_other,codex_pos_exact_hierarchy_review,project_owner_adjudication,approved
pos_indonesia_postcode_search,2026-08-11,32.10.20.2008,BATUJAYA,45426,https://kodepos.posindonesia.co.id/CariKodepos,"Exact village, district, city, and province match on Pos Indonesia.",accept_other,codex_pos_exact_hierarchy_review,project_owner_adjudication,approved
pos_indonesia_postcode_search,2026-08-11,32.10.20.2009,KUTAMANGGU,45427,https://kodepos.posindonesia.co.id/CariKodepos,"Exact village, district, city, and province match on Pos Indonesia.",accept_other,codex_pos_exact_hierarchy_review,project_owner_adjudication,approved
pos_indonesia_postcode_search,2026-08-11,32.10.20.2010,KARAYUNAN,45428,https://kodepos.posindonesia.co.id/CariKodepos,"Exact village, district, city, and province match on Pos Indonesia.",accept_other,codex_pos_exact_hierarchy_review,project_owner_adjudication,approved
pos_indonesia_postcode_search,2026-08-11,32.10.25.2001,PASIRAYU,45478,https://kodepos.posindonesia.co.id/CariKodepos,"Exact village, district, city, and province match on Pos Indonesia.",accept_other,codex_pos_exact_hierarchy_review,project_owner_adjudication,approved
pos_indonesia_postcode_search,2026-08-11,32.10.25.2002,SINDANG,45478,https://kodepos.posindonesia.co.id/CariKodepos,"Exact village, district, city, and province match on Pos Indonesia.",accept_other,codex_pos_exact_hierarchy_review,project_owner_adjudication,approved
pos_indonesia_postcode_search,2026-08-11,32.10.25.2003,GARAWASTU,45478,https://kodepos.posindonesia.co.id/CariKodepos,"Exact village, district, city, and province match on Pos Indonesia.",accept_other,codex_pos_exact_hierarchy_review,project_owner_adjudication,approved
pos_indonesia_postcode_search,2026-08-11,32.10.25.2004,INDRAKILA,45478,https://kodepos.posindonesia.co.id/CariKodepos,"Exact village, district, city, and province match on Pos Indonesia.",accept_other,codex_pos_exact_hierarchy_review,project_owner_adjudication,approved
pos_indonesia_postcode_search,2026-08-11,32.10.25.2005,GUNUNGKUNING,45478,https://kodepos.posindonesia.co.id/CariKodepos,"Exact village, district, city, and province match on Pos Indonesia.",accept_other,codex_pos_exact_hierarchy_review,project_owner_adjudication,approved
pos_indonesia_postcode_search,2026-08-11,32.10.25.2007,SANGKANHURIP,45478,https://kodepos.posindonesia.co.id/CariKodepos,"Exact village, district, city, and province match on Pos Indonesia.",accept_other,codex_pos_exact_hierarchy_review,project_owner_adjudication,approved
pos_indonesia_postcode_search,2026-08-11,32.10.25.2008,BAYUREJA,45478,https://kodepos.posindonesia.co.id/CariKodepos,"Exact village, district, city, and province match on Pos Indonesia.",accept_other,codex_pos_exact_hierarchy_review,project_owner_adjudication,approved
pos_indonesia_postcode_search,2026-08-11,32.11.05.2001,CISITU,45377,https://kodepos.posindonesia.co.id/CariKodepos,"Exact village, district, city, and province match on Pos Indonesia.",accept_other,codex_pos_exact_hierarchy_review,project_owner_adjudication,approved
pos_indonesia_postcode_search,2026-08-11,32.11.05.2002,SITUMEKAR,45377,https://kodepos.posindonesia.co.id/CariKodepos,"Exact village, district, city, and province match on Pos Indonesia.",accept_other,codex_pos_exact_hierarchy_review,project_owner_adjudication,approved
pos_indonesia_postcode_search,2026-08-11,32.11.05.2003,PAJAGAN,45377,https://kodepos.posindonesia.co.id/CariKodepos,"Exact village, district, city, and province match on Pos Indonesia.",accept_other,codex_pos_exact_hierarchy_review,project_owner_adjudication,approved
pos_indonesia_postcode_search,2026-08-11,32.11.05.2004,CIGINTUNG,45377,https://kodepos.posindonesia.co.id/CariKodepos,"Exact village, district, city, and province match on Pos Indonesia.",accept_other,codex_pos_exact_hierarchy_review,project_owner_adjudication,approved
pos_indonesia_postcode_search,2026-08-11,32.11.05.2005,SUNDAMEKAR,45377,https://kodepos.posindonesia.co.id/CariKodepos,"Exact village, district, city, and province match on Pos Indonesia.",accept_other,codex_pos_exact_hierarchy_review,project_owner_adjudication,approved
pos_indonesia_postcode_search,2026-08-11,32.11.05.2006,LINGGAJAYA,45377,https://kodepos.posindonesia.co.id/CariKodepos,"Exact village, district, city, and province match on Pos Indonesia.",accept_other,codex_pos_exact_hierarchy_review,project_owner_adjudication,approved
pos_indonesia_postcode_search,2026-08-11,32.11.05.2007,RANJENG,45377,https://kodepos.posindonesia.co.id/CariKodepos,"Exact village, district, city, and province match on Pos Indonesia.",accept_other,codex_pos_exact_hierarchy_review,project_owner_adjudication,approved
pos_indonesia_postcode_search,2026-08-11,32.11.05.2008,CILOPANG,45377,https://kodepos.posindonesia.co.id/CariKodepos,"Exact village, district, city, and province match on Pos Indonesia.",accept_other,codex_pos_exact_hierarchy_review,project_owner_adjudication,approved
pos_indonesia_postcode_search,2026-08-11,32.11.05.2009,CIMARGA,45377,https://kodepos.posindonesia.co.id/CariKodepos,"Exact village, district, city, and province match on Pos Indonesia.",accept_other,codex_pos_exact_hierarchy_review,project_owner_adjudication,approved
pos_indonesia_postcode_search,2026-08-11,32.11.05.2010,CINANGSI,45377,https://kodepos.posindonesia.co.id/CariKodepos,"Exact village, district, city, and province match on Pos Indonesia.",accept_other,codex_pos_exact_hierarchy_review,project_owner_adjudication,approved
pos_indonesia_postcode_search,2026-08-11,32.11.06.2012,PAMULIHAN,45371,https://kodepos.posindonesia.co.id/CariKodepos,"Exact village, district, city, and province match on Pos Indonesia.",accept_suggested,codex_pos_exact_hierarchy_review,project_owner_adjudication,approved
pos_indonesia_postcode_search,2026-08-11,32.11.06.2015,CICARIMANAH,45371,https://kodepos.posindonesia.co.id/CariKodepos,"Exact village, district, city, and province match on Pos Indonesia.",accept_suggested,codex_pos_exact_hierarchy_review,project_owner_adjudication,approved
pos_indonesia_postcode_search,2026-08-11,32.11.17.1002,KOTAKULON,45312,https://kodepos.posindonesia.co.id/CariKodepos,"Exact village, district, city, and province match on Pos Indonesia.",accept_other,codex_pos_exact_hierarchy_review,project_owner_adjudication,approved
pos_indonesia_postcode_search,2026-08-11,32.11.17.2005,SUKAGALIH,45316,https://kodepos.posindonesia.co.id/CariKodepos,"Exact village, district, city, and province match on Pos Indonesia.",accept_other,codex_pos_exact_hierarchy_review,project_owner_adjudication,approved
pos_indonesia_postcode_search,2026-08-11,32.11.17.2006,BAGINDA,45317,https://kodepos.posindonesia.co.id/CariKodepos,"Exact village, district, city, and province match on Pos Indonesia.",accept_other,codex_pos_exact_hierarchy_review,project_owner_adjudication,approved
pos_indonesia_postcode_search,2026-08-11,32.11.17.2007,CIPANCAR,45317,https://kodepos.posindonesia.co.id/CariKodepos,"Exact village, district, city, and province match on Pos Indonesia.",accept_other,codex_pos_exact_hierarchy_review,project_owner_adjudication,approved
pos_indonesia_postcode_search,2026-08-11,32.11.17.2008,CITENGAH,45318,https://kodepos.posindonesia.co.id/CariKodepos,"Exact village, district, city, and province match on Pos Indonesia.",accept_other,codex_pos_exact_hierarchy_review,project_owner_adjudication,approved
pos_indonesia_postcode_search,2026-08-11,32.11.17.2009,GUNASARI,45316,https://kodepos.posindonesia.co.id/CariKodepos,"Exact village, district, city, and province match on Pos Indonesia.",accept_other,codex_pos_exact_hierarchy_review,project_owner_adjudication,approved
pos_indonesia_postcode_search,2026-08-11,32.11.17.2010,SUKAJAYA,45314,https://kodepos.posindonesia.co.id/CariKodepos,"Exact village, district, city, and province match on Pos Indonesia.",accept_suggested,codex_pos_exact_hierarchy_review,project_owner_adjudication,approved
pos_indonesia_postcode_search,2026-08-11,32.11.17.2011,MARGAMEKAR,45314,https://kodepos.posindonesia.co.id/CariKodepos,"Exact village, district, city, and province match on Pos Indonesia.",accept_other,codex_pos_exact_hierarchy_review,project_owner_adjudication,approved
pos_indonesia_postcode_search,2026-08-11,32.11.17.2012,CIHERANG,45319,https://kodepos.posindonesia.co.id/CariKodepos,"Exact village, district, city, and province match on Pos Indonesia.",accept_other,codex_pos_exact_hierarchy_review,project_owner_adjudication,approved
pos_indonesia_postcode_search,2026-08-11,32.11.17.2013,MARGALAKSANA,45313,https://kodepos.posindonesia.co.id/CariKodepos,"Exact village, district, city, and province match on Pos Indonesia.",accept_other,codex_pos_exact_hierarchy_review,project_owner_adjudication,approved
pos_indonesia_postcode_search,2026-08-11,32.11.18.2004,PADASUKA,45325,https://kodepos.posindonesia.co.id/CariKodepos,"Exact village, district, city, and province match on Pos Indonesia.",accept_other,codex_pos_exact_hierarchy_review,project_owner_adjudication,approved
pos_indonesia_postcode_search,2026-08-11,32.11.18.2005,MULYASARI,45326,https://kodepos.posindonesia.co.id/CariKodepos,"Exact village, district, city, and province match on Pos Indonesia.",accept_other,codex_pos_exact_hierarchy_review,project_owner_adjudication,approved
pos_indonesia_postcode_search,2026-08-11,32.11.18.2006,GIRIMUKTI,45325,https://kodepos.posindonesia.co.id/CariKodepos,"Exact village, district, city, and province match on Pos Indonesia.",accept_other,codex_pos_exact_hierarchy_review,project_owner_adjudication,approved
pos_indonesia_postcode_search,2026-08-11,32.11.18.2007,MEKARJAYA,45328,https://kodepos.posindonesia.co.id/CariKodepos,"Exact village, district, city, and province match on Pos Indonesia.",accept_other,codex_pos_exact_hierarchy_review,project_owner_adjudication,approved
pos_indonesia_postcode_search,2026-08-11,32.11.18.2008,MARGAMUKTI,45327,https://kodepos.posindonesia.co.id/CariKodepos,"Exact village, district, city, and province match on Pos Indonesia.",accept_other,codex_pos_exact_hierarchy_review,project_owner_adjudication,approved
pos_indonesia_postcode_search,2026-08-11,32.11.18.2009,SIRNAMULYA,45326,https://kodepos.posindonesia.co.id/CariKodepos,"Exact village, district, city, and province match on Pos Indonesia.",accept_other,codex_pos_exact_hierarchy_review,project_owner_adjudication,approved
pos_indonesia_postcode_search,2026-08-11,32.11.18.2010,KEBONJATI,45329,https://kodepos.posindonesia.co.id/CariKodepos,"Exact village, district, city, and province match on Pos Indonesia.",accept_other,codex_pos_exact_hierarchy_review,project_owner_adjudication,approved
pos_indonesia_postcode_search,2026-08-11,32.11.18.2011,JATIHURIP,45329,https://kodepos.posindonesia.co.id/CariKodepos,"Exact village, district, city, and province match on Pos Indonesia.",accept_other,codex_pos_exact_hierarchy_review,project_owner_adjudication,approved
pos_indonesia_postcode_search,2026-08-11,32.11.18.2012,JATIMULYA,45329,https://kodepos.posindonesia.co.id/CariKodepos,"Exact village, district, city, and province match on Pos Indonesia.",accept_other,codex_pos_exact_hierarchy_review,project_owner_adjudication,approved
pos_indonesia_postcode_search,2026-08-11,32.11.18.2013,RANCAMULYA,45324,https://kodepos.posindonesia.co.id/CariKodepos,"Exact village, district, city, and province match on Pos Indonesia.",accept_other,codex_pos_exact_hierarchy_review,project_owner_adjudication,approved
pos_indonesia_postcode_search,2026-08-11,32.11.20.2012,AWILEGA,45354,https://kodepos.posindonesia.co.id/CariKodepos,"Exact village, district, city, and province match on Pos Indonesia.",accept_suggested,codex_pos_exact_hierarchy_review,project_owner_adjudication,approved
pos_indonesia_postcode_search,2026-08-11,32.11.23.2001,CISARUA,45357,https://kodepos.posindonesia.co.id/CariKodepos,"Exact village, district, city, and province match on Pos Indonesia.",accept_other,codex_pos_exact_hierarchy_review,project_owner_adjudication,approved
pos_indonesia_postcode_search,2026-08-11,32.11.23.2002,CIUYAH,45357,https://kodepos.posindonesia.co.id/CariKodepos,"Exact village, district, city, and province match on Pos Indonesia.",accept_other,codex_pos_exact_hierarchy_review,project_owner_adjudication,approved
pos_indonesia_postcode_search,2026-08-11,32.11.23.2003,CIMARA,45357,https://kodepos.posindonesia.co.id/CariKodepos,"Exact village, district, city, and province match on Pos Indonesia.",accept_other,codex_pos_exact_hierarchy_review,project_owner_adjudication,approved
pos_indonesia_postcode_search,2026-08-11,32.11.23.2004,BANTARMARA,45357,https://kodepos.posindonesia.co.id/CariKodepos,"Exact village, district, city, and province match on Pos Indonesia.",accept_other,codex_pos_exact_hierarchy_review,project_owner_adjudication,approved
pos_indonesia_postcode_search,2026-08-11,32.11.23.2005,CIPANDANWANGI,45357,https://kodepos.posindonesia.co.id/CariKodepos,"Exact village, district, city, and province match on Pos Indonesia.",accept_other,codex_pos_exact_hierarchy_review,project_owner_adjudication,approved
pos_indonesia_postcode_search,2026-08-11,32.11.23.2006,CISALAK,45357,https://kodepos.posindonesia.co.id/CariKodepos,"Exact village, district, city, and province match on Pos Indonesia.",accept_other,codex_pos_exact_hierarchy_review,project_owner_adjudication,approved
pos_indonesia_postcode_search,2026-08-11,32.11.23.2007,KEBONKALAPA,45357,https://kodepos.posindonesia.co.id/CariKodepos,"Exact village, district, city, and province match on Pos Indonesia.",accept_other,codex_pos_exact_hierarchy_review,project_owner_adjudication,approved
pos_indonesia_postcode_search,2026-08-11,32.11.26.2001,CIJEUNGJING,45374,https://kodepos.posindonesia.co.id/CariKodepos,"Exact village, district, city, and province match on Pos Indonesia.",accept_other,codex_pos_exact_hierarchy_review,project_owner_adjudication,approved
pos_indonesia_postcode_search,2026-08-11,32.11.26.2002,KADUJAYA,45374,https://kodepos.posindonesia.co.id/CariKodepos,"Exact village, district, city, and province match on Pos Indonesia.",accept_other,codex_pos_exact_hierarchy_review,project_owner_adjudication,approved
pos_indonesia_postcode_search,2026-08-11,32.11.26.2003,LEBAKSIUH,45374,https://kodepos.posindonesia.co.id/CariKodepos,"Exact village, district, city, and province match on Pos Indonesia.",accept_other,codex_pos_exact_hierarchy_review,project_owner_adjudication,approved
pos_indonesia_postcode_search,2026-08-11,32.11.26.2004,CINTAJAYA,45374,https://kodepos.posindonesia.co.id/CariKodepos,"Exact village, district, city, and province match on Pos Indonesia.",accept_other,codex_pos_exact_hierarchy_review,project_owner_adjudication,approved
pos_indonesia_postcode_search,2026-08-11,32.11.26.2005,CIPICUNG,45374,https://kodepos.posindonesia.co.id/CariKodepos,"Exact village, district, city, and province match on Pos Indonesia.",accept_other,codex_pos_exact_hierarchy_review,project_owner_adjudication,approved
pos_indonesia_postcode_search,2026-08-11,32.11.26.2006,MEKARASIH,45374,https://kodepos.posindonesia.co.id/CariKodepos,"Exact village, district, city, and province match on Pos Indonesia.",accept_other,codex_pos_exact_hierarchy_review,project_owner_adjudication,approved
pos_indonesia_postcode_search,2026-08-11,32.11.26.2008,CIRANGGEM,45374,https://kodepos.posindonesia.co.id/CariKodepos,"Exact village, district, city, and province match on Pos Indonesia.",accept_other,codex_pos_exact_hierarchy_review,project_owner_adjudication,approved
pos_indonesia_postcode_search,2026-08-11,32.11.26.2009,CISAMPIH,45374,https://kodepos.posindonesia.co.id/CariKodepos,"Exact village, district, city, and province match on Pos Indonesia.",accept_other,codex_pos_exact_hierarchy_review,project_owner_adjudication,approved
pos_indonesia_postcode_search,2026-08-11,32.11.26.2010,JEMAH,45374,https://kodepos.posindonesia.co.id/CariKodepos,"Exact village, district, city, and province match on Pos Indonesia.",accept_other,codex_pos_exact_hierarchy_review,project_owner_adjudication,approved
pos_indonesia_postcode_search,2026-08-11,32.11.26.2011,KAREDOK,45374,https://kodepos.posindonesia.co.id/CariKodepos,"Exact village, district, city, and province match on Pos Indonesia.",accept_other,codex_pos_exact_hierarchy_review,project_owner_adjudication,approved
pos_indonesia_postcode_search,2026-08-11,32.11.26.2012,KADU,45374,https://kodepos.posindonesia.co.id/CariKodepos,"Exact village, district, city, and province match on Pos Indonesia.",accept_other,codex_pos_exact_hierarchy_review,project_owner_adjudication,approved
pos_indonesia_postcode_search,2026-08-11,32.12.13.2014,LOHBENER,45273,https://kodepos.posindonesia.co.id/CariKodepos,"Exact village, district, city, and province match on Pos Indonesia.",accept_suggested,codex_pos_exact_hierarchy_review,project_owner_adjudication,approved
pos_indonesia_postcode_search,2026-08-11,32.12.14.2001,TEGAL SEMBADRA,45285,https://kodepos.posindonesia.co.id/CariKodepos,"Exact village, district, city, and province match on Pos Indonesia.",accept_suggested,codex_pos_exact_hierarchy_review,project_owner_adjudication,approved
pos_indonesia_postcode_search,2026-08-11,32.12.14.2002,SUKAREJA,45285,https://kodepos.posindonesia.co.id/CariKodepos,"Exact village, district, city, and province match on Pos Indonesia.",accept_other,codex_pos_exact_hierarchy_review,project_owner_adjudication,approved
pos_indonesia_postcode_search,2026-08-11,32.12.14.2003,SUKAURIP,45285,https://kodepos.posindonesia.co.id/CariKodepos,"Exact village, district, city, and province match on Pos Indonesia.",accept_other,codex_pos_exact_hierarchy_review,project_owner_adjudication,approved
pos_indonesia_postcode_search,2026-08-11,32.12.14.2004,RAWADALEM,45285,https://kodepos.posindonesia.co.id/CariKodepos,"Exact village, district, city, and province match on Pos Indonesia.",accept_other,codex_pos_exact_hierarchy_review,project_owner_adjudication,approved
pos_indonesia_postcode_search,2026-08-11,32.12.14.2005,GELARMENDALA,45285,https://kodepos.posindonesia.co.id/CariKodepos,"Exact village, district, city, and province match on Pos Indonesia.",accept_suggested,codex_pos_exact_hierarchy_review,project_owner_adjudication,approved
pos_indonesia_postcode_search,2026-08-11,32.12.14.2006,TEGALURUNG,45285,https://kodepos.posindonesia.co.id/CariKodepos,"Exact village, district, city, and province match on Pos Indonesia.",accept_other,codex_pos_exact_hierarchy_review,project_owner_adjudication,approved
pos_indonesia_postcode_search,2026-08-11,32.12.14.2007,BALONGAN,45285,https://kodepos.posindonesia.co.id/CariKodepos,"Exact village, district, city, and province match on Pos Indonesia.",accept_other,codex_pos_exact_hierarchy_review,project_owner_adjudication,approved
pos_indonesia_postcode_search,2026-08-11,32.12.14.2008,MAJAKERTA,45285,https://kodepos.posindonesia.co.id/CariKodepos,"Exact village, district, city, and province match on Pos Indonesia.",accept_suggested,codex_pos_exact_hierarchy_review,project_owner_adjudication,approved
pos_indonesia_postcode_search,2026-08-11,32.12.14.2009,SUDIMAMPIR,45285,https://kodepos.posindonesia.co.id/CariKodepos,"Exact village, district, city, and province match on Pos Indonesia.",accept_suggested,codex_pos_exact_hierarchy_review,project_owner_adjudication,approved
pos_indonesia_postcode_search,2026-08-11,32.12.14.2010,SUDIMAMPIR LOR,45285,https://kodepos.posindonesia.co.id/CariKodepos,"Exact village, district, city, and province match on Pos Indonesia.",accept_suggested,codex_pos_exact_hierarchy_review,project_owner_adjudication,approved
pos_indonesia_postcode_search,2026-08-11,32.12.15.2012,PEKANDANGAN JAYA,45216,https://kodepos.posindonesia.co.id/CariKodepos,"Exact village, district, city, and province match on Pos Indonesia.",accept_other,codex_pos_exact_hierarchy_review,project_owner_adjudication,approved
pos_indonesia_postcode_search,2026-08-11,32.12.16.2002,RAMBATAN WETAN,45224,https://kodepos.posindonesia.co.id/CariKodepos,"Exact village, district, city, and province match on Pos Indonesia.",accept_other,codex_pos_exact_hierarchy_review,project_owner_adjudication,approved
pos_indonesia_postcode_search,2026-08-11,32.12.16.2007,SINDANG,45222,https://kodepos.posindonesia.co.id/CariKodepos,"Exact village, district, city, and province match on Pos Indonesia.",accept_suggested,codex_pos_exact_hierarchy_review,project_owner_adjudication,approved
pos_indonesia_postcode_search,2026-08-11,32.12.17.2001,CANGKRING,45251,https://kodepos.posindonesia.co.id/CariKodepos,"Exact village, district, city, and province match on Pos Indonesia.",accept_other,codex_pos_exact_hierarchy_review,project_owner_adjudication,approved
pos_indonesia_postcode_search,2026-08-11,32.12.17.2002,CANTIGI KULON,45251,https://kodepos.posindonesia.co.id/CariKodepos,"Exact village, district, city, and province match on Pos Indonesia.",accept_other,codex_pos_exact_hierarchy_review,project_owner_adjudication,approved
pos_indonesia_postcode_search,2026-08-11,32.12.17.2003,CANTIGI WETAN,45251,https://kodepos.posindonesia.co.id/CariKodepos,"Exact village, district, city, and province match on Pos Indonesia.",accept_other,codex_pos_exact_hierarchy_review,project_owner_adjudication,approved
pos_indonesia_postcode_search,2026-08-11,32.12.17.2004,PANYINGKIRAN KIDUL,45251,https://kodepos.posindonesia.co.id/CariKodepos,"Exact village, district, city, and province match on Pos Indonesia.",accept_other,codex_pos_exact_hierarchy_review,project_owner_adjudication,approved
pos_indonesia_postcode_search,2026-08-11,32.12.17.2005,PANYINGKIRAN LOR,45251,https://kodepos.posindonesia.co.id/CariKodepos,"Exact village, district, city, and province match on Pos Indonesia.",accept_other,codex_pos_exact_hierarchy_review,project_owner_adjudication,approved
pos_indonesia_postcode_search,2026-08-11,32.12.17.2006,LAMARANTARUNG,45251,https://kodepos.posindonesia.co.id/CariKodepos,"Exact village, district, city, and province match on Pos Indonesia.",accept_other,codex_pos_exact_hierarchy_review,project_owner_adjudication,approved
pos_indonesia_postcode_search,2026-08-11,32.12.17.2007,CEMARA,45251,https://kodepos.posindonesia.co.id/CariKodepos,"Exact village, district, city, and province match on Pos Indonesia.",accept_other,codex_pos_exact_hierarchy_review,project_owner_adjudication,approved
pos_indonesia_postcode_search,2026-08-11,32.12.20.2013,CEMARA KULON,45253,https://kodepos.posindonesia.co.id/CariKodepos,"Exact village, district, city, and province match on Pos Indonesia.",accept_suggested,codex_pos_exact_hierarchy_review,project_owner_adjudication,approved
pos_indonesia_postcode_search,2026-08-11,32.12.21.2005,KARANG ANYAR,45254,https://kodepos.posindonesia.co.id/CariKodepos,"Exact village, district, city, and province match on Pos Indonesia.",accept_other,codex_pos_exact_hierarchy_review,project_owner_adjudication,approved
pos_indonesia_postcode_search,2026-08-11,32.12.25.2001,BANTARWARU,45266,https://kodepos.posindonesia.co.id/CariKodepos,"Exact village, district, city, and province match on Pos Indonesia.",accept_other,codex_pos_exact_hierarchy_review,project_owner_adjudication,approved
pos_indonesia_postcode_search,2026-08-11,32.12.25.2002,SANCA,45266,https://kodepos.posindonesia.co.id/CariKodepos,"Exact village, district, city, and province match on Pos Indonesia.",accept_other,codex_pos_exact_hierarchy_review,project_owner_adjudication,approved
pos_indonesia_postcode_search,2026-08-11,32.12.25.2003,MEKARJAYA,45266,https://kodepos.posindonesia.co.id/CariKodepos,"Exact village, district, city, and province match on Pos Indonesia.",accept_other,codex_pos_exact_hierarchy_review,project_owner_adjudication,approved
pos_indonesia_postcode_search,2026-08-11,32.12.25.2004,GANTAR,45266,https://kodepos.posindonesia.co.id/CariKodepos,"Exact village, district, city, and province match on Pos Indonesia.",accept_other,codex_pos_exact_hierarchy_review,project_owner_adjudication,approved
pos_indonesia_postcode_search,2026-08-11,32.12.25.2005,SITURAJA,45266,https://kodepos.posindonesia.co.id/CariKodepos,"Exact village, district, city, and province match on Pos Indonesia.",accept_other,codex_pos_exact_hierarchy_review,project_owner_adjudication,approved
pos_indonesia_postcode_search,2026-08-11,32.12.25.2006,BALEREJA,45266,https://kodepos.posindonesia.co.id/CariKodepos,"Exact village, district, city, and province match on Pos Indonesia.",accept_other,codex_pos_exact_hierarchy_review,project_owner_adjudication,approved
pos_indonesia_postcode_search,2026-08-11,32.12.25.2007,MEKARWARU,45266,https://kodepos.posindonesia.co.id/CariKodepos,"Exact village, district, city, and province match on Pos Indonesia.",accept_other,codex_pos_exact_hierarchy_review,project_owner_adjudication,approved
pos_indonesia_postcode_search,2026-08-11,32.12.27.2001,CIBEBER,45275,https://kodepos.posindonesia.co.id/CariKodepos,"Exact village, district, city, and province match on Pos Indonesia.",accept_suggested,codex_pos_exact_hierarchy_review,project_owner_adjudication,approved
pos_indonesia_postcode_search,2026-08-11,32.12.27.2002,BONDAN,45275,https://kodepos.posindonesia.co.id/CariKodepos,"Exact village, district, city, and province match on Pos Indonesia.",accept_suggested,codex_pos_exact_hierarchy_review,project_owner_adjudication,approved
pos_indonesia_postcode_search,2026-08-11,32.12.27.2003,GUNUNGSARI,45275,https://kodepos.posindonesia.co.id/CariKodepos,"Exact village, district, city, and province match on Pos Indonesia.",accept_suggested,codex_pos_exact_hierarchy_review,project_owner_adjudication,approved
pos_indonesia_postcode_search,2026-08-11,32.12.27.2004,SUKAGUMIWANG,45275,https://kodepos.posindonesia.co.id/CariKodepos,"Exact village, district, city, and province match on Pos Indonesia.",accept_suggested,codex_pos_exact_hierarchy_review,project_owner_adjudication,approved
pos_indonesia_postcode_search,2026-08-11,32.12.27.2005,TERSANA,45275,https://kodepos.posindonesia.co.id/CariKodepos,"Exact village, district, city, and province match on Pos Indonesia.",accept_suggested,codex_pos_exact_hierarchy_review,project_owner_adjudication,approved
pos_indonesia_postcode_search,2026-08-11,32.12.27.2006,CADANG PINGGAN,45275,https://kodepos.posindonesia.co.id/CariKodepos,"Exact village, district, city, and province match on Pos Indonesia.",accept_suggested,codex_pos_exact_hierarchy_review,project_owner_adjudication,approved
pos_indonesia_postcode_search,2026-08-11,32.12.27.2007,GEDANGAN,45275,https://kodepos.posindonesia.co.id/CariKodepos,"Exact village, district, city, and province match on Pos Indonesia.",accept_suggested,codex_pos_exact_hierarchy_review,project_owner_adjudication,approved
pos_indonesia_postcode_search,2026-08-11,32.12.29.2001,BRONDONG,45233,https://kodepos.posindonesia.co.id/CariKodepos,"Exact village, district, city, and province match on Pos Indonesia.",accept_other,codex_pos_exact_hierarchy_review,project_owner_adjudication,approved
pos_indonesia_postcode_search,2026-08-11,32.12.29.2002,PABEAN ILIR,45234,https://kodepos.posindonesia.co.id/CariKodepos,"Exact village, district, city, and province match on Pos Indonesia.",accept_other,codex_pos_exact_hierarchy_review,project_owner_adjudication,approved
pos_indonesia_postcode_search,2026-08-11,32.12.29.2003,PAGIRIKAN,45231,https://kodepos.posindonesia.co.id/CariKodepos,"Exact village, district, city, and province match on Pos Indonesia.",accept_other,codex_pos_exact_hierarchy_review,project_owner_adjudication,approved
pos_indonesia_postcode_search,2026-08-11,32.12.29.2004,PASEKAN,45232,https://kodepos.posindonesia.co.id/CariKodepos,"Exact village, district, city, and province match on Pos Indonesia.",accept_other,codex_pos_exact_hierarchy_review,project_owner_adjudication,approved
pos_indonesia_postcode_search,2026-08-11,32.12.29.2005,KARANGANYAR,45236,https://kodepos.posindonesia.co.id/CariKodepos,"Exact village, district, city, and province match on Pos Indonesia.",accept_other,codex_pos_exact_hierarchy_review,project_owner_adjudication,approved
pos_indonesia_postcode_search,2026-08-11,32.12.29.2006,TOTORAN,45235,https://kodepos.posindonesia.co.id/CariKodepos,"Exact village, district, city, and province match on Pos Indonesia.",accept_other,codex_pos_exact_hierarchy_review,project_owner_adjudication,approved
pos_indonesia_postcode_search,2026-08-11,32.12.31.2001,LIMPAS,45258,https://kodepos.posindonesia.co.id/CariKodepos,"Exact village, district, city, and province match on Pos Indonesia.",accept_other,codex_pos_exact_hierarchy_review,project_owner_adjudication,approved
pos_indonesia_postcode_search,2026-08-11,32.12.31.2002,MEKARSARI,45258,https://kodepos.posindonesia.co.id/CariKodepos,"Exact village, district, city, and province match on Pos Indonesia.",accept_other,codex_pos_exact_hierarchy_review,project_owner_adjudication,approved
pos_indonesia_postcode_search,2026-08-11,32.12.31.2003,PATROL BARU,45258,https://kodepos.posindonesia.co.id/CariKodepos,"Exact village, district, city, and province match on Pos Indonesia.",accept_other,codex_pos_exact_hierarchy_review,project_owner_adjudication,approved
pos_indonesia_postcode_search,2026-08-11,32.12.31.2004,PATROL LOR,45258,https://kodepos.posindonesia.co.id/CariKodepos,"Exact village, district, city, and province match on Pos Indonesia.",accept_other,codex_pos_exact_hierarchy_review,project_owner_adjudication,approved
pos_indonesia_postcode_search,2026-08-11,32.12.31.2005,PATROL,45258,https://kodepos.posindonesia.co.id/CariKodepos,"Exact village, district, city, and province match on Pos Indonesia.",accept_other,codex_pos_exact_hierarchy_review,project_owner_adjudication,approved
pos_indonesia_postcode_search,2026-08-11,32.12.31.2006,BUGEL,45258,https://kodepos.posindonesia.co.id/CariKodepos,"Exact village, district, city, and province match on Pos Indonesia.",accept_other,codex_pos_exact_hierarchy_review,project_owner_adjudication,approved
pos_indonesia_postcode_search,2026-08-11,32.12.31.2007,ARJASARI,45258,https://kodepos.posindonesia.co.id/CariKodepos,"Exact village, district, city, and province match on Pos Indonesia.",accept_other,codex_pos_exact_hierarchy_review,project_owner_adjudication,approved
pos_indonesia_postcode_search,2026-08-11,32.12.31.2008,SUKAHAJI,45258,https://kodepos.posindonesia.co.id/CariKodepos,"Exact village, district, city, and province match on Pos Indonesia.",accept_other,codex_pos_exact_hierarchy_review,project_owner_adjudication,approved
pos_indonesia_postcode_search,2026-08-11,32.13.03.1001,PARUNG,41216,https://kodepos.posindonesia.co.id/CariKodepos,"Exact village, district, city, and province match on Pos Indonesia.",accept_other,codex_pos_exact_hierarchy_review,project_owner_adjudication,approved
pos_indonesia_postcode_search,2026-08-11,32.13.03.1003,PASIRKAREUMBI,41214,https://kodepos.posindonesia.co.id/CariKodepos,"Exact village, district, city, and province match on Pos Indonesia.",accept_other,codex_pos_exact_hierarchy_review,project_owner_adjudication,approved
pos_indonesia_postcode_search,2026-08-11,32.13.03.1006,SUKAMELANG,41217,https://kodepos.posindonesia.co.id/CariKodepos,"Exact village, district, city, and province match on Pos Indonesia.",accept_other,codex_pos_exact_hierarchy_review,project_owner_adjudication,approved
pos_indonesia_postcode_search,2026-08-11,32.13.03.1008,WANAREJA,41218,https://kodepos.posindonesia.co.id/CariKodepos,"Exact village, district, city, and province match on Pos Indonesia.",accept_other,codex_pos_exact_hierarchy_review,project_owner_adjudication,approved
pos_indonesia_postcode_search,2026-08-11,32.13.05.2004,PABUARAN,41262,https://kodepos.posindonesia.co.id/CariKodepos,"Exact village, district, city, and province match on Pos Indonesia.",accept_suggested,codex_pos_exact_hierarchy_review,project_owner_adjudication,approved
pos_indonesia_postcode_search,2026-08-11,32.13.06.2004,PURWADADI,41261,https://kodepos.posindonesia.co.id/CariKodepos,"Exact village, district, city, and province match on Pos Indonesia.",accept_suggested,codex_pos_exact_hierarchy_review,project_owner_adjudication,approved
pos_indonesia_postcode_search,2026-08-11,32.13.07.2012,SUKAMULYA,41252,https://kodepos.posindonesia.co.id/CariKodepos,"Exact village, district, city, and province match on Pos Indonesia.",accept_other,codex_pos_exact_hierarchy_review,project_owner_adjudication,approved
pos_indonesia_postcode_search,2026-08-11,32.13.20.2001,KARYAMUKTI,41272,https://kodepos.posindonesia.co.id/CariKodepos,"Exact village, district, city, and province match on Pos Indonesia.",accept_suggested,codex_pos_exact_hierarchy_review,project_owner_adjudication,approved
pos_indonesia_postcode_search,2026-08-11,32.13.20.2006,KOSAR,41272,https://kodepos.posindonesia.co.id/CariKodepos,"Exact village, district, city, and province match on Pos Indonesia.",accept_suggested,codex_pos_exact_hierarchy_review,project_owner_adjudication,approved
pos_indonesia_postcode_search,2026-08-11,32.13.21.2001,TEGALURUNG,41267,https://kodepos.posindonesia.co.id/CariKodepos,"Exact village, district, city, and province match on Pos Indonesia.",accept_other,codex_pos_exact_hierarchy_review,project_owner_adjudication,approved
pos_indonesia_postcode_search,2026-08-11,32.13.21.2002,BOBOS,41267,https://kodepos.posindonesia.co.id/CariKodepos,"Exact village, district, city, and province match on Pos Indonesia.",accept_other,codex_pos_exact_hierarchy_review,project_owner_adjudication,approved
pos_indonesia_postcode_search,2026-08-11,32.13.21.2003,LEGONKULON,41267,https://kodepos.posindonesia.co.id/CariKodepos,"Exact village, district, city, and province match on Pos Indonesia.",accept_other,codex_pos_exact_hierarchy_review,project_owner_adjudication,approved
pos_indonesia_postcode_search,2026-08-11,32.13.21.2004,MAYANGAN,41267,https://kodepos.posindonesia.co.id/CariKodepos,"Exact village, district, city, and province match on Pos Indonesia.",accept_other,codex_pos_exact_hierarchy_review,project_owner_adjudication,approved
pos_indonesia_postcode_search,2026-08-11,32.13.21.2005,LEGONWETAN,41267,https://kodepos.posindonesia.co.id/CariKodepos,"Exact village, district, city, and province match on Pos Indonesia.",accept_other,codex_pos_exact_hierarchy_review,project_owner_adjudication,approved
pos_indonesia_postcode_search,2026-08-11,32.13.21.2006,PANGARENGAN,41267,https://kodepos.posindonesia.co.id/CariKodepos,"Exact village, district, city, and province match on Pos Indonesia.",accept_other,codex_pos_exact_hierarchy_review,project_owner_adjudication,approved
pos_indonesia_postcode_search,2026-08-11,32.13.21.2007,KARANGMULYA,41267,https://kodepos.posindonesia.co.id/CariKodepos,"Exact village, district, city, and province match on Pos Indonesia.",accept_other,codex_pos_exact_hierarchy_review,project_owner_adjudication,approved
pos_indonesia_postcode_search,2026-08-11,32.13.28.2001,MEKARWANGI,41274,https://kodepos.posindonesia.co.id/CariKodepos,"Exact village, district, city, and province match on Pos Indonesia.",accept_other,codex_pos_exact_hierarchy_review,project_owner_adjudication,approved
pos_indonesia_postcode_search,2026-08-11,32.13.28.2002,BENDUNGAN,41274,https://kodepos.posindonesia.co.id/CariKodepos,"Exact village, district, city, and province match on Pos Indonesia.",accept_other,codex_pos_exact_hierarchy_review,project_owner_adjudication,approved
pos_indonesia_postcode_search,2026-08-11,32.13.28.2003,MUNJUL,41274,https://kodepos.posindonesia.co.id/CariKodepos,"Exact village, district, city, and province match on Pos Indonesia.",accept_other,codex_pos_exact_hierarchy_review,project_owner_adjudication,approved
pos_indonesia_postcode_search,2026-08-11,32.13.28.2004,MARGAHAYU,41274,https://kodepos.posindonesia.co.id/CariKodepos,"Exact village, district, city, and province match on Pos Indonesia.",accept_other,codex_pos_exact_hierarchy_review,project_owner_adjudication,approved
pos_indonesia_postcode_search,2026-08-11,32.13.28.2005,PANGSOR,41274,https://kodepos.posindonesia.co.id/CariKodepos,"Exact village, district, city, and province match on Pos Indonesia.",accept_other,codex_pos_exact_hierarchy_review,project_owner_adjudication,approved
pos_indonesia_postcode_search,2026-08-11,32.13.28.2006,SUMURGINTUNG,41274,https://kodepos.posindonesia.co.id/CariKodepos,"Exact village, district, city, and province match on Pos Indonesia.",accept_other,codex_pos_exact_hierarchy_review,project_owner_adjudication,approved
pos_indonesia_postcode_search,2026-08-11,32.13.28.2007,BALIMBING,41274,https://kodepos.posindonesia.co.id/CariKodepos,"Exact village, district, city, and province match on Pos Indonesia.",accept_other,codex_pos_exact_hierarchy_review,project_owner_adjudication,approved
pos_indonesia_postcode_search,2026-08-11,32.13.28.2008,CIDAHU,41274,https://kodepos.posindonesia.co.id/CariKodepos,"Exact village, district, city, and province match on Pos Indonesia.",accept_other,codex_pos_exact_hierarchy_review,project_owner_adjudication,approved
pos_indonesia_postcode_search,2026-08-11,32.13.28.2009,CIDADAP,41274,https://kodepos.posindonesia.co.id/CariKodepos,"Exact village, district, city, and province match on Pos Indonesia.",accept_other,codex_pos_exact_hierarchy_review,project_owner_adjudication,approved
pos_indonesia_postcode_search,2026-08-11,32.13.30.2001,KEBONDANAS,41266,https://kodepos.posindonesia.co.id/CariKodepos,"Exact village, district, city, and province match on Pos Indonesia.",accept_other,codex_pos_exact_hierarchy_review,project_owner_adjudication,approved
pos_indonesia_postcode_search,2026-08-11,32.13.30.2002,PUSAKAJAYA,41266,https://kodepos.posindonesia.co.id/CariKodepos,"Exact village, district, city, and province match on Pos Indonesia.",accept_other,codex_pos_exact_hierarchy_review,project_owner_adjudication,approved
pos_indonesia_postcode_search,2026-08-11,32.13.30.2003,KARANGANYAR,41266,https://kodepos.posindonesia.co.id/CariKodepos,"Exact village, district, city, and province match on Pos Indonesia.",accept_other,codex_pos_exact_hierarchy_review,project_owner_adjudication,approved
pos_indonesia_postcode_search,2026-08-11,32.13.30.2006,CIGUGUR,41266,https://kodepos.posindonesia.co.id/CariKodepos,"Exact village, district, city, and province match on Pos Indonesia.",accept_other,codex_pos_exact_hierarchy_review,project_owner_adjudication,approved
pos_indonesia_postcode_search,2026-08-11,32.13.30.2007,CIGUGUR KALER,41266,https://kodepos.posindonesia.co.id/CariKodepos,"Exact village, district, city, and province match on Pos Indonesia.",accept_other,codex_pos_exact_hierarchy_review,project_owner_adjudication,approved
pos_indonesia_postcode_search,2026-08-11,32.13.30.2008,RANGDU,41266,https://kodepos.posindonesia.co.id/CariKodepos,"Exact village, district, city, and province match on Pos Indonesia.",accept_other,codex_pos_exact_hierarchy_review,project_owner_adjudication,approved
pos_indonesia_postcode_search,2026-08-11,32.14.01.2010,CITALANG,41119,https://kodepos.posindonesia.co.id/CariKodepos,"Exact village, district, city, and province match on Pos Indonesia.",accept_other,codex_pos_exact_hierarchy_review,project_owner_adjudication,approved
pos_indonesia_postcode_search,2026-08-11,32.14.03.2007,BUNDER,41152,https://kodepos.posindonesia.co.id/CariKodepos,"Exact village, district, city, and province match on Pos Indonesia.",accept_other,codex_pos_exact_hierarchy_review,project_owner_adjudication,approved
pos_indonesia_postcode_search,2026-08-11,32.14.08.2007,SUKAHAJI,41165,https://kodepos.posindonesia.co.id/CariKodepos,"Exact village, district, city, and province match on Pos Indonesia.",accept_suggested,codex_pos_exact_hierarchy_review,project_owner_adjudication,approved
pos_indonesia_postcode_search,2026-08-11,32.14.09.2012,SAKAMBANG,41174,https://kodepos.posindonesia.co.id/CariKodepos,"Exact village, district, city, and province match on Pos Indonesia.",accept_suggested,codex_pos_exact_hierarchy_review,project_owner_adjudication,approved
pos_indonesia_postcode_search,2026-08-11,32.14.10.2002,PASAWAHAN,41172,https://kodepos.posindonesia.co.id/CariKodepos,"Exact village, district, city, and province match on Pos Indonesia.",accept_suggested,codex_pos_exact_hierarchy_review,project_owner_adjudication,approved
pos_indonesia_postcode_search,2026-08-11,32.14.10.2005,CIDAHU,41172,https://kodepos.posindonesia.co.id/CariKodepos,"Exact village, district, city, and province match on Pos Indonesia.",accept_suggested,codex_pos_exact_hierarchy_review,project_owner_adjudication,approved
pos_indonesia_postcode_search,2026-08-11,32.14.10.2010,MARGASARI,41172,https://kodepos.posindonesia.co.id/CariKodepos,"Exact village, district, city, and province match on Pos Indonesia.",accept_other,codex_pos_exact_hierarchy_review,project_owner_adjudication,approved
pos_indonesia_postcode_search,2026-08-11,32.14.11.2008,KERTASARI,41164,https://kodepos.posindonesia.co.id/CariKodepos,"Exact village, district, city, and province match on Pos Indonesia.",accept_suggested,codex_pos_exact_hierarchy_review,project_owner_adjudication,approved
pos_indonesia_postcode_search,2026-08-11,32.14.11.2009,PANGKALAN,41164,https://kodepos.posindonesia.co.id/CariKodepos,"Exact village, district, city, and province match on Pos Indonesia.",accept_suggested,codex_pos_exact_hierarchy_review,project_owner_adjudication,approved
pos_indonesia_postcode_search,2026-08-11,32.14.11.2013,SINDANGSARI,41164,https://kodepos.posindonesia.co.id/CariKodepos,"Exact village, district, city, and province match on Pos Indonesia.",accept_suggested,codex_pos_exact_hierarchy_review,project_owner_adjudication,approved
pos_indonesia_postcode_search,2026-08-11,32.14.13.2001,CIWANGI,41182,https://kodepos.posindonesia.co.id/CariKodepos,"Exact village, district, city, and province match on Pos Indonesia.",accept_other,codex_pos_exact_hierarchy_review,project_owner_adjudication,approved
pos_indonesia_postcode_search,2026-08-11,32.14.13.2002,CIBENING,41182,https://kodepos.posindonesia.co.id/CariKodepos,"Exact village, district, city, and province match on Pos Indonesia.",accept_other,codex_pos_exact_hierarchy_review,project_owner_adjudication,approved
pos_indonesia_postcode_search,2026-08-11,32.14.13.2004,DANGDEUR,41182,https://kodepos.posindonesia.co.id/CariKodepos,"Exact village, district, city, and province match on Pos Indonesia.",accept_other,codex_pos_exact_hierarchy_review,project_owner_adjudication,approved
pos_indonesia_postcode_search,2026-08-11,32.14.13.2005,CIBUNGUR,41182,https://kodepos.posindonesia.co.id/CariKodepos,"Exact village, district, city, and province match on Pos Indonesia.",accept_other,codex_pos_exact_hierarchy_review,project_owner_adjudication,approved
pos_indonesia_postcode_search,2026-08-11,32.14.13.2006,WANAKERTA,41182,https://kodepos.posindonesia.co.id/CariKodepos,"Exact village, district, city, and province match on Pos Indonesia.",accept_other,codex_pos_exact_hierarchy_review,project_owner_adjudication,approved
pos_indonesia_postcode_search,2026-08-11,32.14.13.2007,CINANGKA,41182,https://kodepos.posindonesia.co.id/CariKodepos,"Exact village, district, city, and province match on Pos Indonesia.",accept_other,codex_pos_exact_hierarchy_review,project_owner_adjudication,approved
pos_indonesia_postcode_search,2026-08-11,32.14.13.2008,CIKOPO,41182,https://kodepos.posindonesia.co.id/CariKodepos,"Exact village, district, city, and province match on Pos Indonesia.",accept_other,codex_pos_exact_hierarchy_review,project_owner_adjudication,approved
pos_indonesia_postcode_search,2026-08-11,32.14.13.2009,CIBODAS,41182,https://kodepos.posindonesia.co.id/CariKodepos,"Exact village, district, city, and province match on Pos Indonesia.",accept_other,codex_pos_exact_hierarchy_review,project_owner_adjudication,approved
pos_indonesia_postcode_search,2026-08-11,32.14.13.2010,KARANGMUKTI,41182,https://kodepos.posindonesia.co.id/CariKodepos,"Exact village, district, city, and province match on Pos Indonesia.",accept_other,codex_pos_exact_hierarchy_review,project_owner_adjudication,approved
pos_indonesia_postcode_search,2026-08-11,32.14.15.2001,KUTAMANAH,41153,https://kodepos.posindonesia.co.id/CariKodepos,"Exact village, district, city, and province match on Pos Indonesia.",accept_other,codex_pos_exact_hierarchy_review,project_owner_adjudication,approved
pos_indonesia_postcode_search,2026-08-11,32.14.15.2002,KERTAMANAH,41153,https://kodepos.posindonesia.co.id/CariKodepos,"Exact village, district, city, and province match on Pos Indonesia.",accept_other,codex_pos_exact_hierarchy_review,project_owner_adjudication,approved
pos_indonesia_postcode_search,2026-08-11,32.14.15.2003,CIRIRIP,41153,https://kodepos.posindonesia.co.id/CariKodepos,"Exact village, district, city, and province match on Pos Indonesia.",accept_other,codex_pos_exact_hierarchy_review,project_owner_adjudication,approved
pos_indonesia_postcode_search,2026-08-11,32.14.15.2005,PARUNGBANTENG,41153,https://kodepos.posindonesia.co.id/CariKodepos,"Exact village, district, city, and province match on Pos Indonesia.",accept_other,codex_pos_exact_hierarchy_review,project_owner_adjudication,approved
pos_indonesia_postcode_search,2026-08-11,32.15.01.1003,ADIARSA BARAT,41313,https://kodepos.posindonesia.co.id/CariKodepos,"Exact village, district, city, and province match on Pos Indonesia.",accept_other,codex_pos_exact_hierarchy_review,project_owner_adjudication,approved
pos_indonesia_postcode_search,2026-08-11,32.15.01.1006,TANJUNGMEKAR,41317,https://kodepos.posindonesia.co.id/CariKodepos,"Exact village, district, city, and province match on Pos Indonesia.",accept_other,codex_pos_exact_hierarchy_review,project_owner_adjudication,approved
pos_indonesia_postcode_search,2026-08-11,32.15.01.1007,TUNGGAKJATI,41318,https://kodepos.posindonesia.co.id/CariKodepos,"Exact village, district, city, and province match on Pos Indonesia.",accept_other,codex_pos_exact_hierarchy_review,project_owner_adjudication,approved
pos_indonesia_postcode_search,2026-08-11,32.15.01.1010,KARAWANGPAWITAN,41315,https://kodepos.posindonesia.co.id/CariKodepos,"Exact village, district, city, and province match on Pos Indonesia.",accept_suggested,codex_pos_exact_hierarchy_review,project_owner_adjudication,approved
pos_indonesia_postcode_search,2026-08-11,32.15.01.1012,MEKARJATI,41319,https://kodepos.posindonesia.co.id/CariKodepos,"Exact village, district, city, and province match on Pos Indonesia.",accept_other,codex_pos_exact_hierarchy_review,project_owner_adjudication,approved
pos_indonesia_postcode_search,2026-08-11,32.15.19.2007,LEMAHABANG,41383,https://kodepos.posindonesia.co.id/CariKodepos,"Exact village, district, city, and province match on Pos Indonesia.",accept_suggested,codex_pos_exact_hierarchy_review,project_owner_adjudication,approved
pos_indonesia_postcode_search,2026-08-11,32.15.23.2001,SUKAMULYA,41386,https://kodepos.posindonesia.co.id/CariKodepos,"Exact village, district, city, and province match on Pos Indonesia.",accept_other,codex_pos_exact_hierarchy_review,project_owner_adjudication,approved
pos_indonesia_postcode_search,2026-08-11,32.15.23.2002,TEGALURUNG,41386,https://kodepos.posindonesia.co.id/CariKodepos,"Exact village, district, city, and province match on Pos Indonesia.",accept_other,codex_pos_exact_hierarchy_review,project_owner_adjudication,approved
pos_indonesia_postcode_search,2026-08-11,32.15.23.2003,LANGENSARI,41386,https://kodepos.posindonesia.co.id/CariKodepos,"Exact village, district, city, and province match on Pos Indonesia.",accept_other,codex_pos_exact_hierarchy_review,project_owner_adjudication,approved
pos_indonesia_postcode_search,2026-08-11,32.15.23.2004,BAYUR LOR,41386,https://kodepos.posindonesia.co.id/CariKodepos,"Exact village, district, city, and province match on Pos Indonesia.",accept_other,codex_pos_exact_hierarchy_review,project_owner_adjudication,approved
pos_indonesia_postcode_search,2026-08-11,32.15.23.2005,BAYUR KIDUL,41386,https://kodepos.posindonesia.co.id/CariKodepos,"Exact village, district, city, and province match on Pos Indonesia.",accept_other,codex_pos_exact_hierarchy_review,project_owner_adjudication,approved
pos_indonesia_postcode_search,2026-08-11,32.15.23.2006,KIARA,41386,https://kodepos.posindonesia.co.id/CariKodepos,"Exact village, district, city, and province match on Pos Indonesia.",accept_other,codex_pos_exact_hierarchy_review,project_owner_adjudication,approved
pos_indonesia_postcode_search,2026-08-11,32.15.23.2007,MANGGUNGJAYA,41386,https://kodepos.posindonesia.co.id/CariKodepos,"Exact village, district, city, and province match on Pos Indonesia.",accept_other,codex_pos_exact_hierarchy_review,project_owner_adjudication,approved
pos_indonesia_postcode_search,2026-08-11,32.15.23.2008,SUMURGEDE,41386,https://kodepos.posindonesia.co.id/CariKodepos,"Exact village, district, city, and province match on Pos Indonesia.",accept_other,codex_pos_exact_hierarchy_review,project_owner_adjudication,approved
pos_indonesia_postcode_search,2026-08-11,32.15.23.2009,MUKTIJAYA,41386,https://kodepos.posindonesia.co.id/CariKodepos,"Exact village, district, city, and province match on Pos Indonesia.",accept_other,codex_pos_exact_hierarchy_review,project_owner_adjudication,approved
pos_indonesia_postcode_search,2026-08-11,32.15.23.2010,PASIRUKEM,41386,https://kodepos.posindonesia.co.id/CariKodepos,"Exact village, district, city, and province match on Pos Indonesia.",accept_other,codex_pos_exact_hierarchy_review,project_owner_adjudication,approved
pos_indonesia_postcode_search,2026-08-11,32.15.23.2011,PASIRJAYA,41386,https://kodepos.posindonesia.co.id/CariKodepos,"Exact village, district, city, and province match on Pos Indonesia.",accept_other,codex_pos_exact_hierarchy_review,project_owner_adjudication,approved
pos_indonesia_postcode_search,2026-08-11,32.15.23.2012,SUKAJAYA,41386,https://kodepos.posindonesia.co.id/CariKodepos,"Exact village, district, city, and province match on Pos Indonesia.",accept_other,codex_pos_exact_hierarchy_review,project_owner_adjudication,approved
pos_indonesia_postcode_search,2026-08-11,32.15.24.2001,GEMBONGAN,41375,https://kodepos.posindonesia.co.id/CariKodepos,"Exact village, district, city, and province match on Pos Indonesia.",accept_other,codex_pos_exact_hierarchy_review,project_owner_adjudication,approved
pos_indonesia_postcode_search,2026-08-11,32.15.24.2002,GEMPOL,41375,https://kodepos.posindonesia.co.id/CariKodepos,"Exact village, district, city, and province match on Pos Indonesia.",accept_other,codex_pos_exact_hierarchy_review,project_owner_adjudication,approved
pos_indonesia_postcode_search,2026-08-11,32.15.24.2003,GEMPOL KOLOT,41375,https://kodepos.posindonesia.co.id/CariKodepos,"Exact village, district, city, and province match on Pos Indonesia.",accept_other,codex_pos_exact_hierarchy_review,project_owner_adjudication,approved
pos_indonesia_postcode_search,2026-08-11,32.15.24.2004,BANYUASIH,41375,https://kodepos.posindonesia.co.id/CariKodepos,"Exact village, district, city, and province match on Pos Indonesia.",accept_other,codex_pos_exact_hierarchy_review,project_owner_adjudication,approved
pos_indonesia_postcode_search,2026-08-11,32.15.24.2005,KERTARAHARJA,41375,https://kodepos.posindonesia.co.id/CariKodepos,"Exact village, district, city, and province match on Pos Indonesia.",accept_other,codex_pos_exact_hierarchy_review,project_owner_adjudication,approved
pos_indonesia_postcode_search,2026-08-11,32.15.24.2006,TANJUNG,41375,https://kodepos.posindonesia.co.id/CariKodepos,"Exact village, district, city, and province match on Pos Indonesia.",accept_other,codex_pos_exact_hierarchy_review,project_owner_adjudication,approved
pos_indonesia_postcode_search,2026-08-11,32.15.24.2007,JAYAMUKTI,41375,https://kodepos.posindonesia.co.id/CariKodepos,"Exact village, district, city, and province match on Pos Indonesia.",accept_other,codex_pos_exact_hierarchy_review,project_owner_adjudication,approved
pos_indonesia_postcode_search,2026-08-11,32.15.24.2008,CICINDE UTARA,41375,https://kodepos.posindonesia.co.id/CariKodepos,"Exact village, district, city, and province match on Pos Indonesia.",accept_other,codex_pos_exact_hierarchy_review,project_owner_adjudication,approved
pos_indonesia_postcode_search,2026-08-11,32.15.24.2009,CICINDE SELATAN,41375,https://kodepos.posindonesia.co.id/CariKodepos,"Exact village, district, city, and province match on Pos Indonesia.",accept_other,codex_pos_exact_hierarchy_review,project_owner_adjudication,approved
pos_indonesia_postcode_search,2026-08-11,32.15.24.2010,MEKARASIH,41375,https://kodepos.posindonesia.co.id/CariKodepos,"Exact village, district, city, and province match on Pos Indonesia.",accept_other,codex_pos_exact_hierarchy_review,project_owner_adjudication,approved
pos_indonesia_postcode_search,2026-08-11,32.15.24.2011,TALUNJAYA,41375,https://kodepos.posindonesia.co.id/CariKodepos,"Exact village, district, city, and province match on Pos Indonesia.",accept_other,codex_pos_exact_hierarchy_review,project_owner_adjudication,approved
pos_indonesia_postcode_search,2026-08-11,32.15.24.2012,PAMEKARAN,41375,https://kodepos.posindonesia.co.id/CariKodepos,"Exact village, district, city, and province match on Pos Indonesia.",accept_other,codex_pos_exact_hierarchy_review,project_owner_adjudication,approved
pos_indonesia_postcode_search,2026-08-11,32.15.26.1001,KARAWANG WETAN,41321,https://kodepos.posindonesia.co.id/CariKodepos,"Exact village, district, city, and province match on Pos Indonesia.",accept_other,codex_pos_exact_hierarchy_review,project_owner_adjudication,approved
pos_indonesia_postcode_search,2026-08-11,32.15.26.1002,ADIARSA TIMUR,41322,https://kodepos.posindonesia.co.id/CariKodepos,"Exact village, district, city, and province match on Pos Indonesia.",accept_other,codex_pos_exact_hierarchy_review,project_owner_adjudication,approved
pos_indonesia_postcode_search,2026-08-11,32.15.26.1003,PALUMBONSARI,41326,https://kodepos.posindonesia.co.id/CariKodepos,"Exact village, district, city, and province match on Pos Indonesia.",accept_other,codex_pos_exact_hierarchy_review,project_owner_adjudication,approved
pos_indonesia_postcode_search,2026-08-11,32.15.26.2008,TEGAL SAWAH,41328,https://kodepos.posindonesia.co.id/CariKodepos,"Exact village, district, city, and province match on Pos Indonesia.",accept_other,codex_pos_exact_hierarchy_review,project_owner_adjudication,approved
pos_indonesia_postcode_search,2026-08-11,32.15.27.2001,MARGAKAYA,41341,https://kodepos.posindonesia.co.id/CariKodepos,"Exact village, district, city, and province match on Pos Indonesia.",accept_other,codex_pos_exact_hierarchy_review,project_owner_adjudication,approved
pos_indonesia_postcode_search,2026-08-11,32.15.27.2002,MARGAMULYA,41342,https://kodepos.posindonesia.co.id/CariKodepos,"Exact village, district, city, and province match on Pos Indonesia.",accept_other,codex_pos_exact_hierarchy_review,project_owner_adjudication,approved
pos_indonesia_postcode_search,2026-08-11,32.15.27.2003,KALANGLIGAR,41343,https://kodepos.posindonesia.co.id/CariKodepos,"Exact village, district, city, and province match on Pos Indonesia.",accept_other,codex_pos_exact_hierarchy_review,project_owner_adjudication,approved
pos_indonesia_postcode_search,2026-08-11,32.15.27.2004,MEKARMULYA,41349,https://kodepos.posindonesia.co.id/CariKodepos,"Exact village, district, city, and province match on Pos Indonesia.",accept_other,codex_pos_exact_hierarchy_review,project_owner_adjudication,approved
pos_indonesia_postcode_search,2026-08-11,32.15.27.2005,PARUNGSARI,41344,https://kodepos.posindonesia.co.id/CariKodepos,"Exact village, district, city, and province match on Pos Indonesia.",accept_other,codex_pos_exact_hierarchy_review,project_owner_adjudication,approved
pos_indonesia_postcode_search,2026-08-11,32.15.27.2006,KARANGMULYA,41345,https://kodepos.posindonesia.co.id/CariKodepos,"Exact village, district, city, and province match on Pos Indonesia.",accept_other,codex_pos_exact_hierarchy_review,project_owner_adjudication,approved
pos_indonesia_postcode_search,2026-08-11,32.15.27.2007,WANASARI,41346,https://kodepos.posindonesia.co.id/CariKodepos,"Exact village, district, city, and province match on Pos Indonesia.",accept_other,codex_pos_exact_hierarchy_review,project_owner_adjudication,approved
pos_indonesia_postcode_search,2026-08-11,32.15.27.2008,WANAKERTA,41347,https://kodepos.posindonesia.co.id/CariKodepos,"Exact village, district, city, and province match on Pos Indonesia.",accept_other,codex_pos_exact_hierarchy_review,project_owner_adjudication,approved
pos_indonesia_postcode_search,2026-08-11,32.15.27.2009,WANAJAYA,41348,https://kodepos.posindonesia.co.id/CariKodepos,"Exact village, district, city, and province match on Pos Indonesia.",accept_other,codex_pos_exact_hierarchy_review,project_owner_adjudication,approved
pos_indonesia_postcode_search,2026-08-11,32.15.27.2010,MULYAJAYA,41349,https://kodepos.posindonesia.co.id/CariKodepos,"Exact village, district, city, and province match on Pos Indonesia.",accept_other,codex_pos_exact_hierarchy_review,project_owner_adjudication,approved
pos_indonesia_postcode_search,2026-08-11,32.15.28.2001,CIGUNUNGSARI,41364,https://kodepos.posindonesia.co.id/CariKodepos,"Exact village, district, city, and province match on Pos Indonesia.",accept_suggested,codex_pos_exact_hierarchy_review,project_owner_adjudication,approved
pos_indonesia_postcode_search,2026-08-11,32.15.28.2002,WARGASETRA,41364,https://kodepos.posindonesia.co.id/CariKodepos,"Exact village, district, city, and province match on Pos Indonesia.",accept_suggested,codex_pos_exact_hierarchy_review,project_owner_adjudication,approved
pos_indonesia_postcode_search,2026-08-11,32.15.28.2003,MEKARBUANA,41364,https://kodepos.posindonesia.co.id/CariKodepos,"Exact village, district, city, and province match on Pos Indonesia.",accept_suggested,codex_pos_exact_hierarchy_review,project_owner_adjudication,approved
pos_indonesia_postcode_search,2026-08-11,32.15.28.2004,CINTALAKSANA,41364,https://kodepos.posindonesia.co.id/CariKodepos,"Exact village, district, city, and province match on Pos Indonesia.",accept_suggested,codex_pos_exact_hierarchy_review,project_owner_adjudication,approved
pos_indonesia_postcode_search,2026-08-11,32.15.28.2005,CINTAWARGI,41364,https://kodepos.posindonesia.co.id/CariKodepos,"Exact village, district, city, and province match on Pos Indonesia.",accept_suggested,codex_pos_exact_hierarchy_review,project_owner_adjudication,approved
pos_indonesia_postcode_search,2026-08-11,32.15.28.2006,CINTALANGGENG,41364,https://kodepos.posindonesia.co.id/CariKodepos,"Exact village, district, city, and province match on Pos Indonesia.",accept_suggested,codex_pos_exact_hierarchy_review,project_owner_adjudication,approved
pos_indonesia_postcode_search,2026-08-11,32.15.28.2007,KUTALANGGENG,41364,https://kodepos.posindonesia.co.id/CariKodepos,"Exact village, district, city, and province match on Pos Indonesia.",accept_suggested,codex_pos_exact_hierarchy_review,project_owner_adjudication,approved
pos_indonesia_postcode_search,2026-08-11,32.15.28.2008,KUTAMANEUH,41364,https://kodepos.posindonesia.co.id/CariKodepos,"Exact village, district, city, and province match on Pos Indonesia.",accept_suggested,codex_pos_exact_hierarchy_review,project_owner_adjudication,approved
pos_indonesia_postcode_search,2026-08-11,32.15.28.2009,CIPURWASARI,41364,https://kodepos.posindonesia.co.id/CariKodepos,"Exact village, district, city, and province match on Pos Indonesia.",accept_suggested,codex_pos_exact_hierarchy_review,project_owner_adjudication,approved
pos_indonesia_postcode_search,2026-08-11,32.16.01.2001,SAGARA MAKMUR,17211,https://kodepos.posindonesia.co.id/CariKodepos,"Exact village, district, city, and province match on Pos Indonesia.",accept_suggested,codex_pos_exact_hierarchy_review,project_owner_adjudication,approved
pos_indonesia_postcode_search,2026-08-11,32.16.02.1006,BAHAGIA,17612,https://kodepos.posindonesia.co.id/CariKodepos,"Exact village, district, city, and province match on Pos Indonesia.",accept_other,codex_pos_exact_hierarchy_review,project_owner_adjudication,approved
pos_indonesia_postcode_search,2026-08-11,32.16.02.1007,KEBALEN,17613,https://kodepos.posindonesia.co.id/CariKodepos,"Exact village, district, city, and province match on Pos Indonesia.",accept_other,codex_pos_exact_hierarchy_review,project_owner_adjudication,approved
pos_indonesia_postcode_search,2026-08-11,32.16.02.2005,PANTAIHURIP,17619,https://kodepos.posindonesia.co.id/CariKodepos,"Exact village, district, city, and province match on Pos Indonesia.",accept_other,codex_pos_exact_hierarchy_review,project_owner_adjudication,approved
pos_indonesia_postcode_search,2026-08-11,32.16.02.2008,BABELANKOTA,17611,https://kodepos.posindonesia.co.id/CariKodepos,"Exact village, district, city, and province match on Pos Indonesia.",accept_other,codex_pos_exact_hierarchy_review,project_owner_adjudication,approved
pos_indonesia_postcode_search,2026-08-11,32.16.02.2009,KEDUNGJAYA,17615,https://kodepos.posindonesia.co.id/CariKodepos,"Exact village, district, city, and province match on Pos Indonesia.",accept_other,codex_pos_exact_hierarchy_review,project_owner_adjudication,approved
pos_indonesia_postcode_search,2026-08-11,32.16.03.2001,SUKARINGIN,17653,https://kodepos.posindonesia.co.id/CariKodepos,"Exact village, district, city, and province match on Pos Indonesia.",accept_other,codex_pos_exact_hierarchy_review,project_owner_adjudication,approved
pos_indonesia_postcode_search,2026-08-11,32.16.03.2002,SUKABUDI,17657,https://kodepos.posindonesia.co.id/CariKodepos,"Exact village, district, city, and province match on Pos Indonesia.",accept_other,codex_pos_exact_hierarchy_review,project_owner_adjudication,approved
pos_indonesia_postcode_search,2026-08-11,32.16.03.2003,SUKADAYA,17656,https://kodepos.posindonesia.co.id/CariKodepos,"Exact village, district, city, and province match on Pos Indonesia.",accept_other,codex_pos_exact_hierarchy_review,project_owner_adjudication,approved
pos_indonesia_postcode_search,2026-08-11,32.16.03.2004,SUKAWANGI,17651,https://kodepos.posindonesia.co.id/CariKodepos,"Exact village, district, city, and province match on Pos Indonesia.",accept_other,codex_pos_exact_hierarchy_review,project_owner_adjudication,approved
pos_indonesia_postcode_search,2026-08-11,32.16.03.2005,SUKAKERTA,17652,https://kodepos.posindonesia.co.id/CariKodepos,"Exact village, district, city, and province match on Pos Indonesia.",accept_other,codex_pos_exact_hierarchy_review,project_owner_adjudication,approved
pos_indonesia_postcode_search,2026-08-11,32.16.03.2006,SUKATENANG,17654,https://kodepos.posindonesia.co.id/CariKodepos,"Exact village, district, city, and province match on Pos Indonesia.",accept_other,codex_pos_exact_hierarchy_review,project_owner_adjudication,approved
pos_indonesia_postcode_search,2026-08-11,32.16.03.2007,SUKAMEKAR,17655,https://kodepos.posindonesia.co.id/CariKodepos,"Exact village, district, city, and province match on Pos Indonesia.",accept_other,codex_pos_exact_hierarchy_review,project_owner_adjudication,approved
pos_indonesia_postcode_search,2026-08-11,32.16.04.2004,SUKARAPIH,17621,https://kodepos.posindonesia.co.id/CariKodepos,"Exact village, district, city, and province match on Pos Indonesia.",accept_suggested,codex_pos_exact_hierarchy_review,project_owner_adjudication,approved
pos_indonesia_postcode_search,2026-08-11,32.16.06.1001,JATIMULYA,17512,https://kodepos.posindonesia.co.id/CariKodepos,"Exact village, district, city, and province match on Pos Indonesia.",accept_other,codex_pos_exact_hierarchy_review,project_owner_adjudication,approved
pos_indonesia_postcode_search,2026-08-11,32.16.06.2002,LAMBANGSARI,17513,https://kodepos.posindonesia.co.id/CariKodepos,"Exact village, district, city, and province match on Pos Indonesia.",accept_other,codex_pos_exact_hierarchy_review,project_owner_adjudication,approved
pos_indonesia_postcode_search,2026-08-11,32.16.06.2003,LAMBANGJAYA,17514,https://kodepos.posindonesia.co.id/CariKodepos,"Exact village, district, city, and province match on Pos Indonesia.",accept_other,codex_pos_exact_hierarchy_review,project_owner_adjudication,approved
pos_indonesia_postcode_search,2026-08-11,32.16.06.2004,TAMBUN,17511,https://kodepos.posindonesia.co.id/CariKodepos,"Exact village, district, city, and province match on Pos Indonesia.",accept_other,codex_pos_exact_hierarchy_review,project_owner_adjudication,approved
pos_indonesia_postcode_search,2026-08-11,32.16.06.2005,SETIADARMA,17513,https://kodepos.posindonesia.co.id/CariKodepos,"Exact village, district, city, and province match on Pos Indonesia.",accept_other,codex_pos_exact_hierarchy_review,project_owner_adjudication,approved
pos_indonesia_postcode_search,2026-08-11,32.16.06.2006,SETIAMEKAR,17519,https://kodepos.posindonesia.co.id/CariKodepos,"Exact village, district, city, and province match on Pos Indonesia.",accept_other,codex_pos_exact_hierarchy_review,project_owner_adjudication,approved
pos_indonesia_postcode_search,2026-08-11,32.16.06.2007,MEKARSARI,17515,https://kodepos.posindonesia.co.id/CariKodepos,"Exact village, district, city, and province match on Pos Indonesia.",accept_other,codex_pos_exact_hierarchy_review,project_owner_adjudication,approved
pos_indonesia_postcode_search,2026-08-11,32.16.06.2009,MANGUNJAYA,17517,https://kodepos.posindonesia.co.id/CariKodepos,"Exact village, district, city, and province match on Pos Indonesia.",accept_other,codex_pos_exact_hierarchy_review,project_owner_adjudication,approved
pos_indonesia_postcode_search,2026-08-11,32.16.07.1001,WANASARI,17521,https://kodepos.posindonesia.co.id/CariKodepos,"Exact village, district, city, and province match on Pos Indonesia.",accept_other,codex_pos_exact_hierarchy_review,project_owner_adjudication,approved
pos_indonesia_postcode_search,2026-08-11,32.16.07.2002,WANAJAYA,17523,https://kodepos.posindonesia.co.id/CariKodepos,"Exact village, district, city, and province match on Pos Indonesia.",accept_other,codex_pos_exact_hierarchy_review,project_owner_adjudication,approved
pos_indonesia_postcode_search,2026-08-11,32.16.07.2004,MUKTIWARI,17526,https://kodepos.posindonesia.co.id/CariKodepos,"Exact village, district, city, and province match on Pos Indonesia.",accept_other,codex_pos_exact_hierarchy_review,project_owner_adjudication,approved
pos_indonesia_postcode_search,2026-08-11,32.16.07.2005,SARIMUKTI,17527,https://kodepos.posindonesia.co.id/CariKodepos,"Exact village, district, city, and province match on Pos Indonesia.",accept_other,codex_pos_exact_hierarchy_review,project_owner_adjudication,approved
pos_indonesia_postcode_search,2026-08-11,32.16.07.2006,SUKAJAYA,17524,https://kodepos.posindonesia.co.id/CariKodepos,"Exact village, district, city, and province match on Pos Indonesia.",accept_other,codex_pos_exact_hierarchy_review,project_owner_adjudication,approved
pos_indonesia_postcode_search,2026-08-11,32.16.07.2007,CIBUNTU,17522,https://kodepos.posindonesia.co.id/CariKodepos,"Exact village, district, city, and province match on Pos Indonesia.",accept_other,codex_pos_exact_hierarchy_review,project_owner_adjudication,approved
pos_indonesia_postcode_search,2026-08-11,32.16.08.1008,TELAGA ASIH,17841,https://kodepos.posindonesia.co.id/CariKodepos,"Exact village, district, city, and province match on Pos Indonesia.",accept_other,codex_pos_exact_hierarchy_review,project_owner_adjudication,approved
pos_indonesia_postcode_search,2026-08-11,32.16.08.2003,JATIWANGI,17846,https://kodepos.posindonesia.co.id/CariKodepos,"Exact village, district, city, and province match on Pos Indonesia.",accept_other,codex_pos_exact_hierarchy_review,project_owner_adjudication,approved
pos_indonesia_postcode_search,2026-08-11,32.16.08.2005,GANDAMEKAR,17842,https://kodepos.posindonesia.co.id/CariKodepos,"Exact village, district, city, and province match on Pos Indonesia.",accept_other,codex_pos_exact_hierarchy_review,project_owner_adjudication,approved
pos_indonesia_postcode_search,2026-08-11,32.16.08.2006,GANDASARI,17842,https://kodepos.posindonesia.co.id/CariKodepos,"Exact village, district, city, and province match on Pos Indonesia.",accept_other,codex_pos_exact_hierarchy_review,project_owner_adjudication,approved
pos_indonesia_postcode_search,2026-08-11,32.16.08.2007,SUKADANAU,17848,https://kodepos.posindonesia.co.id/CariKodepos,"Exact village, district, city, and province match on Pos Indonesia.",accept_other,codex_pos_exact_hierarchy_review,project_owner_adjudication,approved
pos_indonesia_postcode_search,2026-08-11,32.16.08.2010,TELAJUNG,17844,https://kodepos.posindonesia.co.id/CariKodepos,"Exact village, district, city, and province match on Pos Indonesia.",accept_other,codex_pos_exact_hierarchy_review,project_owner_adjudication,approved
pos_indonesia_postcode_search,2026-08-11,32.16.08.2011,CIKEDOKAN,17845,https://kodepos.posindonesia.co.id/CariKodepos,"Exact village, district, city, and province match on Pos Indonesia.",accept_other,codex_pos_exact_hierarchy_review,project_owner_adjudication,approved
pos_indonesia_postcode_search,2026-08-11,32.16.13.1011,KERTASARI,17711,https://kodepos.posindonesia.co.id/CariKodepos,"Exact village, district, city, and province match on Pos Indonesia.",accept_other,codex_pos_exact_hierarchy_review,project_owner_adjudication,approved
pos_indonesia_postcode_search,2026-08-11,32.16.13.2002,KARANGSEGAR,17716,https://kodepos.posindonesia.co.id/CariKodepos,"Exact village, district, city, and province match on Pos Indonesia.",accept_other,codex_pos_exact_hierarchy_review,project_owner_adjudication,approved
pos_indonesia_postcode_search,2026-08-11,32.16.13.2003,SUMBERURIP,17714,https://kodepos.posindonesia.co.id/CariKodepos,"Exact village, district, city, and province match on Pos Indonesia.",accept_other,codex_pos_exact_hierarchy_review,project_owner_adjudication,approved
pos_indonesia_postcode_search,2026-08-11,32.16.13.2005,KARANGREJA,17717,https://kodepos.posindonesia.co.id/CariKodepos,"Exact village, district, city, and province match on Pos Indonesia.",accept_other,codex_pos_exact_hierarchy_review,project_owner_adjudication,approved
pos_indonesia_postcode_search,2026-08-11,32.16.13.2006,KARANGJAYA,17717,https://kodepos.posindonesia.co.id/CariKodepos,"Exact village, district, city, and province match on Pos Indonesia.",accept_other,codex_pos_exact_hierarchy_review,project_owner_adjudication,approved
pos_indonesia_postcode_search,2026-08-11,32.16.13.2007,SUMBERSARI,17714,https://kodepos.posindonesia.co.id/CariKodepos,"Exact village, district, city, and province match on Pos Indonesia.",accept_other,codex_pos_exact_hierarchy_review,project_owner_adjudication,approved
pos_indonesia_postcode_search,2026-08-11,32.16.13.2008,KARANGPATRI,17713,https://kodepos.posindonesia.co.id/CariKodepos,"Exact village, district, city, and province match on Pos Indonesia.",accept_other,codex_pos_exact_hierarchy_review,project_owner_adjudication,approved
pos_indonesia_postcode_search,2026-08-11,32.16.13.2009,KARANGHAUR,17713,https://kodepos.posindonesia.co.id/CariKodepos,"Exact village, district, city, and province match on Pos Indonesia.",accept_other,codex_pos_exact_hierarchy_review,project_owner_adjudication,approved
pos_indonesia_postcode_search,2026-08-11,32.16.13.2010,KERTAJAYA,17712,https://kodepos.posindonesia.co.id/CariKodepos,"Exact village, district, city, and province match on Pos Indonesia.",accept_other,codex_pos_exact_hierarchy_review,project_owner_adjudication,approved
pos_indonesia_postcode_search,2026-08-11,32.16.13.2012,BANTARSARI,17718,https://kodepos.posindonesia.co.id/CariKodepos,"Exact village, district, city, and province match on Pos Indonesia.",accept_other,codex_pos_exact_hierarchy_review,project_owner_adjudication,approved
pos_indonesia_postcode_search,2026-08-11,32.16.13.2013,BANTARJAYA,17719,https://kodepos.posindonesia.co.id/CariKodepos,"Exact village, district, city, and province match on Pos Indonesia.",accept_other,codex_pos_exact_hierarchy_review,project_owner_adjudication,approved
pos_indonesia_postcode_search,2026-08-11,32.16.14.2001,SUKAMURNI,17643,https://kodepos.posindonesia.co.id/CariKodepos,"Exact village, district, city, and province match on Pos Indonesia.",accept_other,codex_pos_exact_hierarchy_review,project_owner_adjudication,approved
pos_indonesia_postcode_search,2026-08-11,32.16.14.2002,SUKAINDAH,17642,https://kodepos.posindonesia.co.id/CariKodepos,"Exact village, district, city, and province match on Pos Indonesia.",accept_other,codex_pos_exact_hierarchy_review,project_owner_adjudication,approved
pos_indonesia_postcode_search,2026-08-11,32.16.14.2003,SUKAKARYA,17641,https://kodepos.posindonesia.co.id/CariKodepos,"Exact village, district, city, and province match on Pos Indonesia.",accept_other,codex_pos_exact_hierarchy_review,project_owner_adjudication,approved
pos_indonesia_postcode_search,2026-08-11,32.16.14.2004,SUKALAKSANA,17645,https://kodepos.posindonesia.co.id/CariKodepos,"Exact village, district, city, and province match on Pos Indonesia.",accept_other,codex_pos_exact_hierarchy_review,project_owner_adjudication,approved
pos_indonesia_postcode_search,2026-08-11,32.16.14.2005,SUKAJADI,17644,https://kodepos.posindonesia.co.id/CariKodepos,"Exact village, district, city, and province match on Pos Indonesia.",accept_other,codex_pos_exact_hierarchy_review,project_owner_adjudication,approved
pos_indonesia_postcode_search,2026-08-11,32.16.14.2007,SUKAMAKMUR,17647,https://kodepos.posindonesia.co.id/CariKodepos,"Exact village, district, city, and province match on Pos Indonesia.",accept_other,codex_pos_exact_hierarchy_review,project_owner_adjudication,approved
pos_indonesia_postcode_search,2026-08-11,32.16.15.2001,SUKAMULYA,17631,https://kodepos.posindonesia.co.id/CariKodepos,"Exact village, district, city, and province match on Pos Indonesia.",accept_suggested,codex_pos_exact_hierarchy_review,project_owner_adjudication,approved
pos_indonesia_postcode_search,2026-08-11,32.16.16.2003,SINDANGSARI,17725,https://kodepos.posindonesia.co.id/CariKodepos,"Exact village, district, city, and province match on Pos Indonesia.",accept_other,codex_pos_exact_hierarchy_review,project_owner_adjudication,approved
pos_indonesia_postcode_search,2026-08-11,32.16.16.2005,SETIALAKSANA,17727,https://kodepos.posindonesia.co.id/CariKodepos,"Exact village, district, city, and province match on Pos Indonesia.",accept_other,codex_pos_exact_hierarchy_review,project_owner_adjudication,approved
pos_indonesia_postcode_search,2026-08-11,32.16.17.2005,PANTAI SEDERHANA,17736,https://kodepos.posindonesia.co.id/CariKodepos,"Exact village, district, city, and province match on Pos Indonesia.",accept_other,codex_pos_exact_hierarchy_review,project_owner_adjudication,approved
pos_indonesia_postcode_search,2026-08-11,32.16.17.2006,JAYASAKTI,17733,https://kodepos.posindonesia.co.id/CariKodepos,"Exact village, district, city, and province match on Pos Indonesia.",accept_other,codex_pos_exact_hierarchy_review,project_owner_adjudication,approved
pos_indonesia_postcode_search,2026-08-11,32.16.18.2001,CIJENGKOL,17322,https://kodepos.posindonesia.co.id/CariKodepos,"Exact village, district, city, and province match on Pos Indonesia.",accept_other,codex_pos_exact_hierarchy_review,project_owner_adjudication,approved
pos_indonesia_postcode_search,2026-08-11,32.16.18.2002,LUBANGBUAYA,17321,https://kodepos.posindonesia.co.id/CariKodepos,"Exact village, district, city, and province match on Pos Indonesia.",accept_other,codex_pos_exact_hierarchy_review,project_owner_adjudication,approved
pos_indonesia_postcode_search,2026-08-11,32.16.18.2003,BURANGKENG,17323,https://kodepos.posindonesia.co.id/CariKodepos,"Exact village, district, city, and province match on Pos Indonesia.",accept_other,codex_pos_exact_hierarchy_review,project_owner_adjudication,approved
pos_indonesia_postcode_search,2026-08-11,32.16.18.2004,CILEDUG,17329,https://kodepos.posindonesia.co.id/CariKodepos,"Exact village, district, city, and province match on Pos Indonesia.",accept_other,codex_pos_exact_hierarchy_review,project_owner_adjudication,approved
pos_indonesia_postcode_search,2026-08-11,32.16.18.2005,CIBENING,17329,https://kodepos.posindonesia.co.id/CariKodepos,"Exact village, district, city, and province match on Pos Indonesia.",accept_other,codex_pos_exact_hierarchy_review,project_owner_adjudication,approved
pos_indonesia_postcode_search,2026-08-11,32.16.18.2006,TAMAN SARI,17324,https://kodepos.posindonesia.co.id/CariKodepos,"Exact village, district, city, and province match on Pos Indonesia.",accept_other,codex_pos_exact_hierarchy_review,project_owner_adjudication,approved
pos_indonesia_postcode_search,2026-08-11,32.16.18.2007,TAMAN RAHAYU,17325,https://kodepos.posindonesia.co.id/CariKodepos,"Exact village, district, city, and province match on Pos Indonesia.",accept_other,codex_pos_exact_hierarchy_review,project_owner_adjudication,approved
pos_indonesia_postcode_search,2026-08-11,32.16.18.2008,CIKARAGEMAN,17326,https://kodepos.posindonesia.co.id/CariKodepos,"Exact village, district, city, and province match on Pos Indonesia.",accept_other,codex_pos_exact_hierarchy_review,project_owner_adjudication,approved
pos_indonesia_postcode_search,2026-08-11,32.16.18.2009,RAGAMANUNGGAL,17327,https://kodepos.posindonesia.co.id/CariKodepos,"Exact village, district, city, and province match on Pos Indonesia.",accept_other,codex_pos_exact_hierarchy_review,project_owner_adjudication,approved
pos_indonesia_postcode_search,2026-08-11,32.16.18.2010,MUKTIJAYA,17327,https://kodepos.posindonesia.co.id/CariKodepos,"Exact village, district, city, and province match on Pos Indonesia.",accept_other,codex_pos_exact_hierarchy_review,project_owner_adjudication,approved
pos_indonesia_postcode_search,2026-08-11,32.16.18.2011,KERTARAHAYU,17328,https://kodepos.posindonesia.co.id/CariKodepos,"Exact village, district, city, and province match on Pos Indonesia.",accept_other,codex_pos_exact_hierarchy_review,project_owner_adjudication,approved
pos_indonesia_postcode_search,2026-08-11,32.16.21.2001,SUKARAGAM,17331,https://kodepos.posindonesia.co.id/CariKodepos,"Exact village, district, city, and province match on Pos Indonesia.",accept_other,codex_pos_exact_hierarchy_review,project_owner_adjudication,approved
pos_indonesia_postcode_search,2026-08-11,32.16.21.2002,SIRNAJAYA,17335,https://kodepos.posindonesia.co.id/CariKodepos,"Exact village, district, city, and province match on Pos Indonesia.",accept_other,codex_pos_exact_hierarchy_review,project_owner_adjudication,approved
pos_indonesia_postcode_search,2026-08-11,32.16.21.2003,SUKASARI,17332,https://kodepos.posindonesia.co.id/CariKodepos,"Exact village, district, city, and province match on Pos Indonesia.",accept_other,codex_pos_exact_hierarchy_review,project_owner_adjudication,approved
pos_indonesia_postcode_search,2026-08-11,32.16.21.2004,JAYAMULYA,17334,https://kodepos.posindonesia.co.id/CariKodepos,"Exact village, district, city, and province match on Pos Indonesia.",accept_other,codex_pos_exact_hierarchy_review,project_owner_adjudication,approved
pos_indonesia_postcode_search,2026-08-11,32.16.21.2005,NAGACIPTA,17336,https://kodepos.posindonesia.co.id/CariKodepos,"Exact village, district, city, and province match on Pos Indonesia.",accept_other,codex_pos_exact_hierarchy_review,project_owner_adjudication,approved
pos_indonesia_postcode_search,2026-08-11,32.16.21.2006,NAGASARI,17337,https://kodepos.posindonesia.co.id/CariKodepos,"Exact village, district, city, and province match on Pos Indonesia.",accept_other,codex_pos_exact_hierarchy_review,project_owner_adjudication,approved
pos_indonesia_postcode_search,2026-08-11,32.16.21.2007,CILANGKARA,17338,https://kodepos.posindonesia.co.id/CariKodepos,"Exact village, district, city, and province match on Pos Indonesia.",accept_other,codex_pos_exact_hierarchy_review,project_owner_adjudication,approved
pos_indonesia_postcode_search,2026-08-11,32.16.22.2002,RIDOGALIH,17344,https://kodepos.posindonesia.co.id/CariKodepos,"Exact village, district, city, and province match on Pos Indonesia.",accept_other,codex_pos_exact_hierarchy_review,project_owner_adjudication,approved
pos_indonesia_postcode_search,2026-08-11,32.16.22.2003,RIDOMANAH,17345,https://kodepos.posindonesia.co.id/CariKodepos,"Exact village, district, city, and province match on Pos Indonesia.",accept_other,codex_pos_exact_hierarchy_review,project_owner_adjudication,approved
pos_indonesia_postcode_search,2026-08-11,32.16.22.2004,WIBAWAMULYA,17346,https://kodepos.posindonesia.co.id/CariKodepos,"Exact village, district, city, and province match on Pos Indonesia.",accept_other,codex_pos_exact_hierarchy_review,project_owner_adjudication,approved
pos_indonesia_postcode_search,2026-08-11,32.16.22.2005,CIBARUSAH KOTA,17341,https://kodepos.posindonesia.co.id/CariKodepos,"Exact village, district, city, and province match on Pos Indonesia.",accept_other,codex_pos_exact_hierarchy_review,project_owner_adjudication,approved
pos_indonesia_postcode_search,2026-08-11,32.16.22.2006,CIBARUSAH JAYA,17342,https://kodepos.posindonesia.co.id/CariKodepos,"Exact village, district, city, and province match on Pos Indonesia.",accept_other,codex_pos_exact_hierarchy_review,project_owner_adjudication,approved
pos_indonesia_postcode_search,2026-08-11,32.16.22.2007,SINDANGMULYA,17347,https://kodepos.posindonesia.co.id/CariKodepos,"Exact village, district, city, and province match on Pos Indonesia.",accept_other,codex_pos_exact_hierarchy_review,project_owner_adjudication,approved
pos_indonesia_postcode_search,2026-08-11,32.16.23.2001,KARANGMULYA,17356,https://kodepos.posindonesia.co.id/CariKodepos,"Exact village, district, city, and province match on Pos Indonesia.",accept_suggested,codex_pos_exact_hierarchy_review,project_owner_adjudication,approved
pos_indonesia_postcode_search,2026-08-11,32.16.23.2002,KARANGINDAH,17350,https://kodepos.posindonesia.co.id/CariKodepos,"Exact village, district, city, and province match on Pos Indonesia.",accept_suggested,codex_pos_exact_hierarchy_review,project_owner_adjudication,approved
pos_indonesia_postcode_search,2026-08-11,32.16.23.2004,SUKABUNGAH,17350,https://kodepos.posindonesia.co.id/CariKodepos,"Exact village, district, city, and province match on Pos Indonesia.",accept_suggested,codex_pos_exact_hierarchy_review,project_owner_adjudication,approved
pos_indonesia_postcode_search,2026-08-11,32.16.23.2005,SUKAMUKTI,17350,https://kodepos.posindonesia.co.id/CariKodepos,"Exact village, district, city, and province match on Pos Indonesia.",accept_suggested,codex_pos_exact_hierarchy_review,project_owner_adjudication,approved
pos_indonesia_postcode_search,2026-08-11,32.16.23.2006,MEDALKRISNA,17350,https://kodepos.posindonesia.co.id/CariKodepos,"Exact village, district, city, and province match on Pos Indonesia.",accept_suggested,codex_pos_exact_hierarchy_review,project_owner_adjudication,approved
pos_indonesia_postcode_search,2026-08-11,32.17.01.2001,PAGERWANGI,40791,https://kodepos.posindonesia.co.id/CariKodepos,"Exact village, district, city, and province match on Pos Indonesia.",accept_other,codex_pos_exact_hierarchy_review,project_owner_adjudication,approved
pos_indonesia_postcode_search,2026-08-11,32.17.01.2002,KAYUAMBON,40791,https://kodepos.posindonesia.co.id/CariKodepos,"Exact village, district, city, and province match on Pos Indonesia.",accept_other,codex_pos_exact_hierarchy_review,project_owner_adjudication,approved
pos_indonesia_postcode_search,2026-08-11,32.17.01.2003,LEMBANG,40791,https://kodepos.posindonesia.co.id/CariKodepos,"Exact village, district, city, and province match on Pos Indonesia.",accept_other,codex_pos_exact_hierarchy_review,project_owner_adjudication,approved
pos_indonesia_postcode_search,2026-08-11,32.17.01.2004,CIKIDANG,40791,https://kodepos.posindonesia.co.id/CariKodepos,"Exact village, district, city, and province match on Pos Indonesia.",accept_other,codex_pos_exact_hierarchy_review,project_owner_adjudication,approved
pos_indonesia_postcode_search,2026-08-11,32.17.01.2005,CIKAHURIPAN,40791,https://kodepos.posindonesia.co.id/CariKodepos,"Exact village, district, city, and province match on Pos Indonesia.",accept_other,codex_pos_exact_hierarchy_review,project_owner_adjudication,approved
pos_indonesia_postcode_search,2026-08-11,32.17.01.2006,CIKOLE,40791,https://kodepos.posindonesia.co.id/CariKodepos,"Exact village, district, city, and province match on Pos Indonesia.",accept_other,codex_pos_exact_hierarchy_review,project_owner_adjudication,approved
pos_indonesia_postcode_search,2026-08-11,32.17.01.2007,GUDANGKAHURIPAN,40791,https://kodepos.posindonesia.co.id/CariKodepos,"Exact village, district, city, and province match on Pos Indonesia.",accept_other,codex_pos_exact_hierarchy_review,project_owner_adjudication,approved
pos_indonesia_postcode_search,2026-08-11,32.17.01.2008,JAYAGIRI,40791,https://kodepos.posindonesia.co.id/CariKodepos,"Exact village, district, city, and province match on Pos Indonesia.",accept_other,codex_pos_exact_hierarchy_review,project_owner_adjudication,approved
pos_indonesia_postcode_search,2026-08-11,32.17.01.2009,CIBODAS,40791,https://kodepos.posindonesia.co.id/CariKodepos,"Exact village, district, city, and province match on Pos Indonesia.",accept_other,codex_pos_exact_hierarchy_review,project_owner_adjudication,approved
pos_indonesia_postcode_search,2026-08-11,32.17.01.2010,LANGENSARI,40791,https://kodepos.posindonesia.co.id/CariKodepos,"Exact village, district, city, and province match on Pos Indonesia.",accept_other,codex_pos_exact_hierarchy_review,project_owner_adjudication,approved
pos_indonesia_postcode_search,2026-08-11,32.17.01.2011,MEKARWANGI,40791,https://kodepos.posindonesia.co.id/CariKodepos,"Exact village, district, city, and province match on Pos Indonesia.",accept_other,codex_pos_exact_hierarchy_review,project_owner_adjudication,approved
pos_indonesia_postcode_search,2026-08-11,32.17.01.2012,CIBOGO,40791,https://kodepos.posindonesia.co.id/CariKodepos,"Exact village, district, city, and province match on Pos Indonesia.",accept_other,codex_pos_exact_hierarchy_review,project_owner_adjudication,approved
pos_indonesia_postcode_search,2026-08-11,32.17.01.2013,SUKAJAYA,40791,https://kodepos.posindonesia.co.id/CariKodepos,"Exact village, district, city, and province match on Pos Indonesia.",accept_other,codex_pos_exact_hierarchy_review,project_owner_adjudication,approved
pos_indonesia_postcode_search,2026-08-11,32.17.01.2014,SUNTENJAYA,40791,https://kodepos.posindonesia.co.id/CariKodepos,"Exact village, district, city, and province match on Pos Indonesia.",accept_other,codex_pos_exact_hierarchy_review,project_owner_adjudication,approved
pos_indonesia_postcode_search,2026-08-11,32.17.01.2015,WANGUNHARJA,40791,https://kodepos.posindonesia.co.id/CariKodepos,"Exact village, district, city, and province match on Pos Indonesia.",accept_other,codex_pos_exact_hierarchy_review,project_owner_adjudication,approved
pos_indonesia_postcode_search,2026-08-11,32.17.01.2016,WANGUNSARI,40791,https://kodepos.posindonesia.co.id/CariKodepos,"Exact village, district, city, and province match on Pos Indonesia.",accept_other,codex_pos_exact_hierarchy_review,project_owner_adjudication,approved
pos_indonesia_postcode_search,2026-08-11,32.17.02.2001,KARYAWANGI,40759,https://kodepos.posindonesia.co.id/CariKodepos,"Exact village, district, city, and province match on Pos Indonesia.",accept_other,codex_pos_exact_hierarchy_review,project_owner_adjudication,approved
pos_indonesia_postcode_search,2026-08-11,32.17.02.2002,CIHANJUANG,40759,https://kodepos.posindonesia.co.id/CariKodepos,"Exact village, district, city, and province match on Pos Indonesia.",accept_other,codex_pos_exact_hierarchy_review,project_owner_adjudication,approved
pos_indonesia_postcode_search,2026-08-11,32.17.02.2003,CIHANJUANGRAHAYU,40759,https://kodepos.posindonesia.co.id/CariKodepos,"Project-owner manual Pos Indonesia correction, independently schema-validated.",accept_other,project_owner_manual_review,codex_adjudication_validation,approved
pos_indonesia_postcode_search,2026-08-11,32.17.02.2004,CIHIDEUNG,40759,https://kodepos.posindonesia.co.id/CariKodepos,"Exact village, district, city, and province match on Pos Indonesia.",accept_other,codex_pos_exact_hierarchy_review,project_owner_adjudication,approved
pos_indonesia_postcode_search,2026-08-11,32.17.02.2005,CIWARUGA,40759,https://kodepos.posindonesia.co.id/CariKodepos,"Exact village, district, city, and province match on Pos Indonesia.",accept_other,codex_pos_exact_hierarchy_review,project_owner_adjudication,approved
pos_indonesia_postcode_search,2026-08-11,32.17.02.2006,CIGUGURGIRANG,40759,https://kodepos.posindonesia.co.id/CariKodepos,"Exact village, district, city, and province match on Pos Indonesia.",accept_other,codex_pos_exact_hierarchy_review,project_owner_adjudication,approved
pos_indonesia_postcode_search,2026-08-11,32.17.02.2007,SARIWANGI,40759,https://kodepos.posindonesia.co.id/CariKodepos,"Exact village, district, city, and province match on Pos Indonesia.",accept_other,codex_pos_exact_hierarchy_review,project_owner_adjudication,approved
pos_indonesia_postcode_search,2026-08-11,32.17.03.2001,JAMBUDIPA,40751,https://kodepos.posindonesia.co.id/CariKodepos,"Exact village, district, city, and province match on Pos Indonesia.",accept_other,codex_pos_exact_hierarchy_review,project_owner_adjudication,approved
pos_indonesia_postcode_search,2026-08-11,32.17.03.2002,PADAASIH,40751,https://kodepos.posindonesia.co.id/CariKodepos,"Exact village, district, city, and province match on Pos Indonesia.",accept_other,codex_pos_exact_hierarchy_review,project_owner_adjudication,approved
pos_indonesia_postcode_search,2026-08-11,32.17.03.2003,PASIRHALANG,40751,https://kodepos.posindonesia.co.id/CariKodepos,"Exact village, district, city, and province match on Pos Indonesia.",accept_other,codex_pos_exact_hierarchy_review,project_owner_adjudication,approved
pos_indonesia_postcode_search,2026-08-11,32.17.03.2004,PASIRLANGU,40751,https://kodepos.posindonesia.co.id/CariKodepos,"Exact village, district, city, and province match on Pos Indonesia.",accept_other,codex_pos_exact_hierarchy_review,project_owner_adjudication,approved
pos_indonesia_postcode_search,2026-08-11,32.17.03.2005,CIPADA,40751,https://kodepos.posindonesia.co.id/CariKodepos,"Exact village, district, city, and province match on Pos Indonesia.",accept_other,codex_pos_exact_hierarchy_review,project_owner_adjudication,approved
pos_indonesia_postcode_search,2026-08-11,32.17.03.2006,KERTAWANGI,40751,https://kodepos.posindonesia.co.id/CariKodepos,"Exact village, district, city, and province match on Pos Indonesia.",accept_other,codex_pos_exact_hierarchy_review,project_owner_adjudication,approved
pos_indonesia_postcode_search,2026-08-11,32.17.03.2007,TUGUMUKTI,40751,https://kodepos.posindonesia.co.id/CariKodepos,"Exact village, district, city, and province match on Pos Indonesia.",accept_other,codex_pos_exact_hierarchy_review,project_owner_adjudication,approved
pos_indonesia_postcode_search,2026-08-11,32.17.03.2008,SADANGMEKAR,40751,https://kodepos.posindonesia.co.id/CariKodepos,"Exact village, district, city, and province match on Pos Indonesia.",accept_other,codex_pos_exact_hierarchy_review,project_owner_adjudication,approved
pos_indonesia_postcode_search,2026-08-11,32.17.04.2001,CIPTAGUMATI,40756,https://kodepos.posindonesia.co.id/CariKodepos,"Exact village, district, city, and province match on Pos Indonesia.",accept_other,codex_pos_exact_hierarchy_review,project_owner_adjudication,approved
pos_indonesia_postcode_search,2026-08-11,32.17.04.2002,CIKALONG,40756,https://kodepos.posindonesia.co.id/CariKodepos,"Exact village, district, city, and province match on Pos Indonesia.",accept_other,codex_pos_exact_hierarchy_review,project_owner_adjudication,approved
pos_indonesia_postcode_search,2026-08-11,32.17.04.2003,CIPADA,40756,https://kodepos.posindonesia.co.id/CariKodepos,"Exact village, district, city, and province match on Pos Indonesia.",accept_other,codex_pos_exact_hierarchy_review,project_owner_adjudication,approved
pos_indonesia_postcode_search,2026-08-11,32.17.04.2004,CISOMANGBARAT,40756,https://kodepos.posindonesia.co.id/CariKodepos,"Exact village, district, city, and province match on Pos Indonesia.",accept_other,codex_pos_exact_hierarchy_review,project_owner_adjudication,approved
pos_indonesia_postcode_search,2026-08-11,32.17.04.2005,GANJARSARI,40756,https://kodepos.posindonesia.co.id/CariKodepos,"Exact village, district, city, and province match on Pos Indonesia.",accept_other,codex_pos_exact_hierarchy_review,project_owner_adjudication,approved
pos_indonesia_postcode_search,2026-08-11,32.17.04.2006,KANANGASARI,40756,https://kodepos.posindonesia.co.id/CariKodepos,"Exact village, district, city, and province match on Pos Indonesia.",accept_other,codex_pos_exact_hierarchy_review,project_owner_adjudication,approved
pos_indonesia_postcode_search,2026-08-11,32.17.04.2007,MANDALASARI,40756,https://kodepos.posindonesia.co.id/CariKodepos,"Exact village, district, city, and province match on Pos Indonesia.",accept_other,codex_pos_exact_hierarchy_review,project_owner_adjudication,approved
pos_indonesia_postcode_search,2026-08-11,32.17.04.2008,MANDALAMUKTI,40756,https://kodepos.posindonesia.co.id/CariKodepos,"Exact village, district, city, and province match on Pos Indonesia.",accept_other,codex_pos_exact_hierarchy_review,project_owner_adjudication,approved
pos_indonesia_postcode_search,2026-08-11,32.17.04.2009,MEKARJAYA,40756,https://kodepos.posindonesia.co.id/CariKodepos,"Exact village, district, city, and province match on Pos Indonesia.",accept_other,codex_pos_exact_hierarchy_review,project_owner_adjudication,approved
pos_indonesia_postcode_search,2026-08-11,32.17.04.2010,PUTERAN,40756,https://kodepos.posindonesia.co.id/CariKodepos,"Exact village, district, city, and province match on Pos Indonesia.",accept_other,codex_pos_exact_hierarchy_review,project_owner_adjudication,approved
pos_indonesia_postcode_search,2026-08-11,32.17.04.2011,RENDE,40756,https://kodepos.posindonesia.co.id/CariKodepos,"Exact village, district, city, and province match on Pos Indonesia.",accept_other,codex_pos_exact_hierarchy_review,project_owner_adjudication,approved
pos_indonesia_postcode_search,2026-08-11,32.17.04.2012,TENJOLAUT,40756,https://kodepos.posindonesia.co.id/CariKodepos,"Exact village, district, city, and province match on Pos Indonesia.",accept_other,codex_pos_exact_hierarchy_review,project_owner_adjudication,approved
pos_indonesia_postcode_search,2026-08-11,32.17.04.2013,WANGUNJAYA,40756,https://kodepos.posindonesia.co.id/CariKodepos,"Exact village, district, city, and province match on Pos Indonesia.",accept_other,codex_pos_exact_hierarchy_review,project_owner_adjudication,approved
pos_indonesia_postcode_search,2026-08-11,32.17.05.2002,CIHARASHAS,40758,https://kodepos.posindonesia.co.id/CariKodepos,"Exact village, district, city, and province match on Pos Indonesia.",accept_other,codex_pos_exact_hierarchy_review,project_owner_adjudication,approved
pos_indonesia_postcode_search,2026-08-11,32.17.05.2003,BOJONGMEKAR,40758,https://kodepos.posindonesia.co.id/CariKodepos,"Exact village, district, city, and province match on Pos Indonesia.",accept_other,codex_pos_exact_hierarchy_review,project_owner_adjudication,approved
pos_indonesia_postcode_search,2026-08-11,32.17.05.2004,CIROYOM,40758,https://kodepos.posindonesia.co.id/CariKodepos,"Exact village, district, city, and province match on Pos Indonesia.",accept_other,codex_pos_exact_hierarchy_review,project_owner_adjudication,approved
pos_indonesia_postcode_search,2026-08-11,32.17.05.2005,JATIMEKAR,40758,https://kodepos.posindonesia.co.id/CariKodepos,"Exact village, district, city, and province match on Pos Indonesia.",accept_other,codex_pos_exact_hierarchy_review,project_owner_adjudication,approved
pos_indonesia_postcode_search,2026-08-11,32.17.05.2006,MARGALAKSANA,40758,https://kodepos.posindonesia.co.id/CariKodepos,"Exact village, district, city, and province match on Pos Indonesia.",accept_other,codex_pos_exact_hierarchy_review,project_owner_adjudication,approved
pos_indonesia_postcode_search,2026-08-11,32.17.05.2007,MARGALUYU,40758,https://kodepos.posindonesia.co.id/CariKodepos,"Exact village, district, city, and province match on Pos Indonesia.",accept_other,codex_pos_exact_hierarchy_review,project_owner_adjudication,approved
pos_indonesia_postcode_search,2026-08-11,32.17.05.2008,NANGGELENG,40758,https://kodepos.posindonesia.co.id/CariKodepos,"Exact village, district, city, and province match on Pos Indonesia.",accept_other,codex_pos_exact_hierarchy_review,project_owner_adjudication,approved
pos_indonesia_postcode_search,2026-08-11,32.17.05.2009,NYENANG,40758,https://kodepos.posindonesia.co.id/CariKodepos,"Exact village, district, city, and province match on Pos Indonesia.",accept_other,codex_pos_exact_hierarchy_review,project_owner_adjudication,approved
pos_indonesia_postcode_search,2026-08-11,32.17.05.2010,SIRNARAJA,40758,https://kodepos.posindonesia.co.id/CariKodepos,"Exact village, district, city, and province match on Pos Indonesia.",accept_other,codex_pos_exact_hierarchy_review,project_owner_adjudication,approved
pos_indonesia_postcode_search,2026-08-11,32.17.05.2011,SIRNAGALIH,40758,https://kodepos.posindonesia.co.id/CariKodepos,"Exact village, district, city, and province match on Pos Indonesia.",accept_other,codex_pos_exact_hierarchy_review,project_owner_adjudication,approved
pos_indonesia_postcode_search,2026-08-11,32.17.05.2012,SUKAHAJI,40758,https://kodepos.posindonesia.co.id/CariKodepos,"Exact village, district, city, and province match on Pos Indonesia.",accept_other,codex_pos_exact_hierarchy_review,project_owner_adjudication,approved
pos_indonesia_postcode_search,2026-08-11,32.17.06.2001,NGAMPRAH,40721,https://kodepos.posindonesia.co.id/CariKodepos,"Exact village, district, city, and province match on Pos Indonesia.",accept_other,codex_pos_exact_hierarchy_review,project_owner_adjudication,approved
pos_indonesia_postcode_search,2026-08-11,32.17.06.2002,CIMAREME,40722,https://kodepos.posindonesia.co.id/CariKodepos,"Exact village, district, city, and province match on Pos Indonesia.",accept_other,codex_pos_exact_hierarchy_review,project_owner_adjudication,approved
pos_indonesia_postcode_search,2026-08-11,32.17.06.2003,CILAME,40721,https://kodepos.posindonesia.co.id/CariKodepos,"Exact village, district, city, and province match on Pos Indonesia.",accept_other,codex_pos_exact_hierarchy_review,project_owner_adjudication,approved
pos_indonesia_postcode_search,2026-08-11,32.17.06.2004,TANIMULYA,40723,https://kodepos.posindonesia.co.id/CariKodepos,"Exact village, district, city, and province match on Pos Indonesia.",accept_other,codex_pos_exact_hierarchy_review,project_owner_adjudication,approved
pos_indonesia_postcode_search,2026-08-11,32.17.06.2005,CIMANGGU,40724,https://kodepos.posindonesia.co.id/CariKodepos,"Exact village, district, city, and province match on Pos Indonesia.",accept_other,codex_pos_exact_hierarchy_review,project_owner_adjudication,approved
pos_indonesia_postcode_search,2026-08-11,32.17.06.2006,BOJONGKONENG,40727,https://kodepos.posindonesia.co.id/CariKodepos,"Exact village, district, city, and province match on Pos Indonesia.",accept_other,codex_pos_exact_hierarchy_review,project_owner_adjudication,approved
pos_indonesia_postcode_search,2026-08-11,32.17.06.2007,MARGAJAYA,40725,https://kodepos.posindonesia.co.id/CariKodepos,"Exact village, district, city, and province match on Pos Indonesia.",accept_other,codex_pos_exact_hierarchy_review,project_owner_adjudication,approved
pos_indonesia_postcode_search,2026-08-11,32.17.06.2008,MEKARSARI,40726,https://kodepos.posindonesia.co.id/CariKodepos,"Exact village, district, city, and province match on Pos Indonesia.",accept_other,codex_pos_exact_hierarchy_review,project_owner_adjudication,approved
pos_indonesia_postcode_search,2026-08-11,32.17.06.2009,GADOBANGKONG,40722,https://kodepos.posindonesia.co.id/CariKodepos,"Exact village, district, city, and province match on Pos Indonesia.",accept_other,codex_pos_exact_hierarchy_review,project_owner_adjudication,approved
pos_indonesia_postcode_search,2026-08-11,32.17.06.2010,SUKATANI,40725,https://kodepos.posindonesia.co.id/CariKodepos,"Exact village, district, city, and province match on Pos Indonesia.",accept_other,codex_pos_exact_hierarchy_review,project_owner_adjudication,approved
pos_indonesia_postcode_search,2026-08-11,32.17.06.2011,PAKUHAJI,40723,https://kodepos.posindonesia.co.id/CariKodepos,"Exact village, district, city, and province match on Pos Indonesia.",accept_other,codex_pos_exact_hierarchy_review,project_owner_adjudication,approved
pos_indonesia_postcode_search,2026-08-11,32.17.07.2001,CIPTAHARJA,40754,https://kodepos.posindonesia.co.id/CariKodepos,"Exact village, district, city, and province match on Pos Indonesia.",accept_other,codex_pos_exact_hierarchy_review,project_owner_adjudication,approved
pos_indonesia_postcode_search,2026-08-11,32.17.07.2002,CIPATAT,40754,https://kodepos.posindonesia.co.id/CariKodepos,"Exact village, district, city, and province match on Pos Indonesia.",accept_other,codex_pos_exact_hierarchy_review,project_owner_adjudication,approved
pos_indonesia_postcode_search,2026-08-11,32.17.07.2003,CITATAH,40754,https://kodepos.posindonesia.co.id/CariKodepos,"Exact village, district, city, and province match on Pos Indonesia.",accept_other,codex_pos_exact_hierarchy_review,project_owner_adjudication,approved
pos_indonesia_postcode_search,2026-08-11,32.17.07.2004,RAJAMANDALAKULON,40754,https://kodepos.posindonesia.co.id/CariKodepos,"Exact village, district, city, and province match on Pos Indonesia.",accept_other,codex_pos_exact_hierarchy_review,project_owner_adjudication,approved
pos_indonesia_postcode_search,2026-08-11,32.17.07.2005,MANDALAWANGI,40754,https://kodepos.posindonesia.co.id/CariKodepos,"Exact village, district, city, and province match on Pos Indonesia.",accept_other,codex_pos_exact_hierarchy_review,project_owner_adjudication,approved
pos_indonesia_postcode_search,2026-08-11,32.17.07.2006,KERTAMUKTI,40754,https://kodepos.posindonesia.co.id/CariKodepos,"Exact village, district, city, and province match on Pos Indonesia.",accept_other,codex_pos_exact_hierarchy_review,project_owner_adjudication,approved
pos_indonesia_postcode_search,2026-08-11,32.17.07.2007,NYALINDUNG,40754,https://kodepos.posindonesia.co.id/CariKodepos,"Exact village, district, city, and province match on Pos Indonesia.",accept_other,codex_pos_exact_hierarchy_review,project_owner_adjudication,approved
pos_indonesia_postcode_search,2026-08-11,32.17.07.2008,GUNUNGMASIGIT,40754,https://kodepos.posindonesia.co.id/CariKodepos,"Exact village, district, city, and province match on Pos Indonesia.",accept_other,codex_pos_exact_hierarchy_review,project_owner_adjudication,approved
pos_indonesia_postcode_search,2026-08-11,32.17.07.2009,CIRAWAMEKAR,40754,https://kodepos.posindonesia.co.id/CariKodepos,"Exact village, district, city, and province match on Pos Indonesia.",accept_other,codex_pos_exact_hierarchy_review,project_owner_adjudication,approved
pos_indonesia_postcode_search,2026-08-11,32.17.07.2010,MANDALASARI,40754,https://kodepos.posindonesia.co.id/CariKodepos,"Exact village, district, city, and province match on Pos Indonesia.",accept_other,codex_pos_exact_hierarchy_review,project_owner_adjudication,approved
pos_indonesia_postcode_search,2026-08-11,32.17.07.2011,SUMURBANDUNG,40754,https://kodepos.posindonesia.co.id/CariKodepos,"Exact village, district, city, and province match on Pos Indonesia.",accept_other,codex_pos_exact_hierarchy_review,project_owner_adjudication,approved
pos_indonesia_postcode_search,2026-08-11,32.17.07.2012,SARIMUKTI,40754,https://kodepos.posindonesia.co.id/CariKodepos,"Exact village, district, city, and province match on Pos Indonesia.",accept_other,codex_pos_exact_hierarchy_review,project_owner_adjudication,approved
pos_indonesia_postcode_search,2026-08-11,32.17.08.2001,KERTAMULYA,40716,https://kodepos.posindonesia.co.id/CariKodepos,"Exact village, district, city, and province match on Pos Indonesia.",accept_other,codex_pos_exact_hierarchy_review,project_owner_adjudication,approved
pos_indonesia_postcode_search,2026-08-11,32.17.08.2002,PADALARANG,40711,https://kodepos.posindonesia.co.id/CariKodepos,"Exact village, district, city, and province match on Pos Indonesia.",accept_other,codex_pos_exact_hierarchy_review,project_owner_adjudication,approved
pos_indonesia_postcode_search,2026-08-11,32.17.08.2003,CIMERANG,40714,https://kodepos.posindonesia.co.id/CariKodepos,"Exact village, district, city, and province match on Pos Indonesia.",accept_other,codex_pos_exact_hierarchy_review,project_owner_adjudication,approved
pos_indonesia_postcode_search,2026-08-11,32.17.08.2004,CAMPAKA MEKAR,40718,https://kodepos.posindonesia.co.id/CariKodepos,"Exact village, district, city, and province match on Pos Indonesia.",accept_other,codex_pos_exact_hierarchy_review,project_owner_adjudication,approved
pos_indonesia_postcode_search,2026-08-11,32.17.08.2005,TAGOGAPU,40717,https://kodepos.posindonesia.co.id/CariKodepos,"Exact village, district, city, and province match on Pos Indonesia.",accept_other,codex_pos_exact_hierarchy_review,project_owner_adjudication,approved
pos_indonesia_postcode_search,2026-08-11,32.17.08.2006,CIBURUY,40719,https://kodepos.posindonesia.co.id/CariKodepos,"Exact village, district, city, and province match on Pos Indonesia.",accept_other,codex_pos_exact_hierarchy_review,project_owner_adjudication,approved
pos_indonesia_postcode_search,2026-08-11,32.17.08.2007,KERTAJAYA,40713,https://kodepos.posindonesia.co.id/CariKodepos,"Exact village, district, city, and province match on Pos Indonesia.",accept_other,codex_pos_exact_hierarchy_review,project_owner_adjudication,approved
pos_indonesia_postcode_search,2026-08-11,32.17.08.2008,CIPEUNDEUY,40714,https://kodepos.posindonesia.co.id/CariKodepos,"Exact village, district, city, and province match on Pos Indonesia.",accept_other,codex_pos_exact_hierarchy_review,project_owner_adjudication,approved
pos_indonesia_postcode_search,2026-08-11,32.17.08.2009,JAYAMEKAR,40712,https://kodepos.posindonesia.co.id/CariKodepos,"Exact village, district, city, and province match on Pos Indonesia.",accept_other,codex_pos_exact_hierarchy_review,project_owner_adjudication,approved
pos_indonesia_postcode_search,2026-08-11,32.17.08.2010,LAKSANAMEKAR,40715,https://kodepos.posindonesia.co.id/CariKodepos,"Exact village, district, city, and province match on Pos Indonesia.",accept_other,codex_pos_exact_hierarchy_review,project_owner_adjudication,approved
pos_indonesia_postcode_search,2026-08-11,32.17.09.2001,BATUJAJAR TIMUR,40761,https://kodepos.posindonesia.co.id/CariKodepos,"Exact village, district, city, and province match on Pos Indonesia.",accept_other,codex_pos_exact_hierarchy_review,project_owner_adjudication,approved
pos_indonesia_postcode_search,2026-08-11,32.17.09.2002,BATUJAJAR BARAT,40761,https://kodepos.posindonesia.co.id/CariKodepos,"Exact village, district, city, and province match on Pos Indonesia.",accept_other,codex_pos_exact_hierarchy_review,project_owner_adjudication,approved
pos_indonesia_postcode_search,2026-08-11,32.17.09.2004,GALANGGANG,40761,https://kodepos.posindonesia.co.id/CariKodepos,"Exact village, district, city, and province match on Pos Indonesia.",accept_other,codex_pos_exact_hierarchy_review,project_owner_adjudication,approved
pos_indonesia_postcode_search,2026-08-11,32.17.09.2005,CANGKORAH,40761,https://kodepos.posindonesia.co.id/CariKodepos,"Exact village, district, city, and province match on Pos Indonesia.",accept_other,codex_pos_exact_hierarchy_review,project_owner_adjudication,approved
pos_indonesia_postcode_search,2026-08-11,32.17.09.2007,SELACAU,40761,https://kodepos.posindonesia.co.id/CariKodepos,"Exact village, district, city, and province match on Pos Indonesia.",accept_other,codex_pos_exact_hierarchy_review,project_owner_adjudication,approved
pos_indonesia_postcode_search,2026-08-11,32.17.09.2008,PANGAUBAN,40761,https://kodepos.posindonesia.co.id/CariKodepos,"Exact village, district, city, and province match on Pos Indonesia.",accept_other,codex_pos_exact_hierarchy_review,project_owner_adjudication,approved
pos_indonesia_postcode_search,2026-08-11,32.17.09.2010,GIRIASIH,40761,https://kodepos.posindonesia.co.id/CariKodepos,"Exact village, district, city, and province match on Pos Indonesia.",accept_other,codex_pos_exact_hierarchy_review,project_owner_adjudication,approved
pos_indonesia_postcode_search,2026-08-11,32.17.10.2001,CIPATIK,40767,https://kodepos.posindonesia.co.id/CariKodepos,"Exact village, district, city, and province match on Pos Indonesia.",accept_other,codex_pos_exact_hierarchy_review,project_owner_adjudication,approved
pos_indonesia_postcode_search,2026-08-11,32.17.10.2002,CITAPEN,40767,https://kodepos.posindonesia.co.id/CariKodepos,"Exact village, district, city, and province match on Pos Indonesia.",accept_other,codex_pos_exact_hierarchy_review,project_owner_adjudication,approved
pos_indonesia_postcode_search,2026-08-11,32.17.10.2003,CIHAMPELAS,40767,https://kodepos.posindonesia.co.id/CariKodepos,"Exact village, district, city, and province match on Pos Indonesia.",accept_other,codex_pos_exact_hierarchy_review,project_owner_adjudication,approved
pos_indonesia_postcode_search,2026-08-11,32.17.10.2004,MEKARJAYA,40767,https://kodepos.posindonesia.co.id/CariKodepos,"Exact village, district, city, and province match on Pos Indonesia.",accept_other,codex_pos_exact_hierarchy_review,project_owner_adjudication,approved
pos_indonesia_postcode_search,2026-08-11,32.17.10.2005,MEKARMUKTI,40767,https://kodepos.posindonesia.co.id/CariKodepos,"Exact village, district, city, and province match on Pos Indonesia.",accept_other,codex_pos_exact_hierarchy_review,project_owner_adjudication,approved
pos_indonesia_postcode_search,2026-08-11,32.17.10.2006,PATARUMAN,40767,https://kodepos.posindonesia.co.id/CariKodepos,"Exact village, district, city, and province match on Pos Indonesia.",accept_other,codex_pos_exact_hierarchy_review,project_owner_adjudication,approved
pos_indonesia_postcode_search,2026-08-11,32.17.10.2007,SITUWANGI,40767,https://kodepos.posindonesia.co.id/CariKodepos,"Exact village, district, city, and province match on Pos Indonesia.",accept_other,codex_pos_exact_hierarchy_review,project_owner_adjudication,approved
pos_indonesia_postcode_search,2026-08-11,32.17.10.2008,SINGAJAYA,40767,https://kodepos.posindonesia.co.id/CariKodepos,"Exact village, district, city, and province match on Pos Indonesia.",accept_other,codex_pos_exact_hierarchy_review,project_owner_adjudication,approved
pos_indonesia_postcode_search,2026-08-11,32.17.10.2009,TANJUNGWANGI,40767,https://kodepos.posindonesia.co.id/CariKodepos,"Exact village, district, city, and province match on Pos Indonesia.",accept_other,codex_pos_exact_hierarchy_review,project_owner_adjudication,approved
pos_indonesia_postcode_search,2026-08-11,32.17.10.2010,TANJUNGJAYA,40767,https://kodepos.posindonesia.co.id/CariKodepos,"Exact village, district, city, and province match on Pos Indonesia.",accept_other,codex_pos_exact_hierarchy_review,project_owner_adjudication,approved
pos_indonesia_postcode_search,2026-08-11,32.17.12.2001,SARINAGEN,40764,https://kodepos.posindonesia.co.id/CariKodepos,"Exact village, district, city, and province match on Pos Indonesia.",accept_other,codex_pos_exact_hierarchy_review,project_owner_adjudication,approved
pos_indonesia_postcode_search,2026-08-11,32.17.12.2002,BARANANGSIANG,40764,https://kodepos.posindonesia.co.id/CariKodepos,"Exact village, district, city, and province match on Pos Indonesia.",accept_other,codex_pos_exact_hierarchy_review,project_owner_adjudication,approved
pos_indonesia_postcode_search,2026-08-11,32.17.12.2003,CITALEM,40764,https://kodepos.posindonesia.co.id/CariKodepos,"Exact village, district, city, and province match on Pos Indonesia.",accept_other,codex_pos_exact_hierarchy_review,project_owner_adjudication,approved
pos_indonesia_postcode_search,2026-08-11,32.17.12.2004,CIJENUK,40764,https://kodepos.posindonesia.co.id/CariKodepos,"Exact village, district, city, and province match on Pos Indonesia.",accept_other,codex_pos_exact_hierarchy_review,project_owner_adjudication,approved
pos_indonesia_postcode_search,2026-08-11,32.17.12.2005,CIJAMBU,40764,https://kodepos.posindonesia.co.id/CariKodepos,"Exact village, district, city, and province match on Pos Indonesia.",accept_other,codex_pos_exact_hierarchy_review,project_owner_adjudication,approved
pos_indonesia_postcode_search,2026-08-11,32.17.12.2006,CIBENDA,40764,https://kodepos.posindonesia.co.id/CariKodepos,"Exact village, district, city, and province match on Pos Indonesia.",accept_other,codex_pos_exact_hierarchy_review,project_owner_adjudication,approved
pos_indonesia_postcode_search,2026-08-11,32.17.12.2007,CINTAASIH,40764,https://kodepos.posindonesia.co.id/CariKodepos,"Exact village, district, city, and province match on Pos Indonesia.",accept_other,codex_pos_exact_hierarchy_review,project_owner_adjudication,approved
pos_indonesia_postcode_search,2026-08-11,32.17.12.2008,CICANGKANGHILIR,40764,https://kodepos.posindonesia.co.id/CariKodepos,"Exact village, district, city, and province match on Pos Indonesia.",accept_other,codex_pos_exact_hierarchy_review,project_owner_adjudication,approved
pos_indonesia_postcode_search,2026-08-11,32.17.12.2009,GIRIMUKTI,40764,https://kodepos.posindonesia.co.id/CariKodepos,"Exact village, district, city, and province match on Pos Indonesia.",accept_other,codex_pos_exact_hierarchy_review,project_owner_adjudication,approved
pos_indonesia_postcode_search,2026-08-11,32.17.12.2010,KARANGSARI,40764,https://kodepos.posindonesia.co.id/CariKodepos,"Exact village, district, city, and province match on Pos Indonesia.",accept_other,codex_pos_exact_hierarchy_review,project_owner_adjudication,approved
pos_indonesia_postcode_search,2026-08-11,32.17.12.2011,MEKARSARI,40764,https://kodepos.posindonesia.co.id/CariKodepos,"Exact village, district, city, and province match on Pos Indonesia.",accept_other,codex_pos_exact_hierarchy_review,project_owner_adjudication,approved
pos_indonesia_postcode_search,2026-08-11,32.17.12.2012,NEGLASARI,40764,https://kodepos.posindonesia.co.id/CariKodepos,"Exact village, district, city, and province match on Pos Indonesia.",accept_other,codex_pos_exact_hierarchy_review,project_owner_adjudication,approved
pos_indonesia_postcode_search,2026-08-11,32.17.12.2013,SIRNAGALIH,40764,https://kodepos.posindonesia.co.id/CariKodepos,"Exact village, district, city, and province match on Pos Indonesia.",accept_other,codex_pos_exact_hierarchy_review,project_owner_adjudication,approved
pos_indonesia_postcode_search,2026-08-11,32.17.12.2014,SUKAMULYA,40764,https://kodepos.posindonesia.co.id/CariKodepos,"Exact village, district, city, and province match on Pos Indonesia.",accept_other,codex_pos_exact_hierarchy_review,project_owner_adjudication,approved
pos_indonesia_postcode_search,2026-08-11,32.17.13.2001,CIBEDUG,40766,https://kodepos.posindonesia.co.id/CariKodepos,"Exact village, district, city, and province match on Pos Indonesia.",accept_other,codex_pos_exact_hierarchy_review,project_owner_adjudication,approved
pos_indonesia_postcode_search,2026-08-11,32.17.13.2002,BOJONG,40766,https://kodepos.posindonesia.co.id/CariKodepos,"Exact village, district, city, and province match on Pos Indonesia.",accept_other,codex_pos_exact_hierarchy_review,project_owner_adjudication,approved
pos_indonesia_postcode_search,2026-08-11,32.17.13.2003,BOJONGSALAM,40766,https://kodepos.posindonesia.co.id/CariKodepos,"Exact village, district, city, and province match on Pos Indonesia.",accept_other,codex_pos_exact_hierarchy_review,project_owner_adjudication,approved
pos_indonesia_postcode_search,2026-08-11,32.17.13.2004,CIBITUNG,40766,https://kodepos.posindonesia.co.id/CariKodepos,"Exact village, district, city, and province match on Pos Indonesia.",accept_other,codex_pos_exact_hierarchy_review,project_owner_adjudication,approved
pos_indonesia_postcode_search,2026-08-11,32.17.13.2005,CICADAS,40766,https://kodepos.posindonesia.co.id/CariKodepos,"Exact village, district, city, and province match on Pos Indonesia.",accept_other,codex_pos_exact_hierarchy_review,project_owner_adjudication,approved
pos_indonesia_postcode_search,2026-08-11,32.17.13.2006,CINENGAH,40766,https://kodepos.posindonesia.co.id/CariKodepos,"Exact village, district, city, and province match on Pos Indonesia.",accept_other,codex_pos_exact_hierarchy_review,project_owner_adjudication,approved
pos_indonesia_postcode_search,2026-08-11,32.17.13.2007,SUKAMANAH,40766,https://kodepos.posindonesia.co.id/CariKodepos,"Exact village, district, city, and province match on Pos Indonesia.",accept_other,codex_pos_exact_hierarchy_review,project_owner_adjudication,approved
pos_indonesia_postcode_search,2026-08-11,32.17.13.2008,SUKARESMI,40766,https://kodepos.posindonesia.co.id/CariKodepos,"Exact village, district, city, and province match on Pos Indonesia.",accept_other,codex_pos_exact_hierarchy_review,project_owner_adjudication,approved
pos_indonesia_postcode_search,2026-08-11,32.17.14.2001,CINTAKARYA,40763,https://kodepos.posindonesia.co.id/CariKodepos,"Exact village, district, city, and province match on Pos Indonesia.",accept_other,codex_pos_exact_hierarchy_review,project_owner_adjudication,approved
pos_indonesia_postcode_search,2026-08-11,32.17.14.2002,SINDANGKERTA,40763,https://kodepos.posindonesia.co.id/CariKodepos,"Exact village, district, city, and province match on Pos Indonesia.",accept_other,codex_pos_exact_hierarchy_review,project_owner_adjudication,approved
pos_indonesia_postcode_search,2026-08-11,32.17.14.2003,BUNINAGARA,40763,https://kodepos.posindonesia.co.id/CariKodepos,"Exact village, district, city, and province match on Pos Indonesia.",accept_other,codex_pos_exact_hierarchy_review,project_owner_adjudication,approved
pos_indonesia_postcode_search,2026-08-11,32.17.14.2004,CIKADU,40763,https://kodepos.posindonesia.co.id/CariKodepos,"Exact village, district, city, and province match on Pos Indonesia.",accept_other,codex_pos_exact_hierarchy_review,project_owner_adjudication,approved
pos_indonesia_postcode_search,2026-08-11,32.17.14.2005,CICANGKANGGIRANG,40763,https://kodepos.posindonesia.co.id/CariKodepos,"Exact village, district, city, and province match on Pos Indonesia.",accept_other,codex_pos_exact_hierarchy_review,project_owner_adjudication,approved
pos_indonesia_postcode_search,2026-08-11,32.17.14.2006,MEKARWANGI,40763,https://kodepos.posindonesia.co.id/CariKodepos,"Exact village, district, city, and province match on Pos Indonesia.",accept_other,codex_pos_exact_hierarchy_review,project_owner_adjudication,approved
pos_indonesia_postcode_search,2026-08-11,32.17.14.2007,PASIRPOGOR,40763,https://kodepos.posindonesia.co.id/CariKodepos,"Exact village, district, city, and province match on Pos Indonesia.",accept_other,codex_pos_exact_hierarchy_review,project_owner_adjudication,approved
pos_indonesia_postcode_search,2026-08-11,32.17.14.2008,PUNCAKSARI,40763,https://kodepos.posindonesia.co.id/CariKodepos,"Exact village, district, city, and province match on Pos Indonesia.",accept_other,codex_pos_exact_hierarchy_review,project_owner_adjudication,approved
pos_indonesia_postcode_search,2026-08-11,32.17.14.2009,RANCASENGGANG,40763,https://kodepos.posindonesia.co.id/CariKodepos,"Exact village, district, city, and province match on Pos Indonesia.",accept_other,codex_pos_exact_hierarchy_review,project_owner_adjudication,approved
pos_indonesia_postcode_search,2026-08-11,32.17.14.2010,WENINGGALIH,40763,https://kodepos.posindonesia.co.id/CariKodepos,"Exact village, district, city, and province match on Pos Indonesia.",accept_other,codex_pos_exact_hierarchy_review,project_owner_adjudication,approved
pos_indonesia_postcode_search,2026-08-11,32.17.14.2011,WANGUNSARI,40763,https://kodepos.posindonesia.co.id/CariKodepos,"Exact village, district, city, and province match on Pos Indonesia.",accept_other,codex_pos_exact_hierarchy_review,project_owner_adjudication,approved
pos_indonesia_postcode_search,2026-08-11,32.17.15.2001,SIRNAJAYA,40765,https://kodepos.posindonesia.co.id/CariKodepos,"Exact village, district, city, and province match on Pos Indonesia.",accept_other,codex_pos_exact_hierarchy_review,project_owner_adjudication,approved
pos_indonesia_postcode_search,2026-08-11,32.17.15.2002,GUNUNGHALU,40765,https://kodepos.posindonesia.co.id/CariKodepos,"Exact village, district, city, and province match on Pos Indonesia.",accept_other,codex_pos_exact_hierarchy_review,project_owner_adjudication,approved
pos_indonesia_postcode_search,2026-08-11,32.17.15.2003,BUNIJAYA,40765,https://kodepos.posindonesia.co.id/CariKodepos,"Exact village, district, city, and province match on Pos Indonesia.",accept_other,codex_pos_exact_hierarchy_review,project_owner_adjudication,approved
pos_indonesia_postcode_search,2026-08-11,32.17.15.2004,CELAK,40765,https://kodepos.posindonesia.co.id/CariKodepos,"Exact village, district, city, and province match on Pos Indonesia.",accept_other,codex_pos_exact_hierarchy_review,project_owner_adjudication,approved
pos_indonesia_postcode_search,2026-08-11,32.17.15.2005,CILANGARI,40765,https://kodepos.posindonesia.co.id/CariKodepos,"Exact village, district, city, and province match on Pos Indonesia.",accept_other,codex_pos_exact_hierarchy_review,project_owner_adjudication,approved
pos_indonesia_postcode_search,2026-08-11,32.17.15.2006,SINDANGJAYA,40765,https://kodepos.posindonesia.co.id/CariKodepos,"Exact village, district, city, and province match on Pos Indonesia.",accept_other,codex_pos_exact_hierarchy_review,project_owner_adjudication,approved
pos_indonesia_postcode_search,2026-08-11,32.17.15.2007,SUKASARI,40765,https://kodepos.posindonesia.co.id/CariKodepos,"Exact village, district, city, and province match on Pos Indonesia.",accept_other,codex_pos_exact_hierarchy_review,project_owner_adjudication,approved
pos_indonesia_postcode_search,2026-08-11,32.17.15.2008,TAMANJAYA,40765,https://kodepos.posindonesia.co.id/CariKodepos,"Exact village, district, city, and province match on Pos Indonesia.",accept_other,codex_pos_exact_hierarchy_review,project_owner_adjudication,approved
pos_indonesia_postcode_search,2026-08-11,32.17.15.2009,WARGASALUYU,40765,https://kodepos.posindonesia.co.id/CariKodepos,"Exact village, district, city, and province match on Pos Indonesia.",accept_other,codex_pos_exact_hierarchy_review,project_owner_adjudication,approved
pos_indonesia_postcode_search,2026-08-11,32.18.01.2001,PARIGI,46511,https://kodepos.posindonesia.co.id/CariKodepos,"Exact village, district, city, and province match on Pos Indonesia.",accept_other,codex_pos_exact_hierarchy_review,project_owner_adjudication,approved
pos_indonesia_postcode_search,2026-08-11,32.18.01.2002,KARANGBENDA,46512,https://kodepos.posindonesia.co.id/CariKodepos,"Exact village, district, city, and province match on Pos Indonesia.",accept_other,codex_pos_exact_hierarchy_review,project_owner_adjudication,approved
pos_indonesia_postcode_search,2026-08-11,32.18.01.2003,CILIANG,46519,https://kodepos.posindonesia.co.id/CariKodepos,"Exact village, district, city, and province match on Pos Indonesia.",accept_other,codex_pos_exact_hierarchy_review,project_owner_adjudication,approved
pos_indonesia_postcode_search,2026-08-11,32.18.01.2004,BOJONG,46519,https://kodepos.posindonesia.co.id/CariKodepos,"Exact village, district, city, and province match on Pos Indonesia.",accept_other,codex_pos_exact_hierarchy_review,project_owner_adjudication,approved
pos_indonesia_postcode_search,2026-08-11,32.18.01.2005,CINTARATU,46519,https://kodepos.posindonesia.co.id/CariKodepos,"Exact village, district, city, and province match on Pos Indonesia.",accept_other,codex_pos_exact_hierarchy_review,project_owner_adjudication,approved
pos_indonesia_postcode_search,2026-08-11,32.18.01.2006,SELASARI,46519,https://kodepos.posindonesia.co.id/CariKodepos,"Exact village, district, city, and province match on Pos Indonesia.",accept_other,codex_pos_exact_hierarchy_review,project_owner_adjudication,approved
pos_indonesia_postcode_search,2026-08-11,32.18.01.2007,KARANGJALADRI,46513,https://kodepos.posindonesia.co.id/CariKodepos,"Exact village, district, city, and province match on Pos Indonesia.",accept_other,codex_pos_exact_hierarchy_review,project_owner_adjudication,approved
pos_indonesia_postcode_search,2026-08-11,32.18.01.2008,CIBENDA,46519,https://kodepos.posindonesia.co.id/CariKodepos,"Exact village, district, city, and province match on Pos Indonesia.",accept_other,codex_pos_exact_hierarchy_review,project_owner_adjudication,approved
pos_indonesia_postcode_search,2026-08-11,32.18.01.2009,CINTAKARYA,46519,https://kodepos.posindonesia.co.id/CariKodepos,"Exact village, district, city, and province match on Pos Indonesia.",accept_other,codex_pos_exact_hierarchy_review,project_owner_adjudication,approved
pos_indonesia_postcode_search,2026-08-11,32.18.01.2010,PARAKANMANGGU,46519,https://kodepos.posindonesia.co.id/CariKodepos,"Exact village, district, city, and province match on Pos Indonesia.",accept_other,codex_pos_exact_hierarchy_review,project_owner_adjudication,approved
pos_indonesia_postcode_search,2026-08-11,32.18.02.2001,BATUKARAS,46594,https://kodepos.posindonesia.co.id/CariKodepos,"Exact village, district, city, and province match on Pos Indonesia.",accept_other,codex_pos_exact_hierarchy_review,project_owner_adjudication,approved
pos_indonesia_postcode_search,2026-08-11,32.18.02.2002,CIAKAR,46594,https://kodepos.posindonesia.co.id/CariKodepos,"Exact village, district, city, and province match on Pos Indonesia.",accept_other,codex_pos_exact_hierarchy_review,project_owner_adjudication,approved
pos_indonesia_postcode_search,2026-08-11,32.18.02.2003,CIBANTEN,46594,https://kodepos.posindonesia.co.id/CariKodepos,"Exact village, district, city, and province match on Pos Indonesia.",accept_other,codex_pos_exact_hierarchy_review,project_owner_adjudication,approved
pos_indonesia_postcode_search,2026-08-11,32.18.02.2004,KERTAYASA,46594,https://kodepos.posindonesia.co.id/CariKodepos,"Exact village, district, city, and province match on Pos Indonesia.",accept_other,codex_pos_exact_hierarchy_review,project_owner_adjudication,approved
pos_indonesia_postcode_search,2026-08-11,32.18.02.2005,CIJULANG,46594,https://kodepos.posindonesia.co.id/CariKodepos,"Exact village, district, city, and province match on Pos Indonesia.",accept_other,codex_pos_exact_hierarchy_review,project_owner_adjudication,approved
pos_indonesia_postcode_search,2026-08-11,32.18.02.2006,KONDANGJAJAR,46594,https://kodepos.posindonesia.co.id/CariKodepos,"Exact village, district, city, and province match on Pos Indonesia.",accept_other,codex_pos_exact_hierarchy_review,project_owner_adjudication,approved
pos_indonesia_postcode_search,2026-08-11,32.18.02.2007,MARGACINTA,46594,https://kodepos.posindonesia.co.id/CariKodepos,"Exact village, district, city, and province match on Pos Indonesia.",accept_other,codex_pos_exact_hierarchy_review,project_owner_adjudication,approved
pos_indonesia_postcode_search,2026-08-11,32.18.03.2001,KERTAHARJA,46595,https://kodepos.posindonesia.co.id/CariKodepos,"Exact village, district, city, and province match on Pos Indonesia.",accept_other,codex_pos_exact_hierarchy_review,project_owner_adjudication,approved
pos_indonesia_postcode_search,2026-08-11,32.18.03.2002,CIPARANTI,46595,https://kodepos.posindonesia.co.id/CariKodepos,"Exact village, district, city, and province match on Pos Indonesia.",accept_other,codex_pos_exact_hierarchy_review,project_owner_adjudication,approved
pos_indonesia_postcode_search,2026-08-11,32.18.03.2003,LEGOKJAWA,46595,https://kodepos.posindonesia.co.id/CariKodepos,"Exact village, district, city, and province match on Pos Indonesia.",accept_other,codex_pos_exact_hierarchy_review,project_owner_adjudication,approved
pos_indonesia_postcode_search,2026-08-11,32.18.03.2004,MASAWAH,46595,https://kodepos.posindonesia.co.id/CariKodepos,"Exact village, district, city, and province match on Pos Indonesia.",accept_other,codex_pos_exact_hierarchy_review,project_owner_adjudication,approved
pos_indonesia_postcode_search,2026-08-11,32.18.03.2005,CIMERAK,46595,https://kodepos.posindonesia.co.id/CariKodepos,"Exact village, district, city, and province match on Pos Indonesia.",accept_other,codex_pos_exact_hierarchy_review,project_owner_adjudication,approved
pos_indonesia_postcode_search,2026-08-11,32.18.03.2006,SUKAJAYA,46595,https://kodepos.posindonesia.co.id/CariKodepos,"Exact village, district, city, and province match on Pos Indonesia.",accept_other,codex_pos_exact_hierarchy_review,project_owner_adjudication,approved
pos_indonesia_postcode_search,2026-08-11,32.18.03.2007,KERTAMUKTI,46595,https://kodepos.posindonesia.co.id/CariKodepos,"Exact village, district, city, and province match on Pos Indonesia.",accept_other,codex_pos_exact_hierarchy_review,project_owner_adjudication,approved
pos_indonesia_postcode_search,2026-08-11,32.18.03.2008,SINDANGSARI,46595,https://kodepos.posindonesia.co.id/CariKodepos,"Exact village, district, city, and province match on Pos Indonesia.",accept_other,codex_pos_exact_hierarchy_review,project_owner_adjudication,approved
pos_indonesia_postcode_search,2026-08-11,32.18.03.2009,BATUMALANG,46595,https://kodepos.posindonesia.co.id/CariKodepos,"Exact village, district, city, and province match on Pos Indonesia.",accept_other,codex_pos_exact_hierarchy_review,project_owner_adjudication,approved
pos_indonesia_postcode_search,2026-08-11,32.18.03.2010,MEKARSARI,46595,https://kodepos.posindonesia.co.id/CariKodepos,"Exact village, district, city, and province match on Pos Indonesia.",accept_other,codex_pos_exact_hierarchy_review,project_owner_adjudication,approved
pos_indonesia_postcode_search,2026-08-11,32.18.03.2011,LIMUSGEDE,46595,https://kodepos.posindonesia.co.id/CariKodepos,"Exact village, district, city, and province match on Pos Indonesia.",accept_other,codex_pos_exact_hierarchy_review,project_owner_adjudication,approved
pos_indonesia_postcode_search,2026-08-11,32.18.04.2001,CIGUGUR,46592,https://kodepos.posindonesia.co.id/CariKodepos,"Exact village, district, city, and province match on Pos Indonesia.",accept_other,codex_pos_exact_hierarchy_review,project_owner_adjudication,approved
pos_indonesia_postcode_search,2026-08-11,32.18.04.2002,CIMINDI,46592,https://kodepos.posindonesia.co.id/CariKodepos,"Exact village, district, city, and province match on Pos Indonesia.",accept_other,codex_pos_exact_hierarchy_review,project_owner_adjudication,approved
pos_indonesia_postcode_search,2026-08-11,32.18.04.2003,PAGERBUMI,46592,https://kodepos.posindonesia.co.id/CariKodepos,"Exact village, district, city, and province match on Pos Indonesia.",accept_other,codex_pos_exact_hierarchy_review,project_owner_adjudication,approved
pos_indonesia_postcode_search,2026-08-11,32.18.04.2004,KERTAJAYA,46592,https://kodepos.posindonesia.co.id/CariKodepos,"Exact village, district, city, and province match on Pos Indonesia.",accept_other,codex_pos_exact_hierarchy_review,project_owner_adjudication,approved
pos_indonesia_postcode_search,2026-08-11,32.18.04.2005,BUNISARI,46592,https://kodepos.posindonesia.co.id/CariKodepos,"Exact village, district, city, and province match on Pos Indonesia.",accept_other,codex_pos_exact_hierarchy_review,project_owner_adjudication,approved
pos_indonesia_postcode_search,2026-08-11,32.18.04.2006,CAMPAKA,46592,https://kodepos.posindonesia.co.id/CariKodepos,"Exact village, district, city, and province match on Pos Indonesia.",accept_other,codex_pos_exact_hierarchy_review,project_owner_adjudication,approved
pos_indonesia_postcode_search,2026-08-11,32.18.04.2007,HARUMANDALA,46592,https://kodepos.posindonesia.co.id/CariKodepos,"Exact village, district, city, and province match on Pos Indonesia.",accept_other,codex_pos_exact_hierarchy_review,project_owner_adjudication,approved
pos_indonesia_postcode_search,2026-08-11,32.18.05.2001,KARANGKAMIRI,46591,https://kodepos.posindonesia.co.id/CariKodepos,"Exact village, district, city, and province match on Pos Indonesia.",accept_other,codex_pos_exact_hierarchy_review,project_owner_adjudication,approved
pos_indonesia_postcode_search,2026-08-11,32.18.05.2002,CIMANGGU,46591,https://kodepos.posindonesia.co.id/CariKodepos,"Exact village, district, city, and province match on Pos Indonesia.",accept_other,codex_pos_exact_hierarchy_review,project_owner_adjudication,approved
pos_indonesia_postcode_search,2026-08-11,32.18.05.2003,LANGKAPLANCAR,46591,https://kodepos.posindonesia.co.id/CariKodepos,"Exact village, district, city, and province match on Pos Indonesia.",accept_other,codex_pos_exact_hierarchy_review,project_owner_adjudication,approved
pos_indonesia_postcode_search,2026-08-11,32.18.05.2004,PANGKALAN,46591,https://kodepos.posindonesia.co.id/CariKodepos,"Exact village, district, city, and province match on Pos Indonesia.",accept_other,codex_pos_exact_hierarchy_review,project_owner_adjudication,approved
pos_indonesia_postcode_search,2026-08-11,32.18.05.2005,BOJONGKONDANG,46591,https://kodepos.posindonesia.co.id/CariKodepos,"Exact village, district, city, and province match on Pos Indonesia.",accept_other,codex_pos_exact_hierarchy_review,project_owner_adjudication,approved
pos_indonesia_postcode_search,2026-08-11,32.18.05.2006,BANGUNJAYA,46591,https://kodepos.posindonesia.co.id/CariKodepos,"Exact village, district, city, and province match on Pos Indonesia.",accept_other,codex_pos_exact_hierarchy_review,project_owner_adjudication,approved
pos_indonesia_postcode_search,2026-08-11,32.18.05.2007,JAYASARI,46591,https://kodepos.posindonesia.co.id/CariKodepos,"Exact village, district, city, and province match on Pos Indonesia.",accept_other,codex_pos_exact_hierarchy_review,project_owner_adjudication,approved
pos_indonesia_postcode_search,2026-08-11,32.18.05.2008,JADIMULYA,46591,https://kodepos.posindonesia.co.id/CariKodepos,"Exact village, district, city, and province match on Pos Indonesia.",accept_other,codex_pos_exact_hierarchy_review,project_owner_adjudication,approved
pos_indonesia_postcode_search,2026-08-11,32.18.05.2009,JADIKARYA,46591,https://kodepos.posindonesia.co.id/CariKodepos,"Exact village, district, city, and province match on Pos Indonesia.",accept_other,codex_pos_exact_hierarchy_review,project_owner_adjudication,approved
pos_indonesia_postcode_search,2026-08-11,32.18.05.2010,BOJONG,46591,https://kodepos.posindonesia.co.id/CariKodepos,"Exact village, district, city, and province match on Pos Indonesia.",accept_other,codex_pos_exact_hierarchy_review,project_owner_adjudication,approved
pos_indonesia_postcode_search,2026-08-11,32.18.05.2011,BANGUNKARYA,46591,https://kodepos.posindonesia.co.id/CariKodepos,"Exact village, district, city, and province match on Pos Indonesia.",accept_other,codex_pos_exact_hierarchy_review,project_owner_adjudication,approved
pos_indonesia_postcode_search,2026-08-11,32.18.05.2012,SUKAMULYA,46591,https://kodepos.posindonesia.co.id/CariKodepos,"Exact village, district, city, and province match on Pos Indonesia.",accept_other,codex_pos_exact_hierarchy_review,project_owner_adjudication,approved
pos_indonesia_postcode_search,2026-08-11,32.18.05.2013,MEKARWANGI,46591,https://kodepos.posindonesia.co.id/CariKodepos,"Exact village, district, city, and province match on Pos Indonesia.",accept_other,codex_pos_exact_hierarchy_review,project_owner_adjudication,approved
pos_indonesia_postcode_search,2026-08-11,32.18.05.2014,CISARUA,46591,https://kodepos.posindonesia.co.id/CariKodepos,"Exact village, district, city, and province match on Pos Indonesia.",accept_other,codex_pos_exact_hierarchy_review,project_owner_adjudication,approved
pos_indonesia_postcode_search,2026-08-11,32.18.06.2001,SUKAMAJU,46571,https://kodepos.posindonesia.co.id/CariKodepos,"Exact village, district, city, and province match on Pos Indonesia.",accept_other,codex_pos_exact_hierarchy_review,project_owner_adjudication,approved
pos_indonesia_postcode_search,2026-08-11,32.18.06.2002,KERTAJAYA,46571,https://kodepos.posindonesia.co.id/CariKodepos,"Exact village, district, city, and province match on Pos Indonesia.",accept_other,codex_pos_exact_hierarchy_review,project_owner_adjudication,approved
pos_indonesia_postcode_search,2026-08-11,32.18.06.2003,MANGUNJAYA,46571,https://kodepos.posindonesia.co.id/CariKodepos,"Exact village, district, city, and province match on Pos Indonesia.",accept_other,codex_pos_exact_hierarchy_review,project_owner_adjudication,approved
pos_indonesia_postcode_search,2026-08-11,32.18.06.2004,SINDANGJAYA,46571,https://kodepos.posindonesia.co.id/CariKodepos,"Exact village, district, city, and province match on Pos Indonesia.",accept_other,codex_pos_exact_hierarchy_review,project_owner_adjudication,approved
pos_indonesia_postcode_search,2026-08-11,32.18.06.2005,JANGRAGA,46571,https://kodepos.posindonesia.co.id/CariKodepos,"Exact village, district, city, and province match on Pos Indonesia.",accept_other,codex_pos_exact_hierarchy_review,project_owner_adjudication,approved
pos_indonesia_postcode_search,2026-08-11,32.18.07.2001,PANYUTRAN,46584,https://kodepos.posindonesia.co.id/CariKodepos,"Exact village, district, city, and province match on Pos Indonesia.",accept_other,codex_pos_exact_hierarchy_review,project_owner_adjudication,approved
pos_indonesia_postcode_search,2026-08-11,32.18.07.2002,CIGANJENG,46584,https://kodepos.posindonesia.co.id/CariKodepos,"Exact village, district, city, and province match on Pos Indonesia.",accept_other,codex_pos_exact_hierarchy_review,project_owner_adjudication,approved
pos_indonesia_postcode_search,2026-08-11,32.18.07.2003,KARANGSARI,46584,https://kodepos.posindonesia.co.id/CariKodepos,"Exact village, district, city, and province match on Pos Indonesia.",accept_other,codex_pos_exact_hierarchy_review,project_owner_adjudication,approved
pos_indonesia_postcode_search,2026-08-11,32.18.07.2004,SUKANAGARA,46584,https://kodepos.posindonesia.co.id/CariKodepos,"Exact village, district, city, and province match on Pos Indonesia.",accept_other,codex_pos_exact_hierarchy_review,project_owner_adjudication,approved
pos_indonesia_postcode_search,2026-08-11,32.18.07.2005,PALEDAH,46584,https://kodepos.posindonesia.co.id/CariKodepos,"Exact village, district, city, and province match on Pos Indonesia.",accept_other,codex_pos_exact_hierarchy_review,project_owner_adjudication,approved
pos_indonesia_postcode_search,2026-08-11,32.18.07.2006,KARANGPAWITAN,46584,https://kodepos.posindonesia.co.id/CariKodepos,"Exact village, district, city, and province match on Pos Indonesia.",accept_other,codex_pos_exact_hierarchy_review,project_owner_adjudication,approved
pos_indonesia_postcode_search,2026-08-11,32.18.07.2007,PADAHERANG,46584,https://kodepos.posindonesia.co.id/CariKodepos,"Exact village, district, city, and province match on Pos Indonesia.",accept_other,codex_pos_exact_hierarchy_review,project_owner_adjudication,approved
pos_indonesia_postcode_search,2026-08-11,32.18.07.2008,KEDUNGWULUH,46584,https://kodepos.posindonesia.co.id/CariKodepos,"Exact village, district, city, and province match on Pos Indonesia.",accept_other,codex_pos_exact_hierarchy_review,project_owner_adjudication,approved
pos_indonesia_postcode_search,2026-08-11,32.18.07.2009,CIBOGO,46584,https://kodepos.posindonesia.co.id/CariKodepos,"Exact village, district, city, and province match on Pos Indonesia.",accept_other,codex_pos_exact_hierarchy_review,project_owner_adjudication,approved
pos_indonesia_postcode_search,2026-08-11,32.18.07.2010,PASIRGEULIS,46584,https://kodepos.posindonesia.co.id/CariKodepos,"Exact village, district, city, and province match on Pos Indonesia.",accept_other,codex_pos_exact_hierarchy_review,project_owner_adjudication,approved
pos_indonesia_postcode_search,2026-08-11,32.18.07.2011,BOJONGSARI,46584,https://kodepos.posindonesia.co.id/CariKodepos,"Exact village, district, city, and province match on Pos Indonesia.",accept_other,codex_pos_exact_hierarchy_review,project_owner_adjudication,approved
pos_indonesia_postcode_search,2026-08-11,32.18.07.2012,SINDANGWANGI,46584,https://kodepos.posindonesia.co.id/CariKodepos,"Exact village, district, city, and province match on Pos Indonesia.",accept_other,codex_pos_exact_hierarchy_review,project_owner_adjudication,approved
pos_indonesia_postcode_search,2026-08-11,32.18.07.2013,MARUYUNGSARI,46584,https://kodepos.posindonesia.co.id/CariKodepos,"Exact village, district, city, and province match on Pos Indonesia.",accept_other,codex_pos_exact_hierarchy_review,project_owner_adjudication,approved
pos_indonesia_postcode_search,2026-08-11,32.18.07.2014,KARANGMULYA,46584,https://kodepos.posindonesia.co.id/CariKodepos,"Exact village, district, city, and province match on Pos Indonesia.",accept_other,codex_pos_exact_hierarchy_review,project_owner_adjudication,approved
pos_indonesia_postcode_search,2026-08-11,32.18.08.2001,PUTRAPINGGAN,46597,https://kodepos.posindonesia.co.id/CariKodepos,"Exact village, district, city, and province match on Pos Indonesia.",accept_other,codex_pos_exact_hierarchy_review,project_owner_adjudication,approved
pos_indonesia_postcode_search,2026-08-11,32.18.08.2002,EMPLAK,46597,https://kodepos.posindonesia.co.id/CariKodepos,"Exact village, district, city, and province match on Pos Indonesia.",accept_other,codex_pos_exact_hierarchy_review,project_owner_adjudication,approved
pos_indonesia_postcode_search,2026-08-11,32.18.08.2003,BAGOLO,46597,https://kodepos.posindonesia.co.id/CariKodepos,"Exact village, district, city, and province match on Pos Indonesia.",accept_other,codex_pos_exact_hierarchy_review,project_owner_adjudication,approved
pos_indonesia_postcode_search,2026-08-11,32.18.08.2004,PAMOTAN,46597,https://kodepos.posindonesia.co.id/CariKodepos,"Exact village, district, city, and province match on Pos Indonesia.",accept_other,codex_pos_exact_hierarchy_review,project_owner_adjudication,approved
pos_indonesia_postcode_search,2026-08-11,32.18.08.2005,KALIPUCANG,46597,https://kodepos.posindonesia.co.id/CariKodepos,"Exact village, district, city, and province match on Pos Indonesia.",accept_other,codex_pos_exact_hierarchy_review,project_owner_adjudication,approved
pos_indonesia_postcode_search,2026-08-11,32.18.08.2006,CIBULUH,46597,https://kodepos.posindonesia.co.id/CariKodepos,"Exact village, district, city, and province match on Pos Indonesia.",accept_other,codex_pos_exact_hierarchy_review,project_owner_adjudication,approved
pos_indonesia_postcode_search,2026-08-11,32.18.08.2007,BANJARHARJA,46597,https://kodepos.posindonesia.co.id/CariKodepos,"Exact village, district, city, and province match on Pos Indonesia.",accept_other,codex_pos_exact_hierarchy_review,project_owner_adjudication,approved
pos_indonesia_postcode_search,2026-08-11,32.18.08.2008,TUNGGILIS,46597,https://kodepos.posindonesia.co.id/CariKodepos,"Exact village, district, city, and province match on Pos Indonesia.",accept_other,codex_pos_exact_hierarchy_review,project_owner_adjudication,approved
pos_indonesia_postcode_search,2026-08-11,32.18.08.2009,CIPARAKAN,46597,https://kodepos.posindonesia.co.id/CariKodepos,"Exact village, district, city, and province match on Pos Indonesia.",accept_other,codex_pos_exact_hierarchy_review,project_owner_adjudication,approved
pos_indonesia_postcode_search,2026-08-11,32.18.09.2001,BABAKAN,46596,https://kodepos.posindonesia.co.id/CariKodepos,"Exact village, district, city, and province match on Pos Indonesia.",accept_other,codex_pos_exact_hierarchy_review,project_owner_adjudication,approved
pos_indonesia_postcode_search,2026-08-11,32.18.09.2002,SUKAHURIP,46596,https://kodepos.posindonesia.co.id/CariKodepos,"Exact village, district, city, and province match on Pos Indonesia.",accept_other,codex_pos_exact_hierarchy_review,project_owner_adjudication,approved
pos_indonesia_postcode_search,2026-08-11,32.18.09.2003,PURBAHAYU,46596,https://kodepos.posindonesia.co.id/CariKodepos,"Exact village, district, city, and province match on Pos Indonesia.",accept_other,codex_pos_exact_hierarchy_review,project_owner_adjudication,approved
pos_indonesia_postcode_search,2026-08-11,32.18.09.2004,PANGANDARAN,46596,https://kodepos.posindonesia.co.id/CariKodepos,"Exact village, district, city, and province match on Pos Indonesia.",accept_other,codex_pos_exact_hierarchy_review,project_owner_adjudication,approved
pos_indonesia_postcode_search,2026-08-11,32.18.09.2005,WONOHARJO,46596,https://kodepos.posindonesia.co.id/CariKodepos,"Exact village, district, city, and province match on Pos Indonesia.",accept_other,codex_pos_exact_hierarchy_review,project_owner_adjudication,approved
pos_indonesia_postcode_search,2026-08-11,32.18.09.2006,SIDOMULYO,46596,https://kodepos.posindonesia.co.id/CariKodepos,"Exact village, district, city, and province match on Pos Indonesia.",accept_other,codex_pos_exact_hierarchy_review,project_owner_adjudication,approved
pos_indonesia_postcode_search,2026-08-11,32.18.09.2007,PANANJUNG,46596,https://kodepos.posindonesia.co.id/CariKodepos,"Exact village, district, city, and province match on Pos Indonesia.",accept_other,codex_pos_exact_hierarchy_review,project_owner_adjudication,approved
pos_indonesia_postcode_search,2026-08-11,32.18.09.2008,PAGERGUNUNG,46596,https://kodepos.posindonesia.co.id/CariKodepos,"Exact village, district, city, and province match on Pos Indonesia.",accept_other,codex_pos_exact_hierarchy_review,project_owner_adjudication,approved
pos_indonesia_postcode_search,2026-08-11,32.18.10.2001,SIDAMULIH,46565,https://kodepos.posindonesia.co.id/CariKodepos,"Exact village, district, city, and province match on Pos Indonesia.",accept_other,codex_pos_exact_hierarchy_review,project_owner_adjudication,approved
pos_indonesia_postcode_search,2026-08-11,32.18.10.2002,CIKALONG,46565,https://kodepos.posindonesia.co.id/CariKodepos,"Exact village, district, city, and province match on Pos Indonesia.",accept_other,codex_pos_exact_hierarchy_review,project_owner_adjudication,approved
pos_indonesia_postcode_search,2026-08-11,32.18.10.2003,SUKARESIK,46565,https://kodepos.posindonesia.co.id/CariKodepos,"Exact village, district, city, and province match on Pos Indonesia.",accept_other,codex_pos_exact_hierarchy_review,project_owner_adjudication,approved
pos_indonesia_postcode_search,2026-08-11,32.18.10.2004,CIKEMBULAN,46565,https://kodepos.posindonesia.co.id/CariKodepos,"Exact village, district, city, and province match on Pos Indonesia.",accept_other,codex_pos_exact_hierarchy_review,project_owner_adjudication,approved
pos_indonesia_postcode_search,2026-08-11,32.18.10.2005,PAJATEN,46565,https://kodepos.posindonesia.co.id/CariKodepos,"Exact village, district, city, and province match on Pos Indonesia.",accept_other,codex_pos_exact_hierarchy_review,project_owner_adjudication,approved
pos_indonesia_postcode_search,2026-08-11,32.18.10.2006,KERSARATU,46565,https://kodepos.posindonesia.co.id/CariKodepos,"Exact village, district, city, and province match on Pos Indonesia.",accept_other,codex_pos_exact_hierarchy_review,project_owner_adjudication,approved
pos_indonesia_postcode_search,2026-08-11,32.18.10.2007,KALIJATI,46565,https://kodepos.posindonesia.co.id/CariKodepos,"Exact village, district, city, and province match on Pos Indonesia.",accept_other,codex_pos_exact_hierarchy_review,project_owner_adjudication,approved
pos_indonesia_postcode_search,2026-08-11,32.71.01.1010,RANCAMAYA,16139,https://kodepos.posindonesia.co.id/CariKodepos,"Exact village, district, city, and province match on Pos Indonesia.",accept_suggested,codex_pos_exact_hierarchy_review,project_owner_adjudication,approved
pos_indonesia_postcode_search,2026-08-11,32.71.04.1014,PASIR MULYA,16118,https://kodepos.posindonesia.co.id/CariKodepos,"Exact village, district, city, and province match on Pos Indonesia.",accept_suggested,codex_pos_exact_hierarchy_review,project_owner_adjudication,approved
pos_indonesia_postcode_search,2026-08-11,32.72.02.1003,GUNUNGPARANG,43111,https://kodepos.posindonesia.co.id/CariKodepos,"Exact village, district, city, and province match on Pos Indonesia.",accept_suggested,codex_pos_exact_hierarchy_review,project_owner_adjudication,approved
pos_indonesia_postcode_search,2026-08-11,32.72.03.1001,CITAMIANG,43143,https://kodepos.posindonesia.co.id/CariKodepos,"Exact village, district, city, and province match on Pos Indonesia.",accept_suggested,codex_pos_exact_hierarchy_review,project_owner_adjudication,approved
pos_indonesia_postcode_search,2026-08-11,32.72.06.1001,CIPANENGAH,43168,https://kodepos.posindonesia.co.id/CariKodepos,"Exact village, district, city, and province match on Pos Indonesia.",accept_other,codex_pos_exact_hierarchy_review,project_owner_adjudication,approved
pos_indonesia_postcode_search,2026-08-11,32.72.06.1002,SITUMEKAR,43168,https://kodepos.posindonesia.co.id/CariKodepos,"Exact village, district, city, and province match on Pos Indonesia.",accept_other,codex_pos_exact_hierarchy_review,project_owner_adjudication,approved
pos_indonesia_postcode_search,2026-08-11,32.72.06.1003,LEMBURSITU,43168,https://kodepos.posindonesia.co.id/CariKodepos,"Exact village, district, city, and province match on Pos Indonesia.",accept_other,codex_pos_exact_hierarchy_review,project_owner_adjudication,approved
pos_indonesia_postcode_search,2026-08-11,32.72.06.1005,SINDANGSARI,43168,https://kodepos.posindonesia.co.id/CariKodepos,"Exact village, district, city, and province match on Pos Indonesia.",accept_other,codex_pos_exact_hierarchy_review,project_owner_adjudication,approved
pos_indonesia_postcode_search,2026-08-11,32.72.07.1002,BABAKAN,43163,https://kodepos.posindonesia.co.id/CariKodepos,"Exact village, district, city, and province match on Pos Indonesia.",accept_other,codex_pos_exact_hierarchy_review,project_owner_adjudication,approved
pos_indonesia_postcode_search,2026-08-11,32.73.04.1005,SUKA ASIH,40233,https://kodepos.posindonesia.co.id/CariKodepos,"Exact village, district, city, and province match on Pos Indonesia.",accept_other,codex_pos_exact_hierarchy_review,project_owner_adjudication,approved
pos_indonesia_postcode_search,2026-08-11,32.73.14.1003,CICADAS,40126,https://kodepos.posindonesia.co.id/CariKodepos,"Exact village, district, city, and province match on Pos Indonesia.",accept_other,codex_pos_exact_hierarchy_review,project_owner_adjudication,approved
pos_indonesia_postcode_search,2026-08-11,32.73.14.1004,SUKAMAJU,40127,https://kodepos.posindonesia.co.id/CariKodepos,"Exact village, district, city, and province match on Pos Indonesia.",accept_other,codex_pos_exact_hierarchy_review,project_owner_adjudication,approved
pos_indonesia_postcode_search,2026-08-11,32.73.14.1006,PASIRLAYUNG,40128,https://kodepos.posindonesia.co.id/CariKodepos,"Exact village, district, city, and province match on Pos Indonesia.",accept_other,codex_pos_exact_hierarchy_review,project_owner_adjudication,approved
pos_indonesia_postcode_search,2026-08-11,32.73.16.1002,KEBUN JAYANTI,40284,https://kodepos.posindonesia.co.id/CariKodepos,"Exact village, district, city, and province match on Pos Indonesia.",accept_other,codex_pos_exact_hierarchy_review,project_owner_adjudication,approved
pos_indonesia_postcode_search,2026-08-11,32.73.18.1003,NEGLASARI,40123,https://kodepos.posindonesia.co.id/CariKodepos,"Exact village, district, city, and province match on Pos Indonesia.",accept_other,codex_pos_exact_hierarchy_review,project_owner_adjudication,approved
pos_indonesia_postcode_search,2026-08-11,32.73.18.1004,CIGADUNG,40123,https://kodepos.posindonesia.co.id/CariKodepos,"Exact village, district, city, and province match on Pos Indonesia.",accept_other,codex_pos_exact_hierarchy_review,project_owner_adjudication,approved
pos_indonesia_postcode_search,2026-08-11,32.73.19.1004,BABAKAN CIAMIS,40113,https://kodepos.posindonesia.co.id/CariKodepos,"Exact village, district, city, and province match on Pos Indonesia.",accept_other,codex_pos_exact_hierarchy_review,project_owner_adjudication,approved
pos_indonesia_postcode_search,2026-08-11,32.73.21.1002,WATES,40269,https://kodepos.posindonesia.co.id/CariKodepos,"Exact village, district, city, and province match on Pos Indonesia.",accept_other,codex_pos_exact_hierarchy_review,project_owner_adjudication,approved
pos_indonesia_postcode_search,2026-08-11,32.73.21.1004,KUJANGSARI,40268,https://kodepos.posindonesia.co.id/CariKodepos,"Exact village, district, city, and province match on Pos Indonesia.",accept_other,codex_pos_exact_hierarchy_review,project_owner_adjudication,approved
pos_indonesia_postcode_search,2026-08-11,32.73.25.1001,PALASARI,40299,https://kodepos.posindonesia.co.id/CariKodepos,"Exact village, district, city, and province match on Pos Indonesia.",accept_other,codex_pos_exact_hierarchy_review,project_owner_adjudication,approved
pos_indonesia_postcode_search,2026-08-11,32.73.25.1002,CIPADUNG,40299,https://kodepos.posindonesia.co.id/CariKodepos,"Exact village, district, city, and province match on Pos Indonesia.",accept_other,codex_pos_exact_hierarchy_review,project_owner_adjudication,approved
pos_indonesia_postcode_search,2026-08-11,32.73.25.1004,CISURUPAN,40299,https://kodepos.posindonesia.co.id/CariKodepos,"Exact village, district, city, and province match on Pos Indonesia.",accept_other,codex_pos_exact_hierarchy_review,project_owner_adjudication,approved
pos_indonesia_postcode_search,2026-08-11,32.73.26.1003,PASIR ENDAH,40199,https://kodepos.posindonesia.co.id/CariKodepos,"Exact village, district, city, and province match on Pos Indonesia.",accept_other,codex_pos_exact_hierarchy_review,project_owner_adjudication,approved
pos_indonesia_postcode_search,2026-08-11,32.73.26.1004,CIGENDING,40199,https://kodepos.posindonesia.co.id/CariKodepos,"Exact village, district, city, and province match on Pos Indonesia.",accept_other,codex_pos_exact_hierarchy_review,project_owner_adjudication,approved
pos_indonesia_postcode_search,2026-08-11,32.73.26.1006,PASIRJATI,40199,https://kodepos.posindonesia.co.id/CariKodepos,"Exact village, district, city, and province match on Pos Indonesia.",accept_other,codex_pos_exact_hierarchy_review,project_owner_adjudication,approved
pos_indonesia_postcode_search,2026-08-11,32.73.26.1007,PASANGGRAHAN,40199,https://kodepos.posindonesia.co.id/CariKodepos,"Exact village, district, city, and province match on Pos Indonesia.",accept_other,codex_pos_exact_hierarchy_review,project_owner_adjudication,approved
pos_indonesia_postcode_search,2026-08-11,32.73.27.1002,CISANTREN KIDUL,40295,https://kodepos.posindonesia.co.id/CariKodepos,"Exact village, district, city, and province match on Pos Indonesia.",accept_other,codex_pos_exact_hierarchy_review,project_owner_adjudication,approved
pos_indonesia_postcode_search,2026-08-11,32.73.27.1004,RANCANUMPANG,40295,https://kodepos.posindonesia.co.id/CariKodepos,"Exact village, district, city, and province match on Pos Indonesia.",accept_other,codex_pos_exact_hierarchy_review,project_owner_adjudication,approved
pos_indonesia_postcode_search,2026-08-11,32.73.28.1001,CIPADUNG KULON,40298,https://kodepos.posindonesia.co.id/CariKodepos,"Exact village, district, city, and province match on Pos Indonesia.",accept_other,codex_pos_exact_hierarchy_review,project_owner_adjudication,approved
pos_indonesia_postcode_search,2026-08-11,32.73.28.1002,CIPADUNG KIDUL,40298,https://kodepos.posindonesia.co.id/CariKodepos,"Exact village, district, city, and province match on Pos Indonesia.",accept_other,codex_pos_exact_hierarchy_review,project_owner_adjudication,approved
pos_indonesia_postcode_search,2026-08-11,32.73.28.1003,CIPADUNG WETAN,40298,https://kodepos.posindonesia.co.id/CariKodepos,"Exact village, district, city, and province match on Pos Indonesia.",accept_other,codex_pos_exact_hierarchy_review,project_owner_adjudication,approved
pos_indonesia_postcode_search,2026-08-11,32.73.30.1001,JATIHANDAP,40193,https://kodepos.posindonesia.co.id/CariKodepos,"Exact village, district, city, and province match on Pos Indonesia.",accept_other,codex_pos_exact_hierarchy_review,project_owner_adjudication,approved
pos_indonesia_postcode_search,2026-08-11,32.73.30.1002,KARANG PAMULANG,40194,https://kodepos.posindonesia.co.id/CariKodepos,"Exact village, district, city, and province match on Pos Indonesia.",accept_other,codex_pos_exact_hierarchy_review,project_owner_adjudication,approved
pos_indonesia_postcode_search,2026-08-11,32.73.30.1003,PASIR IMPUN,40193,https://kodepos.posindonesia.co.id/CariKodepos,"Exact village, district, city, and province match on Pos Indonesia.",accept_other,codex_pos_exact_hierarchy_review,project_owner_adjudication,approved
pos_indonesia_postcode_search,2026-08-11,32.73.30.1004,SINDANG JAYA,40193,https://kodepos.posindonesia.co.id/CariKodepos,"Exact village, district, city, and province match on Pos Indonesia.",accept_other,codex_pos_exact_hierarchy_review,project_owner_adjudication,approved
pos_indonesia_postcode_search,2026-08-11,32.74.01.1004,KEBONBARU,45124,https://kodepos.posindonesia.co.id/CariKodepos,"Exact village, district, city, and province match on Pos Indonesia.",accept_other,codex_pos_exact_hierarchy_review,project_owner_adjudication,approved
pos_indonesia_postcode_search,2026-08-11,32.74.03.1001,KALIJAGA,45144,https://kodepos.posindonesia.co.id/CariKodepos,"Exact village, district, city, and province match on Pos Indonesia.",accept_suggested,codex_pos_exact_hierarchy_review,project_owner_adjudication,approved
pos_indonesia_postcode_search,2026-08-11,32.74.05.1005,KARYAMULYA,45135,https://kodepos.posindonesia.co.id/CariKodepos,"Exact village, district, city, and province match on Pos Indonesia.",accept_other,codex_pos_exact_hierarchy_review,project_owner_adjudication,approved
pos_indonesia_postcode_search,2026-08-11,32.75.01.1004,ARENJAYA,17111,https://kodepos.posindonesia.co.id/CariKodepos,"Exact village, district, city, and province match on Pos Indonesia.",accept_suggested,codex_pos_exact_hierarchy_review,project_owner_adjudication,approved
pos_indonesia_postcode_search,2026-08-11,32.75.02.1003,KOTABARU,17133,https://kodepos.posindonesia.co.id/CariKodepos,"Exact village, district, city, and province match on Pos Indonesia.",accept_suggested,codex_pos_exact_hierarchy_review,project_owner_adjudication,approved
pos_indonesia_postcode_search,2026-08-11,32.75.02.1005,JAKASAMPURNA,17145,https://kodepos.posindonesia.co.id/CariKodepos,"Exact village, district, city, and province match on Pos Indonesia.",accept_suggested,codex_pos_exact_hierarchy_review,project_owner_adjudication,approved
pos_indonesia_postcode_search,2026-08-11,32.75.03.1005,MARGAMULYA,17142,https://kodepos.posindonesia.co.id/CariKodepos,"Exact village, district, city, and province match on Pos Indonesia.",accept_suggested,codex_pos_exact_hierarchy_review,project_owner_adjudication,approved
pos_indonesia_postcode_search,2026-08-11,32.75.05.1001,BOJONG RAWALUMBU,17116,https://kodepos.posindonesia.co.id/CariKodepos,"Exact village, district, city, and province match on Pos Indonesia.",accept_suggested,codex_pos_exact_hierarchy_review,project_owner_adjudication,approved
pos_indonesia_postcode_search,2026-08-11,32.75.05.1002,PENGASINAN,17115,https://kodepos.posindonesia.co.id/CariKodepos,"Exact village, district, city, and province match on Pos Indonesia.",accept_suggested,codex_pos_exact_hierarchy_review,project_owner_adjudication,approved
pos_indonesia_postcode_search,2026-08-11,32.75.05.1003,SEPANJANGJAYA,17114,https://kodepos.posindonesia.co.id/CariKodepos,"Exact village, district, city, and province match on Pos Indonesia.",accept_suggested,codex_pos_exact_hierarchy_review,project_owner_adjudication,approved
pos_indonesia_postcode_search,2026-08-11,32.75.05.1004,BOJONGMENTENG,17117,https://kodepos.posindonesia.co.id/CariKodepos,"Exact village, district, city, and province match on Pos Indonesia.",accept_suggested,codex_pos_exact_hierarchy_review,project_owner_adjudication,approved
pos_indonesia_postcode_search,2026-08-11,32.75.06.1001,MEDANSATRIA,17132,https://kodepos.posindonesia.co.id/CariKodepos,"Exact village, district, city, and province match on Pos Indonesia.",accept_suggested,codex_pos_exact_hierarchy_review,project_owner_adjudication,approved
pos_indonesia_postcode_search,2026-08-11,32.75.06.1002,HARAPANMULYA,17143,https://kodepos.posindonesia.co.id/CariKodepos,"Exact village, district, city, and province match on Pos Indonesia.",accept_suggested,codex_pos_exact_hierarchy_review,project_owner_adjudication,approved
pos_indonesia_postcode_search,2026-08-11,32.75.06.1003,PEJUANG,17131,https://kodepos.posindonesia.co.id/CariKodepos,"Exact village, district, city, and province match on Pos Indonesia.",accept_suggested,codex_pos_exact_hierarchy_review,project_owner_adjudication,approved
pos_indonesia_postcode_search,2026-08-11,32.75.06.1004,KALIBARU,17133,https://kodepos.posindonesia.co.id/CariKodepos,"Exact village, district, city, and province match on Pos Indonesia.",accept_suggested,codex_pos_exact_hierarchy_review,project_owner_adjudication,approved
pos_indonesia_postcode_search,2026-08-11,32.75.11.1001,PADURENAN,17166,https://kodepos.posindonesia.co.id/CariKodepos,"Exact village, district, city, and province match on Pos Indonesia.",accept_other,codex_pos_exact_hierarchy_review,project_owner_adjudication,approved
pos_indonesia_postcode_search,2026-08-11,32.76.03.1010,SAWANGAN,16511,https://kodepos.posindonesia.co.id/CariKodepos,"Exact village, district, city, and province match on Pos Indonesia.",accept_suggested,codex_pos_exact_hierarchy_review,project_owner_adjudication,approved
pos_indonesia_postcode_search,2026-08-11,32.76.04.1001,MARUYUNG,16532,https://kodepos.posindonesia.co.id/CariKodepos,"Exact village, district, city, and province match on Pos Indonesia.",accept_other,codex_pos_exact_hierarchy_review,project_owner_adjudication,approved
pos_indonesia_postcode_search,2026-08-11,32.76.04.1002,GROGOL,16533,https://kodepos.posindonesia.co.id/CariKodepos,"Exact village, district, city, and province match on Pos Indonesia.",accept_other,codex_pos_exact_hierarchy_review,project_owner_adjudication,approved
pos_indonesia_postcode_search,2026-08-11,32.76.04.1003,KRUKUT,16534,https://kodepos.posindonesia.co.id/CariKodepos,"Exact village, district, city, and province match on Pos Indonesia.",accept_other,codex_pos_exact_hierarchy_review,project_owner_adjudication,approved
pos_indonesia_postcode_search,2026-08-11,32.76.04.1004,LIMO,16531,https://kodepos.posindonesia.co.id/CariKodepos,"Exact village, district, city, and province match on Pos Indonesia.",accept_other,codex_pos_exact_hierarchy_review,project_owner_adjudication,approved
pos_indonesia_postcode_search,2026-08-11,32.76.07.1002,CIPAYUNG JAYA,16441,https://kodepos.posindonesia.co.id/CariKodepos,"Exact village, district, city, and province match on Pos Indonesia.",accept_other,codex_pos_exact_hierarchy_review,project_owner_adjudication,approved
pos_indonesia_postcode_search,2026-08-11,32.76.07.1003,RATU JAYA,16445,https://kodepos.posindonesia.co.id/CariKodepos,"Exact village, district, city, and province match on Pos Indonesia.",accept_other,codex_pos_exact_hierarchy_review,project_owner_adjudication,approved
pos_indonesia_postcode_search,2026-08-11,32.76.07.1004,BOJONG PONDOK TERONG,16444,https://kodepos.posindonesia.co.id/CariKodepos,"Exact village, district, city, and province match on Pos Indonesia.",accept_other,codex_pos_exact_hierarchy_review,project_owner_adjudication,approved
pos_indonesia_postcode_search,2026-08-11,32.76.08.1001,SUKAMAJU,16475,https://kodepos.posindonesia.co.id/CariKodepos,"Exact village, district, city, and province match on Pos Indonesia.",accept_other,codex_pos_exact_hierarchy_review,project_owner_adjudication,approved
pos_indonesia_postcode_search,2026-08-11,32.76.08.1002,CILODONG,16474,https://kodepos.posindonesia.co.id/CariKodepos,"Exact village, district, city, and province match on Pos Indonesia.",accept_other,codex_pos_exact_hierarchy_review,project_owner_adjudication,approved
pos_indonesia_postcode_search,2026-08-11,32.76.08.1003,KALIBARU,16473,https://kodepos.posindonesia.co.id/CariKodepos,"Exact village, district, city, and province match on Pos Indonesia.",accept_other,codex_pos_exact_hierarchy_review,project_owner_adjudication,approved
pos_indonesia_postcode_search,2026-08-11,32.76.08.1004,KALIMULYA,16471,https://kodepos.posindonesia.co.id/CariKodepos,"Exact village, district, city, and province match on Pos Indonesia.",accept_other,codex_pos_exact_hierarchy_review,project_owner_adjudication,approved
pos_indonesia_postcode_search,2026-08-11,32.76.08.1005,JATIMULYA,16472,https://kodepos.posindonesia.co.id/CariKodepos,"Exact village, district, city, and province match on Pos Indonesia.",accept_other,codex_pos_exact_hierarchy_review,project_owner_adjudication,approved
pos_indonesia_postcode_search,2026-08-11,32.76.09.1001,CINERE,16541,https://kodepos.posindonesia.co.id/CariKodepos,"Exact village, district, city, and province match on Pos Indonesia.",accept_other,codex_pos_exact_hierarchy_review,project_owner_adjudication,approved
pos_indonesia_postcode_search,2026-08-11,32.76.09.1002,GANDUL,16544,https://kodepos.posindonesia.co.id/CariKodepos,"Exact village, district, city, and province match on Pos Indonesia.",accept_other,codex_pos_exact_hierarchy_review,project_owner_adjudication,approved
pos_indonesia_postcode_search,2026-08-11,32.76.10.1001,TAPOS,16464,https://kodepos.posindonesia.co.id/CariKodepos,"Exact village, district, city, and province match on Pos Indonesia.",accept_other,codex_pos_exact_hierarchy_review,project_owner_adjudication,approved
pos_indonesia_postcode_search,2026-08-11,32.76.10.1002,LEUWINANGGUNG,16463,https://kodepos.posindonesia.co.id/CariKodepos,"Exact village, district, city, and province match on Pos Indonesia.",accept_other,codex_pos_exact_hierarchy_review,project_owner_adjudication,approved
pos_indonesia_postcode_search,2026-08-11,32.76.10.1003,SUKATANI,16461,https://kodepos.posindonesia.co.id/CariKodepos,"Exact village, district, city, and province match on Pos Indonesia.",accept_other,codex_pos_exact_hierarchy_review,project_owner_adjudication,approved
pos_indonesia_postcode_search,2026-08-11,32.76.10.1004,SUKAMAJU BARU,16462,https://kodepos.posindonesia.co.id/CariKodepos,"Exact village, district, city, and province match on Pos Indonesia.",accept_other,codex_pos_exact_hierarchy_review,project_owner_adjudication,approved
pos_indonesia_postcode_search,2026-08-11,32.76.10.1005,JATIJAJAR,16466,https://kodepos.posindonesia.co.id/CariKodepos,"Exact village, district, city, and province match on Pos Indonesia.",accept_other,codex_pos_exact_hierarchy_review,project_owner_adjudication,approved
pos_indonesia_postcode_search,2026-08-11,32.76.10.1006,CILANGKAP,16465,https://kodepos.posindonesia.co.id/CariKodepos,"Exact village, district, city, and province match on Pos Indonesia.",accept_other,codex_pos_exact_hierarchy_review,project_owner_adjudication,approved
pos_indonesia_postcode_search,2026-08-11,32.76.10.1007,CIMPAEUN,16467,https://kodepos.posindonesia.co.id/CariKodepos,"Exact village, district, city, and province match on Pos Indonesia.",accept_other,codex_pos_exact_hierarchy_review,project_owner_adjudication,approved
pos_indonesia_postcode_search,2026-08-11,32.76.11.1003,SERUA,16523,https://kodepos.posindonesia.co.id/CariKodepos,"Exact village, district, city, and province match on Pos Indonesia.",accept_other,codex_pos_exact_hierarchy_review,project_owner_adjudication,approved
pos_indonesia_postcode_search,2026-08-11,32.76.11.1004,PONDOK PETIR,16524,https://kodepos.posindonesia.co.id/CariKodepos,"Exact village, district, city, and province match on Pos Indonesia.",accept_other,codex_pos_exact_hierarchy_review,project_owner_adjudication,approved
pos_indonesia_postcode_search,2026-08-11,32.76.11.1005,CURUG,16525,https://kodepos.posindonesia.co.id/CariKodepos,"Exact village, district, city, and province match on Pos Indonesia.",accept_other,codex_pos_exact_hierarchy_review,project_owner_adjudication,approved
pos_indonesia_postcode_search,2026-08-11,32.76.11.1006,DUREN MEKAR,16526,https://kodepos.posindonesia.co.id/CariKodepos,"Exact village, district, city, and province match on Pos Indonesia.",accept_other,codex_pos_exact_hierarchy_review,project_owner_adjudication,approved
pos_indonesia_postcode_search,2026-08-11,32.76.11.1007,DUREN SERIBU,16527,https://kodepos.posindonesia.co.id/CariKodepos,"Exact village, district, city, and province match on Pos Indonesia.",accept_other,codex_pos_exact_hierarchy_review,project_owner_adjudication,approved
pos_indonesia_postcode_search,2026-08-11,32.78.04.1003,INDIHIANG,46135,https://kodepos.posindonesia.co.id/CariKodepos,"Exact village, district, city, and province match on Pos Indonesia.",accept_other,codex_pos_exact_hierarchy_review,project_owner_adjudication,approved
pos_indonesia_postcode_search,2026-08-11,32.78.04.1004,SIRNAGALIH,46135,https://kodepos.posindonesia.co.id/CariKodepos,"Exact village, district, city, and province match on Pos Indonesia.",accept_other,codex_pos_exact_hierarchy_review,project_owner_adjudication,approved
pos_indonesia_postcode_search,2026-08-11,32.78.04.1005,PARAKANNYASAG,46136,https://kodepos.posindonesia.co.id/CariKodepos,"Exact village, district, city, and province match on Pos Indonesia.",accept_other,codex_pos_exact_hierarchy_review,project_owner_adjudication,approved
pos_indonesia_postcode_search,2026-08-11,32.78.04.1006,PANYINGKIRAN,46136,https://kodepos.posindonesia.co.id/CariKodepos,"Exact village, district, city, and province match on Pos Indonesia.",accept_other,codex_pos_exact_hierarchy_review,project_owner_adjudication,approved
pos_indonesia_postcode_search,2026-08-11,32.78.04.1007,SUKAMAJU KALER,46137,https://kodepos.posindonesia.co.id/CariKodepos,"Exact village, district, city, and province match on Pos Indonesia.",accept_other,codex_pos_exact_hierarchy_review,project_owner_adjudication,approved
pos_indonesia_postcode_search,2026-08-11,32.78.04.1008,SUKAMAJU KIDUL,46137,https://kodepos.posindonesia.co.id/CariKodepos,"Exact village, district, city, and province match on Pos Indonesia.",accept_other,codex_pos_exact_hierarchy_review,project_owner_adjudication,approved
pos_indonesia_postcode_search,2026-08-11,32.78.05.1001,KERSAMENAK,46141,https://kodepos.posindonesia.co.id/CariKodepos,"Exact village, district, city, and province match on Pos Indonesia.",accept_other,codex_pos_exact_hierarchy_review,project_owner_adjudication,approved
pos_indonesia_postcode_search,2026-08-11,32.78.05.1002,CILAMAJANG,46143,https://kodepos.posindonesia.co.id/CariKodepos,"Exact village, district, city, and province match on Pos Indonesia.",accept_other,codex_pos_exact_hierarchy_review,project_owner_adjudication,approved
pos_indonesia_postcode_search,2026-08-11,32.78.05.1003,GUNUNG TANDALA,46142,https://kodepos.posindonesia.co.id/CariKodepos,"Exact village, district, city, and province match on Pos Indonesia.",accept_other,codex_pos_exact_hierarchy_review,project_owner_adjudication,approved
pos_indonesia_postcode_search,2026-08-11,32.78.05.1004,URUG,46145,https://kodepos.posindonesia.co.id/CariKodepos,"Exact village, district, city, and province match on Pos Indonesia.",accept_other,codex_pos_exact_hierarchy_review,project_owner_adjudication,approved
pos_indonesia_postcode_search,2026-08-11,32.78.05.1005,TANJUNG,46144,https://kodepos.posindonesia.co.id/CariKodepos,"Exact village, district, city, and province match on Pos Indonesia.",accept_other,codex_pos_exact_hierarchy_review,project_owner_adjudication,approved
pos_indonesia_postcode_search,2026-08-11,32.78.05.1006,CIBEUTI,46143,https://kodepos.posindonesia.co.id/CariKodepos,"Exact village, district, city, and province match on Pos Indonesia.",accept_other,codex_pos_exact_hierarchy_review,project_owner_adjudication,approved
pos_indonesia_postcode_search,2026-08-11,32.78.05.1007,KARANGANYAR,46144,https://kodepos.posindonesia.co.id/CariKodepos,"Exact village, district, city, and province match on Pos Indonesia.",accept_other,codex_pos_exact_hierarchy_review,project_owner_adjudication,approved
pos_indonesia_postcode_search,2026-08-11,32.78.05.1008,TALAGASARI,46141,https://kodepos.posindonesia.co.id/CariKodepos,"Exact village, district, city, and province match on Pos Indonesia.",accept_other,codex_pos_exact_hierarchy_review,project_owner_adjudication,approved
pos_indonesia_postcode_search,2026-08-11,32.78.05.1009,LEUWILIANG,46145,https://kodepos.posindonesia.co.id/CariKodepos,"Exact village, district, city, and province match on Pos Indonesia.",accept_other,codex_pos_exact_hierarchy_review,project_owner_adjudication,approved
pos_indonesia_postcode_search,2026-08-11,32.78.05.1010,GUNUNG GEDE,46142,https://kodepos.posindonesia.co.id/CariKodepos,"Exact village, district, city, and province match on Pos Indonesia.",accept_other,codex_pos_exact_hierarchy_review,project_owner_adjudication,approved
pos_indonesia_postcode_search,2026-08-11,32.78.06.1005,SETIARATU,46116,https://kodepos.posindonesia.co.id/CariKodepos,"Exact village, district, city, and province match on Pos Indonesia.",accept_other,codex_pos_exact_hierarchy_review,project_owner_adjudication,approved
pos_indonesia_postcode_search,2026-08-11,32.78.06.1007,KERSANAGARA,46116,https://kodepos.posindonesia.co.id/CariKodepos,"Exact village, district, city, and province match on Pos Indonesia.",accept_other,codex_pos_exact_hierarchy_review,project_owner_adjudication,approved
pos_indonesia_postcode_search,2026-08-11,32.78.06.1008,KOTA BARU,46117,https://kodepos.posindonesia.co.id/CariKodepos,"Exact village, district, city, and province match on Pos Indonesia.",accept_other,codex_pos_exact_hierarchy_review,project_owner_adjudication,approved
pos_indonesia_postcode_search,2026-08-11,32.78.06.1009,AWIPARI,46117,https://kodepos.posindonesia.co.id/CariKodepos,"Exact village, district, city, and province match on Pos Indonesia.",accept_other,codex_pos_exact_hierarchy_review,project_owner_adjudication,approved
pos_indonesia_postcode_search,2026-08-11,32.78.06.1010,SETIANAGARA,46116,https://kodepos.posindonesia.co.id/CariKodepos,"Exact village, district, city, and province match on Pos Indonesia.",accept_other,codex_pos_exact_hierarchy_review,project_owner_adjudication,approved
pos_indonesia_postcode_search,2026-08-11,32.78.06.1011,CIHERANG,46116,https://kodepos.posindonesia.co.id/CariKodepos,"Exact village, district, city, and province match on Pos Indonesia.",accept_other,codex_pos_exact_hierarchy_review,project_owner_adjudication,approved
pos_indonesia_postcode_search,2026-08-11,32.78.06.1012,CIAKAR,46117,https://kodepos.posindonesia.co.id/CariKodepos,"Exact village, district, city, and province match on Pos Indonesia.",accept_other,codex_pos_exact_hierarchy_review,project_owner_adjudication,approved
pos_indonesia_postcode_search,2026-08-11,32.78.06.1013,MARGABAKTI,46117,https://kodepos.posindonesia.co.id/CariKodepos,"Exact village, district, city, and province match on Pos Indonesia.",accept_other,codex_pos_exact_hierarchy_review,project_owner_adjudication,approved
pos_indonesia_postcode_search,2026-08-11,32.78.06.1014,SETIAJAYA,46116,https://kodepos.posindonesia.co.id/CariKodepos,"Exact village, district, city, and province match on Pos Indonesia.",accept_other,codex_pos_exact_hierarchy_review,project_owner_adjudication,approved
pos_indonesia_postcode_search,2026-08-11,32.78.08.1001,MANGKUBUMI,46127,https://kodepos.posindonesia.co.id/CariKodepos,"Exact village, district, city, and province match on Pos Indonesia.",accept_other,codex_pos_exact_hierarchy_review,project_owner_adjudication,approved
pos_indonesia_postcode_search,2026-08-11,32.78.08.1002,CIGANTANG,46127,https://kodepos.posindonesia.co.id/CariKodepos,"Exact village, district, city, and province match on Pos Indonesia.",accept_other,codex_pos_exact_hierarchy_review,project_owner_adjudication,approved
pos_indonesia_postcode_search,2026-08-11,32.78.08.1003,KARIKIL,46127,https://kodepos.posindonesia.co.id/CariKodepos,"Exact village, district, city, and province match on Pos Indonesia.",accept_other,codex_pos_exact_hierarchy_review,project_owner_adjudication,approved
pos_indonesia_postcode_search,2026-08-11,32.78.08.1004,LINGGAJAYA,46128,https://kodepos.posindonesia.co.id/CariKodepos,"Exact village, district, city, and province match on Pos Indonesia.",accept_other,codex_pos_exact_hierarchy_review,project_owner_adjudication,approved
pos_indonesia_postcode_search,2026-08-11,32.78.08.1005,CIPAWITRA,46128,https://kodepos.posindonesia.co.id/CariKodepos,"Exact village, district, city, and province match on Pos Indonesia.",accept_other,codex_pos_exact_hierarchy_review,project_owner_adjudication,approved
pos_indonesia_postcode_search,2026-08-11,32.78.08.1006,SAMBONGPARI,46129,https://kodepos.posindonesia.co.id/CariKodepos,"Exact village, district, city, and province match on Pos Indonesia.",accept_other,codex_pos_exact_hierarchy_review,project_owner_adjudication,approved
pos_indonesia_postcode_search,2026-08-11,32.78.08.1007,SAMBONGJAYA,46129,https://kodepos.posindonesia.co.id/CariKodepos,"Exact village, district, city, and province match on Pos Indonesia.",accept_other,codex_pos_exact_hierarchy_review,project_owner_adjudication,approved
pos_indonesia_postcode_search,2026-08-11,32.78.08.1008,CIPARI,46128,https://kodepos.posindonesia.co.id/CariKodepos,"Exact village, district, city, and province match on Pos Indonesia.",accept_other,codex_pos_exact_hierarchy_review,project_owner_adjudication,approved
pos_indonesia_postcode_search,2026-08-11,32.78.09.1001,SUKAMULYA,46138,https://kodepos.posindonesia.co.id/CariKodepos,"Exact village, district, city, and province match on Pos Indonesia.",accept_other,codex_pos_exact_hierarchy_review,project_owner_adjudication,approved
pos_indonesia_postcode_search,2026-08-11,32.78.09.1002,SUKARINDIK,46138,https://kodepos.posindonesia.co.id/CariKodepos,"Exact village, district, city, and province match on Pos Indonesia.",accept_other,codex_pos_exact_hierarchy_review,project_owner_adjudication,approved
pos_indonesia_postcode_search,2026-08-11,32.78.09.1003,BUNGURSARI,46138,https://kodepos.posindonesia.co.id/CariKodepos,"Exact village, district, city, and province match on Pos Indonesia.",accept_other,codex_pos_exact_hierarchy_review,project_owner_adjudication,approved
pos_indonesia_postcode_search,2026-08-11,32.78.09.1004,SUKAJAYA,46138,https://kodepos.posindonesia.co.id/CariKodepos,"Exact village, district, city, and province match on Pos Indonesia.",accept_other,codex_pos_exact_hierarchy_review,project_owner_adjudication,approved
pos_indonesia_postcode_search,2026-08-11,32.78.09.1005,CIBUNIGEULIS,46139,https://kodepos.posindonesia.co.id/CariKodepos,"Exact village, district, city, and province match on Pos Indonesia.",accept_other,codex_pos_exact_hierarchy_review,project_owner_adjudication,approved
pos_indonesia_postcode_search,2026-08-11,32.78.09.1006,BANTARSARI,46139,https://kodepos.posindonesia.co.id/CariKodepos,"Exact village, district, city, and province match on Pos Indonesia.",accept_other,codex_pos_exact_hierarchy_review,project_owner_adjudication,approved
pos_indonesia_postcode_search,2026-08-11,32.78.09.1007,SUKALAKSANA,46139,https://kodepos.posindonesia.co.id/CariKodepos,"Exact village, district, city, and province match on Pos Indonesia.",accept_other,codex_pos_exact_hierarchy_review,project_owner_adjudication,approved
pos_indonesia_postcode_search,2026-08-11,32.79.01.1001,BANJAR,46311,https://kodepos.posindonesia.co.id/CariKodepos,"Exact village, district, city, and province match on Pos Indonesia.",accept_suggested,codex_pos_exact_hierarchy_review,project_owner_adjudication,approved
pos_indonesia_postcode_search,2026-08-11,32.79.01.1002,MEKARSARI,46317,https://kodepos.posindonesia.co.id/CariKodepos,"Exact village, district, city, and province match on Pos Indonesia.",accept_other,codex_pos_exact_hierarchy_review,project_owner_adjudication,approved
pos_indonesia_postcode_search,2026-08-11,32.79.01.2007,JAJAWAR,46318,https://kodepos.posindonesia.co.id/CariKodepos,"Exact village, district, city, and province match on Pos Indonesia.",accept_other,codex_pos_exact_hierarchy_review,project_owner_adjudication,approved
pos_indonesia_postcode_search,2026-08-11,32.79.02.2003,MULYASARI,46328,https://kodepos.posindonesia.co.id/CariKodepos,"Exact village, district, city, and province match on Pos Indonesia.",accept_other,codex_pos_exact_hierarchy_review,project_owner_adjudication,approved
pos_indonesia_postcode_search,2026-08-11,32.79.02.2006,BINANGUN,46322,https://kodepos.posindonesia.co.id/CariKodepos,"Exact village, district, city, and province match on Pos Indonesia.",accept_other,codex_pos_exact_hierarchy_review,project_owner_adjudication,approved
pos_indonesia_postcode_search,2026-08-11,32.79.02.2007,SUKAMUKTI,46329,https://kodepos.posindonesia.co.id/CariKodepos,"Exact village, district, city, and province match on Pos Indonesia.",accept_other,codex_pos_exact_hierarchy_review,project_owner_adjudication,approved
pos_indonesia_postcode_search,2026-08-11,32.79.02.2008,SINARTANJUNG,46329,https://kodepos.posindonesia.co.id/CariKodepos,"Exact village, district, city, and province match on Pos Indonesia.",accept_other,codex_pos_exact_hierarchy_review,project_owner_adjudication,approved
pos_indonesia_postcode_search,2026-08-11,32.79.04.1005,BOJONGKANTONG,46346,https://kodepos.posindonesia.co.id/CariKodepos,"Exact village, district, city, and province match on Pos Indonesia.",accept_other,codex_pos_exact_hierarchy_review,project_owner_adjudication,approved
pos_indonesia_postcode_search,2026-08-11,32.79.04.2001,LANGENSARI,46341,https://kodepos.posindonesia.co.id/CariKodepos,"Exact village, district, city, and province match on Pos Indonesia.",accept_other,codex_pos_exact_hierarchy_review,project_owner_adjudication,approved
pos_indonesia_postcode_search,2026-08-11,32.79.04.2006,KUJANGSARI,46345,https://kodepos.posindonesia.co.id/CariKodepos,"Exact village, district, city, and province match on Pos Indonesia.",accept_other,codex_pos_exact_hierarchy_review,project_owner_adjudication,approved
pos_indonesia_postcode_search,2026-08-12,32.01.03.1007,KARANG ASEM BARAT,16812,https://kodepos.posindonesia.co.id/CariKodepos,"Exact village, district, city, and province match on Pos Indonesia.",accept_other,codex_pos_exact_hierarchy_review,project_owner_adjudication,approved
pos_indonesia_postcode_search,2026-08-12,32.01.03.2003,LEUWINUTUG,16813,https://kodepos.posindonesia.co.id/CariKodepos,"Exact village, district, city, and province match on Pos Indonesia.",accept_other,codex_pos_exact_hierarchy_review,project_owner_adjudication,approved
pos_indonesia_postcode_search,2026-08-12,32.01.03.2004,TAJUR,16817,https://kodepos.posindonesia.co.id/CariKodepos,"Exact village, district, city, and province match on Pos Indonesia.",accept_other,codex_pos_exact_hierarchy_review,project_owner_adjudication,approved
pos_indonesia_postcode_search,2026-08-12,32.01.03.2005,SANJA,16814,https://kodepos.posindonesia.co.id/CariKodepos,"Exact village, district, city, and province match on Pos Indonesia.",accept_other,codex_pos_exact_hierarchy_review,project_owner_adjudication,approved
pos_indonesia_postcode_search,2026-08-12,32.01.03.2008,KARANG ASEM TIMUR,16812,https://kodepos.posindonesia.co.id/CariKodepos,"Exact village, district, city, and province match on Pos Indonesia.",accept_other,codex_pos_exact_hierarchy_review,project_owner_adjudication,approved
pos_indonesia_postcode_search,2026-08-12,32.01.03.2009,TARIKOLOT,16819,https://kodepos.posindonesia.co.id/CariKodepos,"Exact village, district, city, and province match on Pos Indonesia.",accept_other,codex_pos_exact_hierarchy_review,project_owner_adjudication,approved
pos_indonesia_postcode_search,2026-08-12,32.01.03.2010,GUNUNGSARI,16819,https://kodepos.posindonesia.co.id/CariKodepos,"Exact village, district, city, and province match on Pos Indonesia.",accept_other,codex_pos_exact_hierarchy_review,project_owner_adjudication,approved
pos_indonesia_postcode_search,2026-08-12,32.01.03.2011,TANGKIL,16815,https://kodepos.posindonesia.co.id/CariKodepos,"Exact village, district, city, and province match on Pos Indonesia.",accept_other,codex_pos_exact_hierarchy_review,project_owner_adjudication,approved
pos_indonesia_postcode_search,2026-08-12,32.01.03.2012,SUKAHATI,16814,https://kodepos.posindonesia.co.id/CariKodepos,"Exact village, district, city, and province match on Pos Indonesia.",accept_other,codex_pos_exact_hierarchy_review,project_owner_adjudication,approved
pos_indonesia_postcode_search,2026-08-12,32.01.03.2013,HAMBALANG,16816,https://kodepos.posindonesia.co.id/CariKodepos,"Exact village, district, city, and province match on Pos Indonesia.",accept_other,codex_pos_exact_hierarchy_review,project_owner_adjudication,approved
pos_indonesia_postcode_search,2026-08-12,32.01.03.2014,PASIRMUKTI,16818,https://kodepos.posindonesia.co.id/CariKodepos,"Exact village, district, city, and province match on Pos Indonesia.",accept_other,codex_pos_exact_hierarchy_review,project_owner_adjudication,approved
pos_indonesia_postcode_search,2026-08-12,32.01.04.2001,GUNUNGGEULIS,16713,https://kodepos.posindonesia.co.id/CariKodepos,"Exact village, district, city, and province match on Pos Indonesia.",accept_other,codex_pos_exact_hierarchy_review,project_owner_adjudication,approved
pos_indonesia_postcode_search,2026-08-12,32.01.04.2002,CILEBUT TIMUR,16718,https://kodepos.posindonesia.co.id/CariKodepos,"Exact village, district, city, and province match on Pos Indonesia.",accept_other,codex_pos_exact_hierarchy_review,project_owner_adjudication,approved
pos_indonesia_postcode_search,2026-08-12,32.01.04.2003,CILEBUT BARAT,16718,https://kodepos.posindonesia.co.id/CariKodepos,"Exact village, district, city, and province match on Pos Indonesia.",accept_other,codex_pos_exact_hierarchy_review,project_owner_adjudication,approved
pos_indonesia_postcode_search,2026-08-12,32.01.04.2004,CIBANON,16712,https://kodepos.posindonesia.co.id/CariKodepos,"Exact village, district, city, and province match on Pos Indonesia.",accept_other,codex_pos_exact_hierarchy_review,project_owner_adjudication,approved
pos_indonesia_postcode_search,2026-08-12,32.01.04.2005,NAGRAK,16714,https://kodepos.posindonesia.co.id/CariKodepos,"Exact village, district, city, and province match on Pos Indonesia.",accept_other,codex_pos_exact_hierarchy_review,project_owner_adjudication,approved
pos_indonesia_postcode_search,2026-08-12,32.01.04.2006,SUKATANI,16719,https://kodepos.posindonesia.co.id/CariKodepos,"Exact village, district, city, and province match on Pos Indonesia.",accept_other,codex_pos_exact_hierarchy_review,project_owner_adjudication,approved
pos_indonesia_postcode_search,2026-08-12,32.01.04.2007,SUKARAJA,16711,https://kodepos.posindonesia.co.id/CariKodepos,"Exact village, district, city, and province match on Pos Indonesia.",accept_other,codex_pos_exact_hierarchy_review,project_owner_adjudication,approved
pos_indonesia_postcode_search,2026-08-12,32.01.04.2008,CIKEAS,16714,https://kodepos.posindonesia.co.id/CariKodepos,"Exact village, district, city, and province match on Pos Indonesia.",accept_other,codex_pos_exact_hierarchy_review,project_owner_adjudication,approved
pos_indonesia_postcode_search,2026-08-12,32.01.04.2009,PASIR JAMBU,16717,https://kodepos.posindonesia.co.id/CariKodepos,"Exact village, district, city, and province match on Pos Indonesia.",accept_other,codex_pos_exact_hierarchy_review,project_owner_adjudication,approved
pos_indonesia_postcode_search,2026-08-12,32.01.04.2010,CIMANDALA,16716,https://kodepos.posindonesia.co.id/CariKodepos,"Exact village, district, city, and province match on Pos Indonesia.",accept_other,codex_pos_exact_hierarchy_review,project_owner_adjudication,approved
pos_indonesia_postcode_search,2026-08-12,32.01.04.2011,CIJUJUNG,16716,https://kodepos.posindonesia.co.id/CariKodepos,"Exact village, district, city, and province match on Pos Indonesia.",accept_other,codex_pos_exact_hierarchy_review,project_owner_adjudication,approved
pos_indonesia_postcode_search,2026-08-12,32.01.04.2012,CADASNGAMPAR,16714,https://kodepos.posindonesia.co.id/CariKodepos,"Exact village, district, city, and province match on Pos Indonesia.",accept_other,codex_pos_exact_hierarchy_review,project_owner_adjudication,approved
pos_indonesia_postcode_search,2026-08-12,32.01.04.2013,PASIRLAJA,16715,https://kodepos.posindonesia.co.id/CariKodepos,"Exact village, district, city, and province match on Pos Indonesia.",accept_other,codex_pos_exact_hierarchy_review,project_owner_adjudication,approved
pos_indonesia_postcode_search,2026-08-12,32.01.07.2009,SITUSARI,16824,https://kodepos.posindonesia.co.id/CariKodepos,"Exact village, district, city, and province match on Pos Indonesia.",accept_other,codex_pos_exact_hierarchy_review,project_owner_adjudication,approved
pos_indonesia_postcode_search,2026-08-12,32.01.07.2011,LIMUSNUNGGAL,16829,https://kodepos.posindonesia.co.id/CariKodepos,"Exact village, district, city, and province match on Pos Indonesia.",accept_suggested,codex_pos_exact_hierarchy_review,project_owner_adjudication,approved
pos_indonesia_postcode_search,2026-08-12,32.01.08.2004,KUTAMEKAR,16846,https://kodepos.posindonesia.co.id/CariKodepos,"Exact village, district, city, and province match on Pos Indonesia.",accept_suggested,codex_pos_exact_hierarchy_review,project_owner_adjudication,approved
pos_indonesia_postcode_search,2026-08-12,32.01.09.2001,WARGAJAYA,16883,https://kodepos.posindonesia.co.id/CariKodepos,"Exact village, district, city, and province match on Pos Indonesia.",accept_other,codex_pos_exact_hierarchy_review,project_owner_adjudication,approved
pos_indonesia_postcode_search,2026-08-12,32.01.09.2002,PABUARAN,16888,https://kodepos.posindonesia.co.id/CariKodepos,"Exact village, district, city, and province match on Pos Indonesia.",accept_other,codex_pos_exact_hierarchy_review,project_owner_adjudication,approved
pos_indonesia_postcode_search,2026-08-12,32.01.09.2003,SUKADAMAI,16886,https://kodepos.posindonesia.co.id/CariKodepos,"Exact village, district, city, and province match on Pos Indonesia.",accept_other,codex_pos_exact_hierarchy_review,project_owner_adjudication,approved
pos_indonesia_postcode_search,2026-08-12,32.01.09.2004,SUKAWANGI,16884,https://kodepos.posindonesia.co.id/CariKodepos,"Exact village, district, city, and province match on Pos Indonesia.",accept_other,codex_pos_exact_hierarchy_review,project_owner_adjudication,approved
pos_indonesia_postcode_search,2026-08-12,32.01.09.2005,CIBADAK,16882,https://kodepos.posindonesia.co.id/CariKodepos,"Exact village, district, city, and province match on Pos Indonesia.",accept_other,codex_pos_exact_hierarchy_review,project_owner_adjudication,approved
pos_indonesia_postcode_search,2026-08-12,32.01.09.2006,SUKARESMI,16887,https://kodepos.posindonesia.co.id/CariKodepos,"Exact village, district, city, and province match on Pos Indonesia.",accept_other,codex_pos_exact_hierarchy_review,project_owner_adjudication,approved
pos_indonesia_postcode_search,2026-08-12,32.01.09.2007,SUKAMULYA,16889,https://kodepos.posindonesia.co.id/CariKodepos,"Exact village, district, city, and province match on Pos Indonesia.",accept_other,codex_pos_exact_hierarchy_review,project_owner_adjudication,approved
pos_indonesia_postcode_search,2026-08-12,32.01.09.2008,SUKAHARJA,16885,https://kodepos.posindonesia.co.id/CariKodepos,"Exact village, district, city, and province match on Pos Indonesia.",accept_other,codex_pos_exact_hierarchy_review,project_owner_adjudication,approved
pos_indonesia_postcode_search,2026-08-12,32.01.09.2009,SIRNAJAYA,16883,https://kodepos.posindonesia.co.id/CariKodepos,"Exact village, district, city, and province match on Pos Indonesia.",accept_other,codex_pos_exact_hierarchy_review,project_owner_adjudication,approved
pos_indonesia_postcode_search,2026-08-12,32.01.09.2010,SUKAMAKMUR,16881,https://kodepos.posindonesia.co.id/CariKodepos,"Exact village, district, city, and province match on Pos Indonesia.",accept_other,codex_pos_exact_hierarchy_review,project_owner_adjudication,approved
pos_indonesia_postcode_search,2026-08-12,32.01.10.2006,PAMEGARSARI,16339,https://kodepos.posindonesia.co.id/CariKodepos,"Exact village, district, city, and province match on Pos Indonesia.",accept_other,codex_pos_exact_hierarchy_review,project_owner_adjudication,approved
pos_indonesia_postcode_search,2026-08-12,32.01.13.2001,BOJONGBARU,16926,https://kodepos.posindonesia.co.id/CariKodepos,"Exact village, district, city, and province match on Pos Indonesia.",accept_suggested,codex_pos_exact_hierarchy_review,project_owner_adjudication,approved
pos_indonesia_postcode_search,2026-08-12,32.01.13.2002,CIMANGGIS,16924,https://kodepos.posindonesia.co.id/CariKodepos,"Exact village, district, city, and province match on Pos Indonesia.",accept_suggested,codex_pos_exact_hierarchy_review,project_owner_adjudication,approved
pos_indonesia_postcode_search,2026-08-12,32.01.13.2003,SUSUKAN,16929,https://kodepos.posindonesia.co.id/CariKodepos,"Exact village, district, city, and province match on Pos Indonesia.",accept_suggested,codex_pos_exact_hierarchy_review,project_owner_adjudication,approved
pos_indonesia_postcode_search,2026-08-12,32.01.13.2004,RAGAJAYA,16928,https://kodepos.posindonesia.co.id/CariKodepos,"Exact village, district, city, and province match on Pos Indonesia.",accept_suggested,codex_pos_exact_hierarchy_review,project_owner_adjudication,approved
pos_indonesia_postcode_search,2026-08-12,32.01.13.2006,WARINGINJAYA,16925,https://kodepos.posindonesia.co.id/CariKodepos,"Exact village, district, city, and province match on Pos Indonesia.",accept_suggested,codex_pos_exact_hierarchy_review,project_owner_adjudication,approved
pos_indonesia_postcode_search,2026-08-12,32.01.13.2008,RAWAPANJANG,16927,https://kodepos.posindonesia.co.id/CariKodepos,"Exact village, district, city, and province match on Pos Indonesia.",accept_suggested,codex_pos_exact_hierarchy_review,project_owner_adjudication,approved
pos_indonesia_postcode_search,2026-08-12,32.01.14.2009,CIBEBER I,16642,https://kodepos.posindonesia.co.id/CariKodepos,"Exact village, district, city, and province match on Pos Indonesia.",accept_suggested,codex_pos_exact_hierarchy_review,project_owner_adjudication,approved
pos_indonesia_postcode_search,2026-08-12,32.01.14.2010,CIBEBER II,16642,https://kodepos.posindonesia.co.id/CariKodepos,"Exact village, district, city, and province match on Pos Indonesia.",accept_suggested,codex_pos_exact_hierarchy_review,project_owner_adjudication,approved
pos_indonesia_postcode_search,2026-08-12,32.01.16.2005,CIARUTEUN UDIK,16637,https://kodepos.posindonesia.co.id/CariKodepos,"Exact village, district, city, and province match on Pos Indonesia.",accept_suggested,codex_pos_exact_hierarchy_review,project_owner_adjudication,approved
pos_indonesia_postcode_search,2026-08-12,32.01.16.2011,CIARUTEUN ILIR,16637,https://kodepos.posindonesia.co.id/CariKodepos,"Exact village, district, city, and province match on Pos Indonesia.",accept_suggested,codex_pos_exact_hierarchy_review,project_owner_adjudication,approved
pos_indonesia_postcode_search,2026-08-12,32.01.17.2001,PURWABAKTI,16694,https://kodepos.posindonesia.co.id/CariKodepos,"Exact village, district, city, and province match on Pos Indonesia.",accept_other,codex_pos_exact_hierarchy_review,project_owner_adjudication,approved
pos_indonesia_postcode_search,2026-08-12,32.01.17.2002,CIBUNIAN,16693,https://kodepos.posindonesia.co.id/CariKodepos,"Exact village, district, city, and province match on Pos Indonesia.",accept_other,codex_pos_exact_hierarchy_review,project_owner_adjudication,approved
pos_indonesia_postcode_search,2026-08-12,32.01.17.2003,CIBITUNGWETAN,16692,https://kodepos.posindonesia.co.id/CariKodepos,"Exact village, district, city, and province match on Pos Indonesia.",accept_other,codex_pos_exact_hierarchy_review,project_owner_adjudication,approved
pos_indonesia_postcode_search,2026-08-12,32.01.17.2004,GUNUNGMENYAN,16699,https://kodepos.posindonesia.co.id/CariKodepos,"Exact village, district, city, and province match on Pos Indonesia.",accept_other,codex_pos_exact_hierarchy_review,project_owner_adjudication,approved
pos_indonesia_postcode_search,2026-08-12,32.01.17.2005,GUNUNGBUNDER II,16697,https://kodepos.posindonesia.co.id/CariKodepos,"Exact village, district, city, and province match on Pos Indonesia.",accept_suggested,codex_pos_exact_hierarchy_review,project_owner_adjudication,approved
pos_indonesia_postcode_search,2026-08-12,32.01.17.2006,PASAREAN,16699,https://kodepos.posindonesia.co.id/CariKodepos,"Exact village, district, city, and province match on Pos Indonesia.",accept_other,codex_pos_exact_hierarchy_review,project_owner_adjudication,approved
pos_indonesia_postcode_search,2026-08-12,32.01.17.2007,CIMAYANG,16698,https://kodepos.posindonesia.co.id/CariKodepos,"Exact village, district, city, and province match on Pos Indonesia.",accept_other,codex_pos_exact_hierarchy_review,project_owner_adjudication,approved
pos_indonesia_postcode_search,2026-08-12,32.01.17.2008,PAMIJAHAN,16691,https://kodepos.posindonesia.co.id/CariKodepos,"Exact village, district, city, and province match on Pos Indonesia.",accept_other,codex_pos_exact_hierarchy_review,project_owner_adjudication,approved
pos_indonesia_postcode_search,2026-08-12,32.01.17.2009,CIBENING,16698,https://kodepos.posindonesia.co.id/CariKodepos,"Exact village, district, city, and province match on Pos Indonesia.",accept_other,codex_pos_exact_hierarchy_review,project_owner_adjudication,approved
pos_indonesia_postcode_search,2026-08-12,32.01.17.2010,GUNUNGBUNDER I,16697,https://kodepos.posindonesia.co.id/CariKodepos,"Exact village, district, city, and province match on Pos Indonesia.",accept_other,codex_pos_exact_hierarchy_review,project_owner_adjudication,approved
pos_indonesia_postcode_search,2026-08-12,32.01.17.2011,CIBITUNG KULON,16692,https://kodepos.posindonesia.co.id/CariKodepos,"Exact village, district, city, and province match on Pos Indonesia.",accept_other,codex_pos_exact_hierarchy_review,project_owner_adjudication,approved
pos_indonesia_postcode_search,2026-08-12,32.01.17.2012,GUNUNG PICUNG,16696,https://kodepos.posindonesia.co.id/CariKodepos,"Exact village, district, city, and province match on Pos Indonesia.",accept_other,codex_pos_exact_hierarchy_review,project_owner_adjudication,approved
pos_indonesia_postcode_search,2026-08-12,32.01.17.2013,CIASIHAN,16695,https://kodepos.posindonesia.co.id/CariKodepos,"Exact village, district, city, and province match on Pos Indonesia.",accept_other,codex_pos_exact_hierarchy_review,project_owner_adjudication,approved
pos_indonesia_postcode_search,2026-08-12,32.01.17.2014,GUNUNGSARI,16696,https://kodepos.posindonesia.co.id/CariKodepos,"Exact village, district, city, and province match on Pos Indonesia.",accept_other,codex_pos_exact_hierarchy_review,project_owner_adjudication,approved
pos_indonesia_postcode_search,2026-08-12,32.01.17.2015,CIASMARA,16695,https://kodepos.posindonesia.co.id/CariKodepos,"Exact village, district, city, and province match on Pos Indonesia.",accept_other,codex_pos_exact_hierarchy_review,project_owner_adjudication,approved
pos_indonesia_postcode_search,2026-08-12,32.01.18.2010,TAMANSARI,16352,https://kodepos.posindonesia.co.id/CariKodepos,"Exact village, district, city, and province match on Pos Indonesia.",accept_suggested,codex_pos_exact_hierarchy_review,project_owner_adjudication,approved
pos_indonesia_postcode_search,2026-08-12,32.01.18.2011,KERTAJAYA,16353,https://kodepos.posindonesia.co.id/CariKodepos,"Exact village, district, city, and province match on Pos Indonesia.",accept_suggested,codex_pos_exact_hierarchy_review,project_owner_adjudication,approved
pos_indonesia_postcode_search,2026-08-12,32.01.18.2013,MEKARSARI,16354,https://kodepos.posindonesia.co.id/CariKodepos,"Exact village, district, city, and province match on Pos Indonesia.",accept_suggested,codex_pos_exact_hierarchy_review,project_owner_adjudication,approved
pos_indonesia_postcode_search,2026-08-12,32.01.19.2013,JUGALA JAYA,16674,https://kodepos.posindonesia.co.id/CariKodepos,"Exact village, district, city, and province match on Pos Indonesia.",accept_other,codex_pos_exact_hierarchy_review,project_owner_adjudication,approved
pos_indonesia_postcode_search,2026-08-12,32.01.19.2014,TEGALWANGI,16672,https://kodepos.posindonesia.co.id/CariKodepos,"Exact village, district, city, and province match on Pos Indonesia.",accept_suggested,codex_pos_exact_hierarchy_review,project_owner_adjudication,approved
pos_indonesia_postcode_search,2026-08-12,32.01.19.2016,WIRAJAYA,16673,https://kodepos.posindonesia.co.id/CariKodepos,"Exact village, district, city, and province match on Pos Indonesia.",accept_suggested,codex_pos_exact_hierarchy_review,project_owner_adjudication,approved
pos_indonesia_postcode_search,2026-08-12,32.01.20.2006,PARUNGPANJANG,16361,https://kodepos.posindonesia.co.id/CariKodepos,"Exact village, district, city, and province match on Pos Indonesia.",accept_suggested,codex_pos_exact_hierarchy_review,project_owner_adjudication,approved
pos_indonesia_postcode_search,2026-08-12,32.01.21.2011,BATU TULIS,16657,https://kodepos.posindonesia.co.id/CariKodepos,"Exact village, district, city, and province match on Pos Indonesia.",accept_other,codex_pos_exact_hierarchy_review,project_owner_adjudication,approved
pos_indonesia_postcode_search,2026-08-12,32.01.22.2004,BANYURESMI,16664,https://kodepos.posindonesia.co.id/CariKodepos,"Exact village, district, city, and province match on Pos Indonesia.",accept_suggested,codex_pos_exact_hierarchy_review,project_owner_adjudication,approved
pos_indonesia_postcode_search,2026-08-12,32.01.22.2009,BATUJAJAR,16667,https://kodepos.posindonesia.co.id/CariKodepos,"Exact village, district, city, and province match on Pos Indonesia.",accept_suggested,codex_pos_exact_hierarchy_review,project_owner_adjudication,approved
pos_indonesia_postcode_search,2026-08-12,32.01.22.2012,BANYUWANGI,16664,https://kodepos.posindonesia.co.id/CariKodepos,"Exact village, district, city, and province match on Pos Indonesia.",accept_suggested,codex_pos_exact_hierarchy_review,project_owner_adjudication,approved
pos_indonesia_postcode_search,2026-08-12,32.01.22.2013,BANYUASIH,16664,https://kodepos.posindonesia.co.id/CariKodepos,"Exact village, district, city, and province match on Pos Indonesia.",accept_suggested,codex_pos_exact_hierarchy_review,project_owner_adjudication,approved
pos_indonesia_postcode_search,2026-08-12,32.01.24.2012,CIAWI,16721,https://kodepos.posindonesia.co.id/CariKodepos,"Exact village, district, city, and province match on Pos Indonesia.",accept_other,codex_pos_exact_hierarchy_review,project_owner_adjudication,approved
pos_indonesia_postcode_search,2026-08-12,32.01.25.1010,CISARUA,16759,https://kodepos.posindonesia.co.id/CariKodepos,"Exact village, district, city, and province match on Pos Indonesia.",accept_other,codex_pos_exact_hierarchy_review,project_owner_adjudication,approved
pos_indonesia_postcode_search,2026-08-12,32.01.26.2006,CIPAYUNG DATAR,16772,https://kodepos.posindonesia.co.id/CariKodepos,"Exact village, district, city, and province match on Pos Indonesia.",accept_suggested,codex_pos_exact_hierarchy_review,project_owner_adjudication,approved
pos_indonesia_postcode_search,2026-08-12,32.01.27.2004,CARINGIN,16732,https://kodepos.posindonesia.co.id/CariKodepos,"Exact village, district, city, and province match on Pos Indonesia.",accept_other,codex_pos_exact_hierarchy_review,project_owner_adjudication,approved
pos_indonesia_postcode_search,2026-08-12,32.01.27.2009,MUARA JAYA,16739,https://kodepos.posindonesia.co.id/CariKodepos,"Exact village, district, city, and province match on Pos Indonesia.",accept_suggested,codex_pos_exact_hierarchy_review,project_owner_adjudication,approved
pos_indonesia_postcode_search,2026-08-12,32.01.30.2003,SINARSARI,16682,https://kodepos.posindonesia.co.id/CariKodepos,"Exact village, district, city, and province match on Pos Indonesia.",accept_suggested,codex_pos_exact_hierarchy_review,project_owner_adjudication,approved
pos_indonesia_postcode_search,2026-08-12,32.01.31.2001,SUKAMANTRI,16265,https://kodepos.posindonesia.co.id/CariKodepos,"Exact village, district, city, and province match on Pos Indonesia.",accept_other,codex_pos_exact_hierarchy_review,project_owner_adjudication,approved
pos_indonesia_postcode_search,2026-08-12,32.01.31.2002,SIRNAGALIH,16266,https://kodepos.posindonesia.co.id/CariKodepos,"Exact village, district, city, and province match on Pos Indonesia.",accept_other,codex_pos_exact_hierarchy_review,project_owner_adjudication,approved
pos_indonesia_postcode_search,2026-08-12,32.01.31.2003,PASIREURIH,16267,https://kodepos.posindonesia.co.id/CariKodepos,"Exact village, district, city, and province match on Pos Indonesia.",accept_suggested,codex_pos_exact_hierarchy_review,project_owner_adjudication,approved
pos_indonesia_postcode_search,2026-08-12,32.01.31.2004,TAMANSARI,16261,https://kodepos.posindonesia.co.id/CariKodepos,"Exact village, district, city, and province match on Pos Indonesia.",accept_suggested,codex_pos_exact_hierarchy_review,project_owner_adjudication,approved
pos_indonesia_postcode_search,2026-08-12,32.01.31.2005,SUKALUYU,16262,https://kodepos.posindonesia.co.id/CariKodepos,"Exact village, district, city, and province match on Pos Indonesia.",accept_other,codex_pos_exact_hierarchy_review,project_owner_adjudication,approved
pos_indonesia_postcode_search,2026-08-12,32.01.31.2006,SUKARESMI,16268,https://kodepos.posindonesia.co.id/CariKodepos,"Exact village, district, city, and province match on Pos Indonesia.",accept_other,codex_pos_exact_hierarchy_review,project_owner_adjudication,approved
pos_indonesia_postcode_search,2026-08-12,32.01.31.2007,SUKAJAYA,16264,https://kodepos.posindonesia.co.id/CariKodepos,"Exact village, district, city, and province match on Pos Indonesia.",accept_other,codex_pos_exact_hierarchy_review,project_owner_adjudication,approved
pos_indonesia_postcode_search,2026-08-12,32.01.31.2008,SUKAJADI,16263,https://kodepos.posindonesia.co.id/CariKodepos,"Exact village, district, city, and province match on Pos Indonesia.",accept_other,codex_pos_exact_hierarchy_review,project_owner_adjudication,approved
pos_indonesia_postcode_search,2026-08-12,32.01.32.2001,KLAPANUNGGAL,16871,https://kodepos.posindonesia.co.id/CariKodepos,"Exact village, district, city, and province match on Pos Indonesia.",accept_suggested,codex_pos_exact_hierarchy_review,project_owner_adjudication,approved
pos_indonesia_postcode_search,2026-08-12,32.01.32.2002,BOJONG,16878,https://kodepos.posindonesia.co.id/CariKodepos,"Exact village, district, city, and province match on Pos Indonesia.",accept_other,codex_pos_exact_hierarchy_review,project_owner_adjudication,approved
pos_indonesia_postcode_search,2026-08-12,32.01.32.2003,NAMBO,16873,https://kodepos.posindonesia.co.id/CariKodepos,"Exact village, district, city, and province match on Pos Indonesia.",accept_suggested,codex_pos_exact_hierarchy_review,project_owner_adjudication,approved
pos_indonesia_postcode_search,2026-08-12,32.01.32.2004,LULUT,16875,https://kodepos.posindonesia.co.id/CariKodepos,"Exact village, district, city, and province match on Pos Indonesia.",accept_suggested,codex_pos_exact_hierarchy_review,project_owner_adjudication,approved
pos_indonesia_postcode_search,2026-08-12,32.01.32.2005,CIKAHURIPAN,16877,https://kodepos.posindonesia.co.id/CariKodepos,"Exact village, district, city, and province match on Pos Indonesia.",accept_suggested,codex_pos_exact_hierarchy_review,project_owner_adjudication,approved
pos_indonesia_postcode_search,2026-08-12,32.01.32.2006,KEMBANG KUNING,16872,https://kodepos.posindonesia.co.id/CariKodepos,"Exact village, district, city, and province match on Pos Indonesia.",accept_suggested,codex_pos_exact_hierarchy_review,project_owner_adjudication,approved
pos_indonesia_postcode_search,2026-08-12,32.01.32.2007,BANTAR JATI,16874,https://kodepos.posindonesia.co.id/CariKodepos,"Exact village, district, city, and province match on Pos Indonesia.",accept_suggested,codex_pos_exact_hierarchy_review,project_owner_adjudication,approved
pos_indonesia_postcode_search,2026-08-12,32.01.32.2008,LEUWIKARET,16876,https://kodepos.posindonesia.co.id/CariKodepos,"Exact village, district, city, and province match on Pos Indonesia.",accept_suggested,codex_pos_exact_hierarchy_review,project_owner_adjudication,approved
pos_indonesia_postcode_search,2026-08-12,32.01.32.2009,LIGARMUKTI,16879,https://kodepos.posindonesia.co.id/CariKodepos,"Exact village, district, city, and province match on Pos Indonesia.",accept_suggested,codex_pos_exact_hierarchy_review,project_owner_adjudication,approved
pos_indonesia_postcode_search,2026-08-12,32.01.33.2008,CIHOE,16389,https://kodepos.posindonesia.co.id/CariKodepos,"Exact village, district, city, and province match on Pos Indonesia.",accept_suggested,codex_pos_exact_hierarchy_review,project_owner_adjudication,approved
pos_indonesia_postcode_search,2026-08-12,32.01.34.2001,BANTARJAYA,16253,https://kodepos.posindonesia.co.id/CariKodepos,"Exact village, district, city, and province match on Pos Indonesia.",accept_suggested,codex_pos_exact_hierarchy_review,project_owner_adjudication,approved
pos_indonesia_postcode_search,2026-08-12,32.01.34.2002,BANTARSARI,16254,https://kodepos.posindonesia.co.id/CariKodepos,"Exact village, district, city, and province match on Pos Indonesia.",accept_suggested,codex_pos_exact_hierarchy_review,project_owner_adjudication,approved
pos_indonesia_postcode_search,2026-08-12,32.01.34.2003,PASIRGAOK,16252,https://kodepos.posindonesia.co.id/CariKodepos,"Exact village, district, city, and province match on Pos Indonesia.",accept_suggested,codex_pos_exact_hierarchy_review,project_owner_adjudication,approved
pos_indonesia_postcode_search,2026-08-12,32.01.34.2004,RANCABUNGUR,16251,https://kodepos.posindonesia.co.id/CariKodepos,"Exact village, district, city, and province match on Pos Indonesia.",accept_suggested,codex_pos_exact_hierarchy_review,project_owner_adjudication,approved
pos_indonesia_postcode_search,2026-08-12,32.01.34.2005,MEKARSARI,16256,https://kodepos.posindonesia.co.id/CariKodepos,"Exact village, district, city, and province match on Pos Indonesia.",accept_suggested,codex_pos_exact_hierarchy_review,project_owner_adjudication,approved
pos_indonesia_postcode_search,2026-08-12,32.01.34.2006,CANDALI,16255,https://kodepos.posindonesia.co.id/CariKodepos,"Exact village, district, city, and province match on Pos Indonesia.",accept_suggested,codex_pos_exact_hierarchy_review,project_owner_adjudication,approved
pos_indonesia_postcode_search,2026-08-12,32.01.34.2007,CIMULANG,16252,https://kodepos.posindonesia.co.id/CariKodepos,"Exact village, district, city, and province match on Pos Indonesia.",accept_suggested,codex_pos_exact_hierarchy_review,project_owner_adjudication,approved
pos_indonesia_postcode_search,2026-08-12,32.01.35.2001,CISARUA,16293,https://kodepos.posindonesia.co.id/CariKodepos,"Exact village, district, city, and province match on Pos Indonesia.",accept_other,codex_pos_exact_hierarchy_review,project_owner_adjudication,approved
pos_indonesia_postcode_search,2026-08-12,32.01.35.2002,KIARASARI,16294,https://kodepos.posindonesia.co.id/CariKodepos,"Exact village, district, city, and province match on Pos Indonesia.",accept_other,codex_pos_exact_hierarchy_review,project_owner_adjudication,approved
pos_indonesia_postcode_search,2026-08-12,32.01.35.2003,SUKAJAYA,16291,https://kodepos.posindonesia.co.id/CariKodepos,"Exact village, district, city, and province match on Pos Indonesia.",accept_other,codex_pos_exact_hierarchy_review,project_owner_adjudication,approved
pos_indonesia_postcode_search,2026-08-12,32.01.35.2004,SIPAYUNG,16297,https://kodepos.posindonesia.co.id/CariKodepos,"Exact village, district, city, and province match on Pos Indonesia.",accept_other,codex_pos_exact_hierarchy_review,project_owner_adjudication,approved
pos_indonesia_postcode_search,2026-08-12,32.01.35.2005,CILEUKSA,16292,https://kodepos.posindonesia.co.id/CariKodepos,"Exact village, district, city, and province match on Pos Indonesia.",accept_other,codex_pos_exact_hierarchy_review,project_owner_adjudication,approved
pos_indonesia_postcode_search,2026-08-12,32.01.35.2006,KIARAPANDAK,16295,https://kodepos.posindonesia.co.id/CariKodepos,"Exact village, district, city, and province match on Pos Indonesia.",accept_suggested,codex_pos_exact_hierarchy_review,project_owner_adjudication,approved
pos_indonesia_postcode_search,2026-08-12,32.01.35.2007,HARKATJAYA,16296,https://kodepos.posindonesia.co.id/CariKodepos,"Exact village, district, city, and province match on Pos Indonesia.",accept_other,codex_pos_exact_hierarchy_review,project_owner_adjudication,approved
pos_indonesia_postcode_search,2026-08-12,32.01.35.2008,SUKAMULIH,16299,https://kodepos.posindonesia.co.id/CariKodepos,"Exact village, district, city, and province match on Pos Indonesia.",accept_other,codex_pos_exact_hierarchy_review,project_owner_adjudication,approved
pos_indonesia_postcode_search,2026-08-12,32.01.35.2009,PASIR MADANG,16298,https://kodepos.posindonesia.co.id/CariKodepos,"Exact village, district, city, and province match on Pos Indonesia.",accept_other,codex_pos_exact_hierarchy_review,project_owner_adjudication,approved
pos_indonesia_postcode_search,2026-08-12,32.01.35.2010,URUG,16291,https://kodepos.posindonesia.co.id/CariKodepos,"Exact village, district, city, and province match on Pos Indonesia.",accept_other,codex_pos_exact_hierarchy_review,project_owner_adjudication,approved
pos_indonesia_postcode_search,2026-08-12,32.01.35.2011,JAYARAHARJA,16295,https://kodepos.posindonesia.co.id/CariKodepos,"Exact village, district, city, and province match on Pos Indonesia.",accept_other,codex_pos_exact_hierarchy_review,project_owner_adjudication,approved
pos_indonesia_postcode_search,2026-08-12,32.01.36.2001,TANJUNGSARI,16851,https://kodepos.posindonesia.co.id/CariKodepos,"Exact village, district, city, and province match on Pos Indonesia.",accept_suggested,codex_pos_exact_hierarchy_review,project_owner_adjudication,approved
pos_indonesia_postcode_search,2026-08-12,32.01.36.2002,SELAWANGI,16858,https://kodepos.posindonesia.co.id/CariKodepos,"Exact village, district, city, and province match on Pos Indonesia.",accept_other,codex_pos_exact_hierarchy_review,project_owner_adjudication,approved
pos_indonesia_postcode_search,2026-08-12,32.01.36.2003,TANJUNGRASA,16856,https://kodepos.posindonesia.co.id/CariKodepos,"Exact village, district, city, and province match on Pos Indonesia.",accept_suggested,codex_pos_exact_hierarchy_review,project_owner_adjudication,approved
pos_indonesia_postcode_search,2026-08-12,32.01.36.2004,ANTAJAYA,16854,https://kodepos.posindonesia.co.id/CariKodepos,"Exact village, district, city, and province match on Pos Indonesia.",accept_other,codex_pos_exact_hierarchy_review,project_owner_adjudication,approved
pos_indonesia_postcode_search,2026-08-12,32.01.36.2005,PASIR TANJUNG,16855,https://kodepos.posindonesia.co.id/CariKodepos,"Exact village, district, city, and province match on Pos Indonesia.",accept_other,codex_pos_exact_hierarchy_review,project_owner_adjudication,approved
pos_indonesia_postcode_search,2026-08-12,32.01.36.2006,CIBADAK,16857,https://kodepos.posindonesia.co.id/CariKodepos,"Exact village, district, city, and province match on Pos Indonesia.",accept_other,codex_pos_exact_hierarchy_review,project_owner_adjudication,approved
pos_indonesia_postcode_search,2026-08-12,32.01.36.2007,SUKARASA,16859,https://kodepos.posindonesia.co.id/CariKodepos,"Exact village, district, city, and province match on Pos Indonesia.",accept_other,codex_pos_exact_hierarchy_review,project_owner_adjudication,approved
pos_indonesia_postcode_search,2026-08-12,32.01.36.2008,SIRNASARI,16852,https://kodepos.posindonesia.co.id/CariKodepos,"Exact village, district, city, and province match on Pos Indonesia.",accept_other,codex_pos_exact_hierarchy_review,project_owner_adjudication,approved
pos_indonesia_postcode_search,2026-08-12,32.01.36.2009,BUANAJAYA,16853,https://kodepos.posindonesia.co.id/CariKodepos,"Exact village, district, city, and province match on Pos Indonesia.",accept_other,codex_pos_exact_hierarchy_review,project_owner_adjudication,approved
pos_indonesia_postcode_search,2026-08-12,32.01.36.2010,SIRNARASA,16852,https://kodepos.posindonesia.co.id/CariKodepos,"Exact village, district, city, and province match on Pos Indonesia.",accept_other,codex_pos_exact_hierarchy_review,project_owner_adjudication,approved
pos_indonesia_postcode_search,2026-08-12,32.01.37.2001,TAJURHALANG,16931,https://kodepos.posindonesia.co.id/CariKodepos,"Exact village, district, city, and province match on Pos Indonesia.",accept_suggested,codex_pos_exact_hierarchy_review,project_owner_adjudication,approved
pos_indonesia_postcode_search,2026-08-12,32.01.37.2002,CITAYAM,16935,https://kodepos.posindonesia.co.id/CariKodepos,"Exact village, district, city, and province match on Pos Indonesia.",accept_suggested,codex_pos_exact_hierarchy_review,project_owner_adjudication,approved
pos_indonesia_postcode_search,2026-08-12,32.01.37.2003,SASAK PANJANG,16936,https://kodepos.posindonesia.co.id/CariKodepos,"Exact village, district, city, and province match on Pos Indonesia.",accept_suggested,codex_pos_exact_hierarchy_review,project_owner_adjudication,approved
pos_indonesia_postcode_search,2026-08-12,32.01.37.2004,NANGGERANG,16934,https://kodepos.posindonesia.co.id/CariKodepos,"Exact village, district, city, and province match on Pos Indonesia.",accept_suggested,codex_pos_exact_hierarchy_review,project_owner_adjudication,approved
pos_indonesia_postcode_search,2026-08-12,32.01.37.2005,SUKMAJAYA,16933,https://kodepos.posindonesia.co.id/CariKodepos,"Exact village, district, city, and province match on Pos Indonesia.",accept_suggested,codex_pos_exact_hierarchy_review,project_owner_adjudication,approved
pos_indonesia_postcode_search,2026-08-12,32.01.37.2006,TONJONG,16932,https://kodepos.posindonesia.co.id/CariKodepos,"Exact village, district, city, and province match on Pos Indonesia.",accept_suggested,codex_pos_exact_hierarchy_review,project_owner_adjudication,approved
pos_indonesia_postcode_search,2026-08-12,32.01.37.2007,KALISUREN,16937,https://kodepos.posindonesia.co.id/CariKodepos,"Exact village, district, city, and province match on Pos Indonesia.",accept_suggested,codex_pos_exact_hierarchy_review,project_owner_adjudication,approved
pos_indonesia_postcode_search,2026-08-12,32.01.38.2006,TUGUJAYA,16749,https://kodepos.posindonesia.co.id/CariKodepos,"Exact village, district, city, and province match on Pos Indonesia.",accept_suggested,codex_pos_exact_hierarchy_review,project_owner_adjudication,approved
pos_indonesia_postcode_search,2026-08-12,32.01.38.2007,PASIRJAYA,16747,https://kodepos.posindonesia.co.id/CariKodepos,"Exact village, district, city, and province match on Pos Indonesia.",accept_suggested,codex_pos_exact_hierarchy_review,project_owner_adjudication,approved
pos_indonesia_postcode_search,2026-08-12,32.01.39.2001,LEUWISADENG,16281,https://kodepos.posindonesia.co.id/CariKodepos,"Exact village, district, city, and province match on Pos Indonesia.",accept_other,codex_pos_exact_hierarchy_review,project_owner_adjudication,approved
pos_indonesia_postcode_search,2026-08-12,32.01.39.2002,BABAKAN SADENG,16283,https://kodepos.posindonesia.co.id/CariKodepos,"Exact village, district, city, and province match on Pos Indonesia.",accept_other,codex_pos_exact_hierarchy_review,project_owner_adjudication,approved
pos_indonesia_postcode_search,2026-08-12,32.01.39.2003,SADENG KOLOT,16282,https://kodepos.posindonesia.co.id/CariKodepos,"Exact village, district, city, and province match on Pos Indonesia.",accept_other,codex_pos_exact_hierarchy_review,project_owner_adjudication,approved
pos_indonesia_postcode_search,2026-08-12,32.01.39.2004,WANGUNJAYA,16288,https://kodepos.posindonesia.co.id/CariKodepos,"Exact village, district, city, and province match on Pos Indonesia.",accept_other,codex_pos_exact_hierarchy_review,project_owner_adjudication,approved
pos_indonesia_postcode_search,2026-08-12,32.01.39.2005,KALONG I,16286,https://kodepos.posindonesia.co.id/CariKodepos,"Exact village, district, city, and province match on Pos Indonesia.",accept_suggested,codex_pos_exact_hierarchy_review,project_owner_adjudication,approved
pos_indonesia_postcode_search,2026-08-12,32.01.39.2006,KALONG II,16287,https://kodepos.posindonesia.co.id/CariKodepos,"Exact village, district, city, and province match on Pos Indonesia.",accept_suggested,codex_pos_exact_hierarchy_review,project_owner_adjudication,approved
pos_indonesia_postcode_search,2026-08-12,32.01.39.2007,SADENG,16285,https://kodepos.posindonesia.co.id/CariKodepos,"Exact village, district, city, and province match on Pos Indonesia.",accept_other,codex_pos_exact_hierarchy_review,project_owner_adjudication,approved
pos_indonesia_postcode_search,2026-08-12,32.01.39.2008,SIBANTENG,16284,https://kodepos.posindonesia.co.id/CariKodepos,"Exact village, district, city, and province match on Pos Indonesia.",accept_other,codex_pos_exact_hierarchy_review,project_owner_adjudication,approved
pos_indonesia_postcode_search,2026-08-12,32.01.40.2001,TAPOS I,16271,https://kodepos.posindonesia.co.id/CariKodepos,"Exact village, district, city, and province match on Pos Indonesia.",accept_other,codex_pos_exact_hierarchy_review,project_owner_adjudication,approved
pos_indonesia_postcode_search,2026-08-12,32.01.40.2002,TAPOS II,16272,https://kodepos.posindonesia.co.id/CariKodepos,"Exact village, district, city, and province match on Pos Indonesia.",accept_other,codex_pos_exact_hierarchy_review,project_owner_adjudication,approved
pos_indonesia_postcode_search,2026-08-12,32.01.40.2003,CIBITUNG TENGAH,16276,https://kodepos.posindonesia.co.id/CariKodepos,"Exact village, district, city, and province match on Pos Indonesia.",accept_other,codex_pos_exact_hierarchy_review,project_owner_adjudication,approved
pos_indonesia_postcode_search,2026-08-12,32.01.40.2004,SITUDAUN,16274,https://kodepos.posindonesia.co.id/CariKodepos,"Exact village, district, city, and province match on Pos Indonesia.",accept_other,codex_pos_exact_hierarchy_review,project_owner_adjudication,approved
pos_indonesia_postcode_search,2026-08-12,32.01.40.2005,CINANGNENG,16275,https://kodepos.posindonesia.co.id/CariKodepos,"Exact village, district, city, and province match on Pos Indonesia.",accept_other,codex_pos_exact_hierarchy_review,project_owner_adjudication,approved
pos_indonesia_postcode_search,2026-08-12,32.01.40.2006,GUNUNG MALANG,16273,https://kodepos.posindonesia.co.id/CariKodepos,"Exact village, district, city, and province match on Pos Indonesia.",accept_other,codex_pos_exact_hierarchy_review,project_owner_adjudication,approved
pos_indonesia_postcode_search,2026-08-12,32.01.40.2007,GUNUNG MULYA,16273,https://kodepos.posindonesia.co.id/CariKodepos,"Exact village, district, city, and province match on Pos Indonesia.",accept_suggested,codex_pos_exact_hierarchy_review,project_owner_adjudication,approved
pos_indonesia_postcode_search,2026-08-12,32.02.01.1001,PALABUHANRATU,43311,https://kodepos.posindonesia.co.id/CariKodepos,"Exact village, district, city, and province match on Pos Indonesia.",accept_other,codex_pos_exact_hierarchy_review,project_owner_adjudication,approved
pos_indonesia_postcode_search,2026-08-12,32.02.01.2002,TONJONG,43318,https://kodepos.posindonesia.co.id/CariKodepos,"Exact village, district, city, and province match on Pos Indonesia.",accept_suggested,codex_pos_exact_hierarchy_review,project_owner_adjudication,approved
pos_indonesia_postcode_search,2026-08-12,32.02.01.2003,CITEPUS,43313,https://kodepos.posindonesia.co.id/CariKodepos,"Exact village, district, city, and province match on Pos Indonesia.",accept_suggested,codex_pos_exact_hierarchy_review,project_owner_adjudication,approved
pos_indonesia_postcode_search,2026-08-12,32.02.01.2004,BUNIWANGI,43314,https://kodepos.posindonesia.co.id/CariKodepos,"Exact village, district, city, and province match on Pos Indonesia.",accept_suggested,codex_pos_exact_hierarchy_review,project_owner_adjudication,approved
pos_indonesia_postcode_search,2026-08-12,32.02.01.2005,CIBODAS,43315,https://kodepos.posindonesia.co.id/CariKodepos,"Exact village, district, city, and province match on Pos Indonesia.",accept_other,codex_pos_exact_hierarchy_review,project_owner_adjudication,approved
pos_indonesia_postcode_search,2026-08-12,32.02.01.2006,PASIRSUREN,43317,https://kodepos.posindonesia.co.id/CariKodepos,"Exact village, district, city, and province match on Pos Indonesia.",accept_suggested,codex_pos_exact_hierarchy_review,project_owner_adjudication,approved
pos_indonesia_postcode_search,2026-08-12,32.02.01.2007,CIKADU,43316,https://kodepos.posindonesia.co.id/CariKodepos,"Exact village, district, city, and province match on Pos Indonesia.",accept_other,codex_pos_exact_hierarchy_review,project_owner_adjudication,approved
pos_indonesia_postcode_search,2026-08-12,32.02.01.2008,CITARIK,43312,https://kodepos.posindonesia.co.id/CariKodepos,"Exact village, district, city, and province match on Pos Indonesia.",accept_suggested,codex_pos_exact_hierarchy_review,project_owner_adjudication,approved
pos_indonesia_postcode_search,2026-08-12,32.02.01.2009,CIMANGGU,43314,https://kodepos.posindonesia.co.id/CariKodepos,"Exact village, district, city, and province match on Pos Indonesia.",accept_other,codex_pos_exact_hierarchy_review,project_owner_adjudication,approved
pos_indonesia_postcode_search,2026-08-12,32.02.01.2010,JAYANTI,43312,https://kodepos.posindonesia.co.id/CariKodepos,"Exact village, district, city, and province match on Pos Indonesia.",accept_other,codex_pos_exact_hierarchy_review,project_owner_adjudication,approved
pos_indonesia_postcode_search,2026-08-12,32.02.12.2001,KALAPAREA,43356,https://kodepos.posindonesia.co.id/CariKodepos,"Exact village, district, city, and province match on Pos Indonesia.",accept_other,codex_pos_exact_hierarchy_review,project_owner_adjudication,approved
pos_indonesia_postcode_search,2026-08-12,32.02.12.2002,PAWENANG,43356,https://kodepos.posindonesia.co.id/CariKodepos,"Exact village, district, city, and province match on Pos Indonesia.",accept_other,codex_pos_exact_hierarchy_review,project_owner_adjudication,approved
pos_indonesia_postcode_search,2026-08-12,32.02.12.2003,NAGRAK UTARA,43356,https://kodepos.posindonesia.co.id/CariKodepos,"Exact village, district, city, and province match on Pos Indonesia.",accept_suggested,codex_pos_exact_hierarchy_review,project_owner_adjudication,approved
pos_indonesia_postcode_search,2026-08-12,32.02.12.2004,CISARUA,43356,https://kodepos.posindonesia.co.id/CariKodepos,"Exact village, district, city, and province match on Pos Indonesia.",accept_suggested,codex_pos_exact_hierarchy_review,project_owner_adjudication,approved
pos_indonesia_postcode_search,2026-08-12,32.02.12.2009,BALEKAMBANG,43356,https://kodepos.posindonesia.co.id/CariKodepos,"Exact village, district, city, and province match on Pos Indonesia.",accept_suggested,codex_pos_exact_hierarchy_review,project_owner_adjudication,approved
pos_indonesia_postcode_search,2026-08-12,32.02.12.2010,BABAKAN PANJANG,43356,https://kodepos.posindonesia.co.id/CariKodepos,"Exact village, district, city, and province match on Pos Indonesia.",accept_other,codex_pos_exact_hierarchy_review,project_owner_adjudication,approved
pos_indonesia_postcode_search,2026-08-12,32.02.12.2011,DARMAREJA,43356,https://kodepos.posindonesia.co.id/CariKodepos,"Exact village, district, city, and province match on Pos Indonesia.",accept_other,codex_pos_exact_hierarchy_review,project_owner_adjudication,approved
pos_indonesia_postcode_search,2026-08-12,32.02.12.2012,CIHANYAWAR,43356,https://kodepos.posindonesia.co.id/CariKodepos,"Exact village, district, city, and province match on Pos Indonesia.",accept_other,codex_pos_exact_hierarchy_review,project_owner_adjudication,approved
pos_indonesia_postcode_search,2026-08-12,32.02.12.2013,NAGRAK SELATAN,43356,https://kodepos.posindonesia.co.id/CariKodepos,"Exact village, district, city, and province match on Pos Indonesia.",accept_suggested,codex_pos_exact_hierarchy_review,project_owner_adjudication,approved
pos_indonesia_postcode_search,2026-08-12,32.02.12.2014,GIRIJAYA,43356,https://kodepos.posindonesia.co.id/CariKodepos,"Exact village, district, city, and province match on Pos Indonesia.",accept_other,codex_pos_exact_hierarchy_review,project_owner_adjudication,approved
pos_indonesia_postcode_search,2026-08-12,32.02.17.2004,CIDAHU,43358,https://kodepos.posindonesia.co.id/CariKodepos,"Exact village, district, city, and province match on Pos Indonesia.",accept_other,codex_pos_exact_hierarchy_review,project_owner_adjudication,approved
pos_indonesia_postcode_search,2026-08-12,32.02.20.2005,MANGUNJAYA,43375,https://kodepos.posindonesia.co.id/CariKodepos,"Exact village, district, city, and province match on Pos Indonesia.",accept_other,codex_pos_exact_hierarchy_review,project_owner_adjudication,approved
pos_indonesia_postcode_search,2026-08-12,32.02.21.1001,JAMPANGKULON,43378,https://kodepos.posindonesia.co.id/CariKodepos,"Exact village, district, city, and province match on Pos Indonesia.",accept_other,codex_pos_exact_hierarchy_review,project_owner_adjudication,approved
pos_indonesia_postcode_search,2026-08-12,32.02.21.2002,BOJONGGENTENG,43378,https://kodepos.posindonesia.co.id/CariKodepos,"Exact village, district, city, and province match on Pos Indonesia.",accept_other,codex_pos_exact_hierarchy_review,project_owner_adjudication,approved
pos_indonesia_postcode_search,2026-08-12,32.02.21.2003,CIKARANG,43378,https://kodepos.posindonesia.co.id/CariKodepos,"Exact village, district, city, and province match on Pos Indonesia.",accept_other,codex_pos_exact_hierarchy_review,project_owner_adjudication,approved
pos_indonesia_postcode_search,2026-08-12,32.02.21.2005,BOJONGSARI,43378,https://kodepos.posindonesia.co.id/CariKodepos,"Exact village, district, city, and province match on Pos Indonesia.",accept_other,codex_pos_exact_hierarchy_review,project_owner_adjudication,approved
pos_indonesia_postcode_search,2026-08-12,32.02.21.2007,NAGRAKSARI,43378,https://kodepos.posindonesia.co.id/CariKodepos,"Exact village, district, city, and province match on Pos Indonesia.",accept_other,codex_pos_exact_hierarchy_review,project_owner_adjudication,approved
pos_indonesia_postcode_search,2026-08-12,32.02.21.2008,MEKARJAYA,43378,https://kodepos.posindonesia.co.id/CariKodepos,"Exact village, district, city, and province match on Pos Indonesia.",accept_other,codex_pos_exact_hierarchy_review,project_owner_adjudication,approved
pos_indonesia_postcode_search,2026-08-12,32.02.21.2009,TANJUNG,43378,https://kodepos.posindonesia.co.id/CariKodepos,"Exact village, district, city, and province match on Pos Indonesia.",accept_other,codex_pos_exact_hierarchy_review,project_owner_adjudication,approved
pos_indonesia_postcode_search,2026-08-12,32.02.21.2011,CIPARAY,43378,https://kodepos.posindonesia.co.id/CariKodepos,"Exact village, district, city, and province match on Pos Indonesia.",accept_other,codex_pos_exact_hierarchy_review,project_owner_adjudication,approved
pos_indonesia_postcode_search,2026-08-12,32.02.21.2013,PADAJAYA,43378,https://kodepos.posindonesia.co.id/CariKodepos,"Exact village, district, city, and province match on Pos Indonesia.",accept_other,codex_pos_exact_hierarchy_review,project_owner_adjudication,approved
pos_indonesia_postcode_search,2026-08-12,32.02.21.2014,KARANGANYAR,43378,https://kodepos.posindonesia.co.id/CariKodepos,"Exact village, district, city, and province match on Pos Indonesia.",accept_other,codex_pos_exact_hierarchy_review,project_owner_adjudication,approved
pos_indonesia_postcode_search,2026-08-12,32.02.21.2016,CIKARANGGEUSAN,43378,https://kodepos.posindonesia.co.id/CariKodepos,"Exact village, district, city, and province match on Pos Indonesia.",accept_other,codex_pos_exact_hierarchy_review,project_owner_adjudication,approved
pos_indonesia_postcode_search,2026-08-12,32.02.22.2008,SIDAMULYA,43377,https://kodepos.posindonesia.co.id/CariKodepos,"Exact village, district, city, and province match on Pos Indonesia.",accept_other,codex_pos_exact_hierarchy_review,project_owner_adjudication,approved
pos_indonesia_postcode_search,2026-08-12,32.02.23.2007,MEKARWANGI,43385,https://kodepos.posindonesia.co.id/CariKodepos,"Exact village, district, city, and province match on Pos Indonesia.",accept_other,codex_pos_exact_hierarchy_review,project_owner_adjudication,approved
pos_indonesia_postcode_search,2026-08-12,32.02.24.1013,SURADE,43379,https://kodepos.posindonesia.co.id/CariKodepos,"Exact village, district, city, and province match on Pos Indonesia.",accept_suggested,codex_pos_exact_hierarchy_review,project_owner_adjudication,approved
pos_indonesia_postcode_search,2026-08-12,32.02.26.2007,UJUNG GENTENG,43376,https://kodepos.posindonesia.co.id/CariKodepos,"Exact village, district, city, and province match on Pos Indonesia.",accept_suggested,codex_pos_exact_hierarchy_review,project_owner_adjudication,approved
pos_indonesia_postcode_search,2026-08-12,32.02.26.2008,PANGUMBAHAN,43376,https://kodepos.posindonesia.co.id/CariKodepos,"Exact village, district, city, and province match on Pos Indonesia.",accept_suggested,codex_pos_exact_hierarchy_review,project_owner_adjudication,approved
pos_indonesia_postcode_search,2026-08-12,32.02.27.2001,CIKUJANG,43346,https://kodepos.posindonesia.co.id/CariKodepos,"Exact village, district, city, and province match on Pos Indonesia.",accept_suggested,codex_pos_exact_hierarchy_review,project_owner_adjudication,approved
pos_indonesia_postcode_search,2026-08-12,32.02.27.2002,GUNUNGGURUH,43346,https://kodepos.posindonesia.co.id/CariKodepos,"Exact village, district, city, and province match on Pos Indonesia.",accept_suggested,codex_pos_exact_hierarchy_review,project_owner_adjudication,approved
pos_indonesia_postcode_search,2026-08-12,32.02.27.2003,CIBENTANG,43346,https://kodepos.posindonesia.co.id/CariKodepos,"Exact village, district, city, and province match on Pos Indonesia.",accept_suggested,codex_pos_exact_hierarchy_review,project_owner_adjudication,approved
pos_indonesia_postcode_search,2026-08-12,32.02.27.2004,SIRNARESMI,43346,https://kodepos.posindonesia.co.id/CariKodepos,"Exact village, district, city, and province match on Pos Indonesia.",accept_suggested,codex_pos_exact_hierarchy_review,project_owner_adjudication,approved
pos_indonesia_postcode_search,2026-08-12,32.02.27.2005,KEBONMANGGU,43346,https://kodepos.posindonesia.co.id/CariKodepos,"Exact village, district, city, and province match on Pos Indonesia.",accept_suggested,codex_pos_exact_hierarchy_review,project_owner_adjudication,approved
pos_indonesia_postcode_search,2026-08-12,32.02.27.2006,CIBOLANG,43346,https://kodepos.posindonesia.co.id/CariKodepos,"Exact village, district, city, and province match on Pos Indonesia.",accept_suggested,codex_pos_exact_hierarchy_review,project_owner_adjudication,approved
pos_indonesia_postcode_search,2026-08-12,32.02.27.2007,MANGKALAYA,43346,https://kodepos.posindonesia.co.id/CariKodepos,"Exact village, district, city, and province match on Pos Indonesia.",accept_suggested,codex_pos_exact_hierarchy_review,project_owner_adjudication,approved
pos_indonesia_postcode_search,2026-08-12,32.02.31.2009,PASIR DATAR INDAH,43344,https://kodepos.posindonesia.co.id/CariKodepos,"Exact village, district, city, and province match on Pos Indonesia.",accept_other,codex_pos_exact_hierarchy_review,project_owner_adjudication,approved
pos_indonesia_postcode_search,2026-08-12,32.02.32.2006,PERBAWATI,43341,https://kodepos.posindonesia.co.id/CariKodepos,"Exact village, district, city, and province match on Pos Indonesia.",accept_suggested,codex_pos_exact_hierarchy_review,project_owner_adjudication,approved
pos_indonesia_postcode_search,2026-08-12,32.02.33.2004,SUKARAJA,43392,https://kodepos.posindonesia.co.id/CariKodepos,"Exact village, district, city, and province match on Pos Indonesia.",accept_other,codex_pos_exact_hierarchy_review,project_owner_adjudication,approved
pos_indonesia_postcode_search,2026-08-12,32.02.37.2001,PABUARAN,43373,https://kodepos.posindonesia.co.id/CariKodepos,"Exact village, district, city, and province match on Pos Indonesia.",accept_other,codex_pos_exact_hierarchy_review,project_owner_adjudication,approved
pos_indonesia_postcode_search,2026-08-12,32.02.37.2007,LEMBUR SAWAH,43373,https://kodepos.posindonesia.co.id/CariKodepos,"Exact village, district, city, and province match on Pos Indonesia.",accept_other,codex_pos_exact_hierarchy_review,project_owner_adjudication,approved
pos_indonesia_postcode_search,2026-08-12,32.02.42.2006,NAGRAKJAYA,43382,https://kodepos.posindonesia.co.id/CariKodepos,"Exact village, district, city, and province match on Pos Indonesia.",accept_other,codex_pos_exact_hierarchy_review,project_owner_adjudication,approved
pos_indonesia_postcode_search,2026-08-12,32.02.43.2001,CIDOLOG,43384,https://kodepos.posindonesia.co.id/CariKodepos,"Exact village, district, city, and province match on Pos Indonesia.",accept_other,codex_pos_exact_hierarchy_review,project_owner_adjudication,approved
pos_indonesia_postcode_search,2026-08-12,32.02.45.2008,SIRNAMEKAR,43386,https://kodepos.posindonesia.co.id/CariKodepos,"Exact village, district, city, and province match on Pos Indonesia.",accept_suggested,codex_pos_exact_hierarchy_review,project_owner_adjudication,approved
pos_indonesia_postcode_search,2026-08-12,32.02.46.2001,CIMANGGU,43388,https://kodepos.posindonesia.co.id/CariKodepos,"Exact village, district, city, and province match on Pos Indonesia.",accept_other,codex_pos_exact_hierarchy_review,project_owner_adjudication,approved
pos_indonesia_postcode_search,2026-08-12,32.02.47.2003,WANGUNJAYA,43352,https://kodepos.posindonesia.co.id/CariKodepos,"Exact village, district, city, and province match on Pos Indonesia.",accept_other,codex_pos_exact_hierarchy_review,project_owner_adjudication,approved
pos_indonesia_postcode_search,2026-08-12,32.03.01.2005,LIMBANGANSARI,43218,https://kodepos.posindonesia.co.id/CariKodepos,"Exact village, district, city, and province match on Pos Indonesia.",accept_suggested,codex_pos_exact_hierarchy_review,project_owner_adjudication,approved
pos_indonesia_postcode_search,2026-08-12,32.03.02.2002,JAMBUDIPA,43261,https://kodepos.posindonesia.co.id/CariKodepos,"Exact village, district, city, and province match on Pos Indonesia.",accept_suggested,codex_pos_exact_hierarchy_review,project_owner_adjudication,approved
pos_indonesia_postcode_search,2026-08-12,32.03.02.2006,CISARANDI,43261,https://kodepos.posindonesia.co.id/CariKodepos,"Exact village, district, city, and province match on Pos Indonesia.",accept_suggested,codex_pos_exact_hierarchy_review,project_owner_adjudication,approved
pos_indonesia_postcode_search,2026-08-12,32.03.02.2007,CIKAROYA,43261,https://kodepos.posindonesia.co.id/CariKodepos,"Exact village, district, city, and province match on Pos Indonesia.",accept_suggested,codex_pos_exact_hierarchy_review,project_owner_adjudication,approved
pos_indonesia_postcode_search,2026-08-12,32.03.02.2008,BUNIKASIH,43261,https://kodepos.posindonesia.co.id/CariKodepos,"Exact village, district, city, and province match on Pos Indonesia.",accept_suggested,codex_pos_exact_hierarchy_review,project_owner_adjudication,approved
pos_indonesia_postcode_search,2026-08-12,32.03.02.2009,CIWALEN,43261,https://kodepos.posindonesia.co.id/CariKodepos,"Exact village, district, city, and province match on Pos Indonesia.",accept_suggested,codex_pos_exact_hierarchy_review,project_owner_adjudication,approved
pos_indonesia_postcode_search,2026-08-12,32.03.02.2010,TEGALLEGA,43261,https://kodepos.posindonesia.co.id/CariKodepos,"Exact village, district, city, and province match on Pos Indonesia.",accept_suggested,codex_pos_exact_hierarchy_review,project_owner_adjudication,approved
pos_indonesia_postcode_search,2026-08-12,32.03.02.2011,SUKAWANGI,43261,https://kodepos.posindonesia.co.id/CariKodepos,"Exact village, district, city, and province match on Pos Indonesia.",accept_suggested,codex_pos_exact_hierarchy_review,project_owner_adjudication,approved
pos_indonesia_postcode_search,2026-08-12,32.03.02.2014,BUNISARI,43261,https://kodepos.posindonesia.co.id/CariKodepos,"Exact village, district, city, and province match on Pos Indonesia.",accept_suggested,codex_pos_exact_hierarchy_review,project_owner_adjudication,approved
pos_indonesia_postcode_search,2026-08-12,32.03.02.2016,SUKAMULYA,43261,https://kodepos.posindonesia.co.id/CariKodepos,"Exact village, district, city, and province match on Pos Indonesia.",accept_suggested,codex_pos_exact_hierarchy_review,project_owner_adjudication,approved
pos_indonesia_postcode_search,2026-08-12,32.03.02.2017,CIEUNDEUR,43261,https://kodepos.posindonesia.co.id/CariKodepos,"Exact village, district, city, and province match on Pos Indonesia.",accept_suggested,codex_pos_exact_hierarchy_review,project_owner_adjudication,approved
pos_indonesia_postcode_search,2026-08-12,32.03.02.2018,MEKARWANGI,43261,https://kodepos.posindonesia.co.id/CariKodepos,"Exact village, district, city, and province match on Pos Indonesia.",accept_suggested,codex_pos_exact_hierarchy_review,project_owner_adjudication,approved
pos_indonesia_postcode_search,2026-08-12,32.03.09.2001,SELAJAMBE,43284,https://kodepos.posindonesia.co.id/CariKodepos,"Exact village, district, city, and province match on Pos Indonesia.",accept_suggested,codex_pos_exact_hierarchy_review,project_owner_adjudication,approved
pos_indonesia_postcode_search,2026-08-12,32.03.09.2002,SUKAMULYA,43284,https://kodepos.posindonesia.co.id/CariKodepos,"Exact village, district, city, and province match on Pos Indonesia.",accept_suggested,codex_pos_exact_hierarchy_review,project_owner_adjudication,approved
pos_indonesia_postcode_search,2026-08-12,32.03.09.2003,PANYUSUHAN,43284,https://kodepos.posindonesia.co.id/CariKodepos,"Exact village, district, city, and province match on Pos Indonesia.",accept_suggested,codex_pos_exact_hierarchy_review,project_owner_adjudication,approved
pos_indonesia_postcode_search,2026-08-12,32.03.09.2004,TANJUNGSARI,43284,https://kodepos.posindonesia.co.id/CariKodepos,"Exact village, district, city, and province match on Pos Indonesia.",accept_suggested,codex_pos_exact_hierarchy_review,project_owner_adjudication,approved
pos_indonesia_postcode_search,2026-08-12,32.03.09.2005,SIDANGRAJA,43284,https://kodepos.posindonesia.co.id/CariKodepos,"Exact village, district, city, and province match on Pos Indonesia.",accept_suggested,codex_pos_exact_hierarchy_review,project_owner_adjudication,approved
pos_indonesia_postcode_search,2026-08-12,32.03.09.2006,MEKARJAYA,43284,https://kodepos.posindonesia.co.id/CariKodepos,"Exact village, district, city, and province match on Pos Indonesia.",accept_suggested,codex_pos_exact_hierarchy_review,project_owner_adjudication,approved
pos_indonesia_postcode_search,2026-08-12,32.03.09.2007,SUKASIRNA,43284,https://kodepos.posindonesia.co.id/CariKodepos,"Exact village, district, city, and province match on Pos Indonesia.",accept_suggested,codex_pos_exact_hierarchy_review,project_owner_adjudication,approved
pos_indonesia_postcode_search,2026-08-12,32.03.09.2008,SUKALUYU,43284,https://kodepos.posindonesia.co.id/CariKodepos,"Exact village, district, city, and province match on Pos Indonesia.",accept_suggested,codex_pos_exact_hierarchy_review,project_owner_adjudication,approved
pos_indonesia_postcode_search,2026-08-12,32.03.09.2009,BABAKANSARI,43284,https://kodepos.posindonesia.co.id/CariKodepos,"Exact village, district, city, and province match on Pos Indonesia.",accept_suggested,codex_pos_exact_hierarchy_review,project_owner_adjudication,approved
pos_indonesia_postcode_search,2026-08-12,32.03.09.2010,HEGARMANAH,43284,https://kodepos.posindonesia.co.id/CariKodepos,"Exact village, district, city, and province match on Pos Indonesia.",accept_suggested,codex_pos_exact_hierarchy_review,project_owner_adjudication,approved
pos_indonesia_postcode_search,2026-08-12,32.03.22.2004,SUKAMANAH,43273,https://kodepos.posindonesia.co.id/CariKodepos,"Exact village, district, city, and province match on Pos Indonesia.",accept_suggested,codex_pos_exact_hierarchy_review,project_owner_adjudication,approved
pos_indonesia_postcode_search,2026-08-12,32.03.22.2005,BOJONGKASO,43273,https://kodepos.posindonesia.co.id/CariKodepos,"Exact village, district, city, and province match on Pos Indonesia.",accept_suggested,codex_pos_exact_hierarchy_review,project_owner_adjudication,approved
pos_indonesia_postcode_search,2026-08-12,32.03.22.2006,BUNISARI,43273,https://kodepos.posindonesia.co.id/CariKodepos,"Exact village, district, city, and province match on Pos Indonesia.",accept_suggested,codex_pos_exact_hierarchy_review,project_owner_adjudication,approved
pos_indonesia_postcode_search,2026-08-12,32.03.22.2007,WANASARI,43273,https://kodepos.posindonesia.co.id/CariKodepos,"Exact village, district, city, and province match on Pos Indonesia.",accept_suggested,codex_pos_exact_hierarchy_review,project_owner_adjudication,approved
pos_indonesia_postcode_search,2026-08-12,32.03.22.2010,SINARLAUT,43273,https://kodepos.posindonesia.co.id/CariKodepos,"Exact village, district, city, and province match on Pos Indonesia.",accept_suggested,codex_pos_exact_hierarchy_review,project_owner_adjudication,approved
pos_indonesia_postcode_search,2026-08-12,32.03.22.2014,NEGLASARI,43273,https://kodepos.posindonesia.co.id/CariKodepos,"Exact village, district, city, and province match on Pos Indonesia.",accept_suggested,codex_pos_exact_hierarchy_review,project_owner_adjudication,approved
pos_indonesia_postcode_search,2026-08-12,32.03.22.2016,KARANGSARI,43273,https://kodepos.posindonesia.co.id/CariKodepos,"Exact village, district, city, and province match on Pos Indonesia.",accept_suggested,codex_pos_exact_hierarchy_review,project_owner_adjudication,approved
pos_indonesia_postcode_search,2026-08-12,32.03.22.2017,MULYASARI,43273,https://kodepos.posindonesia.co.id/CariKodepos,"Exact village, district, city, and province match on Pos Indonesia.",accept_suggested,codex_pos_exact_hierarchy_review,project_owner_adjudication,approved
pos_indonesia_postcode_search,2026-08-12,32.03.22.2018,TANJUNG SARI,43273,https://kodepos.posindonesia.co.id/CariKodepos,"Exact village, district, city, and province match on Pos Indonesia.",accept_suggested,codex_pos_exact_hierarchy_review,project_owner_adjudication,approved
pos_indonesia_postcode_search,2026-08-12,32.03.22.2019,MEKARSARI,43273,https://kodepos.posindonesia.co.id/CariKodepos,"Exact village, district, city, and province match on Pos Indonesia.",accept_suggested,codex_pos_exact_hierarchy_review,project_owner_adjudication,approved
pos_indonesia_postcode_search,2026-08-12,32.03.22.2022,WANGUNJAYA,43273,https://kodepos.posindonesia.co.id/CariKodepos,"Exact village, district, city, and province match on Pos Indonesia.",accept_suggested,codex_pos_exact_hierarchy_review,project_owner_adjudication,approved
pos_indonesia_postcode_search,2026-08-12,32.03.25.2001,CIBANGGALA,43278,https://kodepos.posindonesia.co.id/CariKodepos,"Exact village, district, city, and province match on Pos Indonesia.",accept_suggested,codex_pos_exact_hierarchy_review,project_owner_adjudication,approved
pos_indonesia_postcode_search,2026-08-12,32.03.25.2002,CAMPAKAWARNA,43278,https://kodepos.posindonesia.co.id/CariKodepos,"Exact village, district, city, and province match on Pos Indonesia.",accept_suggested,codex_pos_exact_hierarchy_review,project_owner_adjudication,approved
pos_indonesia_postcode_search,2026-08-12,32.03.25.2003,SUKASIRNA,43278,https://kodepos.posindonesia.co.id/CariKodepos,"Exact village, district, city, and province match on Pos Indonesia.",accept_other,codex_pos_exact_hierarchy_review,project_owner_adjudication,approved
pos_indonesia_postcode_search,2026-08-12,32.03.25.2004,CAMPAKAMULYA,43278,https://kodepos.posindonesia.co.id/CariKodepos,"Exact village, district, city, and province match on Pos Indonesia.",accept_suggested,codex_pos_exact_hierarchy_review,project_owner_adjudication,approved
pos_indonesia_postcode_search,2026-08-12,32.03.25.2005,SUKABUNGAH,43278,https://kodepos.posindonesia.co.id/CariKodepos,"Exact village, district, city, and province match on Pos Indonesia.",accept_suggested,codex_pos_exact_hierarchy_review,project_owner_adjudication,approved
pos_indonesia_postcode_search,2026-08-12,32.03.26.2001,KALAPANUNGGAL,43276,https://kodepos.posindonesia.co.id/CariKodepos,"Exact village, district, city, and province match on Pos Indonesia.",accept_other,codex_pos_exact_hierarchy_review,project_owner_adjudication,approved
pos_indonesia_postcode_search,2026-08-12,32.03.26.2002,CIKADU,43276,https://kodepos.posindonesia.co.id/CariKodepos,"Exact village, district, city, and province match on Pos Indonesia.",accept_other,codex_pos_exact_hierarchy_review,project_owner_adjudication,approved
pos_indonesia_postcode_search,2026-08-12,32.03.26.2003,MEKARWANGI,43276,https://kodepos.posindonesia.co.id/CariKodepos,"Exact village, district, city, and province match on Pos Indonesia.",accept_other,codex_pos_exact_hierarchy_review,project_owner_adjudication,approved
pos_indonesia_postcode_search,2026-08-12,32.03.26.2004,PADALUYU,43276,https://kodepos.posindonesia.co.id/CariKodepos,"Exact village, district, city, and province match on Pos Indonesia.",accept_other,codex_pos_exact_hierarchy_review,project_owner_adjudication,approved
pos_indonesia_postcode_search,2026-08-12,32.03.26.2005,SUKAMULYA,43276,https://kodepos.posindonesia.co.id/CariKodepos,"Exact village, district, city, and province match on Pos Indonesia.",accept_other,codex_pos_exact_hierarchy_review,project_owner_adjudication,approved
pos_indonesia_postcode_search,2026-08-12,32.03.26.2006,CISARANTEN,43276,https://kodepos.posindonesia.co.id/CariKodepos,"Exact village, district, city, and province match on Pos Indonesia.",accept_other,codex_pos_exact_hierarchy_review,project_owner_adjudication,approved
pos_indonesia_postcode_search,2026-08-12,32.03.26.2007,MEKARLAKSANA,43276,https://kodepos.posindonesia.co.id/CariKodepos,"Exact village, district, city, and province match on Pos Indonesia.",accept_other,codex_pos_exact_hierarchy_review,project_owner_adjudication,approved
pos_indonesia_postcode_search,2026-08-12,32.03.26.2008,SUKALUYU,43276,https://kodepos.posindonesia.co.id/CariKodepos,"Exact village, district, city, and province match on Pos Indonesia.",accept_other,codex_pos_exact_hierarchy_review,project_owner_adjudication,approved
pos_indonesia_postcode_search,2026-08-12,32.03.26.2009,MEKARJAYA,43276,https://kodepos.posindonesia.co.id/CariKodepos,"Exact village, district, city, and province match on Pos Indonesia.",accept_other,codex_pos_exact_hierarchy_review,project_owner_adjudication,approved
pos_indonesia_postcode_search,2026-08-12,32.03.26.2010,SUKAMANAH,43276,https://kodepos.posindonesia.co.id/CariKodepos,"Exact village, district, city, and province match on Pos Indonesia.",accept_other,codex_pos_exact_hierarchy_review,project_owner_adjudication,approved
pos_indonesia_postcode_search,2026-08-12,32.03.28.2001,CIPANAS,43255,https://kodepos.posindonesia.co.id/CariKodepos,"Exact village, district, city, and province match on Pos Indonesia.",accept_other,codex_pos_exact_hierarchy_review,project_owner_adjudication,approved
pos_indonesia_postcode_search,2026-08-12,32.03.31.2001,HAURWANGI,43286,https://kodepos.posindonesia.co.id/CariKodepos,"Exact village, district, city, and province match on Pos Indonesia.",accept_other,codex_pos_exact_hierarchy_review,project_owner_adjudication,approved
pos_indonesia_postcode_search,2026-08-12,32.03.31.2002,CIHEA,43286,https://kodepos.posindonesia.co.id/CariKodepos,"Exact village, district, city, and province match on Pos Indonesia.",accept_other,codex_pos_exact_hierarchy_review,project_owner_adjudication,approved
pos_indonesia_postcode_search,2026-08-12,32.03.31.2003,RAMASARI,43286,https://kodepos.posindonesia.co.id/CariKodepos,"Exact village, district, city, and province match on Pos Indonesia.",accept_other,codex_pos_exact_hierarchy_review,project_owner_adjudication,approved
pos_indonesia_postcode_search,2026-08-12,32.03.31.2004,MEKARWANGI/SUKATANI,43286,https://kodepos.posindonesia.co.id/CariKodepos,"Exact village, district, city, and province match on Pos Indonesia.",accept_other,codex_pos_exact_hierarchy_review,project_owner_adjudication,approved
pos_indonesia_postcode_search,2026-08-12,32.03.31.2005,MEKARWANGI,43286,https://kodepos.posindonesia.co.id/CariKodepos,"Exact village, district, city, and province match on Pos Indonesia.",accept_other,codex_pos_exact_hierarchy_review,project_owner_adjudication,approved
pos_indonesia_postcode_search,2026-08-12,32.03.31.2006,KERTASARI,43286,https://kodepos.posindonesia.co.id/CariKodepos,"Exact village, district, city, and province match on Pos Indonesia.",accept_other,codex_pos_exact_hierarchy_review,project_owner_adjudication,approved
pos_indonesia_postcode_search,2026-08-12,32.03.31.2007,CIPEUYEUM,43286,https://kodepos.posindonesia.co.id/CariKodepos,"Exact village, district, city, and province match on Pos Indonesia.",accept_other,codex_pos_exact_hierarchy_review,project_owner_adjudication,approved
pos_indonesia_postcode_search,2026-08-12,32.03.31.2008,KERTAMUKTI,43286,https://kodepos.posindonesia.co.id/CariKodepos,"Exact village, district, city, and province match on Pos Indonesia.",accept_other,codex_pos_exact_hierarchy_review,project_owner_adjudication,approved
pos_indonesia_postcode_search,2026-08-12,32.04.06.1001,PADASUKA,40191,https://kodepos.posindonesia.co.id/CariKodepos,"Exact village, district, city, and province match on Pos Indonesia.",accept_other,codex_pos_exact_hierarchy_review,project_owner_adjudication,approved
pos_indonesia_postcode_search,2026-08-12,32.04.06.1002,CIBEUNYING,40191,https://kodepos.posindonesia.co.id/CariKodepos,"Exact village, district, city, and province match on Pos Indonesia.",accept_other,codex_pos_exact_hierarchy_review,project_owner_adjudication,approved
pos_indonesia_postcode_search,2026-08-12,32.04.06.2003,CIMENYAN,40197,https://kodepos.posindonesia.co.id/CariKodepos,"Exact village, district, city, and province match on Pos Indonesia.",accept_other,codex_pos_exact_hierarchy_review,project_owner_adjudication,approved
pos_indonesia_postcode_search,2026-08-12,32.04.06.2004,MANDALAMEKAR,40193,https://kodepos.posindonesia.co.id/CariKodepos,"Exact village, district, city, and province match on Pos Indonesia.",accept_other,codex_pos_exact_hierarchy_review,project_owner_adjudication,approved
pos_indonesia_postcode_search,2026-08-12,32.04.06.2005,CIKADUT,40191,https://kodepos.posindonesia.co.id/CariKodepos,"Exact village, district, city, and province match on Pos Indonesia.",accept_other,codex_pos_exact_hierarchy_review,project_owner_adjudication,approved
pos_indonesia_postcode_search,2026-08-12,32.04.06.2006,CIBURIAL,40198,https://kodepos.posindonesia.co.id/CariKodepos,"Exact village, district, city, and province match on Pos Indonesia.",accept_other,codex_pos_exact_hierarchy_review,project_owner_adjudication,approved
pos_indonesia_postcode_search,2026-08-12,32.04.06.2007,SINDANGLAYA,40195,https://kodepos.posindonesia.co.id/CariKodepos,"Exact village, district, city, and province match on Pos Indonesia.",accept_other,codex_pos_exact_hierarchy_review,project_owner_adjudication,approved
pos_indonesia_postcode_search,2026-08-12,32.04.06.2008,MEKARSALUYU,40198,https://kodepos.posindonesia.co.id/CariKodepos,"Exact village, district, city, and province match on Pos Indonesia.",accept_other,codex_pos_exact_hierarchy_review,project_owner_adjudication,approved
pos_indonesia_postcode_search,2026-08-12,32.04.06.2009,MEKARMANIK,40196,https://kodepos.posindonesia.co.id/CariKodepos,"Exact village, district, city, and province match on Pos Indonesia.",accept_other,codex_pos_exact_hierarchy_review,project_owner_adjudication,approved
pos_indonesia_postcode_search,2026-08-12,32.04.13.2003,BANJARAN KULON,40377,https://kodepos.posindonesia.co.id/CariKodepos,"Exact village, district, city, and province match on Pos Indonesia.",accept_other,codex_pos_exact_hierarchy_review,project_owner_adjudication,approved
pos_indonesia_postcode_search,2026-08-12,32.04.34.2001,RANCAKASUMBA,40387,https://kodepos.posindonesia.co.id/CariKodepos,"Exact village, district, city, and province match on Pos Indonesia.",accept_other,codex_pos_exact_hierarchy_review,project_owner_adjudication,approved
pos_indonesia_postcode_search,2026-08-12,32.04.34.2002,SOLOKANJERUK,40387,https://kodepos.posindonesia.co.id/CariKodepos,"Exact village, district, city, and province match on Pos Indonesia.",accept_suggested,codex_pos_exact_hierarchy_review,project_owner_adjudication,approved
pos_indonesia_postcode_search,2026-08-12,32.04.34.2003,CIBODAS,40387,https://kodepos.posindonesia.co.id/CariKodepos,"Exact village, district, city, and province match on Pos Indonesia.",accept_other,codex_pos_exact_hierarchy_review,project_owner_adjudication,approved
pos_indonesia_postcode_search,2026-08-12,32.04.34.2004,PANYADAP,40387,https://kodepos.posindonesia.co.id/CariKodepos,"Exact village, district, city, and province match on Pos Indonesia.",accept_other,codex_pos_exact_hierarchy_review,project_owner_adjudication,approved
pos_indonesia_postcode_search,2026-08-12,32.04.34.2005,BOJONGEMAS,40387,https://kodepos.posindonesia.co.id/CariKodepos,"Exact village, district, city, and province match on Pos Indonesia.",accept_other,codex_pos_exact_hierarchy_review,project_owner_adjudication,approved
pos_indonesia_postcode_search,2026-08-12,32.04.34.2006,PADAMUKTI,40387,https://kodepos.posindonesia.co.id/CariKodepos,"Exact village, district, city, and province match on Pos Indonesia.",accept_other,codex_pos_exact_hierarchy_review,project_owner_adjudication,approved
pos_indonesia_postcode_search,2026-08-12,32.04.34.2007,LANGENSARI,40387,https://kodepos.posindonesia.co.id/CariKodepos,"Exact village, district, city, and province match on Pos Indonesia.",accept_other,codex_pos_exact_hierarchy_review,project_owner_adjudication,approved
pos_indonesia_postcode_search,2026-08-12,32.04.40.2001,PATENGAN,40363,https://kodepos.posindonesia.co.id/CariKodepos,"Exact village, district, city, and province match on Pos Indonesia.",accept_suggested,codex_pos_exact_hierarchy_review,project_owner_adjudication,approved
pos_indonesia_postcode_search,2026-08-12,32.04.40.2002,SUKARESMI,40363,https://kodepos.posindonesia.co.id/CariKodepos,"Exact village, district, city, and province match on Pos Indonesia.",accept_suggested,codex_pos_exact_hierarchy_review,project_owner_adjudication,approved
pos_indonesia_postcode_search,2026-08-12,32.04.40.2003,INDRAGIRI,40363,https://kodepos.posindonesia.co.id/CariKodepos,"Exact village, district, city, and province match on Pos Indonesia.",accept_suggested,codex_pos_exact_hierarchy_review,project_owner_adjudication,approved
pos_indonesia_postcode_search,2026-08-12,32.04.40.2004,CIPELAH,40363,https://kodepos.posindonesia.co.id/CariKodepos,"Exact village, district, city, and province match on Pos Indonesia.",accept_suggested,codex_pos_exact_hierarchy_review,project_owner_adjudication,approved
pos_indonesia_postcode_search,2026-08-12,32.04.40.2005,ALAMENDAH,40363,https://kodepos.posindonesia.co.id/CariKodepos,"Exact village, district, city, and province match on Pos Indonesia.",accept_suggested,codex_pos_exact_hierarchy_review,project_owner_adjudication,approved
pos_indonesia_postcode_search,2026-08-12,32.05.03.2001,WANARAJA,44183,https://kodepos.posindonesia.co.id/CariKodepos,"Exact village, district, city, and province match on Pos Indonesia.",accept_suggested,codex_pos_exact_hierarchy_review,project_owner_adjudication,approved
pos_indonesia_postcode_search,2026-08-12,32.05.03.2002,WANAMEKAR,44183,https://kodepos.posindonesia.co.id/CariKodepos,"Exact village, district, city, and province match on Pos Indonesia.",accept_suggested,codex_pos_exact_hierarchy_review,project_owner_adjudication,approved
pos_indonesia_postcode_search,2026-08-12,32.05.03.2003,CINUNUK,44183,https://kodepos.posindonesia.co.id/CariKodepos,"Exact village, district, city, and province match on Pos Indonesia.",accept_suggested,codex_pos_exact_hierarchy_review,project_owner_adjudication,approved
pos_indonesia_postcode_search,2026-08-12,32.05.03.2007,SUKAMENAK,44183,https://kodepos.posindonesia.co.id/CariKodepos,"Exact village, district, city, and province match on Pos Indonesia.",accept_suggested,codex_pos_exact_hierarchy_review,project_owner_adjudication,approved
pos_indonesia_postcode_search,2026-08-12,32.05.03.2008,SINDANGRATU,44183,https://kodepos.posindonesia.co.id/CariKodepos,"Exact village, district, city, and province match on Pos Indonesia.",accept_suggested,codex_pos_exact_hierarchy_review,project_owner_adjudication,approved
pos_indonesia_postcode_search,2026-08-12,32.05.03.2011,WANAJAYA,44183,https://kodepos.posindonesia.co.id/CariKodepos,"Exact village, district, city, and province match on Pos Indonesia.",accept_suggested,codex_pos_exact_hierarchy_review,project_owner_adjudication,approved
pos_indonesia_postcode_search,2026-08-12,32.05.03.2015,SINDANGMEKAR,44183,https://kodepos.posindonesia.co.id/CariKodepos,"Exact village, district, city, and province match on Pos Indonesia.",accept_suggested,codex_pos_exact_hierarchy_review,project_owner_adjudication,approved
pos_indonesia_postcode_search,2026-08-12,32.05.03.2019,WANASARI,44183,https://kodepos.posindonesia.co.id/CariKodepos,"Exact village, district, city, and province match on Pos Indonesia.",accept_suggested,codex_pos_exact_hierarchy_review,project_owner_adjudication,approved
pos_indonesia_postcode_search,2026-08-12,32.05.03.2024,SINDANGPRABU,44183,https://kodepos.posindonesia.co.id/CariKodepos,"Exact village, district, city, and province match on Pos Indonesia.",accept_suggested,codex_pos_exact_hierarchy_review,project_owner_adjudication,approved
pos_indonesia_postcode_search,2026-08-12,32.05.05.1001,PATARUMAN,44121,https://kodepos.posindonesia.co.id/CariKodepos,"Exact village, district, city, and province match on Pos Indonesia.",accept_other,codex_pos_exact_hierarchy_review,project_owner_adjudication,approved
pos_indonesia_postcode_search,2026-08-12,32.05.05.1002,SUKAGALIH,44125,https://kodepos.posindonesia.co.id/CariKodepos,"Exact village, district, city, and province match on Pos Indonesia.",accept_other,codex_pos_exact_hierarchy_review,project_owner_adjudication,approved
pos_indonesia_postcode_search,2026-08-12,32.05.05.1006,JAYAWARAS,44123,https://kodepos.posindonesia.co.id/CariKodepos,"Exact village, district, city, and province match on Pos Indonesia.",accept_other,codex_pos_exact_hierarchy_review,project_owner_adjudication,approved
pos_indonesia_postcode_search,2026-08-12,32.05.05.1009,SUKAKARYA,44127,https://kodepos.posindonesia.co.id/CariKodepos,"Exact village, district, city, and province match on Pos Indonesia.",accept_other,codex_pos_exact_hierarchy_review,project_owner_adjudication,approved
pos_indonesia_postcode_search,2026-08-12,32.05.05.1012,SUKAJAYA,44128,https://kodepos.posindonesia.co.id/CariKodepos,"Exact village, district, city, and province match on Pos Indonesia.",accept_other,codex_pos_exact_hierarchy_review,project_owner_adjudication,approved
pos_indonesia_postcode_search,2026-08-12,32.05.05.2003,JAYARAGA,44122,https://kodepos.posindonesia.co.id/CariKodepos,"Exact village, district, city, and province match on Pos Indonesia.",accept_other,codex_pos_exact_hierarchy_review,project_owner_adjudication,approved
pos_indonesia_postcode_search,2026-08-12,32.05.05.2004,HAURPANGGUNG,44124,https://kodepos.posindonesia.co.id/CariKodepos,"Exact village, district, city, and province match on Pos Indonesia.",accept_other,codex_pos_exact_hierarchy_review,project_owner_adjudication,approved
pos_indonesia_postcode_search,2026-08-12,32.05.05.2005,CIBUNAR,44129,https://kodepos.posindonesia.co.id/CariKodepos,"Exact village, district, city, and province match on Pos Indonesia.",accept_other,codex_pos_exact_hierarchy_review,project_owner_adjudication,approved
pos_indonesia_postcode_search,2026-08-12,32.05.05.2007,SUKABAKTI,44129,https://kodepos.posindonesia.co.id/CariKodepos,"Exact village, district, city, and province match on Pos Indonesia.",accept_other,codex_pos_exact_hierarchy_review,project_owner_adjudication,approved
pos_indonesia_postcode_search,2026-08-12,32.05.05.2008,TAROGONG,44126,https://kodepos.posindonesia.co.id/CariKodepos,"Exact village, district, city, and province match on Pos Indonesia.",accept_other,codex_pos_exact_hierarchy_review,project_owner_adjudication,approved
pos_indonesia_postcode_search,2026-08-12,32.05.05.2010,MEKARGALIH,44129,https://kodepos.posindonesia.co.id/CariKodepos,"Exact village, district, city, and province match on Pos Indonesia.",accept_other,codex_pos_exact_hierarchy_review,project_owner_adjudication,approved
pos_indonesia_postcode_search,2026-08-12,32.05.05.2011,KERSAMENAK,44129,https://kodepos.posindonesia.co.id/CariKodepos,"Exact village, district, city, and province match on Pos Indonesia.",accept_other,codex_pos_exact_hierarchy_review,project_owner_adjudication,approved
pos_indonesia_postcode_search,2026-08-12,32.05.07.2001,SAMARANG,44161,https://kodepos.posindonesia.co.id/CariKodepos,"Exact village, district, city, and province match on Pos Indonesia.",accept_suggested,codex_pos_exact_hierarchy_review,project_owner_adjudication,approved
pos_indonesia_postcode_search,2026-08-12,32.05.07.2002,CINTARAKYAT,44161,https://kodepos.posindonesia.co.id/CariKodepos,"Exact village, district, city, and province match on Pos Indonesia.",accept_suggested,codex_pos_exact_hierarchy_review,project_owner_adjudication,approved
pos_indonesia_postcode_search,2026-08-12,32.05.07.2003,SUKARASA,44161,https://kodepos.posindonesia.co.id/CariKodepos,"Exact village, district, city, and province match on Pos Indonesia.",accept_suggested,codex_pos_exact_hierarchy_review,project_owner_adjudication,approved
pos_indonesia_postcode_search,2026-08-12,32.05.07.2004,PARAKAN,44161,https://kodepos.posindonesia.co.id/CariKodepos,"Exact village, district, city, and province match on Pos Indonesia.",accept_suggested,codex_pos_exact_hierarchy_review,project_owner_adjudication,approved
pos_indonesia_postcode_search,2026-08-12,32.05.07.2005,SUKAKARYA,44161,https://kodepos.posindonesia.co.id/CariKodepos,"Exact village, district, city, and province match on Pos Indonesia.",accept_suggested,codex_pos_exact_hierarchy_review,project_owner_adjudication,approved
pos_indonesia_postcode_search,2026-08-12,32.05.07.2006,CINTAKARYA,44161,https://kodepos.posindonesia.co.id/CariKodepos,"Exact village, district, city, and province match on Pos Indonesia.",accept_suggested,codex_pos_exact_hierarchy_review,project_owner_adjudication,approved
pos_indonesia_postcode_search,2026-08-12,32.05.07.2007,TANJUNG KARYA,44161,https://kodepos.posindonesia.co.id/CariKodepos,"Exact village, district, city, and province match on Pos Indonesia.",accept_suggested,codex_pos_exact_hierarchy_review,project_owner_adjudication,approved
pos_indonesia_postcode_search,2026-08-12,32.05.07.2008,CISARUA,44161,https://kodepos.posindonesia.co.id/CariKodepos,"Exact village, district, city, and province match on Pos Indonesia.",accept_suggested,codex_pos_exact_hierarchy_review,project_owner_adjudication,approved
pos_indonesia_postcode_search,2026-08-12,32.05.07.2009,CINTARASA,44161,https://kodepos.posindonesia.co.id/CariKodepos,"Exact village, district, city, and province match on Pos Indonesia.",accept_suggested,codex_pos_exact_hierarchy_review,project_owner_adjudication,approved
pos_indonesia_postcode_search,2026-08-12,32.05.07.2010,CINTAASIH,44161,https://kodepos.posindonesia.co.id/CariKodepos,"Exact village, district, city, and province match on Pos Indonesia.",accept_suggested,codex_pos_exact_hierarchy_review,project_owner_adjudication,approved
pos_indonesia_postcode_search,2026-08-12,32.05.07.2011,SIRNASARI,44161,https://kodepos.posindonesia.co.id/CariKodepos,"Exact village, district, city, and province match on Pos Indonesia.",accept_suggested,codex_pos_exact_hierarchy_review,project_owner_adjudication,approved
pos_indonesia_postcode_search,2026-08-12,32.05.07.2012,SUKALAKSANA,44161,https://kodepos.posindonesia.co.id/CariKodepos,"Exact village, district, city, and province match on Pos Indonesia.",accept_suggested,codex_pos_exact_hierarchy_review,project_owner_adjudication,approved
pos_indonesia_postcode_search,2026-08-12,32.05.07.2013,TANJUNGANOM,44161,https://kodepos.posindonesia.co.id/CariKodepos,"Exact village, district, city, and province match on Pos Indonesia.",accept_suggested,codex_pos_exact_hierarchy_review,project_owner_adjudication,approved
pos_indonesia_postcode_search,2026-08-12,32.05.13.2001,KERSAMANAH,44194,https://kodepos.posindonesia.co.id/CariKodepos,"Exact village, district, city, and province match on Pos Indonesia.",accept_other,codex_pos_exact_hierarchy_review,project_owner_adjudication,approved
pos_indonesia_postcode_search,2026-08-12,32.05.13.2002,NANJUNGJAYA,44194,https://kodepos.posindonesia.co.id/CariKodepos,"Exact village, district, city, and province match on Pos Indonesia.",accept_other,codex_pos_exact_hierarchy_review,project_owner_adjudication,approved
pos_indonesia_postcode_search,2026-08-12,32.05.13.2003,SUKAMERANG,44194,https://kodepos.posindonesia.co.id/CariKodepos,"Exact village, district, city, and province match on Pos Indonesia.",accept_other,codex_pos_exact_hierarchy_review,project_owner_adjudication,approved
pos_indonesia_postcode_search,2026-08-12,32.05.13.2004,GIRIJAYA,44194,https://kodepos.posindonesia.co.id/CariKodepos,"Exact village, district, city, and province match on Pos Indonesia.",accept_other,codex_pos_exact_hierarchy_review,project_owner_adjudication,approved
pos_indonesia_postcode_search,2026-08-12,32.05.13.2005,SUKAMAJU,44194,https://kodepos.posindonesia.co.id/CariKodepos,"Exact village, district, city, and province match on Pos Indonesia.",accept_other,codex_pos_exact_hierarchy_review,project_owner_adjudication,approved
pos_indonesia_postcode_search,2026-08-12,32.05.13.2006,MEKARRAYA,44194,https://kodepos.posindonesia.co.id/CariKodepos,"Exact village, district, city, and province match on Pos Indonesia.",accept_other,codex_pos_exact_hierarchy_review,project_owner_adjudication,approved
pos_indonesia_postcode_search,2026-08-12,32.05.15.2001,SUKAWENING,44184,https://kodepos.posindonesia.co.id/CariKodepos,"Exact village, district, city, and province match on Pos Indonesia.",accept_suggested,codex_pos_exact_hierarchy_review,project_owner_adjudication,approved
pos_indonesia_postcode_search,2026-08-12,32.05.15.2002,SUKAMUKTI,44184,https://kodepos.posindonesia.co.id/CariKodepos,"Exact village, district, city, and province match on Pos Indonesia.",accept_suggested,codex_pos_exact_hierarchy_review,project_owner_adjudication,approved
pos_indonesia_postcode_search,2026-08-12,32.05.15.2003,MEKARLUYU,44184,https://kodepos.posindonesia.co.id/CariKodepos,"Exact village, district, city, and province match on Pos Indonesia.",accept_suggested,codex_pos_exact_hierarchy_review,project_owner_adjudication,approved
pos_indonesia_postcode_search,2026-08-12,32.05.15.2004,SUKALUYU,44184,https://kodepos.posindonesia.co.id/CariKodepos,"Exact village, district, city, and province match on Pos Indonesia.",accept_suggested,codex_pos_exact_hierarchy_review,project_owner_adjudication,approved
pos_indonesia_postcode_search,2026-08-12,32.05.15.2005,SUDALARANG,44184,https://kodepos.posindonesia.co.id/CariKodepos,"Exact village, district, city, and province match on Pos Indonesia.",accept_suggested,codex_pos_exact_hierarchy_review,project_owner_adjudication,approved
pos_indonesia_postcode_search,2026-08-12,32.05.15.2006,SUKASONO,44184,https://kodepos.posindonesia.co.id/CariKodepos,"Exact village, district, city, and province match on Pos Indonesia.",accept_suggested,codex_pos_exact_hierarchy_review,project_owner_adjudication,approved
pos_indonesia_postcode_search,2026-08-12,32.05.15.2007,SUKAHAJI,44184,https://kodepos.posindonesia.co.id/CariKodepos,"Exact village, district, city, and province match on Pos Indonesia.",accept_suggested,codex_pos_exact_hierarchy_review,project_owner_adjudication,approved
pos_indonesia_postcode_search,2026-08-12,32.05.15.2008,PASANGGRAHAN,44184,https://kodepos.posindonesia.co.id/CariKodepos,"Exact village, district, city, and province match on Pos Indonesia.",accept_suggested,codex_pos_exact_hierarchy_review,project_owner_adjudication,approved
pos_indonesia_postcode_search,2026-08-12,32.05.15.2009,MARIPARI,44184,https://kodepos.posindonesia.co.id/CariKodepos,"Exact village, district, city, and province match on Pos Indonesia.",accept_suggested,codex_pos_exact_hierarchy_review,project_owner_adjudication,approved
pos_indonesia_postcode_search,2026-08-12,32.05.15.2010,MEKARWANGI,44184,https://kodepos.posindonesia.co.id/CariKodepos,"Exact village, district, city, and province match on Pos Indonesia.",accept_suggested,codex_pos_exact_hierarchy_review,project_owner_adjudication,approved
pos_indonesia_postcode_search,2026-08-12,32.05.15.2011,MEKAR HURIP,44184,https://kodepos.posindonesia.co.id/CariKodepos,"Exact village, district, city, and province match on Pos Indonesia.",accept_suggested,codex_pos_exact_hierarchy_review,project_owner_adjudication,approved
pos_indonesia_postcode_search,2026-08-12,32.05.21.2001,SUKARESMI,44155,https://kodepos.posindonesia.co.id/CariKodepos,"Exact village, district, city, and province match on Pos Indonesia.",accept_other,codex_pos_exact_hierarchy_review,project_owner_adjudication,approved
pos_indonesia_postcode_search,2026-08-12,32.05.21.2002,CINTADAMAI,44155,https://kodepos.posindonesia.co.id/CariKodepos,"Exact village, district, city, and province match on Pos Indonesia.",accept_other,codex_pos_exact_hierarchy_review,project_owner_adjudication,approved
pos_indonesia_postcode_search,2026-08-12,32.05.21.2003,MEKARJAYA,44155,https://kodepos.posindonesia.co.id/CariKodepos,"Exact village, district, city, and province match on Pos Indonesia.",accept_other,codex_pos_exact_hierarchy_review,project_owner_adjudication,approved
pos_indonesia_postcode_search,2026-08-12,32.05.21.2004,SUKAJAYA,44155,https://kodepos.posindonesia.co.id/CariKodepos,"Exact village, district, city, and province match on Pos Indonesia.",accept_other,codex_pos_exact_hierarchy_review,project_owner_adjudication,approved
pos_indonesia_postcode_search,2026-08-12,32.05.21.2005,SUKAMULYA,44155,https://kodepos.posindonesia.co.id/CariKodepos,"Exact village, district, city, and province match on Pos Indonesia.",accept_other,codex_pos_exact_hierarchy_review,project_owner_adjudication,approved
pos_indonesia_postcode_search,2026-08-12,32.05.21.2006,PADAMUKTI,44155,https://kodepos.posindonesia.co.id/CariKodepos,"Exact village, district, city, and province match on Pos Indonesia.",accept_other,codex_pos_exact_hierarchy_review,project_owner_adjudication,approved
pos_indonesia_postcode_search,2026-08-12,32.05.21.2007,SUKALILAH,44155,https://kodepos.posindonesia.co.id/CariKodepos,"Exact village, district, city, and province match on Pos Indonesia.",accept_other,codex_pos_exact_hierarchy_review,project_owner_adjudication,approved
pos_indonesia_postcode_search,2026-08-12,32.05.24.2001,SINGAJAYA,44173,https://kodepos.posindonesia.co.id/CariKodepos,"Exact village, district, city, and province match on Pos Indonesia.",accept_suggested,codex_pos_exact_hierarchy_review,project_owner_adjudication,approved
pos_indonesia_postcode_search,2026-08-12,32.05.24.2002,CIUDIAN,44173,https://kodepos.posindonesia.co.id/CariKodepos,"Exact village, district, city, and province match on Pos Indonesia.",accept_suggested,codex_pos_exact_hierarchy_review,project_owner_adjudication,approved
pos_indonesia_postcode_search,2026-08-12,32.05.24.2003,MEKARTANI,44173,https://kodepos.posindonesia.co.id/CariKodepos,"Exact village, district, city, and province match on Pos Indonesia.",accept_suggested,codex_pos_exact_hierarchy_review,project_owner_adjudication,approved
pos_indonesia_postcode_search,2026-08-12,32.05.24.2004,SUKAMULYA,44173,https://kodepos.posindonesia.co.id/CariKodepos,"Exact village, district, city, and province match on Pos Indonesia.",accept_suggested,codex_pos_exact_hierarchy_review,project_owner_adjudication,approved
pos_indonesia_postcode_search,2026-08-12,32.05.24.2005,SUKAWANGI,44173,https://kodepos.posindonesia.co.id/CariKodepos,"Exact village, district, city, and province match on Pos Indonesia.",accept_suggested,codex_pos_exact_hierarchy_review,project_owner_adjudication,approved
pos_indonesia_postcode_search,2026-08-12,32.05.24.2006,PANCASURA,44173,https://kodepos.posindonesia.co.id/CariKodepos,"Exact village, district, city, and province match on Pos Indonesia.",accept_suggested,codex_pos_exact_hierarchy_review,project_owner_adjudication,approved
pos_indonesia_postcode_search,2026-08-12,32.05.24.2007,KARANGAGUNG,44173,https://kodepos.posindonesia.co.id/CariKodepos,"Exact village, district, city, and province match on Pos Indonesia.",accept_suggested,codex_pos_exact_hierarchy_review,project_owner_adjudication,approved
pos_indonesia_postcode_search,2026-08-12,32.05.24.2008,CIGINTUNG,44173,https://kodepos.posindonesia.co.id/CariKodepos,"Exact village, district, city, and province match on Pos Indonesia.",accept_suggested,codex_pos_exact_hierarchy_review,project_owner_adjudication,approved
pos_indonesia_postcode_search,2026-08-12,32.05.24.2009,GIRIMUKTI,44173,https://kodepos.posindonesia.co.id/CariKodepos,"Exact village, district, city, and province match on Pos Indonesia.",accept_suggested,codex_pos_exact_hierarchy_review,project_owner_adjudication,approved
pos_indonesia_postcode_search,2026-08-12,32.05.32.2001,MEKARMUKTI,44199,https://kodepos.posindonesia.co.id/CariKodepos,"Exact village, district, city, and province match on Pos Indonesia.",accept_other,codex_pos_exact_hierarchy_review,project_owner_adjudication,approved
pos_indonesia_postcode_search,2026-08-12,32.05.32.2002,KARANGWANGI,44199,https://kodepos.posindonesia.co.id/CariKodepos,"Exact village, district, city, and province match on Pos Indonesia.",accept_other,codex_pos_exact_hierarchy_review,project_owner_adjudication,approved
pos_indonesia_postcode_search,2026-08-12,32.05.32.2003,JAYABAYA,44199,https://kodepos.posindonesia.co.id/CariKodepos,"Exact village, district, city, and province match on Pos Indonesia.",accept_other,codex_pos_exact_hierarchy_review,project_owner_adjudication,approved
pos_indonesia_postcode_search,2026-08-12,32.05.32.2004,CIJAYANA,44199,https://kodepos.posindonesia.co.id/CariKodepos,"Exact village, district, city, and province match on Pos Indonesia.",accept_other,codex_pos_exact_hierarchy_review,project_owner_adjudication,approved
pos_indonesia_postcode_search,2026-08-12,32.05.32.2005,MEKARSARI,44199,https://kodepos.posindonesia.co.id/CariKodepos,"Exact village, district, city, and province match on Pos Indonesia.",accept_other,codex_pos_exact_hierarchy_review,project_owner_adjudication,approved
pos_indonesia_postcode_search,2026-08-12,32.05.35.2001,CISEWU,44166,https://kodepos.posindonesia.co.id/CariKodepos,"Exact village, district, city, and province match on Pos Indonesia.",accept_suggested,codex_pos_exact_hierarchy_review,project_owner_adjudication,approved
pos_indonesia_postcode_search,2026-08-12,32.05.35.2002,GIRIMUKTI,44166,https://kodepos.posindonesia.co.id/CariKodepos,"Exact village, district, city, and province match on Pos Indonesia.",accept_suggested,codex_pos_exact_hierarchy_review,project_owner_adjudication,approved
pos_indonesia_postcode_search,2026-08-12,32.05.35.2003,PAMALAYAN,44166,https://kodepos.posindonesia.co.id/CariKodepos,"Exact village, district, city, and province match on Pos Indonesia.",accept_suggested,codex_pos_exact_hierarchy_review,project_owner_adjudication,approved
pos_indonesia_postcode_search,2026-08-12,32.05.35.2004,CIKARANG,44166,https://kodepos.posindonesia.co.id/CariKodepos,"Exact village, district, city, and province match on Pos Indonesia.",accept_suggested,codex_pos_exact_hierarchy_review,project_owner_adjudication,approved
pos_indonesia_postcode_search,2026-08-12,32.05.35.2005,SUKAJAYA,44166,https://kodepos.posindonesia.co.id/CariKodepos,"Exact village, district, city, and province match on Pos Indonesia.",accept_suggested,codex_pos_exact_hierarchy_review,project_owner_adjudication,approved
pos_indonesia_postcode_search,2026-08-12,32.05.35.2006,NYALINDUNG,44166,https://kodepos.posindonesia.co.id/CariKodepos,"Exact village, district, city, and province match on Pos Indonesia.",accept_suggested,codex_pos_exact_hierarchy_review,project_owner_adjudication,approved
pos_indonesia_postcode_search,2026-08-12,32.05.35.2007,KARANGSEWU,44166,https://kodepos.posindonesia.co.id/CariKodepos,"Exact village, district, city, and province match on Pos Indonesia.",accept_suggested,codex_pos_exact_hierarchy_review,project_owner_adjudication,approved
pos_indonesia_postcode_search,2026-08-12,32.05.35.2008,MEKARSEWU,44166,https://kodepos.posindonesia.co.id/CariKodepos,"Exact village, district, city, and province match on Pos Indonesia.",accept_suggested,codex_pos_exact_hierarchy_review,project_owner_adjudication,approved
pos_indonesia_postcode_search,2026-08-12,32.05.35.2009,PANGGALIH,44166,https://kodepos.posindonesia.co.id/CariKodepos,"Exact village, district, city, and province match on Pos Indonesia.",accept_suggested,codex_pos_exact_hierarchy_review,project_owner_adjudication,approved
pos_indonesia_postcode_search,2026-08-12,32.05.36.2006,SAMUDERAJAYA,44169,https://kodepos.posindonesia.co.id/CariKodepos,"Exact village, district, city, and province match on Pos Indonesia.",accept_suggested,codex_pos_exact_hierarchy_review,project_owner_adjudication,approved
pos_indonesia_postcode_search,2026-08-12,32.06.01.2001,CIHERAS,46489,https://kodepos.posindonesia.co.id/CariKodepos,"Exact village, district, city, and province match on Pos Indonesia.",accept_other,codex_pos_exact_hierarchy_review,project_owner_adjudication,approved
pos_indonesia_postcode_search,2026-08-12,32.06.01.2002,CIPATUJAH,46489,https://kodepos.posindonesia.co.id/CariKodepos,"Exact village, district, city, and province match on Pos Indonesia.",accept_other,codex_pos_exact_hierarchy_review,project_owner_adjudication,approved
pos_indonesia_postcode_search,2026-08-12,32.06.01.2003,SINDANGKERTA,46489,https://kodepos.posindonesia.co.id/CariKodepos,"Exact village, district, city, and province match on Pos Indonesia.",accept_other,codex_pos_exact_hierarchy_review,project_owner_adjudication,approved
pos_indonesia_postcode_search,2026-08-12,32.06.01.2004,CIKAWUNGGADING,46489,https://kodepos.posindonesia.co.id/CariKodepos,"Exact village, district, city, and province match on Pos Indonesia.",accept_other,codex_pos_exact_hierarchy_review,project_owner_adjudication,approved
pos_indonesia_postcode_search,2026-08-12,32.06.01.2006,DARAWATI,46489,https://kodepos.posindonesia.co.id/CariKodepos,"Exact village, district, city, and province match on Pos Indonesia.",accept_other,codex_pos_exact_hierarchy_review,project_owner_adjudication,approved
pos_indonesia_postcode_search,2026-08-12,32.06.01.2007,NAGROG,46489,https://kodepos.posindonesia.co.id/CariKodepos,"Exact village, district, city, and province match on Pos Indonesia.",accept_other,codex_pos_exact_hierarchy_review,project_owner_adjudication,approved
pos_indonesia_postcode_search,2026-08-12,32.06.01.2008,PAMEUTINGAN,46489,https://kodepos.posindonesia.co.id/CariKodepos,"Exact village, district, city, and province match on Pos Indonesia.",accept_other,codex_pos_exact_hierarchy_review,project_owner_adjudication,approved
pos_indonesia_postcode_search,2026-08-12,32.06.01.2009,TOBONGJAYA,46489,https://kodepos.posindonesia.co.id/CariKodepos,"Exact village, district, city, and province match on Pos Indonesia.",accept_other,codex_pos_exact_hierarchy_review,project_owner_adjudication,approved
pos_indonesia_postcode_search,2026-08-12,32.06.01.2010,CIPANAS,46489,https://kodepos.posindonesia.co.id/CariKodepos,"Exact village, district, city, and province match on Pos Indonesia.",accept_other,codex_pos_exact_hierarchy_review,project_owner_adjudication,approved
pos_indonesia_postcode_search,2026-08-12,32.06.01.2011,KERTASARI,46489,https://kodepos.posindonesia.co.id/CariKodepos,"Exact village, district, city, and province match on Pos Indonesia.",accept_other,codex_pos_exact_hierarchy_review,project_owner_adjudication,approved
pos_indonesia_postcode_search,2026-08-12,32.06.01.2012,CIANDUM,46489,https://kodepos.posindonesia.co.id/CariKodepos,"Exact village, district, city, and province match on Pos Indonesia.",accept_other,codex_pos_exact_hierarchy_review,project_owner_adjudication,approved
pos_indonesia_postcode_search,2026-08-12,32.06.01.2013,NANGELASARI,46489,https://kodepos.posindonesia.co.id/CariKodepos,"Exact village, district, city, and province match on Pos Indonesia.",accept_other,codex_pos_exact_hierarchy_review,project_owner_adjudication,approved
pos_indonesia_postcode_search,2026-08-12,32.06.01.2014,PADAWARAS,46489,https://kodepos.posindonesia.co.id/CariKodepos,"Exact village, district, city, and province match on Pos Indonesia.",accept_other,codex_pos_exact_hierarchy_review,project_owner_adjudication,approved
pos_indonesia_postcode_search,2026-08-12,32.06.01.2015,SUKAHURIP,46489,https://kodepos.posindonesia.co.id/CariKodepos,"Exact village, district, city, and province match on Pos Indonesia.",accept_other,codex_pos_exact_hierarchy_review,project_owner_adjudication,approved
pos_indonesia_postcode_search,2026-08-12,32.06.07.2001,PARUNGPONTENG,46476,https://kodepos.posindonesia.co.id/CariKodepos,"Exact village, district, city, and province match on Pos Indonesia.",accept_other,codex_pos_exact_hierarchy_review,project_owner_adjudication,approved
pos_indonesia_postcode_search,2026-08-12,32.06.07.2002,CIGUNUNG,46476,https://kodepos.posindonesia.co.id/CariKodepos,"Exact village, district, city, and province match on Pos Indonesia.",accept_other,codex_pos_exact_hierarchy_review,project_owner_adjudication,approved
pos_indonesia_postcode_search,2026-08-12,32.06.07.2003,CIBANTENG,46476,https://kodepos.posindonesia.co.id/CariKodepos,"Exact village, district, city, and province match on Pos Indonesia.",accept_other,codex_pos_exact_hierarchy_review,project_owner_adjudication,approved
pos_indonesia_postcode_search,2026-08-12,32.06.07.2004,BARUMEKAR,46476,https://kodepos.posindonesia.co.id/CariKodepos,"Exact village, district, city, and province match on Pos Indonesia.",accept_other,codex_pos_exact_hierarchy_review,project_owner_adjudication,approved
pos_indonesia_postcode_search,2026-08-12,32.06.07.2005,CIBUNGUR,46476,https://kodepos.posindonesia.co.id/CariKodepos,"Exact village, district, city, and province match on Pos Indonesia.",accept_other,codex_pos_exact_hierarchy_review,project_owner_adjudication,approved
pos_indonesia_postcode_search,2026-08-12,32.06.07.2006,BURUJULJAYA,46476,https://kodepos.posindonesia.co.id/CariKodepos,"Exact village, district, city, and province match on Pos Indonesia.",accept_other,codex_pos_exact_hierarchy_review,project_owner_adjudication,approved
pos_indonesia_postcode_search,2026-08-12,32.06.07.2007,GIRIKENCANA,46476,https://kodepos.posindonesia.co.id/CariKodepos,"Exact village, district, city, and province match on Pos Indonesia.",accept_suggested,codex_pos_exact_hierarchy_review,project_owner_adjudication,approved
pos_indonesia_postcode_search,2026-08-12,32.06.07.2008,KARYABAKTI,46476,https://kodepos.posindonesia.co.id/CariKodepos,"Exact village, district, city, and province match on Pos Indonesia.",accept_other,codex_pos_exact_hierarchy_review,project_owner_adjudication,approved
pos_indonesia_postcode_search,2026-08-12,32.06.11.2001,BOJONGKAPOL,46475,https://kodepos.posindonesia.co.id/CariKodepos,"Exact village, district, city, and province match on Pos Indonesia.",accept_suggested,codex_pos_exact_hierarchy_review,project_owner_adjudication,approved
pos_indonesia_postcode_search,2026-08-12,32.06.11.2002,PEDANGKAMULYAN,46475,https://kodepos.posindonesia.co.id/CariKodepos,"Exact village, district, city, and province match on Pos Indonesia.",accept_suggested,codex_pos_exact_hierarchy_review,project_owner_adjudication,approved
pos_indonesia_postcode_search,2026-08-12,32.06.11.2003,BOJONGGAMBIR,46475,https://kodepos.posindonesia.co.id/CariKodepos,"Exact village, district, city, and province match on Pos Indonesia.",accept_suggested,codex_pos_exact_hierarchy_review,project_owner_adjudication,approved
pos_indonesia_postcode_search,2026-08-12,32.06.11.2004,CIROYOM,46475,https://kodepos.posindonesia.co.id/CariKodepos,"Exact village, district, city, and province match on Pos Indonesia.",accept_suggested,codex_pos_exact_hierarchy_review,project_owner_adjudication,approved
pos_indonesia_postcode_search,2026-08-12,32.06.11.2005,WANDASARI,46475,https://kodepos.posindonesia.co.id/CariKodepos,"Exact village, district, city, and province match on Pos Indonesia.",accept_suggested,codex_pos_exact_hierarchy_review,project_owner_adjudication,approved
pos_indonesia_postcode_search,2026-08-12,32.06.11.2006,CAMPAKASARI,46475,https://kodepos.posindonesia.co.id/CariKodepos,"Exact village, district, city, and province match on Pos Indonesia.",accept_suggested,codex_pos_exact_hierarchy_review,project_owner_adjudication,approved
pos_indonesia_postcode_search,2026-08-12,32.06.11.2007,MANGKONJAYA,46475,https://kodepos.posindonesia.co.id/CariKodepos,"Exact village, district, city, and province match on Pos Indonesia.",accept_suggested,codex_pos_exact_hierarchy_review,project_owner_adjudication,approved
pos_indonesia_postcode_search,2026-08-12,32.06.11.2008,KERTANEGLA,46475,https://kodepos.posindonesia.co.id/CariKodepos,"Exact village, district, city, and province match on Pos Indonesia.",accept_suggested,codex_pos_exact_hierarchy_review,project_owner_adjudication,approved
pos_indonesia_postcode_search,2026-08-12,32.06.11.2009,PURWARAHARJA,46475,https://kodepos.posindonesia.co.id/CariKodepos,"Exact village, district, city, and province match on Pos Indonesia.",accept_suggested,codex_pos_exact_hierarchy_review,project_owner_adjudication,approved
pos_indonesia_postcode_search,2026-08-12,32.06.11.2010,GIRIMUKTI,46475,https://kodepos.posindonesia.co.id/CariKodepos,"Exact village, district, city, and province match on Pos Indonesia.",accept_suggested,codex_pos_exact_hierarchy_review,project_owner_adjudication,approved
pos_indonesia_postcode_search,2026-08-12,32.06.14.2001,JAHIANG,46471,https://kodepos.posindonesia.co.id/CariKodepos,"Exact village, district, city, and province match on Pos Indonesia.",accept_suggested,codex_pos_exact_hierarchy_review,project_owner_adjudication,approved
pos_indonesia_postcode_search,2026-08-12,32.06.14.2002,SERANG,46471,https://kodepos.posindonesia.co.id/CariKodepos,"Exact village, district, city, and province match on Pos Indonesia.",accept_suggested,codex_pos_exact_hierarchy_review,project_owner_adjudication,approved
pos_indonesia_postcode_search,2026-08-12,32.06.14.2003,SALAWU,46471,https://kodepos.posindonesia.co.id/CariKodepos,"Exact village, district, city, and province match on Pos Indonesia.",accept_suggested,codex_pos_exact_hierarchy_review,project_owner_adjudication,approved
pos_indonesia_postcode_search,2026-08-12,32.06.14.2004,NEGLASARI,46471,https://kodepos.posindonesia.co.id/CariKodepos,"Exact village, district, city, and province match on Pos Indonesia.",accept_suggested,codex_pos_exact_hierarchy_review,project_owner_adjudication,approved
pos_indonesia_postcode_search,2026-08-12,32.06.14.2005,TANJUNGSARI,46471,https://kodepos.posindonesia.co.id/CariKodepos,"Exact village, district, city, and province match on Pos Indonesia.",accept_suggested,codex_pos_exact_hierarchy_review,project_owner_adjudication,approved
pos_indonesia_postcode_search,2026-08-12,32.06.14.2006,TENJOWARINGIN,46471,https://kodepos.posindonesia.co.id/CariKodepos,"Exact village, district, city, and province match on Pos Indonesia.",accept_suggested,codex_pos_exact_hierarchy_review,project_owner_adjudication,approved
pos_indonesia_postcode_search,2026-08-12,32.06.14.2007,SUNDAWENANG,46471,https://kodepos.posindonesia.co.id/CariKodepos,"Exact village, district, city, and province match on Pos Indonesia.",accept_suggested,codex_pos_exact_hierarchy_review,project_owner_adjudication,approved
pos_indonesia_postcode_search,2026-08-12,32.06.14.2008,KAWUNGSARI,46471,https://kodepos.posindonesia.co.id/CariKodepos,"Exact village, district, city, and province match on Pos Indonesia.",accept_suggested,codex_pos_exact_hierarchy_review,project_owner_adjudication,approved
pos_indonesia_postcode_search,2026-08-12,32.06.14.2009,SUKARASA,46471,https://kodepos.posindonesia.co.id/CariKodepos,"Exact village, district, city, and province match on Pos Indonesia.",accept_suggested,codex_pos_exact_hierarchy_review,project_owner_adjudication,approved
pos_indonesia_postcode_search,2026-08-12,32.06.14.2010,KUTAWARINGIN,46471,https://kodepos.posindonesia.co.id/CariKodepos,"Exact village, district, city, and province match on Pos Indonesia.",accept_suggested,codex_pos_exact_hierarchy_review,project_owner_adjudication,approved
pos_indonesia_postcode_search,2026-08-12,32.06.14.2011,KARANGMUKTI,46471,https://kodepos.posindonesia.co.id/CariKodepos,"Exact village, district, city, and province match on Pos Indonesia.",accept_suggested,codex_pos_exact_hierarchy_review,project_owner_adjudication,approved
pos_indonesia_postcode_search,2026-08-12,32.06.14.2012,MARGALAKSANA,46471,https://kodepos.posindonesia.co.id/CariKodepos,"Exact village, district, city, and province match on Pos Indonesia.",accept_suggested,codex_pos_exact_hierarchy_review,project_owner_adjudication,approved
pos_indonesia_postcode_search,2026-08-12,32.06.19.2001,KAPUTIHAN,46491,https://kodepos.posindonesia.co.id/CariKodepos,"Exact village, district, city, and province match on Pos Indonesia.",accept_other,codex_pos_exact_hierarchy_review,project_owner_adjudication,approved
pos_indonesia_postcode_search,2026-08-12,32.06.19.2002,SETIAWANGI,46491,https://kodepos.posindonesia.co.id/CariKodepos,"Exact village, district, city, and province match on Pos Indonesia.",accept_other,codex_pos_exact_hierarchy_review,project_owner_adjudication,approved
pos_indonesia_postcode_search,2026-08-12,32.06.19.2003,SUKAKERTA,46491,https://kodepos.posindonesia.co.id/CariKodepos,"Exact village, district, city, and province match on Pos Indonesia.",accept_other,codex_pos_exact_hierarchy_review,project_owner_adjudication,approved
pos_indonesia_postcode_search,2026-08-12,32.06.19.2004,NEGLASARI,46491,https://kodepos.posindonesia.co.id/CariKodepos,"Exact village, district, city, and province match on Pos Indonesia.",accept_other,codex_pos_exact_hierarchy_review,project_owner_adjudication,approved
pos_indonesia_postcode_search,2026-08-12,32.06.19.2005,JATIWARAS,46491,https://kodepos.posindonesia.co.id/CariKodepos,"Exact village, district, city, and province match on Pos Indonesia.",accept_other,codex_pos_exact_hierarchy_review,project_owner_adjudication,approved
pos_indonesia_postcode_search,2026-08-12,32.06.19.2006,PAPAYAN,46491,https://kodepos.posindonesia.co.id/CariKodepos,"Exact village, district, city, and province match on Pos Indonesia.",accept_other,codex_pos_exact_hierarchy_review,project_owner_adjudication,approved
pos_indonesia_postcode_search,2026-08-12,32.06.19.2007,CIWARAK,46491,https://kodepos.posindonesia.co.id/CariKodepos,"Exact village, district, city, and province match on Pos Indonesia.",accept_other,codex_pos_exact_hierarchy_review,project_owner_adjudication,approved
pos_indonesia_postcode_search,2026-08-12,32.06.19.2008,KERSAGALIH,46491,https://kodepos.posindonesia.co.id/CariKodepos,"Exact village, district, city, and province match on Pos Indonesia.",accept_other,codex_pos_exact_hierarchy_review,project_owner_adjudication,approved
pos_indonesia_postcode_search,2026-08-12,32.06.19.2009,MANDALAMEKAR,46491,https://kodepos.posindonesia.co.id/CariKodepos,"Exact village, district, city, and province match on Pos Indonesia.",accept_other,codex_pos_exact_hierarchy_review,project_owner_adjudication,approved
pos_indonesia_postcode_search,2026-08-12,32.06.19.2010,KERTARAHAYU,46491,https://kodepos.posindonesia.co.id/CariKodepos,"Exact village, district, city, and province match on Pos Indonesia.",accept_other,codex_pos_exact_hierarchy_review,project_owner_adjudication,approved
pos_indonesia_postcode_search,2026-08-12,32.06.19.2011,MANDALAHURIP,46491,https://kodepos.posindonesia.co.id/CariKodepos,"Exact village, district, city, and province match on Pos Indonesia.",accept_suggested,codex_pos_exact_hierarchy_review,project_owner_adjudication,approved
pos_indonesia_postcode_search,2026-08-12,32.06.21.2001,SIRNAJAYA,46499,https://kodepos.posindonesia.co.id/CariKodepos,"Exact village, district, city, and province match on Pos Indonesia.",accept_other,codex_pos_exact_hierarchy_review,project_owner_adjudication,approved
pos_indonesia_postcode_search,2026-08-12,32.06.21.2002,KARANG JAYA,46499,https://kodepos.posindonesia.co.id/CariKodepos,"Exact village, district, city, and province match on Pos Indonesia.",accept_other,codex_pos_exact_hierarchy_review,project_owner_adjudication,approved
pos_indonesia_postcode_search,2026-08-12,32.06.21.2003,KARANGLAYUNG,46499,https://kodepos.posindonesia.co.id/CariKodepos,"Exact village, district, city, and province match on Pos Indonesia.",accept_other,codex_pos_exact_hierarchy_review,project_owner_adjudication,approved
pos_indonesia_postcode_search,2026-08-12,32.06.21.2004,CITALAHAB,46499,https://kodepos.posindonesia.co.id/CariKodepos,"Exact village, district, city, and province match on Pos Indonesia.",accept_other,codex_pos_exact_hierarchy_review,project_owner_adjudication,approved
pos_indonesia_postcode_search,2026-08-12,32.06.23.2001,CINUNJANG,46496,https://kodepos.posindonesia.co.id/CariKodepos,"Exact village, district, city, and province match on Pos Indonesia.",accept_suggested,codex_pos_exact_hierarchy_review,project_owner_adjudication,approved
pos_indonesia_postcode_search,2026-08-12,32.06.23.2002,GUNUNGTANJUNG,46496,https://kodepos.posindonesia.co.id/CariKodepos,"Exact village, district, city, and province match on Pos Indonesia.",accept_suggested,codex_pos_exact_hierarchy_review,project_owner_adjudication,approved
pos_indonesia_postcode_search,2026-08-12,32.06.23.2003,BOJONGSARI,46496,https://kodepos.posindonesia.co.id/CariKodepos,"Exact village, district, city, and province match on Pos Indonesia.",accept_suggested,codex_pos_exact_hierarchy_review,project_owner_adjudication,approved
pos_indonesia_postcode_search,2026-08-12,32.06.23.2004,JATIJAYA,46496,https://kodepos.posindonesia.co.id/CariKodepos,"Exact village, district, city, and province match on Pos Indonesia.",accept_suggested,codex_pos_exact_hierarchy_review,project_owner_adjudication,approved
pos_indonesia_postcode_search,2026-08-12,32.06.23.2005,TANJUNGSARI,46496,https://kodepos.posindonesia.co.id/CariKodepos,"Exact village, district, city, and province match on Pos Indonesia.",accept_other,codex_pos_exact_hierarchy_review,project_owner_adjudication,approved
pos_indonesia_postcode_search,2026-08-12,32.06.23.2006,GIRIWANGI,46496,https://kodepos.posindonesia.co.id/CariKodepos,"Exact village, district, city, and province match on Pos Indonesia.",accept_suggested,codex_pos_exact_hierarchy_review,project_owner_adjudication,approved
pos_indonesia_postcode_search,2026-08-12,32.06.23.2007,MALATISUKA,46496,https://kodepos.posindonesia.co.id/CariKodepos,"Exact village, district, city, and province match on Pos Indonesia.",accept_suggested,codex_pos_exact_hierarchy_review,project_owner_adjudication,approved
pos_indonesia_postcode_search,2026-08-12,32.06.37.2001,KADIPATEN,46457,https://kodepos.posindonesia.co.id/CariKodepos,"Exact village, district, city, and province match on Pos Indonesia.",accept_other,codex_pos_exact_hierarchy_review,project_owner_adjudication,approved
pos_indonesia_postcode_search,2026-08-12,32.06.37.2002,DIRGAHAYU,46457,https://kodepos.posindonesia.co.id/CariKodepos,"Exact village, district, city, and province match on Pos Indonesia.",accept_other,codex_pos_exact_hierarchy_review,project_owner_adjudication,approved
pos_indonesia_postcode_search,2026-08-12,32.06.37.2003,CIBAHAYU,46457,https://kodepos.posindonesia.co.id/CariKodepos,"Exact village, district, city, and province match on Pos Indonesia.",accept_other,codex_pos_exact_hierarchy_review,project_owner_adjudication,approved
pos_indonesia_postcode_search,2026-08-12,32.06.37.2004,MEKARSARI,46457,https://kodepos.posindonesia.co.id/CariKodepos,"Exact village, district, city, and province match on Pos Indonesia.",accept_other,codex_pos_exact_hierarchy_review,project_owner_adjudication,approved
pos_indonesia_postcode_search,2026-08-12,32.06.37.2005,BUNIASIH,46457,https://kodepos.posindonesia.co.id/CariKodepos,"Exact village, district, city, and province match on Pos Indonesia.",accept_other,codex_pos_exact_hierarchy_review,project_owner_adjudication,approved
pos_indonesia_postcode_search,2026-08-12,32.06.37.2006,PAMOYANAN,46457,https://kodepos.posindonesia.co.id/CariKodepos,"Exact village, district, city, and province match on Pos Indonesia.",accept_other,codex_pos_exact_hierarchy_review,project_owner_adjudication,approved
pos_indonesia_postcode_search,2026-08-12,32.06.39.2001,CIPONDOK,46459,https://kodepos.posindonesia.co.id/CariKodepos,"Exact village, district, city, and province match on Pos Indonesia.",accept_other,codex_pos_exact_hierarchy_review,project_owner_adjudication,approved
pos_indonesia_postcode_search,2026-08-12,32.06.39.2002,SUKAMENAK,46459,https://kodepos.posindonesia.co.id/CariKodepos,"Exact village, district, city, and province match on Pos Indonesia.",accept_other,codex_pos_exact_hierarchy_review,project_owner_adjudication,approved
pos_indonesia_postcode_search,2026-08-12,32.06.39.2003,SUKARATU,46459,https://kodepos.posindonesia.co.id/CariKodepos,"Exact village, district, city, and province match on Pos Indonesia.",accept_other,codex_pos_exact_hierarchy_review,project_owner_adjudication,approved
pos_indonesia_postcode_search,2026-08-12,32.06.39.2004,BANJARSARI,46459,https://kodepos.posindonesia.co.id/CariKodepos,"Exact village, district, city, and province match on Pos Indonesia.",accept_other,codex_pos_exact_hierarchy_review,project_owner_adjudication,approved
pos_indonesia_postcode_search,2026-08-12,32.06.39.2005,TANJUNGSARI,46459,https://kodepos.posindonesia.co.id/CariKodepos,"Exact village, district, city, and province match on Pos Indonesia.",accept_other,codex_pos_exact_hierarchy_review,project_owner_adjudication,approved
pos_indonesia_postcode_search,2026-08-12,32.06.39.2006,SUKAPANCAR,46459,https://kodepos.posindonesia.co.id/CariKodepos,"Exact village, district, city, and province match on Pos Indonesia.",accept_other,codex_pos_exact_hierarchy_review,project_owner_adjudication,approved
pos_indonesia_postcode_search,2026-08-12,32.06.39.2007,SUKARESIK,46459,https://kodepos.posindonesia.co.id/CariKodepos,"Exact village, district, city, and province match on Pos Indonesia.",accept_other,codex_pos_exact_hierarchy_review,project_owner_adjudication,approved
pos_indonesia_postcode_search,2026-08-12,32.06.39.2008,MARGAMULYA,46459,https://kodepos.posindonesia.co.id/CariKodepos,"Exact village, district, city, and province match on Pos Indonesia.",accept_other,codex_pos_exact_hierarchy_review,project_owner_adjudication,approved
pos_indonesia_postcode_search,2026-08-12,32.07.35.2001,BANTARDAWA,46286,https://kodepos.posindonesia.co.id/CariKodepos,"Exact village, district, city, and province match on Pos Indonesia.",accept_other,codex_pos_exact_hierarchy_review,project_owner_adjudication,approved
pos_indonesia_postcode_search,2026-08-12,32.07.35.2002,PURWADADI,46286,https://kodepos.posindonesia.co.id/CariKodepos,"Exact village, district, city, and province match on Pos Indonesia.",accept_other,codex_pos_exact_hierarchy_review,project_owner_adjudication,approved
pos_indonesia_postcode_search,2026-08-12,32.07.35.2003,PURWAJAYA,46286,https://kodepos.posindonesia.co.id/CariKodepos,"Exact village, district, city, and province match on Pos Indonesia.",accept_other,codex_pos_exact_hierarchy_review,project_owner_adjudication,approved
pos_indonesia_postcode_search,2026-08-12,32.07.35.2004,KARANGPANINGAL,46286,https://kodepos.posindonesia.co.id/CariKodepos,"Exact village, district, city, and province match on Pos Indonesia.",accept_other,codex_pos_exact_hierarchy_review,project_owner_adjudication,approved
pos_indonesia_postcode_search,2026-08-12,32.07.35.2005,SIDARAHAYU,46286,https://kodepos.posindonesia.co.id/CariKodepos,"Exact village, district, city, and province match on Pos Indonesia.",accept_other,codex_pos_exact_hierarchy_review,project_owner_adjudication,approved
pos_indonesia_postcode_search,2026-08-12,32.07.35.2006,PADARINGAN,46286,https://kodepos.posindonesia.co.id/CariKodepos,"Exact village, district, city, and province match on Pos Indonesia.",accept_other,codex_pos_exact_hierarchy_review,project_owner_adjudication,approved
pos_indonesia_postcode_search,2026-08-12,32.07.35.2007,PASIRLAWANG,46286,https://kodepos.posindonesia.co.id/CariKodepos,"Exact village, district, city, and province match on Pos Indonesia.",accept_other,codex_pos_exact_hierarchy_review,project_owner_adjudication,approved
pos_indonesia_postcode_search,2026-08-12,32.07.35.2008,KUTAWARINGIN,46286,https://kodepos.posindonesia.co.id/CariKodepos,"Exact village, district, city, and province match on Pos Indonesia.",accept_other,codex_pos_exact_hierarchy_review,project_owner_adjudication,approved
pos_indonesia_postcode_search,2026-08-12,32.07.35.2009,SUKAMULYA,46286,https://kodepos.posindonesia.co.id/CariKodepos,"Exact village, district, city, and province match on Pos Indonesia.",accept_other,codex_pos_exact_hierarchy_review,project_owner_adjudication,approved
pos_indonesia_postcode_search,2026-08-12,32.07.37.2001,PASAWAHAN,46283,https://kodepos.posindonesia.co.id/CariKodepos,"Exact village, district, city, and province match on Pos Indonesia.",accept_suggested,codex_pos_exact_hierarchy_review,project_owner_adjudication,approved
pos_indonesia_postcode_search,2026-08-12,32.07.37.2002,BANJARANYAR,46283,https://kodepos.posindonesia.co.id/CariKodepos,"Exact village, district, city, and province match on Pos Indonesia.",accept_other,codex_pos_exact_hierarchy_review,project_owner_adjudication,approved
pos_indonesia_postcode_search,2026-08-12,32.07.37.2003,CIGAYAM,46283,https://kodepos.posindonesia.co.id/CariKodepos,"Exact village, district, city, and province match on Pos Indonesia.",accept_other,codex_pos_exact_hierarchy_review,project_owner_adjudication,approved
pos_indonesia_postcode_search,2026-08-12,32.07.37.2004,LANGKAPSARI,46283,https://kodepos.posindonesia.co.id/CariKodepos,"Exact village, district, city, and province match on Pos Indonesia.",accept_other,codex_pos_exact_hierarchy_review,project_owner_adjudication,approved
pos_indonesia_postcode_search,2026-08-12,32.07.37.2005,KALIJAYA,46283,https://kodepos.posindonesia.co.id/CariKodepos,"Exact village, district, city, and province match on Pos Indonesia.",accept_other,codex_pos_exact_hierarchy_review,project_owner_adjudication,approved
pos_indonesia_postcode_search,2026-08-12,32.07.37.2006,SINDANGRASA,46283,https://kodepos.posindonesia.co.id/CariKodepos,"Exact village, district, city, and province match on Pos Indonesia.",accept_other,codex_pos_exact_hierarchy_review,project_owner_adjudication,approved
pos_indonesia_postcode_search,2026-08-12,32.07.37.2007,CIKASO,46283,https://kodepos.posindonesia.co.id/CariKodepos,"Exact village, district, city, and province match on Pos Indonesia.",accept_other,codex_pos_exact_hierarchy_review,project_owner_adjudication,approved
pos_indonesia_postcode_search,2026-08-12,32.07.37.2008,CIKUPA,46283,https://kodepos.posindonesia.co.id/CariKodepos,"Exact village, district, city, and province match on Pos Indonesia.",accept_other,codex_pos_exact_hierarchy_review,project_owner_adjudication,approved
pos_indonesia_postcode_search,2026-08-12,32.07.37.2009,KARYAMUKTI,46283,https://kodepos.posindonesia.co.id/CariKodepos,"Exact village, district, city, and province match on Pos Indonesia.",accept_other,codex_pos_exact_hierarchy_review,project_owner_adjudication,approved
pos_indonesia_postcode_search,2026-08-12,32.07.37.2010,TANJUNGSARI,46283,https://kodepos.posindonesia.co.id/CariKodepos,"Exact village, district, city, and province match on Pos Indonesia.",accept_other,codex_pos_exact_hierarchy_review,project_owner_adjudication,approved
pos_indonesia_postcode_search,2026-08-12,32.08.09.2015,KASTURI,45553,https://kodepos.posindonesia.co.id/CariKodepos,"Exact village, district, city, and province match on Pos Indonesia.",accept_other,codex_pos_exact_hierarchy_review,project_owner_adjudication,approved
pos_indonesia_postcode_search,2026-08-12,32.08.13.2006,BANDORASA WETAN,45556,https://kodepos.posindonesia.co.id/CariKodepos,"Exact village, district, city, and province match on Pos Indonesia.",accept_suggested,codex_pos_exact_hierarchy_review,project_owner_adjudication,approved
pos_indonesia_postcode_search,2026-08-12,32.08.13.2007,BANDORASA KULON,45556,https://kodepos.posindonesia.co.id/CariKodepos,"Exact village, district, city, and province match on Pos Indonesia.",accept_suggested,codex_pos_exact_hierarchy_review,project_owner_adjudication,approved
pos_indonesia_postcode_search,2026-08-12,32.08.13.2008,LINGGASANA,45556,https://kodepos.posindonesia.co.id/CariKodepos,"Exact village, district, city, and province match on Pos Indonesia.",accept_suggested,codex_pos_exact_hierarchy_review,project_owner_adjudication,approved
pos_indonesia_postcode_search,2026-08-12,32.08.13.2009,LINGGARJATI,45556,https://kodepos.posindonesia.co.id/CariKodepos,"Exact village, district, city, and province match on Pos Indonesia.",accept_suggested,codex_pos_exact_hierarchy_review,project_owner_adjudication,approved
pos_indonesia_postcode_search,2026-08-12,32.08.13.2010,BOJONG,45556,https://kodepos.posindonesia.co.id/CariKodepos,"Exact village, district, city, and province match on Pos Indonesia.",accept_suggested,codex_pos_exact_hierarchy_review,project_owner_adjudication,approved
pos_indonesia_postcode_search,2026-08-12,32.08.13.2015,CILIMUS,45556,https://kodepos.posindonesia.co.id/CariKodepos,"Exact village, district, city, and province match on Pos Indonesia.",accept_suggested,codex_pos_exact_hierarchy_review,project_owner_adjudication,approved
pos_indonesia_postcode_search,2026-08-12,32.08.13.2016,SETIANEGARA,45556,https://kodepos.posindonesia.co.id/CariKodepos,"Exact village, district, city, and province match on Pos Indonesia.",accept_suggested,codex_pos_exact_hierarchy_review,project_owner_adjudication,approved
pos_indonesia_postcode_search,2026-08-12,32.08.13.2017,CIBEUREUM,45556,https://kodepos.posindonesia.co.id/CariKodepos,"Exact village, district, city, and province match on Pos Indonesia.",accept_suggested,codex_pos_exact_hierarchy_review,project_owner_adjudication,approved
pos_indonesia_postcode_search,2026-08-12,32.08.13.2018,KALIAREN,45556,https://kodepos.posindonesia.co.id/CariKodepos,"Exact village, district, city, and province match on Pos Indonesia.",accept_suggested,codex_pos_exact_hierarchy_review,project_owner_adjudication,approved
pos_indonesia_postcode_search,2026-08-12,32.08.13.2019,SAMPORA,45556,https://kodepos.posindonesia.co.id/CariKodepos,"Exact village, district, city, and province match on Pos Indonesia.",accept_suggested,codex_pos_exact_hierarchy_review,project_owner_adjudication,approved
pos_indonesia_postcode_search,2026-08-12,32.08.13.2020,CARACAS,45556,https://kodepos.posindonesia.co.id/CariKodepos,"Exact village, district, city, and province match on Pos Indonesia.",accept_suggested,codex_pos_exact_hierarchy_review,project_owner_adjudication,approved
pos_indonesia_postcode_search,2026-08-12,32.08.13.2023,LINGGAMEKAR,45556,https://kodepos.posindonesia.co.id/CariKodepos,"Exact village, district, city, and province match on Pos Indonesia.",accept_suggested,codex_pos_exact_hierarchy_review,project_owner_adjudication,approved
pos_indonesia_postcode_search,2026-08-12,32.08.13.2024,LINGGAINDAH,45556,https://kodepos.posindonesia.co.id/CariKodepos,"Exact village, district, city, and province match on Pos Indonesia.",accept_suggested,codex_pos_exact_hierarchy_review,project_owner_adjudication,approved
pos_indonesia_postcode_search,2026-08-12,32.09.01.2008,WALED DESA,45687,https://kodepos.posindonesia.co.id/CariKodepos,"Exact village, district, city, and province match on Pos Indonesia.",accept_other,codex_pos_exact_hierarchy_review,project_owner_adjudication,approved
pos_indonesia_postcode_search,2026-08-12,32.09.01.2009,WALED KOTA,45687,https://kodepos.posindonesia.co.id/CariKodepos,"Exact village, district, city, and province match on Pos Indonesia.",accept_other,codex_pos_exact_hierarchy_review,project_owner_adjudication,approved
pos_indonesia_postcode_search,2026-08-12,32.09.01.2010,MEKARSARI,45687,https://kodepos.posindonesia.co.id/CariKodepos,"Exact village, district, city, and province match on Pos Indonesia.",accept_other,codex_pos_exact_hierarchy_review,project_owner_adjudication,approved
pos_indonesia_postcode_search,2026-08-12,32.09.01.2011,WALED ASEM,45687,https://kodepos.posindonesia.co.id/CariKodepos,"Exact village, district, city, and province match on Pos Indonesia.",accept_other,codex_pos_exact_hierarchy_review,project_owner_adjudication,approved
pos_indonesia_postcode_search,2026-08-12,32.09.01.2012,AMBIT,45687,https://kodepos.posindonesia.co.id/CariKodepos,"Exact village, district, city, and province match on Pos Indonesia.",accept_other,codex_pos_exact_hierarchy_review,project_owner_adjudication,approved
pos_indonesia_postcode_search,2026-08-12,32.09.01.2013,CIUYAH,45687,https://kodepos.posindonesia.co.id/CariKodepos,"Exact village, district, city, and province match on Pos Indonesia.",accept_other,codex_pos_exact_hierarchy_review,project_owner_adjudication,approved
pos_indonesia_postcode_search,2026-08-12,32.09.01.2014,GUNUNGSARI,45687,https://kodepos.posindonesia.co.id/CariKodepos,"Exact village, district, city, and province match on Pos Indonesia.",accept_other,codex_pos_exact_hierarchy_review,project_owner_adjudication,approved
pos_indonesia_postcode_search,2026-08-12,32.09.01.2015,KARANGSARI,45687,https://kodepos.posindonesia.co.id/CariKodepos,"Exact village, district, city, and province match on Pos Indonesia.",accept_other,codex_pos_exact_hierarchy_review,project_owner_adjudication,approved
pos_indonesia_postcode_search,2026-08-12,32.09.01.2016,CIKULAK KIDUL,45687,https://kodepos.posindonesia.co.id/CariKodepos,"Exact village, district, city, and province match on Pos Indonesia.",accept_other,codex_pos_exact_hierarchy_review,project_owner_adjudication,approved
pos_indonesia_postcode_search,2026-08-12,32.09.01.2017,CIKULAK,45687,https://kodepos.posindonesia.co.id/CariKodepos,"Exact village, district, city, and province match on Pos Indonesia.",accept_other,codex_pos_exact_hierarchy_review,project_owner_adjudication,approved
pos_indonesia_postcode_search,2026-08-12,32.09.01.2018,CIBOGO,45687,https://kodepos.posindonesia.co.id/CariKodepos,"Exact village, district, city, and province match on Pos Indonesia.",accept_other,codex_pos_exact_hierarchy_review,project_owner_adjudication,approved
pos_indonesia_postcode_search,2026-08-12,32.09.01.2019,CISAAT,45687,https://kodepos.posindonesia.co.id/CariKodepos,"Exact village, district, city, and province match on Pos Indonesia.",accept_other,codex_pos_exact_hierarchy_review,project_owner_adjudication,approved
pos_indonesia_postcode_search,2026-08-12,32.09.05.2004,GEMBONGAN MEKAR,45691,https://kodepos.posindonesia.co.id/CariKodepos,"Exact village, district, city, and province match on Pos Indonesia.",accept_suggested,codex_pos_exact_hierarchy_review,project_owner_adjudication,approved
pos_indonesia_postcode_search,2026-08-12,32.09.05.2006,BABAKAN GEBANG,45691,https://kodepos.posindonesia.co.id/CariKodepos,"Exact village, district, city, and province match on Pos Indonesia.",accept_suggested,codex_pos_exact_hierarchy_review,project_owner_adjudication,approved
pos_indonesia_postcode_search,2026-08-12,32.09.08.2001,KARANGAMANGU,45685,https://kodepos.posindonesia.co.id/CariKodepos,"Exact village, district, city, and province match on Pos Indonesia.",accept_suggested,codex_pos_exact_hierarchy_review,project_owner_adjudication,approved
pos_indonesia_postcode_search,2026-08-12,32.09.08.2002,SUSUKAN LEBAK,45685,https://kodepos.posindonesia.co.id/CariKodepos,"Exact village, district, city, and province match on Pos Indonesia.",accept_suggested,codex_pos_exact_hierarchy_review,project_owner_adjudication,approved
pos_indonesia_postcode_search,2026-08-12,32.09.08.2003,SUSUKAN AGUNG,45685,https://kodepos.posindonesia.co.id/CariKodepos,"Exact village, district, city, and province match on Pos Indonesia.",accept_suggested,codex_pos_exact_hierarchy_review,project_owner_adjudication,approved
pos_indonesia_postcode_search,2026-08-12,32.09.08.2004,SUSUKAN TONGGOH,45685,https://kodepos.posindonesia.co.id/CariKodepos,"Exact village, district, city, and province match on Pos Indonesia.",accept_suggested,codex_pos_exact_hierarchy_review,project_owner_adjudication,approved
pos_indonesia_postcode_search,2026-08-12,32.09.08.2005,WILULANG,45685,https://kodepos.posindonesia.co.id/CariKodepos,"Exact village, district, city, and province match on Pos Indonesia.",accept_suggested,codex_pos_exact_hierarchy_review,project_owner_adjudication,approved
pos_indonesia_postcode_search,2026-08-12,32.09.08.2006,SAMPIH,45685,https://kodepos.posindonesia.co.id/CariKodepos,"Exact village, district, city, and province match on Pos Indonesia.",accept_suggested,codex_pos_exact_hierarchy_review,project_owner_adjudication,approved
pos_indonesia_postcode_search,2026-08-12,32.09.08.2007,PASAWAHAN,45685,https://kodepos.posindonesia.co.id/CariKodepos,"Exact village, district, city, and province match on Pos Indonesia.",accept_suggested,codex_pos_exact_hierarchy_review,project_owner_adjudication,approved
pos_indonesia_postcode_search,2026-08-12,32.09.08.2008,CIAWIASIH,45685,https://kodepos.posindonesia.co.id/CariKodepos,"Exact village, district, city, and province match on Pos Indonesia.",accept_suggested,codex_pos_exact_hierarchy_review,project_owner_adjudication,approved
pos_indonesia_postcode_search,2026-08-12,32.09.08.2009,CIAWIJAPURA,45685,https://kodepos.posindonesia.co.id/CariKodepos,"Exact village, district, city, and province match on Pos Indonesia.",accept_suggested,codex_pos_exact_hierarchy_review,project_owner_adjudication,approved
pos_indonesia_postcode_search,2026-08-12,32.09.08.2010,CURUG,45685,https://kodepos.posindonesia.co.id/CariKodepos,"Exact village, district, city, and province match on Pos Indonesia.",accept_suggested,codex_pos_exact_hierarchy_review,project_owner_adjudication,approved
pos_indonesia_postcode_search,2026-08-12,32.09.08.2011,CURUG WETAN,45685,https://kodepos.posindonesia.co.id/CariKodepos,"Exact village, district, city, and province match on Pos Indonesia.",accept_suggested,codex_pos_exact_hierarchy_review,project_owner_adjudication,approved
pos_indonesia_postcode_search,2026-08-12,32.09.08.2012,KALIGAWE WETAN,45685,https://kodepos.posindonesia.co.id/CariKodepos,"Exact village, district, city, and province match on Pos Indonesia.",accept_suggested,codex_pos_exact_hierarchy_review,project_owner_adjudication,approved
pos_indonesia_postcode_search,2026-08-12,32.09.08.2013,KALIGAWE,45685,https://kodepos.posindonesia.co.id/CariKodepos,"Exact village, district, city, and province match on Pos Indonesia.",accept_suggested,codex_pos_exact_hierarchy_review,project_owner_adjudication,approved
pos_indonesia_postcode_search,2026-08-12,32.09.11.2008,PENGARENGAN,45682,https://kodepos.posindonesia.co.id/CariKodepos,"Exact village, district, city, and province match on Pos Indonesia.",accept_suggested,codex_pos_exact_hierarchy_review,project_owner_adjudication,approved
pos_indonesia_postcode_search,2026-08-12,32.09.12.2003,MUNDUMESIGIT,45673,https://kodepos.posindonesia.co.id/CariKodepos,"Exact village, district, city, and province match on Pos Indonesia.",accept_suggested,codex_pos_exact_hierarchy_review,project_owner_adjudication,approved
pos_indonesia_postcode_search,2026-08-12,32.09.12.2008,MUNDUPESISIR,45673,https://kodepos.posindonesia.co.id/CariKodepos,"Exact village, district, city, and province match on Pos Indonesia.",accept_suggested,codex_pos_exact_hierarchy_review,project_owner_adjudication,approved
pos_indonesia_postcode_search,2026-08-12,32.09.12.2012,SINAR RANCANG,45673,https://kodepos.posindonesia.co.id/CariKodepos,"Exact village, district, city, and province match on Pos Indonesia.",accept_suggested,codex_pos_exact_hierarchy_review,project_owner_adjudication,approved
pos_indonesia_postcode_search,2026-08-12,32.09.14.2001,SAMPIRAN,45671,https://kodepos.posindonesia.co.id/CariKodepos,"Exact village, district, city, and province match on Pos Indonesia.",accept_suggested,codex_pos_exact_hierarchy_review,project_owner_adjudication,approved
pos_indonesia_postcode_search,2026-08-12,32.09.14.2002,CIPERNA,45671,https://kodepos.posindonesia.co.id/CariKodepos,"Exact village, district, city, and province match on Pos Indonesia.",accept_suggested,codex_pos_exact_hierarchy_review,project_owner_adjudication,approved
pos_indonesia_postcode_search,2026-08-12,32.09.14.2003,KECOMBERAN,45671,https://kodepos.posindonesia.co.id/CariKodepos,"Exact village, district, city, and province match on Pos Indonesia.",accept_suggested,codex_pos_exact_hierarchy_review,project_owner_adjudication,approved
pos_indonesia_postcode_search,2026-08-12,32.09.14.2004,CIREBON GIRANG,45671,https://kodepos.posindonesia.co.id/CariKodepos,"Exact village, district, city, and province match on Pos Indonesia.",accept_suggested,codex_pos_exact_hierarchy_review,project_owner_adjudication,approved
pos_indonesia_postcode_search,2026-08-12,32.09.14.2005,KERANDON,45671,https://kodepos.posindonesia.co.id/CariKodepos,"Exact village, district, city, and province match on Pos Indonesia.",accept_suggested,codex_pos_exact_hierarchy_review,project_owner_adjudication,approved
pos_indonesia_postcode_search,2026-08-12,32.09.14.2006,WANASABA KIDUL,45671,https://kodepos.posindonesia.co.id/CariKodepos,"Exact village, district, city, and province match on Pos Indonesia.",accept_suggested,codex_pos_exact_hierarchy_review,project_owner_adjudication,approved
pos_indonesia_postcode_search,2026-08-12,32.09.14.2007,WANASABA LOR,45671,https://kodepos.posindonesia.co.id/CariKodepos,"Exact village, district, city, and province match on Pos Indonesia.",accept_suggested,codex_pos_exact_hierarchy_review,project_owner_adjudication,approved
pos_indonesia_postcode_search,2026-08-12,32.09.14.2008,CEMPAKA,45671,https://kodepos.posindonesia.co.id/CariKodepos,"Exact village, district, city, and province match on Pos Indonesia.",accept_suggested,codex_pos_exact_hierarchy_review,project_owner_adjudication,approved
pos_indonesia_postcode_search,2026-08-12,32.09.14.2009,KEPONGPONGAN,45671,https://kodepos.posindonesia.co.id/CariKodepos,"Exact village, district, city, and province match on Pos Indonesia.",accept_suggested,codex_pos_exact_hierarchy_review,project_owner_adjudication,approved
pos_indonesia_postcode_search,2026-08-12,32.09.14.2010,SARWADADI,45671,https://kodepos.posindonesia.co.id/CariKodepos,"Exact village, district, city, and province match on Pos Indonesia.",accept_suggested,codex_pos_exact_hierarchy_review,project_owner_adjudication,approved
pos_indonesia_postcode_search,2026-08-12,32.09.14.2011,KUBANG,45671,https://kodepos.posindonesia.co.id/CariKodepos,"Exact village, district, city, and province match on Pos Indonesia.",accept_suggested,codex_pos_exact_hierarchy_review,project_owner_adjudication,approved
pos_indonesia_postcode_search,2026-08-12,32.09.17.2002,CILUKRAK,45661,https://kodepos.posindonesia.co.id/CariKodepos,"Exact village, district, city, and province match on Pos Indonesia.",accept_other,codex_pos_exact_hierarchy_review,project_owner_adjudication,approved
pos_indonesia_postcode_search,2026-08-12,32.09.17.2003,KEPUH,45661,https://kodepos.posindonesia.co.id/CariKodepos,"Exact village, district, city, and province match on Pos Indonesia.",accept_other,codex_pos_exact_hierarchy_review,project_owner_adjudication,approved
pos_indonesia_postcode_search,2026-08-12,32.09.17.2004,BALERANTE,45661,https://kodepos.posindonesia.co.id/CariKodepos,"Exact village, district, city, and province match on Pos Indonesia.",accept_other,codex_pos_exact_hierarchy_review,project_owner_adjudication,approved
pos_indonesia_postcode_search,2026-08-12,32.09.17.2005,PANONGAN,45661,https://kodepos.posindonesia.co.id/CariKodepos,"Exact village, district, city, and province match on Pos Indonesia.",accept_other,codex_pos_exact_hierarchy_review,project_owner_adjudication,approved
pos_indonesia_postcode_search,2026-08-12,32.09.17.2006,BEBERAN,45661,https://kodepos.posindonesia.co.id/CariKodepos,"Exact village, district, city, and province match on Pos Indonesia.",accept_other,codex_pos_exact_hierarchy_review,project_owner_adjudication,approved
pos_indonesia_postcode_search,2026-08-12,32.09.17.2007,SEMPLO,45661,https://kodepos.posindonesia.co.id/CariKodepos,"Exact village, district, city, and province match on Pos Indonesia.",accept_other,codex_pos_exact_hierarchy_review,project_owner_adjudication,approved
pos_indonesia_postcode_search,2026-08-12,32.09.17.2008,PALIMANAN TIMUR,45661,https://kodepos.posindonesia.co.id/CariKodepos,"Exact village, district, city, and province match on Pos Indonesia.",accept_other,codex_pos_exact_hierarchy_review,project_owner_adjudication,approved
pos_indonesia_postcode_search,2026-08-12,32.09.17.2011,PEGAGAN,45661,https://kodepos.posindonesia.co.id/CariKodepos,"Exact village, district, city, and province match on Pos Indonesia.",accept_other,codex_pos_exact_hierarchy_review,project_owner_adjudication,approved
pos_indonesia_postcode_search,2026-08-12,32.09.17.2012,LUNGBENDA,45661,https://kodepos.posindonesia.co.id/CariKodepos,"Exact village, district, city, and province match on Pos Indonesia.",accept_other,codex_pos_exact_hierarchy_review,project_owner_adjudication,approved
pos_indonesia_postcode_search,2026-08-12,32.09.17.2013,CIAWI,45661,https://kodepos.posindonesia.co.id/CariKodepos,"Exact village, district, city, and province match on Pos Indonesia.",accept_other,codex_pos_exact_hierarchy_review,project_owner_adjudication,approved
pos_indonesia_postcode_search,2026-08-12,32.09.17.2014,TEGALKARANG,45661,https://kodepos.posindonesia.co.id/CariKodepos,"Exact village, district, city, and province match on Pos Indonesia.",accept_other,codex_pos_exact_hierarchy_review,project_owner_adjudication,approved
pos_indonesia_postcode_search,2026-08-12,32.09.17.2015,CENGKUANG,45661,https://kodepos.posindonesia.co.id/CariKodepos,"Exact village, district, city, and province match on Pos Indonesia.",accept_other,codex_pos_exact_hierarchy_review,project_owner_adjudication,approved
pos_indonesia_postcode_search,2026-08-12,32.09.18.2001,CEMPAKA,45655,https://kodepos.posindonesia.co.id/CariKodepos,"Exact village, district, city, and province match on Pos Indonesia.",accept_suggested,codex_pos_exact_hierarchy_review,project_owner_adjudication,approved
pos_indonesia_postcode_search,2026-08-12,32.09.18.2002,PAMIJAHAN,45655,https://kodepos.posindonesia.co.id/CariKodepos,"Exact village, district, city, and province match on Pos Indonesia.",accept_other,codex_pos_exact_hierarchy_review,project_owner_adjudication,approved
pos_indonesia_postcode_search,2026-08-12,32.09.18.2003,LURAH,45655,https://kodepos.posindonesia.co.id/CariKodepos,"Exact village, district, city, and province match on Pos Indonesia.",accept_other,codex_pos_exact_hierarchy_review,project_owner_adjudication,approved
pos_indonesia_postcode_search,2026-08-12,32.09.18.2004,MARIKANGEN,45655,https://kodepos.posindonesia.co.id/CariKodepos,"Exact village, district, city, and province match on Pos Indonesia.",accept_other,codex_pos_exact_hierarchy_review,project_owner_adjudication,approved
pos_indonesia_postcode_search,2026-08-12,32.09.18.2005,BODE LOR,45655,https://kodepos.posindonesia.co.id/CariKodepos,"Exact village, district, city, and province match on Pos Indonesia.",accept_other,codex_pos_exact_hierarchy_review,project_owner_adjudication,approved
pos_indonesia_postcode_search,2026-08-12,32.09.18.2006,BODESARI,45655,https://kodepos.posindonesia.co.id/CariKodepos,"Exact village, district, city, and province match on Pos Indonesia.",accept_other,codex_pos_exact_hierarchy_review,project_owner_adjudication,approved
pos_indonesia_postcode_search,2026-08-12,32.09.18.2007,GOMBANG,45655,https://kodepos.posindonesia.co.id/CariKodepos,"Exact village, district, city, and province match on Pos Indonesia.",accept_other,codex_pos_exact_hierarchy_review,project_owner_adjudication,approved
pos_indonesia_postcode_search,2026-08-12,32.09.18.2008,KARANGMULYA,45655,https://kodepos.posindonesia.co.id/CariKodepos,"Exact village, district, city, and province match on Pos Indonesia.",accept_other,codex_pos_exact_hierarchy_review,project_owner_adjudication,approved
pos_indonesia_postcode_search,2026-08-12,32.09.18.2009,KARANGASEM,45655,https://kodepos.posindonesia.co.id/CariKodepos,"Exact village, district, city, and province match on Pos Indonesia.",accept_other,codex_pos_exact_hierarchy_review,project_owner_adjudication,approved
pos_indonesia_postcode_search,2026-08-12,32.09.18.2010,PLUMBON,45655,https://kodepos.posindonesia.co.id/CariKodepos,"Exact village, district, city, and province match on Pos Indonesia.",accept_other,codex_pos_exact_hierarchy_review,project_owner_adjudication,approved
pos_indonesia_postcode_search,2026-08-12,32.09.18.2011,PURBAWINANGUN,45655,https://kodepos.posindonesia.co.id/CariKodepos,"Exact village, district, city, and province match on Pos Indonesia.",accept_other,codex_pos_exact_hierarchy_review,project_owner_adjudication,approved
pos_indonesia_postcode_search,2026-08-12,32.09.18.2012,KEBAREPAN,45655,https://kodepos.posindonesia.co.id/CariKodepos,"Exact village, district, city, and province match on Pos Indonesia.",accept_other,codex_pos_exact_hierarchy_review,project_owner_adjudication,approved
pos_indonesia_postcode_search,2026-08-12,32.09.18.2013,PASANGGRAHAN,45655,https://kodepos.posindonesia.co.id/CariKodepos,"Exact village, district, city, and province match on Pos Indonesia.",accept_other,codex_pos_exact_hierarchy_review,project_owner_adjudication,approved
pos_indonesia_postcode_search,2026-08-12,32.09.18.2014,KEDUNGSANA,45655,https://kodepos.posindonesia.co.id/CariKodepos,"Exact village, district, city, and province match on Pos Indonesia.",accept_other,codex_pos_exact_hierarchy_review,project_owner_adjudication,approved
pos_indonesia_postcode_search,2026-08-12,32.09.18.2015,DANAMULYA,45655,https://kodepos.posindonesia.co.id/CariKodepos,"Exact village, district, city, and province match on Pos Indonesia.",accept_other,codex_pos_exact_hierarchy_review,project_owner_adjudication,approved
pos_indonesia_postcode_search,2026-08-12,32.09.19.2001,KARANGSARI,45644,https://kodepos.posindonesia.co.id/CariKodepos,"Exact village, district, city, and province match on Pos Indonesia.",accept_other,codex_pos_exact_hierarchy_review,project_owner_adjudication,approved
pos_indonesia_postcode_search,2026-08-12,32.09.19.2002,KERTASARI,45644,https://kodepos.posindonesia.co.id/CariKodepos,"Exact village, district, city, and province match on Pos Indonesia.",accept_other,codex_pos_exact_hierarchy_review,project_owner_adjudication,approved
pos_indonesia_postcode_search,2026-08-12,32.09.19.2003,MEGUGEDE,45644,https://kodepos.posindonesia.co.id/CariKodepos,"Exact village, district, city, and province match on Pos Indonesia.",accept_suggested,codex_pos_exact_hierarchy_review,project_owner_adjudication,approved
pos_indonesia_postcode_search,2026-08-12,32.09.19.2004,MEGUCILIK,45644,https://kodepos.posindonesia.co.id/CariKodepos,"Exact village, district, city, and province match on Pos Indonesia.",accept_suggested,codex_pos_exact_hierarchy_review,project_owner_adjudication,approved
pos_indonesia_postcode_search,2026-08-12,32.09.19.2005,SETU WETAN,45644,https://kodepos.posindonesia.co.id/CariKodepos,"Exact village, district, city, and province match on Pos Indonesia.",accept_other,codex_pos_exact_hierarchy_review,project_owner_adjudication,approved
pos_indonesia_postcode_search,2026-08-12,32.09.19.2006,SETU KULON,45644,https://kodepos.posindonesia.co.id/CariKodepos,"Exact village, district, city, and province match on Pos Indonesia.",accept_other,codex_pos_exact_hierarchy_review,project_owner_adjudication,approved
pos_indonesia_postcode_search,2026-08-12,32.09.19.2007,WERU KIDUL,45644,https://kodepos.posindonesia.co.id/CariKodepos,"Exact village, district, city, and province match on Pos Indonesia.",accept_other,codex_pos_exact_hierarchy_review,project_owner_adjudication,approved
pos_indonesia_postcode_search,2026-08-12,32.09.19.2008,WERU LOR,45644,https://kodepos.posindonesia.co.id/CariKodepos,"Exact village, district, city, and province match on Pos Indonesia.",accept_other,codex_pos_exact_hierarchy_review,project_owner_adjudication,approved
pos_indonesia_postcode_search,2026-08-12,32.09.19.2009,TEGALWANGI,45644,https://kodepos.posindonesia.co.id/CariKodepos,"Exact village, district, city, and province match on Pos Indonesia.",accept_other,codex_pos_exact_hierarchy_review,project_owner_adjudication,approved
pos_indonesia_postcode_search,2026-08-12,32.09.21.2001,ADIDHARMA,45643,https://kodepos.posindonesia.co.id/CariKodepos,"Exact village, district, city, and province match on Pos Indonesia.",accept_suggested,codex_pos_exact_hierarchy_review,project_owner_adjudication,approved
pos_indonesia_postcode_search,2026-08-12,32.09.21.2002,PASINDANGAN,45643,https://kodepos.posindonesia.co.id/CariKodepos,"Exact village, district, city, and province match on Pos Indonesia.",accept_suggested,codex_pos_exact_hierarchy_review,project_owner_adjudication,approved
pos_indonesia_postcode_search,2026-08-12,32.09.21.2003,JADIMULYA,45643,https://kodepos.posindonesia.co.id/CariKodepos,"Exact village, district, city, and province match on Pos Indonesia.",accept_suggested,codex_pos_exact_hierarchy_review,project_owner_adjudication,approved
pos_indonesia_postcode_search,2026-08-12,32.09.21.2004,KLAYAN,45643,https://kodepos.posindonesia.co.id/CariKodepos,"Exact village, district, city, and province match on Pos Indonesia.",accept_suggested,codex_pos_exact_hierarchy_review,project_owner_adjudication,approved
pos_indonesia_postcode_search,2026-08-12,32.09.21.2005,JATIMERTA,45643,https://kodepos.posindonesia.co.id/CariKodepos,"Exact village, district, city, and province match on Pos Indonesia.",accept_suggested,codex_pos_exact_hierarchy_review,project_owner_adjudication,approved
pos_indonesia_postcode_search,2026-08-12,32.09.21.2006,ASTANA,45643,https://kodepos.posindonesia.co.id/CariKodepos,"Exact village, district, city, and province match on Pos Indonesia.",accept_suggested,codex_pos_exact_hierarchy_review,project_owner_adjudication,approved
pos_indonesia_postcode_search,2026-08-12,32.09.21.2007,KALISAPU,45643,https://kodepos.posindonesia.co.id/CariKodepos,"Exact village, district, city, and province match on Pos Indonesia.",accept_suggested,codex_pos_exact_hierarchy_review,project_owner_adjudication,approved
pos_indonesia_postcode_search,2026-08-12,32.09.21.2008,WANAKAYA,45643,https://kodepos.posindonesia.co.id/CariKodepos,"Exact village, district, city, and province match on Pos Indonesia.",accept_suggested,codex_pos_exact_hierarchy_review,project_owner_adjudication,approved
pos_indonesia_postcode_search,2026-08-12,32.09.21.2009,GROGOL,45643,https://kodepos.posindonesia.co.id/CariKodepos,"Exact village, district, city, and province match on Pos Indonesia.",accept_suggested,codex_pos_exact_hierarchy_review,project_owner_adjudication,approved
pos_indonesia_postcode_search,2026-08-12,32.09.21.2010,BABADAN,45643,https://kodepos.posindonesia.co.id/CariKodepos,"Exact village, district, city, and province match on Pos Indonesia.",accept_suggested,codex_pos_exact_hierarchy_review,project_owner_adjudication,approved
pos_indonesia_postcode_search,2026-08-12,32.09.21.2011,BUYUT,45643,https://kodepos.posindonesia.co.id/CariKodepos,"Exact village, district, city, and province match on Pos Indonesia.",accept_suggested,codex_pos_exact_hierarchy_review,project_owner_adjudication,approved
pos_indonesia_postcode_search,2026-08-12,32.09.21.2012,MAYUNG,45643,https://kodepos.posindonesia.co.id/CariKodepos,"Exact village, district, city, and province match on Pos Indonesia.",accept_suggested,codex_pos_exact_hierarchy_review,project_owner_adjudication,approved
pos_indonesia_postcode_search,2026-08-12,32.09.21.2015,MERTASINGA,45643,https://kodepos.posindonesia.co.id/CariKodepos,"Exact village, district, city, and province match on Pos Indonesia.",accept_suggested,codex_pos_exact_hierarchy_review,project_owner_adjudication,approved
pos_indonesia_postcode_search,2026-08-12,32.09.21.2016,SAMBENG,45659,https://kodepos.posindonesia.co.id/CariKodepos,"Automated exact-hierarchy matching failed only because Pos Indonesia's database still lists Sambeng under its former district, Suranenggala, not the current district Gunung Jati. The project's own Pos Indonesia scrape cache (pos-indonesia-unresolved-observations.cache.json, checked 2026-08-12) shows an exact village+city+province match: Kab. Cirebon, Kec. Suranenggala, Sambeng, 45659. This former-district assignment is independently documented in data/kemendagri_code_resolutions.json resolutions[0] (former_village_code 32.09.39.2001 -> current 32.09.21.2016). 45659 also matches the existing Diskominfo value. Reviewer initially proposed 45150 from nomor.net (third-party directory); project owner reconsidered and accepted 45659 instead because it has direct Pos Indonesia evidence, per docs/postal-data-status-and-review-guide.md evidence hierarchy.",accept_other,yongky,project_owner_adjudication,approved
pos_indonesia_postcode_search,2026-08-12,32.09.21.2017,SIRNABAYA,45659,https://kodepos.posindonesia.co.id/CariKodepos,"Automated exact-hierarchy matching failed only because Pos Indonesia's database still lists Sirnabaya under its former district, Suranenggala, not the current district Gunung Jati. The project's own Pos Indonesia scrape cache (pos-indonesia-unresolved-observations.cache.json, checked 2026-08-12) shows an exact village+city+province match: Kab. Cirebon, Kec. Suranenggala, Sirnabaya, 45659. This former-district assignment is independently documented in data/kemendagri_code_resolutions.json resolutions[1] (former_village_code 32.09.39.2002 -> current 32.09.21.2017). 45659 also matches the existing Diskominfo value. Reviewer initially proposed 45150 from nomor.net (third-party directory); project owner reconsidered and accepted 45659 instead because it has direct Pos Indonesia evidence, per docs/postal-data-status-and-review-guide.md evidence hierarchy.",accept_other,yongky,project_owner_adjudication,approved
pos_indonesia_postcode_search,2026-08-12,32.09.23.2001,SERANG,45656,https://kodepos.posindonesia.co.id/CariKodepos,"Exact village, district, city, and province match on Pos Indonesia.",accept_other,codex_pos_exact_hierarchy_review,project_owner_adjudication,approved
pos_indonesia_postcode_search,2026-08-12,32.09.23.2002,KLANGENAN,45656,https://kodepos.posindonesia.co.id/CariKodepos,"Exact village, district, city, and province match on Pos Indonesia.",accept_other,codex_pos_exact_hierarchy_review,project_owner_adjudication,approved
pos_indonesia_postcode_search,2026-08-12,32.09.23.2003,DANAWINANGUN,45656,https://kodepos.posindonesia.co.id/CariKodepos,"Exact village, district, city, and province match on Pos Indonesia.",accept_other,codex_pos_exact_hierarchy_review,project_owner_adjudication,approved
pos_indonesia_postcode_search,2026-08-12,32.09.23.2007,PAKANTINGAN,45656,https://kodepos.posindonesia.co.id/CariKodepos,"Exact village, district, city, and province match on Pos Indonesia.",accept_other,codex_pos_exact_hierarchy_review,project_owner_adjudication,approved
pos_indonesia_postcode_search,2026-08-12,32.09.23.2008,JEMARAS KIDUL,45656,https://kodepos.posindonesia.co.id/CariKodepos,"Exact village, district, city, and province match on Pos Indonesia.",accept_other,codex_pos_exact_hierarchy_review,project_owner_adjudication,approved
pos_indonesia_postcode_search,2026-08-12,32.09.23.2009,JEMARAS LOR,45656,https://kodepos.posindonesia.co.id/CariKodepos,"Exact village, district, city, and province match on Pos Indonesia.",accept_other,codex_pos_exact_hierarchy_review,project_owner_adjudication,approved
pos_indonesia_postcode_search,2026-08-12,32.09.23.2010,SLANGIT,45656,https://kodepos.posindonesia.co.id/CariKodepos,"Exact village, district, city, and province match on Pos Indonesia.",accept_other,codex_pos_exact_hierarchy_review,project_owner_adjudication,approved
pos_indonesia_postcode_search,2026-08-12,32.09.23.2011,KREYO,45656,https://kodepos.posindonesia.co.id/CariKodepos,"Exact village, district, city, and province match on Pos Indonesia.",accept_other,codex_pos_exact_hierarchy_review,project_owner_adjudication,approved
pos_indonesia_postcode_search,2026-08-12,32.09.23.2012,BANGODUA,45656,https://kodepos.posindonesia.co.id/CariKodepos,"Exact village, district, city, and province match on Pos Indonesia.",accept_other,codex_pos_exact_hierarchy_review,project_owner_adjudication,approved
pos_indonesia_postcode_search,2026-08-12,32.09.30.2001,DOMPYONG KULON,45694,https://kodepos.posindonesia.co.id/CariKodepos,"Exact village, district, city, and province match on Pos Indonesia.",accept_other,codex_pos_exact_hierarchy_review,project_owner_adjudication,approved
pos_indonesia_postcode_search,2026-08-12,32.09.30.2002,DOMPYONG WETAN,45694,https://kodepos.posindonesia.co.id/CariKodepos,"Exact village, district, city, and province match on Pos Indonesia.",accept_other,codex_pos_exact_hierarchy_review,project_owner_adjudication,approved
pos_indonesia_postcode_search,2026-08-12,32.09.30.2003,KALIMEKAR,45694,https://kodepos.posindonesia.co.id/CariKodepos,"Exact village, district, city, and province match on Pos Indonesia.",accept_other,codex_pos_exact_hierarchy_review,project_owner_adjudication,approved
pos_indonesia_postcode_search,2026-08-12,32.09.30.2004,KALIMORO,45694,https://kodepos.posindonesia.co.id/CariKodepos,"Exact village, district, city, and province match on Pos Indonesia.",accept_other,codex_pos_exact_hierarchy_review,project_owner_adjudication,approved
pos_indonesia_postcode_search,2026-08-12,32.09.30.2005,GAGASARI,45694,https://kodepos.posindonesia.co.id/CariKodepos,"Exact village, district, city, and province match on Pos Indonesia.",accept_other,codex_pos_exact_hierarchy_review,project_owner_adjudication,approved
pos_indonesia_postcode_search,2026-08-12,32.09.30.2006,KALIPASUNG,45694,https://kodepos.posindonesia.co.id/CariKodepos,"Exact village, district, city, and province match on Pos Indonesia.",accept_other,codex_pos_exact_hierarchy_review,project_owner_adjudication,approved
pos_indonesia_postcode_search,2026-08-12,32.09.30.2007,GEBANG KULON,45694,https://kodepos.posindonesia.co.id/CariKodepos,"Exact village, district, city, and province match on Pos Indonesia.",accept_other,codex_pos_exact_hierarchy_review,project_owner_adjudication,approved
pos_indonesia_postcode_search,2026-08-12,32.09.30.2008,GEBANG,45694,https://kodepos.posindonesia.co.id/CariKodepos,"Exact village, district, city, and province match on Pos Indonesia.",accept_other,codex_pos_exact_hierarchy_review,project_owner_adjudication,approved
pos_indonesia_postcode_search,2026-08-12,32.09.30.2009,GEBANG ILIR,45694,https://kodepos.posindonesia.co.id/CariKodepos,"Exact village, district, city, and province match on Pos Indonesia.",accept_suggested,codex_pos_exact_hierarchy_review,project_owner_adjudication,approved
pos_indonesia_postcode_search,2026-08-12,32.09.30.2010,GEBANG UDIK,45694,https://kodepos.posindonesia.co.id/CariKodepos,"Exact village, district, city, and province match on Pos Indonesia.",accept_suggested,codex_pos_exact_hierarchy_review,project_owner_adjudication,approved
pos_indonesia_postcode_search,2026-08-12,32.09.30.2011,GEBANG MEKAR,45694,https://kodepos.posindonesia.co.id/CariKodepos,"Exact village, district, city, and province match on Pos Indonesia.",accept_suggested,codex_pos_exact_hierarchy_review,project_owner_adjudication,approved
pos_indonesia_postcode_search,2026-08-12,32.09.30.2012,PELAYANGAN,45694,https://kodepos.posindonesia.co.id/CariKodepos,"Exact village, district, city, and province match on Pos Indonesia.",accept_suggested,codex_pos_exact_hierarchy_review,project_owner_adjudication,approved
pos_indonesia_postcode_search,2026-08-12,32.09.30.2013,MELAKASARI,45694,https://kodepos.posindonesia.co.id/CariKodepos,"Exact village, district, city, and province match on Pos Indonesia.",accept_other,codex_pos_exact_hierarchy_review,project_owner_adjudication,approved
pos_indonesia_postcode_search,2026-08-12,32.09.32.2006,CIGOBANG WANGI,45697,https://kodepos.posindonesia.co.id/CariKodepos,"Exact village, district, city, and province match on Pos Indonesia.",accept_suggested,codex_pos_exact_hierarchy_review,project_owner_adjudication,approved
pos_indonesia_postcode_search,2026-08-12,32.09.33.2001,SUKADANA,45696,https://kodepos.posindonesia.co.id/CariKodepos,"Exact village, district, city, and province match on Pos Indonesia.",accept_other,codex_pos_exact_hierarchy_review,project_owner_adjudication,approved
pos_indonesia_postcode_search,2026-08-12,32.09.33.2002,PABUARAN KIDUL,45696,https://kodepos.posindonesia.co.id/CariKodepos,"Exact village, district, city, and province match on Pos Indonesia.",accept_other,codex_pos_exact_hierarchy_review,project_owner_adjudication,approved
pos_indonesia_postcode_search,2026-08-12,32.09.33.2003,PABUARAN WETAN,45696,https://kodepos.posindonesia.co.id/CariKodepos,"Exact village, district, city, and province match on Pos Indonesia.",accept_other,codex_pos_exact_hierarchy_review,project_owner_adjudication,approved
pos_indonesia_postcode_search,2026-08-12,32.09.33.2004,PABUARAN LOR,45696,https://kodepos.posindonesia.co.id/CariKodepos,"Exact village, district, city, and province match on Pos Indonesia.",accept_other,codex_pos_exact_hierarchy_review,project_owner_adjudication,approved
pos_indonesia_postcode_search,2026-08-12,32.09.33.2005,JATIRENGGANG,45696,https://kodepos.posindonesia.co.id/CariKodepos,"Exact village, district, city, and province match on Pos Indonesia.",accept_other,codex_pos_exact_hierarchy_review,project_owner_adjudication,approved
pos_indonesia_postcode_search,2026-08-12,32.09.33.2006,HULUBANTENG,45696,https://kodepos.posindonesia.co.id/CariKodepos,"Exact village, district, city, and province match on Pos Indonesia.",accept_other,codex_pos_exact_hierarchy_review,project_owner_adjudication,approved
pos_indonesia_postcode_search,2026-08-12,32.09.33.2007,HULUBANTENG LOR,45696,https://kodepos.posindonesia.co.id/CariKodepos,"Exact village, district, city, and province match on Pos Indonesia.",accept_other,codex_pos_exact_hierarchy_review,project_owner_adjudication,approved
pos_indonesia_postcode_search,2026-08-12,32.09.34.2001,SEUSEUPAN,45695,https://kodepos.posindonesia.co.id/CariKodepos,"Exact village, district, city, and province match on Pos Indonesia.",accept_other,codex_pos_exact_hierarchy_review,project_owner_adjudication,approved
pos_indonesia_postcode_search,2026-08-12,32.09.34.2002,BLENDER,45695,https://kodepos.posindonesia.co.id/CariKodepos,"Exact village, district, city, and province match on Pos Indonesia.",accept_other,codex_pos_exact_hierarchy_review,project_owner_adjudication,approved
pos_indonesia_postcode_search,2026-08-12,32.09.34.2003,SUMURKONDANG,45695,https://kodepos.posindonesia.co.id/CariKodepos,"Exact village, district, city, and province match on Pos Indonesia.",accept_other,codex_pos_exact_hierarchy_review,project_owner_adjudication,approved
pos_indonesia_postcode_search,2026-08-12,32.09.34.2004,KUBANGDELEG,45695,https://kodepos.posindonesia.co.id/CariKodepos,"Exact village, district, city, and province match on Pos Indonesia.",accept_other,codex_pos_exact_hierarchy_review,project_owner_adjudication,approved
pos_indonesia_postcode_search,2026-08-12,32.09.34.2005,JATIPIRING,45695,https://kodepos.posindonesia.co.id/CariKodepos,"Exact village, district, city, and province match on Pos Indonesia.",accept_other,codex_pos_exact_hierarchy_review,project_owner_adjudication,approved
pos_indonesia_postcode_search,2026-08-12,32.09.34.2006,KARANGANYAR,45695,https://kodepos.posindonesia.co.id/CariKodepos,"Exact village, district, city, and province match on Pos Indonesia.",accept_other,codex_pos_exact_hierarchy_review,project_owner_adjudication,approved
pos_indonesia_postcode_search,2026-08-12,32.09.34.2007,KARANGWANGI,45695,https://kodepos.posindonesia.co.id/CariKodepos,"Exact village, district, city, and province match on Pos Indonesia.",accept_other,codex_pos_exact_hierarchy_review,project_owner_adjudication,approved
pos_indonesia_postcode_search,2026-08-12,32.09.34.2008,KARANGWARENG,45695,https://kodepos.posindonesia.co.id/CariKodepos,"Exact village, district, city, and province match on Pos Indonesia.",accept_other,codex_pos_exact_hierarchy_review,project_owner_adjudication,approved
pos_indonesia_postcode_search,2026-08-12,32.09.34.2009,KARANGASEM,45695,https://kodepos.posindonesia.co.id/CariKodepos,"Exact village, district, city, and province match on Pos Indonesia.",accept_other,codex_pos_exact_hierarchy_review,project_owner_adjudication,approved
pos_indonesia_postcode_search,2026-08-12,32.09.35.2001,PALIR,45642,https://kodepos.posindonesia.co.id/CariKodepos,"Exact village, district, city, and province match on Pos Indonesia.",accept_other,codex_pos_exact_hierarchy_review,project_owner_adjudication,approved
pos_indonesia_postcode_search,2026-08-12,32.09.35.2002,ASTAPADA,45642,https://kodepos.posindonesia.co.id/CariKodepos,"Exact village, district, city, and province match on Pos Indonesia.",accept_other,codex_pos_exact_hierarchy_review,project_owner_adjudication,approved
pos_indonesia_postcode_search,2026-08-12,32.09.35.2003,GESIK,45642,https://kodepos.posindonesia.co.id/CariKodepos,"Exact village, district, city, and province match on Pos Indonesia.",accept_other,codex_pos_exact_hierarchy_review,project_owner_adjudication,approved
pos_indonesia_postcode_search,2026-08-12,32.09.35.2004,KEMLAKAGEDE,45642,https://kodepos.posindonesia.co.id/CariKodepos,"Exact village, district, city, and province match on Pos Indonesia.",accept_other,codex_pos_exact_hierarchy_review,project_owner_adjudication,approved
pos_indonesia_postcode_search,2026-08-12,32.09.35.2005,DAWUAN,45642,https://kodepos.posindonesia.co.id/CariKodepos,"Exact village, district, city, and province match on Pos Indonesia.",accept_other,codex_pos_exact_hierarchy_review,project_owner_adjudication,approved
pos_indonesia_postcode_search,2026-08-12,32.09.35.2006,BATTEMBAT,45642,https://kodepos.posindonesia.co.id/CariKodepos,"Exact village, district, city, and province match on Pos Indonesia.",accept_suggested,codex_pos_exact_hierarchy_review,project_owner_adjudication,approved
pos_indonesia_postcode_search,2026-08-12,32.09.35.2007,KALIBARU,45642,https://kodepos.posindonesia.co.id/CariKodepos,"Exact village, district, city, and province match on Pos Indonesia.",accept_other,codex_pos_exact_hierarchy_review,project_owner_adjudication,approved
pos_indonesia_postcode_search,2026-08-12,32.09.35.2008,KALITENGAH,45642,https://kodepos.posindonesia.co.id/CariKodepos,"Exact village, district, city, and province match on Pos Indonesia.",accept_other,codex_pos_exact_hierarchy_review,project_owner_adjudication,approved
pos_indonesia_postcode_search,2026-08-12,32.09.38.2001,GUMULUNG LEBAK,45674,https://kodepos.posindonesia.co.id/CariKodepos,"Exact village, district, city, and province match on Pos Indonesia.",accept_suggested,codex_pos_exact_hierarchy_review,project_owner_adjudication,approved
pos_indonesia_postcode_search,2026-08-12,32.09.38.2002,LEBAKMEKAR,45674,https://kodepos.posindonesia.co.id/CariKodepos,"Exact village, district, city, and province match on Pos Indonesia.",accept_suggested,codex_pos_exact_hierarchy_review,project_owner_adjudication,approved
pos_indonesia_postcode_search,2026-08-12,32.09.38.2003,GUMULUNG TONGGOH,45674,https://kodepos.posindonesia.co.id/CariKodepos,"Exact village, district, city, and province match on Pos Indonesia.",accept_suggested,codex_pos_exact_hierarchy_review,project_owner_adjudication,approved
pos_indonesia_postcode_search,2026-08-12,32.09.38.2004,KAMARANG,45674,https://kodepos.posindonesia.co.id/CariKodepos,"Exact village, district, city, and province match on Pos Indonesia.",accept_suggested,codex_pos_exact_hierarchy_review,project_owner_adjudication,approved
pos_indonesia_postcode_search,2026-08-12,32.09.38.2005,GREGED,45674,https://kodepos.posindonesia.co.id/CariKodepos,"Exact village, district, city, and province match on Pos Indonesia.",accept_suggested,codex_pos_exact_hierarchy_review,project_owner_adjudication,approved
pos_indonesia_postcode_search,2026-08-12,32.09.38.2006,KAMARANG LEBAK,45674,https://kodepos.posindonesia.co.id/CariKodepos,"Exact village, district, city, and province match on Pos Indonesia.",accept_suggested,codex_pos_exact_hierarchy_review,project_owner_adjudication,approved
pos_indonesia_postcode_search,2026-08-12,32.09.38.2007,DURAJAYA,45674,https://kodepos.posindonesia.co.id/CariKodepos,"Exact village, district, city, and province match on Pos Indonesia.",accept_suggested,codex_pos_exact_hierarchy_review,project_owner_adjudication,approved
pos_indonesia_postcode_search,2026-08-12,32.09.38.2008,JATIPANCUR,45674,https://kodepos.posindonesia.co.id/CariKodepos,"Exact village, district, city, and province match on Pos Indonesia.",accept_suggested,codex_pos_exact_hierarchy_review,project_owner_adjudication,approved
pos_indonesia_postcode_search,2026-08-12,32.09.38.2009,SINDANG KEMPENG,45674,https://kodepos.posindonesia.co.id/CariKodepos,"Exact village, district, city, and province match on Pos Indonesia.",accept_suggested,codex_pos_exact_hierarchy_review,project_owner_adjudication,approved
pos_indonesia_postcode_search,2026-08-12,32.09.38.2010,NANGGELA,45674,https://kodepos.posindonesia.co.id/CariKodepos,"Exact village, district, city, and province match on Pos Indonesia.",accept_suggested,codex_pos_exact_hierarchy_review,project_owner_adjudication,approved
pos_indonesia_postcode_search,2026-08-12,32.09.39.2003,MUARA,45659,https://kodepos.posindonesia.co.id/CariKodepos,"Exact village, district, city, and province match on Pos Indonesia.",accept_other,codex_pos_exact_hierarchy_review,project_owner_adjudication,approved
pos_indonesia_postcode_search,2026-08-12,32.09.39.2004,PURWAWINANGUN,45659,https://kodepos.posindonesia.co.id/CariKodepos,"Exact village, district, city, and province match on Pos Indonesia.",accept_other,codex_pos_exact_hierarchy_review,project_owner_adjudication,approved
pos_indonesia_postcode_search,2026-08-12,32.09.39.2005,KERATON,45659,https://kodepos.posindonesia.co.id/CariKodepos,"Exact village, district, city, and province match on Pos Indonesia.",accept_other,codex_pos_exact_hierarchy_review,project_owner_adjudication,approved
pos_indonesia_postcode_search,2026-08-12,32.09.39.2006,SURAKARTA,45659,https://kodepos.posindonesia.co.id/CariKodepos,"Exact village, district, city, and province match on Pos Indonesia.",accept_other,codex_pos_exact_hierarchy_review,project_owner_adjudication,approved
pos_indonesia_postcode_search,2026-08-12,32.09.39.2007,KARANGREJA,45659,https://kodepos.posindonesia.co.id/CariKodepos,"Exact village, district, city, and province match on Pos Indonesia.",accept_other,codex_pos_exact_hierarchy_review,project_owner_adjudication,approved
pos_indonesia_postcode_search,2026-08-12,32.09.39.2008,SURANENGGALA KIDUL,45659,https://kodepos.posindonesia.co.id/CariKodepos,"Exact village, district, city, and province match on Pos Indonesia.",accept_other,codex_pos_exact_hierarchy_review,project_owner_adjudication,approved
pos_indonesia_postcode_search,2026-08-12,32.09.39.2009,SURANENGGALA KULON,45659,https://kodepos.posindonesia.co.id/CariKodepos,"Exact village, district, city, and province match on Pos Indonesia.",accept_other,codex_pos_exact_hierarchy_review,project_owner_adjudication,approved
pos_indonesia_postcode_search,2026-08-12,32.09.39.2010,SURANENGGALA LOR,45659,https://kodepos.posindonesia.co.id/CariKodepos,"Exact village, district, city, and province match on Pos Indonesia.",accept_other,codex_pos_exact_hierarchy_review,project_owner_adjudication,approved
pos_indonesia_postcode_search,2026-08-12,32.09.39.2011,SURANENGGALA,45659,https://kodepos.posindonesia.co.id/CariKodepos,"Exact village, district, city, and province match on Pos Indonesia.",accept_other,codex_pos_exact_hierarchy_review,project_owner_adjudication,approved
pos_indonesia_postcode_search,2026-08-12,32.10.08.2001,CIOMAS,45471,https://kodepos.posindonesia.co.id/CariKodepos,"Exact village, district, city, and province match on Pos Indonesia.",accept_suggested,codex_pos_exact_hierarchy_review,project_owner_adjudication,approved
pos_indonesia_postcode_search,2026-08-12,32.10.08.2002,PADAHANTEN,45471,https://kodepos.posindonesia.co.id/CariKodepos,"Exact village, district, city, and province match on Pos Indonesia.",accept_suggested,codex_pos_exact_hierarchy_review,project_owner_adjudication,approved
pos_indonesia_postcode_search,2026-08-12,32.10.08.2009,SUKAHAJI,45471,https://kodepos.posindonesia.co.id/CariKodepos,"Exact village, district, city, and province match on Pos Indonesia.",accept_suggested,codex_pos_exact_hierarchy_review,project_owner_adjudication,approved
pos_indonesia_postcode_search,2026-08-12,32.10.08.2010,SALAGEDANG,45471,https://kodepos.posindonesia.co.id/CariKodepos,"Exact village, district, city, and province match on Pos Indonesia.",accept_suggested,codex_pos_exact_hierarchy_review,project_owner_adjudication,approved
pos_indonesia_postcode_search,2026-08-12,32.10.08.2011,CIKEUSIK,45471,https://kodepos.posindonesia.co.id/CariKodepos,"Exact village, district, city, and province match on Pos Indonesia.",accept_suggested,codex_pos_exact_hierarchy_review,project_owner_adjudication,approved
pos_indonesia_postcode_search,2026-08-12,32.10.08.2012,JAYI,45471,https://kodepos.posindonesia.co.id/CariKodepos,"Exact village, district, city, and province match on Pos Indonesia.",accept_suggested,codex_pos_exact_hierarchy_review,project_owner_adjudication,approved
pos_indonesia_postcode_search,2026-08-12,32.10.08.2013,NANGGEWER,45471,https://kodepos.posindonesia.co.id/CariKodepos,"Exact village, district, city, and province match on Pos Indonesia.",accept_suggested,codex_pos_exact_hierarchy_review,project_owner_adjudication,approved
pos_indonesia_postcode_search,2026-08-12,32.10.08.2014,PALABUAN,45471,https://kodepos.posindonesia.co.id/CariKodepos,"Exact village, district, city, and province match on Pos Indonesia.",accept_suggested,codex_pos_exact_hierarchy_review,project_owner_adjudication,approved
pos_indonesia_postcode_search,2026-08-12,32.10.08.2015,CIKONENG,45471,https://kodepos.posindonesia.co.id/CariKodepos,"Exact village, district, city, and province match on Pos Indonesia.",accept_suggested,codex_pos_exact_hierarchy_review,project_owner_adjudication,approved
pos_indonesia_postcode_search,2026-08-12,32.10.08.2016,BABAKANMANJETI,45471,https://kodepos.posindonesia.co.id/CariKodepos,"Exact village, district, city, and province match on Pos Indonesia.",accept_suggested,codex_pos_exact_hierarchy_review,project_owner_adjudication,approved
pos_indonesia_postcode_search,2026-08-12,32.10.08.2017,TANJUNGSARI,45471,https://kodepos.posindonesia.co.id/CariKodepos,"Exact village, district, city, and province match on Pos Indonesia.",accept_suggested,codex_pos_exact_hierarchy_review,project_owner_adjudication,approved
pos_indonesia_postcode_search,2026-08-12,32.10.08.2018,CIKALONG,45471,https://kodepos.posindonesia.co.id/CariKodepos,"Exact village, district, city, and province match on Pos Indonesia.",accept_suggested,codex_pos_exact_hierarchy_review,project_owner_adjudication,approved
pos_indonesia_postcode_search,2026-08-12,32.10.08.2019,CANDRAJAYA,45471,https://kodepos.posindonesia.co.id/CariKodepos,"Exact village, district, city, and province match on Pos Indonesia.",accept_suggested,codex_pos_exact_hierarchy_review,project_owner_adjudication,approved
pos_indonesia_postcode_search,2026-08-12,32.10.24.2001,JATISAWIT,45477,https://kodepos.posindonesia.co.id/CariKodepos,"Exact village, district, city, and province match on Pos Indonesia.",accept_other,codex_pos_exact_hierarchy_review,project_owner_adjudication,approved
pos_indonesia_postcode_search,2026-08-12,32.10.24.2002,LEUWIKIDANG,45477,https://kodepos.posindonesia.co.id/CariKodepos,"Exact village, district, city, and province match on Pos Indonesia.",accept_other,codex_pos_exact_hierarchy_review,project_owner_adjudication,approved
pos_indonesia_postcode_search,2026-08-12,32.10.24.2003,RANJI KULON,45477,https://kodepos.posindonesia.co.id/CariKodepos,"Exact village, district, city, and province match on Pos Indonesia.",accept_other,codex_pos_exact_hierarchy_review,project_owner_adjudication,approved
pos_indonesia_postcode_search,2026-08-12,32.10.24.2004,RANJI WETAN,45477,https://kodepos.posindonesia.co.id/CariKodepos,"Exact village, district, city, and province match on Pos Indonesia.",accept_other,codex_pos_exact_hierarchy_review,project_owner_adjudication,approved
pos_indonesia_postcode_search,2026-08-12,32.10.24.2005,GUNUNGSARI,45477,https://kodepos.posindonesia.co.id/CariKodepos,"Exact village, district, city, and province match on Pos Indonesia.",accept_other,codex_pos_exact_hierarchy_review,project_owner_adjudication,approved
pos_indonesia_postcode_search,2026-08-12,32.10.24.2006,KASOKANDEL,45477,https://kodepos.posindonesia.co.id/CariKodepos,"Exact village, district, city, and province match on Pos Indonesia.",accept_other,codex_pos_exact_hierarchy_review,project_owner_adjudication,approved
pos_indonesia_postcode_search,2026-08-12,32.10.24.2007,GIRIMUKTI,45477,https://kodepos.posindonesia.co.id/CariKodepos,"Exact village, district, city, and province match on Pos Indonesia.",accept_other,codex_pos_exact_hierarchy_review,project_owner_adjudication,approved
pos_indonesia_postcode_search,2026-08-12,32.10.24.2008,JATIMULYA,45477,https://kodepos.posindonesia.co.id/CariKodepos,"Exact village, district, city, and province match on Pos Indonesia.",accept_other,codex_pos_exact_hierarchy_review,project_owner_adjudication,approved
pos_indonesia_postcode_search,2026-08-12,32.10.24.2009,WANAJAYA,45477,https://kodepos.posindonesia.co.id/CariKodepos,"Exact village, district, city, and province match on Pos Indonesia.",accept_other,codex_pos_exact_hierarchy_review,project_owner_adjudication,approved
pos_indonesia_postcode_search,2026-08-12,32.10.24.2010,GANDASARI,45477,https://kodepos.posindonesia.co.id/CariKodepos,"Exact village, district, city, and province match on Pos Indonesia.",accept_other,codex_pos_exact_hierarchy_review,project_owner_adjudication,approved
pos_indonesia_postcode_search,2026-08-12,32.10.26.2001,SUKADANA,45469,https://kodepos.posindonesia.co.id/CariKodepos,"Exact village, district, city, and province match on Pos Indonesia.",accept_other,codex_pos_exact_hierarchy_review,project_owner_adjudication,approved
pos_indonesia_postcode_search,2026-08-12,32.10.26.2002,WERASARI,45469,https://kodepos.posindonesia.co.id/CariKodepos,"Exact village, district, city, and province match on Pos Indonesia.",accept_other,codex_pos_exact_hierarchy_review,project_owner_adjudication,approved
pos_indonesia_postcode_search,2026-08-12,32.10.26.2003,MALAUSMA,45469,https://kodepos.posindonesia.co.id/CariKodepos,"Exact village, district, city, and province match on Pos Indonesia.",accept_other,codex_pos_exact_hierarchy_review,project_owner_adjudication,approved
pos_indonesia_postcode_search,2026-08-12,32.10.26.2004,LEBAKWANGI,45469,https://kodepos.posindonesia.co.id/CariKodepos,"Exact village, district, city, and province match on Pos Indonesia.",accept_other,codex_pos_exact_hierarchy_review,project_owner_adjudication,approved
pos_indonesia_postcode_search,2026-08-12,32.10.26.2005,CIMUNCANG,45469,https://kodepos.posindonesia.co.id/CariKodepos,"Exact village, district, city, and province match on Pos Indonesia.",accept_other,codex_pos_exact_hierarchy_review,project_owner_adjudication,approved
pos_indonesia_postcode_search,2026-08-12,32.10.26.2006,CIRANCA,45469,https://kodepos.posindonesia.co.id/CariKodepos,"Exact village, district, city, and province match on Pos Indonesia.",accept_other,codex_pos_exact_hierarchy_review,project_owner_adjudication,approved
pos_indonesia_postcode_search,2026-08-12,32.10.26.2007,BANYUSARI,45469,https://kodepos.posindonesia.co.id/CariKodepos,"Exact village, district, city, and province match on Pos Indonesia.",accept_other,codex_pos_exact_hierarchy_review,project_owner_adjudication,approved
pos_indonesia_postcode_search,2026-08-12,32.10.26.2008,BUNINAGARA,45469,https://kodepos.posindonesia.co.id/CariKodepos,"Exact village, district, city, and province match on Pos Indonesia.",accept_other,codex_pos_exact_hierarchy_review,project_owner_adjudication,approved
pos_indonesia_postcode_search,2026-08-12,32.10.26.2009,JAGAMULYA,45469,https://kodepos.posindonesia.co.id/CariKodepos,"Exact village, district, city, and province match on Pos Indonesia.",accept_other,codex_pos_exact_hierarchy_review,project_owner_adjudication,approved
pos_indonesia_postcode_search,2026-08-12,32.10.26.2010,GIRIMUKTI,45469,https://kodepos.posindonesia.co.id/CariKodepos,"Exact village, district, city, and province match on Pos Indonesia.",accept_other,codex_pos_exact_hierarchy_review,project_owner_adjudication,approved
pos_indonesia_postcode_search,2026-08-12,32.10.26.2011,KRAMAT JAYA,45469,https://kodepos.posindonesia.co.id/CariKodepos,"Exact village, district, city, and province match on Pos Indonesia.",accept_suggested,codex_pos_exact_hierarchy_review,project_owner_adjudication,approved
pos_indonesia_postcode_search,2026-08-12,32.11.15.2001,CIKERUH,45363,https://kodepos.posindonesia.co.id/CariKodepos,"Exact village, district, city, and province match on Pos Indonesia.",accept_other,codex_pos_exact_hierarchy_review,project_owner_adjudication,approved
pos_indonesia_postcode_search,2026-08-12,32.11.15.2002,HEGARMANAH,45363,https://kodepos.posindonesia.co.id/CariKodepos,"Exact village, district, city, and province match on Pos Indonesia.",accept_other,codex_pos_exact_hierarchy_review,project_owner_adjudication,approved
pos_indonesia_postcode_search,2026-08-12,32.11.15.2003,CIBEUSI,45363,https://kodepos.posindonesia.co.id/CariKodepos,"Exact village, district, city, and province match on Pos Indonesia.",accept_other,codex_pos_exact_hierarchy_review,project_owner_adjudication,approved
pos_indonesia_postcode_search,2026-08-12,32.11.15.2004,CIPACING,45363,https://kodepos.posindonesia.co.id/CariKodepos,"Exact village, district, city, and province match on Pos Indonesia.",accept_other,codex_pos_exact_hierarchy_review,project_owner_adjudication,approved
pos_indonesia_postcode_search,2026-08-12,32.11.15.2005,SAYANG,45363,https://kodepos.posindonesia.co.id/CariKodepos,"Exact village, district, city, and province match on Pos Indonesia.",accept_other,codex_pos_exact_hierarchy_review,project_owner_adjudication,approved
pos_indonesia_postcode_search,2026-08-12,32.11.15.2006,MEKARGALIH,45363,https://kodepos.posindonesia.co.id/CariKodepos,"Exact village, district, city, and province match on Pos Indonesia.",accept_other,codex_pos_exact_hierarchy_review,project_owner_adjudication,approved
pos_indonesia_postcode_search,2026-08-12,32.11.15.2007,CINTAMULYA,45363,https://kodepos.posindonesia.co.id/CariKodepos,"Exact village, district, city, and province match on Pos Indonesia.",accept_other,codex_pos_exact_hierarchy_review,project_owner_adjudication,approved
pos_indonesia_postcode_search,2026-08-12,32.11.15.2008,JATIMUKTI,45363,https://kodepos.posindonesia.co.id/CariKodepos,"Exact village, district, city, and province match on Pos Indonesia.",accept_other,codex_pos_exact_hierarchy_review,project_owner_adjudication,approved
pos_indonesia_postcode_search,2026-08-12,32.11.15.2009,CISEMPUR,45363,https://kodepos.posindonesia.co.id/CariKodepos,"Exact village, district, city, and province match on Pos Indonesia.",accept_other,codex_pos_exact_hierarchy_review,project_owner_adjudication,approved
pos_indonesia_postcode_search,2026-08-12,32.11.15.2010,JATIROKE,45363,https://kodepos.posindonesia.co.id/CariKodepos,"Exact village, district, city, and province match on Pos Indonesia.",accept_other,codex_pos_exact_hierarchy_review,project_owner_adjudication,approved
pos_indonesia_postcode_search,2026-08-12,32.11.15.2011,CILELES,45363,https://kodepos.posindonesia.co.id/CariKodepos,"Exact village, district, city, and province match on Pos Indonesia.",accept_other,codex_pos_exact_hierarchy_review,project_owner_adjudication,approved
pos_indonesia_postcode_search,2026-08-12,32.11.15.2012,CILAYUNG,45363,https://kodepos.posindonesia.co.id/CariKodepos,"Exact village, district, city, and province match on Pos Indonesia.",accept_other,codex_pos_exact_hierarchy_review,project_owner_adjudication,approved
pos_indonesia_postcode_search,2026-08-12,32.11.17.2014,MEKAR RAHAYU,45313,https://kodepos.posindonesia.co.id/CariKodepos,"Exact village, district, city, and province match on Pos Indonesia.",accept_suggested,codex_pos_exact_hierarchy_review,project_owner_adjudication,approved
pos_indonesia_postcode_search,2026-08-12,32.11.21.2001,CIKARAMAS,45355,https://kodepos.posindonesia.co.id/CariKodepos,"Exact village, district, city, and province match on Pos Indonesia.",accept_other,codex_pos_exact_hierarchy_review,project_owner_adjudication,approved
pos_indonesia_postcode_search,2026-08-12,32.11.21.2002,WARGALUYU,45355,https://kodepos.posindonesia.co.id/CariKodepos,"Exact village, district, city, and province match on Pos Indonesia.",accept_other,codex_pos_exact_hierarchy_review,project_owner_adjudication,approved
pos_indonesia_postcode_search,2026-08-12,32.11.21.2003,JINGKANG,45355,https://kodepos.posindonesia.co.id/CariKodepos,"Exact village, district, city, and province match on Pos Indonesia.",accept_other,codex_pos_exact_hierarchy_review,project_owner_adjudication,approved
pos_indonesia_postcode_search,2026-08-12,32.11.21.2004,KAMAL,45355,https://kodepos.posindonesia.co.id/CariKodepos,"Exact village, district, city, and province match on Pos Indonesia.",accept_other,codex_pos_exact_hierarchy_review,project_owner_adjudication,approved
pos_indonesia_postcode_search,2026-08-12,32.11.21.2005,KERTAMUKTI,45355,https://kodepos.posindonesia.co.id/CariKodepos,"Exact village, district, city, and province match on Pos Indonesia.",accept_other,codex_pos_exact_hierarchy_review,project_owner_adjudication,approved
pos_indonesia_postcode_search,2026-08-12,32.11.21.2006,TANJUNGWANGI,45355,https://kodepos.posindonesia.co.id/CariKodepos,"Exact village, district, city, and province match on Pos Indonesia.",accept_other,codex_pos_exact_hierarchy_review,project_owner_adjudication,approved
pos_indonesia_postcode_search,2026-08-12,32.11.21.2007,SUKAMUKTI,45355,https://kodepos.posindonesia.co.id/CariKodepos,"Exact village, district, city, and province match on Pos Indonesia.",accept_other,codex_pos_exact_hierarchy_review,project_owner_adjudication,approved
pos_indonesia_postcode_search,2026-08-12,32.11.21.2008,SUKATANI,45355,https://kodepos.posindonesia.co.id/CariKodepos,"Exact village, district, city, and province match on Pos Indonesia.",accept_other,codex_pos_exact_hierarchy_review,project_owner_adjudication,approved
pos_indonesia_postcode_search,2026-08-12,32.11.21.2009,TANJUNG MEDAR,45355,https://kodepos.posindonesia.co.id/CariKodepos,"Exact village, district, city, and province match on Pos Indonesia.",accept_other,codex_pos_exact_hierarchy_review,project_owner_adjudication,approved
pos_indonesia_postcode_search,2026-08-12,32.12.01.2007,HAURKOLOT,45264,https://kodepos.posindonesia.co.id/CariKodepos,"Exact village, district, city, and province match on Pos Indonesia.",accept_suggested,codex_pos_exact_hierarchy_review,project_owner_adjudication,approved
pos_indonesia_postcode_search,2026-08-12,32.12.01.2008,HAURGEULIS,45264,https://kodepos.posindonesia.co.id/CariKodepos,"Exact village, district, city, and province match on Pos Indonesia.",accept_suggested,codex_pos_exact_hierarchy_review,project_owner_adjudication,approved
pos_indonesia_postcode_search,2026-08-12,32.12.01.2009,SUKAJATI,45264,https://kodepos.posindonesia.co.id/CariKodepos,"Exact village, district, city, and province match on Pos Indonesia.",accept_suggested,codex_pos_exact_hierarchy_review,project_owner_adjudication,approved
pos_indonesia_postcode_search,2026-08-12,32.12.01.2010,WANAKAYA,45264,https://kodepos.posindonesia.co.id/CariKodepos,"Exact village, district, city, and province match on Pos Indonesia.",accept_suggested,codex_pos_exact_hierarchy_review,project_owner_adjudication,approved
pos_indonesia_postcode_search,2026-08-12,32.12.01.2011,KARANGTUMARITIS,45264,https://kodepos.posindonesia.co.id/CariKodepos,"Exact village, district, city, and province match on Pos Indonesia.",accept_suggested,codex_pos_exact_hierarchy_review,project_owner_adjudication,approved
pos_indonesia_postcode_search,2026-08-12,32.12.01.2012,KERTANEGARA,45264,https://kodepos.posindonesia.co.id/CariKodepos,"Exact village, district, city, and province match on Pos Indonesia.",accept_suggested,codex_pos_exact_hierarchy_review,project_owner_adjudication,approved
pos_indonesia_postcode_search,2026-08-12,32.12.01.2013,CIPANCUH,45264,https://kodepos.posindonesia.co.id/CariKodepos,"Exact village, district, city, and province match on Pos Indonesia.",accept_suggested,codex_pos_exact_hierarchy_review,project_owner_adjudication,approved
pos_indonesia_postcode_search,2026-08-12,32.12.01.2014,MEKARJATI,45264,https://kodepos.posindonesia.co.id/CariKodepos,"Exact village, district, city, and province match on Pos Indonesia.",accept_suggested,codex_pos_exact_hierarchy_review,project_owner_adjudication,approved
pos_indonesia_postcode_search,2026-08-12,32.12.01.2015,SIDODADI,45264,https://kodepos.posindonesia.co.id/CariKodepos,"Exact village, district, city, and province match on Pos Indonesia.",accept_suggested,codex_pos_exact_hierarchy_review,project_owner_adjudication,approved
pos_indonesia_postcode_search,2026-08-12,32.12.01.2016,SUMBERMULYA,45264,https://kodepos.posindonesia.co.id/CariKodepos,"Exact village, district, city, and province match on Pos Indonesia.",accept_suggested,codex_pos_exact_hierarchy_review,project_owner_adjudication,approved
pos_indonesia_postcode_search,2026-08-12,32.12.19.2001,ARAHAN KIDUL,45259,https://kodepos.posindonesia.co.id/CariKodepos,"Exact village, district, city, and province match on Pos Indonesia.",accept_other,codex_pos_exact_hierarchy_review,project_owner_adjudication,approved
pos_indonesia_postcode_search,2026-08-12,32.12.19.2002,ARAHAN LOR,45259,https://kodepos.posindonesia.co.id/CariKodepos,"Exact village, district, city, and province match on Pos Indonesia.",accept_other,codex_pos_exact_hierarchy_review,project_owner_adjudication,approved
pos_indonesia_postcode_search,2026-08-12,32.12.19.2003,LINGGAJATI,45259,https://kodepos.posindonesia.co.id/CariKodepos,"Exact village, district, city, and province match on Pos Indonesia.",accept_other,codex_pos_exact_hierarchy_review,project_owner_adjudication,approved
pos_indonesia_postcode_search,2026-08-12,32.12.19.2004,CIDEMPET,45259,https://kodepos.posindonesia.co.id/CariKodepos,"Exact village, district, city, and province match on Pos Indonesia.",accept_other,codex_pos_exact_hierarchy_review,project_owner_adjudication,approved
pos_indonesia_postcode_search,2026-08-12,32.12.19.2005,SUKADADI,45259,https://kodepos.posindonesia.co.id/CariKodepos,"Exact village, district, city, and province match on Pos Indonesia.",accept_other,codex_pos_exact_hierarchy_review,project_owner_adjudication,approved
pos_indonesia_postcode_search,2026-08-12,32.12.19.2006,PRANGGONG,45259,https://kodepos.posindonesia.co.id/CariKodepos,"Exact village, district, city, and province match on Pos Indonesia.",accept_other,codex_pos_exact_hierarchy_review,project_owner_adjudication,approved
pos_indonesia_postcode_search,2026-08-12,32.12.19.2007,SUKASARI,45259,https://kodepos.posindonesia.co.id/CariKodepos,"Exact village, district, city, and province match on Pos Indonesia.",accept_other,codex_pos_exact_hierarchy_review,project_owner_adjudication,approved
pos_indonesia_postcode_search,2026-08-12,32.12.19.2008,TAWANGSARI,45259,https://kodepos.posindonesia.co.id/CariKodepos,"Exact village, district, city, and province match on Pos Indonesia.",accept_other,codex_pos_exact_hierarchy_review,project_owner_adjudication,approved
pos_indonesia_postcode_search,2026-08-12,32.12.24.2001,BOGOR,45257,https://kodepos.posindonesia.co.id/CariKodepos,"Exact village, district, city, and province match on Pos Indonesia.",accept_suggested,codex_pos_exact_hierarchy_review,project_owner_adjudication,approved
pos_indonesia_postcode_search,2026-08-12,32.12.24.2002,SUKRA,45257,https://kodepos.posindonesia.co.id/CariKodepos,"Exact village, district, city, and province match on Pos Indonesia.",accept_suggested,codex_pos_exact_hierarchy_review,project_owner_adjudication,approved
pos_indonesia_postcode_search,2026-08-12,32.12.24.2003,UJUNGGEBANG,45257,https://kodepos.posindonesia.co.id/CariKodepos,"Exact village, district, city, and province match on Pos Indonesia.",accept_suggested,codex_pos_exact_hierarchy_review,project_owner_adjudication,approved
pos_indonesia_postcode_search,2026-08-12,32.12.24.2004,TAGAL TAMAN,45257,https://kodepos.posindonesia.co.id/CariKodepos,"Exact village, district, city, and province match on Pos Indonesia.",accept_suggested,codex_pos_exact_hierarchy_review,project_owner_adjudication,approved
pos_indonesia_postcode_search,2026-08-12,32.12.24.2005,SUKRAWETAN,45257,https://kodepos.posindonesia.co.id/CariKodepos,"Exact village, district, city, and province match on Pos Indonesia.",accept_suggested,codex_pos_exact_hierarchy_review,project_owner_adjudication,approved
pos_indonesia_postcode_search,2026-08-12,32.12.24.2006,SUMURADEM,45257,https://kodepos.posindonesia.co.id/CariKodepos,"Exact village, district, city, and province match on Pos Indonesia.",accept_suggested,codex_pos_exact_hierarchy_review,project_owner_adjudication,approved
pos_indonesia_postcode_search,2026-08-12,32.12.24.2007,SUMURADEM TIMUR,45257,https://kodepos.posindonesia.co.id/CariKodepos,"Exact village, district, city, and province match on Pos Indonesia.",accept_suggested,codex_pos_exact_hierarchy_review,project_owner_adjudication,approved
pos_indonesia_postcode_search,2026-08-12,32.12.24.2017,KARANG LAYUNG,45257,https://kodepos.posindonesia.co.id/CariKodepos,"Exact village, district, city, and province match on Pos Indonesia.",accept_suggested,codex_pos_exact_hierarchy_review,project_owner_adjudication,approved
pos_indonesia_postcode_search,2026-08-12,32.12.26.2001,CIKAWUNG,45267,https://kodepos.posindonesia.co.id/CariKodepos,"Exact village, district, city, and province match on Pos Indonesia.",accept_suggested,codex_pos_exact_hierarchy_review,project_owner_adjudication,approved
pos_indonesia_postcode_search,2026-08-12,32.12.26.2002,JATIMULYA,45267,https://kodepos.posindonesia.co.id/CariKodepos,"Exact village, district, city, and province match on Pos Indonesia.",accept_suggested,codex_pos_exact_hierarchy_review,project_owner_adjudication,approved
pos_indonesia_postcode_search,2026-08-12,32.12.26.2003,JATIMUNGGUL,45267,https://kodepos.posindonesia.co.id/CariKodepos,"Exact village, district, city, and province match on Pos Indonesia.",accept_suggested,codex_pos_exact_hierarchy_review,project_owner_adjudication,approved
pos_indonesia_postcode_search,2026-08-12,32.12.26.2004,PLOSOKEREP,45267,https://kodepos.posindonesia.co.id/CariKodepos,"Exact village, district, city, and province match on Pos Indonesia.",accept_suggested,codex_pos_exact_hierarchy_review,project_owner_adjudication,approved
pos_indonesia_postcode_search,2026-08-12,32.12.26.2005,RAJASINGA,45267,https://kodepos.posindonesia.co.id/CariKodepos,"Exact village, district, city, and province match on Pos Indonesia.",accept_suggested,codex_pos_exact_hierarchy_review,project_owner_adjudication,approved
pos_indonesia_postcode_search,2026-08-12,32.12.26.2006,KARANGASEM,45267,https://kodepos.posindonesia.co.id/CariKodepos,"Exact village, district, city, and province match on Pos Indonesia.",accept_suggested,codex_pos_exact_hierarchy_review,project_owner_adjudication,approved
pos_indonesia_postcode_search,2026-08-12,32.12.26.2007,CIBERENG,45267,https://kodepos.posindonesia.co.id/CariKodepos,"Exact village, district, city, and province match on Pos Indonesia.",accept_suggested,codex_pos_exact_hierarchy_review,project_owner_adjudication,approved
pos_indonesia_postcode_search,2026-08-12,32.12.26.2008,KENDAYAKAN,45267,https://kodepos.posindonesia.co.id/CariKodepos,"Exact village, district, city, and province match on Pos Indonesia.",accept_suggested,codex_pos_exact_hierarchy_review,project_owner_adjudication,approved
pos_indonesia_postcode_search,2026-08-12,32.12.26.2009,MANGGUNGAN,45267,https://kodepos.posindonesia.co.id/CariKodepos,"Exact village, district, city, and province match on Pos Indonesia.",accept_suggested,codex_pos_exact_hierarchy_review,project_owner_adjudication,approved
pos_indonesia_postcode_search,2026-08-12,32.12.28.2001,CANGKINGAN,45286,https://kodepos.posindonesia.co.id/CariKodepos,"Exact village, district, city, and province match on Pos Indonesia.",accept_other,codex_pos_exact_hierarchy_review,project_owner_adjudication,approved
pos_indonesia_postcode_search,2026-08-12,32.12.28.2002,JAYAWINANGUN,45286,https://kodepos.posindonesia.co.id/CariKodepos,"Exact village, district, city, and province match on Pos Indonesia.",accept_other,codex_pos_exact_hierarchy_review,project_owner_adjudication,approved
pos_indonesia_postcode_search,2026-08-12,32.12.28.2003,KEDOKAN AGUNG,45286,https://kodepos.posindonesia.co.id/CariKodepos,"Exact village, district, city, and province match on Pos Indonesia.",accept_other,codex_pos_exact_hierarchy_review,project_owner_adjudication,approved
pos_indonesia_postcode_search,2026-08-12,32.12.28.2004,KEDOKANBUNDER,45286,https://kodepos.posindonesia.co.id/CariKodepos,"Exact village, district, city, and province match on Pos Indonesia.",accept_other,codex_pos_exact_hierarchy_review,project_owner_adjudication,approved
pos_indonesia_postcode_search,2026-08-12,32.12.28.2005,KEDOKANBUNDERWETAN,45286,https://kodepos.posindonesia.co.id/CariKodepos,"Exact village, district, city, and province match on Pos Indonesia.",accept_other,codex_pos_exact_hierarchy_review,project_owner_adjudication,approved
pos_indonesia_postcode_search,2026-08-12,32.12.28.2006,KAPLONGAN,45286,https://kodepos.posindonesia.co.id/CariKodepos,"Exact village, district, city, and province match on Pos Indonesia.",accept_other,codex_pos_exact_hierarchy_review,project_owner_adjudication,approved
pos_indonesia_postcode_search,2026-08-12,32.12.28.2007,JAYALAKSANA,45286,https://kodepos.posindonesia.co.id/CariKodepos,"Exact village, district, city, and province match on Pos Indonesia.",accept_other,codex_pos_exact_hierarchy_review,project_owner_adjudication,approved
pos_indonesia_postcode_search,2026-08-12,32.12.30.2001,BODAS,45276,https://kodepos.posindonesia.co.id/CariKodepos,"Exact village, district, city, and province match on Pos Indonesia.",accept_other,codex_pos_exact_hierarchy_review,project_owner_adjudication,approved
pos_indonesia_postcode_search,2026-08-12,32.12.30.2002,GADEL,45276,https://kodepos.posindonesia.co.id/CariKodepos,"Exact village, district, city, and province match on Pos Indonesia.",accept_other,codex_pos_exact_hierarchy_review,project_owner_adjudication,approved
pos_indonesia_postcode_search,2026-08-12,32.12.30.2003,RANCAJAWAT,45276,https://kodepos.posindonesia.co.id/CariKodepos,"Exact village, district, city, and province match on Pos Indonesia.",accept_other,codex_pos_exact_hierarchy_review,project_owner_adjudication,approved
pos_indonesia_postcode_search,2026-08-12,32.12.30.2004,KERTICALA,45276,https://kodepos.posindonesia.co.id/CariKodepos,"Exact village, district, city, and province match on Pos Indonesia.",accept_other,codex_pos_exact_hierarchy_review,project_owner_adjudication,approved
pos_indonesia_postcode_search,2026-08-12,32.12.30.2005,CANGKO,45276,https://kodepos.posindonesia.co.id/CariKodepos,"Exact village, district, city, and province match on Pos Indonesia.",accept_other,codex_pos_exact_hierarchy_review,project_owner_adjudication,approved
pos_indonesia_postcode_search,2026-08-12,32.12.30.2006,KARANGKERTA,45276,https://kodepos.posindonesia.co.id/CariKodepos,"Exact village, district, city, and province match on Pos Indonesia.",accept_other,codex_pos_exact_hierarchy_review,project_owner_adjudication,approved
pos_indonesia_postcode_search,2026-08-12,32.12.30.2007,SUKAMULYA,45276,https://kodepos.posindonesia.co.id/CariKodepos,"Exact village, district, city, and province match on Pos Indonesia.",accept_other,codex_pos_exact_hierarchy_review,project_owner_adjudication,approved
pos_indonesia_postcode_search,2026-08-12,32.12.30.2008,MEKARSARI,45276,https://kodepos.posindonesia.co.id/CariKodepos,"Exact village, district, city, and province match on Pos Indonesia.",accept_other,codex_pos_exact_hierarchy_review,project_owner_adjudication,approved
pos_indonesia_postcode_search,2026-08-12,32.12.30.2009,LAJER,45276,https://kodepos.posindonesia.co.id/CariKodepos,"Exact village, district, city, and province match on Pos Indonesia.",accept_other,codex_pos_exact_hierarchy_review,project_owner_adjudication,approved
pos_indonesia_postcode_search,2026-08-12,32.12.30.2010,TUKDANA,45276,https://kodepos.posindonesia.co.id/CariKodepos,"Exact village, district, city, and province match on Pos Indonesia.",accept_other,codex_pos_exact_hierarchy_review,project_owner_adjudication,approved
pos_indonesia_postcode_search,2026-08-12,32.12.30.2011,SUKADANA,45276,https://kodepos.posindonesia.co.id/CariKodepos,"Exact village, district, city, and province match on Pos Indonesia.",accept_other,codex_pos_exact_hierarchy_review,project_owner_adjudication,approved
pos_indonesia_postcode_search,2026-08-12,32.12.30.2012,PAGEDANGAN,45276,https://kodepos.posindonesia.co.id/CariKodepos,"Exact village, district, city, and province match on Pos Indonesia.",accept_other,codex_pos_exact_hierarchy_review,project_owner_adjudication,approved
pos_indonesia_postcode_search,2026-08-12,32.12.30.2013,SUKAPERNA,45276,https://kodepos.posindonesia.co.id/CariKodepos,"Exact village, district, city, and province match on Pos Indonesia.",accept_other,codex_pos_exact_hierarchy_review,project_owner_adjudication,approved
pos_indonesia_postcode_search,2026-08-12,32.13.07.2004,GUNUNGSEMBUNG,41252,https://kodepos.posindonesia.co.id/CariKodepos,"Exact village, district, city, and province match on Pos Indonesia.",accept_suggested,codex_pos_exact_hierarchy_review,project_owner_adjudication,approved
pos_indonesia_postcode_search,2026-08-12,32.13.07.2005,GEMBOR,41252,https://kodepos.posindonesia.co.id/CariKodepos,"Exact village, district, city, and province match on Pos Indonesia.",accept_suggested,codex_pos_exact_hierarchy_review,project_owner_adjudication,approved
pos_indonesia_postcode_search,2026-08-12,32.13.07.2006,KAMARUNG,41252,https://kodepos.posindonesia.co.id/CariKodepos,"Exact village, district, city, and province match on Pos Indonesia.",accept_suggested,codex_pos_exact_hierarchy_review,project_owner_adjudication,approved
pos_indonesia_postcode_search,2026-08-12,32.13.07.2010,GAMBARSARI,41252,https://kodepos.posindonesia.co.id/CariKodepos,"Exact village, district, city, and province match on Pos Indonesia.",accept_suggested,codex_pos_exact_hierarchy_review,project_owner_adjudication,approved
pos_indonesia_postcode_search,2026-08-12,32.13.07.2011,PAGEDAN,41252,https://kodepos.posindonesia.co.id/CariKodepos,"Exact village, district, city, and province match on Pos Indonesia.",accept_suggested,codex_pos_exact_hierarchy_review,project_owner_adjudication,approved
pos_indonesia_postcode_search,2026-08-12,32.13.07.2013,NEGLASARI,41252,https://kodepos.posindonesia.co.id/CariKodepos,"Exact village, district, city, and province match on Pos Indonesia.",accept_suggested,codex_pos_exact_hierarchy_review,project_owner_adjudication,approved
pos_indonesia_postcode_search,2026-08-12,32.13.07.2014,SUMBERSARI,41252,https://kodepos.posindonesia.co.id/CariKodepos,"Exact village, district, city, and province match on Pos Indonesia.",accept_suggested,codex_pos_exact_hierarchy_review,project_owner_adjudication,approved
pos_indonesia_postcode_search,2026-08-12,32.13.07.2015,GUNUNGSARI,41252,https://kodepos.posindonesia.co.id/CariKodepos,"Exact village, district, city, and province match on Pos Indonesia.",accept_suggested,codex_pos_exact_hierarchy_review,project_owner_adjudication,approved
pos_indonesia_postcode_search,2026-08-12,32.13.07.2019,JABONG,41252,https://kodepos.posindonesia.co.id/CariKodepos,"Exact village, district, city, and province match on Pos Indonesia.",accept_suggested,codex_pos_exact_hierarchy_review,project_owner_adjudication,approved
pos_indonesia_postcode_search,2026-08-12,32.13.10.2005,PUSAKARATU,41255,https://kodepos.posindonesia.co.id/CariKodepos,"Exact village, district, city, and province match on Pos Indonesia.",accept_suggested,codex_pos_exact_hierarchy_review,project_owner_adjudication,approved
pos_indonesia_postcode_search,2026-08-12,32.13.10.2006,GEMPOL,41255,https://kodepos.posindonesia.co.id/CariKodepos,"Exact village, district, city, and province match on Pos Indonesia.",accept_suggested,codex_pos_exact_hierarchy_review,project_owner_adjudication,approved
pos_indonesia_postcode_search,2026-08-12,32.13.10.2007,KALENTAMBO,41255,https://kodepos.posindonesia.co.id/CariKodepos,"Exact village, district, city, and province match on Pos Indonesia.",accept_suggested,codex_pos_exact_hierarchy_review,project_owner_adjudication,approved
pos_indonesia_postcode_search,2026-08-12,32.13.10.2008,PATIMBAN,41255,https://kodepos.posindonesia.co.id/CariKodepos,"Exact village, district, city, and province match on Pos Indonesia.",accept_suggested,codex_pos_exact_hierarchy_review,project_owner_adjudication,approved
pos_indonesia_postcode_search,2026-08-12,32.13.10.2012,RANCADAKA,41255,https://kodepos.posindonesia.co.id/CariKodepos,"Exact village, district, city, and province match on Pos Indonesia.",accept_suggested,codex_pos_exact_hierarchy_review,project_owner_adjudication,approved
pos_indonesia_postcode_search,2026-08-12,32.13.10.2014,KOTASARI,41255,https://kodepos.posindonesia.co.id/CariKodepos,"Exact village, district, city, and province match on Pos Indonesia.",accept_suggested,codex_pos_exact_hierarchy_review,project_owner_adjudication,approved
pos_indonesia_postcode_search,2026-08-12,32.13.10.2015,MUNDUSARI,41255,https://kodepos.posindonesia.co.id/CariKodepos,"Exact village, district, city, and province match on Pos Indonesia.",accept_suggested,codex_pos_exact_hierarchy_review,project_owner_adjudication,approved
pos_indonesia_postcode_search,2026-08-12,32.13.11.2002,RANCASARI,41254,https://kodepos.posindonesia.co.id/CariKodepos,"Exact village, district, city, and province match on Pos Indonesia.",accept_suggested,codex_pos_exact_hierarchy_review,project_owner_adjudication,approved
pos_indonesia_postcode_search,2026-08-12,32.13.11.2003,RANCAHILIR,41254,https://kodepos.posindonesia.co.id/CariKodepos,"Exact village, district, city, and province match on Pos Indonesia.",accept_suggested,codex_pos_exact_hierarchy_review,project_owner_adjudication,approved
pos_indonesia_postcode_search,2026-08-12,32.13.11.2004,PAMANUKAN,41254,https://kodepos.posindonesia.co.id/CariKodepos,"Exact village, district, city, and province match on Pos Indonesia.",accept_suggested,codex_pos_exact_hierarchy_review,project_owner_adjudication,approved
pos_indonesia_postcode_search,2026-08-12,32.13.11.2006,PAMANUKAN HILIR,41254,https://kodepos.posindonesia.co.id/CariKodepos,"Exact village, district, city, and province match on Pos Indonesia.",accept_suggested,codex_pos_exact_hierarchy_review,project_owner_adjudication,approved
pos_indonesia_postcode_search,2026-08-12,32.13.11.2007,PAMANUKAN SEBRANG,41254,https://kodepos.posindonesia.co.id/CariKodepos,"Exact village, district, city, and province match on Pos Indonesia.",accept_suggested,codex_pos_exact_hierarchy_review,project_owner_adjudication,approved
pos_indonesia_postcode_search,2026-08-12,32.13.11.2009,MULYASARI,41254,https://kodepos.posindonesia.co.id/CariKodepos,"Exact village, district, city, and province match on Pos Indonesia.",accept_suggested,codex_pos_exact_hierarchy_review,project_owner_adjudication,approved
pos_indonesia_postcode_search,2026-08-12,32.13.11.2010,LENGKONGJAYA,41254,https://kodepos.posindonesia.co.id/CariKodepos,"Exact village, district, city, and province match on Pos Indonesia.",accept_suggested,codex_pos_exact_hierarchy_review,project_owner_adjudication,approved
pos_indonesia_postcode_search,2026-08-12,32.13.11.2011,BONGAS,41254,https://kodepos.posindonesia.co.id/CariKodepos,"Exact village, district, city, and province match on Pos Indonesia.",accept_suggested,codex_pos_exact_hierarchy_review,project_owner_adjudication,approved
pos_indonesia_postcode_search,2026-08-12,32.13.22.2001,KAWUNGANTEN,41264,https://kodepos.posindonesia.co.id/CariKodepos,"Exact village, district, city, and province match on Pos Indonesia.",accept_suggested,codex_pos_exact_hierarchy_review,project_owner_adjudication,approved
pos_indonesia_postcode_search,2026-08-12,32.13.22.2002,SINDANGSARI,41264,https://kodepos.posindonesia.co.id/CariKodepos,"Exact village, district, city, and province match on Pos Indonesia.",accept_other,codex_pos_exact_hierarchy_review,project_owner_adjudication,approved
pos_indonesia_postcode_search,2026-08-12,32.13.22.2003,CIKAUM BARAT,41264,https://kodepos.posindonesia.co.id/CariKodepos,"Exact village, district, city, and province match on Pos Indonesia.",accept_other,codex_pos_exact_hierarchy_review,project_owner_adjudication,approved
pos_indonesia_postcode_search,2026-08-12,32.13.22.2004,CIKAUM TIMUR,41264,https://kodepos.posindonesia.co.id/CariKodepos,"Exact village, district, city, and province match on Pos Indonesia.",accept_other,codex_pos_exact_hierarchy_review,project_owner_adjudication,approved
pos_indonesia_postcode_search,2026-08-12,32.13.22.2005,TANJUNGSARI BARAT,41264,https://kodepos.posindonesia.co.id/CariKodepos,"Exact village, district, city, and province match on Pos Indonesia.",accept_other,codex_pos_exact_hierarchy_review,project_owner_adjudication,approved
pos_indonesia_postcode_search,2026-08-12,32.13.22.2006,MEKARSARI,41264,https://kodepos.posindonesia.co.id/CariKodepos,"Exact village, district, city, and province match on Pos Indonesia.",accept_other,codex_pos_exact_hierarchy_review,project_owner_adjudication,approved
pos_indonesia_postcode_search,2026-08-12,32.13.22.2007,TANJUNGSARI TIMUR,41264,https://kodepos.posindonesia.co.id/CariKodepos,"Exact village, district, city, and province match on Pos Indonesia.",accept_other,codex_pos_exact_hierarchy_review,project_owner_adjudication,approved
pos_indonesia_postcode_search,2026-08-12,32.13.22.2008,GANDASARI,41264,https://kodepos.posindonesia.co.id/CariKodepos,"Exact village, district, city, and province match on Pos Indonesia.",accept_other,codex_pos_exact_hierarchy_review,project_owner_adjudication,approved
pos_indonesia_postcode_search,2026-08-12,32.13.22.2009,PASIRMUNCANG,41264,https://kodepos.posindonesia.co.id/CariKodepos,"Exact village, district, city, and province match on Pos Indonesia.",accept_other,codex_pos_exact_hierarchy_review,project_owner_adjudication,approved
pos_indonesia_postcode_search,2026-08-12,32.13.23.2001,CIJENGKOL,41287,https://kodepos.posindonesia.co.id/CariKodepos,"Exact village, district, city, and province match on Pos Indonesia.",accept_other,codex_pos_exact_hierarchy_review,project_owner_adjudication,approved
pos_indonesia_postcode_search,2026-08-12,32.13.23.2002,TALAGASARI,41287,https://kodepos.posindonesia.co.id/CariKodepos,"Exact village, district, city, and province match on Pos Indonesia.",accept_other,codex_pos_exact_hierarchy_review,project_owner_adjudication,approved
pos_indonesia_postcode_search,2026-08-12,32.13.23.2003,CINTAMEKAR,41287,https://kodepos.posindonesia.co.id/CariKodepos,"Exact village, district, city, and province match on Pos Indonesia.",accept_other,codex_pos_exact_hierarchy_review,project_owner_adjudication,approved
pos_indonesia_postcode_search,2026-08-12,32.13.23.2004,PONGGANG,41287,https://kodepos.posindonesia.co.id/CariKodepos,"Exact village, district, city, and province match on Pos Indonesia.",accept_other,codex_pos_exact_hierarchy_review,project_owner_adjudication,approved
pos_indonesia_postcode_search,2026-08-12,32.13.23.2005,CIKUJANG,41287,https://kodepos.posindonesia.co.id/CariKodepos,"Exact village, district, city, and province match on Pos Indonesia.",accept_other,codex_pos_exact_hierarchy_review,project_owner_adjudication,approved
pos_indonesia_postcode_search,2026-08-12,32.13.23.2006,CIPANCAR,41287,https://kodepos.posindonesia.co.id/CariKodepos,"Exact village, district, city, and province match on Pos Indonesia.",accept_other,codex_pos_exact_hierarchy_review,project_owner_adjudication,approved
pos_indonesia_postcode_search,2026-08-12,32.13.24.2001,ANGGASARI,41268,https://kodepos.posindonesia.co.id/CariKodepos,"Exact village, district, city, and province match on Pos Indonesia.",accept_other,codex_pos_exact_hierarchy_review,project_owner_adjudication,approved
pos_indonesia_postcode_search,2026-08-12,32.13.24.2002,BATANGSARI,41268,https://kodepos.posindonesia.co.id/CariKodepos,"Exact village, district, city, and province match on Pos Indonesia.",accept_other,codex_pos_exact_hierarchy_review,project_owner_adjudication,approved
pos_indonesia_postcode_search,2026-08-12,32.13.24.2003,SUKAMAJU,41268,https://kodepos.posindonesia.co.id/CariKodepos,"Exact village, district, city, and province match on Pos Indonesia.",accept_other,codex_pos_exact_hierarchy_review,project_owner_adjudication,approved
pos_indonesia_postcode_search,2026-08-12,32.13.24.2004,MANDALAWANGI,41268,https://kodepos.posindonesia.co.id/CariKodepos,"Exact village, district, city, and province match on Pos Indonesia.",accept_other,codex_pos_exact_hierarchy_review,project_owner_adjudication,approved
pos_indonesia_postcode_search,2026-08-12,32.13.24.2005,CURUGREJA,41268,https://kodepos.posindonesia.co.id/CariKodepos,"Exact village, district, city, and province match on Pos Indonesia.",accept_other,codex_pos_exact_hierarchy_review,project_owner_adjudication,approved
pos_indonesia_postcode_search,2026-08-12,32.13.24.2006,SUKAREJA,41268,https://kodepos.posindonesia.co.id/CariKodepos,"Exact village, district, city, and province match on Pos Indonesia.",accept_other,codex_pos_exact_hierarchy_review,project_owner_adjudication,approved
pos_indonesia_postcode_search,2026-08-12,32.13.24.2007,SUKASARI,41268,https://kodepos.posindonesia.co.id/CariKodepos,"Exact village, district, city, and province match on Pos Indonesia.",accept_other,codex_pos_exact_hierarchy_review,project_owner_adjudication,approved
pos_indonesia_postcode_search,2026-08-12,32.13.25.2001,TANJUNGRASA,41265,https://kodepos.posindonesia.co.id/CariKodepos,"Exact village, district, city, and province match on Pos Indonesia.",accept_other,codex_pos_exact_hierarchy_review,project_owner_adjudication,approved
pos_indonesia_postcode_search,2026-08-12,32.13.25.2002,WANAJAYA,41265,https://kodepos.posindonesia.co.id/CariKodepos,"Exact village, district, city, and province match on Pos Indonesia.",accept_other,codex_pos_exact_hierarchy_review,project_owner_adjudication,approved
pos_indonesia_postcode_search,2026-08-12,32.13.25.2003,GARDUMUKTI,41265,https://kodepos.posindonesia.co.id/CariKodepos,"Exact village, district, city, and province match on Pos Indonesia.",accept_other,codex_pos_exact_hierarchy_review,project_owner_adjudication,approved
pos_indonesia_postcode_search,2026-08-12,32.13.25.2004,MARIUK,41265,https://kodepos.posindonesia.co.id/CariKodepos,"Exact village, district, city, and province match on Pos Indonesia.",accept_other,codex_pos_exact_hierarchy_review,project_owner_adjudication,approved
pos_indonesia_postcode_search,2026-08-12,32.13.25.2005,KERTAJAYA,41265,https://kodepos.posindonesia.co.id/CariKodepos,"Exact village, district, city, and province match on Pos Indonesia.",accept_other,codex_pos_exact_hierarchy_review,project_owner_adjudication,approved
pos_indonesia_postcode_search,2026-08-12,32.13.25.2006,TAMBAKDAHAN,41265,https://kodepos.posindonesia.co.id/CariKodepos,"Exact village, district, city, and province match on Pos Indonesia.",accept_other,codex_pos_exact_hierarchy_review,project_owner_adjudication,approved
pos_indonesia_postcode_search,2026-08-12,32.13.25.2007,RANCAUDIK,41265,https://kodepos.posindonesia.co.id/CariKodepos,"Exact village, district, city, and province match on Pos Indonesia.",accept_other,codex_pos_exact_hierarchy_review,project_owner_adjudication,approved
pos_indonesia_postcode_search,2026-08-12,32.13.25.2008,BOJONGKEDING,41265,https://kodepos.posindonesia.co.id/CariKodepos,"Exact village, district, city, and province match on Pos Indonesia.",accept_other,codex_pos_exact_hierarchy_review,project_owner_adjudication,approved
pos_indonesia_postcode_search,2026-08-12,32.13.25.2009,BOJONEGARA,41265,https://kodepos.posindonesia.co.id/CariKodepos,"Exact village, district, city, and province match on Pos Indonesia.",accept_other,codex_pos_exact_hierarchy_review,project_owner_adjudication,approved
pos_indonesia_postcode_search,2026-08-12,32.13.26.2001,SINDANGSARI,41289,https://kodepos.posindonesia.co.id/CariKodepos,"Exact village, district, city, and province match on Pos Indonesia.",accept_other,codex_pos_exact_hierarchy_review,project_owner_adjudication,approved
pos_indonesia_postcode_search,2026-08-12,32.13.26.2002,PASANGGRAHAN,41289,https://kodepos.posindonesia.co.id/CariKodepos,"Exact village, district, city, and province match on Pos Indonesia.",accept_other,codex_pos_exact_hierarchy_review,project_owner_adjudication,approved
pos_indonesia_postcode_search,2026-08-12,32.13.26.2003,BOJONGLOA,41289,https://kodepos.posindonesia.co.id/CariKodepos,"Exact village, district, city, and province match on Pos Indonesia.",accept_other,codex_pos_exact_hierarchy_review,project_owner_adjudication,approved
pos_indonesia_postcode_search,2026-08-12,32.13.26.2004,SUKAMELANG,41289,https://kodepos.posindonesia.co.id/CariKodepos,"Exact village, district, city, and province match on Pos Indonesia.",accept_other,codex_pos_exact_hierarchy_review,project_owner_adjudication,approved
pos_indonesia_postcode_search,2026-08-12,32.13.26.2005,TENJOLAYA,41289,https://kodepos.posindonesia.co.id/CariKodepos,"Exact village, district, city, and province match on Pos Indonesia.",accept_other,codex_pos_exact_hierarchy_review,project_owner_adjudication,approved
pos_indonesia_postcode_search,2026-08-12,32.13.26.2006,KASOMALANG WETAN,41289,https://kodepos.posindonesia.co.id/CariKodepos,"Exact village, district, city, and province match on Pos Indonesia.",accept_other,codex_pos_exact_hierarchy_review,project_owner_adjudication,approved
pos_indonesia_postcode_search,2026-08-12,32.13.26.2007,KASOMALANG KULON,41289,https://kodepos.posindonesia.co.id/CariKodepos,"Exact village, district, city, and province match on Pos Indonesia.",accept_other,codex_pos_exact_hierarchy_review,project_owner_adjudication,approved
pos_indonesia_postcode_search,2026-08-12,32.13.26.2008,CIMANGLID,41289,https://kodepos.posindonesia.co.id/CariKodepos,"Exact village, district, city, and province match on Pos Indonesia.",accept_other,codex_pos_exact_hierarchy_review,project_owner_adjudication,approved
pos_indonesia_postcode_search,2026-08-12,32.13.27.2001,MANYETI,41273,https://kodepos.posindonesia.co.id/CariKodepos,"Exact village, district, city, and province match on Pos Indonesia.",accept_other,codex_pos_exact_hierarchy_review,project_owner_adjudication,approved
pos_indonesia_postcode_search,2026-08-12,32.13.27.2002,RAWALELE,41273,https://kodepos.posindonesia.co.id/CariKodepos,"Exact village, district, city, and province match on Pos Indonesia.",accept_other,codex_pos_exact_hierarchy_review,project_owner_adjudication,approved
pos_indonesia_postcode_search,2026-08-12,32.13.27.2003,SUKASARI,41273,https://kodepos.posindonesia.co.id/CariKodepos,"Exact village, district, city, and province match on Pos Indonesia.",accept_other,codex_pos_exact_hierarchy_review,project_owner_adjudication,approved
pos_indonesia_postcode_search,2026-08-12,32.13.27.2004,SITUSARI,41273,https://kodepos.posindonesia.co.id/CariKodepos,"Exact village, district, city, and province match on Pos Indonesia.",accept_other,codex_pos_exact_hierarchy_review,project_owner_adjudication,approved
pos_indonesia_postcode_search,2026-08-12,32.13.27.2005,DAWUAN KALER,41273,https://kodepos.posindonesia.co.id/CariKodepos,"Exact village, district, city, and province match on Pos Indonesia.",accept_other,codex_pos_exact_hierarchy_review,project_owner_adjudication,approved
pos_indonesia_postcode_search,2026-08-12,32.13.27.2006,DAWUAN KIDUL,41273,https://kodepos.posindonesia.co.id/CariKodepos,"Exact village, district, city, and province match on Pos Indonesia.",accept_other,codex_pos_exact_hierarchy_review,project_owner_adjudication,approved
pos_indonesia_postcode_search,2026-08-12,32.13.27.2007,CISAMPIH,41273,https://kodepos.posindonesia.co.id/CariKodepos,"Exact village, district, city, and province match on Pos Indonesia.",accept_other,codex_pos_exact_hierarchy_review,project_owner_adjudication,approved
pos_indonesia_postcode_search,2026-08-12,32.13.27.2008,MARGASARI,41273,https://kodepos.posindonesia.co.id/CariKodepos,"Exact village, district, city, and province match on Pos Indonesia.",accept_other,codex_pos_exact_hierarchy_review,project_owner_adjudication,approved
pos_indonesia_postcode_search,2026-08-12,32.13.27.2009,BATUSARI,41273,https://kodepos.posindonesia.co.id/CariKodepos,"Exact village, district, city, and province match on Pos Indonesia.",accept_other,codex_pos_exact_hierarchy_review,project_owner_adjudication,approved
pos_indonesia_postcode_search,2026-08-12,32.13.27.2010,JAMBELAER,41273,https://kodepos.posindonesia.co.id/CariKodepos,"Exact village, district, city, and province match on Pos Indonesia.",accept_other,codex_pos_exact_hierarchy_review,project_owner_adjudication,approved
pos_indonesia_postcode_search,2026-08-12,32.13.29.2001,CISAAT,41288,https://kodepos.posindonesia.co.id/CariKodepos,"Exact village, district, city, and province match on Pos Indonesia.",accept_other,codex_pos_exact_hierarchy_review,project_owner_adjudication,approved
pos_indonesia_postcode_search,2026-08-12,32.13.29.2002,CIATER,41288,https://kodepos.posindonesia.co.id/CariKodepos,"Exact village, district, city, and province match on Pos Indonesia.",accept_other,codex_pos_exact_hierarchy_review,project_owner_adjudication,approved
pos_indonesia_postcode_search,2026-08-12,32.13.29.2003,NAGRAK,41288,https://kodepos.posindonesia.co.id/CariKodepos,"Exact village, district, city, and province match on Pos Indonesia.",accept_other,codex_pos_exact_hierarchy_review,project_owner_adjudication,approved
pos_indonesia_postcode_search,2026-08-12,32.13.29.2004,CIBEUSI,41288,https://kodepos.posindonesia.co.id/CariKodepos,"Exact village, district, city, and province match on Pos Indonesia.",accept_other,codex_pos_exact_hierarchy_review,project_owner_adjudication,approved
pos_indonesia_postcode_search,2026-08-12,32.13.29.2005,CIBITUNG,41288,https://kodepos.posindonesia.co.id/CariKodepos,"Exact village, district, city, and province match on Pos Indonesia.",accept_other,codex_pos_exact_hierarchy_review,project_owner_adjudication,approved
pos_indonesia_postcode_search,2026-08-12,32.13.29.2006,PALASARI,41288,https://kodepos.posindonesia.co.id/CariKodepos,"Exact village, district, city, and province match on Pos Indonesia.",accept_other,codex_pos_exact_hierarchy_review,project_owner_adjudication,approved
pos_indonesia_postcode_search,2026-08-12,32.13.29.2007,SANCA,41288,https://kodepos.posindonesia.co.id/CariKodepos,"Exact village, district, city, and province match on Pos Indonesia.",accept_other,codex_pos_exact_hierarchy_review,project_owner_adjudication,approved
pos_indonesia_postcode_search,2026-08-12,32.13.30.2004,BOJONGTENGAH,41266,https://kodepos.posindonesia.co.id/CariKodepos,"Exact village, district, city, and province match on Pos Indonesia.",accept_suggested,codex_pos_exact_hierarchy_review,project_owner_adjudication,approved
pos_indonesia_postcode_search,2026-08-12,32.13.30.2005,BOJONGJAYA,41266,https://kodepos.posindonesia.co.id/CariKodepos,"Exact village, district, city, and province match on Pos Indonesia.",accept_suggested,codex_pos_exact_hierarchy_review,project_owner_adjudication,approved
pos_indonesia_postcode_search,2026-08-12,32.14.02.2001,CAMPAKA,41181,https://kodepos.posindonesia.co.id/CariKodepos,"Exact village, district, city, and province match on Pos Indonesia.",accept_other,codex_pos_exact_hierarchy_review,project_owner_adjudication,approved
pos_indonesia_postcode_search,2026-08-12,32.14.02.2002,CAMPAKASARI,41181,https://kodepos.posindonesia.co.id/CariKodepos,"Exact village, district, city, and province match on Pos Indonesia.",accept_suggested,codex_pos_exact_hierarchy_review,project_owner_adjudication,approved
pos_indonesia_postcode_search,2026-08-12,32.14.02.2003,BENTENG,41181,https://kodepos.posindonesia.co.id/CariKodepos,"Exact village, district, city, and province match on Pos Indonesia.",accept_suggested,codex_pos_exact_hierarchy_review,project_owner_adjudication,approved
pos_indonesia_postcode_search,2026-08-12,32.14.02.2004,CIRENDE,41181,https://kodepos.posindonesia.co.id/CariKodepos,"Exact village, district, city, and province match on Pos Indonesia.",accept_suggested,codex_pos_exact_hierarchy_review,project_owner_adjudication,approved
pos_indonesia_postcode_search,2026-08-12,32.14.02.2005,CIKUMPAY,41181,https://kodepos.posindonesia.co.id/CariKodepos,"Exact village, district, city, and province match on Pos Indonesia.",accept_suggested,codex_pos_exact_hierarchy_review,project_owner_adjudication,approved
pos_indonesia_postcode_search,2026-08-12,32.14.02.2006,CIJAYA,41181,https://kodepos.posindonesia.co.id/CariKodepos,"Exact village, district, city, and province match on Pos Indonesia.",accept_suggested,codex_pos_exact_hierarchy_review,project_owner_adjudication,approved
pos_indonesia_postcode_search,2026-08-12,32.14.02.2007,KERTAMUKTI,41181,https://kodepos.posindonesia.co.id/CariKodepos,"Exact village, district, city, and province match on Pos Indonesia.",accept_suggested,codex_pos_exact_hierarchy_review,project_owner_adjudication,approved
pos_indonesia_postcode_search,2026-08-12,32.14.02.2008,CIMAHI,41181,https://kodepos.posindonesia.co.id/CariKodepos,"Exact village, district, city, and province match on Pos Indonesia.",accept_suggested,codex_pos_exact_hierarchy_review,project_owner_adjudication,approved
pos_indonesia_postcode_search,2026-08-12,32.14.02.2009,CIJUNTI,41181,https://kodepos.posindonesia.co.id/CariKodepos,"Exact village, district, city, and province match on Pos Indonesia.",accept_suggested,codex_pos_exact_hierarchy_review,project_owner_adjudication,approved
pos_indonesia_postcode_search,2026-08-12,32.14.02.2010,CISAAT,41181,https://kodepos.posindonesia.co.id/CariKodepos,"Exact village, district, city, and province match on Pos Indonesia.",accept_suggested,codex_pos_exact_hierarchy_review,project_owner_adjudication,approved
pos_indonesia_postcode_search,2026-08-12,32.14.13.2003,BUNGURSARI,41182,https://kodepos.posindonesia.co.id/CariKodepos,"Exact village, district, city, and province match on Pos Indonesia.",accept_other,codex_pos_exact_hierarchy_review,project_owner_adjudication,approved
pos_indonesia_postcode_search,2026-08-12,32.14.14.2001,CIBATU,41183,https://kodepos.posindonesia.co.id/CariKodepos,"Exact village, district, city, and province match on Pos Indonesia.",accept_other,codex_pos_exact_hierarchy_review,project_owner_adjudication,approved
pos_indonesia_postcode_search,2026-08-12,32.14.14.2002,CILANDAK,41183,https://kodepos.posindonesia.co.id/CariKodepos,"Exact village, district, city, and province match on Pos Indonesia.",accept_other,codex_pos_exact_hierarchy_review,project_owner_adjudication,approved
pos_indonesia_postcode_search,2026-08-12,32.14.14.2003,KARYAMEKAR,41183,https://kodepos.posindonesia.co.id/CariKodepos,"Exact village, district, city, and province match on Pos Indonesia.",accept_other,codex_pos_exact_hierarchy_review,project_owner_adjudication,approved
pos_indonesia_postcode_search,2026-08-12,32.14.14.2004,CIPINANG,41183,https://kodepos.posindonesia.co.id/CariKodepos,"Exact village, district, city, and province match on Pos Indonesia.",accept_other,codex_pos_exact_hierarchy_review,project_owner_adjudication,approved
pos_indonesia_postcode_search,2026-08-12,32.14.14.2005,CIPARUNGSARI,41183,https://kodepos.posindonesia.co.id/CariKodepos,"Exact village, district, city, and province match on Pos Indonesia.",accept_other,codex_pos_exact_hierarchy_review,project_owner_adjudication,approved
pos_indonesia_postcode_search,2026-08-12,32.14.14.2006,CIRANGKONG,41183,https://kodepos.posindonesia.co.id/CariKodepos,"Exact village, district, city, and province match on Pos Indonesia.",accept_other,codex_pos_exact_hierarchy_review,project_owner_adjudication,approved
pos_indonesia_postcode_search,2026-08-12,32.14.14.2007,CIKADU,41183,https://kodepos.posindonesia.co.id/CariKodepos,"Exact village, district, city, and province match on Pos Indonesia.",accept_other,codex_pos_exact_hierarchy_review,project_owner_adjudication,approved
pos_indonesia_postcode_search,2026-08-12,32.14.14.2008,CIBUKAMANAH,41183,https://kodepos.posindonesia.co.id/CariKodepos,"Exact village, district, city, and province match on Pos Indonesia.",accept_other,codex_pos_exact_hierarchy_review,project_owner_adjudication,approved
pos_indonesia_postcode_search,2026-08-12,32.14.14.2009,WANAWALI,41183,https://kodepos.posindonesia.co.id/CariKodepos,"Exact village, district, city, and province match on Pos Indonesia.",accept_other,codex_pos_exact_hierarchy_review,project_owner_adjudication,approved
pos_indonesia_postcode_search,2026-08-12,32.14.14.2010,CIPANCUR,41183,https://kodepos.posindonesia.co.id/CariKodepos,"Exact village, district, city, and province match on Pos Indonesia.",accept_other,codex_pos_exact_hierarchy_review,project_owner_adjudication,approved
pos_indonesia_postcode_search,2026-08-12,32.14.15.2004,SUKASARI,41153,https://kodepos.posindonesia.co.id/CariKodepos,"Exact village, district, city, and province match on Pos Indonesia.",accept_other,codex_pos_exact_hierarchy_review,project_owner_adjudication,approved
pos_indonesia_postcode_search,2026-08-12,32.14.16.2001,PARAKANSALAM,41173,https://kodepos.posindonesia.co.id/CariKodepos,"Exact village, district, city, and province match on Pos Indonesia.",accept_suggested,codex_pos_exact_hierarchy_review,project_owner_adjudication,approved
pos_indonesia_postcode_search,2026-08-12,32.14.16.2002,PONDOKBUNGUR,41173,https://kodepos.posindonesia.co.id/CariKodepos,"Exact village, district, city, and province match on Pos Indonesia.",accept_suggested,codex_pos_exact_hierarchy_review,project_owner_adjudication,approved
pos_indonesia_postcode_search,2026-08-12,32.14.16.2003,SALEM,41173,https://kodepos.posindonesia.co.id/CariKodepos,"Exact village, district, city, and province match on Pos Indonesia.",accept_suggested,codex_pos_exact_hierarchy_review,project_owner_adjudication,approved
pos_indonesia_postcode_search,2026-08-12,32.14.16.2004,GALUDRA,41173,https://kodepos.posindonesia.co.id/CariKodepos,"Exact village, district, city, and province match on Pos Indonesia.",accept_suggested,codex_pos_exact_hierarchy_review,project_owner_adjudication,approved
pos_indonesia_postcode_search,2026-08-12,32.14.16.2005,TANJUNGSARI,41173,https://kodepos.posindonesia.co.id/CariKodepos,"Exact village, district, city, and province match on Pos Indonesia.",accept_suggested,codex_pos_exact_hierarchy_review,project_owner_adjudication,approved
pos_indonesia_postcode_search,2026-08-12,32.14.16.2006,SALAMMULYA,41173,https://kodepos.posindonesia.co.id/CariKodepos,"Exact village, district, city, and province match on Pos Indonesia.",accept_suggested,codex_pos_exact_hierarchy_review,project_owner_adjudication,approved
pos_indonesia_postcode_search,2026-08-12,32.14.16.2007,SALAMJAYA,41173,https://kodepos.posindonesia.co.id/CariKodepos,"Exact village, district, city, and province match on Pos Indonesia.",accept_suggested,codex_pos_exact_hierarchy_review,project_owner_adjudication,approved
pos_indonesia_postcode_search,2026-08-12,32.14.16.2008,BUNGURJAYA,41173,https://kodepos.posindonesia.co.id/CariKodepos,"Exact village, district, city, and province match on Pos Indonesia.",accept_suggested,codex_pos_exact_hierarchy_review,project_owner_adjudication,approved
pos_indonesia_postcode_search,2026-08-12,32.14.16.2009,GURUDUG,41173,https://kodepos.posindonesia.co.id/CariKodepos,"Exact village, district, city, and province match on Pos Indonesia.",accept_suggested,codex_pos_exact_hierarchy_review,project_owner_adjudication,approved
pos_indonesia_postcode_search,2026-08-12,32.14.16.2010,SUKAJADI,41173,https://kodepos.posindonesia.co.id/CariKodepos,"Exact village, district, city, and province match on Pos Indonesia.",accept_suggested,codex_pos_exact_hierarchy_review,project_owner_adjudication,approved
pos_indonesia_postcode_search,2026-08-12,32.14.16.2011,SITU,41173,https://kodepos.posindonesia.co.id/CariKodepos,"Exact village, district, city, and province match on Pos Indonesia.",accept_suggested,codex_pos_exact_hierarchy_review,project_owner_adjudication,approved
pos_indonesia_postcode_search,2026-08-12,32.15.03.2001,TELUKJAMBE,41331,https://kodepos.posindonesia.co.id/CariKodepos,"Exact village, district, city, and province match on Pos Indonesia.",accept_other,codex_pos_exact_hierarchy_review,project_owner_adjudication,approved
pos_indonesia_postcode_search,2026-08-12,32.15.03.2002,SUKAHARJA,41336,https://kodepos.posindonesia.co.id/CariKodepos,"Exact village, district, city, and province match on Pos Indonesia.",accept_other,codex_pos_exact_hierarchy_review,project_owner_adjudication,approved
pos_indonesia_postcode_search,2026-08-12,32.15.03.2003,SIRNABAYA,41333,https://kodepos.posindonesia.co.id/CariKodepos,"Exact village, district, city, and province match on Pos Indonesia.",accept_other,codex_pos_exact_hierarchy_review,project_owner_adjudication,approved
pos_indonesia_postcode_search,2026-08-12,32.15.03.2004,PUSEURJAYA,41334,https://kodepos.posindonesia.co.id/CariKodepos,"Exact village, district, city, and province match on Pos Indonesia.",accept_other,codex_pos_exact_hierarchy_review,project_owner_adjudication,approved
pos_indonesia_postcode_search,2026-08-12,32.15.03.2005,SUKALUYU,41335,https://kodepos.posindonesia.co.id/CariKodepos,"Exact village, district, city, and province match on Pos Indonesia.",accept_other,codex_pos_exact_hierarchy_review,project_owner_adjudication,approved
pos_indonesia_postcode_search,2026-08-12,32.15.03.2006,WADAS,41337,https://kodepos.posindonesia.co.id/CariKodepos,"Exact village, district, city, and province match on Pos Indonesia.",accept_other,codex_pos_exact_hierarchy_review,project_owner_adjudication,approved
pos_indonesia_postcode_search,2026-08-12,32.15.03.2011,PURWADANA,41338,https://kodepos.posindonesia.co.id/CariKodepos,"Exact village, district, city, and province match on Pos Indonesia.",accept_other,codex_pos_exact_hierarchy_review,project_owner_adjudication,approved
pos_indonesia_postcode_search,2026-08-12,32.15.03.2012,SUKAMAKMUR,41339,https://kodepos.posindonesia.co.id/CariKodepos,"Exact village, district, city, and province match on Pos Indonesia.",accept_other,codex_pos_exact_hierarchy_review,project_owner_adjudication,approved
pos_indonesia_postcode_search,2026-08-12,32.15.03.2019,PINAYUNGAN,41332,https://kodepos.posindonesia.co.id/CariKodepos,"Exact village, district, city, and province match on Pos Indonesia.",accept_other,codex_pos_exact_hierarchy_review,project_owner_adjudication,approved
pos_indonesia_postcode_search,2026-08-12,32.15.14.2001,MEKARSARI,41374,https://kodepos.posindonesia.co.id/CariKodepos,"Exact village, district, city, and province match on Pos Indonesia.",accept_suggested,codex_pos_exact_hierarchy_review,project_owner_adjudication,approved
pos_indonesia_postcode_search,2026-08-12,32.15.14.2002,JATISARI,41374,https://kodepos.posindonesia.co.id/CariKodepos,"Exact village, district, city, and province match on Pos Indonesia.",accept_suggested,codex_pos_exact_hierarchy_review,project_owner_adjudication,approved
pos_indonesia_postcode_search,2026-08-12,32.15.14.2003,BARUGBUG,41374,https://kodepos.posindonesia.co.id/CariKodepos,"Exact village, district, city, and province match on Pos Indonesia.",accept_suggested,codex_pos_exact_hierarchy_review,project_owner_adjudication,approved
pos_indonesia_postcode_search,2026-08-12,32.15.14.2004,CIKALONGSARI,41374,https://kodepos.posindonesia.co.id/CariKodepos,"Exact village, district, city, and province match on Pos Indonesia.",accept_suggested,codex_pos_exact_hierarchy_review,project_owner_adjudication,approved
pos_indonesia_postcode_search,2026-08-12,32.15.14.2005,CIREJAG,41374,https://kodepos.posindonesia.co.id/CariKodepos,"Exact village, district, city, and province match on Pos Indonesia.",accept_suggested,codex_pos_exact_hierarchy_review,project_owner_adjudication,approved
pos_indonesia_postcode_search,2026-08-12,32.15.14.2006,JATIBARU,41374,https://kodepos.posindonesia.co.id/CariKodepos,"Exact village, district, city, and province match on Pos Indonesia.",accept_suggested,codex_pos_exact_hierarchy_review,project_owner_adjudication,approved
pos_indonesia_postcode_search,2026-08-12,32.15.14.2007,JATIRAGAS,41374,https://kodepos.posindonesia.co.id/CariKodepos,"Exact village, district, city, and province match on Pos Indonesia.",accept_suggested,codex_pos_exact_hierarchy_review,project_owner_adjudication,approved
pos_indonesia_postcode_search,2026-08-12,32.15.14.2008,JATIWANGI,41374,https://kodepos.posindonesia.co.id/CariKodepos,"Exact village, district, city, and province match on Pos Indonesia.",accept_suggested,codex_pos_exact_hierarchy_review,project_owner_adjudication,approved
pos_indonesia_postcode_search,2026-08-12,32.15.14.2009,KALIJATI,41374,https://kodepos.posindonesia.co.id/CariKodepos,"Exact village, district, city, and province match on Pos Indonesia.",accept_suggested,codex_pos_exact_hierarchy_review,project_owner_adjudication,approved
pos_indonesia_postcode_search,2026-08-12,32.15.14.2010,BALONGGANDU,41374,https://kodepos.posindonesia.co.id/CariKodepos,"Exact village, district, city, and province match on Pos Indonesia.",accept_suggested,codex_pos_exact_hierarchy_review,project_owner_adjudication,approved
pos_indonesia_postcode_search,2026-08-12,32.15.14.2011,PACING,41374,https://kodepos.posindonesia.co.id/CariKodepos,"Exact village, district, city, and province match on Pos Indonesia.",accept_suggested,codex_pos_exact_hierarchy_review,project_owner_adjudication,approved
pos_indonesia_postcode_search,2026-08-12,32.15.14.2012,SITUDAM,41374,https://kodepos.posindonesia.co.id/CariKodepos,"Exact village, district, city, and province match on Pos Indonesia.",accept_suggested,codex_pos_exact_hierarchy_review,project_owner_adjudication,approved
pos_indonesia_postcode_search,2026-08-12,32.15.14.2013,SUKAMEKAR,41374,https://kodepos.posindonesia.co.id/CariKodepos,"Exact village, district, city, and province match on Pos Indonesia.",accept_suggested,codex_pos_exact_hierarchy_review,project_owner_adjudication,approved
pos_indonesia_postcode_search,2026-08-12,32.15.14.2014,TELARSARI,41374,https://kodepos.posindonesia.co.id/CariKodepos,"Exact village, district, city, and province match on Pos Indonesia.",accept_suggested,codex_pos_exact_hierarchy_review,project_owner_adjudication,approved
pos_indonesia_postcode_search,2026-08-12,32.15.15.2001,MEKARMAYA,41384,https://kodepos.posindonesia.co.id/CariKodepos,"Exact village, district, city, and province match on Pos Indonesia.",accept_suggested,codex_pos_exact_hierarchy_review,project_owner_adjudication,approved
pos_indonesia_postcode_search,2026-08-12,32.15.15.2002,CILAMAYA,41384,https://kodepos.posindonesia.co.id/CariKodepos,"Exact village, district, city, and province match on Pos Indonesia.",accept_suggested,codex_pos_exact_hierarchy_review,project_owner_adjudication,approved
pos_indonesia_postcode_search,2026-08-12,32.15.15.2003,MUARA,41384,https://kodepos.posindonesia.co.id/CariKodepos,"Exact village, district, city, and province match on Pos Indonesia.",accept_suggested,codex_pos_exact_hierarchy_review,project_owner_adjudication,approved
pos_indonesia_postcode_search,2026-08-12,32.15.15.2004,MUARABARU,41384,https://kodepos.posindonesia.co.id/CariKodepos,"Exact village, district, city, and province match on Pos Indonesia.",accept_suggested,codex_pos_exact_hierarchy_review,project_owner_adjudication,approved
pos_indonesia_postcode_search,2026-08-12,32.15.15.2005,SUKATANI,41384,https://kodepos.posindonesia.co.id/CariKodepos,"Exact village, district, city, and province match on Pos Indonesia.",accept_suggested,codex_pos_exact_hierarchy_review,project_owner_adjudication,approved
pos_indonesia_postcode_search,2026-08-12,32.15.15.2006,TEGALWARU,41384,https://kodepos.posindonesia.co.id/CariKodepos,"Exact village, district, city, and province match on Pos Indonesia.",accept_suggested,codex_pos_exact_hierarchy_review,project_owner_adjudication,approved
pos_indonesia_postcode_search,2026-08-12,32.15.15.2007,TEGALSARI,41384,https://kodepos.posindonesia.co.id/CariKodepos,"Exact village, district, city, and province match on Pos Indonesia.",accept_suggested,codex_pos_exact_hierarchy_review,project_owner_adjudication,approved
pos_indonesia_postcode_search,2026-08-12,32.15.15.2008,CIKALONG,41384,https://kodepos.posindonesia.co.id/CariKodepos,"Exact village, district, city, and province match on Pos Indonesia.",accept_suggested,codex_pos_exact_hierarchy_review,project_owner_adjudication,approved
pos_indonesia_postcode_search,2026-08-12,32.15.15.2009,CIKARANG,41384,https://kodepos.posindonesia.co.id/CariKodepos,"Exact village, district, city, and province match on Pos Indonesia.",accept_suggested,codex_pos_exact_hierarchy_review,project_owner_adjudication,approved
pos_indonesia_postcode_search,2026-08-12,32.15.15.2010,RAWAGEMPOL WETAN,41384,https://kodepos.posindonesia.co.id/CariKodepos,"Exact village, district, city, and province match on Pos Indonesia.",accept_suggested,codex_pos_exact_hierarchy_review,project_owner_adjudication,approved
pos_indonesia_postcode_search,2026-08-12,32.15.15.2011,RAWAGEMPOL KULON,41384,https://kodepos.posindonesia.co.id/CariKodepos,"Exact village, district, city, and province match on Pos Indonesia.",accept_suggested,codex_pos_exact_hierarchy_review,project_owner_adjudication,approved
pos_indonesia_postcode_search,2026-08-12,32.15.15.2012,SUKAKERTA,41384,https://kodepos.posindonesia.co.id/CariKodepos,"Exact village, district, city, and province match on Pos Indonesia.",accept_suggested,codex_pos_exact_hierarchy_review,project_owner_adjudication,approved
pos_indonesia_postcode_search,2026-08-12,32.15.21.2001,MAJALAYA,41355,https://kodepos.posindonesia.co.id/CariKodepos,"Exact village, district, city, and province match on Pos Indonesia.",accept_other,codex_pos_exact_hierarchy_review,project_owner_adjudication,approved
pos_indonesia_postcode_search,2026-08-12,32.15.21.2002,CIRANGGON,41355,https://kodepos.posindonesia.co.id/CariKodepos,"Exact village, district, city, and province match on Pos Indonesia.",accept_other,codex_pos_exact_hierarchy_review,project_owner_adjudication,approved
pos_indonesia_postcode_search,2026-08-12,32.15.21.2003,PASIRJENGKOL,41355,https://kodepos.posindonesia.co.id/CariKodepos,"Exact village, district, city, and province match on Pos Indonesia.",accept_other,codex_pos_exact_hierarchy_review,project_owner_adjudication,approved
pos_indonesia_postcode_search,2026-08-12,32.15.21.2005,SARIJAYA,41355,https://kodepos.posindonesia.co.id/CariKodepos,"Exact village, district, city, and province match on Pos Indonesia.",accept_other,codex_pos_exact_hierarchy_review,project_owner_adjudication,approved
pos_indonesia_postcode_search,2026-08-12,32.15.21.2006,PASIRMULYA,41355,https://kodepos.posindonesia.co.id/CariKodepos,"Exact village, district, city, and province match on Pos Indonesia.",accept_other,codex_pos_exact_hierarchy_review,project_owner_adjudication,approved
pos_indonesia_postcode_search,2026-08-12,32.15.21.2007,LEMAHMULYA,41355,https://kodepos.posindonesia.co.id/CariKodepos,"Exact village, district, city, and province match on Pos Indonesia.",accept_other,codex_pos_exact_hierarchy_review,project_owner_adjudication,approved
pos_indonesia_postcode_search,2026-08-12,32.15.21.2008,BANGLE,41355,https://kodepos.posindonesia.co.id/CariKodepos,"Exact village, district, city, and province match on Pos Indonesia.",accept_other,codex_pos_exact_hierarchy_review,project_owner_adjudication,approved
pos_indonesia_postcode_search,2026-08-12,32.15.22.2001,JAYAMAKMUR,41359,https://kodepos.posindonesia.co.id/CariKodepos,"Exact village, district, city, and province match on Pos Indonesia.",accept_other,codex_pos_exact_hierarchy_review,project_owner_adjudication,approved
pos_indonesia_postcode_search,2026-08-12,32.15.22.2002,KEMIRI,41359,https://kodepos.posindonesia.co.id/CariKodepos,"Exact village, district, city, and province match on Pos Indonesia.",accept_other,codex_pos_exact_hierarchy_review,project_owner_adjudication,approved
pos_indonesia_postcode_search,2026-08-12,32.15.22.2003,MAKMURJAYA,41359,https://kodepos.posindonesia.co.id/CariKodepos,"Exact village, district, city, and province match on Pos Indonesia.",accept_other,codex_pos_exact_hierarchy_review,project_owner_adjudication,approved
pos_indonesia_postcode_search,2026-08-12,32.15.22.2004,KERTAJAYA,41359,https://kodepos.posindonesia.co.id/CariKodepos,"Exact village, district, city, and province match on Pos Indonesia.",accept_other,codex_pos_exact_hierarchy_review,project_owner_adjudication,approved
pos_indonesia_postcode_search,2026-08-12,32.15.22.2005,JAYAKERTA,41359,https://kodepos.posindonesia.co.id/CariKodepos,"Exact village, district, city, and province match on Pos Indonesia.",accept_other,codex_pos_exact_hierarchy_review,project_owner_adjudication,approved
pos_indonesia_postcode_search,2026-08-12,32.15.22.2006,MEDANGASEM,41359,https://kodepos.posindonesia.co.id/CariKodepos,"Exact village, district, city, and province match on Pos Indonesia.",accept_other,codex_pos_exact_hierarchy_review,project_owner_adjudication,approved
pos_indonesia_postcode_search,2026-08-12,32.15.22.2007,CIPTAMARGA,41359,https://kodepos.posindonesia.co.id/CariKodepos,"Exact village, district, city, and province match on Pos Indonesia.",accept_other,codex_pos_exact_hierarchy_review,project_owner_adjudication,approved
pos_indonesia_postcode_search,2026-08-12,32.15.22.2008,KAMPUNGSAWAH,41359,https://kodepos.posindonesia.co.id/CariKodepos,"Exact village, district, city, and province match on Pos Indonesia.",accept_other,codex_pos_exact_hierarchy_review,project_owner_adjudication,approved
pos_indonesia_postcode_search,2026-08-12,32.15.25.2001,WANCIMEKAR,41377,https://kodepos.posindonesia.co.id/CariKodepos,"Exact village, district, city, and province match on Pos Indonesia.",accept_other,codex_pos_exact_hierarchy_review,project_owner_adjudication,approved
pos_indonesia_postcode_search,2026-08-12,32.15.25.2002,PANGULAH SELATAN,41377,https://kodepos.posindonesia.co.id/CariKodepos,"Exact village, district, city, and province match on Pos Indonesia.",accept_other,codex_pos_exact_hierarchy_review,project_owner_adjudication,approved
pos_indonesia_postcode_search,2026-08-12,32.15.25.2003,PANGULAH UTARA,41377,https://kodepos.posindonesia.co.id/CariKodepos,"Exact village, district, city, and province match on Pos Indonesia.",accept_other,codex_pos_exact_hierarchy_review,project_owner_adjudication,approved
pos_indonesia_postcode_search,2026-08-12,32.15.25.2004,PANGULAH BARU,41377,https://kodepos.posindonesia.co.id/CariKodepos,"Exact village, district, city, and province match on Pos Indonesia.",accept_other,codex_pos_exact_hierarchy_review,project_owner_adjudication,approved
pos_indonesia_postcode_search,2026-08-12,32.15.25.2005,PUCUNG,41377,https://kodepos.posindonesia.co.id/CariKodepos,"Exact village, district, city, and province match on Pos Indonesia.",accept_other,codex_pos_exact_hierarchy_review,project_owner_adjudication,approved
pos_indonesia_postcode_search,2026-08-12,32.15.25.2006,JOMIN TIMUR,41377,https://kodepos.posindonesia.co.id/CariKodepos,"Exact village, district, city, and province match on Pos Indonesia.",accept_other,codex_pos_exact_hierarchy_review,project_owner_adjudication,approved
pos_indonesia_postcode_search,2026-08-12,32.15.25.2007,JOMIN BARAT,41377,https://kodepos.posindonesia.co.id/CariKodepos,"Exact village, district, city, and province match on Pos Indonesia.",accept_other,codex_pos_exact_hierarchy_review,project_owner_adjudication,approved
pos_indonesia_postcode_search,2026-08-12,32.15.25.2008,SARIMULYA,41377,https://kodepos.posindonesia.co.id/CariKodepos,"Exact village, district, city, and province match on Pos Indonesia.",accept_other,codex_pos_exact_hierarchy_review,project_owner_adjudication,approved
pos_indonesia_postcode_search,2026-08-12,32.15.25.2009,CILKAMPEK UTARA,41377,https://kodepos.posindonesia.co.id/CariKodepos,"Exact village, district, city, and province match on Pos Indonesia.",accept_other,codex_pos_exact_hierarchy_review,project_owner_adjudication,approved
pos_indonesia_postcode_search,2026-08-12,32.15.26.1004,PLAWAD,41327,https://kodepos.posindonesia.co.id/CariKodepos,"Exact village, district, city, and province match on Pos Indonesia.",accept_other,codex_pos_exact_hierarchy_review,project_owner_adjudication,approved
pos_indonesia_postcode_search,2026-08-12,32.15.26.2005,MARGASARI,41325,https://kodepos.posindonesia.co.id/CariKodepos,"Exact village, district, city, and province match on Pos Indonesia.",accept_other,codex_pos_exact_hierarchy_review,project_owner_adjudication,approved
pos_indonesia_postcode_search,2026-08-12,32.15.26.2006,WARUNGBAMBU,41323,https://kodepos.posindonesia.co.id/CariKodepos,"Exact village, district, city, and province match on Pos Indonesia.",accept_other,codex_pos_exact_hierarchy_review,project_owner_adjudication,approved
pos_indonesia_postcode_search,2026-08-12,32.15.26.2007,KONDANGJAYA,41324,https://kodepos.posindonesia.co.id/CariKodepos,"Exact village, district, city, and province match on Pos Indonesia.",accept_other,codex_pos_exact_hierarchy_review,project_owner_adjudication,approved
pos_indonesia_postcode_search,2026-08-12,32.15.29.2001,DARAWOLONG,41376,https://kodepos.posindonesia.co.id/CariKodepos,"Exact village, district, city, and province match on Pos Indonesia.",accept_other,codex_pos_exact_hierarchy_review,project_owner_adjudication,approved
pos_indonesia_postcode_search,2026-08-12,32.15.29.2002,TEGALSARI,41376,https://kodepos.posindonesia.co.id/CariKodepos,"Exact village, district, city, and province match on Pos Indonesia.",accept_other,codex_pos_exact_hierarchy_review,project_owner_adjudication,approved
pos_indonesia_postcode_search,2026-08-12,32.15.29.2003,PURWASARI,41376,https://kodepos.posindonesia.co.id/CariKodepos,"Exact village, district, city, and province match on Pos Indonesia.",accept_other,codex_pos_exact_hierarchy_review,project_owner_adjudication,approved
pos_indonesia_postcode_search,2026-08-12,32.15.29.2004,MEKARJAYA,41376,https://kodepos.posindonesia.co.id/CariKodepos,"Exact village, district, city, and province match on Pos Indonesia.",accept_other,codex_pos_exact_hierarchy_review,project_owner_adjudication,approved
pos_indonesia_postcode_search,2026-08-12,32.15.29.2005,TAMELANG,41376,https://kodepos.posindonesia.co.id/CariKodepos,"Exact village, district, city, and province match on Pos Indonesia.",accept_other,codex_pos_exact_hierarchy_review,project_owner_adjudication,approved
pos_indonesia_postcode_search,2026-08-12,32.15.29.2006,CENGKONG,41376,https://kodepos.posindonesia.co.id/CariKodepos,"Exact village, district, city, and province match on Pos Indonesia.",accept_other,codex_pos_exact_hierarchy_review,project_owner_adjudication,approved
pos_indonesia_postcode_search,2026-08-12,32.15.29.2007,SUKASARI,41376,https://kodepos.posindonesia.co.id/CariKodepos,"Exact village, district, city, and province match on Pos Indonesia.",accept_other,codex_pos_exact_hierarchy_review,project_owner_adjudication,approved
pos_indonesia_postcode_search,2026-08-12,32.15.29.2008,KARANGSARI,41376,https://kodepos.posindonesia.co.id/CariKodepos,"Exact village, district, city, and province match on Pos Indonesia.",accept_other,codex_pos_exact_hierarchy_review,project_owner_adjudication,approved
pos_indonesia_postcode_search,2026-08-12,32.15.30.2001,KERTAMUKTI,41387,https://kodepos.posindonesia.co.id/CariKodepos,"Exact village, district, city, and province match on Pos Indonesia.",accept_other,codex_pos_exact_hierarchy_review,project_owner_adjudication,approved
pos_indonesia_postcode_search,2026-08-12,32.15.30.2002,RAWASARI,41387,https://kodepos.posindonesia.co.id/CariKodepos,"Exact village, district, city, and province match on Pos Indonesia.",accept_other,codex_pos_exact_hierarchy_review,project_owner_adjudication,approved
pos_indonesia_postcode_search,2026-08-12,32.15.30.2003,PUSAKAJAYA SELATAN,41387,https://kodepos.posindonesia.co.id/CariKodepos,"Exact village, district, city, and province match on Pos Indonesia.",accept_other,codex_pos_exact_hierarchy_review,project_owner_adjudication,approved
pos_indonesia_postcode_search,2026-08-12,32.15.30.2004,CIKANDE,41387,https://kodepos.posindonesia.co.id/CariKodepos,"Exact village, district, city, and province match on Pos Indonesia.",accept_other,codex_pos_exact_hierarchy_review,project_owner_adjudication,approved
pos_indonesia_postcode_search,2026-08-12,32.15.30.2005,KOSAMBIBATU,41387,https://kodepos.posindonesia.co.id/CariKodepos,"Exact village, district, city, and province match on Pos Indonesia.",accept_other,codex_pos_exact_hierarchy_review,project_owner_adjudication,approved
pos_indonesia_postcode_search,2026-08-12,32.15.30.2006,PUSAKAJAYA UTARA,41387,https://kodepos.posindonesia.co.id/CariKodepos,"Exact village, district, city, and province match on Pos Indonesia.",accept_other,codex_pos_exact_hierarchy_review,project_owner_adjudication,approved
pos_indonesia_postcode_search,2026-08-12,32.15.30.2007,SUKARATU,41387,https://kodepos.posindonesia.co.id/CariKodepos,"Exact village, district, city, and province match on Pos Indonesia.",accept_other,codex_pos_exact_hierarchy_review,project_owner_adjudication,approved
pos_indonesia_postcode_search,2026-08-12,32.15.30.2008,CIPTAMARGI,41387,https://kodepos.posindonesia.co.id/CariKodepos,"Exact village, district, city, and province match on Pos Indonesia.",accept_other,codex_pos_exact_hierarchy_review,project_owner_adjudication,approved
pos_indonesia_postcode_search,2026-08-12,32.15.30.2009,MEKARPOHACI,41387,https://kodepos.posindonesia.co.id/CariKodepos,"Exact village, district, city, and province match on Pos Indonesia.",accept_other,codex_pos_exact_hierarchy_review,project_owner_adjudication,approved
pos_indonesia_postcode_search,2026-08-12,32.15.30.2010,TANJUNGSARI,41387,https://kodepos.posindonesia.co.id/CariKodepos,"Exact village, district, city, and province match on Pos Indonesia.",accept_other,codex_pos_exact_hierarchy_review,project_owner_adjudication,approved
pos_indonesia_postcode_search,2026-08-12,32.16.02.2001,BUNIBAKTI,17617,https://kodepos.posindonesia.co.id/CariKodepos,"Exact village, district, city, and province match on Pos Indonesia.",accept_suggested,codex_pos_exact_hierarchy_review,project_owner_adjudication,approved
pos_indonesia_postcode_search,2026-08-12,32.16.02.2002,MUARABAKTI,17616,https://kodepos.posindonesia.co.id/CariKodepos,"Exact village, district, city, and province match on Pos Indonesia.",accept_other,codex_pos_exact_hierarchy_review,project_owner_adjudication,approved
pos_indonesia_postcode_search,2026-08-12,32.16.02.2003,KEDUNG PENGAWAS,17614,https://kodepos.posindonesia.co.id/CariKodepos,"Exact village, district, city, and province match on Pos Indonesia.",accept_suggested,codex_pos_exact_hierarchy_review,project_owner_adjudication,approved
pos_indonesia_postcode_search,2026-08-12,32.16.02.2004,HURIP JAYA,17619,https://kodepos.posindonesia.co.id/CariKodepos,"Exact village, district, city, and province match on Pos Indonesia.",accept_other,codex_pos_exact_hierarchy_review,project_owner_adjudication,approved
pos_indonesia_postcode_search,2026-08-12,32.16.04.2001,SUKAWIJAYA,17626,https://kodepos.posindonesia.co.id/CariKodepos,"Exact village, district, city, and province match on Pos Indonesia.",accept_other,codex_pos_exact_hierarchy_review,project_owner_adjudication,approved
pos_indonesia_postcode_search,2026-08-12,32.16.04.2002,SUKAMAJU,17623,https://kodepos.posindonesia.co.id/CariKodepos,"Exact village, district, city, and province match on Pos Indonesia.",accept_other,codex_pos_exact_hierarchy_review,project_owner_adjudication,approved
pos_indonesia_postcode_search,2026-08-12,32.16.04.2003,SUKARAJA,17622,https://kodepos.posindonesia.co.id/CariKodepos,"Exact village, district, city, and province match on Pos Indonesia.",accept_other,codex_pos_exact_hierarchy_review,project_owner_adjudication,approved
pos_indonesia_postcode_search,2026-08-12,32.16.04.2005,SUKARAHAYU,17624,https://kodepos.posindonesia.co.id/CariKodepos,"Exact village, district, city, and province match on Pos Indonesia.",accept_other,codex_pos_exact_hierarchy_review,project_owner_adjudication,approved
pos_indonesia_postcode_search,2026-08-12,32.16.04.2006,SUKAMANTRI,17627,https://kodepos.posindonesia.co.id/CariKodepos,"Exact village, district, city, and province match on Pos Indonesia.",accept_other,codex_pos_exact_hierarchy_review,project_owner_adjudication,approved
pos_indonesia_postcode_search,2026-08-12,32.16.04.2007,SUKABAKTI,17625,https://kodepos.posindonesia.co.id/CariKodepos,"Exact village, district, city, and province match on Pos Indonesia.",accept_other,codex_pos_exact_hierarchy_review,project_owner_adjudication,approved
pos_indonesia_postcode_search,2026-08-12,32.16.05.2001,SATRIAJAYA,17563,https://kodepos.posindonesia.co.id/CariKodepos,"Exact village, district, city, and province match on Pos Indonesia.",accept_other,codex_pos_exact_hierarchy_review,project_owner_adjudication,approved
pos_indonesia_postcode_search,2026-08-12,32.16.05.2002,JEJALENJAYA,17566,https://kodepos.posindonesia.co.id/CariKodepos,"Exact village, district, city, and province match on Pos Indonesia.",accept_suggested,codex_pos_exact_hierarchy_review,project_owner_adjudication,approved
pos_indonesia_postcode_search,2026-08-12,32.16.05.2003,SATRIAMEKAR,17562,https://kodepos.posindonesia.co.id/CariKodepos,"Exact village, district, city, and province match on Pos Indonesia.",accept_other,codex_pos_exact_hierarchy_review,project_owner_adjudication,approved
pos_indonesia_postcode_search,2026-08-12,32.16.05.2004,SRIAMUR,17561,https://kodepos.posindonesia.co.id/CariKodepos,"Exact village, district, city, and province match on Pos Indonesia.",accept_other,codex_pos_exact_hierarchy_review,project_owner_adjudication,approved
pos_indonesia_postcode_search,2026-08-12,32.16.05.2005,SRIMUKTI,17565,https://kodepos.posindonesia.co.id/CariKodepos,"Exact village, district, city, and province match on Pos Indonesia.",accept_other,codex_pos_exact_hierarchy_review,project_owner_adjudication,approved
pos_indonesia_postcode_search,2026-08-12,32.16.05.2006,SRIJAYA,17568,https://kodepos.posindonesia.co.id/CariKodepos,"Exact village, district, city, and province match on Pos Indonesia.",accept_other,codex_pos_exact_hierarchy_review,project_owner_adjudication,approved
pos_indonesia_postcode_search,2026-08-12,32.16.05.2007,SRIMAHI,17567,https://kodepos.posindonesia.co.id/CariKodepos,"Exact village, district, city, and province match on Pos Indonesia.",accept_other,codex_pos_exact_hierarchy_review,project_owner_adjudication,approved
pos_indonesia_postcode_search,2026-08-12,32.16.05.2008,KARANGSATRIA,17564,https://kodepos.posindonesia.co.id/CariKodepos,"Exact village, district, city, and province match on Pos Indonesia.",accept_other,codex_pos_exact_hierarchy_review,project_owner_adjudication,approved
pos_indonesia_postcode_search,2026-08-12,32.16.06.2008,TRIDAYA SAKTI,17516,https://kodepos.posindonesia.co.id/CariKodepos,"Exact village, district, city, and province match on Pos Indonesia.",accept_suggested,codex_pos_exact_hierarchy_review,project_owner_adjudication,approved
pos_indonesia_postcode_search,2026-08-12,32.16.06.2010,SUMBERJAYA,17518,https://kodepos.posindonesia.co.id/CariKodepos,"Exact village, district, city, and province match on Pos Indonesia.",accept_suggested,codex_pos_exact_hierarchy_review,project_owner_adjudication,approved
pos_indonesia_postcode_search,2026-08-12,32.16.07.2003,KERTAMUKTI,17525,https://kodepos.posindonesia.co.id/CariKodepos,"Exact village, district, city, and province match on Pos Indonesia.",accept_suggested,codex_pos_exact_hierarchy_review,project_owner_adjudication,approved
pos_indonesia_postcode_search,2026-08-12,32.16.08.2001,TELAGAMURNI,17849,https://kodepos.posindonesia.co.id/CariKodepos,"Exact village, district, city, and province match on Pos Indonesia.",accept_suggested,codex_pos_exact_hierarchy_review,project_owner_adjudication,approved
pos_indonesia_postcode_search,2026-08-12,32.16.08.2002,MEKARWANGI,17843,https://kodepos.posindonesia.co.id/CariKodepos,"Exact village, district, city, and province match on Pos Indonesia.",accept_suggested,codex_pos_exact_hierarchy_review,project_owner_adjudication,approved
pos_indonesia_postcode_search,2026-08-12,32.16.08.2004,DANAU INDAH,17847,https://kodepos.posindonesia.co.id/CariKodepos,"Exact village, district, city, and province match on Pos Indonesia.",accept_suggested,codex_pos_exact_hierarchy_review,project_owner_adjudication,approved
pos_indonesia_postcode_search,2026-08-12,32.16.08.2009,KALIJAYA,17849,https://kodepos.posindonesia.co.id/CariKodepos,"Exact village, district, city, and province match on Pos Indonesia.",accept_suggested,codex_pos_exact_hierarchy_review,project_owner_adjudication,approved
pos_indonesia_postcode_search,2026-08-12,32.16.09.2001,CIKARANGKOTA,17831,https://kodepos.posindonesia.co.id/CariKodepos,"Exact village, district, city, and province match on Pos Indonesia.",accept_other,codex_pos_exact_hierarchy_review,project_owner_adjudication,approved
pos_indonesia_postcode_search,2026-08-12,32.16.09.2002,KARANGBARU,17832,https://kodepos.posindonesia.co.id/CariKodepos,"Exact village, district, city, and province match on Pos Indonesia.",accept_suggested,codex_pos_exact_hierarchy_review,project_owner_adjudication,approved
pos_indonesia_postcode_search,2026-08-12,32.16.09.2003,KARANGASIH,17839,https://kodepos.posindonesia.co.id/CariKodepos,"Exact village, district, city, and province match on Pos Indonesia.",accept_other,codex_pos_exact_hierarchy_review,project_owner_adjudication,approved
pos_indonesia_postcode_search,2026-08-12,32.16.09.2004,WALUYA,17837,https://kodepos.posindonesia.co.id/CariKodepos,"Exact village, district, city, and province match on Pos Indonesia.",accept_other,codex_pos_exact_hierarchy_review,project_owner_adjudication,approved
pos_indonesia_postcode_search,2026-08-12,32.16.09.2005,KARANGRAHARJA,17839,https://kodepos.posindonesia.co.id/CariKodepos,"Exact village, district, city, and province match on Pos Indonesia.",accept_other,codex_pos_exact_hierarchy_review,project_owner_adjudication,approved
pos_indonesia_postcode_search,2026-08-12,32.16.09.2006,PASIRGOMBONG,17835,https://kodepos.posindonesia.co.id/CariKodepos,"Exact village, district, city, and province match on Pos Indonesia.",accept_suggested,codex_pos_exact_hierarchy_review,project_owner_adjudication,approved
pos_indonesia_postcode_search,2026-08-12,32.16.09.2007,SIMPANGAN,17836,https://kodepos.posindonesia.co.id/CariKodepos,"Exact village, district, city, and province match on Pos Indonesia.",accept_other,codex_pos_exact_hierarchy_review,project_owner_adjudication,approved
pos_indonesia_postcode_search,2026-08-12,32.16.09.2008,TANJUNGSARI,17838,https://kodepos.posindonesia.co.id/CariKodepos,"Exact village, district, city, and province match on Pos Indonesia.",accept_other,codex_pos_exact_hierarchy_review,project_owner_adjudication,approved
pos_indonesia_postcode_search,2026-08-12,32.16.09.2009,HAJARMEKAR,17832,https://kodepos.posindonesia.co.id/CariKodepos,"Exact village, district, city, and province match on Pos Indonesia.",accept_other,codex_pos_exact_hierarchy_review,project_owner_adjudication,approved
pos_indonesia_postcode_search,2026-08-12,32.16.09.2010,MEKARMUKTI,17834,https://kodepos.posindonesia.co.id/CariKodepos,"Exact village, district, city, and province match on Pos Indonesia.",accept_other,codex_pos_exact_hierarchy_review,project_owner_adjudication,approved
pos_indonesia_postcode_search,2026-08-12,32.16.09.2011,WANGUNHARJA,17833,https://kodepos.posindonesia.co.id/CariKodepos,"Exact village, district, city, and province match on Pos Indonesia.",accept_other,codex_pos_exact_hierarchy_review,project_owner_adjudication,approved
pos_indonesia_postcode_search,2026-08-12,32.16.10.2001,SUKARAYA,17536,https://kodepos.posindonesia.co.id/CariKodepos,"Exact village, district, city, and province match on Pos Indonesia.",accept_other,codex_pos_exact_hierarchy_review,project_owner_adjudication,approved
pos_indonesia_postcode_search,2026-08-12,32.16.10.2003,KARANGSETIA,17534,https://kodepos.posindonesia.co.id/CariKodepos,"Exact village, district, city, and province match on Pos Indonesia.",accept_suggested,codex_pos_exact_hierarchy_review,project_owner_adjudication,approved
pos_indonesia_postcode_search,2026-08-12,32.16.10.2004,KARANGANYAR,17533,https://kodepos.posindonesia.co.id/CariKodepos,"Exact village, district, city, and province match on Pos Indonesia.",accept_other,codex_pos_exact_hierarchy_review,project_owner_adjudication,approved
pos_indonesia_postcode_search,2026-08-12,32.16.10.2005,KARANGBAHAGIA,17531,https://kodepos.posindonesia.co.id/CariKodepos,"Exact village, district, city, and province match on Pos Indonesia.",accept_suggested,codex_pos_exact_hierarchy_review,project_owner_adjudication,approved
pos_indonesia_postcode_search,2026-08-12,32.16.10.2006,KARANGSENTOSA,17532,https://kodepos.posindonesia.co.id/CariKodepos,"Exact village, district, city, and province match on Pos Indonesia.",accept_suggested,codex_pos_exact_hierarchy_review,project_owner_adjudication,approved
pos_indonesia_postcode_search,2026-08-12,32.16.10.2007,KARANGSATU,17537,https://kodepos.posindonesia.co.id/CariKodepos,"Exact village, district, city, and province match on Pos Indonesia.",accept_suggested,codex_pos_exact_hierarchy_review,project_owner_adjudication,approved
pos_indonesia_postcode_search,2026-08-12,32.16.10.2008,KARANGMUKTI,17538,https://kodepos.posindonesia.co.id/CariKodepos,"Exact village, district, city, and province match on Pos Indonesia.",accept_other,codex_pos_exact_hierarchy_review,project_owner_adjudication,approved
pos_indonesia_postcode_search,2026-08-12,32.16.11.1007,SERTAJAYA,17823,https://kodepos.posindonesia.co.id/CariKodepos,"Exact village, district, city, and province match on Pos Indonesia.",accept_other,codex_pos_exact_hierarchy_review,project_owner_adjudication,approved
pos_indonesia_postcode_search,2026-08-12,32.16.11.2001,TANJUNGBARU,17827,https://kodepos.posindonesia.co.id/CariKodepos,"Exact village, district, city, and province match on Pos Indonesia.",accept_other,codex_pos_exact_hierarchy_review,project_owner_adjudication,approved
pos_indonesia_postcode_search,2026-08-12,32.16.11.2002,CIPAYUNG,17825,https://kodepos.posindonesia.co.id/CariKodepos,"Exact village, district, city, and province match on Pos Indonesia.",accept_other,codex_pos_exact_hierarchy_review,project_owner_adjudication,approved
pos_indonesia_postcode_search,2026-08-12,32.16.11.2003,HEGARMANAH,17824,https://kodepos.posindonesia.co.id/CariKodepos,"Exact village, district, city, and province match on Pos Indonesia.",accept_other,codex_pos_exact_hierarchy_review,project_owner_adjudication,approved
pos_indonesia_postcode_search,2026-08-12,32.16.11.2004,JATIREJA,17822,https://kodepos.posindonesia.co.id/CariKodepos,"Exact village, district, city, and province match on Pos Indonesia.",accept_other,codex_pos_exact_hierarchy_review,project_owner_adjudication,approved
pos_indonesia_postcode_search,2026-08-12,32.16.11.2005,JATIBARU,17821,https://kodepos.posindonesia.co.id/CariKodepos,"Exact village, district, city, and province match on Pos Indonesia.",accept_other,codex_pos_exact_hierarchy_review,project_owner_adjudication,approved
pos_indonesia_postcode_search,2026-08-12,32.16.11.2006,LABANSARI,17826,https://kodepos.posindonesia.co.id/CariKodepos,"Exact village, district, city, and province match on Pos Indonesia.",accept_other,codex_pos_exact_hierarchy_review,project_owner_adjudication,approved
pos_indonesia_postcode_search,2026-08-12,32.16.11.2008,KARANGSARI,17828,https://kodepos.posindonesia.co.id/CariKodepos,"Exact village, district, city, and province match on Pos Indonesia.",accept_other,codex_pos_exact_hierarchy_review,project_owner_adjudication,approved
pos_indonesia_postcode_search,2026-08-12,32.16.12.2001,KARANGSAMBUNG,17545,https://kodepos.posindonesia.co.id/CariKodepos,"Exact village, district, city, and province match on Pos Indonesia.",accept_suggested,codex_pos_exact_hierarchy_review,project_owner_adjudication,approved
pos_indonesia_postcode_search,2026-08-12,32.16.12.2002,WARINGINJAYA,17546,https://kodepos.posindonesia.co.id/CariKodepos,"Exact village, district, city, and province match on Pos Indonesia.",accept_suggested,codex_pos_exact_hierarchy_review,project_owner_adjudication,approved
pos_indonesia_postcode_search,2026-08-12,32.16.12.2003,KARANGMEKAR,17542,https://kodepos.posindonesia.co.id/CariKodepos,"Exact village, district, city, and province match on Pos Indonesia.",accept_suggested,codex_pos_exact_hierarchy_review,project_owner_adjudication,approved
pos_indonesia_postcode_search,2026-08-12,32.16.12.2004,MEKARJAYA,17543,https://kodepos.posindonesia.co.id/CariKodepos,"Exact village, district, city, and province match on Pos Indonesia.",accept_suggested,codex_pos_exact_hierarchy_review,project_owner_adjudication,approved
pos_indonesia_postcode_search,2026-08-12,32.16.12.2005,KARANGHARUM,17544,https://kodepos.posindonesia.co.id/CariKodepos,"Exact village, district, city, and province match on Pos Indonesia.",accept_suggested,codex_pos_exact_hierarchy_review,project_owner_adjudication,approved
pos_indonesia_postcode_search,2026-08-12,32.16.12.2006,BOJONGSARI,17547,https://kodepos.posindonesia.co.id/CariKodepos,"Exact village, district, city, and province match on Pos Indonesia.",accept_suggested,codex_pos_exact_hierarchy_review,project_owner_adjudication,approved
pos_indonesia_postcode_search,2026-08-12,32.16.12.2007,KEDUNGWARINGIN,17541,https://kodepos.posindonesia.co.id/CariKodepos,"Exact village, district, city, and province match on Pos Indonesia.",accept_suggested,codex_pos_exact_hierarchy_review,project_owner_adjudication,approved
pos_indonesia_postcode_search,2026-08-12,32.16.13.2001,KARANGHARJA,17715,https://kodepos.posindonesia.co.id/CariKodepos,"Exact village, district, city, and province match on Pos Indonesia.",accept_suggested,codex_pos_exact_hierarchy_review,project_owner_adjudication,approved
pos_indonesia_postcode_search,2026-08-12,32.16.14.2006,SUKAKARSA,17646,https://kodepos.posindonesia.co.id/CariKodepos,"Exact village, district, city, and province match on Pos Indonesia.",accept_other,codex_pos_exact_hierarchy_review,project_owner_adjudication,approved
pos_indonesia_postcode_search,2026-08-12,32.16.15.2002,SUKAMANAH,17633,https://kodepos.posindonesia.co.id/CariKodepos,"Exact village, district, city, and province match on Pos Indonesia.",accept_other,codex_pos_exact_hierarchy_review,project_owner_adjudication,approved
pos_indonesia_postcode_search,2026-08-12,32.16.15.2003,SUKAHURIP,17634,https://kodepos.posindonesia.co.id/CariKodepos,"Exact village, district, city, and province match on Pos Indonesia.",accept_other,codex_pos_exact_hierarchy_review,project_owner_adjudication,approved
pos_indonesia_postcode_search,2026-08-12,32.16.15.2004,SUKAASIH,17636,https://kodepos.posindonesia.co.id/CariKodepos,"Exact village, district, city, and province match on Pos Indonesia.",accept_suggested,codex_pos_exact_hierarchy_review,project_owner_adjudication,approved
pos_indonesia_postcode_search,2026-08-12,32.16.15.2005,SUKARUKUN,17637,https://kodepos.posindonesia.co.id/CariKodepos,"Exact village, district, city, and province match on Pos Indonesia.",accept_other,codex_pos_exact_hierarchy_review,project_owner_adjudication,approved
pos_indonesia_postcode_search,2026-08-12,32.16.15.2006,BANJARSARI,17635,https://kodepos.posindonesia.co.id/CariKodepos,"Exact village, district, city, and province match on Pos Indonesia.",accept_suggested,codex_pos_exact_hierarchy_review,project_owner_adjudication,approved
pos_indonesia_postcode_search,2026-08-12,32.16.15.2007,SUKADARMA,17632,https://kodepos.posindonesia.co.id/CariKodepos,"Exact village, district, city, and province match on Pos Indonesia.",accept_other,codex_pos_exact_hierarchy_review,project_owner_adjudication,approved
pos_indonesia_postcode_search,2026-08-12,32.16.16.2001,JAYABAKTI,17723,https://kodepos.posindonesia.co.id/CariKodepos,"Exact village, district, city, and province match on Pos Indonesia.",accept_suggested,codex_pos_exact_hierarchy_review,project_owner_adjudication,approved
pos_indonesia_postcode_search,2026-08-12,32.16.16.2002,JAYALAKSANA,17726,https://kodepos.posindonesia.co.id/CariKodepos,"Exact village, district, city, and province match on Pos Indonesia.",accept_suggested,codex_pos_exact_hierarchy_review,project_owner_adjudication,approved
pos_indonesia_postcode_search,2026-08-12,32.16.16.2004,SINDANGJAYA,17724,https://kodepos.posindonesia.co.id/CariKodepos,"Exact village, district, city, and province match on Pos Indonesia.",accept_suggested,codex_pos_exact_hierarchy_review,project_owner_adjudication,approved
pos_indonesia_postcode_search,2026-08-12,32.16.16.2006,SETIAJAYA,17721,https://kodepos.posindonesia.co.id/CariKodepos,"Exact village, district, city, and province match on Pos Indonesia.",accept_suggested,codex_pos_exact_hierarchy_review,project_owner_adjudication,approved
pos_indonesia_postcode_search,2026-08-12,32.16.16.2007,LENGGAHJAYA,17728,https://kodepos.posindonesia.co.id/CariKodepos,"Exact village, district, city, and province match on Pos Indonesia.",accept_suggested,codex_pos_exact_hierarchy_review,project_owner_adjudication,approved
pos_indonesia_postcode_search,2026-08-12,32.16.16.2008,LENGGAHSARI,17722,https://kodepos.posindonesia.co.id/CariKodepos,"Exact village, district, city, and province match on Pos Indonesia.",accept_suggested,codex_pos_exact_hierarchy_review,project_owner_adjudication,approved
pos_indonesia_postcode_search,2026-08-12,32.16.17.2001,PANTAI MEKAR,17731,https://kodepos.posindonesia.co.id/CariKodepos,"Exact village, district, city, and province match on Pos Indonesia.",accept_suggested,codex_pos_exact_hierarchy_review,project_owner_adjudication,approved
pos_indonesia_postcode_search,2026-08-12,32.16.17.2002,PANTAI BAHAGIA,17735,https://kodepos.posindonesia.co.id/CariKodepos,"Exact village, district, city, and province match on Pos Indonesia.",accept_suggested,codex_pos_exact_hierarchy_review,project_owner_adjudication,approved
pos_indonesia_postcode_search,2026-08-12,32.16.17.2003,PANTAI BAKTI,17734,https://kodepos.posindonesia.co.id/CariKodepos,"Exact village, district, city, and province match on Pos Indonesia.",accept_suggested,codex_pos_exact_hierarchy_review,project_owner_adjudication,approved
pos_indonesia_postcode_search,2026-08-12,32.16.17.2004,PANTAI HARAPANJAYA,17732,https://kodepos.posindonesia.co.id/CariKodepos,"Exact village, district, city, and province match on Pos Indonesia.",accept_suggested,codex_pos_exact_hierarchy_review,project_owner_adjudication,approved
pos_indonesia_postcode_search,2026-08-12,32.16.19.2001,CIBATU,17855,https://kodepos.posindonesia.co.id/CariKodepos,"Exact village, district, city, and province match on Pos Indonesia.",accept_other,codex_pos_exact_hierarchy_review,project_owner_adjudication,approved
pos_indonesia_postcode_search,2026-08-12,32.16.19.2002,SUKASEJATI,17853,https://kodepos.posindonesia.co.id/CariKodepos,"Exact village, district, city, and province match on Pos Indonesia.",accept_other,codex_pos_exact_hierarchy_review,project_owner_adjudication,approved
pos_indonesia_postcode_search,2026-08-12,32.16.19.2003,CIANTRA,17852,https://kodepos.posindonesia.co.id/CariKodepos,"Exact village, district, city, and province match on Pos Indonesia.",accept_other,codex_pos_exact_hierarchy_review,project_owner_adjudication,approved
pos_indonesia_postcode_search,2026-08-12,32.16.19.2004,SUKADAMI,17851,https://kodepos.posindonesia.co.id/CariKodepos,"Exact village, district, city, and province match on Pos Indonesia.",accept_other,codex_pos_exact_hierarchy_review,project_owner_adjudication,approved
pos_indonesia_postcode_search,2026-08-12,32.16.19.2005,SUKARESMI,17857,https://kodepos.posindonesia.co.id/CariKodepos,"Exact village, district, city, and province match on Pos Indonesia.",accept_other,codex_pos_exact_hierarchy_review,project_owner_adjudication,approved
pos_indonesia_postcode_search,2026-08-12,32.16.19.2006,SERANG,17854,https://kodepos.posindonesia.co.id/CariKodepos,"Exact village, district, city, and province match on Pos Indonesia.",accept_other,codex_pos_exact_hierarchy_review,project_owner_adjudication,approved
pos_indonesia_postcode_search,2026-08-12,32.16.19.2007,PASIRSARI,17856,https://kodepos.posindonesia.co.id/CariKodepos,"Exact village, district, city, and province match on Pos Indonesia.",accept_other,codex_pos_exact_hierarchy_review,project_owner_adjudication,approved
pos_indonesia_postcode_search,2026-08-12,32.16.20.2001,CICAU,17812,https://kodepos.posindonesia.co.id/CariKodepos,"Exact village, district, city, and province match on Pos Indonesia.",accept_other,codex_pos_exact_hierarchy_review,project_owner_adjudication,approved
pos_indonesia_postcode_search,2026-08-12,32.16.20.2002,SUKAMAHI,17811,https://kodepos.posindonesia.co.id/CariKodepos,"Exact village, district, city, and province match on Pos Indonesia.",accept_other,codex_pos_exact_hierarchy_review,project_owner_adjudication,approved
pos_indonesia_postcode_search,2026-08-12,32.16.20.2003,PASIRANJI,17813,https://kodepos.posindonesia.co.id/CariKodepos,"Exact village, district, city, and province match on Pos Indonesia.",accept_suggested,codex_pos_exact_hierarchy_review,project_owner_adjudication,approved
pos_indonesia_postcode_search,2026-08-12,32.16.20.2004,HEGARMUKTI,17815,https://kodepos.posindonesia.co.id/CariKodepos,"Exact village, district, city, and province match on Pos Indonesia.",accept_other,codex_pos_exact_hierarchy_review,project_owner_adjudication,approved
pos_indonesia_postcode_search,2026-08-12,32.16.20.2005,JAYAMUKTI,17816,https://kodepos.posindonesia.co.id/CariKodepos,"Exact village, district, city, and province match on Pos Indonesia.",accept_other,codex_pos_exact_hierarchy_review,project_owner_adjudication,approved
pos_indonesia_postcode_search,2026-08-12,32.16.20.2006,PASIRTANJUNG,17814,https://kodepos.posindonesia.co.id/CariKodepos,"Exact village, district, city, and province match on Pos Indonesia.",accept_other,codex_pos_exact_hierarchy_review,project_owner_adjudication,approved
pos_indonesia_postcode_search,2026-08-12,32.16.21.2008,JAYASAMPURNA,17333,https://kodepos.posindonesia.co.id/CariKodepos,"Exact village, district, city, and province match on Pos Indonesia.",accept_suggested,codex_pos_exact_hierarchy_review,project_owner_adjudication,approved
pos_indonesia_postcode_search,2026-08-12,32.16.23.2003,BOJONGMANGU,17352,https://kodepos.posindonesia.co.id/CariKodepos,"Exact village, district, city, and province match on Pos Indonesia.",accept_other,codex_pos_exact_hierarchy_review,project_owner_adjudication,approved
pos_indonesia_postcode_search,2026-08-12,32.17.05.2001,CIPEUNDEUY,40758,https://kodepos.posindonesia.co.id/CariKodepos,"Exact village, district, city, and province match on Pos Indonesia.",accept_other,codex_pos_exact_hierarchy_review,project_owner_adjudication,approved
pos_indonesia_postcode_search,2026-08-12,32.17.11.2001,CILILIN,40762,https://kodepos.posindonesia.co.id/CariKodepos,"Exact village, district, city, and province match on Pos Indonesia.",accept_other,codex_pos_exact_hierarchy_review,project_owner_adjudication,approved
pos_indonesia_postcode_search,2026-08-12,32.17.11.2002,BUDIHARJA,40762,https://kodepos.posindonesia.co.id/CariKodepos,"Exact village, district, city, and province match on Pos Indonesia.",accept_other,codex_pos_exact_hierarchy_review,project_owner_adjudication,approved
pos_indonesia_postcode_search,2026-08-12,32.17.11.2003,BATULAYANG,40762,https://kodepos.posindonesia.co.id/CariKodepos,"Exact village, district, city, and province match on Pos Indonesia.",accept_other,codex_pos_exact_hierarchy_review,project_owner_adjudication,approved
pos_indonesia_postcode_search,2026-08-12,32.17.11.2004,BONGAS,40762,https://kodepos.posindonesia.co.id/CariKodepos,"Exact village, district, city, and province match on Pos Indonesia.",accept_other,codex_pos_exact_hierarchy_review,project_owner_adjudication,approved
pos_indonesia_postcode_search,2026-08-12,32.17.11.2005,KARANGANYAR,40762,https://kodepos.posindonesia.co.id/CariKodepos,"Exact village, district, city, and province match on Pos Indonesia.",accept_other,codex_pos_exact_hierarchy_review,project_owner_adjudication,approved
pos_indonesia_postcode_search,2026-08-12,32.17.11.2006,KARANGTANJUNG,40762,https://kodepos.posindonesia.co.id/CariKodepos,"Exact village, district, city, and province match on Pos Indonesia.",accept_other,codex_pos_exact_hierarchy_review,project_owner_adjudication,approved
pos_indonesia_postcode_search,2026-08-12,32.17.11.2007,KARYAMUKTI,40762,https://kodepos.posindonesia.co.id/CariKodepos,"Exact village, district, city, and province match on Pos Indonesia.",accept_other,codex_pos_exact_hierarchy_review,project_owner_adjudication,approved
pos_indonesia_postcode_search,2026-08-12,32.17.11.2008,KIDANGPANANJUNG,40762,https://kodepos.posindonesia.co.id/CariKodepos,"Exact village, district, city, and province match on Pos Indonesia.",accept_other,codex_pos_exact_hierarchy_review,project_owner_adjudication,approved
pos_indonesia_postcode_search,2026-08-12,32.17.11.2009,MUKAPAYUNG,40762,https://kodepos.posindonesia.co.id/CariKodepos,"Exact village, district, city, and province match on Pos Indonesia.",accept_other,codex_pos_exact_hierarchy_review,project_owner_adjudication,approved
pos_indonesia_postcode_search,2026-08-12,32.17.11.2010,NANGGERANG,40762,https://kodepos.posindonesia.co.id/CariKodepos,"Exact village, district, city, and province match on Pos Indonesia.",accept_other,codex_pos_exact_hierarchy_review,project_owner_adjudication,approved
pos_indonesia_postcode_search,2026-08-12,32.17.11.2011,RANCAPANGGUNG,40762,https://kodepos.posindonesia.co.id/CariKodepos,"Exact village, district, city, and province match on Pos Indonesia.",accept_other,codex_pos_exact_hierarchy_review,project_owner_adjudication,approved
pos_indonesia_postcode_search,2026-08-12,32.17.16.2001,CIKANDE,40768,https://kodepos.posindonesia.co.id/CariKodepos,"Exact village, district, city, and province match on Pos Indonesia.",accept_other,codex_pos_exact_hierarchy_review,project_owner_adjudication,approved
pos_indonesia_postcode_search,2026-08-12,32.17.16.2002,JATI,40768,https://kodepos.posindonesia.co.id/CariKodepos,"Exact village, district, city, and province match on Pos Indonesia.",accept_other,codex_pos_exact_hierarchy_review,project_owner_adjudication,approved
pos_indonesia_postcode_search,2026-08-12,32.17.16.2003,GIRIMUKTI,40768,https://kodepos.posindonesia.co.id/CariKodepos,"Exact village, district, city, and province match on Pos Indonesia.",accept_other,codex_pos_exact_hierarchy_review,project_owner_adjudication,approved
pos_indonesia_postcode_search,2026-08-12,32.17.16.2004,BOJONGHALEUANG,40768,https://kodepos.posindonesia.co.id/CariKodepos,"Exact village, district, city, and province match on Pos Indonesia.",accept_other,codex_pos_exact_hierarchy_review,project_owner_adjudication,approved
pos_indonesia_postcode_search,2026-08-12,32.17.16.2005,CIPANGERAN,40768,https://kodepos.posindonesia.co.id/CariKodepos,"Exact village, district, city, and province match on Pos Indonesia.",accept_other,codex_pos_exact_hierarchy_review,project_owner_adjudication,approved
pos_indonesia_postcode_search,2026-08-12,32.17.16.2006,SAGULING,40768,https://kodepos.posindonesia.co.id/CariKodepos,"Exact village, district, city, and province match on Pos Indonesia.",accept_other,codex_pos_exact_hierarchy_review,project_owner_adjudication,approved
pos_indonesia_postcode_search,2026-08-12,32.18.05.2015,BUNGUR RAYA,46591,https://kodepos.posindonesia.co.id/CariKodepos,"Exact village, district, city, and province match on Pos Indonesia.",accept_suggested,codex_pos_exact_hierarchy_review,project_owner_adjudication,approved
pos_indonesia_postcode_search,2026-08-12,32.71.01.1001,BATU TULIS,16131,https://kodepos.posindonesia.co.id/CariKodepos,"Exact village, district, city, and province match on Pos Indonesia.",accept_suggested,codex_pos_exact_hierarchy_review,project_owner_adjudication,approved
pos_indonesia_postcode_search,2026-08-12,32.71.03.1007,TEGALLEGA,16127,https://kodepos.posindonesia.co.id/CariKodepos,"Exact village, district, city, and province match on Pos Indonesia.",accept_suggested,codex_pos_exact_hierarchy_review,project_owner_adjudication,approved
pos_indonesia_postcode_search,2026-08-12,32.71.06.1005,KEDUNG WARINGIN,16163,https://kodepos.posindonesia.co.id/CariKodepos,"Exact village, district, city, and province match on Pos Indonesia.",accept_suggested,codex_pos_exact_hierarchy_review,project_owner_adjudication,approved
pos_indonesia_postcode_search,2026-08-12,32.72.01.1004,KARANG TENGAH,43124,https://kodepos.posindonesia.co.id/CariKodepos,"Exact village, district, city, and province match on Pos Indonesia.",accept_suggested,codex_pos_exact_hierarchy_review,project_owner_adjudication,approved
pos_indonesia_postcode_search,2026-08-12,32.72.05.1001,BAROS,43167,https://kodepos.posindonesia.co.id/CariKodepos,"Exact village, district, city, and province match on Pos Indonesia.",accept_other,codex_pos_exact_hierarchy_review,project_owner_adjudication,approved
pos_indonesia_postcode_search,2026-08-12,32.72.05.1004,SUDAJAYA HILIR,43167,https://kodepos.posindonesia.co.id/CariKodepos,"Exact village, district, city, and province match on Pos Indonesia.",accept_other,codex_pos_exact_hierarchy_review,project_owner_adjudication,approved
pos_indonesia_postcode_search,2026-08-12,32.72.07.1001,CIBEUREUM HILIR,43164,https://kodepos.posindonesia.co.id/CariKodepos,"Exact village, district, city, and province match on Pos Indonesia.",accept_suggested,codex_pos_exact_hierarchy_review,project_owner_adjudication,approved
pos_indonesia_postcode_search,2026-08-12,32.73.22.1003,CIJAURA,40286,https://kodepos.posindonesia.co.id/CariKodepos,"Exact village, district, city, and province match on Pos Indonesia.",accept_suggested,codex_pos_exact_hierarchy_review,project_owner_adjudication,approved
pos_indonesia_postcode_search,2026-08-12,32.73.23.1003,MUNJAHLEGA,40292,https://kodepos.posindonesia.co.id/CariKodepos,"Exact village, district, city, and province match on Pos Indonesia.",accept_suggested,codex_pos_exact_hierarchy_review,project_owner_adjudication,approved
pos_indonesia_postcode_search,2026-08-12,32.73.23.1004,MEKARMULYA,40292,https://kodepos.posindonesia.co.id/CariKodepos,"Exact village, district, city, and province match on Pos Indonesia.",accept_other,codex_pos_exact_hierarchy_review,project_owner_adjudication,approved
pos_indonesia_postcode_search,2026-08-12,32.73.24.1002,CISARANTEN BINA HARAPAN,40293,https://kodepos.posindonesia.co.id/CariKodepos,"Exact village, district, city, and province match on Pos Indonesia.",accept_suggested,codex_pos_exact_hierarchy_review,project_owner_adjudication,approved
pos_indonesia_postcode_search,2026-08-12,32.73.24.1004,SINDANGLAYA/CISANTRE N ENDAH,40293,https://kodepos.posindonesia.co.id/CariKodepos,"Exact village, district, city, and province match on Pos Indonesia.",accept_other,codex_pos_exact_hierarchy_review,project_owner_adjudication,approved
pos_indonesia_postcode_search,2026-08-12,32.73.25.1003,PASIR BIRU,40299,https://kodepos.posindonesia.co.id/CariKodepos,"Exact village, district, city, and province match on Pos Indonesia.",accept_suggested,codex_pos_exact_hierarchy_review,project_owner_adjudication,approved
pos_indonesia_postcode_search,2026-08-12,32.73.26.1005,PASIRWANGI,40199,https://kodepos.posindonesia.co.id/CariKodepos,"Exact village, district, city, and province match on Pos Indonesia.",accept_suggested,codex_pos_exact_hierarchy_review,project_owner_adjudication,approved
pos_indonesia_postcode_search,2026-08-12,32.73.27.1001,CIMENERANG,40295,https://kodepos.posindonesia.co.id/CariKodepos,"Exact village, district, city, and province match on Pos Indonesia.",accept_other,codex_pos_exact_hierarchy_review,project_owner_adjudication,approved
pos_indonesia_postcode_search,2026-08-12,32.73.27.1003,RANCABOLANG,40295,https://kodepos.posindonesia.co.id/CariKodepos,"Exact village, district, city, and province match on Pos Indonesia.",accept_suggested,codex_pos_exact_hierarchy_review,project_owner_adjudication,approved
pos_indonesia_postcode_search,2026-08-12,32.73.28.1004,MEKAR MULYA,40298,https://kodepos.posindonesia.co.id/CariKodepos,"Exact village, district, city, and province match on Pos Indonesia.",accept_suggested,codex_pos_exact_hierarchy_review,project_owner_adjudication,approved
pos_indonesia_postcode_search,2026-08-12,32.73.29.1001,CISARANTEN WETAN,40294,https://kodepos.posindonesia.co.id/CariKodepos,"Exact village, district, city, and province match on Pos Indonesia.",accept_suggested,codex_pos_exact_hierarchy_review,project_owner_adjudication,approved
pos_indonesia_postcode_search,2026-08-12,32.73.29.1002,PAKEMITAN,40294,https://kodepos.posindonesia.co.id/CariKodepos,"Exact village, district, city, and province match on Pos Indonesia.",accept_suggested,codex_pos_exact_hierarchy_review,project_owner_adjudication,approved
pos_indonesia_postcode_search,2026-08-12,32.73.29.1003,SUKAMULYA,40294,https://kodepos.posindonesia.co.id/CariKodepos,"Exact village, district, city, and province match on Pos Indonesia.",accept_suggested,codex_pos_exact_hierarchy_review,project_owner_adjudication,approved
pos_indonesia_postcode_search,2026-08-12,32.73.29.1004,BABAKAN PENGHULU,40294,https://kodepos.posindonesia.co.id/CariKodepos,"Exact village, district, city, and province match on Pos Indonesia.",accept_suggested,codex_pos_exact_hierarchy_review,project_owner_adjudication,approved
pos_indonesia_postcode_search,2026-08-12,32.75.08.1007,JATICEMPAKA,17416,https://kodepos.posindonesia.co.id/CariKodepos,"Exact village, district, city, and province match on Pos Indonesia.",accept_suggested,codex_pos_exact_hierarchy_review,project_owner_adjudication,approved
pos_indonesia_postcode_search,2026-08-12,32.75.10.1005,JATIRADEN,17436,https://kodepos.posindonesia.co.id/CariKodepos,"Exact village, district, city, and province match on Pos Indonesia.",accept_suggested,codex_pos_exact_hierarchy_review,project_owner_adjudication,approved
pos_indonesia_postcode_search,2026-08-12,32.75.11.1002,CIMUNING,17165,https://kodepos.posindonesia.co.id/CariKodepos,"Exact village, district, city, and province match on Pos Indonesia.",accept_suggested,codex_pos_exact_hierarchy_review,project_owner_adjudication,approved
pos_indonesia_postcode_search,2026-08-12,32.75.11.1003,MUSTIKAJAYA,17168,https://kodepos.posindonesia.co.id/CariKodepos,"Exact village, district, city, and province match on Pos Indonesia.",accept_suggested,codex_pos_exact_hierarchy_review,project_owner_adjudication,approved
pos_indonesia_postcode_search,2026-08-12,32.75.11.1004,MUSTIKASARI,17167,https://kodepos.posindonesia.co.id/CariKodepos,"Exact village, district, city, and province match on Pos Indonesia.",accept_suggested,codex_pos_exact_hierarchy_review,project_owner_adjudication,approved
pos_indonesia_postcode_search,2026-08-12,32.75.12.1001,JATIRAHAYU,17414,https://kodepos.posindonesia.co.id/CariKodepos,"Exact village, district, city, and province match on Pos Indonesia.",accept_other,codex_pos_exact_hierarchy_review,project_owner_adjudication,approved
pos_indonesia_postcode_search,2026-08-12,32.75.12.1002,JATIWARNA,17415,https://kodepos.posindonesia.co.id/CariKodepos,"Exact village, district, city, and province match on Pos Indonesia.",accept_other,codex_pos_exact_hierarchy_review,project_owner_adjudication,approved
pos_indonesia_postcode_search,2026-08-12,32.75.12.1003,JATIMELATI,17446,https://kodepos.posindonesia.co.id/CariKodepos,"Exact village, district, city, and province match on Pos Indonesia.",accept_suggested,codex_pos_exact_hierarchy_review,project_owner_adjudication,approved
pos_indonesia_postcode_search,2026-08-12,32.75.12.1004,JATIMURNI,17431,https://kodepos.posindonesia.co.id/CariKodepos,"Exact village, district, city, and province match on Pos Indonesia.",accept_other,codex_pos_exact_hierarchy_review,project_owner_adjudication,approved
pos_indonesia_postcode_search,2026-08-12,32.76.07.1001,CIPAYUNG,16442,https://kodepos.posindonesia.co.id/CariKodepos,"Exact village, district, city, and province match on Pos Indonesia.",accept_other,codex_pos_exact_hierarchy_review,project_owner_adjudication,approved
pos_indonesia_postcode_search,2026-08-12,32.76.07.1005,PONDOK JAYA,16443,https://kodepos.posindonesia.co.id/CariKodepos,"Exact village, district, city, and province match on Pos Indonesia.",accept_suggested,codex_pos_exact_hierarchy_review,project_owner_adjudication,approved
pos_indonesia_postcode_search,2026-08-12,32.76.09.1003,PANGKALAN JATI,16543,https://kodepos.posindonesia.co.id/CariKodepos,"Exact village, district, city, and province match on Pos Indonesia.",accept_suggested,codex_pos_exact_hierarchy_review,project_owner_adjudication,approved
pos_indonesia_postcode_search,2026-08-12,32.76.09.1004,PANGKALAN JATI BARU,16542,https://kodepos.posindonesia.co.id/CariKodepos,"Exact village, district, city, and province match on Pos Indonesia.",accept_suggested,codex_pos_exact_hierarchy_review,project_owner_adjudication,approved
pos_indonesia_postcode_search,2026-08-12,32.76.11.1001,BOJONGSARI,16521,https://kodepos.posindonesia.co.id/CariKodepos,"Exact village, district, city, and province match on Pos Indonesia.",accept_other,codex_pos_exact_hierarchy_review,project_owner_adjudication,approved
pos_indonesia_postcode_search,2026-08-12,32.76.11.1002,BOJONGSARI BARU,16522,https://kodepos.posindonesia.co.id/CariKodepos,"Exact village, district, city, and province match on Pos Indonesia.",accept_suggested,codex_pos_exact_hierarchy_review,project_owner_adjudication,approved
pos_indonesia_postcode_search,2026-08-12,32.78.07.1001,TAMANSARI,46146,https://kodepos.posindonesia.co.id/CariKodepos,"Exact village, district, city, and province match on Pos Indonesia.",accept_other,codex_pos_exact_hierarchy_review,project_owner_adjudication,approved
pos_indonesia_postcode_search,2026-08-12,32.78.07.1002,MUGARSARI,46146,https://kodepos.posindonesia.co.id/CariKodepos,"Exact village, district, city, and province match on Pos Indonesia.",accept_other,codex_pos_exact_hierarchy_review,project_owner_adjudication,approved
pos_indonesia_postcode_search,2026-08-12,32.78.07.1003,TAMANJAYA,46147,https://kodepos.posindonesia.co.id/CariKodepos,"Exact village, district, city, and province match on Pos Indonesia.",accept_other,codex_pos_exact_hierarchy_review,project_owner_adjudication,approved
pos_indonesia_postcode_search,2026-08-12,32.78.07.1004,SUMELAP,46147,https://kodepos.posindonesia.co.id/CariKodepos,"Exact village, district, city, and province match on Pos Indonesia.",accept_other,codex_pos_exact_hierarchy_review,project_owner_adjudication,approved
pos_indonesia_postcode_search,2026-08-12,32.78.07.1005,SETIAWARGI,46148,https://kodepos.posindonesia.co.id/CariKodepos,"Exact village, district, city, and province match on Pos Indonesia.",accept_other,codex_pos_exact_hierarchy_review,project_owner_adjudication,approved
pos_indonesia_postcode_search,2026-08-12,32.78.07.1006,MULYASARI,46149,https://kodepos.posindonesia.co.id/CariKodepos,"Exact village, district, city, and province match on Pos Indonesia.",accept_other,codex_pos_exact_hierarchy_review,project_owner_adjudication,approved
pos_indonesia_postcode_search,2026-08-12,32.78.07.1007,SUKAHURIP,46149,https://kodepos.posindonesia.co.id/CariKodepos,"Exact village, district, city, and province match on Pos Indonesia.",accept_other,codex_pos_exact_hierarchy_review,project_owner_adjudication,approved
pos_indonesia_postcode_search,2026-08-12,32.78.07.1008,SETIAMULYA,46148,https://kodepos.posindonesia.co.id/CariKodepos,"Exact village, district, city, and province match on Pos Indonesia.",accept_other,codex_pos_exact_hierarchy_review,project_owner_adjudication,approved
pos_indonesia_postcode_search,2026-08-12,32.78.10.1001,SUKANAGARA,46118,https://kodepos.posindonesia.co.id/CariKodepos,"Exact village, district, city, and province match on Pos Indonesia.",accept_other,codex_pos_exact_hierarchy_review,project_owner_adjudication,approved
pos_indonesia_postcode_search,2026-08-12,32.78.10.1002,SUKAMENAK,46118,https://kodepos.posindonesia.co.id/CariKodepos,"Exact village, district, city, and province match on Pos Indonesia.",accept_other,codex_pos_exact_hierarchy_review,project_owner_adjudication,approved
pos_indonesia_postcode_search,2026-08-12,32.78.10.1003,PURBARATU,46118,https://kodepos.posindonesia.co.id/CariKodepos,"Exact village, district, city, and province match on Pos Indonesia.",accept_other,codex_pos_exact_hierarchy_review,project_owner_adjudication,approved
pos_indonesia_postcode_search,2026-08-12,32.78.10.1004,SUKAASIH,46119,https://kodepos.posindonesia.co.id/CariKodepos,"Exact village, district, city, and province match on Pos Indonesia.",accept_other,codex_pos_exact_hierarchy_review,project_owner_adjudication,approved
pos_indonesia_postcode_search,2026-08-12,32.78.10.1005,SUKAJAYA,46119,https://kodepos.posindonesia.co.id/CariKodepos,"Exact village, district, city, and province match on Pos Indonesia.",accept_other,codex_pos_exact_hierarchy_review,project_owner_adjudication,approved
pos_indonesia_postcode_search,2026-08-12,32.78.10.1006,SINGKUP,46119,https://kodepos.posindonesia.co.id/CariKodepos,"Exact village, district, city, and province match on Pos Indonesia.",accept_other,codex_pos_exact_hierarchy_review,project_owner_adjudication,approved
pos_indonesia_postcode_search,2026-08-12,32.79.01.2004,CIBEUREUM,46313,https://kodepos.posindonesia.co.id/CariKodepos,"Exact village, district, city, and province match on Pos Indonesia.",accept_other,codex_pos_exact_hierarchy_review,project_owner_adjudication,approved
