village_code,api_village_name,diskominfo_village_name,odj_village_name,api_postal_code,diskominfo_postal_code,odj_postal_code,diskominfo_vs_open_data_jabar,api_vs_diskominfo,api_vs_odj,comparison_status,postal_review_required,name_difference,note
32.01.01.1001,Pondok Rajeg,PONDOK RAJEG,PONDOK RAJEG,16914,16913,16914,different,different,match,api_matches_odj,yes,no,
32.01.01.1010,Ciriung,CIRIUNG,CIRIUNG,16918,16919,16918,different,different,match,api_matches_odj,yes,no,
32.01.01.1013,Pabuaran Mekar,PABUARAN MEKAR,PABUARAN MEKAR,16916,16916,,diskominfo_only,match,source_postal_missing,api_matches_diskominfo,yes,no,
32.01.02.2010,Karanggan,KARANGGAN,KARANGGAN,16960,16961,16960,different,different,match,api_matches_odj,yes,no,
32.01.03.1006,Puspanegara,PUSPANEGARA,PUSPANEGARA,16811,16811,16810,different,match,different,api_matches_diskominfo,yes,no,
32.01.03.1007,Karang Asem Barat,KARANG ASEM BARAT,KARANG ASEM BARAT,16811,16812,16810,different,different,different,api_differs_available_sources,yes,no,API postal code differs from every available source postal code.
32.01.03.2001,Puspasari,PUSPASARI,PUSPASARI,16811,16811,16810,different,match,different,api_matches_diskominfo,yes,no,
32.01.03.2002,Citeureup,CITEUREUP,CITEUREUP,16811,16811,16810,different,match,different,api_matches_diskominfo,yes,no,
32.01.03.2003,Leuwinutug,LEUWINUTUG,LEUWINUTUG,16811,16813,16810,different,different,different,api_differs_available_sources,yes,no,API postal code differs from every available source postal code.
32.01.03.2004,Tajur,TAJUR,TAJUR,16811,16817,16810,different,different,different,api_differs_available_sources,yes,no,API postal code differs from every available source postal code.
32.01.03.2005,Sanja,SANJA,SANJA,16811,16814,16810,different,different,different,api_differs_available_sources,yes,no,API postal code differs from every available source postal code.
32.01.03.2008,Karang Asem Timur,KARANG ASEM TIMUR,KARANG ASEM TIMUR,16811,16812,16810,different,different,different,api_differs_available_sources,yes,no,API postal code differs from every available source postal code.
32.01.03.2009,Tarikolot,TARIKOLOT,TARIKOLOT,16811,16819,16810,different,different,different,api_differs_available_sources,yes,no,API postal code differs from every available source postal code.
32.01.03.2010,Gunungsari (Gunung Sari),GUNUNGSARI,GUNUNGSARI,16811,16819,16810,different,different,different,api_differs_available_sources,yes,yes,API postal code differs from every available source postal code.
32.01.03.2011,Tangkil,TANGKIL,TANGKIL,16811,16815,16810,different,different,different,api_differs_available_sources,yes,no,API postal code differs from every available source postal code.
32.01.03.2012,Sukahati,SUKAHATI,SUKAHATI,16811,16814,16810,different,different,different,api_differs_available_sources,yes,no,API postal code differs from every available source postal code.
32.01.03.2013,Hambalang,HAMBALANG,HAMBALANG,16811,16816,16810,different,different,different,api_differs_available_sources,yes,no,API postal code differs from every available source postal code.
32.01.03.2014,Pasirmukti (Pasir Mukti),PASIRMUKTI,PASIRMUKTI,16811,16818,16810,different,different,different,api_differs_available_sources,yes,yes,API postal code differs from every available source postal code.
32.01.04.2001,Gununggeulis (Gunung Geulis),GUNUNGGEULIS,GUNUNGGEULIS,16711,16713,16710,different,different,different,api_differs_available_sources,yes,yes,API postal code differs from every available source postal code.
32.01.04.2002,Cilebut Timur,CILEBUT TIMUR,CILEBUT TIMUR,16711,16718,16710,different,different,different,api_differs_available_sources,yes,no,API postal code differs from every available source postal code.
32.01.04.2003,Cilebut Barat,CILEBUT BARAT,CILEBUT BARAT,16711,16718,16710,different,different,different,api_differs_available_sources,yes,no,API postal code differs from every available source postal code.
32.01.04.2004,Cibanon,CIBANON,CIBANON,16711,16712,16710,different,different,different,api_differs_available_sources,yes,no,API postal code differs from every available source postal code.
32.01.04.2005,Nagrak,NAGRAK,NAGRAK,16711,16714,16710,different,different,different,api_differs_available_sources,yes,no,API postal code differs from every available source postal code.
32.01.04.2006,Sukatani,SUKATANI,SUKATANI,16711,16719,16710,different,different,different,api_differs_available_sources,yes,no,API postal code differs from every available source postal code.
32.01.04.2007,Sukaraja,SUKARAJA,SUKARAJA,16711,16719,38877,different,different,different,api_differs_available_sources,yes,no,API postal code differs from every available source postal code.
32.01.04.2008,Cikeas,CIKEAS,CIKEAS,16711,16714,16710,different,different,different,api_differs_available_sources,yes,no,API postal code differs from every available source postal code.
32.01.04.2009,Pasir Jambu,PASIR JAMBU,PASIR JAMBU,16711,16717,16710,different,different,different,api_differs_available_sources,yes,no,API postal code differs from every available source postal code.
32.01.04.2010,Cimandala,CIMANDALA,CIMANDALA,16711,16716,16710,different,different,different,api_differs_available_sources,yes,no,API postal code differs from every available source postal code.
32.01.04.2011,Cijujung,CIJUJUNG,CIJUJUNG,16711,16716,16710,different,different,different,api_differs_available_sources,yes,no,API postal code differs from every available source postal code.
32.01.04.2012,Cadasngampar (Cadas Ngampar),CADASNGAMPAR,CADASNGAMPAR,16711,16714,16710,different,different,different,api_differs_available_sources,yes,yes,API postal code differs from every available source postal code.
32.01.04.2013,Pasirlaja,PASIRLAJA,PASIRLAJA,16711,16715,16710,different,different,different,api_differs_available_sources,yes,no,API postal code differs from every available source postal code.
32.01.05.2001,Cijayanti,CIJAYANTI,CIJAYANTI,16810,16864,16810,different,different,match,api_matches_odj,yes,no,
32.01.05.2002,Sumurbatu (Sumur Batu),SUMURBATU,SUMURBATU,16810,16866,16810,different,different,match,api_matches_odj,yes,yes,
32.01.05.2003,Sentul,SENTUL,SENTUL,16810,16863,16810,different,different,match,api_matches_odj,yes,no,
32.01.05.2004,Karangtengah (Karang Tengah),KARANGTENGAH,KARANGTENGAH,16810,16867,16810,different,different,match,api_matches_odj,yes,yes,
32.01.05.2005,Cipambuan,CIPAMBUAN,CIPAMBUAN,16810,16869,16810,different,different,match,api_matches_odj,yes,no,
32.01.05.2006,Kadumanggu (Kadumangu),KADUMANGGU,KADUMANGGU,16810,16868,16810,different,different,match,api_matches_odj,yes,yes,
32.01.05.2007,Citaringgul,CITARINGGUL,CITARINGGUL,16810,16862,16810,different,different,match,api_matches_odj,yes,no,
32.01.05.2008,Babakan Madang,BABAKAN MADANG,BABAKAN MADANG,16810,16861,16810,different,different,match,api_matches_odj,yes,no,
32.01.05.2009,Bojong Koneng,BOJONG KONENG,BOJONG KONENG,16810,16865,16810,different,different,match,api_matches_odj,yes,no,
32.01.06.2001,Sukamaju,SUKAMAJU,SUKAMAJU,16830,16832,16830,different,different,match,api_matches_odj,yes,no,
32.01.06.2002,Sirnagalih,SIRNAGALIH,SIRNAGALIH,16830,16839,16830,different,different,match,api_matches_odj,yes,no,
32.01.06.2003,Singajaya,SINGAJAYA,SINGAJAYA,16830,16834,16830,different,different,match,api_matches_odj,yes,no,
32.01.06.2004,Sukasirna,SUKASIRNA,SUKASIRNA,16830,16837,16830,different,different,match,api_matches_odj,yes,no,
32.01.06.2005,Sukanegara,SUKANEGARA,SUKANEGARA,16830,16836,16830,different,different,match,api_matches_odj,yes,no,
32.01.06.2006,Sukamanah,SUKAMANAH,SUKAMANAH,16830,16832,16830,different,different,match,api_matches_odj,yes,no,
32.01.06.2007,Weninggalih,WENINGGALIH,WENINGGALIH,16830,16839,16830,different,different,match,api_matches_odj,yes,no,
32.01.06.2008,Cibodas,CIBODAS,CIBODAS,16830,16835,16830,different,different,match,api_matches_odj,yes,no,
32.01.06.2009,Jonggol,JONGGOL,JONGGOL,16830,16839,16830,different,different,match,api_matches_odj,yes,no,
32.01.06.2010,Bendungan,BENDUNGAN,BENDUNGAN,16830,16838,16830,different,different,match,api_matches_odj,yes,no,
32.01.06.2011,Singasari,SINGASARI,SINGASARI,16830,16833,16830,different,different,match,api_matches_odj,yes,no,
32.01.06.2012,Balekambang,BALEKAMBANG,BALEKAMBANG,16830,16837,16830,different,different,match,api_matches_odj,yes,no,
32.01.06.2013,Sukajaya,SUKAJAYA,SUKAJAYA,16830,16836,16830,different,different,match,api_matches_odj,yes,no,
32.01.06.2014,Sukagalih,SUKAGALIH,SUKAGALIH,16830,16839,16830,different,different,match,api_matches_odj,yes,no,
32.01.07.2001,Pasirangin (Pasir Angin),PASIRANGIN,PASIRANGIN,16820,16828,16820,different,different,match,api_matches_odj,yes,yes,
32.01.07.2002,Mekarsari,MEKARSARI,MEKARSARI,16820,16826,16820,different,different,match,api_matches_odj,yes,no,
32.01.07.2003,Mampir,MAMPIR,MAMPIR,16820,16823,16820,different,different,match,api_matches_odj,yes,no,
32.01.07.2004,Dayeuh,DAYEUH,DAYEUH,16820,16822,16820,different,different,match,api_matches_odj,yes,no,
32.01.07.2005,Gandoang,GANDOANG,GANDOANG,16820,16824,16820,different,different,match,api_matches_odj,yes,no,
32.01.07.2006,Jatisari,JATISARI,JATISARI,16820,16825,16820,different,different,match,api_matches_odj,yes,no,
32.01.07.2007,Cileungsi Kidul,CILEUNGSI KIDUL,CILEUNGSI KIDUL,16820,16821,16820,different,different,match,api_matches_odj,yes,no,
32.01.07.2008,Cipeucang,CIPEUCANG,CIPEUCANG,16820,16825,16820,different,different,match,api_matches_odj,yes,no,
32.01.07.2009,Situsari (Setu Sari),SITUSARI,SITUSARI,16820,16824,,diskominfo_only,different,source_postal_missing,api_differs_available_sources,yes,yes,API postal code differs from every available source postal code.
32.01.07.2010,Cipenjo,CIPENJO,CIPENJO,16820,16827,16820,different,different,match,api_matches_odj,yes,no,
32.01.07.2012,Cileungsi,CILEUNGSI,CILEUNGSI,16820,16821,16820,different,different,match,api_matches_odj,yes,no,
32.01.08.2001,Karyamekar (Karya Mekar),KARYAMEKAR,KARYAMEKAR,16840,16843,16840,different,different,match,api_matches_odj,yes,yes,
32.01.08.2002,Babakanraden (Babakan Raden),BABAKANRADEN,BABAKANRADEN,16840,16848,16840,different,different,match,api_matches_odj,yes,yes,
32.01.08.2003,Cikutamahi,CIKUTAMAHI,CIKUTAMAHI,16840,16845,16840,different,different,match,api_matches_odj,yes,no,
32.01.08.2005,Cariu,CARIU,CARIU,16840,16841,16840,different,different,match,api_matches_odj,yes,no,
32.01.08.2006,Mekarwangi,MEKARWANGI,MEKARWANGI,16840,16842,16840,different,different,match,api_matches_odj,yes,no,
32.01.08.2007,Bantarkuning (Bantar Kuning),BANTARKUNING,BANTARKUNING,16840,16844,16840,different,different,match,api_matches_odj,yes,yes,
32.01.08.2008,Sukajadi,SUKAJADI,SUKAJADI,16840,16847,16840,different,different,match,api_matches_odj,yes,no,
32.01.08.2009,Tegalpanjang (Tegal Panjang),TEGALPANJANG,TEGALPANJANG,16840,16849,16840,different,different,match,api_matches_odj,yes,yes,
32.01.08.2010,Cibatutiga (Cibatu Tiga),CIBATUTIGA,CIBATUTIGA,16840,16844,16840,different,different,match,api_matches_odj,yes,yes,
32.01.09.2001,Wargajaya,WARGAJAYA,WARGAJAYA,16831,16883,16830,different,different,different,api_differs_available_sources,yes,no,API postal code differs from every available source postal code.
32.01.09.2002,Pabuaran,PABUARAN,PABUARAN,16831,16888,16830,different,different,different,api_differs_available_sources,yes,no,API postal code differs from every available source postal code.
32.01.09.2003,Sukadamai,SUKADAMAI,SUKADAMAI,16831,16886,16830,different,different,different,api_differs_available_sources,yes,no,API postal code differs from every available source postal code.
32.01.09.2004,Sukawangi,SUKAWANGI,SUKAWANGI,16831,16884,16830,different,different,different,api_differs_available_sources,yes,no,API postal code differs from every available source postal code.
32.01.09.2005,Cibadak,CIBADAK,CIBADAK,16831,16882,16830,different,different,different,api_differs_available_sources,yes,no,API postal code differs from every available source postal code.
32.01.09.2006,Sukaresmi,SUKARESMI,SUKARESMI,16831,16887,16830,different,different,different,api_differs_available_sources,yes,no,API postal code differs from every available source postal code.
32.01.09.2007,Sukamulya,SUKAMULYA,SUKAMULYA,16831,16889,16830,different,different,different,api_differs_available_sources,yes,no,API postal code differs from every available source postal code.
32.01.09.2008,Sukaharja,SUKAHARJA,SUKAHARJA,16831,16885,16830,different,different,different,api_differs_available_sources,yes,no,API postal code differs from every available source postal code.
32.01.09.2009,Sirnajaya,SIRNAJAYA,SIRNAJAYA,16831,16883,16830,different,different,different,api_differs_available_sources,yes,no,API postal code differs from every available source postal code.
32.01.09.2010,Sukamakmur,SUKAMAKMUR,SUKAMAKMUR,16831,16881,16830,different,different,different,api_differs_available_sources,yes,no,API postal code differs from every available source postal code.
32.01.10.2001,Parung,PARUNG,PARUNG,16330,16331,16330,different,different,match,api_matches_odj,yes,no,
32.01.10.2002,Iwul,IWUL,IWUL,16330,16337,16330,different,different,match,api_matches_odj,yes,no,
32.01.10.2003,Bojongsempu (Bojong Sempu),BOJONGSEMPU,BOJONGSEMPU,16330,16336,16330,different,different,match,api_matches_odj,yes,yes,
32.01.10.2004,Waru,WARU,WARU,16330,16336,16330,different,different,match,api_matches_odj,yes,no,
32.01.10.2005,Cogreg,COGREG,COGREG,16330,16334,16330,different,different,match,api_matches_odj,yes,no,
32.01.10.2006,Pamegarsari (Pamagersari),PAMEGARSARI,PAMEGARSARI,16330,16331,16339,different,different,different,api_differs_available_sources,yes,yes,API postal code differs from every available source postal code.
32.01.10.2007,Warujaya,WARUJAYA,WARUJAYA,16330,16333,16330,different,different,match,api_matches_odj,yes,no,
32.01.10.2008,Bojongindah (Bojong Indah),BOJONGINDAH,BOJONGINDAH,16330,16336,16330,different,different,match,api_matches_odj,yes,yes,
32.01.10.2009,Jabonmekar (Jabon Mekar),JABONMEKAR,JABONMEKAR,16330,16338,16330,different,different,match,api_matches_odj,yes,yes,
32.01.11.2001,Cidokom,CIDOKOM,CIDOKOM,16340,16343,16340,different,different,match,api_matches_odj,yes,no,
32.01.11.2002,Padurenan,PADURENAN,PADURENAN,16340,16348,16340,different,different,match,api_matches_odj,yes,no,
32.01.11.2003,Pengasinan,PENGASINAN,PENGASINAN,16340,16346,16340,different,different,match,api_matches_odj,yes,no,
32.01.11.2004,Curug,CURUG,CURUG,16340,16344,16340,different,different,match,api_matches_odj,yes,no,
32.01.11.2005,Gunungsindur (Gunung Sindur),GUNUNGSINDUR,GUNUNGSINDUR,16340,16341,16340,different,different,match,api_matches_odj,yes,yes,
32.01.11.2006,Jampang,JAMPANG,JAMPANG,16340,16342,16340,different,different,match,api_matches_odj,yes,no,
32.01.11.2007,Cibadung,CIBADUNG,CIBADUNG,16340,16346,16340,different,different,match,api_matches_odj,yes,no,
32.01.11.2008,Cibinong,CIBINONG,CIBINONG,16340,16346,16340,different,different,match,api_matches_odj,yes,no,
32.01.11.2009,Rawakalong,RAWAKALONG,RAWAKALONG,16340,16347,16340,different,different,match,api_matches_odj,yes,no,
32.01.11.2010,Pabuaran,PABUARAN,PABUARAN,16340,16348,16340,different,different,match,api_matches_odj,yes,no,
32.01.12.1006,Atang Senjaya,ATANG SENJAYA,ATANG SENJAYA,16310,16318,16310,different,different,match,api_matches_odj,yes,no,
32.01.12.2001,Bojong,BOJONG,BOJONG,16310,16316,16310,different,different,match,api_matches_odj,yes,no,
32.01.12.2002,Parakanjaya (Parakan Jaya),PARAKANJAYA,PARAKANJAYA,16310,16319,16310,different,different,match,api_matches_odj,yes,yes,
32.01.12.2003,Kemang,KEMANG,KEMANG,16310,16311,16310,different,different,match,api_matches_odj,yes,no,
32.01.12.2004,Pabuaran,PABUARAN,PABUARAN,16310,16312,16310,different,different,match,api_matches_odj,yes,no,
32.01.12.2005,Semplak Barat,SEMPLAK BARAT,SEMPLAK BARAT,16310,16317,16310,different,different,match,api_matches_odj,yes,no,
32.01.12.2007,Jampang,JAMPANG,JAMPANG,16310,16314,16310,different,different,match,api_matches_odj,yes,no,
32.01.12.2008,Pondok Udik,PONDOK UDIK,PONDOK UDIK,16310,16313,16310,different,different,match,api_matches_odj,yes,no,
32.01.12.2009,Tegal,TEGAL,TEGAL,16310,16315,16310,different,different,match,api_matches_odj,yes,no,
32.01.13.2009,Bojonggede (Bojong Gede),BOJONGGEDE,BOJONGGEDE,16922,16925,16922,different,different,match,api_matches_odj,yes,yes,
32.01.14.2001,Leuwiliang,LEUWILIANG,LEUWILIANG,16640,16641,16640,different,different,match,api_matches_odj,yes,no,
32.01.14.2002,Purasari,PURASARI,PURASARI,16640,16644,16640,different,different,match,api_matches_odj,yes,no,
32.01.14.2003,Karyasari,KARYASARI,KARYASARI,16640,16646,16640,different,different,match,api_matches_odj,yes,no,
32.01.14.2004,Pabangbon,PABANGBON,PABANGBON,16640,16643,16640,different,different,match,api_matches_odj,yes,no,
32.01.14.2005,Karacak,KARACAK,KARACAK,16640,16646,16640,different,different,match,api_matches_odj,yes,no,
32.01.14.2006,Barengkok,BARENGKOK,BARENGKOK,16640,16647,16640,different,different,match,api_matches_odj,yes,no,
32.01.14.2007,Leuwimekar,LEUWIMEKAR,LEUWIMEKAR,16640,16648,16640,different,different,match,api_matches_odj,yes,no,
32.01.14.2008,Puraseda,PURASEDA,PURASEDA,16640,16645,16640,different,different,match,api_matches_odj,yes,no,
32.01.14.2011,Karehkel,KAREHKEL,KAREHKEL,16640,16649,16640,different,different,match,api_matches_odj,yes,no,
32.01.15.2001,Ciampea,CIAMPEA,CIAMPEA,16620,16625,16620,different,different,match,api_matches_odj,yes,no,
32.01.15.2002,Cinangka,CINANGKA,CINANGKA,16620,16626,16620,different,different,match,api_matches_odj,yes,no,
32.01.15.2003,Cihideungudik (Cihideung Udik),CIHIDEUNGUDIK,CIHIDEUNGUDIK,16620,16627,16620,different,different,match,api_matches_odj,yes,yes,
32.01.15.2004,Bojongjengkol (Bojong Jengkol),BOJONGJENGKOL,BOJONGJENGKOL,16620,16623,16620,different,different,match,api_matches_odj,yes,yes,
32.01.15.2005,Tegalwaru (Tegal Waru),TEGALWARU,TEGALWARU,16620,16623,16620,different,different,match,api_matches_odj,yes,yes,
32.01.15.2006,Cibuntu,CIBUNTU,CIBUNTU,16620,16624,16620,different,different,match,api_matches_odj,yes,no,
32.01.15.2007,Cicadas,CICADAS,CICADAS,16620,16622,16620,different,different,match,api_matches_odj,yes,no,
32.01.15.2008,Cibadak,CIBADAK,CIBADAK,16620,16628,16620,different,different,match,api_matches_odj,yes,no,
32.01.15.2009,Bojongrangkas (Bojong Rangkas),BOJONGRANGKAS,BOJONGRANGKAS,16620,16621,16620,different,different,match,api_matches_odj,yes,yes,
32.01.15.2010,Cihideunghilir (Cihideung Ilir),CIHIDEUNGHILIR,CIHIDEUNGHILIR,16620,16627,16620,different,different,match,api_matches_odj,yes,yes,
32.01.15.2011,Cibanteng,CIBANTENG,CIBANTENG,16620,16628,16620,different,different,match,api_matches_odj,yes,no,
32.01.15.2012,Benteng,BENTENG,BENTENG,16620,16629,16620,different,different,match,api_matches_odj,yes,no,
32.01.15.2013,Ciampea Udik,CIAMPEA UDIK,CIAMPEA UDIK,16620,16625,16620,different,different,match,api_matches_odj,yes,no,
32.01.16.2001,Situ Udik,SITU UDIK,SITU UDIK,16630,16636,16630,different,different,match,api_matches_odj,yes,no,
32.01.16.2002,Situ Ilir,SITU ILIR,SITU ILIR,16630,16636,16630,different,different,match,api_matches_odj,yes,no,
32.01.16.2003,Cemplang,CEMPLANG,CEMPLANG,16630,16633,16630,different,different,match,api_matches_odj,yes,no,
32.01.16.2006,Leuweungkolot (Leuweung Kolot),LEUWEUNGKOLOT,LEUWEUNGKOLOT,16630,16638,16630,different,different,match,api_matches_odj,yes,yes,
32.01.16.2009,Dukuh,DUKUH,DUKUH,16630,16632,16630,different,different,match,api_matches_odj,yes,no,
32.01.16.2010,Cijujung,CIJUJUNG,CIJUJUNG,16630,16639,16630,different,different,match,api_matches_odj,yes,no,
32.01.16.2013,Sukamaju,SUKAMAJU,SUKAMAJU,16630,16634,16630,different,different,match,api_matches_odj,yes,no,
32.01.16.2014,Galuga,GALUGA,GALUGA,16630,16632,16630,different,different,match,api_matches_odj,yes,no,
32.01.16.2015,Girimulya,GIRIMULYA,GIRIMULYA,16630,16638,16630,different,different,match,api_matches_odj,yes,no,
32.01.17.2001,Purwabakti,PURWABAKTI,PURWABAKTI,16812,16694,16810,different,different,different,api_differs_available_sources,yes,no,API postal code differs from every available source postal code.
32.01.17.2002,Cibunian,CIBUNIAN,CIBUNIAN,16812,16693,16810,different,different,different,api_differs_available_sources,yes,no,API postal code differs from every available source postal code.
32.01.17.2003,Cibitungwetan (Cibitung Wetan),CIBITUNGWETAN,CIBITUNGWETAN,16812,16692,16810,different,different,different,api_differs_available_sources,yes,yes,API postal code differs from every available source postal code.
32.01.17.2004,Gunungmenyan (Gunung Menyan),GUNUNGMENYAN,GUNUNGMENYAN,16812,16699,16810,different,different,different,api_differs_available_sources,yes,yes,API postal code differs from every available source postal code.
32.01.17.2006,Pasarean,PASAREAN,PASAREAN,16812,16699,16810,different,different,different,api_differs_available_sources,yes,no,API postal code differs from every available source postal code.
32.01.17.2007,Cimayang,CIMAYANG,CIMAYANG,16812,16698,16810,different,different,different,api_differs_available_sources,yes,no,API postal code differs from every available source postal code.
32.01.17.2008,Pamijahan,PAMIJAHAN,PAMIJAHAN,16812,16691,16810,different,different,different,api_differs_available_sources,yes,no,API postal code differs from every available source postal code.
32.01.17.2009,Cibening,CIBENING,CIBENING,16812,16698,16810,different,different,different,api_differs_available_sources,yes,no,API postal code differs from every available source postal code.
32.01.17.2011,Cibitung Kulon,CIBITUNG KULON,CIBITUNG KULON,16812,16692,16810,different,different,different,api_differs_available_sources,yes,no,API postal code differs from every available source postal code.
32.01.17.2012,Gunung Picung,GUNUNG PICUNG,GUNUNG PICUNG,16812,16696,16810,different,different,different,api_differs_available_sources,yes,no,API postal code differs from every available source postal code.
32.01.17.2013,Ciasihan,CIASIHAN,CIASIHAN,16812,16695,16810,different,different,different,api_differs_available_sources,yes,no,API postal code differs from every available source postal code.
32.01.17.2014,Gunungsari (Gunung Sari),GUNUNGSARI,GUNUNGSARI,16812,16696,16810,different,different,different,api_differs_available_sources,yes,yes,API postal code differs from every available source postal code.
32.01.17.2015,Ciasmara,CIASMARA,CIASMARA,16812,16695,16810,different,different,different,api_differs_available_sources,yes,no,API postal code differs from every available source postal code.
32.01.18.2001,Rumpin,RUMPIN,RUMPIN,16350,16351,16350,different,different,match,api_matches_odj,yes,no,
32.01.18.2002,Leuwibatu,LEUWIBATU,LEUWIBATU,16350,16357,16350,different,different,match,api_matches_odj,yes,no,
32.01.18.2003,Cidokom,CIDOKOM,CIDOKOM,16350,16358,16350,different,different,match,api_matches_odj,yes,no,
32.01.18.2004,Gobang,GOBANG,GOBANG,16350,16358,16350,different,different,match,api_matches_odj,yes,no,
32.01.18.2005,Cibodas,CIBODAS,CIBODAS,16350,16359,16350,different,different,match,api_matches_odj,yes,no,
32.01.18.2006,Rabak,RABAK,RABAK,16350,16356,16350,different,different,match,api_matches_odj,yes,no,
32.01.18.2007,Kampungsawah (Kampung Sawah),KAMPUNGSAWAH,KAMPUNGSAWAH,16350,16355,16350,different,different,match,api_matches_odj,yes,yes,
32.01.18.2008,Cipinang,CIPINANG,CIPINANG,16350,16355,16350,different,different,match,api_matches_odj,yes,no,
32.01.18.2009,Sukasari,SUKASARI,SUKASARI,16350,16352,16350,different,different,match,api_matches_odj,yes,no,
32.01.18.2012,Sukamulya,SUKAMULYA,SUKAMULYA,16350,16353,16350,different,different,match,api_matches_odj,yes,no,
32.01.18.2014,Mekarjaya,MEKARJAYA,MEKARJAYA,16350,16668,16350,different,different,match,api_matches_odj,yes,no,
32.01.19.2001,Curug,CURUG,CURUG,16670,16673,16670,different,different,match,api_matches_odj,yes,no,
32.01.19.2002,Pangradin,PANGRADIN,PANGRADIN,16670,16675,16670,different,different,match,api_matches_odj,yes,no,
32.01.19.2003,Kalongsawah,KALONGSAWAH,KALONGSAWAH,16670,16676,16670,different,different,match,api_matches_odj,yes,no,
32.01.19.2004,Sipak,SIPAK,SIPAK,16670,16677,16670,different,different,match,api_matches_odj,yes,no,
32.01.19.2005,Jasinga,JASINGA,JASINGA,16670,16676,16670,different,different,match,api_matches_odj,yes,no,
32.01.19.2006,Koleang,KOLEANG,KOLEANG,16670,16672,16670,different,different,match,api_matches_odj,yes,no,
32.01.19.2007,Cikopomayak,CIKOPOMAYAK,CIKOPOMAYAK,16670,16679,16670,different,different,match,api_matches_odj,yes,no,
32.01.19.2008,Setu,SETU,SETU,16670,16671,16670,different,different,match,api_matches_odj,yes,no,
32.01.19.2009,Barengkok,BARENGKOK,BARENGKOK,16670,16677,16670,different,different,match,api_matches_odj,yes,no,
32.01.19.2010,Bagoang,BAGOANG,BAGOANG,16670,16678,16670,different,different,match,api_matches_odj,yes,no,
32.01.19.2011,Pangaur,PANGAUR,PANGAUR,16670,16678,16670,different,different,match,api_matches_odj,yes,no,
32.01.19.2012,Pamagersari,PAMAGERSARI,PAMAGERSARI,16670,16676,16670,different,different,match,api_matches_odj,yes,no,
32.01.19.2013,Jugala Jaya,JUGALA JAYA,JUGALA JAYA,16670,16675,16674,different,different,different,api_differs_available_sources,yes,no,API postal code differs from every available source postal code.
32.01.19.2015,Neglasari,NEGLASARI,NEGLASARI,16670,16677,16670,different,different,match,api_matches_odj,yes,no,
32.01.20.2001,Jagabaya,JAGABAYA,JAGABAYA,16360,16365,16360,different,different,match,api_matches_odj,yes,no,
32.01.20.2002,Gorowong,GOROWONG,GOROWONG,16360,16366,16360,different,different,match,api_matches_odj,yes,no,
32.01.20.2003,Dago,DAGO,DAGO,16360,16367,16360,different,different,match,api_matches_odj,yes,no,
32.01.20.2004,Pingku,PINGKU,PINGKU,16360,16368,16360,different,different,match,api_matches_odj,yes,no,
32.01.20.2005,Cikuda,CIKUDA,CIKUDA,16360,16369,16360,different,different,match,api_matches_odj,yes,no,
32.01.20.2007,Lumpang,LUMPANG,LUMPANG,16360,16363,16360,different,different,match,api_matches_odj,yes,no,
32.01.20.2008,Cibunar,CIBUNAR,CIBUNAR,16360,16362,16360,different,different,match,api_matches_odj,yes,no,
32.01.20.2009,Jagabita,JAGABITA,JAGABITA,16360,16362,16360,different,different,match,api_matches_odj,yes,no,
32.01.20.2010,Gintungcilejet (Gintung Cilejet),GINTUNGCILEJET,GINTUNGCILEJET,16360,16364,16360,different,different,match,api_matches_odj,yes,yes,
32.01.20.2011,Kabasiran,KABASIRAN,KABASIRAN,16360,16369,16360,different,different,match,api_matches_odj,yes,no,
32.01.21.2001,Malasari,MALASARI,MALASARI,16650,16653,16650,different,different,match,api_matches_odj,yes,no,
32.01.21.2002,Curugbitung (Curug Bitung),CURUGBITUNG,CURUGBITUNG,16650,16655,16650,different,different,match,api_matches_odj,yes,yes,
32.01.21.2003,Cisarua,CISARUA,CISARUA,16650,16652,16650,different,different,match,api_matches_odj,yes,no,
32.01.21.2004,Bantarkaret (Bantar Karet),BANTARKARET,BANTARKARET,16650,16654,16650,different,different,match,api_matches_odj,yes,yes,
32.01.21.2005,Hambaro,HAMBARO,HAMBARO,16650,16656,16650,different,different,match,api_matches_odj,yes,no,
32.01.21.2006,Kalongliud (Kalong Liud),KALONGLIUD,KALONGLIUD,16650,16656,16650,different,different,match,api_matches_odj,yes,yes,
32.01.21.2007,Nanggung,NANGGUNG,NANGGUNG,16650,16651,16650,different,different,match,api_matches_odj,yes,no,
32.01.21.2008,Parakanmuncang (Parakan Muncang),PARAKANMUNCANG,PARAKANMUNCANG,16650,16657,16650,different,different,match,api_matches_odj,yes,yes,
32.01.21.2009,Pangkaljaya (Pangkal Jaya),PANGKALJAYA,PANGKALJAYA,16650,16659,16650,different,different,match,api_matches_odj,yes,yes,
32.01.21.2010,Sukaluyu,SUKALUYU,SUKALUYU,16650,16658,16650,different,different,match,api_matches_odj,yes,no,
32.01.21.2011,Batu Tulis,BATU TULIS,BATU TULIS,16650,16134,16657,different,different,different,api_differs_available_sources,yes,no,API postal code differs from every available source postal code.
32.01.22.2001,Sukamaju,SUKAMAJU,SUKAMAJU,16660,16662,16660,different,different,match,api_matches_odj,yes,no,
32.01.22.2002,Cigudeg,CIGUDEG,CIGUDEG,16660,16661,16660,different,different,match,api_matches_odj,yes,no,
32.01.22.2003,Bunar,BUNAR,BUNAR,16660,16669,16660,different,different,match,api_matches_odj,yes,no,
32.01.22.2005,Cintamanik,CINTAMANIK,CINTAMANIK,16660,16665,16660,different,different,match,api_matches_odj,yes,no,
32.01.22.2006,Argapura,ARGAPURA,ARGAPURA,16660,16668,16660,different,different,match,api_matches_odj,yes,no,
32.01.22.2007,Bangunjaya,BANGUNJAYA,BANGUNJAYA,16660,16668,16660,different,different,match,api_matches_odj,yes,no,
32.01.22.2008,Rengasjajar,RENGASJAJAR,RENGASJAJAR,16660,16667,16660,different,different,match,api_matches_odj,yes,no,
32.01.22.2010,Wargajaya,WARGAJAYA,WARGAJAYA,16660,16665,16660,different,different,match,api_matches_odj,yes,no,
32.01.22.2011,Sukaraksa,SUKARAKSA,SUKARAKSA,16660,16663,16660,different,different,match,api_matches_odj,yes,no,
32.01.22.2014,Mekarjaya,MEKARJAYA,MEKARJAYA,16660,16668,16660,different,different,match,api_matches_odj,yes,no,
32.01.22.2015,Tegallega,TEGALLEGA,TEGALLEGA,16660,16666,16660,different,different,match,api_matches_odj,yes,no,
32.01.23.2001,Tapos,TAPOS,TAPOS,16370,16375,16370,different,different,match,api_matches_odj,yes,no,
32.01.23.2002,Ciomas,CIOMAS,CIOMAS,16370,16376,16370,different,different,match,api_matches_odj,yes,no,
32.01.23.2003,Batok,BATOK,BATOK,16370,16377,16370,different,different,match,api_matches_odj,yes,no,
32.01.23.2004,Babakan,BABAKAN,BABAKAN,16370,16374,16370,different,different,match,api_matches_odj,yes,no,
32.01.23.2005,Tenjo,TENJO,TENJO,16370,16371,16370,different,different,match,api_matches_odj,yes,no,
32.01.23.2006,Cilaku,CILAKU,CILAKU,16370,16378,16370,different,different,match,api_matches_odj,yes,no,
32.01.23.2007,Singabraja,SINGABRAJA,SINGABRAJA,16370,16372,16370,different,different,match,api_matches_odj,yes,no,
32.01.23.2008,Singabangsa,SINGABANGSA,SINGABANGSA,16370,16379,16370,different,different,match,api_matches_odj,yes,no,
32.01.23.2009,Bojong,BOJONG,BOJONG,16370,16373,16370,different,different,match,api_matches_odj,yes,no,
32.01.24.2001,Cileungsi,CILEUNGSI,CILEUNGSI,16720,16725,16720,different,different,match,api_matches_odj,yes,no,
32.01.24.2002,Citapen,CITAPEN,CITAPEN,16720,16725,16720,different,different,match,api_matches_odj,yes,no,
32.01.24.2003,Cibedug,CIBEDUG,CIBEDUG,16720,16726,16720,different,different,match,api_matches_odj,yes,no,
32.01.24.2004,Jambuluwuk (Jambu Luwuk),JAMBULUWUK,JAMBULUWUK,16720,16726,16720,different,different,match,api_matches_odj,yes,yes,
32.01.24.2006,Teluk Pinang,TELUK PINANG,TELUK PINANG,16720,16722,16720,different,different,match,api_matches_odj,yes,no,
32.01.24.2007,Banjar Waru,BANJAR WARU,BANJAR WARU,16720,16723,16720,different,different,match,api_matches_odj,yes,no,
32.01.24.2008,Bendungan,BENDUNGAN,BENDUNGAN,16720,16727,16720,different,different,match,api_matches_odj,yes,no,
32.01.24.2009,Pandan Sari (Pandansari),PANDAN SARI,PANDAN SARI,16720,16728,16720,different,different,match,api_matches_odj,yes,yes,
32.01.24.2010,Bojong Murni,BOJONG MURNI,BOJONG MURNI,16720,16729,16720,different,different,match,api_matches_odj,yes,no,
32.01.24.2011,Banjar Wangi,BANJAR WANGI,BANJAR WANGI,16720,16723,16720,different,different,match,api_matches_odj,yes,no,
32.01.24.2012,Ciawi,CIAWI,CIAWI,16720,16721,46156,different,different,different,api_differs_available_sources,yes,no,API postal code differs from every available source postal code.
32.01.24.2013,Bitungsari (Bitung Sari),BITUNGSARI,BITUNGSARI,16720,16724,16720,different,different,match,api_matches_odj,yes,yes,
32.01.25.1010,Cisarua,CISARUA,CISARUA,16750,16759,45355,different,different,different,api_differs_available_sources,yes,no,API postal code differs from every available source postal code.
32.01.25.2001,Batulayang (Batu Layang),BATULAYANG,BATULAYANG,16750,16755,16750,different,different,match,api_matches_odj,yes,yes,
32.01.25.2002,Jogjogan,JOGJOGAN,JOGJOGAN,16750,16756,16750,different,different,match,api_matches_odj,yes,no,
32.01.25.2003,Cibeureum,CIBEUREUM,CIBEUREUM,16750,16753,16750,different,different,match,api_matches_odj,yes,no,
32.01.25.2004,Cilember,CILEMBER,CILEMBER,16750,16756,16750,different,different,match,api_matches_odj,yes,no,
32.01.25.2005,Citeko,CITEKO,CITEKO,16750,16752,16750,different,different,match,api_matches_odj,yes,no,
32.01.25.2006,Tugu Selatan,TUGU SELATAN,TUGU SELATAN,16750,16754,16750,different,different,match,api_matches_odj,yes,no,
32.01.25.2007,Leuwimalang,LEUWIMALANG,LEUWIMALANG,16750,16751,16750,different,different,match,api_matches_odj,yes,no,
32.01.25.2008,Kopo,KOPO,KOPO,16750,16758,16750,different,different,match,api_matches_odj,yes,no,
32.01.25.2009,Tugu Utara,TUGU UTARA,TUGU UTARA,16750,16754,16750,different,different,match,api_matches_odj,yes,no,
32.01.26.2001,Sukamaju,SUKAMAJU,SUKAMAJU,16770,16775,16770,different,different,match,api_matches_odj,yes,no,
32.01.26.2002,Kuta,KUTA,KUTA,16770,16779,16770,different,different,match,api_matches_odj,yes,no,
32.01.26.2003,Gadog,GADOG,GADOG,16770,16773,16770,different,different,match,api_matches_odj,yes,no,
32.01.26.2004,Sukakarya,SUKAKARYA,SUKAKARYA,16770,16774,16770,different,different,match,api_matches_odj,yes,no,
32.01.26.2005,Megamendung,MEGAMENDUNG,MEGAMENDUNG,16770,16771,16770,different,different,match,api_matches_odj,yes,no,
32.01.26.2007,Sukamanah,SUKAMANAH,SUKAMANAH,16770,16777,16770,different,different,match,api_matches_odj,yes,no,
32.01.26.2008,Sukagalih,SUKAGALIH,SUKAGALIH,16770,16776,16770,different,different,match,api_matches_odj,yes,no,
32.01.26.2009,Cipayung Girang,CIPAYUNG GIRANG,CIPAYUNG GIRANG,16770,16772,16770,different,different,match,api_matches_odj,yes,no,
32.01.26.2010,Sukamahi,SUKAMAHI,SUKAMAHI,16770,16775,16770,different,different,match,api_matches_odj,yes,no,
32.01.26.2011,Sukaresmi,SUKARESMI,SUKARESMI,16770,16778,16770,different,different,match,api_matches_odj,yes,no,
32.01.26.2012,Pasir Angin,PASIR ANGIN,PASIR ANGIN,16770,16772,16770,different,different,match,api_matches_odj,yes,no,
32.01.27.2001,Pasir Muncang,PASIR MUNCANG,PASIR MUNCANG,16730,16733,16730,different,different,match,api_matches_odj,yes,no,
32.01.27.2002,Cimande Hilir,CIMANDE HILIR,CIMANDE HILIR,16730,16731,16730,different,different,match,api_matches_odj,yes,no,
32.01.27.2003,Ciderum,CIDERUM,CIDERUM,16730,16737,16730,different,different,match,api_matches_odj,yes,no,
32.01.27.2004,Caringin,CARINGIN,CARINGIN,16730,16732,44166,different,different,different,api_differs_available_sources,yes,no,API postal code differs from every available source postal code.
32.01.27.2005,Ciherang Pondok,CIHERANG PONDOK,CIHERANG PONDOK,16730,16738,16730,different,different,match,api_matches_odj,yes,no,
32.01.27.2006,Cinagara,CINAGARA,CINAGARA,16730,16734,16730,different,different,match,api_matches_odj,yes,no,
32.01.27.2007,Cimande,CIMANDE,CIMANDE,16730,16736,16730,different,different,match,api_matches_odj,yes,no,
32.01.27.2008,Pancawati,PANCAWATI,PANCAWATI,16730,16736,16730,different,different,match,api_matches_odj,yes,no,
32.01.27.2010,Basir Buncir (Pasir Buncir),BASIR BUNCIR,BASIR BUNCIR,16730,16735,16730,different,different,match,api_matches_odj,yes,yes,
32.01.27.2011,Lemah Duhur,LEMAH DUHUR,LEMAH DUHUR,16730,16737,16730,different,different,match,api_matches_odj,yes,no,
32.01.27.2012,Tangkil,TANGKIL,TANGKIL,16730,16737,16730,different,different,match,api_matches_odj,yes,no,
32.01.28.2001,Cijeruk,CIJERUK,CIJERUK,16740,16782,16740,different,different,match,api_matches_odj,yes,no,
32.01.28.2002,Cipelang,CIPELANG,CIPELANG,16740,16781,16740,different,different,match,api_matches_odj,yes,no,
32.01.28.2003,Warung Menteng,WARUNG MENTENG,WARUNG MENTENG,16740,16783,16740,different,different,match,api_matches_odj,yes,no,
32.01.28.2004,Tajur Halang,TAJUR HALANG,TAJUR HALANG,16740,16788,16740,different,different,match,api_matches_odj,yes,no,
32.01.28.2005,Cipicung,CIPICUNG,CIPICUNG,16740,16785,16740,different,different,match,api_matches_odj,yes,no,
32.01.28.2006,Cibalung,CIBALUNG,CIBALUNG,16740,16784,16740,different,different,match,api_matches_odj,yes,no,
32.01.28.2007,Sukaharja,SUKAHARJA,SUKAHARJA,16740,16787,16740,different,different,match,api_matches_odj,yes,no,
32.01.28.2008,Palasari,PALASARI,PALASARI,16740,16786,16740,different,different,match,api_matches_odj,yes,no,
32.01.28.2009,Tanjungsari (Tanjung Sari),TANJUNGSARI,TANJUNGSARI,16740,16789,16740,different,different,match,api_matches_odj,yes,yes,
32.01.29.1003,Padasuka,PADASUKA,PADASUKA,16610,16611,16610,different,different,match,api_matches_odj,yes,no,
32.01.29.2001,Mekarjaya,MEKARJAYA,MEKARJAYA,16610,16619,16610,different,different,match,api_matches_odj,yes,no,
32.01.29.2002,Sukaharja,SUKAHARJA,SUKAHARJA,16610,16615,16610,different,different,match,api_matches_odj,yes,no,
32.01.29.2004,Parakan,PARAKAN,PARAKAN,16610,16616,16610,different,different,match,api_matches_odj,yes,no,
32.01.29.2005,Ciomas,CIOMAS,CIOMAS,16610,16612,16610,different,different,match,api_matches_odj,yes,no,
32.01.29.2006,Pagelaran,PAGELARAN,PAGELARAN,16610,16617,16610,different,different,match,api_matches_odj,yes,no,
32.01.29.2007,Sukamakmur,SUKAMAKMUR,SUKAMAKMUR,16610,16615,16610,different,different,match,api_matches_odj,yes,no,
32.01.29.2008,Ciapus,CIAPUS,CIAPUS,16610,40377,16610,different,different,match,api_matches_odj,yes,no,
32.01.29.2009,Kota Batu,KOTA BATU,KOTA BATU,16610,16618,16610,different,different,match,api_matches_odj,yes,no,
32.01.29.2010,Laladon,LALADON,LALADON,16610,16613,16610,different,different,match,api_matches_odj,yes,no,
32.01.29.2011,Ciomas Rahayu,CIOMAS RAHAYU,CIOMAS RAHAYU,16610,16612,16610,different,different,match,api_matches_odj,yes,no,
32.01.30.2001,Sukadamai,SUKADAMAI,SUKADAMAI,16680,16685,16680,different,different,match,api_matches_odj,yes,no,
32.01.30.2002,Ciherang,CIHERANG,CIHERANG,16680,16687,16680,different,different,match,api_matches_odj,yes,no,
32.01.30.2004,Sukawening,SUKAWENING,SUKAWENING,16680,16686,16680,different,different,match,api_matches_odj,yes,no,
32.01.30.2005,Petir,PETIR,PETIR,16680,16683,16680,different,different,match,api_matches_odj,yes,no,
32.01.30.2006,Purwasari,PURWASARI,PURWASARI,16680,16684,16680,different,different,match,api_matches_odj,yes,no,
32.01.30.2007,Cikarawang,CIKARAWANG,CIKARAWANG,16680,16688,16680,different,different,match,api_matches_odj,yes,no,
32.01.30.2008,Babakan,BABAKAN,BABAKAN,16680,16689,16680,different,different,match,api_matches_odj,yes,no,
32.01.30.2009,Dramaga,DRAMAGA,DRAMAGA,16680,16681,16680,different,different,match,api_matches_odj,yes,no,
32.01.30.2010,Neglasari,NEGLASARI,NEGLASARI,16680,16682,16680,different,different,match,api_matches_odj,yes,no,
32.01.31.2001,Sukamantri,SUKAMANTRI,SUKAMANTRI,16611,16265,16610,different,different,different,api_differs_available_sources,yes,no,API postal code differs from every available source postal code.
32.01.31.2005,Sukaluyu,SUKALUYU,SUKALUYU,16611,16262,16610,different,different,different,api_differs_available_sources,yes,no,API postal code differs from every available source postal code.
32.01.31.2006,Sukaresmi,SUKARESMI,SUKARESMI,16611,16268,16610,different,different,different,api_differs_available_sources,yes,no,API postal code differs from every available source postal code.
32.01.31.2007,Sukajaya,SUKAJAYA,SUKAJAYA,16611,16264,16610,different,different,different,api_differs_available_sources,yes,no,API postal code differs from every available source postal code.
32.01.31.2008,Sukajadi,SUKAJADI,SUKAJADI,16611,16263,16610,different,different,different,api_differs_available_sources,yes,no,API postal code differs from every available source postal code.
32.01.32.2002,Bojong,BOJONG,BOJONG,16710,16877,16878,different,different,different,api_differs_available_sources,yes,no,API postal code differs from every available source postal code.
32.01.33.2001,Putat Nutug,PUTAT NUTUG,PUTAT NUTUG,16120,16384,16120,different,different,match,api_matches_odj,yes,no,
32.01.33.2002,Ciseeng,CISEENG,CISEENG,16120,16387,16120,different,different,match,api_matches_odj,yes,no,
32.01.33.2003,Parigi Mekar,PARIGI MEKAR,PARIGI MEKAR,16120,16388,16120,different,different,match,api_matches_odj,yes,no,
32.01.33.2004,Cibentang,CIBENTANG,CIBENTANG,16120,16387,16120,different,different,match,api_matches_odj,yes,no,
32.01.33.2005,Cibeuteung Udik,CIBEUTEUNG UDIK,CIBEUTEUNG UDIK,16120,16383,16120,different,different,match,api_matches_odj,yes,no,
32.01.33.2006,Karihkil,KARIHKIL,KARIHKIL,16120,16385,16120,different,different,match,api_matches_odj,yes,no,
32.01.33.2007,Babakan,BABAKAN,BABAKAN,16120,16386,16120,different,different,match,api_matches_odj,yes,no,
32.01.33.2009,Cibeuteung Muara,CIBEUTEUNG MUARA,CIBEUTEUNG MUARA,16120,16383,16120,different,different,match,api_matches_odj,yes,no,
32.01.33.2010,Kuripan,KURIPAN,KURIPAN,16120,16382,16120,different,different,match,api_matches_odj,yes,no,
32.01.35.2001,Cisarua,CISARUA,CISARUA,16661,16293,16660,different,different,different,api_differs_available_sources,yes,no,API postal code differs from every available source postal code.
32.01.35.2002,Kiarasari,KIARASARI,KIARASARI,16661,16294,16660,different,different,different,api_differs_available_sources,yes,no,API postal code differs from every available source postal code.
32.01.35.2003,Sukajaya,SUKAJAYA,SUKAJAYA,16661,16291,16660,different,different,different,api_differs_available_sources,yes,no,API postal code differs from every available source postal code.
32.01.35.2005,Cileuksa,CILEUKSA,CILEUKSA,16661,16292,16660,different,different,different,api_differs_available_sources,yes,no,API postal code differs from every available source postal code.
32.01.35.2007,Harkatjaya,HARKATJAYA,HARKATJAYA,16661,16296,16660,different,different,different,api_differs_available_sources,yes,no,API postal code differs from every available source postal code.
32.01.35.2008,Sukamulih,SUKAMULIH,SUKAMULIH,16661,16299,16660,different,different,different,api_differs_available_sources,yes,no,API postal code differs from every available source postal code.
32.01.35.2009,Pasir Madang,PASIR MADANG,PASIR MADANG,16661,16298,16660,different,different,different,api_differs_available_sources,yes,no,API postal code differs from every available source postal code.
32.01.35.2010,Urug,URUG,URUG,16661,16141,16660,different,different,different,api_differs_available_sources,yes,no,API postal code differs from every available source postal code.
32.01.35.2011,Jayaraharja,JAYARAHARJA,JAYARAHARJA,16661,16836,16660,different,different,different,api_differs_available_sources,yes,no,API postal code differs from every available source postal code.
32.01.36.2002,Selawangi,SELAWANGI,SELAWANGI,16841,16858,16840,different,different,different,api_differs_available_sources,yes,no,API postal code differs from every available source postal code.
32.01.36.2004,Antajaya,ANTAJAYA,ANTAJAYA,16841,16854,16840,different,different,different,api_differs_available_sources,yes,no,API postal code differs from every available source postal code.
32.01.36.2005,Pasir Tanjung,PASIR TANJUNG,PASIR TANJUNG,16841,16855,16840,different,different,different,api_differs_available_sources,yes,no,API postal code differs from every available source postal code.
32.01.36.2006,Cibadak,CIBADAK,CIBADAK,16841,16857,16840,different,different,different,api_differs_available_sources,yes,no,API postal code differs from every available source postal code.
32.01.36.2007,Sukarasa,SUKARASA,SUKARASA,16841,16859,16840,different,different,different,api_differs_available_sources,yes,no,API postal code differs from every available source postal code.
32.01.36.2008,Sirnasari,SIRNASARI,SIRNASARI,16841,16852,16266,different,different,different,api_differs_available_sources,yes,no,API postal code differs from every available source postal code.
32.01.36.2009,Buanajaya,BUANAJAYA,BUANAJAYA,16841,16853,16840,different,different,different,api_differs_available_sources,yes,no,API postal code differs from every available source postal code.
32.01.36.2010,Sirnarasa,SIRNARASA,SIRNARASA,16841,16852,16266,different,different,different,api_differs_available_sources,yes,no,API postal code differs from every available source postal code.
32.01.38.2001,Cigombong,CIGOMBONG,CIGOMBONG,16110,16741,16110,different,different,match,api_matches_odj,yes,no,
32.01.38.2002,Watesjaya,WATESJAYA,WATESJAYA,16110,16742,16110,different,different,match,api_matches_odj,yes,no,
32.01.38.2003,Ciburuy,CIBURUY,CIBURUY,16110,16745,16110,different,different,match,api_matches_odj,yes,no,
32.01.38.2004,Srogol,SROGOL,SROGOL,16110,16743,16110,different,different,match,api_matches_odj,yes,no,
32.01.38.2005,Cisalada,CISALADA,CISALADA,16110,16748,16110,different,different,match,api_matches_odj,yes,no,
32.01.38.2008,Ciburayut,CIBURAYUT,CIBURAYUT,16110,16746,16110,different,different,match,api_matches_odj,yes,no,
32.01.38.2009,Ciadeg,CIADEG,CIADEG,16110,16741,16110,different,different,match,api_matches_odj,yes,no,
32.01.39.2001,Leuwisadeng,LEUWISADENG,LEUWISADENG,16641,16281,16640,different,different,different,api_differs_available_sources,yes,no,API postal code differs from every available source postal code.
32.01.39.2002,Babakan Sadeng,BABAKAN SADENG,BABAKAN SADENG,16641,16283,16640,different,different,different,api_differs_available_sources,yes,no,API postal code differs from every available source postal code.
32.01.39.2003,Sadeng Kolot (Sadengkolot),SADENG KOLOT,SADENG KOLOT,16641,16282,16640,different,different,different,api_differs_available_sources,yes,yes,API postal code differs from every available source postal code.
32.01.39.2004,Wangunjaya (Wangun Jaya),WANGUNJAYA,WANGUNJAYA,16641,16288,16640,different,different,different,api_differs_available_sources,yes,yes,API postal code differs from every available source postal code.
32.01.39.2007,Sadeng,SADENG,SADENG,16641,16285,16640,different,different,different,api_differs_available_sources,yes,no,API postal code differs from every available source postal code.
32.01.39.2008,Sibanteng,SIBANTENG,SIBANTENG,16641,16284,16640,different,different,different,api_differs_available_sources,yes,no,API postal code differs from every available source postal code.
32.01.40.2001,Tapos I,TAPOS I,TAPOS I,16371,40395,16271,different,different,different,api_differs_available_sources,yes,no,API postal code differs from every available source postal code.
32.01.40.2002,Tapos II,TAPOS II,TAPOS II,16371,40395,16271,different,different,different,api_differs_available_sources,yes,no,API postal code differs from every available source postal code.
32.01.40.2003,Cibitung Tengah,CIBITUNG TENGAH,CIBITUNG TENGAH,16371,16276,16370,different,different,different,api_differs_available_sources,yes,no,API postal code differs from every available source postal code.
32.01.40.2004,Situdaun,SITUDAUN,SITUDAUN,16371,16274,16370,different,different,different,api_differs_available_sources,yes,no,API postal code differs from every available source postal code.
32.01.40.2005,Cinangneng,CINANGNENG,CINANGNENG,16371,16275,16370,different,different,different,api_differs_available_sources,yes,no,API postal code differs from every available source postal code.
32.01.40.2006,Gunung Malang (Gunungmalang),GUNUNG MALANG,GUNUNG MALANG,16371,16273,16370,different,different,different,api_differs_available_sources,yes,yes,API postal code differs from every available source postal code.
32.02.01.1001,Palabuhanratu (Pelabuhanratu),PALABUHANRATU,PALABUHANRATU,43364,43341,43311,different,different,different,api_differs_available_sources,yes,yes,API postal code differs from every available source postal code.
32.02.01.2005,Cibodas,CIBODAS,CIBODAS,43364,43372,43315,different,different,different,api_differs_available_sources,yes,no,API postal code differs from every available source postal code.
32.02.01.2007,Cikadu,CIKADU,CIKADU,43364,43341,43316,different,different,different,api_differs_available_sources,yes,no,API postal code differs from every available source postal code.
32.02.01.2009,Cimanggu,CIMANGGU,CIMANGGU,43364,43347,43314,different,different,different,api_differs_available_sources,yes,no,API postal code differs from every available source postal code.
32.02.01.2010,Jayanti,JAYANTI,JAYANTI,43364,43341,43312,different,different,different,api_differs_available_sources,yes,no,API postal code differs from every available source postal code.
32.02.03.2004,Sukamaju,SUKAMAJU,SUKAMAJU,43365,43391,43365,different,different,match,api_matches_odj,yes,no,
32.02.07.2001,Lengkong,LENGKONG,LENGKONG,43174,43374,43174,different,different,match,api_matches_odj,yes,no,
32.02.07.2002,Cilangkap,CILANGKAP,CILANGKAP,43174,43374,43174,different,different,match,api_matches_odj,yes,no,
32.02.07.2003,Tegallega,TEGALLEGA,TEGALLEGA,43174,43374,43174,different,different,match,api_matches_odj,yes,no,
32.02.07.2004,Neglasari,NEGLASARI,NEGLASARI,43174,43374,43174,different,different,match,api_matches_odj,yes,no,
32.02.07.2005,Langkapjaya,LANGKAPJAYA,LANGKAPJAYA,43174,43374,43174,different,different,match,api_matches_odj,yes,no,
32.02.08.2001,Jampangtengah (Jampang Tengah),JAMPANGTENGAH,JAMPANGTENGAH,43171,43371,43171,different,different,match,api_matches_odj,yes,yes,
32.02.08.2002,Padabeunghar,PADABEUNGHAR,PADABEUNGHAR,43171,43371,43171,different,different,match,api_matches_odj,yes,no,
32.02.08.2003,Bantarpanjang,BANTARPANJANG,BANTARPANJANG,43171,43371,43171,different,different,match,api_matches_odj,yes,no,
32.02.08.2004,Bojongjengkol (Bojong Jengkol),BOJONGJENGKOL,BOJONGJENGKOL,43171,43371,43171,different,different,match,api_matches_odj,yes,yes,
32.02.08.2005,Nangerang,NANGERANG,NANGERANG,43171,43371,43171,different,different,match,api_matches_odj,yes,no,
32.02.08.2006,Tanjungsari,TANJUNGSARI,TANJUNGSARI,43171,43371,43171,different,different,match,api_matches_odj,yes,no,
32.02.08.2007,Sindangresmi,SINDANGRESMI,SINDANGRESMI,43171,43371,43171,different,different,match,api_matches_odj,yes,no,
32.02.08.2008,Panumbangan,PANUMBANGAN,PANUMBANGAN,43171,43371,43171,different,different,match,api_matches_odj,yes,no,
32.02.08.2009,Cijulang,CIJULANG,CIJULANG,43171,43371,43171,different,different,match,api_matches_odj,yes,no,
32.02.08.2010,Bantaragung (Bantar Agung),BANTARAGUNG,BANTARAGUNG,43171,43371,43171,different,different,match,api_matches_odj,yes,yes,
32.02.08.2011,Bojongtipar,BOJONGTIPAR,BOJONGTIPAR,43171,43371,43171,different,different,match,api_matches_odj,yes,no,
32.02.10.2001,Cikembar,CIKEMBAR,CIKEMBAR,43157,43347,43157,different,different,match,api_matches_odj,yes,no,
32.02.10.2002,Parakanlima,PARAKANLIMA,PARAKANLIMA,43157,43347,43157,different,different,match,api_matches_odj,yes,no,
32.02.10.2003,Bojong,BOJONG,BOJONG,43157,43347,43157,different,different,match,api_matches_odj,yes,no,
32.02.10.2004,Cimanggu,CIMANGGU,CIMANGGU,43157,43347,43157,different,different,match,api_matches_odj,yes,no,
32.02.10.2005,Bojongkembar,BOJONGKEMBAR,BOJONGKEMBAR,43157,43347,43157,different,different,match,api_matches_odj,yes,no,
32.02.10.2006,Sukamaju,SUKAMAJU,SUKAMAJU,43157,43347,43157,different,different,match,api_matches_odj,yes,no,
32.02.10.2007,Cibatu,CIBATU,CIBATU,43157,43347,43157,different,different,match,api_matches_odj,yes,no,
32.02.10.2008,Kertaraharja,KERTARAHARJA,KERTARAHARJA,43157,43347,43157,different,different,match,api_matches_odj,yes,no,
32.02.10.2009,Sukamulya,SUKAMULYA,SUKAMULYA,43157,43347,43157,different,different,match,api_matches_odj,yes,no,
32.02.10.2010,Bojongraharja,BOJONGRAHARJA,BOJONGRAHARJA,43157,43347,43157,different,different,match,api_matches_odj,yes,no,
32.02.11.1001,Cibadak,CIBADAK,CIBADAK,43351,43351,42357,different,match,different,api_matches_diskominfo,yes,no,
32.02.11.2005,Neglasari,NEGLASARI,NEGLASARI,43351,43376,43351,different,different,match,api_matches_odj,yes,no,
32.02.11.2007,Tenjojaya,TENJOJAYA,TENJOJAYA,43351,43373,43351,different,different,match,api_matches_odj,yes,no,
32.02.12.2001,Kalaparea,KALAPAREA,KALAPAREA,43352,43342,43356,different,different,different,api_differs_available_sources,yes,no,API postal code differs from every available source postal code.
32.02.12.2002,Pawenang,PAWENANG,PAWENANG,43352,43342,43356,different,different,different,api_differs_available_sources,yes,no,API postal code differs from every available source postal code.
32.02.12.2010,Babakan Panjang,BABAKAN PANJANG,BABAKAN PANJANG,43352,43163,43356,different,different,different,api_differs_available_sources,yes,no,API postal code differs from every available source postal code.
32.02.12.2011,Darmareja,DARMAREJA,DARMAREJA,43352,43342,43356,different,different,different,api_differs_available_sources,yes,no,API postal code differs from every available source postal code.
32.02.12.2012,Cihanyawar,CIHANYAWAR,CIHANYAWAR,43352,43342,43356,different,different,different,api_differs_available_sources,yes,no,API postal code differs from every available source postal code.
32.02.12.2014,Girijaya,GIRIJAYA,GIRIJAYA,43352,43342,43356,different,different,different,api_differs_available_sources,yes,no,API postal code differs from every available source postal code.
32.02.14.2004,Cipanengah,CIPANENGAH,CIPANENGAH,43353,43378,43353,different,different,match,api_matches_odj,yes,no,
32.02.16.2006,Cisaat,CISAAT,CISAAT,43359,43342,43359,different,different,match,api_matches_odj,yes,no,
32.02.16.2008,Caringin,CARINGIN,CARINGIN,43359,43397,43359,different,different,match,api_matches_odj,yes,no,
32.02.16.2011,Mekarsari,MEKARSARI,MEKARSARI,43359,43396,43359,different,different,match,api_matches_odj,yes,no,
32.02.16.2012,Bangbayang,BANGBAYANG,BANGBAYANG,43359,43287,43359,different,different,match,api_matches_odj,yes,no,
32.02.17.2001,Pondokaso Tonggoh (Pondok Kaso Tonggoh),PONDOKASO TONGGOH,PONDOKASO TONGGOH,43358,43372,43358,different,different,match,api_matches_odj,yes,yes,
32.02.17.2002,Babakanpari (Babakan Pari),BABAKANPARI,BABAKANPARI,43358,43372,43358,different,different,match,api_matches_odj,yes,yes,
32.02.17.2003,Pondokaso Tengah (Pondok Kaso Tengah),PONDOKASO TENGAH,PONDOKASO TENGAH,43358,43372,43358,different,different,match,api_matches_odj,yes,yes,
32.02.17.2004,Cidahu,CIDAHU,CIDAHU,43358,43372,45595,different,different,different,api_differs_available_sources,yes,no,API postal code differs from every available source postal code.
32.02.17.2005,Tangkil,TANGKIL,TANGKIL,43358,43372,43358,different,different,match,api_matches_odj,yes,no,
32.02.17.2006,Jayabakti,JAYABAKTI,JAYABAKTI,43358,43372,43358,different,different,match,api_matches_odj,yes,no,
32.02.17.2007,Girijaya,GIRIJAYA,GIRIJAYA,43358,43372,43358,different,different,match,api_matches_odj,yes,no,
32.02.17.2008,Pasirdoton,PASIRDOTON,PASIRDOTON,43358,43372,43358,different,different,match,api_matches_odj,yes,no,
32.02.20.2001,Waluran,WALURAN,WALURAN,43175,43375,43175,different,different,match,api_matches_odj,yes,no,
32.02.20.2002,Sukamukti,SUKAMUKTI,SUKAMUKTI,43175,43375,43175,different,different,match,api_matches_odj,yes,no,
32.02.20.2003,Caringinnunggal (Caringin Nunggal),CARINGINNUNGGAL,CARINGINNUNGGAL,43175,43375,43175,different,different,match,api_matches_odj,yes,yes,
32.02.20.2004,Mekarmukti (Mekar Mukti),MEKARMUKTI,MEKARMUKTI,43175,43375,43175,different,different,match,api_matches_odj,yes,yes,
32.02.20.2005,Mangunjaya,MANGUNJAYA,MANGUNJAYA,43175,43363,43375,different,different,different,api_differs_available_sources,yes,no,API postal code differs from every available source postal code.
32.02.20.2006,Waluran Mandiri,WALURAN MANDIRI,WALURAN MANDIRI,43175,43375,43175,different,different,match,api_matches_odj,yes,no,
32.02.21.1001,Jampangkulon (Jampang Kulon),JAMPANGKULON,JAMPANGKULON,43170,43378,43178,different,different,different,api_differs_available_sources,yes,yes,API postal code differs from every available source postal code.
32.02.21.2002,Bojonggenteng (Bojong Genteng),BOJONGGENTENG,BOJONGGENTENG,43170,43378,43178,different,different,different,api_differs_available_sources,yes,yes,API postal code differs from every available source postal code.
32.02.21.2003,Cikarang,CIKARANG,CIKARANG,43170,43378,43178,different,different,different,api_differs_available_sources,yes,no,API postal code differs from every available source postal code.
32.02.21.2005,Bojongsari,BOJONGSARI,BOJONGSARI,43170,43378,43178,different,different,different,api_differs_available_sources,yes,no,API postal code differs from every available source postal code.
32.02.21.2007,Nagraksari,NAGRAKSARI,NAGRAKSARI,43170,43378,43178,different,different,different,api_differs_available_sources,yes,no,API postal code differs from every available source postal code.
32.02.21.2008,Mekarjaya,MEKARJAYA,MEKARJAYA,43170,43378,43178,different,different,different,api_differs_available_sources,yes,no,API postal code differs from every available source postal code.
32.02.21.2009,Tanjung,TANJUNG,TANJUNG,43170,43378,43178,different,different,different,api_differs_available_sources,yes,no,API postal code differs from every available source postal code.
32.02.21.2011,Ciparay,CIPARAY,CIPARAY,43170,43378,43178,different,different,different,api_differs_available_sources,yes,no,API postal code differs from every available source postal code.
32.02.21.2013,Padajaya,PADAJAYA,PADAJAYA,43170,43378,43178,different,different,different,api_differs_available_sources,yes,no,API postal code differs from every available source postal code.
32.02.21.2014,Karanganyar,KARANGANYAR,KARANGANYAR,43170,43378,43178,different,different,different,api_differs_available_sources,yes,no,API postal code differs from every available source postal code.
32.02.21.2016,Cikaranggeusan,CIKARANGGEUSAN,CIKARANGGEUSAN,43170,43378,43178,different,different,different,api_differs_available_sources,yes,no,API postal code differs from every available source postal code.
32.02.22.2001,Ciemas,CIEMAS,CIEMAS,43177,43377,43177,different,different,match,api_matches_odj,yes,no,
32.02.22.2002,Cibenda,CIBENDA,CIBENDA,43177,43377,43177,different,different,match,api_matches_odj,yes,no,
32.02.22.2003,Ciwaru,CIWARU,CIWARU,43177,43377,43177,different,different,match,api_matches_odj,yes,no,
32.02.22.2004,Mekarjaya,MEKARJAYA,MEKARJAYA,43177,43378,43177,different,different,match,api_matches_odj,yes,no,
32.02.22.2005,Girimukti,GIRIMUKTI,GIRIMUKTI,43177,43377,43177,different,different,match,api_matches_odj,yes,no,
32.02.22.2006,Tamanjaya,TAMANJAYA,TAMANJAYA,43177,43377,43177,different,different,match,api_matches_odj,yes,no,
32.02.22.2007,Mandrajaya,MANDRAJAYA,MANDRAJAYA,43177,43377,43177,different,different,match,api_matches_odj,yes,no,
32.02.22.2008,Sidamulya,SIDAMULYA,SIDAMULYA,43177,43347,43377,different,different,different,api_differs_available_sources,yes,no,API postal code differs from every available source postal code.
32.02.22.2009,Mekarsakti,MEKARSAKTI,MEKARSAKTI,43177,43377,43177,different,different,match,api_matches_odj,yes,no,
32.02.23.2001,Kalibunder,KALIBUNDER,KALIBUNDER,43185,43341,43185,different,different,match,api_matches_odj,yes,no,
32.02.23.2002,Bojong,BOJONG,BOJONG,43185,43347,43185,different,different,match,api_matches_odj,yes,no,
32.02.23.2003,Cimahpar,CIMAHPAR,CIMAHPAR,43185,43341,43185,different,different,match,api_matches_odj,yes,no,
32.02.23.2004,Sekarsari,SEKARSARI,SEKARSARI,43185,43341,43185,different,different,match,api_matches_odj,yes,no,
32.02.23.2005,Sukaluyu,SUKALUYU,SUKALUYU,43185,,43185,open_data_jabar_only,source_postal_missing,match,api_matches_odj,yes,no,
32.02.23.2006,Balekambang,BALEKAMBANG,BALEKAMBANG,43185,43356,43185,different,different,match,api_matches_odj,yes,no,
32.02.23.2007,Mekarwangi,MEKARWANGI,MEKARWANGI,43185,43261,43385,different,different,different,api_differs_available_sources,yes,no,API postal code differs from every available source postal code.
32.02.24.2001,Jagamukti,JAGAMUKTI,JAGAMUKTI,43179,43379,43179,different,different,match,api_matches_odj,yes,no,
32.02.24.2002,Citanglar,CITANGLAR,CITANGLAR,43179,43379,43179,different,different,match,api_matches_odj,yes,no,
32.02.24.2003,Wanasari,WANASARI,WANASARI,43179,43379,43179,different,different,match,api_matches_odj,yes,no,
32.02.24.2005,Sirnasari,SIRNASARI,SIRNASARI,43179,43373,43179,different,different,match,api_matches_odj,yes,no,
32.02.24.2006,Kadaleman,KADALEMAN,KADALEMAN,43179,43379,43179,different,different,match,api_matches_odj,yes,no,
32.02.24.2007,Gunungsungging (Gunung Sungging),GUNUNGSUNGGING,GUNUNGSUNGGING,43179,43379,43179,different,different,match,api_matches_odj,yes,yes,
32.02.24.2008,Cipeundeuy,CIPEUNDEUY,CIPEUNDEUY,43179,43379,43179,different,different,match,api_matches_odj,yes,no,
32.02.24.2009,Pasiripis,PASIRIPIS,PASIRIPIS,43179,43379,43179,different,different,match,api_matches_odj,yes,no,
32.02.24.2010,Buniwangi,BUNIWANGI,BUNIWANGI,43179,43379,43179,different,different,match,api_matches_odj,yes,no,
32.02.24.2011,Sukatani,SUKATANI,SUKATANI,43179,43379,43179,different,different,match,api_matches_odj,yes,no,
32.02.24.2012,Kademangan,KADEMANGAN,KADEMANGAN,43179,43379,43179,different,different,match,api_matches_odj,yes,no,
32.02.25.2001,Talagamurni,TALAGAMURNI,TALAGAMURNI,43172,43372,43172,different,different,match,api_matches_odj,yes,no,
32.02.25.2002,Banyumurni,BANYUMURNI,BANYUMURNI,43172,43372,43172,different,different,match,api_matches_odj,yes,no,
32.02.25.2003,Cibitung,CIBITUNG,CIBITUNG,43172,43372,43172,different,different,match,api_matches_odj,yes,no,
32.02.25.2004,Cidahu,CIDAHU,CIDAHU,43172,43372,43172,different,different,match,api_matches_odj,yes,no,
32.02.25.2005,Cibodas,CIBODAS,CIBODAS,43172,43372,43172,different,different,match,api_matches_odj,yes,no,
32.02.25.2006,Banyuwangi,BANYUWANGI,BANYUWANGI,43172,43372,43172,different,different,match,api_matches_odj,yes,no,
32.02.26.2001,Ciracap,CIRACAP,CIRACAP,43176,43376,43176,different,different,match,api_matches_odj,yes,no,
32.02.26.2002,Cikangkung,CIKANGKUNG,CIKANGKUNG,43176,43376,43176,different,different,match,api_matches_odj,yes,no,
32.02.26.2003,Gunungbatu,GUNUNGBATU,GUNUNGBATU,43176,43376,43176,different,different,match,api_matches_odj,yes,no,
32.02.26.2004,Purwasedar,PURWASEDAR,PURWASEDAR,43176,43376,43176,different,different,match,api_matches_odj,yes,no,
32.02.26.2005,Pasirpanjang,PASIRPANJANG,PASIRPANJANG,43176,43376,43176,different,different,match,api_matches_odj,yes,no,
32.02.26.2006,Mekarsari,MEKARSARI,MEKARSARI,43176,43396,43176,different,different,match,api_matches_odj,yes,no,
32.02.28.2001,Cicantayan,CICANTAYAN,CICANTAYAN,43155,43345,43155,different,different,match,api_matches_odj,yes,no,
32.02.28.2002,Lembursawah,LEMBURSAWAH,LEMBURSAWAH,43155,43345,43155,different,different,match,api_matches_odj,yes,no,
32.02.28.2003,Cijalingan,CIJALINGAN,CIJALINGAN,43155,43345,43155,different,different,match,api_matches_odj,yes,no,
32.02.28.2004,Cisande,CISANDE,CISANDE,43155,43345,43155,different,different,match,api_matches_odj,yes,no,
32.02.28.2005,Cimahi,CIMAHI,CIMAHI,43155,43345,43155,different,different,match,api_matches_odj,yes,no,
32.02.28.2006,Hegarmanah,HEGARMANAH,HEGARMANAH,43155,43381,43155,different,different,match,api_matches_odj,yes,no,
32.02.28.2007,Sikadamai (Sukadamai),SIKADAMAI,SIKADAMAI,43155,43345,43155,different,different,match,api_matches_odj,yes,yes,
32.02.28.2008,Cimanggis,CIMANGGIS,CIMANGGIS,43155,43345,43155,different,different,match,api_matches_odj,yes,no,
32.02.29.2001,Gunungjaya,GUNUNGJAYA,GUNUNGJAYA,43152,43342,43152,different,different,match,api_matches_odj,yes,no,
32.02.29.2002,Sukasari,SUKASARI,SUKASARI,43134,43342,43134,different,different,match,api_matches_odj,yes,no,
32.02.29.2003,Sukamanah,SUKAMANAH,SUKAMANAH,43152,43342,43152,different,different,match,api_matches_odj,yes,no,
32.02.29.2004,Cisaat,CISAAT,CISAAT,43152,43342,43152,different,different,match,api_matches_odj,yes,no,
32.02.29.2005,Nagrak,NAGRAK,NAGRAK,43132,43342,43132,different,different,match,api_matches_odj,yes,no,
32.02.29.2006,Babakan,BABAKAN,BABAKAN,43152,43342,43152,different,different,match,api_matches_odj,yes,no,
32.02.29.2007,Sukamantri,SUKAMANTRI,SUKAMANTRI,43152,43342,43152,different,different,match,api_matches_odj,yes,no,
32.02.29.2008,Cibatu,CIBATU,CIBATU,43152,43342,43152,different,different,match,api_matches_odj,yes,no,
32.02.29.2009,Selajambe,SELAJAMBE,SELAJAMBE,43152,43342,43152,different,different,match,api_matches_odj,yes,no,
32.02.29.2010,Padaasih,PADAASIH,PADAASIH,43152,43342,43152,different,different,match,api_matches_odj,yes,no,
32.02.29.2011,Cibolang Kaler,CIBOLANG KALER,CIBOLANG KALER,43152,43342,43152,different,different,match,api_matches_odj,yes,no,
32.02.29.2012,Kutasirna,KUTASIRNA,KUTASIRNA,43152,43342,43152,different,different,match,api_matches_odj,yes,no,
32.02.29.2013,Sukaresmi,SUKARESMI,SUKARESMI,43152,43342,43152,different,different,match,api_matches_odj,yes,no,
32.02.30.2001,Kadudampit,KADUDAMPIT,KADUDAMPIT,43153,43343,43153,different,different,match,api_matches_odj,yes,no,
32.02.30.2002,Citamiang,CITAMIANG,CITAMIANG,43153,43343,43153,different,different,match,api_matches_odj,yes,no,
32.02.30.2003,Muaradua,MUARADUA,MUARADUA,43153,43343,43153,different,different,match,api_matches_odj,yes,no,
32.02.30.2004,Gedepangrango (Gede Pangrango),GEDEPANGRANGO,GEDEPANGRANGO,43153,43343,43153,different,different,match,api_matches_odj,yes,yes,
32.02.30.2005,Sukamanis,SUKAMANIS,SUKAMANIS,43153,43343,43153,different,different,match,api_matches_odj,yes,no,
32.02.30.2006,Undrusbinangun (Undrus Binangun),UNDRUSBINANGUN,UNDRUSBINANGUN,43153,43343,43153,different,different,match,api_matches_odj,yes,yes,
32.02.30.2007,Cipetir,CIPETIR,CIPETIR,43153,43343,43153,different,different,match,api_matches_odj,yes,no,
32.02.30.2008,Sukamaju,SUKAMAJU,SUKAMAJU,43153,43343,43153,different,different,match,api_matches_odj,yes,no,
32.02.30.2009,Cikahuripan,CIKAHURIPAN,CIKAHURIPAN,43153,43366,43153,different,different,match,api_matches_odj,yes,no,
32.02.31.2001,Caringin Wetan,CARINGIN WETAN,CARINGIN WETAN,43154,43397,43154,different,different,match,api_matches_odj,yes,no,
32.02.31.2002,Sukamulya,SUKAMULYA,SUKAMULYA,43154,43347,43154,different,different,match,api_matches_odj,yes,no,
32.02.31.2003,Caringin Kulon,CARINGIN KULON,CARINGIN KULON,43154,43397,43154,different,different,match,api_matches_odj,yes,no,
32.02.31.2004,Seuseupan,SEUSEUPAN,SEUSEUPAN,43154,43397,43154,different,different,match,api_matches_odj,yes,no,
32.02.31.2005,Cijengkol,CIJENGKOL,CIJENGKOL,43154,43397,43154,different,different,match,api_matches_odj,yes,no,
32.02.31.2006,Mekarjaya,MEKARJAYA,MEKARJAYA,43154,43378,43154,different,different,match,api_matches_odj,yes,no,
32.02.31.2007,Talaga,TALAGA,TALAGA,43154,43344,43154,different,different,match,api_matches_odj,yes,no,
32.02.31.2008,Cikembang,CIKEMBANG,CIKEMBANG,43154,43397,43154,different,different,match,api_matches_odj,yes,no,
32.02.31.2009,Pasir Datar Indah,PASIR DATAR INDAH,PASIR DATAR INDAH,43154,43397,43344,different,different,different,api_differs_available_sources,yes,no,API postal code differs from every available source postal code.
32.02.32.2001,Parungseah,PARUNGSEAH,PARUNGSEAH,43151,43341,43151,different,different,match,api_matches_odj,yes,no,
32.02.32.2002,Sundajayagirang (Sundajaya Girang),SUNDAJAYAGIRANG,SUDAJAYAGIRANG,43151,43341,43151,different,different,match,api_matches_odj,yes,yes,
32.02.32.2003,Karawang,KARAWANG,KARAWANG,43151,43341,43151,different,different,match,api_matches_odj,yes,no,
32.02.32.2004,Warnasari,WARNASARI,WARNASARI,43151,43341,43151,different,different,match,api_matches_odj,yes,no,
32.02.32.2005,Sukajaya,SUKAJAYA,SUKAJAYA,43151,43341,43151,different,different,match,api_matches_odj,yes,no,
32.02.33.2001,Pasirhalang,PASIRHALANG,PASIRHALANG,43192,43392,43192,different,different,match,api_matches_odj,yes,no,
32.02.33.2004,Sukaraja,SUKARAJA,SUKARAJA,43192,43392,38877,different,different,different,api_differs_available_sources,yes,no,API postal code differs from every available source postal code.
32.02.33.2005,Limbangan,LIMBANGAN,LIMBANGAN,43192,43392,43192,different,different,match,api_matches_odj,yes,no,
32.02.33.2006,Cisarua,CISARUA,CISARUA,43192,43392,43192,different,different,match,api_matches_odj,yes,no,
32.02.33.2007,Sukamekar,SUKAMEKAR,SUKAMEKAR,43192,43392,43192,different,different,match,api_matches_odj,yes,no,
32.02.33.2008,Selawangi,SELAWANGI,SELAWANGI,43192,43392,43192,different,different,match,api_matches_odj,yes,no,
32.02.33.2009,Margaluyu,MARGALUYU,MARGALUYU,43192,43392,43192,different,different,match,api_matches_odj,yes,no,
32.02.34.2001,Kebonpedes,KEBONPEDES,KEBONPEDES,43194,43394,43194,different,different,match,api_matches_odj,yes,no,
32.02.34.2002,Cikaret,CIKARET,CIKARET,43194,43394,43194,different,different,match,api_matches_odj,yes,no,
32.02.34.2003,Bojongsawah,BOJONGSAWAH,BOJONGSAWAH,43194,43394,43194,different,different,match,api_matches_odj,yes,no,
32.02.34.2004,Sasagaran,SASAGARAN,SASAGARAN,43194,43394,43194,different,different,match,api_matches_odj,yes,no,
32.02.34.2005,Jambenenggang,JAMBENENGGANG,JAMBENENGGANG,43194,43394,43194,different,different,match,api_matches_odj,yes,no,
32.02.35.2001,Cireunghas,CIREUNGHAS,CIREUNGHAS,43193,43393,43193,different,different,match,api_matches_odj,yes,no,
32.02.35.2002,Cipurut,CIPURUT,CIPURUT,43193,43393,43193,different,different,match,api_matches_odj,yes,no,
32.02.35.2003,Bencoy,BENCOY,BENCOY,43193,43393,43193,different,different,match,api_matches_odj,yes,no,
32.02.35.2004,Cikurutug,CIKURUTUG,CIKURUTUG,43193,43393,43193,different,different,match,api_matches_odj,yes,no,
32.02.35.2005,Tegalpanjang,TEGALPANJANG,TEGALPANJANG,43193,43393,43193,different,different,match,api_matches_odj,yes,no,
32.02.36.2001,Sukalarang,SUKALARANG,SUKALARANG,43191,43391,43191,different,different,match,api_matches_odj,yes,no,
32.02.36.2002,Sukamaju,SUKAMAJU,SUKAMAJU,43191,43391,43191,different,different,match,api_matches_odj,yes,no,
32.02.36.2003,Cimangkok,CIMANGKOK,CIMANGKOK,43191,43391,43191,different,different,match,api_matches_odj,yes,no,
32.02.36.2004,Titisan,TITISAN,TITISAN,43191,43391,43191,different,different,match,api_matches_odj,yes,no,
32.02.36.2005,Semplak,SEMPLAK,SEMPLAK,43191,43391,43191,different,different,match,api_matches_odj,yes,no,
32.02.36.2006,Prianganjaya,PRIANGANJAYA,PRIANGANJAYA,43191,43391,43191,different,different,match,api_matches_odj,yes,no,
32.02.37.2001,Pabuaran,PABUARAN,PABUARAN,43173,43373,42163,different,different,different,api_differs_available_sources,yes,no,API postal code differs from every available source postal code.
32.02.37.2002,Ciwalat,CIWALAT,CIWALAT,43173,43373,43173,different,different,match,api_matches_odj,yes,no,
32.02.37.2003,Sirnasari,SIRNASARI,SIRNASARI,43173,43373,43173,different,different,match,api_matches_odj,yes,no,
32.02.37.2004,Bantarsari,BANTARSARI,BANTARSARI,43173,43373,43173,different,different,match,api_matches_odj,yes,no,
32.02.37.2005,Sukajaya,SUKAJAYA,SUKAJAYA,43173,43341,43173,different,different,match,api_matches_odj,yes,no,
32.02.37.2006,Cibadak,CIBADAK,CIBADAK,43173,43373,43173,different,different,match,api_matches_odj,yes,no,
32.02.37.2007,Lembur Sawah,LEMBUR SAWAH,LEMBUR SAWAH,43173,43345,43373,different,different,different,api_differs_available_sources,yes,no,API postal code differs from every available source postal code.
32.02.38.2001,Purabaya,PURABAYA,PURABAYA,43187,43387,43187,different,different,match,api_matches_odj,yes,no,
32.02.38.2002,Neglasari,NEGLASARI,NEGLASARI,43187,43387,43187,different,different,match,api_matches_odj,yes,no,
32.02.38.2003,Pagelaran,PAGELARAN,PAGELARAN,43187,43387,43187,different,different,match,api_matches_odj,yes,no,
32.02.38.2004,Cimerang,CIMERANG,CIMERANG,43187,43387,43187,different,different,match,api_matches_odj,yes,no,
32.02.38.2005,Citamiang,CITAMIANG,CITAMIANG,43187,43144,43187,different,different,match,api_matches_odj,yes,no,
32.02.38.2006,Margaluyu,MARGALUYU,MARGALUYU,43187,43392,43187,different,different,match,api_matches_odj,yes,no,
32.02.38.2007,Cicukang,CICUKANG,CICUKANG,43187,43371,43187,different,different,match,api_matches_odj,yes,no,
32.02.39.2001,Nyalindung,NYALINDUNG,NYALINDUNG,43196,43396,43196,different,different,match,api_matches_odj,yes,no,
32.02.39.2002,Neglasari,NEGLASARI,NEGLASARI,43196,43396,43196,different,different,match,api_matches_odj,yes,no,
32.02.39.2003,Sukamaju,SUKAMAJU,SUKAMAJU,43196,43396,43196,different,different,match,api_matches_odj,yes,no,
32.02.39.2004,Bojongkalong,BOJONGKALONG,BOJONGKALONG,43196,43396,43196,different,different,match,api_matches_odj,yes,no,
32.02.39.2005,Cijangkar,CIJANGKAR,CIJANGKAR,43196,43396,43196,different,different,match,api_matches_odj,yes,no,
32.02.39.2006,Mekarsari,MEKARSARI,MEKARSARI,43196,43396,43196,different,different,match,api_matches_odj,yes,no,
32.02.39.2007,Wangunreja,WANGUNREJA,WANGUNREJA,43196,43396,43196,different,different,match,api_matches_odj,yes,no,
32.02.39.2008,Cisitu,CISITU,CISITU,43196,43396,43196,different,different,match,api_matches_odj,yes,no,
32.02.39.2009,Bojongsari,BOJONGSARI,BOJONGSARI,43196,43378,43196,different,different,match,api_matches_odj,yes,no,
32.02.39.2010,Kertaangsana,KERTAANGSANA,KERTAANGSANA,43196,43396,43196,different,different,match,api_matches_odj,yes,no,
32.02.40.2001,Gegerbitung,GEGERBITUNG,GEGERBITUNG,43197,43397,43197,different,different,match,api_matches_odj,yes,no,
32.02.40.2002,Cijurey,CIJUREY,CIJUREY,43197,43397,43197,different,different,match,api_matches_odj,yes,no,
32.02.40.2003,Ciengang,CIENGANG,CIENGANG,43197,43397,43197,different,different,match,api_matches_odj,yes,no,
32.02.40.2004,Karangjaya,KARANGJAYA,KARANGJAYA,43197,43397,43197,different,different,match,api_matches_odj,yes,no,
32.02.40.2005,Caringin,CARINGIN,CARINGIN,43154,43397,43154,different,different,match,api_matches_odj,yes,no,
32.02.40.2006,Sukamanah,SUKAMANAH,SUKAMANAH,43197,43397,43197,different,different,match,api_matches_odj,yes,no,
32.02.40.2007,Buniwangi,BUNIWANGI,BUNIWANGI,43197,43397,43197,different,different,match,api_matches_odj,yes,no,
32.02.41.2001,Sagaranten,SAGARANTEN,SAGARANTEN,43181,43381,43181,different,different,match,api_matches_odj,yes,no,
32.02.41.2002,Curugluhur,CURUGLUHUR,CURUGLUHUR,43181,43381,43181,different,different,match,api_matches_odj,yes,no,
32.02.41.2003,Cibaregbeg,CIBAREGBEG,CIBAREGBEG,43181,43381,43181,different,different,match,api_matches_odj,yes,no,
32.02.41.2004,Pasanggrahan,PASANGGRAHAN,PASANGGRAHAN,43181,43381,43181,different,different,match,api_matches_odj,yes,no,
32.02.41.2005,Datarnangka,DATARNANGKA,DATARNANGKA,43181,43381,43181,different,different,match,api_matches_odj,yes,no,
32.02.41.2006,Puncakmanggis,PUNCAKMANGGIS,PUNCAKMANGGIS,43181,43381,43181,different,different,match,api_matches_odj,yes,no,
32.02.41.2007,Hegarmanah,HEGARMANAH,HEGARMANAH,43181,43381,43181,different,different,match,api_matches_odj,yes,no,
32.02.41.2008,Gunungbentang (Gunung Bentang),GUNUNGBENTANG,GUNUNGBENTANG,43181,43381,43181,different,different,match,api_matches_odj,yes,yes,
32.02.41.2009,Sinarbentang (Sinar Bentang),SINARBENTANG,SINARBENTANG,43181,43381,43181,different,different,match,api_matches_odj,yes,yes,
32.02.41.2010,Cibitung,CIBITUNG,CIBITUNG,43181,43381,43181,different,different,match,api_matches_odj,yes,no,
32.02.41.2011,Margaluyu,MARGALUYU,MARGALUYU,43181,43381,43181,different,different,match,api_matches_odj,yes,no,
32.02.41.2012,Mekarsari,MEKARSARI,MEKARSARI,43181,43381,43181,different,different,match,api_matches_odj,yes,no,
32.02.42.2001,Curugkembar,CURUGKEMBAR,CURUGKEMBAR,43182,43382,43182,different,different,match,api_matches_odj,yes,no,
32.02.42.2002,Cimenteng,CIMENTENG,CIMENTENG,43182,43382,43182,different,different,match,api_matches_odj,yes,no,
32.02.42.2003,Tanjungsari,TANJUNGSARI,TANJUNGSARI,43182,43382,43182,different,different,match,api_matches_odj,yes,no,
32.02.42.2004,Sindangraja,SINDANGRAJA,SINDANGRAJA,43182,43382,43182,different,different,match,api_matches_odj,yes,no,
32.02.42.2005,Mekartanjung,MEKARTANJUNG,MEKARTANJUNG,43182,43382,43182,different,different,match,api_matches_odj,yes,no,
32.02.42.2006,Nagrakjaya,NAGRAKJAYA,NAGRAKJAYA,43182,43382,,diskominfo_only,different,source_postal_missing,api_differs_available_sources,yes,no,API postal code differs from every available source postal code.
32.02.42.2007,Bojong Tugu (Bojongtugu),BOJONG TUGU,BOJONGTUGU,43182,43382,43182,different,different,match,api_matches_odj,yes,yes,
32.02.43.2001,Cidolog,CIDOLOG,CIDOLOG,43184,43384,46352,different,different,different,api_differs_available_sources,yes,no,API postal code differs from every available source postal code.
32.02.43.2002,Cipamingkis,CIPAMINGKIS,CIPAMINGKIS,43184,43384,43184,different,different,match,api_matches_odj,yes,no,
32.02.43.2003,Cikarang,CIKARANG,CIKARANG,43184,43384,43184,different,different,match,api_matches_odj,yes,no,
32.02.43.2004,Tegallega,TEGALLEGA,TEGALLEGA,43184,43384,43184,different,different,match,api_matches_odj,yes,no,
32.02.43.2005,Mekarjaya,MEKARJAYA,MEKARJAYA,43184,43384,43184,different,different,match,api_matches_odj,yes,no,
32.02.44.2001,Padasenang,PADASENANG,PADASENANG,43183,43383,43183,different,different,match,api_matches_odj,yes,no,
32.02.44.2002,Cidadap,CIDADAP,CIDADAP,43183,43383,43183,different,different,match,api_matches_odj,yes,no,
32.02.44.2003,Banjarsari,BANJARSARI,BANJARSARI,43183,43383,43183,different,different,match,api_matches_odj,yes,no,
32.02.44.2004,Hegarmulya,HEGARMULYA,HEGARMULYA,43183,43383,43183,different,different,match,api_matches_odj,yes,no,
32.02.44.2005,Tenjolaut,TENJOLAUT,TENJOLAUT,43183,43383,43183,different,different,match,api_matches_odj,yes,no,
32.02.44.2006,Mekartani,MEKARTANI,MEKARTANI,43183,43383,43183,different,different,match,api_matches_odj,yes,no,
32.02.45.2001,Tegalbuleud,TEGALBULEUD,TEGALBULEUD,43186,43386,43186,different,different,match,api_matches_odj,yes,no,
32.02.45.2002,Bangbayang,BANGBAYANG,BANGBAYANG,43186,43386,43186,different,different,match,api_matches_odj,yes,no,
32.02.45.2003,Sumberjaya,SUMBERJAYA,SUMBERJAYA,43186,43386,43186,different,different,match,api_matches_odj,yes,no,
32.02.45.2004,Calingcing,CALINGCING,CALINGCING,43186,43386,43186,different,different,match,api_matches_odj,yes,no,
32.02.45.2005,Nangela,NANGELA,NANGELA,43186,43386,43186,different,different,match,api_matches_odj,yes,no,
32.02.45.2006,Rambay,RAMBAY,RAMBAY,43186,43386,43186,different,different,match,api_matches_odj,yes,no,
32.02.45.2007,Buniasih,BUNIASIH,BUNIASIH,43186,43386,43186,different,different,match,api_matches_odj,yes,no,
32.02.46.2001,Cimanggu,CIMANGGU,CIMANGGU,43178,43347,42284,different,different,different,api_differs_available_sources,yes,no,API postal code differs from every available source postal code.
32.02.46.2002,Sukamaju,SUKAMAJU,SUKAMAJU,43178,43347,43178,different,different,match,api_matches_odj,yes,no,
32.02.46.2003,Sukajadi,SUKAJADI,SUKAJADI,43178,43347,43178,different,different,match,api_matches_odj,yes,no,
32.02.46.2004,Karangmekar,KARANGMEKAR,KARANGMEKAR,43178,43347,43178,different,different,match,api_matches_odj,yes,no,
32.02.46.2005,Boregahindah (Boregah Indah),BOREGAHINDAH,BOREGAHINDAH,43178,43388,43178,different,different,match,api_matches_odj,yes,yes,
32.02.46.2006,Sukamanah,SUKAMANAH,SUKAMANAH,43178,43342,43178,different,different,match,api_matches_odj,yes,no,
32.02.47.2001,Ciambar,CIAMBAR,CIAMBAR,43356,43341,43356,different,different,match,api_matches_odj,yes,no,
32.02.47.2002,Ginanjar,GINANJAR,GINANJAR,43356,43341,43356,different,different,match,api_matches_odj,yes,no,
32.02.47.2003,Wangunjaya,WANGUNJAYA,WANGUNJAYA,43356,43391,43352,different,different,different,api_differs_available_sources,yes,no,API postal code differs from every available source postal code.
32.02.47.2004,Munjul,MUNJUL,MUNJUL,43356,43341,43356,different,different,match,api_matches_odj,yes,no,
32.02.47.2005,Ambarjaya,AMBARJAYA,AMBARJAYA,43356,43341,43356,different,different,match,api_matches_odj,yes,no,
32.02.47.2006,Cibunarjaya,CIBUNARJAYA,CIBUNARJAYA,43356,43341,43356,different,different,match,api_matches_odj,yes,no,
32.03.01.2001,Babakan Karet (Babakankaret),BABAKAN KARET,BABAKAN KARET,43211,43217,43211,different,different,match,api_matches_odj,yes,yes,
32.03.01.2002,Nagrak,NAGRAK,NAGRAK,43215,43219,43215,different,different,match,api_matches_odj,yes,no,
32.03.01.2003,Sukamaju,SUKAMAJU,SUKAMAJU,43211,43219,43211,different,different,match,api_matches_odj,yes,no,
32.03.01.2004,Mekarsari,MEKARSARI,MEKARSARI,43211,43218,43211,different,different,match,api_matches_odj,yes,no,
32.03.10.2003,Cibodas,CIBODAS,CIBODAS,43253,43254,43253,different,different,match,api_matches_odj,yes,no,
32.03.10.2010,Ciputri,CIPUTRI,CIPUTRI,43281,43253,43281,different,different,match,api_matches_odj,yes,no,
32.03.13.2007,Sukaresmi,SUKARESMI,SUKARESMI,43254,43254,42265,different,match,different,api_matches_diskominfo,yes,no,
32.03.18.2001,Pagelaran,PAGELARAN,PAGELARAN,43266,43266,42265,different,match,different,api_matches_diskominfo,yes,no,
32.03.25.2003,Sukasirna,SUKASIRNA,SUKASIRNA,43269,43278,43277,different,different,different,api_differs_available_sources,yes,no,API postal code differs from every available source postal code.
32.03.26.2001,Kalapanunggal,KALAPANUNGGAL,KALAPANUNGGAL,43286,43276,43284,different,different,different,api_differs_available_sources,yes,no,API postal code differs from every available source postal code.
32.03.26.2002,Cikadu,CIKADU,CIKADU,43286,43276,43284,different,different,different,api_differs_available_sources,yes,no,API postal code differs from every available source postal code.
32.03.26.2003,Mekarwangi,MEKARWANGI,MEKARWANGI,43286,43276,43284,different,different,different,api_differs_available_sources,yes,no,API postal code differs from every available source postal code.
32.03.26.2004,Padaluyu,PADALUYU,PADALUYU,43286,43276,43284,different,different,different,api_differs_available_sources,yes,no,API postal code differs from every available source postal code.
32.03.26.2005,Sukamulya,SUKAMULYA,SUKAMULYA,43286,43276,43284,different,different,different,api_differs_available_sources,yes,no,API postal code differs from every available source postal code.
32.03.26.2006,Cisaranten,CISARANTEN,CISARANTEN,43286,43276,43284,different,different,different,api_differs_available_sources,yes,no,API postal code differs from every available source postal code.
32.03.26.2007,Mekarlaksana,MEKARLAKSANA,MEKARLAKSANA,43286,43276,43284,different,different,different,api_differs_available_sources,yes,no,API postal code differs from every available source postal code.
32.03.26.2008,Sukaluyu,SUKALUYU,SUKALUYU,43286,43276,43284,different,different,different,api_differs_available_sources,yes,no,API postal code differs from every available source postal code.
32.03.26.2009,Mekarjaya,MEKARJAYA,MEKARJAYA,43286,43276,43284,different,different,different,api_differs_available_sources,yes,no,API postal code differs from every available source postal code.
32.03.26.2010,Sukamanah,SUKAMANAH,SUKAMANAH,43286,43276,43284,different,different,different,api_differs_available_sources,yes,no,API postal code differs from every available source postal code.
32.03.27.2001,Bangbayang,BANGBAYANG,BANGBAYANG,43261,43287,43261,different,different,match,api_matches_odj,yes,no,
32.03.27.2002,Songgom,SONGGOM,SONGGOM,43261,43287,43261,different,different,match,api_matches_odj,yes,no,
32.03.27.2003,Sukaratu,SUKARATU,SUKARATU,43261,43287,43261,different,different,match,api_matches_odj,yes,no,
32.03.27.2004,Cikancana,CIKANCANA,CIKANCANA,43261,43287,43261,different,different,match,api_matches_odj,yes,no,
32.03.27.2005,Kebonpeuteuy,KEBONPEUTEUY,KEBONPEUTEUY,43261,43287,43261,different,different,match,api_matches_odj,yes,no,
32.03.27.2006,Gekbrong,GEKBRONG,GEKBRONG,43261,43287,43261,different,different,match,api_matches_odj,yes,no,
32.03.27.2007,Cikahuripan,CIKAHURIPAN,CIKAHURIPAN,43261,43287,43261,different,different,match,api_matches_odj,yes,no,
32.03.27.2008,Cintaasih,CINTAASIH,CINTAASIH,43261,43287,43261,different,different,match,api_matches_odj,yes,no,
32.03.28.2001,Cipanas,CIPANAS,CIPANAS,43253,43255,42372,different,different,different,api_differs_available_sources,yes,no,API postal code differs from every available source postal code.
32.03.28.2002,Cimacan,CIMACAN,CIMACAN,43253,43255,43253,different,different,match,api_matches_odj,yes,no,
32.03.28.2003,Ciloto,CILOTO,CILOTO,43253,43255,43253,different,different,match,api_matches_odj,yes,no,
32.03.28.2004,Sindanglaya,SINDANGLAYA,SINDANGLAYA,43253,43255,43253,different,different,match,api_matches_odj,yes,no,
32.03.28.2005,Batulawang,BATULAWANG,BATULAWANG,43253,43255,43253,different,different,match,api_matches_odj,yes,no,
32.03.28.2006,Palasari,PALASARI,PALASARI,43253,43255,43253,different,different,match,api_matches_odj,yes,no,
32.03.28.2007,Sindangjaya,SINDANGJAYA,SINDANGJAYA,43253,43255,43253,different,different,match,api_matches_odj,yes,no,
32.03.29.2001,Parakantugu,PARAKANTUGU,PARAKANTUGU,43284,43269,43284,different,different,match,api_matches_odj,yes,no,
32.03.29.2002,Cijati,CIJATI,CIJATI,43284,43269,43284,different,different,match,api_matches_odj,yes,no,
32.03.29.2003,Bojonglarang,BOJONGLARANG,BOJONGLARANG,43284,43269,43284,different,different,match,api_matches_odj,yes,no,
32.03.29.2004,Padaasih,PADAASIH,PADAASIH,43284,43269,43284,different,different,match,api_matches_odj,yes,no,
32.03.29.2005,Cibodas,CIBODAS,CIBODAS,43284,43269,43284,different,different,match,api_matches_odj,yes,no,
32.03.29.2006,Sukamahi,SUKAMAHI,SUKAMAHI,43284,43269,43284,different,different,match,api_matches_odj,yes,no,
32.03.29.2007,Sukaluyu,SUKALUYU,SUKALUYU,43284,43269,43284,different,different,match,api_matches_odj,yes,no,
32.03.29.2008,Caringin,CARINGIN,CARINGIN,43284,43269,43284,different,different,match,api_matches_odj,yes,no,
32.03.29.2009,Sinarbakti,SINARBAKTI,SINARBAKTI,43284,43269,43284,different,different,match,api_matches_odj,yes,no,
32.03.29.2010,Sukamaju,SUKAMAJU,SUKAMAJU,43284,43269,43284,different,different,match,api_matches_odj,yes,no,
32.03.30.2001,Pusakasari,PUSAKASARI,PUSAKASARI,43273,43277,43273,different,different,match,api_matches_odj,yes,no,
32.03.30.2002,Walahir,WALAHIR,WALAHIR,43273,43277,43273,different,different,match,api_matches_odj,yes,no,
32.03.30.2003,Purabaya,PURABAYA,PURABAYA,43273,43277,43273,different,different,match,api_matches_odj,yes,no,
32.03.30.2004,Puncakwangi,PUNCAKWANGI,PUNCAKWANGI,43273,43277,43273,different,different,match,api_matches_odj,yes,no,
32.03.30.2005,Sukajaya,SUKAJAYA,SUKAJAYA,43273,43277,43273,different,different,match,api_matches_odj,yes,no,
32.03.30.2006,Nagasari,NAGASARI,NAGASARI,43273,43277,43273,different,different,match,api_matches_odj,yes,no,
32.03.30.2007,Sukasirna,SUKASIRNA,SUKASIRNA,43273,43277,43273,different,different,match,api_matches_odj,yes,no,
32.03.30.2008,Sukamulya,SUKAMULYA,SUKAMULYA,43273,43277,43273,different,different,match,api_matches_odj,yes,no,
32.03.30.2009,Sirnasari,SIRNASARI,SIRNASARI,43273,43277,43273,different,different,match,api_matches_odj,yes,no,
32.03.30.2010,Karyamukti,KARYAMUKTI,KARYAMUKTI,43273,43277,43273,different,different,match,api_matches_odj,yes,no,
32.03.30.2011,Mandalawangi,MANDALAWANGI,MANDALAWANGI,43273,43277,43273,different,different,match,api_matches_odj,yes,no,
32.03.30.2012,Sindangsari,SINDANGSARI,SINDANGSARI,43273,43277,43273,different,different,match,api_matches_odj,yes,no,
32.03.31.2001,Haurwangi,HAURWANGI,HAURWANGI,43280,43286,43283,different,different,different,api_differs_available_sources,yes,no,API postal code differs from every available source postal code.
32.03.31.2002,Cihea,CIHEA,CIHEA,43280,43286,43283,different,different,different,api_differs_available_sources,yes,no,API postal code differs from every available source postal code.
32.03.31.2003,Ramasari,RAMASARI,RAMASARI,43280,43286,43283,different,different,different,api_differs_available_sources,yes,no,API postal code differs from every available source postal code.
32.03.31.2004,Sukatani (Mekarwangi),MEKARWANGI/SUKATANI,MEKARWANGI/SUKATANI,43280,43286,,diskominfo_only,different,source_postal_missing,api_differs_available_sources,yes,yes,API postal code differs from every available source postal code.
32.03.31.2005,Mekarwangi,MEKARWANGI,MEKARWANGI,43280,43286,43282,different,different,different,api_differs_available_sources,yes,no,API postal code differs from every available source postal code.
32.03.31.2006,Kertasari,KERTASARI,KERTASARI,43280,43286,43283,different,different,different,api_differs_available_sources,yes,no,API postal code differs from every available source postal code.
32.03.31.2007,Cipeuyeum,CIPEUYEUM,CIPEUYEUM,43280,43286,43282,different,different,different,api_differs_available_sources,yes,no,API postal code differs from every available source postal code.
32.03.31.2008,Kertamukti,KERTAMUKTI,KERTAMUKTI,43280,43286,43282,different,different,different,api_differs_available_sources,yes,no,API postal code differs from every available source postal code.
32.03.32.2001,Simpang,SIMPANG,SIMPANG,43266,43279,43266,different,different,match,api_matches_odj,yes,no,
32.03.32.2002,Kalibaru,KALIBARU,KALIBARU,43266,43279,43266,different,different,match,api_matches_odj,yes,no,
32.03.32.2003,Pusakajaya,PUSAKAJAYA,PUSAKAJAYA,43266,43279,43266,different,different,match,api_matches_odj,yes,no,
32.03.32.2004,Kubang,KUBANG,KUBANG,43267,43279,43267,different,different,match,api_matches_odj,yes,no,
32.03.32.2005,Girimukti,GIRIMUKTI,GIRIMUKTI,43267,43279,43267,different,different,match,api_matches_odj,yes,no,
32.03.32.2006,Karangjaya,KARANGJAYA,KARANGJAYA,43266,43279,43266,different,different,match,api_matches_odj,yes,no,
32.03.32.2007,Mekarmulya,MEKARMULYA,MEKARMULYA,43267,43279,43267,different,different,match,api_matches_odj,yes,no,
32.03.32.2008,Girijaya,GIRIJAYA,GIRIJAYA,43267,43279,43267,different,different,match,api_matches_odj,yes,no,
32.03.32.2009,Padamulya,PADAMULYA,PADAMULYA,43267,43279,43267,different,different,match,api_matches_odj,yes,no,
32.04.05.2001,Cileunyi Kulon,CILEUNYI KULON,CILEUNYI KULON,40621,40393,40621,different,different,match,api_matches_odj,yes,no,
32.04.05.2002,Cileunyi Wetan,CILEUNYI WETAN,CILEUNYI WETAN,40622,40393,40622,different,different,match,api_matches_odj,yes,no,
32.04.05.2003,Cimekar,CIMEKAR,CIMEKAR,40623,40393,40623,different,different,match,api_matches_odj,yes,no,
32.04.05.2004,Cinunuk,CINUNUK,CINUNUK,40624,40393,40624,different,different,match,api_matches_odj,yes,no,
32.04.05.2005,Cibiru Hilir,CIBIRU HILIR,CIBIRU HILIR,40626,40393,40626,different,different,match,api_matches_odj,yes,no,
32.04.05.2006,Cibiru Wetan,CIBIRU WETAN,CIBIRU WETAN,40625,40393,40625,different,different,match,api_matches_odj,yes,no,
32.04.07.2001,Jatiendah,JATIENDAH,JATIENDAH,40616,40392,40616,different,different,match,api_matches_odj,yes,no,
32.04.07.2002,Cilengkrang,CILENGKRANG,CILENGKRANG,40615,40392,40615,different,different,match,api_matches_odj,yes,no,
32.04.07.2003,Cipanjalu,CIPANJALU,CIPANJALU,40618,40392,40618,different,different,match,api_matches_odj,yes,no,
32.04.07.2004,Melatiwangi,MELATIWANGI,MELATIWANGI,40618,40392,40618,different,different,match,api_matches_odj,yes,no,
32.04.07.2005,Ciporeat,CIPOREAT,CIPOREAT,40617,40392,40617,different,different,match,api_matches_odj,yes,no,
32.04.07.2006,Girimekar,GIRIMEKAR,GIRIMEKAR,40619,40392,40619,different,different,match,api_matches_odj,yes,no,
32.04.08.2001,Lengkong,LENGKONG,LENGKONG,40287,40354,40287,different,different,match,api_matches_odj,yes,no,
32.04.08.2002,Bojongsoang,BOJONGSOANG,BOJONGSOANG,40288,40354,40288,different,different,match,api_matches_odj,yes,no,
32.04.08.2003,Buahbatu,BUAHBATU,BUAHBATU,40287,40354,40287,different,different,match,api_matches_odj,yes,no,
32.04.08.2004,Cipagalo,CIPAGALO,CIPAGALO,40287,40354,40287,different,different,match,api_matches_odj,yes,no,
32.04.08.2005,Bojongsari,BOJONGSARI,BOJONGSARI,40288,40354,40288,different,different,match,api_matches_odj,yes,no,
32.04.08.2006,Tegalluar,TEGALLUAR,TEGALLUAR,40287,40354,40287,different,different,match,api_matches_odj,yes,no,
32.04.09.1004,Sulaiman (Sulaeman),SULAIMAN,SULAIMAN,40229,40352,40229,different,different,match,api_matches_odj,yes,yes,
32.04.09.2001,Margahayu Tengah,MARGAHAYU TENGAH,MARGAHAYU TENGAH,40225,40352,40225,different,different,match,api_matches_odj,yes,no,
32.04.09.2002,Magahayu Selatan (Margahayu Selatan),MAGAHAYU SELATAN,MAGAHAYU SELATAN,40226,40352,40226,different,different,match,api_matches_odj,yes,yes,
32.04.09.2003,Sukamenak,SUKAMENAK,SUKAMENAK,40227,40352,40227,different,different,match,api_matches_odj,yes,no,
32.04.09.2005,Sayati,SAYATI,SAYATI,40228,40352,40228,different,different,match,api_matches_odj,yes,no,
32.04.10.2001,Margaasih,MARGAASIH,MARGAASIH,40215,40351,40215,different,different,match,api_matches_odj,yes,no,
32.04.10.2002,Lagadar,LAGADAR,LAGADAR,40216,40351,40216,different,different,match,api_matches_odj,yes,no,
32.04.10.2003,Nanjung,NANJUNG,NANJUNG,40217,40351,40217,different,different,match,api_matches_odj,yes,no,
32.04.10.2004,Mekarrahayu (Mekar Rahayu),MEKARRAHAYU,MEKARRAHAYU,40218,40351,40218,different,different,match,api_matches_odj,yes,yes,
32.04.10.2005,Rahayu,RAHAYU,RAHAYU,40218,40351,40218,different,different,match,api_matches_odj,yes,no,
32.04.10.2006,Cigondewah Hilir,CIGONDEWAH HILIR,CIGONDEWAH HILIR,40214,40351,40214,different,different,match,api_matches_odj,yes,no,
32.04.11.2001,Sangkanhurip,SANGKANHURIP,SANGKANHURIP,40921,40355,40921,different,different,match,api_matches_odj,yes,no,
32.04.11.2002,Katapang,KATAPANG,KATAPANG,40921,40355,40921,different,different,match,api_matches_odj,yes,no,
32.04.11.2004,Gandasari,GANDASARI,GANDASARI,40921,40355,40921,different,different,match,api_matches_odj,yes,no,
32.04.11.2006,Sukamukti,SUKAMUKTI,SUKAMUKTI,40921,40355,40921,different,different,match,api_matches_odj,yes,no,
32.04.11.2007,Cilampeni,CILAMPENI,CILAMPENI,40921,40355,40921,different,different,match,api_matches_odj,yes,no,
32.04.11.2008,Pangauban,PANGAUBAN,PANGAUBAN,40921,40355,40921,different,different,match,api_matches_odj,yes,no,
32.04.11.2009,Banyusari,BANYUSARI,BANYUSARI,40921,40355,40921,different,different,match,api_matches_odj,yes,no,
32.04.12.1001,Pasawahan,PASAWAHAN,PASAWAHAN,40256,40353,40256,different,different,match,api_matches_odj,yes,no,
32.04.12.2002,Dayeuhkolot,DAYEUHKOLOT,DAYEUHKOLOT,40258,40353,40258,different,different,match,api_matches_odj,yes,no,
32.04.12.2003,Cangkuang Wetan,CANGKUANG WETAN,CANGKUANG WETAN,40238,40353,40238,different,different,match,api_matches_odj,yes,no,
32.04.12.2004,Cangkuang Kulon,CANGKUANG KULON,CANGKUANG KULON,40239,40353,40239,different,different,match,api_matches_odj,yes,no,
32.04.12.2005,Sukapura,SUKAPURA,SUKAPURA,40267,40353,40267,different,different,match,api_matches_odj,yes,no,
32.04.12.2006,Citeureup,CITEUREUP,CITEUREUP,40257,40353,40257,different,different,match,api_matches_odj,yes,no,
32.04.13.2003,Banjaran Kulon,BANJARAN KULON,BANJARAN KULON,40377,21156,45468,different,different,different,api_differs_available_sources,yes,no,API postal code differs from every available source postal code.
32.04.17.2006,Mekarsari,MEKARSARI,MEKARSARI,40375,40374,40375,different,different,match,api_matches_odj,yes,no,
32.04.26.2001,Nagreg,NAGREG,NAGREG,40215,40397,40215,different,different,match,api_matches_odj,yes,no,
32.04.26.2002,Bojong,BOJONG,BOJONG,40215,40397,40215,different,different,match,api_matches_odj,yes,no,
32.04.26.2003,Ciaro,CIARO,CIARO,40215,40397,40215,different,different,match,api_matches_odj,yes,no,
32.04.26.2004,Ciherang,CIHERANG,CIHERANG,40215,40397,40215,different,different,match,api_matches_odj,yes,no,
32.04.26.2005,Citaman,CITAMAN,CITAMAN,40215,40397,40215,different,different,match,api_matches_odj,yes,no,
32.04.26.2006,Mandalawangi,MANDALAWANGI,MANDALAWANGI,40215,40397,40215,different,different,match,api_matches_odj,yes,no,
32.04.26.2007,Nagreg Kendan,NAGREG KENDAN,NAGREG KENDAN,40215,40397,40215,different,different,match,api_matches_odj,yes,no,
32.04.26.2008,Ganjar Sabar,GANJAR SABAR,GANJAR SABAR,40215,40397,40215,different,different,match,api_matches_odj,yes,no,
32.04.32.2007,Malakasari,MALAKASARI,MALAKASARI,40258,40375,40258,different,different,match,api_matches_odj,yes,no,
32.04.33.2001,Majalaya,MAJALAYA,MAJALAYA,40382,40382,41371,different,match,different,api_matches_diskominfo,yes,no,
32.04.34.2001,Rancakasumba,RANCAKASUMBA,RANCAKASUMBA,40375,40387,40376,different,different,different,api_differs_available_sources,yes,no,API postal code differs from every available source postal code.
32.04.34.2003,Cibodas,CIBODAS,CIBODAS,40375,40387,40376,different,different,different,api_differs_available_sources,yes,no,API postal code differs from every available source postal code.
32.04.34.2004,Panyadap,PANYADAP,PANYADAP,40375,40387,40376,different,different,different,api_differs_available_sources,yes,no,API postal code differs from every available source postal code.
32.04.34.2005,Bojongemas,BOJONGEMAS,BOJONGEMAS,40375,40387,40376,different,different,different,api_differs_available_sources,yes,no,API postal code differs from every available source postal code.
32.04.34.2006,Padamukti,PADAMUKTI,PADAMUKTI,40375,40387,40376,different,different,different,api_differs_available_sources,yes,no,API postal code differs from every available source postal code.
32.04.34.2007,Langensari,LANGENSARI,LANGENSARI,40375,40387,40376,different,different,different,api_differs_available_sources,yes,no,API postal code differs from every available source postal code.
32.04.35.2006,Sindangsari,SINDANGSARI,SINDANGSARI,40383,40761,40383,different,different,match,api_matches_odj,yes,no,
32.04.37.2001,Soreang,SOREANG,SOREANG,40911,40317,40911,different,different,match,api_matches_odj,yes,no,
32.04.37.2002,Sadu,SADU,SADU,40913,40313,40913,different,different,match,api_matches_odj,yes,no,
32.04.37.2004,Panyirapan,PANYIRAPAN,PANYIRAPAN,40915,40315,40915,different,different,match,api_matches_odj,yes,no,
32.04.37.2010,Sukajadi,SUKAJADI,SUKAJADI,40911,40311,40911,different,different,match,api_matches_odj,yes,no,
32.04.37.2011,Pamekaran,PAMEKARAN,PAMEKARAN,40912,40312,40912,different,different,match,api_matches_odj,yes,no,
32.04.37.2017,Karamatmulya,KARAMATMULYA,KARAMATMULYA,40914,40314,40914,different,different,match,api_matches_odj,yes,no,
32.04.37.2018,Sukanagara,SUKANAGARA,SUKANAGARA,40911,40311,40911,different,different,match,api_matches_odj,yes,no,
32.04.37.2019,Cingcin,CINGCIN,CINGCIN,40914,40317,40914,different,different,match,api_matches_odj,yes,no,
32.04.37.2020,Parungserab,PARUNGSERAB,PARUNGSERAB,40914,40319,40914,different,different,match,api_matches_odj,yes,no,
32.04.37.2021,Sekarwangi,SEKARWANGI,SEKARWANGI,40914,40318,40914,different,different,match,api_matches_odj,yes,no,
32.04.38.2001,Pasirjambu,PASIRJAMBU,PASIRJAMBU,40972,40364,40972,different,different,match,api_matches_odj,yes,no,
32.04.38.2002,Cibodas,CIBODAS,CIBODAS,40972,40364,40972,different,different,match,api_matches_odj,yes,no,
32.04.38.2003,Cikoneng,CIKONENG,CIKONENG,40972,40364,40972,different,different,match,api_matches_odj,yes,no,
32.04.38.2004,Cukanggenteng,CUKANGGENTENG,CUKANGGENTENG,40972,40364,40972,different,different,match,api_matches_odj,yes,no,
32.04.38.2005,Cisondari,CISONDARI,CISONDARI,40972,40364,40972,different,different,match,api_matches_odj,yes,no,
32.04.38.2006,Margamulya,MARGAMULYA,MARGAMULYA,40972,40364,40972,different,different,match,api_matches_odj,yes,no,
32.04.38.2007,Mekarsari,MEKARSARI,MEKARSARI,40972,40364,40972,different,different,match,api_matches_odj,yes,no,
32.04.38.2008,Mekarmaju,MEKARMAJU,MEKARMAJU,40972,40364,40972,different,different,match,api_matches_odj,yes,no,
32.04.38.2009,Sugihmukti,SUGIHMUKTI,SUGIHMUKTI,40972,40364,40972,different,different,match,api_matches_odj,yes,no,
32.04.38.2010,Tenjolaya,TENJOLAYA,TENJOLAYA,40972,40364,40972,different,different,match,api_matches_odj,yes,no,
32.04.39.2001,Lebakmuncang,LEBAKMUNCANG,LEBAKMUNCANG,40973,40362,40973,different,different,match,api_matches_odj,yes,no,
32.04.39.2002,Ciwidey,CIWIDEY,CIWIDEY,40973,40362,40973,different,different,match,api_matches_odj,yes,no,
32.04.39.2003,Nengkelan,NENGKELAN,NENGKELAN,40973,40362,40973,different,different,match,api_matches_odj,yes,no,
32.04.39.2004,Panundaan,PANUNDAAN,PANUNDAAN,40973,40362,40973,different,different,match,api_matches_odj,yes,no,
32.04.39.2005,Panyocokan,PANYOCOKAN,PANYOCOKAN,40973,40362,40973,different,different,match,api_matches_odj,yes,no,
32.04.39.2006,Rawabogo,RAWABOGO,RAWABOGO,40973,40362,40973,different,different,match,api_matches_odj,yes,no,
32.04.39.2007,Sukawening,SUKAWENING,SUKAWENING,40973,40362,40973,different,different,match,api_matches_odj,yes,no,
32.04.44.2001,Cangkuang,CANGKUANG,CANGKUANG,40238,40361,40238,different,different,match,api_matches_odj,yes,no,
32.04.44.2002,Ciluncat,CILUNCAT,CILUNCAT,40238,40361,40238,different,different,match,api_matches_odj,yes,no,
32.04.44.2003,Nagrak,NAGRAK,NAGRAK,40238,40361,40238,different,different,match,api_matches_odj,yes,no,
32.04.44.2004,Bandasari,BANDASARI,BANDASARI,40238,40361,40238,different,different,match,api_matches_odj,yes,no,
32.04.44.2005,Pananjung,PANANJUNG,PANANJUNG,40238,40361,40238,different,different,match,api_matches_odj,yes,no,
32.04.44.2006,Jatisari,JATISARI,JATISARI,40238,40361,40238,different,different,match,api_matches_odj,yes,no,
32.04.44.2007,Tanjungsari,TANJUNGSARI,TANJUNGSARI,40238,40361,40238,different,different,match,api_matches_odj,yes,no,
32.04.46.2001,Jelegong,JELEGONG,JELEGONG,40911,40356,40911,different,different,match,api_matches_odj,yes,no,
32.04.46.2002,Jatisari,JATISARI,JATISARI,40911,40356,40911,different,different,match,api_matches_odj,yes,no,
32.04.46.2003,Pameuntasan,PAMEUNTASAN,PAMEUNTASAN,40911,40356,40911,different,different,match,api_matches_odj,yes,no,
32.04.46.2004,Kopo,KOPO,KOPO,40911,40356,40911,different,different,match,api_matches_odj,yes,no,
32.04.46.2005,Cibodas,CIBODAS,CIBODAS,40911,40356,40911,different,different,match,api_matches_odj,yes,no,
32.04.46.2006,Kutawaringin,KUTAWARINGIN,KUTAWARINGIN,40911,40356,40911,different,different,match,api_matches_odj,yes,no,
32.04.46.2007,Sukamulya,SUKAMULYA,SUKAMULYA,40911,40356,40911,different,different,match,api_matches_odj,yes,no,
32.04.46.2008,Padasuka,PADASUKA,PADASUKA,40911,40356,40911,different,different,match,api_matches_odj,yes,no,
32.04.46.2009,Buninagara,BUNINAGARA,BUNINAGARA,40911,40356,40911,different,different,match,api_matches_odj,yes,no,
32.04.46.2010,Gajah Mekar (Gajahmekar),GAJAH MEKAR,GAJAH MEKAR,40911,40356,40911,different,different,match,api_matches_odj,yes,yes,
32.04.46.2011,Cilame,CILAME,CILAME,40911,40356,40911,different,different,match,api_matches_odj,yes,no,
32.05.01.1003,Margawati,MARGAWATI,MARGAWATI,44113,44119,44113,different,different,match,api_matches_odj,yes,no,
32.05.01.1010,Sukanegla,SUKANEGLA,SUKANEGLA,44111,44119,44111,different,different,match,api_matches_odj,yes,no,
32.05.04.1012,Pananjung,PANANJUNG,PANANJUNG,44151,44135,44151,different,different,match,api_matches_odj,yes,no,
32.05.04.2001,Sukajadi,SUKAJADI,SUKAJADI,44151,44138,44151,different,different,match,api_matches_odj,yes,no,
32.05.04.2002,Cimanganten,CIMANGANTEN,CIMANGANTEN,44151,44131,44151,different,different,match,api_matches_odj,yes,no,
32.05.04.2003,Jati,JATI,JATI,44151,44132,44151,different,different,match,api_matches_odj,yes,no,
32.05.04.2004,Rancabango,RANCABANGO,RANCABANGO,44151,44136,44151,different,different,match,api_matches_odj,yes,no,
32.05.04.2005,Sukawangi,SUKAWANGI,SUKAWANGI,44151,44138,44151,different,different,match,api_matches_odj,yes,no,
32.05.04.2006,Sirnajaya,SIRNAJAYA,SIRNAJAYA,44151,44139,44151,different,different,match,api_matches_odj,yes,no,
32.05.04.2007,Tanjung Kamuning (Tanjungkamuning),TANJUNG KAMUNING,TANJUNG KAMUNING,44151,44137,44151,different,different,match,api_matches_odj,yes,yes,
32.05.04.2008,Mekarjaya,MEKARJAYA,MEKARJAYA,44151,44139,44151,different,different,match,api_matches_odj,yes,no,
32.05.04.2009,Langensari,LANGENSARI,LANGENSARI,44151,44134,44151,different,different,match,api_matches_odj,yes,no,
32.05.04.2010,Mekarwangi,MEKARWANGI,MEKARWANGI,44151,44139,44151,different,different,match,api_matches_odj,yes,no,
32.05.04.2011,Pasawahan,PASAWAHAN,PASAWAHAN,44151,44133,44151,different,different,match,api_matches_odj,yes,no,
32.05.04.2013,Panjiwangi,PANJIWANGI,PANJIWANGI,44151,44138,44151,different,different,match,api_matches_odj,yes,no,
32.05.05.1001,Pataruman,PATARUMAN,PATARUMAN,44150,44121,44151,different,different,different,api_differs_available_sources,yes,no,API postal code differs from every available source postal code.
32.05.05.1002,Sukagalih,SUKAGALIH,SUKAGALIH,44150,44125,44151,different,different,different,api_differs_available_sources,yes,no,API postal code differs from every available source postal code.
32.05.05.1006,Jayawaras,JAYAWARAS,JAYAWARAS,44150,44123,44151,different,different,different,api_differs_available_sources,yes,no,API postal code differs from every available source postal code.
32.05.05.1009,Sukakarya,SUKAKARYA,SUKAKARYA,44150,44127,44151,different,different,different,api_differs_available_sources,yes,no,API postal code differs from every available source postal code.
32.05.05.1012,Sukajaya,SUKAJAYA,SUKAJAYA,44150,44128,44151,different,different,different,api_differs_available_sources,yes,no,API postal code differs from every available source postal code.
32.05.05.2003,Jayaraga,JAYARAGA,JAYARAGA,44150,44122,44151,different,different,different,api_differs_available_sources,yes,no,API postal code differs from every available source postal code.
32.05.05.2004,Haurpanggung,HAURPANGGUNG,HAURPANGGUNG,44150,44124,44151,different,different,different,api_differs_available_sources,yes,no,API postal code differs from every available source postal code.
32.05.05.2005,Cibunar,CIBUNAR,CIBUNAR,44150,44129,44151,different,different,different,api_differs_available_sources,yes,no,API postal code differs from every available source postal code.
32.05.05.2007,Sukabakti,SUKABAKTI,SUKABAKTI,44150,44129,44151,different,different,different,api_differs_available_sources,yes,no,API postal code differs from every available source postal code.
32.05.05.2008,Tarogong,TAROGONG,TAROGONG,44150,44126,44151,different,different,different,api_differs_available_sources,yes,no,API postal code differs from every available source postal code.
32.05.05.2010,Mekargalih,MEKARGALIH,MEKARGALIH,44150,44129,44151,different,different,different,api_differs_available_sources,yes,no,API postal code differs from every available source postal code.
32.05.05.2011,Kersamenak,KERSAMENAK,KERSAMENAK,44150,44129,44151,different,different,different,api_differs_available_sources,yes,no,API postal code differs from every available source postal code.
32.05.08.2001,Pasirwangi,PASIRWANGI,PASIRWANGI,44161,44154,44161,different,different,match,api_matches_odj,yes,no,
32.05.08.2002,Pasirkiamis,PASIRKIAMIS,PASIRKIAMIS,44161,44154,44161,different,different,match,api_matches_odj,yes,no,
32.05.08.2003,Padasuka,PADASUKA,PADASUKA,44161,44154,44161,different,different,match,api_matches_odj,yes,no,
32.05.08.2004,Karyamekar,KARYAMEKAR,KARYAMEKAR,44161,44154,44161,different,different,match,api_matches_odj,yes,no,
32.05.08.2005,Padawaas (Padaawas),PADAWAAS,PADAWAAS,44161,44154,44161,different,different,match,api_matches_odj,yes,yes,
32.05.08.2006,Padaasih,PADAASIH,PADAASIH,44161,44154,44161,different,different,match,api_matches_odj,yes,no,
32.05.08.2007,Barusari,BARUSARI,BARUSARI,44161,44154,44161,different,different,match,api_matches_odj,yes,no,
32.05.08.2008,Talaga,TALAGA,TALAGA,44161,44154,44161,different,different,match,api_matches_odj,yes,no,
32.05.08.2009,Padamukti,PADAMUKTI,PADAMUKTI,44161,44154,44161,different,different,match,api_matches_odj,yes,no,
32.05.08.2011,Sarimukti,SARIMUKTI,SARIMUKTI,44161,44154,44161,different,different,match,api_matches_odj,yes,no,
32.05.08.2012,Padamulya,PADAMULYA,PADAMULYA,44161,44154,44161,different,different,match,api_matches_odj,yes,no,
32.05.09.2006,Cangkuang,CANGKUANG,CANGKUANG,44119,44152,44119,different,different,match,api_matches_odj,yes,no,
32.05.13.2001,Kersamanah,KERSAMANAH,KERSAMANAH,44189,44194,44185,different,different,different,api_differs_available_sources,yes,no,API postal code differs from every available source postal code.
32.05.13.2002,Nanjungjaya,NANJUNGJAYA,NANJUNGJAYA,44189,44194,44185,different,different,different,api_differs_available_sources,yes,no,API postal code differs from every available source postal code.
32.05.13.2003,Sukamerang,SUKAMERANG,SUKAMERANG,44189,44194,44185,different,different,different,api_differs_available_sources,yes,no,API postal code differs from every available source postal code.
32.05.13.2004,Girijaya,GIRIJAYA,GIRIJAYA,44189,44194,44185,different,different,different,api_differs_available_sources,yes,no,API postal code differs from every available source postal code.
32.05.13.2005,Sukamaju,SUKAMAJU,SUKAMAJU,44189,44194,44185,different,different,different,api_differs_available_sources,yes,no,API postal code differs from every available source postal code.
32.05.13.2006,Mekarraya,MEKARRAYA,MEKARRAYA,44189,44194,44185,different,different,different,api_differs_available_sources,yes,no,API postal code differs from every available source postal code.
32.05.16.2001,Caringin,CARINGIN,CARINGIN,44184,44189,44184,different,different,match,api_matches_odj,yes,no,
32.05.16.2002,Cintamanik,CINTAMANIK,CINTAMANIK,44184,44189,44184,different,different,match,api_matches_odj,yes,no,
32.05.16.2003,Cinta,CINTA,CINTA,44184,44189,44184,different,different,match,api_matches_odj,yes,no,
32.05.16.2004,Sindanggalih,SINDANGGALIH,SINDANGGALIH,44184,44189,44184,different,different,match,api_matches_odj,yes,no,
32.05.17.2018,Sukamanah,SUKAMANAH,SUKAMANAH,44162,44188,44162,different,different,match,api_matches_odj,yes,no,
32.05.18.2001,Cigedug,CIGEDUG,CIGEDUG,44116,44156,44116,different,different,match,api_matches_odj,yes,no,
32.05.18.2002,Barusuda,BARUSUDA,BARUSUDA,44116,44156,44116,different,different,match,api_matches_odj,yes,no,
32.05.18.2003,Sukahurip,SUKAHURIP,SUKAHURIP,44116,44156,44116,different,different,match,api_matches_odj,yes,no,
32.05.18.2004,Sindangsari,SINDANGSARI,SINDANGSARI,44116,44156,44116,different,different,match,api_matches_odj,yes,no,
32.05.18.2005,Cintanagara,CINTANAGARA,CINTANAGARA,44116,44156,44116,different,different,match,api_matches_odj,yes,no,
32.05.21.2001,Sukaresmi,SUKARESMI,SUKARESMI,44154,44155,42265,different,different,different,api_differs_available_sources,yes,no,API postal code differs from every available source postal code.
32.05.21.2002,Cintadamai,CINTADAMAI,CINTADAMAI,44154,44155,44163,different,different,different,api_differs_available_sources,yes,no,API postal code differs from every available source postal code.
32.05.21.2003,Mekarjaya,MEKARJAYA,MEKARJAYA,44154,44155,44163,different,different,different,api_differs_available_sources,yes,no,API postal code differs from every available source postal code.
32.05.21.2004,Sukajaya,SUKAJAYA,SUKAJAYA,44154,44155,44163,different,different,different,api_differs_available_sources,yes,no,API postal code differs from every available source postal code.
32.05.21.2005,Sukamulya,SUKAMULYA,SUKAMULYA,44154,44155,44163,different,different,different,api_differs_available_sources,yes,no,API postal code differs from every available source postal code.
32.05.21.2006,Padamukti,PADAMUKTI,PADAMUKTI,44154,44155,44163,different,different,different,api_differs_available_sources,yes,no,API postal code differs from every available source postal code.
32.05.21.2007,Sukalilah,SUKALILAH,SUKALILAH,44154,44185,44163,different,different,different,api_differs_available_sources,yes,no,API postal code differs from every available source postal code.
32.05.22.2012,Kramatwangi,KRAMATWANGI,KRAMATWANGI,44171,44163,44171,different,different,match,api_matches_odj,yes,no,
32.05.25.2001,Cihurip,CIHURIP,CIHURIP,44173,44179,44173,different,different,match,api_matches_odj,yes,no,
32.05.25.2002,Cisangkal,CISANGKAL,CISANGKAL,44173,44179,44173,different,different,match,api_matches_odj,yes,no,
32.05.25.2003,Mekarwangi,MEKARWANGI,MEKARWANGI,44173,44179,44173,different,different,match,api_matches_odj,yes,no,
32.05.25.2004,Jayamukti,JAYAMUKTI,JAYAMUKTI,44173,44179,44173,different,different,match,api_matches_odj,yes,no,
32.05.28.2003,Margamulya,MARGAMULYA,MARGAMULYA,44174,44171,44174,different,different,match,api_matches_odj,yes,no,
32.05.29.2002,Maroko,MAROKO,MAROKO,44176,,44176,open_data_jabar_only,source_postal_missing,match,api_matches_odj,yes,no,
32.05.29.2008,Mekar Mukti (Mekarmukti),MEKAR MUKTI,MEKAR MUKTI,44176,44199,44176,different,different,match,api_matches_odj,yes,yes,
32.05.30.2008,Girimukti,GIRIMUKTI,GIRIMUKTI,44177,44166,44177,different,different,match,api_matches_odj,yes,no,
32.05.31.2006,Margalaksana,MARGALAKSANA,MARGALAKSANA,44165,44181,44165,different,different,match,api_matches_odj,yes,no,
32.05.32.2001,Mekarmukti,MEKARMUKTI,MEKARMUKTI,44155,44199,44165,different,different,different,api_differs_available_sources,yes,no,API postal code differs from every available source postal code.
32.05.32.2002,Karangwangi,KARANGWANGI,KARANGWANGI,44155,44199,44165,different,different,different,api_differs_available_sources,yes,no,API postal code differs from every available source postal code.
32.05.32.2003,Jayabaya (Jagabaya),JAYABAYA,JAYABAYA,44155,40374,44165,different,different,different,api_differs_available_sources,yes,yes,API postal code differs from every available source postal code.
32.05.32.2004,Cijayana,CIJAYANA,CIJAYANA,44155,44199,44165,different,different,different,api_differs_available_sources,yes,no,API postal code differs from every available source postal code.
32.05.32.2005,Mekarsari,MEKARSARI,MEKARSARI,44155,44199,44165,different,different,different,api_differs_available_sources,yes,no,API postal code differs from every available source postal code.
32.05.33.2003,Tanjungmulya,TANJUNGMULYA,TANJUNGMULYA,44164,44168,44164,different,different,match,api_matches_odj,yes,no,
32.05.33.2010,Tegalgede,TEGALGEDE,TEGALGEDE,44164,44168,44164,different,different,match,api_matches_odj,yes,no,
32.05.34.2001,Pakenjeng,PAKENJENG,PAKENJENG,44168,44168,44164,different,match,different,api_matches_diskominfo,yes,no,
32.05.34.2002,Garumukti,GARUMUKTI,GARUMUKTI,44168,44163,44168,different,different,match,api_matches_odj,yes,no,
32.05.34.2003,Panawa,PANAWA,PANAWA,44168,44163,44168,different,different,match,api_matches_odj,yes,no,
32.05.34.2005,Linggarjati,LINGGARJATI,LINGGARJATI,44168,44163,44168,different,different,match,api_matches_odj,yes,no,
32.05.36.2001,Caringin,CARINGIN,CARINGIN,44166,44169,44166,different,different,match,api_matches_odj,yes,no,
32.05.36.2002,Indralayang,INDRALAYANG,INDRALAYANG,44166,44169,44166,different,different,match,api_matches_odj,yes,no,
32.05.36.2003,Cimahi,CIMAHI,CIMAHI,44166,44169,44166,different,different,match,api_matches_odj,yes,no,
32.05.36.2004,Sukarame,SUKARAME,SUKARAME,44166,44169,44166,different,different,match,api_matches_odj,yes,no,
32.05.36.2005,Purbayani,PURBAYANI,PURBAYANI,44166,44169,44166,different,different,match,api_matches_odj,yes,no,
32.05.37.2003,Mekarmukti,MEKARMUKTI,MEKARMUKTI,44167,44199,44167,different,different,match,api_matches_odj,yes,no,
32.05.37.2004,Mekarmulya,MEKARMULYA,MEKARMULYA,44167,44188,44167,different,different,match,api_matches_odj,yes,no,
32.05.41.2001,Citangtu,CITANGTU,CITANGTU,44183,44195,44183,different,different,match,api_matches_odj,yes,no,
32.05.41.2002,Cimarabas (Cimaragas),CIMARABAS,CIMARABAS,44183,44195,44183,different,different,match,api_matches_odj,yes,yes,
32.05.41.2003,Babakan Loa (Babakanloa),BABAKAN LOA,BABAKAN LOA,44183,44195,44183,different,different,match,api_matches_odj,yes,yes,
32.05.41.2004,Sukahurip,SUKAHURIP,SUKAHURIP,44183,44195,44183,different,different,match,api_matches_odj,yes,no,
32.05.41.2005,Sukamulya,SUKAMULYA,SUKAMULYA,44183,44195,44183,different,different,match,api_matches_odj,yes,no,
32.05.41.2006,Cihuni,CIHUNI,CIHUNI,44183,44195,44183,different,different,match,api_matches_odj,yes,no,
32.05.41.2007,Sukarasa,SUKARASA,SUKARASA,44183,44195,44183,different,different,match,api_matches_odj,yes,no,
32.05.41.2008,Karangsari,KARANGSARI,KARANGSARI,44183,44195,44183,different,different,match,api_matches_odj,yes,no,
32.05.42.2001,Sadang,SADANG,SADANG,44115,44196,44115,different,different,match,api_matches_odj,yes,no,
32.05.42.2002,Sukaratu,SUKARATU,SUKARATU,44115,44196,44115,different,different,match,api_matches_odj,yes,no,
32.05.42.2003,Tenjonagara,TENJONAGARA,TENJONAGARA,44115,44196,44115,different,different,match,api_matches_odj,yes,no,
32.05.42.2004,Tegalpanjang,TEGALPANJANG,TEGALPANJANG,44115,44196,44115,different,different,match,api_matches_odj,yes,no,
32.05.42.2005,Cigadog,CIGADOG,CIGADOG,44115,44196,44115,different,different,match,api_matches_odj,yes,no,
32.05.42.2006,Linggamukti,LINGGAMUKTI,LINGGAMUKTI,44115,44196,44115,different,different,match,api_matches_odj,yes,no,
32.05.42.2007,Sukalaksana,SUKALAKSANA,SUKALAKSANA,44115,44196,44115,different,different,match,api_matches_odj,yes,no,
32.06.01.2001,Ciheras,CIHERAS,CIHERAS,46187,46489,46189,different,different,different,api_differs_available_sources,yes,no,API postal code differs from every available source postal code.
32.06.01.2002,Cipatujah,CIPATUJAH,CIPATUJAH,46187,46489,46189,different,different,different,api_differs_available_sources,yes,no,API postal code differs from every available source postal code.
32.06.01.2003,Sindangkerta,SINDANGKERTA,SINDANGKERTA,46187,46489,46189,different,different,different,api_differs_available_sources,yes,no,API postal code differs from every available source postal code.
32.06.01.2004,Cikawunggading (Cikawungading),CIKAWUNGGADING,CIKAWUNGGADING,46187,46489,46189,different,different,different,api_differs_available_sources,yes,yes,API postal code differs from every available source postal code.
32.06.01.2005,Bantarkalong,BANTARKALONG,BANTARKALONG,46187,46489,46187,different,different,match,api_matches_odj,yes,no,
32.06.01.2006,Darawati,DARAWATI,DARAWATI,46187,46489,46189,different,different,different,api_differs_available_sources,yes,no,API postal code differs from every available source postal code.
32.06.01.2007,Nagrog,NAGROG,NAGROG,46187,46489,46189,different,different,different,api_differs_available_sources,yes,no,API postal code differs from every available source postal code.
32.06.01.2008,Pameutingan,PAMEUTINGAN,PAMEUTINGAN,46187,46489,46189,different,different,different,api_differs_available_sources,yes,no,API postal code differs from every available source postal code.
32.06.01.2009,Tobongjaya,TOBONGJAYA,TOBONGJAYA,46187,46489,46189,different,different,different,api_differs_available_sources,yes,no,API postal code differs from every available source postal code.
32.06.01.2010,Cipanas,CIPANAS,CIPANAS,46187,46489,46189,different,different,different,api_differs_available_sources,yes,no,API postal code differs from every available source postal code.
32.06.01.2011,Kertasari,KERTASARI,KERTASARI,46187,46489,46189,different,different,different,api_differs_available_sources,yes,no,API postal code differs from every available source postal code.
32.06.01.2012,Ciandum,CIANDUM,CIANDUM,46187,46489,46189,different,different,different,api_differs_available_sources,yes,no,API postal code differs from every available source postal code.
32.06.01.2013,Nangelasari,NANGELASARI,NANGELASARI,46187,46489,46189,different,different,different,api_differs_available_sources,yes,no,API postal code differs from every available source postal code.
32.06.01.2014,Padawaras,PADAWARAS,PADAWARAS,46187,46489,46189,different,different,different,api_differs_available_sources,yes,no,API postal code differs from every available source postal code.
32.06.01.2015,Sukahurip,SUKAHURIP,SUKAHURIP,46187,46489,46189,different,different,different,api_differs_available_sources,yes,no,API postal code differs from every available source postal code.
32.06.02.2001,Cidadap,CIDADAP,CIDADAP,46186,46486,46186,different,different,match,api_matches_odj,yes,no,
32.06.02.2002,Ciawi,CIAWI,CIAWI,46186,46486,46186,different,different,match,api_matches_odj,yes,no,
32.06.02.2003,Cikupa,CIKUPA,CIKUPA,46186,46486,46186,different,different,match,api_matches_odj,yes,no,
32.06.02.2004,Karangnunggal,KARANGNUNGGAL,KARANGNUNGGAL,46186,46486,46186,different,different,match,api_matches_odj,yes,no,
32.06.02.2005,Karangmekar,KARANGMEKAR,KARANGMEKAR,46186,46486,46186,different,different,match,api_matches_odj,yes,no,
32.06.02.2006,Cikukulu,CIKUKULU,CIKUKULU,46186,46486,46186,different,different,match,api_matches_odj,yes,no,
32.06.02.2007,Cibatuireng,CIBATUIRENG,CIBATUIRENG,46186,46486,46186,different,different,match,api_matches_odj,yes,no,
32.06.02.2008,Cibatu,CIBATU,CIBATU,46186,46486,46186,different,different,match,api_matches_odj,yes,no,
32.06.02.2009,Sarimanggu,SARIMANGGU,SARIMANGGU,46186,46486,46186,different,different,match,api_matches_odj,yes,no,
32.06.02.2010,Sukawangun,SUKAWANGUN,SUKAWANGUN,46186,46483,46186,different,different,match,api_matches_odj,yes,no,
32.06.02.2011,Cintawangi,CINTAWANGI,CINTAWANGI,46186,46486,46186,different,different,match,api_matches_odj,yes,no,
32.06.02.2012,Cikapinis,CIKAPINIS,CIKAPINIS,46186,46486,46186,different,different,match,api_matches_odj,yes,no,
32.06.02.2013,Sarimukti,SARIMUKTI,SARIMUKTI,46186,46486,46186,different,different,match,api_matches_odj,yes,no,
32.06.02.2014,Kujang,KUJANG,KUJANG,46186,46486,46186,different,different,match,api_matches_odj,yes,no,
32.06.03.2001,Cikalong,CIKALONG,CIKALONG,46195,46495,46195,different,different,match,api_matches_odj,yes,no,
32.06.03.2002,Kalapagenep,KALAPAGENEP,KALAPAGENEP,46195,46495,46195,different,different,match,api_matches_odj,yes,no,
32.06.03.2003,Cikancra,CIKANCRA,CIKANCRA,46195,46495,46195,different,different,match,api_matches_odj,yes,no,
32.06.03.2004,Singkir,SINGKIR,SINGKIR,46195,46495,46195,different,different,match,api_matches_odj,yes,no,
32.06.03.2005,Panyiaran,PANYIARAN,PANYIARAN,46195,46495,46195,different,different,match,api_matches_odj,yes,no,
32.06.03.2006,Cibeber,CIBEBER,CIBEBER,46195,46495,46195,different,different,match,api_matches_odj,yes,no,
32.06.03.2007,Cikadu,CIKADU,CIKADU,46195,46495,46195,different,different,match,api_matches_odj,yes,no,
32.06.03.2008,Mandalajaya,MANDALAJAYA,MANDALAJAYA,46195,46495,46195,different,different,match,api_matches_odj,yes,no,
32.06.03.2009,Cidadali,CIDADALI,CIDADALI,46195,46495,46195,different,different,match,api_matches_odj,yes,no,
32.06.03.2010,Cimanuk,CIMANUK,CIMANUK,46195,46495,46195,different,different,match,api_matches_odj,yes,no,
32.06.03.2011,Sindangjaya,SINDANGJAYA,SINDANGJAYA,46195,46495,46195,different,different,match,api_matches_odj,yes,no,
32.06.03.2012,Kubangsari,KUBANGSARI,KUBANGSARI,46195,46495,46195,different,different,match,api_matches_odj,yes,no,
32.06.03.2013,Tonjongsari,TONJONGSARI,TONJONGSARI,46195,46495,46195,different,different,match,api_matches_odj,yes,no,
32.06.04.2001,Cibuniasih,CIBUNIASIH,CIBUNIASIH,46194,46494,46194,different,different,match,api_matches_odj,yes,no,
32.06.04.2002,Pangliaran,PANGLIARAN,PANGLIARAN,46194,46494,46194,different,different,match,api_matches_odj,yes,no,
32.06.04.2003,Tonjong,TONJONG,TONJONG,46194,46494,46194,different,different,match,api_matches_odj,yes,no,
32.06.04.2004,Cibongas,CIBONGAS,CIBONGAS,46194,46494,46194,different,different,match,api_matches_odj,yes,no,
32.06.04.2005,Tawang,TAWANG,TAWANG,46194,46494,46194,different,different,match,api_matches_odj,yes,no,
32.06.04.2006,Neglasari,NEGLASARI,NEGLASARI,46194,46471,46194,different,different,match,api_matches_odj,yes,no,
32.06.04.2007,Cikawung,CIKAWUNG,CIKAWUNG,46194,46494,46194,different,different,match,api_matches_odj,yes,no,
32.06.04.2008,Jayamukti,JAYAMUKTI,JAYAMUKTI,46194,46464,46194,different,different,match,api_matches_odj,yes,no,
32.06.04.2009,Margaluyu,MARGALUYU,MARGALUYU,46194,46497,46194,different,different,match,api_matches_odj,yes,no,
32.06.04.2010,Mekarsari,MEKARSARI,MEKARSARI,46194,46494,46194,different,different,match,api_matches_odj,yes,no,
32.06.04.2011,Pancawangi,PANCAWANGI,PANCAWANGI,46194,46494,46194,different,different,match,api_matches_odj,yes,no,
32.06.05.2001,Gunungsari,GUNUNGSARI,GUNUNGSARI,46193,46493,46193,different,different,match,api_matches_odj,yes,no,
32.06.05.2002,Cilumba,CILUMBA,CILUMBA,46193,46493,46193,different,different,match,api_matches_odj,yes,no,
32.06.05.2003,Pakemitan,PAKEMITAN,PAKEMITAN,46193,46493,46193,different,different,match,api_matches_odj,yes,no,
32.06.05.2004,Cogreg,COGREG,COGREG,46193,46493,46193,different,different,match,api_matches_odj,yes,no,
32.06.05.2005,Cayur,CAYUR,CAYUR,46193,46493,46193,different,different,match,api_matches_odj,yes,no,
32.06.05.2006,Lengkongbarang,LENGKONGBARANG,LENGKONGBARANG,46193,46493,46193,different,different,match,api_matches_odj,yes,no,
32.06.05.2007,Sindangasih,SINDANGASIH,SINDANGASIH,46193,46493,46193,different,different,match,api_matches_odj,yes,no,
32.06.05.2008,Tanjungbarang,TANJUNGBARANG,TANJUNGBARANG,46193,46493,46193,different,different,match,api_matches_odj,yes,no,
32.06.05.2009,Linggalaksana,LINGGALAKSANA,LINGGALAKSANA,46193,46493,46193,different,different,match,api_matches_odj,yes,no,
32.06.06.2001,Cisempur,CISEMPUR,CISEMPUR,46185,46485,46185,different,different,match,api_matches_odj,yes,no,
32.06.06.2002,Setiawaras,SETIAWARAS,SETIAWARAS,46185,46485,46185,different,different,match,api_matches_odj,yes,no,
32.06.06.2003,Eureunpalay,EUREUNPALAY,EUREUNPALAY,46185,46485,46185,different,different,match,api_matches_odj,yes,no,
32.06.06.2004,Cibalong,CIBALONG,CIBALONG,46185,46485,46185,different,different,match,api_matches_odj,yes,no,
32.06.06.2005,Singajaya,SINGAJAYA,SINGAJAYA,46185,46485,46185,different,different,match,api_matches_odj,yes,no,
32.06.06.2006,Parung,PARUNG,PARUNG,46185,46485,46185,different,different,match,api_matches_odj,yes,no,
32.06.07.2001,Parungponteng,PARUNGPONTENG,PARUNGPONTENG,46189,46476,46185,different,different,different,api_differs_available_sources,yes,no,API postal code differs from every available source postal code.
32.06.07.2002,Cigunung,CIGUNUNG,CIGUNUNG,46189,46476,46185,different,different,different,api_differs_available_sources,yes,no,API postal code differs from every available source postal code.
32.06.07.2003,Cibanteng,CIBANTENG,CIBANTENG,46189,46476,46185,different,different,different,api_differs_available_sources,yes,no,API postal code differs from every available source postal code.
32.06.07.2004,Barumekar,BARUMEKAR,BARUMEKAR,46189,46476,46185,different,different,different,api_differs_available_sources,yes,no,API postal code differs from every available source postal code.
32.06.07.2005,Cibungur,CIBUNGUR,CIBUNGUR,46189,46476,46185,different,different,different,api_differs_available_sources,yes,no,API postal code differs from every available source postal code.
32.06.07.2006,Burujuljaya,BURUJULJAYA,BURUJULJAYA,46189,46476,46185,different,different,different,api_differs_available_sources,yes,no,API postal code differs from every available source postal code.
32.06.07.2008,Karyabakti,KARYABAKTI,KARYABAKTI,46189,46476,46185,different,different,different,api_differs_available_sources,yes,no,API postal code differs from every available source postal code.
32.06.08.2001,Simpang,SIMPANG,SIMPANG,46187,46487,46187,different,different,match,api_matches_odj,yes,no,
32.06.08.2002,Parakanhonje,PARAKANHONJE,PARAKANHONJE,46187,46487,46187,different,different,match,api_matches_odj,yes,no,
32.06.08.2003,Pamijahan,PAMIJAHAN,PAMIJAHAN,46187,46487,46187,different,different,match,api_matches_odj,yes,no,
32.06.08.2004,Sukamaju,SUKAMAJU,SUKAMAJU,46188,46487,46188,different,different,match,api_matches_odj,yes,no,
32.06.08.2005,Wangunsari,WANGUNSARI,WANGUNSARI,46187,46487,46187,different,different,match,api_matches_odj,yes,no,
32.06.08.2006,Hegarwangi,HEGARWANGI,HEGARWANGI,46187,46487,46187,different,different,match,api_matches_odj,yes,no,
32.06.08.2007,Wakap,WAKAP,WAKAP,46168,46487,46168,different,different,match,api_matches_odj,yes,no,
32.06.08.2008,Sirnagalih,SIRNAGALIH,SIRNAGALIH,46187,46487,46187,different,different,match,api_matches_odj,yes,no,
32.06.09.2001,Mertajaya,MERTAJAYA,MERTAJAYA,46475,46477,46475,different,different,match,api_matches_odj,yes,no,
32.06.09.2002,Cikadongdong,CIKADONGDONG,CIKADONGDONG,46475,46477,46475,different,different,match,api_matches_odj,yes,no,
32.06.09.2003,Bojongasih,BOJONGASIH,BOJONGASIH,46475,46477,46475,different,different,match,api_matches_odj,yes,no,
32.06.09.2004,Sindangsari,SINDANGSARI,SINDANGSARI,46475,46477,46475,different,different,match,api_matches_odj,yes,no,
32.06.09.2005,Girijaya,GIRIJAYA,GIRIJAYA,46475,46477,46475,different,different,match,api_matches_odj,yes,no,
32.06.09.2006,Toblongan,TOBLONGAN,TOBLONGAN,46475,46477,46475,different,different,match,api_matches_odj,yes,no,
32.06.10.2001,Cikuya,CIKUYA,CIKUYA,46188,46488,46188,different,different,match,api_matches_odj,yes,no,
32.06.10.2002,Cintabodas,CINTABODAS,CINTABODAS,46188,46488,46188,different,different,match,api_matches_odj,yes,no,
32.06.10.2003,Cipicung,CIPICUNG,CIPICUNG,46188,46488,46188,different,different,match,api_matches_odj,yes,no,
32.06.10.2004,Bojongsari,BOJONGSARI,BOJONGSARI,46188,46488,46188,different,different,match,api_matches_odj,yes,no,
32.06.10.2005,Mekarlaksana,MEKARLAKSANA,MEKARLAKSANA,46188,46488,46188,different,different,match,api_matches_odj,yes,no,
32.06.13.2009,Pageralam,PAGERALAM,PAGERALAM,46474,46462,46474,different,different,match,api_matches_odj,yes,no,
32.06.15.2001,Mandalasari,MANDALASARI,MANDALASARI,46471,46472,46471,different,different,match,api_matches_odj,yes,no,
32.06.15.2002,Sukasari,SUKASARI,SUKASARI,46471,46472,46471,different,different,match,api_matches_odj,yes,no,
32.06.15.2003,Puspasari,PUSPASARI,PUSPASARI,46471,46472,46471,different,different,match,api_matches_odj,yes,no,
32.06.15.2004,Puspahiang,PUSPAHIANG,PUSPAHIANG,46471,46472,46471,different,different,match,api_matches_odj,yes,no,
32.06.15.2005,Luyubakti,LUYUBAKTI,LUYUBAKTI,46471,46472,46471,different,different,match,api_matches_odj,yes,no,
32.06.15.2006,Pusparahayu,PUSPARAHAYU,PUSPARAHAYU,46471,46472,46471,different,different,match,api_matches_odj,yes,no,
32.06.15.2007,Cimanggu,CIMANGGU,CIMANGGU,46471,46472,46471,different,different,match,api_matches_odj,yes,no,
32.06.15.2008,Puspajaya,PUSPAJAYA,PUSPAJAYA,46471,46472,46471,different,different,match,api_matches_odj,yes,no,
32.06.16.2001,Cikeusal,CIKEUSAL,CIKEUSAL,46184,46484,46184,different,different,match,api_matches_odj,yes,no,
32.06.16.2002,Cibalanarik,CIBALANARIK,CIBALANARIK,46184,46484,46184,different,different,match,api_matches_odj,yes,no,
32.06.16.2003,Sukanagara,SUKANAGARA,SUKANAGARA,46184,46484,46184,different,different,match,api_matches_odj,yes,no,
32.06.16.2004,Tanjungjaya,TANJUNGJAYA,TANJUNGJAYA,46184,46484,46184,different,different,match,api_matches_odj,yes,no,
32.06.16.2005,Cilolohan,CILOLOHAN,CILOLOHAN,46184,46484,46184,different,different,match,api_matches_odj,yes,no,
32.06.16.2006,Cintajaya,CINTAJAYA,CINTAJAYA,46184,46484,46184,different,different,match,api_matches_odj,yes,no,
32.06.16.2007,Sukasenang,SUKASENANG,SUKASENANG,46184,46484,46184,different,different,match,api_matches_odj,yes,no,
32.06.17.2001,Sukapura,SUKAPURA,SUKAPURA,46183,46483,46183,different,different,match,api_matches_odj,yes,no,
32.06.17.2002,Leuwibudah,LEUWIBUDAH,LEUWIBUDAH,46183,46483,46183,different,different,match,api_matches_odj,yes,no,
32.06.17.2003,Sirnajaya,SIRNAJAYA,SIRNAJAYA,46183,46483,46183,different,different,match,api_matches_odj,yes,no,
32.06.17.2004,Mekarjaya,MEKARJAYA,MEKARJAYA,46183,46466,46183,different,different,match,api_matches_odj,yes,no,
32.06.17.2005,Linggaraja,LINGGARAJA,LINGGARAJA,46183,46483,46183,different,different,match,api_matches_odj,yes,no,
32.06.17.2006,Janggala,JANGGALA,JANGGALA,46183,46483,46183,different,different,match,api_matches_odj,yes,no,
32.06.17.2007,Margalaksana,MARGALAKSANA,MARGALAKSANA,46183,46483,46183,different,different,match,api_matches_odj,yes,no,
32.06.17.2008,Tarunajaya,TARUNAJAYA,TARUNAJAYA,46183,46483,46183,different,different,match,api_matches_odj,yes,no,
32.06.18.2001,Mandalahayu,MANDALAHAYU,MANDALAHAYU,46192,46492,46192,different,different,match,api_matches_odj,yes,no,
32.06.18.2002,Mulyasari,MULYASARI,MULYASARI,46192,46149,46192,different,different,match,api_matches_odj,yes,no,
32.06.18.2003,Kawitan,KAWITAN,KAWITAN,46192,46492,46192,different,different,match,api_matches_odj,yes,no,
32.06.18.2004,Mandalawangi,MANDALAWANGI,MANDALAWANGI,46192,46492,46192,different,different,match,api_matches_odj,yes,no,
32.06.18.2005,Karyawangi,KARYAWANGI,KARYAWANGI,46192,46492,46192,different,different,match,api_matches_odj,yes,no,
32.06.18.2006,Tanjungsari,TANJUNGSARI,TANJUNGSARI,46192,46471,46192,different,different,match,api_matches_odj,yes,no,
32.06.18.2007,Mandalaguna,MANDALAGUNA,MANDALAGUNA,46192,46492,46192,different,different,match,api_matches_odj,yes,no,
32.06.18.2008,Karyamandala,KARYAMANDALA,KARYAMANDALA,46192,46492,46192,different,different,match,api_matches_odj,yes,no,
32.06.18.2009,Banjarwaringin,BANJARWARINGIN,BANJARWARINGIN,46192,46492,46192,different,different,match,api_matches_odj,yes,no,
32.06.19.2001,Kaputihan,KAPUTIHAN,KAPUTIHAN,46180,46491,46185,different,different,different,api_differs_available_sources,yes,no,API postal code differs from every available source postal code.
32.06.19.2002,Setiawangi,SETIAWANGI,SETIAWANGI,46180,46491,46185,different,different,different,api_differs_available_sources,yes,no,API postal code differs from every available source postal code.
32.06.19.2003,Sukakerta,SUKAKERTA,SUKAKERTA,46180,46491,46185,different,different,different,api_differs_available_sources,yes,no,API postal code differs from every available source postal code.
32.06.19.2004,Neglasari,NEGLASARI,NEGLASARI,46180,46491,46185,different,different,different,api_differs_available_sources,yes,no,API postal code differs from every available source postal code.
32.06.19.2005,Jatiwaras,JATIWARAS,JATIWARAS,46180,46491,46185,different,different,different,api_differs_available_sources,yes,no,API postal code differs from every available source postal code.
32.06.19.2006,Papayan,PAPAYAN,PAPAYAN,46180,46491,46185,different,different,different,api_differs_available_sources,yes,no,API postal code differs from every available source postal code.
32.06.19.2007,Ciwarak,CIWARAK,CIWARAK,46180,46491,46185,different,different,different,api_differs_available_sources,yes,no,API postal code differs from every available source postal code.
32.06.19.2008,Kersagalih,KERSAGALIH,KERSAGALIH,46180,46491,46185,different,different,different,api_differs_available_sources,yes,no,API postal code differs from every available source postal code.
32.06.19.2009,Mandalamekar,MANDALAMEKAR,MANDALAMEKAR,46180,46491,46185,different,different,different,api_differs_available_sources,yes,no,API postal code differs from every available source postal code.
32.06.19.2010,Kertarahayu,KERTARAHAYU,KERTARAHAYU,46180,46491,46185,different,different,different,api_differs_available_sources,yes,no,API postal code differs from every available source postal code.
32.06.20.2001,Cisarua,CISARUA,CISARUA,46198,46498,46198,different,different,match,api_matches_odj,yes,no,
32.06.20.2002,Cikondang,CIKONDANG,CIKONDANG,46198,46496,46198,different,different,match,api_matches_odj,yes,no,
32.06.20.2003,Cijulang,CIJULANG,CIJULANG,46198,46262,46198,different,different,match,api_matches_odj,yes,no,
32.06.20.2004,Ciampanan,CIAMPANAN,CIAMPANAN,46198,46498,46198,different,different,match,api_matches_odj,yes,no,
32.06.20.2005,Cineam,CINEAM,CINEAM,46198,46498,46198,different,different,match,api_matches_odj,yes,no,
32.06.20.2006,Rajadatu,RAJADATU,RAJADATU,46198,46498,46198,different,different,match,api_matches_odj,yes,no,
32.06.20.2007,Ancol,ANCOL,ANCOL,46198,46498,46198,different,different,match,api_matches_odj,yes,no,
32.06.20.2008,Nagaratengah,NAGARATENGAH,NAGARATENGAH,46198,46498,46198,different,different,match,api_matches_odj,yes,no,
32.06.20.2009,Pasirmukti,PASIRMUKTI,PASIRMUKTI,46198,46498,46198,different,different,match,api_matches_odj,yes,no,
32.06.20.2010,Madiasari,MADIASARI,MADIASARI,46198,46498,46198,different,different,match,api_matches_odj,yes,no,
32.06.21.2001,Sirnajaya,SIRNAJAYA,SIRNAJAYA,46199,46483,46499,different,different,different,api_differs_available_sources,yes,no,API postal code differs from every available source postal code.
32.06.21.2002,Karang Jaya (Karangjaya),KARANG JAYA,KARANG JAYA,46199,,46499,open_data_jabar_only,source_postal_missing,different,api_differs_available_sources,yes,yes,API postal code differs from every available source postal code.
32.06.21.2003,Karanglayung,KARANGLAYUNG,KARANGLAYUNG,46199,,46499,open_data_jabar_only,source_postal_missing,different,api_differs_available_sources,yes,no,API postal code differs from every available source postal code.
32.06.21.2004,Citalahab,CITALAHAB,CITALAHAB,46199,,46499,open_data_jabar_only,source_postal_missing,different,api_differs_available_sources,yes,no,API postal code differs from every available source postal code.
32.06.22.2001,Cihaur,CIHAUR,CIHAUR,46197,46497,46197,different,different,match,api_matches_odj,yes,no,
32.06.22.2002,Cilangkap,CILANGKAP,CILANGKAP,46197,46497,46197,different,different,match,api_matches_odj,yes,no,
32.06.22.2003,Pasirpanjang,PASIRPANJANG,PASIRPANJANG,46197,46497,46197,different,different,match,api_matches_odj,yes,no,
32.06.22.2004,Cibeber,CIBEBER,CIBEBER,46197,46497,46197,different,different,match,api_matches_odj,yes,no,
32.06.22.2005,Kamulyan,KAMULYAN,KAMULYAN,46197,46497,46197,different,different,match,api_matches_odj,yes,no,
32.06.22.2006,Manonjaya,MANONJAYA,MANONJAYA,46197,46497,46197,different,different,match,api_matches_odj,yes,no,
32.06.22.2007,Margaluyu,MARGALUYU,MARGALUYU,46197,46497,46197,different,different,match,api_matches_odj,yes,no,
32.06.22.2008,Pasirbatang,PASIRBATANG,PASIRBATANG,46197,46497,46197,different,different,match,api_matches_odj,yes,no,
32.06.22.2009,Kalimanggis,KALIMANGGIS,KALIMANGGIS,46197,46497,46197,different,different,match,api_matches_odj,yes,no,
32.06.22.2010,Margahayu,MARGAHAYU,MARGAHAYU,46197,46497,46197,different,different,match,api_matches_odj,yes,no,
32.06.22.2011,Batusumur,BATUSUMUR,BATUSUMUR,46197,46497,46197,different,different,match,api_matches_odj,yes,no,
32.06.22.2012,Gunajaya,GUNAJAYA,GUNAJAYA,46197,46497,46197,different,different,match,api_matches_odj,yes,no,
32.06.23.2005,Tanjungsari,TANJUNGSARI,TANJUNGSARI,46418,46496,46492,different,different,different,api_differs_available_sources,yes,no,API postal code differs from every available source postal code.
32.06.31.2001,Linggajati,LINGGAJATI,LINGGAJATI,46415,46452,46415,different,different,match,api_matches_odj,yes,no,
32.06.31.2002,Tawangbanteng,TAWANGBANTENG,TAWANGBANTENG,46415,46452,46415,different,different,match,api_matches_odj,yes,no,
32.06.31.2003,Sinagar,SINAGAR,SINAGAR,46415,46452,46415,different,different,match,api_matches_odj,yes,no,
32.06.31.2004,Gunungsari,GUNUNGSARI,GUNUNGSARI,46415,46452,46415,different,different,match,api_matches_odj,yes,no,
32.06.31.2005,Sukamahi,SUKAMAHI,SUKAMAHI,46415,46452,46415,different,different,match,api_matches_odj,yes,no,
32.06.31.2006,Sukagalih,SUKAGALIH,SUKAGALIH,46415,46452,46415,different,different,match,api_matches_odj,yes,no,
32.06.31.2007,Sukaratu,SUKARATU,SUKARATU,46415,46452,46415,different,different,match,api_matches_odj,yes,no,
32.06.31.2008,Indrajaya,INDRAJAYA,INDRAJAYA,46415,46452,46415,different,different,match,api_matches_odj,yes,no,
32.06.32.2001,Cisayong,CISAYONG,CISAYONG,46153,46453,46153,different,different,match,api_matches_odj,yes,no,
32.06.32.2002,Sukajadi,SUKAJADI,SUKAJADI,46153,46453,46153,different,different,match,api_matches_odj,yes,no,
32.06.32.2003,Sukasukur,SUKASUKUR,SUKASUKUR,46153,46453,46153,different,different,match,api_matches_odj,yes,no,
32.06.32.2004,Sukamukti,SUKAMUKTI,SUKAMUKTI,46153,46453,46153,different,different,match,api_matches_odj,yes,no,
32.06.32.2005,Nusawangi,NUSAWANGI,NUSAWANGI,46153,46453,46153,different,different,match,api_matches_odj,yes,no,
32.06.32.2006,Cikadu,CIKADU,CIKADU,46153,46453,46153,different,different,match,api_matches_odj,yes,no,
32.06.32.2007,Cileuleus,CILEULEUS,CILEULEUS,46153,46453,46153,different,different,match,api_matches_odj,yes,no,
32.06.32.2008,Jatihurip,JATIHURIP,JATIHURIP,46153,46453,46153,different,different,match,api_matches_odj,yes,no,
32.06.32.2009,Sukasetia,SUKASETIA,SUKASETIA,46153,46453,46153,different,different,match,api_matches_odj,yes,no,
32.06.32.2010,Purwasari,PURWASARI,PURWASARI,46153,46453,46153,different,different,match,api_matches_odj,yes,no,
32.06.32.2011,Sukaraharja,SUKARAHARJA,SUKARAHARJA,46153,46453,46153,different,different,match,api_matches_odj,yes,no,
32.06.32.2012,Mekarwangi,MEKARWANGI,MEKARWANGI,46153,46453,46153,different,different,match,api_matches_odj,yes,no,
32.06.32.2013,Santanamekar,SANTANAMEKAR,SANTANAMEKAR,46153,46453,46153,different,different,match,api_matches_odj,yes,no,
32.06.33.2001,Banyurasa,BANYURASA,BANYURASA,46155,46454,46155,different,different,match,api_matches_odj,yes,no,
32.06.33.2002,Calincing (Calingcing),CALINCING,CALINCING,46155,46454,46155,different,different,match,api_matches_odj,yes,yes,
32.06.33.2003,Sukahening,SUKAHENING,SUKAHENING,46155,46454,46155,different,different,match,api_matches_odj,yes,no,
32.06.33.2004,Kiarajangkung,KIARAJANGKUNG,KIARAJANGKUNG,46155,46454,46155,different,different,match,api_matches_odj,yes,no,
32.06.33.2005,Kudadepa,KUDADEPA,KUDADEPA,46155,46454,46155,different,different,match,api_matches_odj,yes,no,
32.06.33.2006,Banyuresmi,BANYURESMI,BANYURESMI,46155,46454,46155,different,different,match,api_matches_odj,yes,no,
32.06.33.2007,Sundakerta,SUNDAKERTA,SUNDAKERTA,46155,46454,46155,different,different,match,api_matches_odj,yes,no,
32.06.34.2001,Dawagung,DAWAGUNG,DAWAGUNG,46155,46455,46155,different,different,match,api_matches_odj,yes,no,
32.06.34.2002,Rajapolah,RAJAPOLAH,RAJAPOLAH,46155,46455,46155,different,different,match,api_matches_odj,yes,no,
32.06.34.2003,Manggungjaya,MANGGUNGJAYA,MANGGUNGJAYA,46155,46455,46155,different,different,match,api_matches_odj,yes,no,
32.06.34.2004,Manggungsari,MANGGUNGSARI,MANGGUNGSARI,46155,46455,46155,different,different,match,api_matches_odj,yes,no,
32.06.34.2005,Sukaraja,SUKARAJA,SUKARAJA,46183,46455,46183,different,different,match,api_matches_odj,yes,no,
32.06.34.2006,Rajamandala,RAJAMANDALA,RAJAMANDALA,46155,46455,46155,different,different,match,api_matches_odj,yes,no,
32.06.34.2007,Sukanagalih,SUKANAGALIH,SUKANAGALIH,46155,46455,46155,different,different,match,api_matches_odj,yes,no,
32.06.34.2008,Tanjungpura,TANJUNGPURA,TANJUNGPURA,46155,46455,46155,different,different,match,api_matches_odj,yes,no,
32.06.35.2001,Condong,CONDONG,CONDONG,46175,46451,46175,different,different,match,api_matches_odj,yes,no,
32.06.35.2002,Bojonggaok,BOJONGGAOK,BOJONGGAOK,46175,46451,46175,different,different,match,api_matches_odj,yes,no,
32.06.35.2003,Sindangraja,SINDANGRAJA,SINDANGRAJA,46175,46451,46175,different,different,match,api_matches_odj,yes,no,
32.06.35.2004,Karangmulya,KARANGMULYA,KARANGMULYA,46175,46451,46175,different,different,match,api_matches_odj,yes,no,
32.06.35.2005,Geresik,GERESIK,GERESIK,46175,46451,46175,different,different,match,api_matches_odj,yes,no,
32.06.35.2006,Karangsembung,KARANGSEMBUNG,KARANGSEMBUNG,46175,46451,46175,different,different,match,api_matches_odj,yes,no,
32.06.35.2007,Tanjungmekar,TANJUNGMEKAR,TANJUNGMEKAR,46175,46451,46175,different,different,match,api_matches_odj,yes,no,
32.06.35.2008,Karangresik,KARANGRESIK,KARANGRESIK,46175,46451,46175,different,different,match,api_matches_odj,yes,no,
32.06.36.2001,Gombong,GOMBONG,GOMBONG,46156,46456,46156,different,different,match,api_matches_odj,yes,no,
32.06.36.2002,Bugel,BUGEL,BUGEL,46156,46456,46156,different,different,match,api_matches_odj,yes,no,
32.06.36.2003,Margasari,MARGASARI,MARGASARI,46156,46456,46156,different,different,match,api_matches_odj,yes,no,
32.06.36.2004,Pakemitan,PAKEMITAN,PAKEMITAN,46156,46456,46156,different,different,match,api_matches_odj,yes,no,
32.06.36.2005,Ciawi,CIAWI,CIAWI,46156,46456,46156,different,different,match,api_matches_odj,yes,no,
32.06.36.2006,Sukamantri,SUKAMANTRI,SUKAMANTRI,46156,46456,46156,different,different,match,api_matches_odj,yes,no,
32.06.36.2007,Pasirhuni,PASIRHUNI,PASIRHUNI,46156,46456,46156,different,different,match,api_matches_odj,yes,no,
32.06.36.2008,Citamba,CITAMBA,CITAMBA,46156,46456,46156,different,different,match,api_matches_odj,yes,no,
32.06.36.2009,Kertamukti,KERTAMUKTI,KERTAMUKTI,46156,46456,46156,different,different,match,api_matches_odj,yes,no,
32.06.36.2010,Kurniabakti,KURNIABAKTI,KURNIABAKTI,46156,46456,46156,different,different,match,api_matches_odj,yes,no,
32.06.36.2011,Pakamitankidul (Pakemitankidul),PAKAMITANKIDUL,PAKAMITANKIDUL,46156,46456,46156,different,different,match,api_matches_odj,yes,yes,
32.06.37.2001,Kadipaten,KADIPATEN,KADIPATEN,46157,46457,46156,different,different,different,api_differs_available_sources,yes,no,API postal code differs from every available source postal code.
32.06.37.2002,Dirgahayu,DIRGAHAYU,DIRGAHAYU,46157,46457,46156,different,different,different,api_differs_available_sources,yes,no,API postal code differs from every available source postal code.
32.06.37.2003,Cibahayu,CIBAHAYU,CIBAHAYU,46157,46457,46156,different,different,different,api_differs_available_sources,yes,no,API postal code differs from every available source postal code.
32.06.37.2004,Mekarsari,MEKARSARI,MEKARSARI,46157,46457,46156,different,different,different,api_differs_available_sources,yes,no,API postal code differs from every available source postal code.
32.06.37.2005,Buniasih,BUNIASIH,BUNIASIH,46157,46457,46156,different,different,different,api_differs_available_sources,yes,no,API postal code differs from every available source postal code.
32.06.37.2006,Pamoyanan,PAMOYANAN,PAMOYANAN,46157,46457,46156,different,different,different,api_differs_available_sources,yes,no,API postal code differs from every available source postal code.
32.06.38.2001,Cipacing,CIPACING,CIPACING,46158,46458,46158,different,different,match,api_matches_odj,yes,no,
32.06.38.2002,Pagerageung,PAGERAGEUNG,PAGERAGEUNG,46158,46458,46158,different,different,match,api_matches_odj,yes,no,
32.06.38.2003,Sukamaju,SUKAMAJU,SUKAMAJU,46158,46458,46158,different,different,match,api_matches_odj,yes,no,
32.06.38.2004,Tanjungkerta,TANJUNGKERTA,TANJUNGKERTA,46158,46458,46158,different,different,match,api_matches_odj,yes,no,
32.06.38.2005,Puteran,PUTERAN,PUTERAN,46158,46458,46158,different,different,match,api_matches_odj,yes,no,
32.06.38.2006,Guranteng,GURANTENG,GURANTENG,46158,46458,46158,different,different,match,api_matches_odj,yes,no,
32.06.38.2007,Nanggewer,NANGGEWER,NANGGEWER,46158,46458,46158,different,different,match,api_matches_odj,yes,no,
32.06.38.2008,Sukapada,SUKAPADA,SUKAPADA,46158,46458,46158,different,different,match,api_matches_odj,yes,no,
32.06.38.2009,Pagersari,PAGERSARI,PAGERSARI,46158,46458,46158,different,different,match,api_matches_odj,yes,no,
32.06.38.2010,Sukadana,SUKADANA,SUKADANA,46413,46458,46413,different,different,match,api_matches_odj,yes,no,
32.06.39.2001,Cipondok,CIPONDOK,CIPONDOK,46419,46459,46418,different,different,different,api_differs_available_sources,yes,no,API postal code differs from every available source postal code.
32.06.39.2002,Sukamenak,SUKAMENAK,SUKAMENAK,46419,46459,46418,different,different,different,api_differs_available_sources,yes,no,API postal code differs from every available source postal code.
32.06.39.2003,Sukaratu,SUKARATU,SUKARATU,46419,46459,46418,different,different,different,api_differs_available_sources,yes,no,API postal code differs from every available source postal code.
32.06.39.2004,Banjarsari,BANJARSARI,BANJARSARI,46419,46459,46418,different,different,different,api_differs_available_sources,yes,no,API postal code differs from every available source postal code.
32.06.39.2005,Tanjungsari,TANJUNGSARI,TANJUNGSARI,46419,46459,46418,different,different,different,api_differs_available_sources,yes,no,API postal code differs from every available source postal code.
32.06.39.2006,Sukapancar,SUKAPANCAR,SUKAPANCAR,46419,46459,46418,different,different,different,api_differs_available_sources,yes,no,API postal code differs from every available source postal code.
32.06.39.2007,Sukaresik,SUKARESIK,SUKARESIK,46419,46459,46418,different,different,different,api_differs_available_sources,yes,no,API postal code differs from every available source postal code.
32.06.39.2008,Margamulya,MARGAMULYA,MARGAMULYA,46419,46459,46418,different,different,different,api_differs_available_sources,yes,no,API postal code differs from every available source postal code.
32.07.01.2012,Panyingkiran,PANYINGKIRAN,PANYINGKIRAN,46211,46218,46211,different,different,match,api_matches_odj,yes,no,
32.07.05.2001,Cidolog,CIDOLOG,CIDOLOG,46352,43384,46352,different,different,match,api_matches_odj,yes,no,
32.07.05.2002,Janggala,JANGGALA,JANGGALA,46352,46483,46352,different,different,match,api_matches_odj,yes,no,
32.07.05.2003,Hegarmanah,HEGARMANAH,HEGARMANAH,46352,45367,46352,different,different,match,api_matches_odj,yes,no,
32.07.05.2004,Jelegong,JELEGONG,JELEGONG,46352,40356,46352,different,different,match,api_matches_odj,yes,no,
32.07.05.2005,Ciparay,CIPARAY,CIPARAY,46352,43384,46352,different,different,match,api_matches_odj,yes,no,
32.07.05.2006,Sukasari,SUKASARI,SUKASARI,46352,46293,46352,different,different,match,api_matches_odj,yes,no,
32.07.09.2014,Sindangsari,SINDANGSARI,SINDANGSARI,46253,46595,46253,different,different,match,api_matches_odj,yes,no,
32.07.09.2016,Selasari,SELASARI,SELASARI,46253,46252,46253,different,different,match,api_matches_odj,yes,no,
32.07.10.2012,Karangpaningal,KARANGPANINGAL,KARANGPANINGAL,46255,46286,46255,different,different,match,api_matches_odj,yes,no,
32.07.13.2003,Tanjungsari,TANJUNGSARI,TANJUNGSARI,46254,46256,46254,different,different,match,api_matches_odj,yes,no,
32.07.13.2007,Sukajaya,SUKAJAYA,SUKAJAYA,46254,46286,46254,different,different,match,api_matches_odj,yes,no,
32.07.15.2001,Rancah,RANCAH,RANCAH,46387,46292,46387,different,different,match,api_matches_odj,yes,no,
32.07.15.2002,Kiarapayung,KIARAPAYUNG,KIARAPAYUNG,46387,46292,46387,different,different,match,api_matches_odj,yes,no,
32.07.15.2003,Cileungsir,CILEUNGSIR,CILEUNGSIR,46387,46292,46387,different,different,match,api_matches_odj,yes,no,
32.07.15.2004,Cisontrol,CISONTROL,CISONTROL,46387,46292,46387,different,different,match,api_matches_odj,yes,no,
32.07.15.2005,Situmandala,SITUMANDALA,SITUMANDALA,46387,46292,46387,different,different,match,api_matches_odj,yes,no,
32.07.15.2006,Kawunglarang,KAWUNGLARANG,KAWUNGLARANG,46387,46292,46387,different,different,match,api_matches_odj,yes,no,
32.07.15.2007,Patakaharja,PATAKAHARJA,PATAKAHARJA,46387,46292,46387,different,different,match,api_matches_odj,yes,no,
32.07.15.2008,Bojonggedang,BOJONGGEDANG,BOJONGGEDANG,46387,46292,46387,different,different,match,api_matches_odj,yes,no,
32.07.15.2009,Karangpari,KARANGPARI,KARANGPARI,46387,46292,46387,different,different,match,api_matches_odj,yes,no,
32.07.15.2010,Dadiharja,DADIHARJA,DADIHARJA,46387,46292,46387,different,different,match,api_matches_odj,yes,no,
32.07.15.2011,Jangalaharja,JANGALAHARJA,JANGALAHARJA,46387,46292,46387,different,different,match,api_matches_odj,yes,no,
32.07.15.2012,Giriharja,GIRIHARJA,GIRIHARJA,46387,46292,46387,different,different,match,api_matches_odj,yes,no,
32.07.15.2013,Wangunsari,WANGUNSARI,WANGUNSARI,46387,46292,46387,different,different,match,api_matches_odj,yes,no,
32.07.16.2001,Tambaksari,TAMBAKSARI,TAMBAKSARI,46388,46293,46388,different,different,match,api_matches_odj,yes,no,
32.07.16.2002,Mekarsari,MEKARSARI,MEKARSARI,46388,46293,46388,different,different,match,api_matches_odj,yes,no,
32.07.16.2003,Kaso,KASO,KASO,46388,46293,46388,different,different,match,api_matches_odj,yes,no,
32.07.16.2004,Kadupandak,KADUPANDAK,KADUPANDAK,46388,46293,46388,different,different,match,api_matches_odj,yes,no,
32.07.16.2005,Sukasari,SUKASARI,SUKASARI,46388,46293,46388,different,different,match,api_matches_odj,yes,no,
32.07.16.2006,Karangpaningal,KARANGPANINGAL,KARANGPANINGAL,46388,46293,46388,different,different,match,api_matches_odj,yes,no,
32.07.17.2006,Sidaharja,SIDAHARJA,SIDAHARJA,46385,46285,46385,different,different,match,api_matches_odj,yes,no,
32.07.17.2007,Kertajaya,KERTAJAYA,KERTAJAYA,46385,46285,46385,different,different,match,api_matches_odj,yes,no,
32.07.17.2009,Sukanagara,SUKANAGARA,SUKANAGARA,46385,46285,46385,different,different,match,api_matches_odj,yes,no,
32.07.17.2010,Cintajaya,CINTAJAYA,CINTAJAYA,46385,46285,46385,different,different,match,api_matches_odj,yes,no,
32.07.17.2011,Cintaratu,CINTARATU,CINTARATU,46385,46285,46385,different,different,match,api_matches_odj,yes,no,
32.07.17.2012,Sindangangin,SINDANGANGIN,SINDANGANGIN,46385,46285,46385,different,different,match,api_matches_odj,yes,no,
32.07.17.2013,Tambakreja,TAMBAKREJA,TAMBAKREJA,46385,46285,46385,different,different,match,api_matches_odj,yes,no,
32.07.17.2017,Baregbeg,BAREGBEG,BAREGBEG,46385,46285,46385,different,different,match,api_matches_odj,yes,no,
32.07.17.2018,Kalapasawit,KALAPASAWIT,KALAPASAWIT,46385,46285,46385,different,different,match,api_matches_odj,yes,no,
32.07.17.2019,Puloerang,PULOERANG,PULOERANG,46385,46285,46385,different,different,match,api_matches_odj,yes,no,
32.07.18.2005,Kawasen,KAWASEN,KAWASEN,46383,46283,46383,different,different,match,api_matches_odj,yes,no,
32.07.18.2006,Cicapar,CICAPAR,CICAPAR,46383,46283,46383,different,different,match,api_matches_odj,yes,no,
32.07.18.2007,Cibadak,CIBADAK,CIBADAK,46383,46283,46383,different,different,match,api_matches_odj,yes,no,
32.07.18.2008,Banjarsari,BANJARSARI,BANJARSARI,46383,46283,46383,different,different,match,api_matches_odj,yes,no,
32.07.18.2009,Sindanghayu,SINDANGHAYU,SINDANGHAYU,46383,46283,46383,different,different,match,api_matches_odj,yes,no,
32.07.18.2010,Sindangasih,SINDANGASIH,SINDANGASIH,46383,46283,46383,different,different,match,api_matches_odj,yes,no,
32.07.18.2012,Sindangsari,SINDANGSARI,SINDANGSARI,46383,46283,46383,different,different,match,api_matches_odj,yes,no,
32.07.18.2013,Ciherang,CIHERANG,CIHERANG,46383,46283,46383,different,different,match,api_matches_odj,yes,no,
32.07.18.2014,Purwasari,PURWASARI,PURWASARI,46383,46283,46383,different,different,match,api_matches_odj,yes,no,
32.07.18.2015,Ratawangi,RATAWANGI,RATAWANGI,46383,46283,46383,different,different,match,api_matches_odj,yes,no,
32.07.18.2016,Ciulu,CIULU,CIULU,46383,46283,46383,different,different,match,api_matches_odj,yes,no,
32.07.18.2018,Sukasari,SUKASARI,SUKASARI,46383,46283,46383,different,different,match,api_matches_odj,yes,no,
32.07.19.2001,Pamarican,PAMARICAN,PAMARICAN,46382,46282,46382,different,different,match,api_matches_odj,yes,no,
32.07.19.2002,Sidamulih,SIDAMULIH,SIDAMULIH,46365,46565,46365,different,different,match,api_matches_odj,yes,no,
32.07.19.2003,Kertahayu,KERTAHAYU,KERTAHAYU,46361,46282,46361,different,different,match,api_matches_odj,yes,no,
32.07.19.2004,Sukamukti,SUKAMUKTI,SUKAMUKTI,46382,46282,46382,different,different,match,api_matches_odj,yes,no,
32.07.19.2005,Bangunsari,BANGUNSARI,BANGUNSARI,46382,46282,46382,different,different,match,api_matches_odj,yes,no,
32.07.19.2006,Neglasari,NEGLASARI,NEGLASARI,46382,46282,46382,different,different,match,api_matches_odj,yes,no,
32.07.19.2007,Bantarsari,BANTARSARI,BANTARSARI,46382,46282,46382,different,different,match,api_matches_odj,yes,no,
32.07.19.2008,Margajaya,MARGAJAYA,MARGAJAYA,46382,46282,46382,different,different,match,api_matches_odj,yes,no,
32.07.19.2009,Sukajaya,SUKAJAYA,SUKAJAYA,46382,46282,46382,different,different,match,api_matches_odj,yes,no,
32.07.19.2010,Sukahurip,SUKAHURIP,SUKAHURIP,46382,46282,46382,different,different,match,api_matches_odj,yes,no,
32.07.19.2011,Sukajadi,SUKAJADI,SUKAJADI,46382,46282,46382,different,different,match,api_matches_odj,yes,no,
32.07.19.2012,Sidaharja,SIDAHARJA,SIDAHARJA,46382,46282,46382,different,different,match,api_matches_odj,yes,no,
32.07.19.2013,Pasirnagara,PASIRNAGARA,PASIRNAGARA,46382,46282,46382,different,different,match,api_matches_odj,yes,no,
32.07.19.2014,Mekarmulya,MEKARMULYA,MEKARMULYA,46382,46282,46382,different,different,match,api_matches_odj,yes,no,
32.07.29.2001,Cimaragas,CIMARAGAS,CIMARAGAS,46381,46281,46381,different,different,match,api_matches_odj,yes,no,
32.07.29.2002,Beber,BEBER,BEBER,46381,46281,46381,different,different,match,api_matches_odj,yes,no,
32.07.29.2003,Raksabaya,RAKSABAYA,RAKSABAYA,46381,46281,46381,different,different,match,api_matches_odj,yes,no,
32.07.29.2004,Bojongmalang,BOJONGMALANG,BOJONGMALANG,46381,46281,46381,different,different,match,api_matches_odj,yes,no,
32.07.29.2005,Jayaraksa,JAYARAKSA,JAYARAKSA,46381,46281,46381,different,different,match,api_matches_odj,yes,no,
32.07.30.2001,Cisaga,CISAGA,CISAGA,46386,46291,46386,different,different,match,api_matches_odj,yes,no,
32.07.30.2002,Sidamulya,SIDAMULYA,SIDAMULYA,46386,46291,46386,different,different,match,api_matches_odj,yes,no,
32.07.30.2003,Kepel,KEPEL,KEPEL,46386,46291,46386,different,different,match,api_matches_odj,yes,no,
32.07.30.2004,Wangunjaya,WANGUNJAYA,WANGUNJAYA,46386,46291,46386,different,different,match,api_matches_odj,yes,no,
32.07.30.2005,Sukahurip,SUKAHURIP,SUKAHURIP,46386,46291,46386,different,different,match,api_matches_odj,yes,no,
32.07.30.2006,Bangunharja,BANGUNHARJA,BANGUNHARJA,46386,46291,46386,different,different,match,api_matches_odj,yes,no,
32.07.30.2007,Tanjungjaya,TANJUNGJAYA,TANJUNGJAYA,46386,46291,46386,different,different,match,api_matches_odj,yes,no,
32.07.30.2008,Mekarmukti,MEKARMUKTI,MEKARMUKTI,46386,46291,46386,different,different,match,api_matches_odj,yes,no,
32.07.30.2009,Danasari,DANASARI,DANASARI,46386,46291,46386,different,different,match,api_matches_odj,yes,no,
32.07.30.2010,Girimukti,GIRIMUKTI,GIRIMUKTI,46386,46291,46386,different,different,match,api_matches_odj,yes,no,
32.07.30.2011,Karyamulya,KARYAMULYA,KARYAMULYA,46386,46291,46386,different,different,match,api_matches_odj,yes,no,
32.07.33.2001,Sukamantri,SUKAMANTRI,SUKAMANTRI,46265,46265,46264,different,match,different,api_matches_diskominfo,yes,no,
32.07.33.2002,Tenggerraharja,TENGGERRAHARJA,TENGGERRAHARJA,46265,46265,46264,different,match,different,api_matches_diskominfo,yes,no,
32.07.33.2003,Cibeureum,CIBEUREUM,CIBEUREUM,46265,46265,46264,different,match,different,api_matches_diskominfo,yes,no,
32.07.33.2004,Sindanglaya,SINDANGLAYA,SINDANGLAYA,46265,46265,46264,different,match,different,api_matches_diskominfo,yes,no,
32.07.33.2005,Mekarwangi,MEKARWANGI,MEKARWANGI,46265,46265,46264,different,match,different,api_matches_diskominfo,yes,no,
32.07.35.2001,Bantardawa,BANTARDAWA,BANTARDAWA,46380,46286,46385,different,different,different,api_differs_available_sources,yes,no,API postal code differs from every available source postal code.
32.07.35.2002,Purwadadi,PURWADADI,PURWADADI,46380,46286,46385,different,different,different,api_differs_available_sources,yes,no,API postal code differs from every available source postal code.
32.07.35.2003,Purwajaya,PURWAJAYA,PURWAJAYA,46380,46286,46385,different,different,different,api_differs_available_sources,yes,no,API postal code differs from every available source postal code.
32.07.35.2004,Karangpaningal,KARANGPANINGAL,KARANGPANINGAL,46380,46286,46385,different,different,different,api_differs_available_sources,yes,no,API postal code differs from every available source postal code.
32.07.35.2005,Sidarahayu,SIDARAHAYU,SIDARAHAYU,46380,46286,46385,different,different,different,api_differs_available_sources,yes,no,API postal code differs from every available source postal code.
32.07.35.2006,Padaringan,PADARINGAN,PADARINGAN,46380,46286,46385,different,different,different,api_differs_available_sources,yes,no,API postal code differs from every available source postal code.
32.07.35.2007,Pasirlawang,PASIRLAWANG,PASIRLAWANG,46380,46286,46385,different,different,different,api_differs_available_sources,yes,no,API postal code differs from every available source postal code.
32.07.35.2008,Kutawaringin,KUTAWARINGIN,KUTAWARINGIN,46380,46286,46385,different,different,different,api_differs_available_sources,yes,no,API postal code differs from every available source postal code.
32.07.35.2009,Sukamulya,SUKAMULYA,SUKAMULYA,46380,46286,46385,different,different,different,api_differs_available_sources,yes,no,API postal code differs from every available source postal code.
32.07.37.2001,Pasawahan,PASAWAHAN,PASAWAHAN,46384,46283,,diskominfo_only,different,source_postal_missing,api_differs_available_sources,yes,no,API postal code differs from every available source postal code.
32.07.37.2002,Banjaranyar,BANJARANYAR,BANJARANYAR,46384,46283,,diskominfo_only,different,source_postal_missing,api_differs_available_sources,yes,no,API postal code differs from every available source postal code.
32.07.37.2003,Cigayam,CIGAYAM,CIGAYAM,46384,46283,,diskominfo_only,different,source_postal_missing,api_differs_available_sources,yes,no,API postal code differs from every available source postal code.
32.07.37.2004,Langkapsari,LANGKAPSARI,LANGKAPSARI,46384,46283,,diskominfo_only,different,source_postal_missing,api_differs_available_sources,yes,no,API postal code differs from every available source postal code.
32.07.37.2005,Kalijaya,KALIJAYA,KALIJAYA,46384,46283,,diskominfo_only,different,source_postal_missing,api_differs_available_sources,yes,no,API postal code differs from every available source postal code.
32.07.37.2006,Sindangrasa,SINDANGRASA,SINDANGRASA,46384,46283,,diskominfo_only,different,source_postal_missing,api_differs_available_sources,yes,no,API postal code differs from every available source postal code.
32.07.37.2007,Cikaso,CIKASO,CIKASO,46384,46283,,diskominfo_only,different,source_postal_missing,api_differs_available_sources,yes,no,API postal code differs from every available source postal code.
32.07.37.2008,Cikupa,CIKUPA,CIKUPA,46384,46283,,diskominfo_only,different,source_postal_missing,api_differs_available_sources,yes,no,API postal code differs from every available source postal code.
32.07.37.2009,Karyamukti,KARYAMUKTI,KARYAMUKTI,46384,46283,,diskominfo_only,different,source_postal_missing,api_differs_available_sources,yes,no,API postal code differs from every available source postal code.
32.07.37.2010,Tanjungsari (Tanjungasari),TANJUNGSARI,TANJUNGSARI,46384,46283,,diskominfo_only,different,source_postal_missing,api_differs_available_sources,yes,yes,API postal code differs from every available source postal code.
32.08.05.2002,Sindangjawa,SINDANGJAWA,SINDANGJAWA,45587,45561,45587,different,different,match,api_matches_odj,yes,no,
32.08.06.2015,Benda,BENDA,BENDA,45582,45581,45582,different,different,match,api_matches_odj,yes,no,
32.08.06.2016,Cikaduwetan,CIKADUWETAN,CIKADUWETAN,45582,45581,45582,different,different,match,api_matches_odj,yes,no,
32.08.07.2013,Cipeutir/Cipetir,CIPEUTIR,CIPETIR,45574,40379,45574,different,different,match,api_matches_odj,yes,yes,
32.08.08.2003,Pakembangan,PAKEMBANGAN,PAKEMBANGAN,45572,45571,45572,different,different,match,api_matches_odj,yes,no,
32.08.09.1008,Cirendang,CIRENDANG,CIRENDANG,45518,45521,45518,different,different,match,api_matches_odj,yes,no,
32.08.09.2015,Kasturi,KASTURI,KASTURI,45553,45521,,diskominfo_only,different,source_postal_missing,api_differs_available_sources,yes,no,API postal code differs from every available source postal code.
32.08.09.2016,Padarek,PADAREK,PADAREK,45553,45553,,diskominfo_only,match,source_postal_missing,api_matches_diskominfo,yes,no,
32.08.10.2016,Cihirup,CIHIRUP,CIHIRUP,45593,45591,45593,different,different,match,api_matches_odj,yes,no,
32.08.12.2015,Nanggerang,NANGGERANG,NANGGERANG,45553,45554,45553,different,different,match,api_matches_odj,yes,no,
32.08.14.2008,Kertawinangun,KERTAWINANGUN,KERTAWINANGUN,45558,45595,45558,different,different,match,api_matches_odj,yes,no,
32.08.15.2001,Selajambe,SELAJAMBE,SELAJAMBE,45566,43284,45566,different,different,match,api_matches_odj,yes,no,
32.08.15.2002,Cantilan,CANTILAN,CANTILAN,45566,43284,45566,different,different,match,api_matches_odj,yes,no,
32.08.15.2003,Ciberung,CIBERUNG,CIBERUNG,45566,43284,45566,different,different,match,api_matches_odj,yes,no,
32.08.15.2004,Kutawaringin,KUTAWARINGIN,KUTAWARINGIN,45566,46471,45566,different,different,match,api_matches_odj,yes,no,
32.08.15.2005,Jamberama,JAMBERAMA,JAMBERAMA,45566,43284,45566,different,different,match,api_matches_odj,yes,no,
32.08.15.2006,Bagawat,BAGAWAT,BAGAWAT,45566,43284,45566,different,different,match,api_matches_odj,yes,no,
32.08.15.2007,Padahurip,PADAHURIP,PADAHURIP,45566,44172,45566,different,different,match,api_matches_odj,yes,no,
32.08.18.1001,Cigugur,CIGUGUR,CIGUGUR,45552,45552,46392,different,match,different,api_matches_diskominfo,yes,no,
32.08.21.2010,Mekarsari,MEKARSARI,MEKARSARI,45576,45592,45576,different,different,match,api_matches_odj,yes,no,
32.08.26.2001,Citapen,CITAPEN,CITAPEN,45564,45555,45564,different,different,match,api_matches_odj,yes,no,
32.08.26.2002,Pasiragung,PASIRAGUNG,PASIRAGUNG,45564,45512,45564,different,different,match,api_matches_odj,yes,no,
32.08.26.2003,Tundagan (Tudagan),TUNDAGAN,TUNDAGAN,45564,45512,45564,different,different,match,api_matches_odj,yes,yes,
32.08.26.2004,Bunigeulis,BUNIGEULIS,BUNIGEULIS,45564,45512,45564,different,different,match,api_matches_odj,yes,no,
32.08.26.2005,Hantara,HANTARA,HANTARA,45564,45512,45564,different,different,match,api_matches_odj,yes,no,
32.08.26.2006,Pakapasan Girang,PAKAPASAN GIRANG,PAKAPASAN GIRANG,45564,45512,45564,different,different,match,api_matches_odj,yes,no,
32.08.26.2007,Cikondang,CIKONDANG,CIKONDANG,45564,40393,45564,different,different,match,api_matches_odj,yes,no,
32.08.26.2008,Pakapasan Hilir,PAKAPASAN HILIR,PAKAPASAN HILIR,45564,45512,45564,different,different,match,api_matches_odj,yes,no,
32.08.28.2006,Sukadana,SUKADANA,SUKADANA,45588,45587,45588,different,different,match,api_matches_odj,yes,no,
32.08.28.2008,Sukarapih,SUKARAPIH,SUKARAPIH,45588,45587,45588,different,different,match,api_matches_odj,yes,no,
32.08.30.2006,Kutaraja,KUTARAJA,KUTARAJA,45574,45575,45574,different,different,match,api_matches_odj,yes,no,
32.08.30.2007,Ciporang,CIPORANG,CIPORANG,45574,45575,45574,different,different,match,api_matches_odj,yes,no,
32.08.30.2014,Mandalajaya,MANDALAJAYA,MANDALAJAYA,45574,45575,45574,different,different,match,api_matches_odj,yes,no,
32.08.32.2001,Bunigeulis,BUNIGEULIS,BUNIGEULIS,45556,45596,45556,different,different,match,api_matches_odj,yes,no,
32.08.32.2002,Jambugeulis,JAMBUGEULIS,JAMBUGEULIS,45556,45596,45556,different,different,match,api_matches_odj,yes,no,
32.08.32.2003,Koreak,KOREAK,KOREAK,45556,45596,45556,different,different,match,api_matches_odj,yes,no,
32.08.32.2004,Karangmuncang,KARANGMUNCANG,KARANGMUNCANG,45556,45596,45556,different,different,match,api_matches_odj,yes,no,
32.08.32.2005,Sangkanhurip (Sangkanurip),SANGKANHURIP,SANGKANHURIP,45556,45596,45556,different,different,match,api_matches_odj,yes,yes,
32.08.32.2006,Panawuan,PANAWUAN,PANAWUAN,45556,45596,45556,different,different,match,api_matches_odj,yes,no,
32.08.32.2007,Timbang,TIMBANG,TIMBANG,45556,45596,45556,different,different,match,api_matches_odj,yes,no,
32.08.32.2008,Babakanjati,BABAKANJATI,BABAKANJATI,45556,45596,45556,different,different,match,api_matches_odj,yes,no,
32.08.32.2009,Indapatra,INDAPATRA,INDAPATRA,45556,45596,45556,different,different,match,api_matches_odj,yes,no,
32.08.32.2010,Cibuntu,CIBUNTU,CIBUNTU,45556,45596,45556,different,different,match,api_matches_odj,yes,no,
32.08.32.2011,Sangkanmulya,SANGKANMULYA,SANGKANMULYA,45556,45596,45556,different,different,match,api_matches_odj,yes,no,
32.09.01.2008,Waled Desa,WALED DESA,WALED DESA,45180,45687,45187,different,different,different,api_differs_available_sources,yes,no,API postal code differs from every available source postal code.
32.09.01.2009,Waled Kota,WALED KOTA,WALED KOTA,45180,45687,45187,different,different,different,api_differs_available_sources,yes,no,API postal code differs from every available source postal code.
32.09.01.2010,Mekarsari,MEKARSARI,MEKARSARI,45180,45687,45187,different,different,different,api_differs_available_sources,yes,no,API postal code differs from every available source postal code.
32.09.01.2011,Waled Asem,WALED ASEM,WALED ASEM,45180,45687,45187,different,different,different,api_differs_available_sources,yes,no,API postal code differs from every available source postal code.
32.09.01.2012,Ambit,AMBIT,AMBIT,45180,45687,45187,different,different,different,api_differs_available_sources,yes,no,API postal code differs from every available source postal code.
32.09.01.2013,Ciuyah,CIUYAH,CIUYAH,45180,45687,45187,different,different,different,api_differs_available_sources,yes,no,API postal code differs from every available source postal code.
32.09.01.2014,Gunungsari,GUNUNGSARI,GUNUNGSARI,45180,45687,45187,different,different,different,api_differs_available_sources,yes,no,API postal code differs from every available source postal code.
32.09.01.2015,Karangsari,KARANGSARI,KARANGSARI,45180,45687,45187,different,different,different,api_differs_available_sources,yes,no,API postal code differs from every available source postal code.
32.09.01.2016,Cikulak Kidul,CIKULAK KIDUL,CIKULAK KIDUL,45180,45687,45187,different,different,different,api_differs_available_sources,yes,no,API postal code differs from every available source postal code.
32.09.01.2017,Cikulak,CIKULAK,CIKULAK,45180,45687,45187,different,different,different,api_differs_available_sources,yes,no,API postal code differs from every available source postal code.
32.09.01.2018,Cibogo,CIBOGO,CIBOGO,45180,45687,45187,different,different,different,api_differs_available_sources,yes,no,API postal code differs from every available source postal code.
32.09.01.2019,Cisaat,CISAAT,CISAAT,45180,45687,45187,different,different,different,api_differs_available_sources,yes,no,API postal code differs from every available source postal code.
32.09.02.2008,Leuweunggajah,LEUWEUNGGAJAH,LEUWEUNGGAJAH,45188,45688,45188,different,different,match,api_matches_odj,yes,no,
32.09.02.2009,Tenjomaya,TENJOMAYA,TENJOMAYA,45188,45688,45188,different,different,match,api_matches_odj,yes,no,
32.09.02.2010,Damarguna,DAMARGUNA,DAMARGUNA,45188,45688,45188,different,different,match,api_matches_odj,yes,no,
32.09.02.2011,Jatiseeng,JATISEENG,JATISEENG,45188,45688,45188,different,different,match,api_matches_odj,yes,no,
32.09.02.2012,Jatiseeng Kidul,JATISEENG KIDUL,JATISEENG KIDUL,45188,45688,45188,different,different,match,api_matches_odj,yes,no,
32.09.02.2013,Ciledug Kulon,CILEDUG KULON,CILEDUG KULON,45188,45688,45188,different,different,match,api_matches_odj,yes,no,
32.09.02.2014,Ciledug Wetan,CILEDUG WETAN,CILEDUG WETAN,45188,45688,45188,different,different,match,api_matches_odj,yes,no,
32.09.02.2015,Ciledug Lor,CILEDUG LOR,CILEDUG LOR,45188,45688,45188,different,different,match,api_matches_odj,yes,no,
32.09.02.2016,Ciledug Tengah,CILEDUG TENGAH,CILEDUG TENGAH,45188,45688,45188,different,different,match,api_matches_odj,yes,no,
32.09.02.2017,Bojongnegara,BOJONGNEGARA,BOJONGNEGARA,45188,45688,45188,different,different,match,api_matches_odj,yes,no,
32.09.03.2001,Astanalanggar,ASTANALANGGAR,ASTANALANGGAR,45192,45692,45192,different,different,match,api_matches_odj,yes,no,
32.09.03.2002,Barisan,BARISAN,BARISAN,45192,45692,45192,different,different,match,api_matches_odj,yes,no,
32.09.03.2003,Losari Kidul,LOSARI KIDUL,LOSARI KIDUL,45192,45692,45192,different,different,match,api_matches_odj,yes,no,
32.09.03.2004,Panggangsari,PANGGANGSARI,PANGGANGSARI,45192,45692,45192,different,different,match,api_matches_odj,yes,no,
32.09.03.2005,Losari Lor,LOSARI LOR,LOSARI LOR,45192,45692,45192,different,different,match,api_matches_odj,yes,no,
32.09.03.2006,Mulyasari,MULYASARI,MULYASARI,45192,45692,45192,different,different,match,api_matches_odj,yes,no,
32.09.03.2007,Kalirahayu,KALIRAHAYU,KALIRAHAYU,45192,45692,45192,different,different,match,api_matches_odj,yes,no,
32.09.03.2008,Kalisari,KALISARI,KALISARI,45192,45692,45192,different,different,match,api_matches_odj,yes,no,
32.09.03.2009,Ambulu,AMBULU,AMBULU,45192,45692,45192,different,different,match,api_matches_odj,yes,no,
32.09.03.2010,Tawangsari,TAWANGSARI,TAWANGSARI,45192,45692,45192,different,different,match,api_matches_odj,yes,no,
32.09.04.2001,Pabedilan Kidul,PABEDILAN KIDUL,PABEDILAN KIDUL,45193,45693,45193,different,different,match,api_matches_odj,yes,no,
32.09.04.2002,Pabedilan Wetan,PABEDILAN WETAN,PABEDILAN WETAN,45193,45693,45193,different,different,match,api_matches_odj,yes,no,
32.09.04.2003,Pabedilan Kulon,PABEDILAN KULON,PABEDILAN KULON,45193,45693,45193,different,different,match,api_matches_odj,yes,no,
32.09.04.2004,Pabedilan Kaler,PABEDILAN KALER,PABEDILAN KALER,45193,45693,45193,different,different,match,api_matches_odj,yes,no,
32.09.04.2005,Silih Asih (Silihasih),SILIH ASIH,SILIH ASIH,45193,45693,45193,different,different,match,api_matches_odj,yes,yes,
32.09.04.2006,Tersana,TERSANA,TERSANA,45193,45693,45193,different,different,match,api_matches_odj,yes,no,
32.09.04.2007,Pasuruan,PASURUAN,PASURUAN,45193,45693,45193,different,different,match,api_matches_odj,yes,no,
32.09.04.2008,Dukuhwidara,DUKUHWIDARA,DUKUHWIDARA,45193,45693,45193,different,different,match,api_matches_odj,yes,no,
32.09.04.2009,Kalibuntu,KALIBUNTU,KALIBUNTU,45193,45693,45193,different,different,match,api_matches_odj,yes,no,
32.09.04.2010,Kalimukti,KALIMUKTI,KALIMUKTI,45193,45693,45193,different,different,match,api_matches_odj,yes,no,
32.09.04.2011,Sidaresmi,SIDARESMI,SIDARESMI,45193,45693,45193,different,different,match,api_matches_odj,yes,no,
32.09.04.2012,Babakan Losari,BABAKAN LOSARI,BABAKAN LOSARI,45193,45693,45193,different,different,match,api_matches_odj,yes,no,
32.09.04.2013,Babakan Losari Lor,BABAKAN LOSARI LOR,BABAKAN LOSARI LOR,45193,45693,45193,different,different,match,api_matches_odj,yes,no,
32.09.05.2001,Cangkuang,CANGKUANG,CANGKUANG,45191,45691,45191,different,different,match,api_matches_odj,yes,no,
32.09.05.2002,Serang Wetan,SERANG WETAN,SERANG WETAN,45191,45691,45191,different,different,match,api_matches_odj,yes,no,
32.09.05.2003,Serang Kulon,SERANG KULON,SERANG KULON,45191,45691,45191,different,different,match,api_matches_odj,yes,no,
32.09.05.2005,Gembongan,GEMBONGAN,GEMBONGAN,45191,45691,45191,different,different,match,api_matches_odj,yes,no,
32.09.05.2007,Babakan,BABAKAN,BABAKAN,45191,45691,45191,different,different,match,api_matches_odj,yes,no,
32.09.05.2008,Bojonggebang,BOJONGGEBANG,BOJONGGEBANG,45191,45691,45191,different,different,match,api_matches_odj,yes,no,
32.09.05.2009,Sumber Kidul,SUMBER KIDUL,SUMBER KIDUL,45191,45691,45191,different,different,match,api_matches_odj,yes,no,
32.09.05.2010,Sumber Lor,SUMBER LOR,SUMBER LOR,45191,45691,45191,different,different,match,api_matches_odj,yes,no,
32.09.05.2011,Kudumulya,KUDUMULYA,KUDUMULYA,45191,45691,45191,different,different,match,api_matches_odj,yes,no,
32.09.05.2012,Kudukeras,KUDUKERAS,KUDUKERAS,45191,45691,45191,different,different,match,api_matches_odj,yes,no,
32.09.05.2013,Pakusamben,PAKUSAMBEN,PAKUSAMBEN,45191,45691,45191,different,different,match,api_matches_odj,yes,no,
32.09.05.2014,Karangwangun,KARANGWANGUN,KARANGWANGUN,45191,45691,45191,different,different,match,api_matches_odj,yes,no,
32.09.06.2006,Tambelang,TAMBELANG,TAMBELANG,45186,45686,45186,different,different,match,api_matches_odj,yes,no,
32.09.06.2011,Karangsuwung,KARANGSUWUNG,KARANGSUWUNG,45186,45686,45186,different,different,match,api_matches_odj,yes,no,
32.09.06.2012,Karangtengah,KARANGTENGAH,KARANGTENGAH,45186,45686,45186,different,different,match,api_matches_odj,yes,no,
32.09.06.2013,Kalimeang,KALIMEANG,KALIMEANG,45186,45686,45186,different,different,match,api_matches_odj,yes,no,
32.09.06.2014,Karangmalang,KARANGMALANG,KARANGMALANG,45186,45686,45186,different,different,match,api_matches_odj,yes,no,
32.09.06.2015,Karangmekar,KARANGMEKAR,KARANGMEKAR,45186,45686,45186,different,different,match,api_matches_odj,yes,no,
32.09.06.2016,Kubangkarang,KUBANGKARANG,KUBANGKARANG,45186,45686,45186,different,different,match,api_matches_odj,yes,no,
32.09.06.2017,Karangsembung,KARANGSEMBUNG,KARANGSEMBUNG,45186,45686,45186,different,different,match,api_matches_odj,yes,no,
32.09.07.2001,Leuwidingding,LEUWIDINGDING,LEUWIDINGDING,45183,45683,45183,different,different,match,api_matches_odj,yes,no,
32.09.07.2002,Asem,ASEM,ASEM,45183,45683,45183,different,different,match,api_matches_odj,yes,no,
32.09.07.2003,Cipeujeuh Kulon,CIPEUJEUH KULON,CIPEUJEUH KULON,45183,45683,45183,different,different,match,api_matches_odj,yes,no,
32.09.07.2004,Cipeujeuh Wetan,CIPEUJEUH WETAN,CIPEUJEUH WETAN,45183,45683,45183,different,different,match,api_matches_odj,yes,no,
32.09.07.2005,Sindanglaut,SINDANGLAUT,SINDANGLAUT,45183,45683,45183,different,different,match,api_matches_odj,yes,no,
32.09.07.2007,Lemahabang,LEMAHABANG,LEMAHABANG,45183,45683,45183,different,different,match,api_matches_odj,yes,no,
32.09.07.2008,Sigong,SIGONG,SIGONG,45183,45683,45183,different,different,match,api_matches_odj,yes,no,
32.09.07.2009,Sarajaya,SARAJAYA,SARAJAYA,45183,45683,45183,different,different,match,api_matches_odj,yes,no,
32.09.07.2010,Picungpugur,PICUNGPUGUR,PICUNGPUGUR,45183,45683,45183,different,different,match,api_matches_odj,yes,no,
32.09.07.2011,Tuk Karangsuwung,TUK KARANGSUWUNG,TUK KARANGSUWUNG,45183,45683,45183,different,different,match,api_matches_odj,yes,no,
32.09.07.2012,Belawa,BELAWA,BELAWA,45183,45683,45183,different,different,match,api_matches_odj,yes,no,
32.09.07.2013,Wangkelang,WANGKELANG,WANGKELANG,45183,45683,45183,different,different,match,api_matches_odj,yes,no,
32.09.09.2001,Karangwuni,KARANGWUNI,KARANGWUNI,45189,45689,45189,different,different,match,api_matches_odj,yes,no,
32.09.09.2002,Sedong Kidul,SEDONG KIDUL,SEDONG KIDUL,45189,45689,45189,different,different,match,api_matches_odj,yes,no,
32.09.09.2003,Sedong Lor,SEDONG LOR,SEDONG LOR,45189,45689,45189,different,different,match,api_matches_odj,yes,no,
32.09.09.2004,Windujaya,WINDUJAYA,WINDUJAYA,45189,45689,45189,different,different,match,api_matches_odj,yes,no,
32.09.09.2005,Winduhaji,WINDUHAJI,WINDUHAJI,45189,45689,45189,different,different,match,api_matches_odj,yes,no,
32.09.09.2006,Kertawangun,KERTAWANGUN,KERTAWANGUN,45189,45689,45189,different,different,match,api_matches_odj,yes,no,
32.09.09.2007,Penambangan (Panambangan),PENAMBANGAN,PENAMBANGAN,45189,45689,45189,different,different,match,api_matches_odj,yes,yes,
32.09.09.2008,Putat,PUTAT,PUTAT,45189,45689,45189,different,different,match,api_matches_odj,yes,no,
32.09.09.2009,Panongan,PANONGAN,PANONGAN,45189,45689,45189,different,different,match,api_matches_odj,yes,no,
32.09.09.2010,Panongan Lor,PANONGAN LOR,PANONGAN LOR,45189,45689,45189,different,different,match,api_matches_odj,yes,no,
32.09.10.2004,Munjul,MUNJUL,MUNJUL,45181,45681,45181,different,different,match,api_matches_odj,yes,no,
32.09.10.2005,Sidamulya,SIDAMULYA,SIDAMULYA,45181,45681,45181,different,different,match,api_matches_odj,yes,no,
32.09.10.2006,Mertapada Kulon,MERTAPADA KULON,MERTAPADA KULON,45181,45681,45181,different,different,match,api_matches_odj,yes,no,
32.09.10.2007,Mertapada Wetan,MERTAPADA WETAN,MERTAPADA WETAN,45181,45681,45181,different,different,match,api_matches_odj,yes,no,
32.09.10.2008,Buntet,BUNTET,BUNTET,45181,45681,45181,different,different,match,api_matches_odj,yes,no,
32.09.10.2009,Kanci Kulon,KANCI KULON,KANCI KULON,45181,45681,45181,different,different,match,api_matches_odj,yes,no,
32.09.10.2010,Kanci,KANCI,KANCI,45181,45681,45181,different,different,match,api_matches_odj,yes,no,
32.09.10.2011,Astanajapura,ASTANAJAPURA,ASTANAJAPURA,45181,45681,45181,different,different,match,api_matches_odj,yes,no,
32.09.10.2012,Kendal,KENDAL,KENDAL,45181,45681,45181,different,different,match,api_matches_odj,yes,no,
32.09.10.2013,Japura Kidul,JAPURA KIDUL,JAPURA KIDUL,45181,45681,45181,different,different,match,api_matches_odj,yes,no,
32.09.10.2014,Japura Bakti (Japurabakti),JAPURA BAKTI,JAPURA BAKTI,45181,45681,45181,different,different,match,api_matches_odj,yes,yes,
32.09.11.2001,Getrakmoyan,GETRAKMOYAN,GETRAKMOYAN,45182,45682,45182,different,different,match,api_matches_odj,yes,no,
32.09.11.2002,Ender,ENDER,ENDER,45182,45682,45182,different,different,match,api_matches_odj,yes,no,
32.09.11.2003,Pangenan,PANGENAN,PANGENAN,45182,45682,45182,different,different,match,api_matches_odj,yes,no,
32.09.11.2004,Bendungan,BENDUNGAN,BENDUNGAN,45182,45682,45182,different,different,match,api_matches_odj,yes,no,
32.09.11.2005,Rawaurip,RAWAURIP,RAWAURIP,45182,45682,45182,different,different,match,api_matches_odj,yes,no,
32.09.11.2006,Beringin,BERINGIN,BERINGIN,45182,45682,45182,different,different,match,api_matches_odj,yes,no,
32.09.11.2007,Japura Lor,JAPURA LOR,JAPURA LOR,45182,45682,45182,different,different,match,api_matches_odj,yes,no,
32.09.11.2009,Astana Mukti (Astanamukti),ASTANA MUKTI,ASTANA MUKTI,45182,45682,45182,different,different,match,api_matches_odj,yes,yes,
32.09.12.2001,Setupatok,SETUPATOK,SETUPATOK,45173,45673,45173,different,different,match,api_matches_odj,yes,no,
32.09.12.2002,Penpen,PENPEN,PENPEN,45173,45673,45173,different,different,match,api_matches_odj,yes,no,
32.09.12.2004,Luwung,LUWUNG,LUWUNG,45173,45673,45173,different,different,match,api_matches_odj,yes,no,
32.09.12.2005,Waruduwur,WARUDUWUR,WARUDUWUR,45173,45673,45173,different,different,match,api_matches_odj,yes,no,
32.09.12.2006,Citemu,CITEMU,CITEMU,45173,45673,45173,different,different,match,api_matches_odj,yes,no,
32.09.12.2007,Bandengan,BANDENGAN,BANDENGAN,45173,45673,45173,different,different,match,api_matches_odj,yes,no,
32.09.12.2009,Suci,SUCI,SUCI,45173,45673,45173,different,different,match,api_matches_odj,yes,no,
32.09.12.2010,Banjarwangunan,BANJARWANGUNAN,BANJARWANGUNAN,45173,45673,45173,different,different,match,api_matches_odj,yes,no,
32.09.12.2011,Pamengkang,PAMENGKANG,PAMENGKANG,45173,45673,45173,different,different,match,api_matches_odj,yes,no,
32.09.13.2001,Wanayasa,WANAYASA,WANAYASA,45172,45672,45172,different,different,match,api_matches_odj,yes,no,
32.09.13.2002,Sindangkasih,SINDANGKASIH,SINDANGKASIH,45172,45672,45172,different,different,match,api_matches_odj,yes,no,
32.09.13.2003,Sindanghayu,SINDANGHAYU,SINDANGHAYU,45172,45672,45172,different,different,match,api_matches_odj,yes,no,
32.09.13.2004,Ciawigajah,CIAWIGAJAH,CIAWIGAJAH,45172,45672,45172,different,different,match,api_matches_odj,yes,no,
32.09.13.2008,Cikancas,CIKANCAS,CIKANCAS,45172,45672,45172,different,different,match,api_matches_odj,yes,no,
32.09.13.2009,Halimpu,HALIMPU,HALIMPU,45172,45672,45172,different,different,match,api_matches_odj,yes,no,
32.09.13.2010,Cipinang,CIPINANG,CIPINANG,45172,45672,45172,different,different,match,api_matches_odj,yes,no,
32.09.13.2011,Beber,BEBER,BEBER,45172,45672,45172,different,different,match,api_matches_odj,yes,no,
32.09.13.2012,Patapan,PATAPAN,PATAPAN,45172,45672,45172,different,different,match,api_matches_odj,yes,no,
32.09.13.2013,Kondangsari,KONDANGSARI,KONDANGSARI,45172,45672,45172,different,different,match,api_matches_odj,yes,no,
32.09.15.1006,Kaliwadas,KALIWADAS,KALIWADAS,45611,45616,45611,different,different,match,api_matches_odj,yes,no,
32.09.15.1007,Pasalakan,PASALAKAN,PASALAKAN,45611,45616,45611,different,different,match,api_matches_odj,yes,no,
32.09.15.1008,Watubelah,WATUBELAH,WATUBELAH,45611,45615,45611,different,different,match,api_matches_odj,yes,no,
32.09.15.1009,Pejambon,PEJAMBON,PEJAMBON,45611,45615,45611,different,different,match,api_matches_odj,yes,no,
32.09.15.1010,Gegunung,GEGUNUNG,GEGUNUNG,45611,45613,45611,different,different,match,api_matches_odj,yes,no,
32.09.15.1011,Kemantren,KEMANTREN,KEMANTREN,45611,45614,45611,different,different,match,api_matches_odj,yes,no,
32.09.15.1012,Sendang,SENDANG,SENDANG,45611,45614,45611,different,different,match,api_matches_odj,yes,no,
32.09.15.1013,Tukmudal,TUKMUDAL,TUKMUDAL,45611,45617,45611,different,different,match,api_matches_odj,yes,no,
32.09.15.1014,Kenanga,KENANGA,KENANGA,45611,45617,45611,different,different,match,api_matches_odj,yes,no,
32.09.15.2001,Matangaji,MATANGAJI,MATANGAJI,45611,45619,45611,different,different,match,api_matches_odj,yes,no,
32.09.15.2002,Sidawangi,SIDAWANGI,SIDAWANGI,45611,45618,45611,different,different,match,api_matches_odj,yes,no,
32.09.17.2002,Cilukrak,CILUKRAK,CILUKRAK,45160,45661,45161,different,different,different,api_differs_available_sources,yes,no,API postal code differs from every available source postal code.
32.09.17.2003,Kepuh,KEPUH,KEPUH,45160,45661,45161,different,different,different,api_differs_available_sources,yes,no,API postal code differs from every available source postal code.
32.09.17.2004,Balerante,BALERANTE,BALERANTE,45160,45661,45161,different,different,different,api_differs_available_sources,yes,no,API postal code differs from every available source postal code.
32.09.17.2005,Panongan,PANONGAN,PANONGAN,45160,45661,45161,different,different,different,api_differs_available_sources,yes,no,API postal code differs from every available source postal code.
32.09.17.2006,Beberan,BEBERAN,BEBERAN,45160,45661,45161,different,different,different,api_differs_available_sources,yes,no,API postal code differs from every available source postal code.
32.09.17.2007,Semplo,SEMPLO,SEMPLO,45160,45661,45161,different,different,different,api_differs_available_sources,yes,no,API postal code differs from every available source postal code.
32.09.17.2008,Palimanan Timur,PALIMANAN TIMUR,PALIMANAN TIMUR,45160,45661,45161,different,different,different,api_differs_available_sources,yes,no,API postal code differs from every available source postal code.
32.09.17.2011,Pegagan,PEGAGAN,PEGAGAN,45160,45661,45161,different,different,different,api_differs_available_sources,yes,no,API postal code differs from every available source postal code.
32.09.17.2012,Lungbenda,LUNGBENDA,LUNGBENDA,45160,45661,45161,different,different,different,api_differs_available_sources,yes,no,API postal code differs from every available source postal code.
32.09.17.2013,Ciawi,CIAWI,CIAWI,45160,45661,45161,different,different,different,api_differs_available_sources,yes,no,API postal code differs from every available source postal code.
32.09.17.2014,Tegalkarang,TEGALKARANG,TEGALKARANG,45160,45661,45161,different,different,different,api_differs_available_sources,yes,no,API postal code differs from every available source postal code.
32.09.17.2015,Cengkuang,CENGKUANG,CENGKUANG,45160,45661,45161,different,different,different,api_differs_available_sources,yes,no,API postal code differs from every available source postal code.
32.09.18.2001,Cempaka,CEMPAKA,CEMPAKA,45158,45655,45155,different,different,different,api_differs_available_sources,yes,no,API postal code differs from every available source postal code.
32.09.18.2002,Pamijahan,PAMIJAHAN,PAMIJAHAN,45158,45655,45155,different,different,different,api_differs_available_sources,yes,no,API postal code differs from every available source postal code.
32.09.18.2003,Lurah,LURAH,LURAH,45158,45655,45155,different,different,different,api_differs_available_sources,yes,no,API postal code differs from every available source postal code.
32.09.18.2004,Marikangen,MARIKANGEN,MARIKANGEN,45158,45655,45155,different,different,different,api_differs_available_sources,yes,no,API postal code differs from every available source postal code.
32.09.18.2005,Bode Lor,BODE LOR,BODE LOR,45158,45655,45155,different,different,different,api_differs_available_sources,yes,no,API postal code differs from every available source postal code.
32.09.18.2006,Bodesari,BODESARI,BODESARI,45158,45655,45155,different,different,different,api_differs_available_sources,yes,no,API postal code differs from every available source postal code.
32.09.18.2007,Gombang,GOMBANG,GOMBANG,45158,45655,45155,different,different,different,api_differs_available_sources,yes,no,API postal code differs from every available source postal code.
32.09.18.2008,Karangmulya,KARANGMULYA,KARANGMULYA,45158,45655,45155,different,different,different,api_differs_available_sources,yes,no,API postal code differs from every available source postal code.
32.09.18.2009,Karangasem,KARANGASEM,KARANGASEM,45158,45655,45155,different,different,different,api_differs_available_sources,yes,no,API postal code differs from every available source postal code.
32.09.18.2010,Plumbon,PLUMBON,PLUMBON,45158,45655,45155,different,different,different,api_differs_available_sources,yes,no,API postal code differs from every available source postal code.
32.09.18.2011,Purbawinangun,PURBAWINANGUN,PURBAWINANGUN,45158,45655,45155,different,different,different,api_differs_available_sources,yes,no,API postal code differs from every available source postal code.
32.09.18.2012,Kebarepan,KEBAREPAN,KEBAREPAN,45158,45655,45155,different,different,different,api_differs_available_sources,yes,no,API postal code differs from every available source postal code.
32.09.18.2013,Pasanggrahan,PASANGGRAHAN,PASANGGRAHAN,45158,45655,45155,different,different,different,api_differs_available_sources,yes,no,API postal code differs from every available source postal code.
32.09.18.2014,Kedungsana,KEDUNGSANA,KEDUNGSANA,45158,45655,45155,different,different,different,api_differs_available_sources,yes,no,API postal code differs from every available source postal code.
32.09.18.2015,Danamulya,DANAMULYA,DANAMULYA,45158,45655,45155,different,different,different,api_differs_available_sources,yes,no,API postal code differs from every available source postal code.
32.09.19.2001,Karangsari,KARANGSARI,KARANGSARI,45159,45644,45154,different,different,different,api_differs_available_sources,yes,no,API postal code differs from every available source postal code.
32.09.19.2002,Kertasari,KERTASARI,KERTASARI,45159,45644,45154,different,different,different,api_differs_available_sources,yes,no,API postal code differs from every available source postal code.
32.09.19.2005,Setu Wetan,SETU WETAN,SETU WETAN,45159,45644,45651,different,different,different,api_differs_available_sources,yes,no,API postal code differs from every available source postal code.
32.09.19.2006,Setu Kulon,SETU KULON,SETU KULON,45159,45644,45154,different,different,different,api_differs_available_sources,yes,no,API postal code differs from every available source postal code.
32.09.19.2007,Weru Kidul,WERU KIDUL,WERU KIDUL,45159,45644,45154,different,different,different,api_differs_available_sources,yes,no,API postal code differs from every available source postal code.
32.09.19.2008,Weru Lor,WERU LOR,WERU LOR,45159,45644,45154,different,different,different,api_differs_available_sources,yes,no,API postal code differs from every available source postal code.
32.09.19.2009,Tegalwangi,TEGALWANGI,TEGALWANGI,45159,45644,45154,different,different,different,api_differs_available_sources,yes,no,API postal code differs from every available source postal code.
32.09.20.2004,Kedungdawa,KEDUNGDAWA,KEDUNGDAWA,45153,45653,45153,different,different,match,api_matches_odj,yes,no,
32.09.20.2005,Kalikoa,KALIKOA,KALIKOA,45153,45653,45153,different,different,match,api_matches_odj,yes,no,
32.09.20.2006,Tuk,TUK,TUK,45153,45653,45153,different,different,match,api_matches_odj,yes,no,
32.09.20.2007,Kedungjaya,KEDUNGJAYA,KEDUNGJAYA,45153,45653,45153,different,different,match,api_matches_odj,yes,no,
32.09.20.2008,Kedawung,KEDAWUNG,KEDAWUNG,45153,45653,45153,different,different,match,api_matches_odj,yes,no,
32.09.20.2009,Kertawinangun,KERTAWINANGUN,KERTAWINANGUN,45153,45653,45153,different,different,match,api_matches_odj,yes,no,
32.09.20.2010,Sutawinangun,SUTAWINANGUN,SUTAWINANGUN,45153,45653,45153,different,different,match,api_matches_odj,yes,no,
32.09.20.2011,Pilangsari,PILANGSARI,PILANGSARI,45153,45653,45153,different,different,match,api_matches_odj,yes,no,
32.09.22.2010,Kertasura,KERTASURA,KERTASURA,45152,45658,45152,different,different,match,api_matches_odj,yes,no,
32.09.22.2011,Pegagan Kidul,PEGAGAN KIDUL,PEGAGAN KIDUL,45152,45658,45152,different,different,match,api_matches_odj,yes,no,
32.09.22.2012,Pegaan Lor (Pegagan Lor),PEGAAN LOR,PEGAAN LOR,45152,45658,45152,different,different,match,api_matches_odj,yes,yes,
32.09.22.2013,Dukuh,DUKUH,DUKUH,45152,45658,45152,different,different,match,api_matches_odj,yes,no,
32.09.22.2014,Karangkendal,KARANGKENDAL,KARANGKENDAL,45152,45658,45152,different,different,match,api_matches_odj,yes,no,
32.09.22.2015,Grogol,GROGOL,GROGOL,45152,45658,45152,different,different,match,api_matches_odj,yes,no,
32.09.22.2016,Kapetakan,KAPETAKAN,KAPETAKAN,45152,45658,45152,different,different,match,api_matches_odj,yes,no,
32.09.22.2017,Bungko,BUNGKO,BUNGKO,45152,45658,45152,different,different,match,api_matches_odj,yes,no,
32.09.22.2018,Bungko Lor,BUNGKO LOR,BUNGKO LOR,45152,45658,45152,different,different,match,api_matches_odj,yes,no,
32.09.23.2001,Serang,SERANG,SERANG,45157,45656,45156,different,different,different,api_differs_available_sources,yes,no,API postal code differs from every available source postal code.
32.09.23.2002,Klangenan,KLANGENAN,KLANGENAN,45157,45656,45156,different,different,different,api_differs_available_sources,yes,no,API postal code differs from every available source postal code.
32.09.23.2003,Danawinangun,DANAWINANGUN,DANAWINANGUN,45157,45656,45156,different,different,different,api_differs_available_sources,yes,no,API postal code differs from every available source postal code.
32.09.23.2007,Pakantingan (Pekantingan),PAKANTINGAN,PAKANTINGAN,45157,45656,45156,different,different,different,api_differs_available_sources,yes,yes,API postal code differs from every available source postal code.
32.09.23.2008,Jemaras Kidul,JEMARAS KIDUL,JEMARAS KIDUL,45157,45656,45156,different,different,different,api_differs_available_sources,yes,no,API postal code differs from every available source postal code.
32.09.23.2009,Jemaras Lor,JEMARAS LOR,JEMARAS LOR,45157,45656,45156,different,different,different,api_differs_available_sources,yes,no,API postal code differs from every available source postal code.
32.09.23.2010,Slangit,SLANGIT,SLANGIT,45157,45656,45156,different,different,different,api_differs_available_sources,yes,no,API postal code differs from every available source postal code.
32.09.23.2011,Kreyo,KREYO,KREYO,45157,45656,45156,different,different,different,api_differs_available_sources,yes,no,API postal code differs from every available source postal code.
32.09.23.2012,Bangodua,BANGODUA,BANGODUA,45157,45656,45156,different,different,different,api_differs_available_sources,yes,no,API postal code differs from every available source postal code.
32.09.24.2001,Sende,SENDE,SENDE,45162,45662,45162,different,different,match,api_matches_odj,yes,no,
32.09.24.2002,Jungjang Wetan,JUNGJANG WETAN,JUNGJANG WETAN,45162,45662,45162,different,different,match,api_matches_odj,yes,no,
32.09.24.2003,Jungjang,JUNGJANG,JUNGJANG,45162,45662,45162,different,different,match,api_matches_odj,yes,no,
32.09.24.2004,Arjawinangun,ARJAWINANGUN,ARJAWINANGUN,45162,45662,45162,different,different,match,api_matches_odj,yes,no,
32.09.24.2005,Tegalgubug,TEGALGUBUG,TEGALGUBUG,45162,45662,45162,different,different,match,api_matches_odj,yes,no,
32.09.24.2006,Tegal Gubug Lor (Tegalgubug Lor),TEGAL GUBUG LOR,TEGAL GUBUG LOR,45162,45662,45162,different,different,match,api_matches_odj,yes,yes,
32.09.24.2007,Rawagatel,RAWAGATEL,RAWAGATEL,45162,45662,45162,different,different,match,api_matches_odj,yes,no,
32.09.24.2008,Karangsambung,KARANGSAMBUNG,KARANGSAMBUNG,45162,45662,45162,different,different,match,api_matches_odj,yes,no,
32.09.24.2009,Bulak,BULAK,BULAK,45162,45662,45162,different,different,match,api_matches_odj,yes,no,
32.09.24.2010,Geyongan,GEYONGAN,GEYONGAN,45162,45662,45162,different,different,match,api_matches_odj,yes,no,
32.09.24.2011,Kebonturi,KEBONTURI,KEBONTURI,45162,45662,45162,different,different,match,api_matches_odj,yes,no,
32.09.25.2001,Kalianyar,KALIANYAR,KALIANYAR,45163,45663,45163,different,different,match,api_matches_odj,yes,no,
32.09.25.2002,Pangurangan Kulon (Panguragan Kulon),PANGURANGAN KULON,PANGURANGAN KULON,45163,45663,45163,different,different,match,api_matches_odj,yes,yes,
32.09.25.2003,Pangurangan Wetan (Panguragan Wetan),PANGURANGAN WETAN,PANGURANGAN WETAN,45163,45663,45163,different,different,match,api_matches_odj,yes,yes,
32.09.25.2004,Pangurangan Lor (Panguragan Lor),PANGURANGAN LOR,PANGURANGAN LOR,45163,45663,45163,different,different,match,api_matches_odj,yes,yes,
32.09.25.2005,Pangurangan (Panguragan),PANGURANGAN,PANGURANGAN,45163,45663,45163,different,different,match,api_matches_odj,yes,yes,
32.09.25.2006,Gujeg,GUJEG,GUJEG,45163,45663,45163,different,different,match,api_matches_odj,yes,no,
32.09.25.2007,Lemahtamba,LEMAHTAMBA,LEMAHTAMBA,45163,45663,45163,different,different,match,api_matches_odj,yes,no,
32.09.25.2008,Karanganyar,KARANGANYAR,KARANGANYAR,45163,45663,45163,different,different,match,api_matches_odj,yes,no,
32.09.25.2009,Kroya,KROYA,KROYA,45163,45663,45163,different,different,match,api_matches_odj,yes,no,
32.09.26.2004,Budur,BUDUR,BUDUR,45167,45667,45167,different,different,match,api_matches_odj,yes,no,
32.09.26.2005,Babakan,BABAKAN,BABAKAN,45167,45667,45167,different,different,match,api_matches_odj,yes,no,
32.09.26.2006,Ciwaringin,CIWARINGIN,CIWARINGIN,45167,45667,45167,different,different,match,api_matches_odj,yes,no,
32.09.26.2007,Gintungranjeng,GINTUNGRANJENG,GINTUNGRANJENG,45167,45667,45167,different,different,match,api_matches_odj,yes,no,
32.09.26.2008,Gintung Kidul,GINTUNG KIDUL,GINTUNG KIDUL,45167,45667,45167,different,different,match,api_matches_odj,yes,no,
32.09.26.2009,Gintung Tengah,GINTUNG TENGAH,GINTUNG TENGAH,45167,45667,45167,different,different,match,api_matches_odj,yes,no,
32.09.26.2010,Bringin,BRINGIN,BRINGIN,45167,45667,45167,different,different,match,api_matches_odj,yes,no,
32.09.26.2011,Galagamba,GALAGAMBA,GALAGAMBA,45167,45667,45167,different,different,match,api_matches_odj,yes,no,
32.09.27.2001,Tangkil,TANGKIL,TANGKIL,45166,45666,45166,different,different,match,api_matches_odj,yes,no,
32.09.27.2002,Wiyong,WIYONG,WIYONG,45166,45666,45166,different,different,match,api_matches_odj,yes,no,
32.09.27.2003,Kedongdong,KEDONGDONG,KEDONGDONG,45166,45666,45166,different,different,match,api_matches_odj,yes,no,
32.09.27.2004,Gintung Lor,GINTUNG LOR,GINTUNG LOR,45166,45666,45166,different,different,match,api_matches_odj,yes,no,
32.09.27.2005,Bojong Kulon,BOJONG KULON,BOJONG KULON,45166,45666,45166,different,different,match,api_matches_odj,yes,no,
32.09.27.2006,Kejiwan,KEJIWAN,KEJIWAN,45166,45666,45166,different,different,match,api_matches_odj,yes,no,
32.09.27.2007,Susukan,SUSUKAN,SUSUKAN,45166,45666,45166,different,different,match,api_matches_odj,yes,no,
32.09.27.2008,Luwung Kencana,LUWUNG KENCANA,LUWUNG KENCANA,45166,45666,45166,different,different,match,api_matches_odj,yes,no,
32.09.27.2009,Bunder,BUNDER,BUNDER,45166,45666,45166,different,different,match,api_matches_odj,yes,no,
32.09.27.2010,Jatipura,JATIPURA,JATIPURA,45166,45666,45166,different,different,match,api_matches_odj,yes,no,
32.09.27.2011,Ujunggebang,UJUNGGEBANG,UJUNGGEBANG,45166,45666,45166,different,different,match,api_matches_odj,yes,no,
32.09.27.2012,Jatianom,JATIANOM,JATIANOM,45166,45666,45166,different,different,match,api_matches_odj,yes,no,
32.09.28.2001,Kedungdalem,KEDUNGDALEM,KEDUNGDALEM,45164,45664,45164,different,different,match,api_matches_odj,yes,no,
32.09.28.2002,Panunggul,PANUNGGUL,PANUNGGUL,45164,45664,45164,different,different,match,api_matches_odj,yes,no,
32.09.28.2003,Gegesik Wetan,GEGESIK WETAN,GEGESIK WETAN,45164,45664,45164,different,different,match,api_matches_odj,yes,no,
32.09.28.2004,Gegesik Kidul,GEGESIK KIDUL,GEGESIK KIDUL,45164,45664,45164,different,different,match,api_matches_odj,yes,no,
32.09.28.2005,Gegesik Lor,GEGESIK LOR,GEGESIK LOR,45164,45664,45164,different,different,match,api_matches_odj,yes,no,
32.09.28.2006,Gegesik Kulon,GEGESIK KULON,GEGESIK KULON,45164,45664,45164,different,different,match,api_matches_odj,yes,no,
32.09.28.2007,Slendra,SLENDRA,SLENDRA,45164,45664,45164,different,different,match,api_matches_odj,yes,no,
32.09.28.2008,Jagapura Kidul,JAGAPURA KIDUL,JAGAPURA KIDUL,45164,45664,45164,different,different,match,api_matches_odj,yes,no,
32.09.28.2009,Jagapura Wetan,JAGAPURA WETAN,JAGAPURA WETAN,45164,45664,45164,different,different,match,api_matches_odj,yes,no,
32.09.28.2010,Jagapura Kulon,JAGAPURA KULON,JAGAPURA KULON,45164,45664,45164,different,different,match,api_matches_odj,yes,no,
32.09.28.2011,Jagapura Lor,JAGAPURA LOR,JAGAPURA LOR,45164,45664,45164,different,different,match,api_matches_odj,yes,no,
32.09.28.2012,Sibubut,SIBUBUT,SIBUBUT,45164,45664,45164,different,different,match,api_matches_odj,yes,no,
32.09.28.2013,Bayalangu Lor,BAYALANGU LOR,BAYALANGU LOR,45164,45664,45164,different,different,match,api_matches_odj,yes,no,
32.09.28.2014,Bayalangu Kidul,BAYALANGU KIDUL,BAYALANGU KIDUL,45164,45664,45164,different,different,match,api_matches_odj,yes,no,
32.09.29.2001,Kalideres,KALIDERES,KALIDERES,45165,45665,45165,different,different,match,api_matches_odj,yes,no,
32.09.29.2002,Prajawinangun Kulon,PRAJAWINANGUN KULON,PRAJAWINANGUN KULON,45165,45665,45165,different,different,match,api_matches_odj,yes,no,
32.09.29.2003,Prajawinangun Wetan,PRAJAWINANGUN WETAN,PRAJAWINANGUN WETAN,45165,45665,45165,different,different,match,api_matches_odj,yes,no,
32.09.29.2004,Ujungsemi,UJUNGSEMI,UJUNGSEMI,45165,45665,45165,different,different,match,api_matches_odj,yes,no,
32.09.29.2005,Wargabinangun,WARGABINANGUN,WARGABINANGUN,45165,45665,45165,different,different,match,api_matches_odj,yes,no,
32.09.29.2006,Kaliwedi Lor,KALIWEDI LOR,KALIWEDI LOR,45165,45665,45165,different,different,match,api_matches_odj,yes,no,
32.09.29.2007,Kaliwedi Kidul,KALIWEDI KIDUL,KALIWEDI KIDUL,45165,45665,45165,different,different,match,api_matches_odj,yes,no,
32.09.29.2008,Guwa Kidul,GUWA KIDUL,GUWA KIDUL,45165,45665,45165,different,different,match,api_matches_odj,yes,no,
32.09.29.2009,Guwa Lor,GUWA LOR,GUWA LOR,45165,45665,45165,different,different,match,api_matches_odj,yes,no,
32.09.30.2001,Dompyong Kulon,DOMPYONG KULON,DOMPYONG KULON,45190,45694,45191,different,different,different,api_differs_available_sources,yes,no,API postal code differs from every available source postal code.
32.09.30.2002,Dompyong Wetan,DOMPYONG WETAN,DOMPYONG WETAN,45190,45694,45191,different,different,different,api_differs_available_sources,yes,no,API postal code differs from every available source postal code.
32.09.30.2003,Kalimekar,KALIMEKAR,KALIMEKAR,45190,45694,45191,different,different,different,api_differs_available_sources,yes,no,API postal code differs from every available source postal code.
32.09.30.2004,Kalimoro (Kalimaro),KALIMORO,KALIMORO,45190,45694,45191,different,different,different,api_differs_available_sources,yes,yes,API postal code differs from every available source postal code.
32.09.30.2005,Gagasari,GAGASARI,GAGASARI,45190,45694,45191,different,different,different,api_differs_available_sources,yes,no,API postal code differs from every available source postal code.
32.09.30.2006,Kalipasung,KALIPASUNG,KALIPASUNG,45190,45694,45191,different,different,different,api_differs_available_sources,yes,no,API postal code differs from every available source postal code.
32.09.30.2007,Gebang Kulon,GEBANG KULON,GEBANG KULON,45190,45694,45191,different,different,different,api_differs_available_sources,yes,no,API postal code differs from every available source postal code.
32.09.30.2008,Gebang,GEBANG,GEBANG,45190,45694,45191,different,different,different,api_differs_available_sources,yes,no,API postal code differs from every available source postal code.
32.09.30.2013,Melakasari,MELAKASARI,MELAKASARI,45190,45694,45191,different,different,different,api_differs_available_sources,yes,no,API postal code differs from every available source postal code.
32.09.31.2001,Cikeduk,CIKEDUK,CIKEDUK,45155,45641,45155,different,different,match,api_matches_odj,yes,no,
32.09.31.2002,Warujaya,WARUJAYA,WARUJAYA,45155,45641,45155,different,different,match,api_matches_odj,yes,no,
32.09.31.2003,Warukawung,WARUKAWUNG,WARUKAWUNG,45155,45641,45155,different,different,match,api_matches_odj,yes,no,
32.09.31.2004,Warugede,WARUGEDE,WARUGEDE,45155,45641,45155,different,different,match,api_matches_odj,yes,no,
32.09.31.2005,Waruroyom,WARUROYOM,WARUROYOM,45155,45641,45155,different,different,match,api_matches_odj,yes,no,
32.09.31.2006,Depok,DEPOK,DEPOK,45155,45641,45155,different,different,match,api_matches_odj,yes,no,
32.09.31.2007,Kasugengan Kidul,KASUGENGAN KIDUL,KASUGENGAN KIDUL,45155,45641,45155,different,different,match,api_matches_odj,yes,no,
32.09.31.2008,Kasugengan Lor,KASUGENGAN LOR,KASUGENGAN LOR,45155,45641,45155,different,different,match,api_matches_odj,yes,no,
32.09.31.2009,Keduanan,KEDUANAN,KEDUANAN,45155,45641,45155,different,different,match,api_matches_odj,yes,no,
32.09.31.2010,Kejuden,KEJUDEN,KEJUDEN,45155,45641,45155,different,different,match,api_matches_odj,yes,no,
32.09.31.2011,Getasan,GETASAN,GETASAN,45155,45641,45155,different,different,match,api_matches_odj,yes,no,
32.09.31.2012,Karangwangi,KARANGWANGI,KARANGWANGI,45155,45641,45155,different,different,match,api_matches_odj,yes,no,
32.09.32.2001,Tonjong,TONJONG,TONJONG,45187,45697,45187,different,different,match,api_matches_odj,yes,no,
32.09.32.2002,Tanjunganom (Tanjung Anom),TANJUNGANOM,TANJUNGANOM,45187,45697,45187,different,different,match,api_matches_odj,yes,yes,
32.09.32.2003,Cilengkrang Girang,CILENGKRANG GIRANG,CILENGKRANG GIRANG,45187,45697,45187,different,different,match,api_matches_odj,yes,no,
32.09.32.2004,Cilengkrang,CILENGKRANG,CILENGKRANG,45187,45697,45187,different,different,match,api_matches_odj,yes,no,
32.09.32.2005,Pasaleman,PASALEMAN,PASALEMAN,45187,45697,45187,different,different,match,api_matches_odj,yes,no,
32.09.32.2007,Cigobang,CIGOBANG,CIGOBANG,45187,45697,45187,different,different,match,api_matches_odj,yes,no,
32.09.33.2001,Sukadana,SUKADANA,SUKADANA,45194,45696,45188,different,different,different,api_differs_available_sources,yes,no,API postal code differs from every available source postal code.
32.09.33.2002,Pabuaran Kidul,PABUARAN KIDUL,PABUARAN KIDUL,45194,45696,45188,different,different,different,api_differs_available_sources,yes,no,API postal code differs from every available source postal code.
32.09.33.2003,Pabuaran Wetan,PABUARAN WETAN,PABUARAN WETAN,45194,45696,45188,different,different,different,api_differs_available_sources,yes,no,API postal code differs from every available source postal code.
32.09.33.2004,Pabuaran Lor,PABUARAN LOR,PABUARAN LOR,45194,45696,45188,different,different,different,api_differs_available_sources,yes,no,API postal code differs from every available source postal code.
32.09.33.2005,Jatirenggang,JATIRENGGANG,JATIRENGGANG,45194,45696,45188,different,different,different,api_differs_available_sources,yes,no,API postal code differs from every available source postal code.
32.09.33.2006,Hulubanteng,HULUBANTENG,HULUBANTENG,45194,45696,45188,different,different,different,api_differs_available_sources,yes,no,API postal code differs from every available source postal code.
32.09.33.2007,Hulubanteng Lor,HULUBANTENG LOR,HULUBANTENG LOR,45194,45696,45188,different,different,different,api_differs_available_sources,yes,no,API postal code differs from every available source postal code.
32.09.34.2001,Seuseupan,SEUSEUPAN,SEUSEUPAN,45184,45695,45186,different,different,different,api_differs_available_sources,yes,no,API postal code differs from every available source postal code.
32.09.34.2002,Blender,BLENDER,BLENDER,45184,45695,45186,different,different,different,api_differs_available_sources,yes,no,API postal code differs from every available source postal code.
32.09.34.2003,Sumurkondang,SUMURKONDANG,SUMURKONDANG,45184,45695,45186,different,different,different,api_differs_available_sources,yes,no,API postal code differs from every available source postal code.
32.09.34.2004,Kubangdeleg,KUBANGDELEG,KUBANGDELEG,45184,45695,45186,different,different,different,api_differs_available_sources,yes,no,API postal code differs from every available source postal code.
32.09.34.2005,Jatipiring,JATIPIRING,JATIPIRING,45184,45695,45186,different,different,different,api_differs_available_sources,yes,no,API postal code differs from every available source postal code.
32.09.34.2006,Karanganyar,KARANGANYAR,KARANGANYAR,45184,45695,45186,different,different,different,api_differs_available_sources,yes,no,API postal code differs from every available source postal code.
32.09.34.2007,Karangwangi,KARANGWANGI,KARANGWANGI,45184,45695,45186,different,different,different,api_differs_available_sources,yes,no,API postal code differs from every available source postal code.
32.09.34.2008,Karangwareng,KARANGWARENG,KARANGWARENG,45184,45695,45186,different,different,different,api_differs_available_sources,yes,no,API postal code differs from every available source postal code.
32.09.34.2009,Karangasem,KARANGASEM,KARANGASEM,45184,45695,45186,different,different,different,api_differs_available_sources,yes,no,API postal code differs from every available source postal code.
32.09.35.2001,Palir,PALIR,PALIR,45168,45642,45153,different,different,different,api_differs_available_sources,yes,no,API postal code differs from every available source postal code.
32.09.35.2002,Astapada,ASTAPADA,ASTAPADA,45168,45642,45153,different,different,different,api_differs_available_sources,yes,no,API postal code differs from every available source postal code.
32.09.35.2003,Gesik,GESIK,GESIK,45168,45642,45153,different,different,different,api_differs_available_sources,yes,no,API postal code differs from every available source postal code.
32.09.35.2004,Kemlakagede,KEMLAKAGEDE,KEMLAKAGEDE,45168,45642,45153,different,different,different,api_differs_available_sources,yes,no,API postal code differs from every available source postal code.
32.09.35.2005,Dawuan,DAWUAN,DAWUAN,45168,45642,45153,different,different,different,api_differs_available_sources,yes,no,API postal code differs from every available source postal code.
32.09.35.2007,Kalibaru,KALIBARU,KALIBARU,45168,45642,45153,different,different,different,api_differs_available_sources,yes,no,API postal code differs from every available source postal code.
32.09.35.2008,Kalitengah,KALITENGAH,KALITENGAH,45168,45642,45153,different,different,different,api_differs_available_sources,yes,no,API postal code differs from every available source postal code.
32.09.36.2001,Tegalsari,TEGALSARI,TEGALSARI,45154,45654,45154,different,different,match,api_matches_odj,yes,no,
32.09.36.2002,Kaliwulu,KALIWULU,KALIWULU,45154,45654,45154,different,different,match,api_matches_odj,yes,no,
32.09.36.2003,Panembahan,PANEMBAHAN,PANEMBAHAN,45154,45654,45154,different,different,match,api_matches_odj,yes,no,
32.09.36.2004,Trusmi Wetan,TRUSMI WETAN,TRUSMI WETAN,45154,45654,45154,different,different,match,api_matches_odj,yes,no,
32.09.36.2005,Trusmi Kulon,TRUSMI KULON,TRUSMI KULON,45154,45654,45154,different,different,match,api_matches_odj,yes,no,
32.09.36.2006,Wotgali,WOTGALI,WOTGALI,45154,45654,45154,different,different,match,api_matches_odj,yes,no,
32.09.36.2010,Pangkalan,PANGKALAN,PANGKALAN,45154,45654,45154,different,different,match,api_matches_odj,yes,no,
32.09.37.2001,Cikeusal,CIKEUSAL,CIKEUSAL,45161,45668,45161,different,different,match,api_matches_odj,yes,no,
32.09.37.2002,Palimanan Barat,PALIMANAN BARAT,PALIMANAN BARAT,45161,45668,45161,different,different,match,api_matches_odj,yes,no,
32.09.37.2003,Kedungbunder,KEDUNGBUNDER,KEDUNGBUNDER,45161,45668,45161,different,different,match,api_matches_odj,yes,no,
32.09.37.2004,Cupang,CUPANG,CUPANG,45161,45668,45161,different,different,match,api_matches_odj,yes,no,
32.09.37.2005,Gempol,GEMPOL,GEMPOL,45161,45668,45161,different,different,match,api_matches_odj,yes,no,
32.09.37.2006,Walahar,WALAHAR,WALAHAR,45161,45668,45161,different,different,match,api_matches_odj,yes,no,
32.09.37.2007,Kempek,KEMPEK,KEMPEK,45161,45668,45161,different,different,match,api_matches_odj,yes,no,
32.09.37.2008,Winong,WINONG,WINONG,45161,45668,45161,different,different,match,api_matches_odj,yes,no,
32.09.39.2001,,SAMBENG,SAMBENG,,45659,45151,different,missing_in_api,missing_in_api,missing_in_api,yes,yes,Government-source village code was not returned by the API search.
32.09.39.2002,,SIRNABAYA,SIRNABAYA,,45659,45151,different,missing_in_api,missing_in_api,missing_in_api,yes,yes,Government-source village code was not returned by the API search.
32.09.39.2003,Muara,MUARA,MUARA,45150,45659,45152,different,different,different,api_differs_available_sources,yes,no,API postal code differs from every available source postal code.
32.09.39.2004,Purwawinangun,PURWAWINANGUN,PURWAWINANGUN,45150,45659,45152,different,different,different,api_differs_available_sources,yes,no,API postal code differs from every available source postal code.
32.09.39.2005,Keraton,KERATON,KERATON,45150,45659,45152,different,different,different,api_differs_available_sources,yes,no,API postal code differs from every available source postal code.
32.09.39.2006,Surakarta,SURAKARTA,SURAKARTA,45150,45659,45152,different,different,different,api_differs_available_sources,yes,no,API postal code differs from every available source postal code.
32.09.39.2007,Karangreja,KARANGREJA,KARANGREJA,45150,45659,45152,different,different,different,api_differs_available_sources,yes,no,API postal code differs from every available source postal code.
32.09.39.2008,Suranenggala Kidul,SURANENGGALA KIDUL,SURANENGGALA KIDUL,45150,45659,45152,different,different,different,api_differs_available_sources,yes,no,API postal code differs from every available source postal code.
32.09.39.2009,Suranenggala Kulon,SURANENGGALA KULON,SURANENGGALA KULON,45150,45659,45152,different,different,different,api_differs_available_sources,yes,no,API postal code differs from every available source postal code.
32.09.39.2010,Suranenggala Lor,SURANENGGALA LOR,SURANENGGALA LOR,45150,45659,45152,different,different,different,api_differs_available_sources,yes,no,API postal code differs from every available source postal code.
32.09.39.2011,Suranenggala,SURANENGGALA,SURANENGGALA,45150,45659,45152,different,different,different,api_differs_available_sources,yes,no,API postal code differs from every available source postal code.
32.09.40.2001,Jamblang,JAMBLANG,JAMBLANG,45156,45657,45156,different,different,match,api_matches_odj,yes,no,
32.09.40.2002,Sitiwinangun,SITIWINANGUN,SITIWINANGUN,45156,45657,45156,different,different,match,api_matches_odj,yes,no,
32.09.40.2003,Wangunharja,WANGUNHARJA,WANGUNHARJA,45156,45657,45156,different,different,match,api_matches_odj,yes,no,
32.09.40.2004,Bojong Wetan,BOJONG WETAN,BOJONG WETAN,45156,45657,45156,different,different,match,api_matches_odj,yes,no,
32.09.40.2005,Bojong Lor,BOJONG LOR,BOJONG LOR,45156,45657,45156,different,different,match,api_matches_odj,yes,no,
32.09.40.2006,Orimalang,ORIMALANG,ORIMALANG,45156,45657,45156,different,different,match,api_matches_odj,yes,no,
32.09.40.2007,Bakung Kidul,BAKUNG KIDUL,BAKUNG KIDUL,45156,45657,45156,different,different,match,api_matches_odj,yes,no,
32.09.40.2008,Bakung Lor,BAKUNG LOR,BAKUNG LOR,45156,45657,45156,different,different,match,api_matches_odj,yes,no,
32.10.03.2015,Cilancang (Cilangcang),CILANCANG,CILANCANG,45466,45463,45466,different,different,match,api_matches_odj,yes,yes,
32.10.06.2018,Nunuk Baru,NUNUK BARU,NUNUK BARU,45461,45412,45461,different,different,match,api_matches_odj,yes,no,
32.10.07.1004,Sindangkasih,SINDANGKASIH,SINDANGKASIH,45411,45412,45411,different,different,match,api_matches_odj,yes,no,
32.10.07.2005,Kulur,KULUR,KULUR,45411,45412,45411,different,different,match,api_matches_odj,yes,no,
32.10.07.2006,Kawunggirang,KAWUNGGIRANG,KAWUNGGIRANG,45411,45412,45411,different,different,match,api_matches_odj,yes,no,
32.10.07.2012,Sidamukti,SIDAMUKTI,SIDAMUKTI,45411,45417,45411,different,different,match,api_matches_odj,yes,no,
32.10.07.2014,Cibodas,CIBODAS,CIBODAS,45411,45412,45411,different,different,match,api_matches_odj,yes,no,
32.10.13.2002,Kadipaten,KADIPATEN,KADIPATEN,45452,45452,46156,different,match,different,api_matches_diskominfo,yes,no,
32.10.17.2005,Banjaran,BANJARAN,BANJARAN,45468,45455,45468,different,different,match,api_matches_odj,yes,no,
32.10.18.2001,Cijurey,CIJUREY,CIJUREY,45459,45437,45459,different,different,match,api_matches_odj,yes,no,
32.10.18.2002,Pasirmuncang,PASIRMUNCANG,PASIRMUNCANG,45459,45438,45459,different,different,match,api_matches_odj,yes,no,
32.10.18.2003,Jatipamor,JATIPAMOR,JATIPAMOR,45459,45431,45459,different,different,match,api_matches_odj,yes,no,
32.10.18.2004,Bantrangsana,BANTRANGSANA,BANTRANGSANA,45459,45439,45459,different,different,match,api_matches_odj,yes,no,
32.10.18.2005,Jatiserang,JATISERANG,JATISERANG,45459,45436,45459,different,different,match,api_matches_odj,yes,no,
32.10.18.2006,Bonang,BONANG,BONANG,45459,45435,45459,different,different,match,api_matches_odj,yes,no,
32.10.18.2007,Leuwiseeng,LEUWISEENG,LEUWISEENG,45459,45434,45459,different,different,match,api_matches_odj,yes,no,
32.10.18.2008,Panyingkiran,PANYINGKIRAN,PANYINGKIRAN,45459,45432,45459,different,different,match,api_matches_odj,yes,no,
32.10.18.2009,Karyamukti,KARYAMUKTI,KARYAMUKTI,45459,45433,45459,different,different,match,api_matches_odj,yes,no,
32.10.20.1004,Cigasong,CIGASONG,CIGASONG,45476,45423,45476,different,different,match,api_matches_odj,yes,no,
32.10.20.1005,Simpeureum,SIMPEUREUM,SIMPEUREUM,45476,45422,45476,different,different,match,api_matches_odj,yes,no,
32.10.20.1006,Cicenang,CICENANG,CICENANG,45476,45424,45476,different,different,match,api_matches_odj,yes,no,
32.10.20.2001,Kawunghilir,KAWUNGHILIR,KAWUNGHILIR,45476,45429,45476,different,different,match,api_matches_odj,yes,no,
32.10.20.2002,Tajur,TAJUR,TAJUR,45476,45429,45476,different,different,match,api_matches_odj,yes,no,
32.10.20.2003,Tenjolayar,TENJOLAYAR,TENJOLAYAR,45476,45421,45476,different,different,match,api_matches_odj,yes,no,
32.10.20.2007,Baribis,BARIBIS,BARIBIS,45476,45425,45476,different,different,match,api_matches_odj,yes,no,
32.10.20.2008,Batujaya,BATUJAYA,BATUJAYA,45476,45426,45476,different,different,match,api_matches_odj,yes,no,
32.10.20.2009,Kutamanggu,KUTAMANGGU,KUTAMANGGU,45476,45427,45476,different,different,match,api_matches_odj,yes,no,
32.10.20.2010,Karayunan,KARAYUNAN,KARAYUNAN,45476,45428,45476,different,different,match,api_matches_odj,yes,no,
32.10.24.2001,Jatisawit,JATISAWIT,JATISAWIT,45451,45477,45453,different,different,different,api_differs_available_sources,yes,no,API postal code differs from every available source postal code.
32.10.24.2002,Leuwikidang,LEUWIKIDANG,LEUWIKIDANG,45451,45477,45453,different,different,different,api_differs_available_sources,yes,no,API postal code differs from every available source postal code.
32.10.24.2003,Ranji Kulon (Ranjikulon),RANJI KULON,RANJI KULON,45451,45477,45453,different,different,different,api_differs_available_sources,yes,yes,API postal code differs from every available source postal code.
32.10.24.2004,Ranji Wetan (Ranjiwetan),RANJI WETAN,RANJI WETAN,45451,45477,45453,different,different,different,api_differs_available_sources,yes,yes,API postal code differs from every available source postal code.
32.10.24.2005,Gunungsari,GUNUNGSARI,GUNUNGSARI,45451,45477,45453,different,different,different,api_differs_available_sources,yes,no,API postal code differs from every available source postal code.
32.10.24.2006,Kasokandel,KASOKANDEL,KASOKANDEL,45451,45477,45453,different,different,different,api_differs_available_sources,yes,no,API postal code differs from every available source postal code.
32.10.24.2007,Girimukti,GIRIMUKTI,GIRIMUKTI,45451,45477,45453,different,different,different,api_differs_available_sources,yes,no,API postal code differs from every available source postal code.
32.10.24.2008,Jatimulya,JATIMULYA,JATIMULYA,45451,45477,45453,different,different,different,api_differs_available_sources,yes,no,API postal code differs from every available source postal code.
32.10.24.2009,Wanajaya,WANAJAYA,WANAJAYA,45451,45477,45453,different,different,different,api_differs_available_sources,yes,no,API postal code differs from every available source postal code.
32.10.24.2010,Gandasari,GANDASARI,GANDASARI,45451,45477,45453,different,different,different,api_differs_available_sources,yes,no,API postal code differs from every available source postal code.
32.10.25.2001,Pasirayu,PASIRAYU,PASIRAYU,45471,45478,45471,different,different,match,api_matches_odj,yes,no,
32.10.25.2002,Sindang,SINDANG,SINDANG,45471,45478,45471,different,different,match,api_matches_odj,yes,no,
32.10.25.2003,Garawastu,GARAWASTU,GARAWASTU,45471,45478,45471,different,different,match,api_matches_odj,yes,no,
32.10.25.2004,Indrakila,INDRAKILA,INDRAKILA,45471,45478,45471,different,different,match,api_matches_odj,yes,no,
32.10.25.2005,Gunungkuning (Gunung Kuning),GUNUNGKUNING,GUNUNGKUNING,45471,45478,45471,different,different,match,api_matches_odj,yes,yes,
32.10.25.2007,Sangkanhurip,SANGKANHURIP,SANGKANHURIP,45471,45478,45471,different,different,match,api_matches_odj,yes,no,
32.10.25.2008,Bayureja,BAYUREJA,BAYUREJA,45471,45478,45471,different,different,match,api_matches_odj,yes,no,
32.10.26.2001,Sukadana,SUKADANA,SUKADANA,45460,45469,45464,different,different,different,api_differs_available_sources,yes,no,API postal code differs from every available source postal code.
32.10.26.2002,Werasari,WERASARI,WERASARI,45460,45469,45464,different,different,different,api_differs_available_sources,yes,no,API postal code differs from every available source postal code.
32.10.26.2003,Malausma,MALAUSMA,MALAUSMA,45460,45469,45464,different,different,different,api_differs_available_sources,yes,no,API postal code differs from every available source postal code.
32.10.26.2004,Lebakwangi,LEBAKWANGI,LEBAKWANGI,45460,45469,45464,different,different,different,api_differs_available_sources,yes,no,API postal code differs from every available source postal code.
32.10.26.2005,Cimuncang,CIMUNCANG,CIMUNCANG,45460,45469,45464,different,different,different,api_differs_available_sources,yes,no,API postal code differs from every available source postal code.
32.10.26.2006,Ciranca,CIRANCA,CIRANCA,45460,45469,45464,different,different,different,api_differs_available_sources,yes,no,API postal code differs from every available source postal code.
32.10.26.2007,Banyusari,BANYUSARI,BANYUSARI,45460,45469,45464,different,different,different,api_differs_available_sources,yes,no,API postal code differs from every available source postal code.
32.10.26.2008,Buninagara,BUNINAGARA,BUNINAGARA,45460,45469,45464,different,different,different,api_differs_available_sources,yes,no,API postal code differs from every available source postal code.
32.10.26.2009,Jagamulya,JAGAMULYA,JAGAMULYA,45460,45469,45464,different,different,different,api_differs_available_sources,yes,no,API postal code differs from every available source postal code.
32.10.26.2010,Girimukti,GIRIMUKTI,GIRIMUKTI,45460,45469,45464,different,different,different,api_differs_available_sources,yes,no,API postal code differs from every available source postal code.
32.11.05.2001,Cisitu,CISITU,CISITU,45363,45377,45363,different,different,match,api_matches_odj,yes,no,
32.11.05.2002,Situmekar,SITUMEKAR,SITUMEKAR,45363,45377,45363,different,different,match,api_matches_odj,yes,no,
32.11.05.2003,Pajagan,PAJAGAN,PAJAGAN,45363,45377,45363,different,different,match,api_matches_odj,yes,no,
32.11.05.2004,Cigintung,CIGINTUNG,CIGINTUNG,45363,45377,45363,different,different,match,api_matches_odj,yes,no,
32.11.05.2005,Sundamekar,SUNDAMEKAR,SUNDAMEKAR,45363,45377,45363,different,different,match,api_matches_odj,yes,no,
32.11.05.2006,Linggajaya,LINGGAJAYA,LINGGAJAYA,45363,45377,45363,different,different,match,api_matches_odj,yes,no,
32.11.05.2007,Ranjeng,RANJENG,RANJENG,45363,45377,45363,different,different,match,api_matches_odj,yes,no,
32.11.05.2008,Cilopang,CILOPANG,CILOPANG,45363,45377,45363,different,different,match,api_matches_odj,yes,no,
32.11.05.2009,Cimarga,CIMARGA,CIMARGA,45363,45357,45363,different,different,match,api_matches_odj,yes,no,
32.11.05.2010,Cinangsi,CINANGSI,CINANGSI,45363,45377,45363,different,different,match,api_matches_odj,yes,no,
32.11.06.2012,Pamulihan,PAMULIHAN,PAMULIHAN,45371,45365,45371,different,different,match,api_matches_odj,yes,no,
32.11.06.2015,Cicarimanah,CICARIMANAH,CICARIMANAH,45371,45382,45371,different,different,match,api_matches_odj,yes,no,
32.11.15.2001,Cikeruh,CIKERUH,CIKERUH,45360,45367,45363,different,different,different,api_differs_available_sources,yes,no,API postal code differs from every available source postal code.
32.11.15.2002,Hegarmanah,HEGARMANAH,HEGARMANAH,45360,45367,45363,different,different,different,api_differs_available_sources,yes,no,API postal code differs from every available source postal code.
32.11.15.2003,Cibeusi,CIBEUSI,CIBEUSI,45360,45367,45363,different,different,different,api_differs_available_sources,yes,no,API postal code differs from every available source postal code.
32.11.15.2004,Cipacing,CIPACING,CIPACING,45360,45367,45363,different,different,different,api_differs_available_sources,yes,no,API postal code differs from every available source postal code.
32.11.15.2005,Sayang,SAYANG,SAYANG,45360,45367,45363,different,different,different,api_differs_available_sources,yes,no,API postal code differs from every available source postal code.
32.11.15.2006,Mekargalih,MEKARGALIH,MEKARGALIH,45360,45367,45363,different,different,different,api_differs_available_sources,yes,no,API postal code differs from every available source postal code.
32.11.15.2007,Cintamulya (Cinta Mulya),CINTAMULYA,CINTAMULYA,45360,45367,45363,different,different,different,api_differs_available_sources,yes,yes,API postal code differs from every available source postal code.
32.11.15.2008,Jatimukti,JATIMUKTI,JATIMUKTI,45360,45367,45363,different,different,different,api_differs_available_sources,yes,no,API postal code differs from every available source postal code.
32.11.15.2009,Cisempur,CISEMPUR,CISEMPUR,45360,45367,45363,different,different,different,api_differs_available_sources,yes,no,API postal code differs from every available source postal code.
32.11.15.2010,Jatiroke,JATIROKE,JATIROKE,45360,45367,45363,different,different,different,api_differs_available_sources,yes,no,API postal code differs from every available source postal code.
32.11.15.2011,Cileles,CILELES,CILELES,45360,45367,45363,different,different,different,api_differs_available_sources,yes,no,API postal code differs from every available source postal code.
32.11.15.2012,Cilayung,CILAYUNG,CILAYUNG,45360,45367,45363,different,different,different,api_differs_available_sources,yes,no,API postal code differs from every available source postal code.
32.11.17.1002,Kotakulon,KOTAKULON,KOTAKULON,45311,45312,45311,different,different,match,api_matches_odj,yes,no,
32.11.17.2005,Sukagalih,SUKAGALIH,SUKAGALIH,45311,45316,45311,different,different,match,api_matches_odj,yes,no,
32.11.17.2006,Baginda,BAGINDA,BAGINDA,45311,45317,45311,different,different,match,api_matches_odj,yes,no,
32.11.17.2007,Cipancar,CIPANCAR,CIPANCAR,45311,45317,45311,different,different,match,api_matches_odj,yes,no,
32.11.17.2008,Citengah,CITENGAH,CITENGAH,45311,45318,45311,different,different,match,api_matches_odj,yes,no,
32.11.17.2009,Gunasari,GUNASARI,GUNASARI,45311,45316,45311,different,different,match,api_matches_odj,yes,no,
32.11.17.2010,Sukajaya,SUKAJAYA,SUKAJAYA,45314,45311,45314,different,different,match,api_matches_odj,yes,no,
32.11.17.2011,Margamekar,MARGAMEKAR,MARGAMEKAR,45311,45314,45311,different,different,match,api_matches_odj,yes,no,
32.11.17.2012,Ciherang,CIHERANG,CIHERANG,45311,45319,45311,different,different,match,api_matches_odj,yes,no,
32.11.17.2013,Margalaksana,MARGALAKSANA,MARGALAKSANA,45311,45313,45311,different,different,match,api_matches_odj,yes,no,
32.11.18.2004,Padasuka,PADASUKA,PADASUKA,45321,45325,45321,different,different,match,api_matches_odj,yes,no,
32.11.18.2005,Mulyasari,MULYASARI,MULYASARI,45321,45326,45321,different,different,match,api_matches_odj,yes,no,
32.11.18.2006,Girimukti,GIRIMUKTI,GIRIMUKTI,45321,45325,45321,different,different,match,api_matches_odj,yes,no,
32.11.18.2007,Mekarjaya,MEKARJAYA,MEKARJAYA,45321,45323,45321,different,different,match,api_matches_odj,yes,no,
32.11.18.2008,Margamukti,MARGAMUKTI,MARGAMUKTI,45321,45327,45321,different,different,match,api_matches_odj,yes,no,
32.11.18.2009,Sirnamulya,SIRNAMULYA,SIRNAMULYA,45321,45326,45321,different,different,match,api_matches_odj,yes,no,
32.11.18.2010,Kebonjati,KEBONJATI,KEBONJATI,45321,45329,45321,different,different,match,api_matches_odj,yes,no,
32.11.18.2011,Jatihurip,JATIHURIP,JATIHURIP,45321,45329,45321,different,different,match,api_matches_odj,yes,no,
32.11.18.2012,Jatimulya,JATIMULYA,JATIMULYA,45321,45329,45321,different,different,match,api_matches_odj,yes,no,
32.11.18.2013,Rancamulya,RANCAMULYA,RANCAMULYA,45321,45324,45321,different,different,match,api_matches_odj,yes,no,
32.11.20.2012,Awilega,AWILEGA,AWILEGA,45354,45362,45354,different,different,match,api_matches_odj,yes,no,
32.11.21.2001,Cikaramas,CIKARAMAS,CIKARAMAS,45352,45355,45354,different,different,different,api_differs_available_sources,yes,no,API postal code differs from every available source postal code.
32.11.21.2002,Wargaluyu,WARGALUYU,WARGALUYU,45352,45355,45354,different,different,different,api_differs_available_sources,yes,no,API postal code differs from every available source postal code.
32.11.21.2003,Jingkang,JINGKANG,JINGKANG,45352,45355,45354,different,different,different,api_differs_available_sources,yes,no,API postal code differs from every available source postal code.
32.11.21.2004,Kamal,KAMAL,KAMAL,45352,45355,45354,different,different,different,api_differs_available_sources,yes,no,API postal code differs from every available source postal code.
32.11.21.2005,Kertamukti,KERTAMUKTI,KERTAMUKTI,45352,45355,45354,different,different,different,api_differs_available_sources,yes,no,API postal code differs from every available source postal code.
32.11.21.2006,Tanjungwangi,TANJUNGWANGI,TANJUNGWANGI,45352,45355,45354,different,different,different,api_differs_available_sources,yes,no,API postal code differs from every available source postal code.
32.11.21.2007,Sukamukti,SUKAMUKTI,SUKAMUKTI,45352,45355,45354,different,different,different,api_differs_available_sources,yes,no,API postal code differs from every available source postal code.
32.11.21.2008,Sukatani,SUKATANI,SUKATANI,45352,45355,45354,different,different,different,api_differs_available_sources,yes,no,API postal code differs from every available source postal code.
32.11.21.2009,Tanjung Medar (Tanjungmedar),TANJUNG MEDAR,TANJUNG MEDAR,45352,45355,45354,different,different,different,api_differs_available_sources,yes,yes,API postal code differs from every available source postal code.
32.11.23.2001,Cisarua,CISARUA,CISARUA,45355,45357,45355,different,different,match,api_matches_odj,yes,no,
32.11.23.2002,Ciuyah,CIUYAH,CIUYAH,45355,45357,45355,different,different,match,api_matches_odj,yes,no,
32.11.23.2003,Cimara,CIMARA,CIMARA,45355,45357,45355,different,different,match,api_matches_odj,yes,no,
32.11.23.2004,Bantarmara,BANTARMARA,BANTARMARA,45355,45357,45355,different,different,match,api_matches_odj,yes,no,
32.11.23.2005,Cipandanwangi,CIPANDANWANGI,CIPANDANWANGI,45355,45357,45355,different,different,match,api_matches_odj,yes,no,
32.11.23.2006,Cisalak,CISALAK,CISALAK,45355,45357,45355,different,different,match,api_matches_odj,yes,no,
32.11.23.2007,Kebonkalapa,KEBONKALAPA,KEBONKALAPA,45355,45357,45355,different,different,match,api_matches_odj,yes,no,
32.11.26.2001,Cijeungjing,CIJEUNGJING,CIJEUNGJING,45377,45374,45377,different,different,match,api_matches_odj,yes,no,
32.11.26.2002,Kadujaya,KADUJAYA,KADUJAYA,45377,45374,45377,different,different,match,api_matches_odj,yes,no,
32.11.26.2003,Lebaksiuh,LEBAKSIUH,LEBAKSIUH,45377,45374,45377,different,different,match,api_matches_odj,yes,no,
32.11.26.2004,Cintajaya,CINTAJAYA,CINTAJAYA,45377,45374,45377,different,different,match,api_matches_odj,yes,no,
32.11.26.2005,Cipicung,CIPICUNG,CIPICUNG,45377,45374,45377,different,different,match,api_matches_odj,yes,no,
32.11.26.2006,Mekarasih,MEKARASIH,MEKARASIH,45377,45374,45377,different,different,match,api_matches_odj,yes,no,
32.11.26.2008,Ciranggem,CIRANGGEM,CIRANGGEM,45377,45374,45377,different,different,match,api_matches_odj,yes,no,
32.11.26.2009,Cisampih,CISAMPIH,CISAMPIH,45377,45374,45377,different,different,match,api_matches_odj,yes,no,
32.11.26.2010,Jemah,JEMAH,JEMAH,45377,45374,45377,different,different,match,api_matches_odj,yes,no,
32.11.26.2011,Karedok,KAREDOK,KAREDOK,45377,45374,45377,different,different,match,api_matches_odj,yes,no,
32.11.26.2012,Kadu,KADU,KADU,45377,45374,45377,different,different,match,api_matches_odj,yes,no,
32.12.13.2014,Lohbener (Lobener),LOHBENER,LOBENER,45273,45252,45273,different,different,match,api_matches_odj,yes,yes,
32.12.14.2001,Tegal Sembadra (Tegalsembadra),TEGAL SEMBADRA,TEGAL SEMBADRA,45285,45247,45285,different,different,match,api_matches_odj,yes,yes,
32.12.14.2002,Sukareja,SUKAREJA,SUKAREJA,45217,45244,45217,different,different,match,api_matches_odj,yes,no,
32.12.14.2003,Sukaurip,SUKAURIP,SUKAURIP,45217,45241,45217,different,different,match,api_matches_odj,yes,no,
32.12.14.2004,Rawadalem,RAWADALEM,RAWADALEM,45217,45247,45217,different,different,match,api_matches_odj,yes,no,
32.12.14.2005,Gelarmendala,GELARMENDALA,GELARMENDALA,45285,45248,45285,different,different,match,api_matches_odj,yes,no,
32.12.14.2006,Tegalurung,TEGALURUNG,TEGALURUNG,45217,45242,45217,different,different,match,api_matches_odj,yes,no,
32.12.14.2007,Balongan,BALONGAN,BALONGAN,45217,45245,45217,different,different,match,api_matches_odj,yes,no,
32.12.14.2008,Majakerta,MAJAKERTA,MAJAKERTA,45285,45243,45285,different,different,match,api_matches_odj,yes,no,
32.12.14.2009,Sudimampir,SUDIMAMPIR,SUDIMAMPIR,45285,45246,45285,different,different,match,api_matches_odj,yes,no,
32.12.14.2010,Sudimampir Lor (Sudimampirlor),SUDIMAMPIR LOR,SUDIMAMPIR LOR,45285,45246,45285,different,different,match,api_matches_odj,yes,yes,
32.12.15.2012,Pekandangan Jaya,PEKANDANGAN JAYA,PEKANDANGAN JAYA,45211,45216,45211,different,different,match,api_matches_odj,yes,no,
32.12.16.2002,Rambatan Wetan,RAMBATAN WETAN,RAMBATAN WETAN,45221,45224,45221,different,different,match,api_matches_odj,yes,no,
32.12.16.2007,Sindang,SINDANG,SINDANG,45222,45222,45471,different,match,different,api_matches_diskominfo,yes,no,
32.12.17.2001,Cangkring,CANGKRING,CANGKRING,45258,45251,45258,different,different,match,api_matches_odj,yes,no,
32.12.17.2002,Cantigi Kulon,CANTIGI KULON,CANTIGI KULON,45258,45251,45258,different,different,match,api_matches_odj,yes,no,
32.12.17.2003,Cantigi Wetan,CANTIGI WETAN,CANTIGI WETAN,45258,45251,45258,different,different,match,api_matches_odj,yes,no,
32.12.17.2004,Panyingkiran Kidul,PANYINGKIRAN KIDUL,PANYINGKIRAN KIDUL,45258,45251,45258,different,different,match,api_matches_odj,yes,no,
32.12.17.2005,Panyingkiran Lor,PANYINGKIRAN LOR,PANYINGKIRAN LOR,45258,45251,45258,different,different,match,api_matches_odj,yes,no,
32.12.17.2006,Lamarantarung,LAMARANTARUNG,LAMARANTARUNG,45258,45251,45258,different,different,match,api_matches_odj,yes,no,
32.12.17.2007,Cemara,CEMARA,CEMARA,45253,45258,45253,different,different,match,api_matches_odj,yes,no,
32.12.19.2001,Arahan Kidul,ARAHAN KIDUL,ARAHAN KIDUL,45267,45259,45365,different,different,different,api_differs_available_sources,yes,no,API postal code differs from every available source postal code.
32.12.19.2002,Arahan Lor,ARAHAN LOR,ARAHAN LOR,45267,45259,45365,different,different,different,api_differs_available_sources,yes,no,API postal code differs from every available source postal code.
32.12.19.2003,Linggajati,LINGGAJATI,LINGGAJATI,45267,45259,45365,different,different,different,api_differs_available_sources,yes,no,API postal code differs from every available source postal code.
32.12.19.2004,Cidempet,CIDEMPET,CIDEMPET,45267,45259,45365,different,different,different,api_differs_available_sources,yes,no,API postal code differs from every available source postal code.
32.12.19.2005,Sukadadi,SUKADADI,SUKADADI,45267,45259,45365,different,different,different,api_differs_available_sources,yes,no,API postal code differs from every available source postal code.
32.12.19.2006,Pranggong,PRANGGONG,PRANGGONG,45267,45259,45365,different,different,different,api_differs_available_sources,yes,no,API postal code differs from every available source postal code.
32.12.19.2007,Sukasari,SUKASARI,SUKASARI,45267,45259,45365,different,different,different,api_differs_available_sources,yes,no,API postal code differs from every available source postal code.
32.12.19.2008,Tawangsari,TAWANGSARI,TAWANGSARI,45267,45259,45365,different,different,different,api_differs_available_sources,yes,no,API postal code differs from every available source postal code.
32.12.20.2013,Cemara Kulon,CEMARA KULON,CEMARA KULON,45253,45258,45253,different,different,match,api_matches_odj,yes,no,
32.12.21.2005,Karang Anyar (Karanganyar),KARANG ANYAR,KARANGANYAR,45213,45254,45213,different,different,match,api_matches_odj,yes,yes,
32.12.25.2001,Bantarwaru,BANTARWARU,BANTARWARU,45264,45266,45264,different,different,match,api_matches_odj,yes,no,
32.12.25.2002,Sanca,SANCA,SANCA,45264,45266,45264,different,different,match,api_matches_odj,yes,no,
32.12.25.2003,Mekarjaya,MEKARJAYA,MEKARJAYA,45264,45266,45264,different,different,match,api_matches_odj,yes,no,
32.12.25.2004,Gantar,GANTAR,GANTAR,45264,45266,45264,different,different,match,api_matches_odj,yes,no,
32.12.25.2005,Situraja,SITURAJA,SITURAJA,45264,45266,45264,different,different,match,api_matches_odj,yes,no,
32.12.25.2006,Balereja (Baleraja),BALEREJA,BALAREJA,45264,45266,45264,different,different,match,api_matches_odj,yes,yes,
32.12.25.2007,Mekarwaru,MEKARWARU,MEKARWARU,45264,45266,45264,different,different,match,api_matches_odj,yes,no,
32.12.27.2001,Cibeber,CIBEBER,CIBEBER,45275,45275,45274,different,match,different,api_matches_diskominfo,yes,no,
32.12.27.2002,Bondan,BONDAN,BONDAN,45275,45275,45274,different,match,different,api_matches_diskominfo,yes,no,
32.12.27.2003,Gunungsari,GUNUNGSARI,GUNUNGSARI,45275,45275,45274,different,match,different,api_matches_diskominfo,yes,no,
32.12.27.2004,Sukagumiwang,SUKAGUMIWANG,SUKAGUMIWANG,45275,45275,45274,different,match,different,api_matches_diskominfo,yes,no,
32.12.27.2005,Tersana,TERSANA,TERSANA,45275,45275,45274,different,match,different,api_matches_diskominfo,yes,no,
32.12.27.2006,Cadang Pinggan (Cadangpinggan),CADANG PINGGAN,CADANG PINGGAN,45275,45275,45274,different,match,different,api_matches_diskominfo,yes,yes,
32.12.27.2007,Gedangan,GEDANGAN,GEDANGAN,45275,45275,45274,different,match,different,api_matches_diskominfo,yes,no,
32.12.28.2001,Cangkingan,CANGKINGAN,CANGKINGAN,45280,45286,45283,different,different,different,api_differs_available_sources,yes,no,API postal code differs from every available source postal code.
32.12.28.2002,Jayawinangun,JAYAWINANGUN,JAYAWINANGUN,45280,45286,45283,different,different,different,api_differs_available_sources,yes,no,API postal code differs from every available source postal code.
32.12.28.2003,Kedokan Agung,KEDOKAN AGUNG,KEDOKAN AGUNG,45280,45286,45283,different,different,different,api_differs_available_sources,yes,no,API postal code differs from every available source postal code.
32.12.28.2004,Kedokanbunder,KEDOKANBUNDER,KEDOKANBUNDER,45280,45286,45283,different,different,different,api_differs_available_sources,yes,no,API postal code differs from every available source postal code.
32.12.28.2005,Kedokanbunderwetan (Kedokanbunder Wetan),KEDOKANBUNDERWETAN,KEDOKANBUNDER WETAN,45280,45286,45283,different,different,different,api_differs_available_sources,yes,yes,API postal code differs from every available source postal code.
32.12.28.2006,Kaplongan,KAPLONGAN,KAPLONGAN,45280,45286,45283,different,different,different,api_differs_available_sources,yes,no,API postal code differs from every available source postal code.
32.12.28.2007,Jayalaksana,JAYALAKSANA,JAYALAKSANA,45280,45286,45283,different,different,different,api_differs_available_sources,yes,no,API postal code differs from every available source postal code.
32.12.29.2001,Brondong,BRONDONG,BRONDONG,45219,45233,45219,different,different,match,api_matches_odj,yes,no,
32.12.29.2002,Pabean Ilir (Pabeanilir),PABEAN ILIR,PABEANILIR,45219,45234,45219,different,different,match,api_matches_odj,yes,yes,
32.12.29.2003,Pagirikan,PAGIRIKAN,PAGIRIKAN,45227,45231,45227,different,different,match,api_matches_odj,yes,no,
32.12.29.2004,Pasekan,PASEKAN,PASEKAN,45228,45232,45228,different,different,match,api_matches_odj,yes,no,
32.12.29.2005,Karanganyar,KARANGANYAR,KARANGANYAR,45213,45236,45213,different,different,match,api_matches_odj,yes,no,
32.12.29.2006,Totoran,TOTORAN,TOTORAN,45229,45235,45229,different,different,match,api_matches_odj,yes,no,
32.12.30.2001,Bodas,BODAS,BODAS,45270,45276,45272,different,different,different,api_differs_available_sources,yes,no,API postal code differs from every available source postal code.
32.12.30.2002,Gadel,GADEL,GADEL,45270,45276,45272,different,different,different,api_differs_available_sources,yes,no,API postal code differs from every available source postal code.
32.12.30.2003,Rancajawat,RANCAJAWAT,RANCAJAWAT,45270,45276,45272,different,different,different,api_differs_available_sources,yes,no,API postal code differs from every available source postal code.
32.12.30.2004,Kerticala,KERTICALA,KERTICALA,45270,45276,45272,different,different,different,api_differs_available_sources,yes,no,API postal code differs from every available source postal code.
32.12.30.2005,Cangko,CANGKO,CANGKO,45270,45276,45272,different,different,different,api_differs_available_sources,yes,no,API postal code differs from every available source postal code.
32.12.30.2006,Karangkerta,KARANGKERTA,KARANGKERTA,45270,45276,45272,different,different,different,api_differs_available_sources,yes,no,API postal code differs from every available source postal code.
32.12.30.2007,Sukamulya,SUKAMULYA,SUKAMULYA,45270,45276,45272,different,different,different,api_differs_available_sources,yes,no,API postal code differs from every available source postal code.
32.12.30.2008,Mekarsari,MEKARSARI,MEKARSARI,45270,45276,45272,different,different,different,api_differs_available_sources,yes,no,API postal code differs from every available source postal code.
32.12.30.2009,Lajer,LAJER,LAJER,45270,45276,45272,different,different,different,api_differs_available_sources,yes,no,API postal code differs from every available source postal code.
32.12.30.2010,Tukdana,TUKDANA,TUKDANA,45270,45276,45272,different,different,different,api_differs_available_sources,yes,no,API postal code differs from every available source postal code.
32.12.30.2011,Sukadana,SUKADANA,SUKADANA,45270,45276,45272,different,different,different,api_differs_available_sources,yes,no,API postal code differs from every available source postal code.
32.12.30.2012,Pagedangan,PAGEDANGAN,PAGEDANGAN,45270,45276,45272,different,different,different,api_differs_available_sources,yes,no,API postal code differs from every available source postal code.
32.12.30.2013,Sukaperna,SUKAPERNA,SUKAPERNA,45270,45276,45272,different,different,different,api_differs_available_sources,yes,no,API postal code differs from every available source postal code.
32.12.31.2001,Limpas,LIMPAS,LIMPAS,45257,45258,45257,different,different,match,api_matches_odj,yes,no,
32.12.31.2002,Mekarsari,MEKARSARI,MEKARSARI,45257,45258,45257,different,different,match,api_matches_odj,yes,no,
32.12.31.2003,Patrol Baru,PATROL BARU,PATROL BARU,45257,45258,45257,different,different,match,api_matches_odj,yes,no,
32.12.31.2004,Patrol Lor (Patrollor),PATROL LOR,PATROL LOR,45257,45258,45257,different,different,match,api_matches_odj,yes,yes,
32.12.31.2005,Patrol,PATROL,PATROL,45257,45258,45257,different,different,match,api_matches_odj,yes,no,
32.12.31.2006,Bugel,BUGEL,BUGEL,45257,45258,45257,different,different,match,api_matches_odj,yes,no,
32.12.31.2007,Arjasari,ARJASARI,ARJASARI,45257,45258,45257,different,different,match,api_matches_odj,yes,no,
32.12.31.2008,Sukahaji,SUKAHAJI,SUKAHAJI,45257,45258,45257,different,different,match,api_matches_odj,yes,no,
32.13.03.1001,Parung,PARUNG,PARUNG,41211,41216,41211,different,different,match,api_matches_odj,yes,no,
32.13.03.1003,Pasirkareumbi,PASIRKAREUMBI,PASIRKAREUMBI,41211,41214,41211,different,different,match,api_matches_odj,yes,no,
32.13.03.1006,Sukamelang,SUKAMELANG,SUKAMELANG,41211,41217,41211,different,different,match,api_matches_odj,yes,no,
32.13.03.1008,Wanareja,WANAREJA,WANAREJA,41211,41218,41211,different,different,match,api_matches_odj,yes,no,
32.13.05.2004,Pabuaran,PABUARAN,PABUARAN,41262,41262,42163,different,match,different,api_matches_diskominfo,yes,no,
32.13.06.2004,Purwadadi (Purwadadi Timur),PURWADADI,PURWADADI,41261,41261,46385,different,match,different,api_matches_diskominfo,yes,yes,
32.13.07.2012,Sukamulya,SUKAMULYA,SUKAMULYA,41251,41252,41251,different,different,match,api_matches_odj,yes,no,
32.13.20.2001,Karyamukti,KARYAMUKTI,KARANGMUKTI,41272,41272,,diskominfo_only,match,source_postal_missing,api_matches_diskominfo,yes,yes,
32.13.20.2006,Kosar,KOSAR,KOSAR,41272,41272,,diskominfo_only,match,source_postal_missing,api_matches_diskominfo,yes,no,
32.13.21.2001,Tegalurung,TEGALURUNG,TEGALURUNG,41254,41267,41254,different,different,match,api_matches_odj,yes,no,
32.13.21.2002,Bobos,BOBOS,BOBOS,41254,41267,41254,different,different,match,api_matches_odj,yes,no,
32.13.21.2003,Legonkulon,LEGONKULON,LEGONKULON,41254,41267,41254,different,different,match,api_matches_odj,yes,no,
32.13.21.2004,Mayangan,MAYANGAN,MAYANGAN,41254,41267,41254,different,different,match,api_matches_odj,yes,no,
32.13.21.2005,Legonwetan,LEGONWETAN,LEGONWETAN,41254,41267,41254,different,different,match,api_matches_odj,yes,no,
32.13.21.2006,Pangarengan,PANGARENGAN,PANGARENGAN,41254,41267,41254,different,different,match,api_matches_odj,yes,no,
32.13.21.2007,Karangmulya,KARANGMULYA,KARANGMULYA,41254,41267,41254,different,different,match,api_matches_odj,yes,no,
32.13.22.2002,Sindangsari,SINDANGSARI,SINDANGSARI,41266,41264,41253,different,different,different,api_differs_available_sources,yes,no,API postal code differs from every available source postal code.
32.13.22.2003,Cikaum Barat,CIKAUM BARAT,CIKAUM BARAT,41266,41264,41253,different,different,different,api_differs_available_sources,yes,no,API postal code differs from every available source postal code.
32.13.22.2004,Cikaum Timur,CIKAUM TIMUR,CIKAUM TIMUR,41266,41264,41253,different,different,different,api_differs_available_sources,yes,no,API postal code differs from every available source postal code.
32.13.22.2005,Tanjungsari Barat,TANJUNGSARI BARAT,TANJUNGSARI BARAT,41266,41264,41253,different,different,different,api_differs_available_sources,yes,no,API postal code differs from every available source postal code.
32.13.22.2006,Mekarsari,MEKARSARI,MEKARSARI,41266,41264,41253,different,different,different,api_differs_available_sources,yes,no,API postal code differs from every available source postal code.
32.13.22.2007,Tanjungsari Timur,TANJUNGSARI TIMUR,TANJUNGSARI TIMUR,41266,41264,41253,different,different,different,api_differs_available_sources,yes,no,API postal code differs from every available source postal code.
32.13.22.2008,Gandasari,GANDASARI,GANDASARI,41266,41264,41253,different,different,different,api_differs_available_sources,yes,no,API postal code differs from every available source postal code.
32.13.22.2009,Pasirmuncang,PASIRMUNCANG,PASIRMUNCANG,41266,41264,41253,different,different,different,api_differs_available_sources,yes,no,API postal code differs from every available source postal code.
32.13.23.2001,Cijengkol,CIJENGKOL,CIJENGKOL,41288,41287,41282,different,different,different,api_differs_available_sources,yes,no,API postal code differs from every available source postal code.
32.13.23.2002,Talagasari,TALAGASARI,TALAGASARI,41288,41287,41282,different,different,different,api_differs_available_sources,yes,no,API postal code differs from every available source postal code.
32.13.23.2003,Cintamekar,CINTAMEKAR,CINTAMEKAR,41288,41287,41282,different,different,different,api_differs_available_sources,yes,no,API postal code differs from every available source postal code.
32.13.23.2004,Ponggang,PONGGANG,PONGGANG,41288,41287,41282,different,different,different,api_differs_available_sources,yes,no,API postal code differs from every available source postal code.
32.13.23.2005,Cikujang,CIKUJANG,CIKUJANG,41288,41287,41282,different,different,different,api_differs_available_sources,yes,no,API postal code differs from every available source postal code.
32.13.23.2006,Cipancar,CIPANCAR,CIPANCAR,41288,41287,41282,different,different,different,api_differs_available_sources,yes,no,API postal code differs from every available source postal code.
32.13.24.2001,Anggasari,ANGGASARI,ANGGASARI,41250,41268,41254,different,different,different,api_differs_available_sources,yes,no,API postal code differs from every available source postal code.
32.13.24.2002,Batangsari,BATANGSARI,BATANGSARI,41250,41268,41254,different,different,different,api_differs_available_sources,yes,no,API postal code differs from every available source postal code.
32.13.24.2003,Sukamaju,SUKAMAJU,SUKAMAJU,41250,41268,41254,different,different,different,api_differs_available_sources,yes,no,API postal code differs from every available source postal code.
32.13.24.2004,Mandalawangi,MANDALAWANGI,MANDALAWANGI,41250,41268,41256,different,different,different,api_differs_available_sources,yes,no,API postal code differs from every available source postal code.
32.13.24.2005,Curugreja,CURUGREJA,CURUGREJA,41250,41268,41254,different,different,different,api_differs_available_sources,yes,no,API postal code differs from every available source postal code.
32.13.24.2006,Sukareja,SUKAREJA,SUKAREJA,41250,41268,41254,different,different,different,api_differs_available_sources,yes,no,API postal code differs from every available source postal code.
32.13.24.2007,Sukasari,SUKASARI,SUKASARI,41250,41268,45366,different,different,different,api_differs_available_sources,yes,no,API postal code differs from every available source postal code.
32.13.25.2001,Tanjungrasa,TANJUNGRASA,TANJUNGRASA,41267,41265,41253,different,different,different,api_differs_available_sources,yes,no,API postal code differs from every available source postal code.
32.13.25.2002,Wanajaya,WANAJAYA,WANAJAYA,41267,41265,41253,different,different,different,api_differs_available_sources,yes,no,API postal code differs from every available source postal code.
32.13.25.2003,Gardumukti,GARDUMUKTI,GARDUMUKTI,41267,41265,41253,different,different,different,api_differs_available_sources,yes,no,API postal code differs from every available source postal code.
32.13.25.2004,Mariuk,MARIUK,MARIUK,41267,41265,41253,different,different,different,api_differs_available_sources,yes,no,API postal code differs from every available source postal code.
32.13.25.2005,Kertajaya,KERTAJAYA,KERTAJAYA,41267,41265,41253,different,different,different,api_differs_available_sources,yes,no,API postal code differs from every available source postal code.
32.13.25.2006,Tambakdahan,TAMBAKDAHAN,TAMBAKDAHAN,41267,41265,41253,different,different,different,api_differs_available_sources,yes,no,API postal code differs from every available source postal code.
32.13.25.2007,Rancaudik,RANCAUDIK,RANCAUDIK,41267,41265,41253,different,different,different,api_differs_available_sources,yes,no,API postal code differs from every available source postal code.
32.13.25.2008,Bojongkeding,BOJONGKEDING,BOJONGKEDING,41267,41265,41253,different,different,different,api_differs_available_sources,yes,no,API postal code differs from every available source postal code.
32.13.25.2009,Bojonegara,BOJONEGARA,BOJONEGARA,41267,41265,41253,different,different,different,api_differs_available_sources,yes,no,API postal code differs from every available source postal code.
32.13.26.2001,Sindangsari,SINDANGSARI,SINDANGSARI,41287,41289,41283,different,different,different,api_differs_available_sources,yes,no,API postal code differs from every available source postal code.
32.13.26.2002,Pasanggrahan,PASANGGRAHAN,PASANGGRAHAN,41287,41289,41283,different,different,different,api_differs_available_sources,yes,no,API postal code differs from every available source postal code.
32.13.26.2003,Bojongloa,BOJONGLOA,BOJONGLOA,41287,41289,41283,different,different,different,api_differs_available_sources,yes,no,API postal code differs from every available source postal code.
32.13.26.2004,Sukamelang,SUKAMELANG,SUKAMELANG,41287,41289,41283,different,different,different,api_differs_available_sources,yes,no,API postal code differs from every available source postal code.
32.13.26.2005,Tenjolaya,TENJOLAYA,TENJOLAYA,41287,41289,41283,different,different,different,api_differs_available_sources,yes,no,API postal code differs from every available source postal code.
32.13.26.2006,Kasomalang Wetan,KASOMALANG WETAN,KASOMALANG WETAN,41287,41289,41281,different,different,different,api_differs_available_sources,yes,no,API postal code differs from every available source postal code.
32.13.26.2007,Kasomalang Kulon,KASOMALANG KULON,KASOMALANG KULON,41287,41289,41281,different,different,different,api_differs_available_sources,yes,no,API postal code differs from every available source postal code.
32.13.26.2008,Cimanglid,CIMANGLID,CIMANGLID,41287,41289,41281,different,different,different,api_differs_available_sources,yes,no,API postal code differs from every available source postal code.
32.13.27.2001,Manyeti,MANYETI,MANYETI,41270,41273,41271,different,different,different,api_differs_available_sources,yes,no,API postal code differs from every available source postal code.
32.13.27.2002,Rawalele,RAWALELE,RAWALELE,41270,41273,41271,different,different,different,api_differs_available_sources,yes,no,API postal code differs from every available source postal code.
32.13.27.2003,Sukasari,SUKASARI,SUKASARI,41270,41273,41271,different,different,different,api_differs_available_sources,yes,no,API postal code differs from every available source postal code.
32.13.27.2004,Situsari,SITUSARI,SITUSARI,41270,41273,41271,different,different,different,api_differs_available_sources,yes,no,API postal code differs from every available source postal code.
32.13.27.2005,Dawuan Kaler,DAWUAN KALER,DAWUAN KALER,41270,41273,41271,different,different,different,api_differs_available_sources,yes,no,API postal code differs from every available source postal code.
32.13.27.2006,Dawuan Kidul,DAWUAN KIDUL,DAWUAN KIDUL,41270,41273,41271,different,different,different,api_differs_available_sources,yes,no,API postal code differs from every available source postal code.
32.13.27.2007,Cisampih,CISAMPIH,CISAMPIH,41270,41273,41271,different,different,different,api_differs_available_sources,yes,no,API postal code differs from every available source postal code.
32.13.27.2008,Margasari,MARGASARI,MARGASARI,41270,41273,41271,different,different,different,api_differs_available_sources,yes,no,API postal code differs from every available source postal code.
32.13.27.2009,Batusari,BATUSARI,BATUSARI,41270,41273,41271,different,different,different,api_differs_available_sources,yes,no,API postal code differs from every available source postal code.
32.13.27.2010,Jambelaer,JAMBELAER,JAMBELAER,41270,41273,41271,different,different,different,api_differs_available_sources,yes,no,API postal code differs from every available source postal code.
32.13.28.2001,Mekarwangi,MEKARWANGI,MEKARWANGI,41252,41274,41252,different,different,match,api_matches_odj,yes,no,
32.13.28.2002,Bendungan,BENDUNGAN,BENDUNGAN,41252,41274,41252,different,different,match,api_matches_odj,yes,no,
32.13.28.2003,Munjul,MUNJUL,MUNJUL,41252,41274,41252,different,different,match,api_matches_odj,yes,no,
32.13.28.2004,Margahayu,MARGAHAYU,MARGAHAYU,41252,41274,41252,different,different,match,api_matches_odj,yes,no,
32.13.28.2005,Pangsor,PANGSOR,PANGSOR,41252,41274,41252,different,different,match,api_matches_odj,yes,no,
32.13.28.2006,Sumurgintung,SUMURGINTUNG,SUMURGINTUNG,41252,41274,41252,different,different,match,api_matches_odj,yes,no,
32.13.28.2007,Balimbing (Balingbing),BALIMBING,BALIMBING,41252,41274,41252,different,different,match,api_matches_odj,yes,yes,
32.13.28.2008,Cidahu,CIDAHU,CIDAHU,41252,41274,41252,different,different,match,api_matches_odj,yes,no,
32.13.28.2009,Cidadap,CIDADAP,CIDADAP,41252,41274,41252,different,different,match,api_matches_odj,yes,no,
32.13.29.2001,Cisaat,CISAAT,CISAAT,41280,41288,41281,different,different,different,api_differs_available_sources,yes,no,API postal code differs from every available source postal code.
32.13.29.2002,Ciater,CIATER,CIATER,41280,41288,41281,different,different,different,api_differs_available_sources,yes,no,API postal code differs from every available source postal code.
32.13.29.2003,Nagrak,NAGRAK,NAGRAK,41280,41288,41281,different,different,different,api_differs_available_sources,yes,no,API postal code differs from every available source postal code.
32.13.29.2004,Cibeusi,CIBEUSI,CIBEUSI,41280,41288,41281,different,different,different,api_differs_available_sources,yes,no,API postal code differs from every available source postal code.
32.13.29.2005,Cibitung,CIBITUNG,CIBITUNG,41280,41288,41281,different,different,different,api_differs_available_sources,yes,no,API postal code differs from every available source postal code.
32.13.29.2006,Palasari,PALASARI,PALASARI,41280,41288,41251,different,different,different,api_differs_available_sources,yes,no,API postal code differs from every available source postal code.
32.13.29.2007,Sanca,SANCA,SANCA,41280,41288,41281,different,different,different,api_differs_available_sources,yes,no,API postal code differs from every available source postal code.
32.13.30.2001,Kebondanas,KEBONDANAS,KEBONDANAS,41255,41266,41255,different,different,match,api_matches_odj,yes,no,
32.13.30.2002,Pusakajaya,PUSAKAJAYA,PUSAKAJAYA,41255,41266,41255,different,different,match,api_matches_odj,yes,no,
32.13.30.2003,Karanganyar,KARANGANYAR,KARANGANYAR,41255,41266,41255,different,different,match,api_matches_odj,yes,no,
32.13.30.2006,Cigugur,CIGUGUR,CIGUGUR,41255,41266,41255,different,different,match,api_matches_odj,yes,no,
32.13.30.2007,Cigugur Kaler,CIGUGUR KALER,CIGUGUR KALER,41255,41266,41255,different,different,match,api_matches_odj,yes,no,
32.13.30.2008,Rangdu,RANGDU,RANGDU,41255,41266,41255,different,different,match,api_matches_odj,yes,no,
32.14.01.2010,Citalang,CITALANG,CITALANG,41111,41119,41111,different,different,match,api_matches_odj,yes,no,
32.14.02.2001,Campaka,CAMPAKA,CAMPAKA,41180,41181,43263,different,different,different,api_differs_available_sources,yes,no,API postal code differs from every available source postal code.
32.14.03.2007,Bunder,BUNDER,BUNDER,41161,41152,41161,different,different,match,api_matches_odj,yes,no,
32.14.08.2007,Sukahaji,SUKAHAJI,SUKAHAJI,41165,41165,41111,different,match,different,api_matches_diskominfo,yes,no,
32.14.09.2012,Sakambang,SAKAMBANG,SAKAMBANG,41174,41175,41174,different,different,match,api_matches_odj,yes,no,
32.14.10.2002,Pasawahan,PASAWAHAN,PASAWAHAN,41172,41172,45559,different,match,different,api_matches_diskominfo,yes,no,
32.14.10.2005,Cidahu,CIDAHU,CIDAHU,41172,41172,45559,different,match,different,api_matches_diskominfo,yes,no,
32.14.10.2010,Margasari,MARGASARI,MARGASARI,41171,41172,41171,different,different,match,api_matches_odj,yes,no,
32.14.11.2008,Kertasari,KERTASARI,KERTASARI,41164,41163,41164,different,different,match,api_matches_odj,yes,no,
32.14.11.2009,Pangkalan,PANGKALAN,PANGKALAN,41164,41174,41164,different,different,match,api_matches_odj,yes,no,
32.14.11.2013,Sindangsari,SINDANGSARI,SINDANGSARI,41164,41162,41164,different,different,match,api_matches_odj,yes,no,
32.14.13.2001,Ciwangi,CIWANGI,CIWANGI,41181,41182,41181,different,different,match,api_matches_odj,yes,no,
32.14.13.2002,Cibening,CIBENING,CIBENING,41181,41182,41181,different,different,match,api_matches_odj,yes,no,
32.14.13.2003,Bungursari,BUNGURSARI,BUNGURSARI,41181,41182,46151,different,different,different,api_differs_available_sources,yes,no,API postal code differs from every available source postal code.
32.14.13.2004,Dangdeur,DANGDEUR,DANGDEUR,41181,41182,41181,different,different,match,api_matches_odj,yes,no,
32.14.13.2005,Cibungur,CIBUNGUR,CIBUNGUR,41181,41182,41181,different,different,match,api_matches_odj,yes,no,
32.14.13.2006,Wanakerta,WANAKERTA,WANAKERTA,41181,41182,41181,different,different,match,api_matches_odj,yes,no,
32.14.13.2007,Cinangka,CINANGKA,CINANGKA,41181,41182,41181,different,different,match,api_matches_odj,yes,no,
32.14.13.2008,Cikopo,CIKOPO,CIKOPO,41181,41182,41181,different,different,match,api_matches_odj,yes,no,
32.14.13.2009,Cibodas,CIBODAS,CIBODAS,41181,41182,41181,different,different,match,api_matches_odj,yes,no,
32.14.13.2010,Karangmukti,KARANGMUKTI,KARANGMUKTI,41181,41182,41181,different,different,match,api_matches_odj,yes,no,
32.14.14.2001,Cibatu,CIBATU,CIBATU,41182,41183,44185,different,different,different,api_differs_available_sources,yes,no,API postal code differs from every available source postal code.
32.14.14.2002,Cilandak,CILANDAK,CILANDAK,41182,41183,41181,different,different,different,api_differs_available_sources,yes,no,API postal code differs from every available source postal code.
32.14.14.2003,Karyamekar,KARYAMEKAR,KARYAMEKAR,41182,41183,41181,different,different,different,api_differs_available_sources,yes,no,API postal code differs from every available source postal code.
32.14.14.2004,Cipinang,CIPINANG,CIPINANG,41182,41183,41181,different,different,different,api_differs_available_sources,yes,no,API postal code differs from every available source postal code.
32.14.14.2005,Ciparungsari,CIPARUNGSARI,CIPARUNGSARI,41182,41183,41181,different,different,different,api_differs_available_sources,yes,no,API postal code differs from every available source postal code.
32.14.14.2006,Cirangkong,CIRANGKONG,CIRANGKONG,41182,41183,41181,different,different,different,api_differs_available_sources,yes,no,API postal code differs from every available source postal code.
32.14.14.2007,Cikadu,CIKADU,CIKADU,41182,41183,41181,different,different,different,api_differs_available_sources,yes,no,API postal code differs from every available source postal code.
32.14.14.2008,Cibukamanah,CIBUKAMANAH,CIBUKAMANAH,41182,41183,41181,different,different,different,api_differs_available_sources,yes,no,API postal code differs from every available source postal code.
32.14.14.2009,Wanawali,WANAWALI,WANAWALI,41182,41183,41181,different,different,different,api_differs_available_sources,yes,no,API postal code differs from every available source postal code.
32.14.14.2010,Cipancur,CIPANCUR,CIPANCUR,41182,41183,41181,different,different,different,api_differs_available_sources,yes,no,API postal code differs from every available source postal code.
32.14.15.2001,Kutamanah,KUTAMANAH,KUTAMANAH,41116,41153,41116,different,different,match,api_matches_odj,yes,no,
32.14.15.2002,Kertamanah,KERTAMANAH,KERTAMANAH,41116,41153,41116,different,different,match,api_matches_odj,yes,no,
32.14.15.2003,Ciririp,CIRIRIP,CIRIRIP,41116,41153,41116,different,different,match,api_matches_odj,yes,no,
32.14.15.2004,Sukasari,SUKASARI,SUKASARI,41116,41167,45366,different,different,different,api_differs_available_sources,yes,no,API postal code differs from every available source postal code.
32.14.15.2005,Parungbanteng,PARUNGBANTENG,PARUNGBANTENG,41116,41153,41116,different,different,match,api_matches_odj,yes,no,
32.15.01.1003,Adiarsa Barat,ADIARSA BARAT,ADIARSA BARAT,41311,41313,41311,different,different,match,api_matches_odj,yes,no,
32.15.01.1006,Tanjungmekar,TANJUNGMEKAR,TANJUNGMEKAR,41311,41317,41311,different,different,match,api_matches_odj,yes,no,
32.15.01.1007,Tunggakjati,TUNGGAKJATI,TUNGGAKJATI,41311,41318,41311,different,different,match,api_matches_odj,yes,no,
32.15.01.1010,Karawangpawitan (Karangpawitan),KARAWANGPAWITAN,KARAWANGPAWITAN,41315,41312,41315,different,different,match,api_matches_odj,yes,yes,
32.15.01.1012,Mekarjati,MEKARJATI,MEKARJATI,41311,41319,41311,different,different,match,api_matches_odj,yes,no,
32.15.03.2001,Telukjambe,TELUKJAMBE,TELUKJAMBE,41360,41331,41361,different,different,different,api_differs_available_sources,yes,no,API postal code differs from every available source postal code.
32.15.03.2002,Sukaharja,SUKAHARJA,SUKAHARJA,41360,41336,41361,different,different,different,api_differs_available_sources,yes,no,API postal code differs from every available source postal code.
32.15.03.2003,Sirnabaya,SIRNABAYA,SIRNABAYA,41360,41333,41361,different,different,different,api_differs_available_sources,yes,no,API postal code differs from every available source postal code.
32.15.03.2004,Puseurjaya,PUSEURJAYA,PUSEURJAYA,41360,41334,41361,different,different,different,api_differs_available_sources,yes,no,API postal code differs from every available source postal code.
32.15.03.2005,Sukaluyu,SUKALUYU,SUKALUYU,41360,41335,41361,different,different,different,api_differs_available_sources,yes,no,API postal code differs from every available source postal code.
32.15.03.2006,Wadas,WADAS,WADAS,41360,41337,41361,different,different,different,api_differs_available_sources,yes,no,API postal code differs from every available source postal code.
32.15.03.2011,Purwadana,PURWADANA,PURWADANA,41360,41338,41361,different,different,different,api_differs_available_sources,yes,no,API postal code differs from every available source postal code.
32.15.03.2012,Sukamakmur,SUKAMAKMUR,SUKAMAKMUR,41360,41339,41361,different,different,different,api_differs_available_sources,yes,no,API postal code differs from every available source postal code.
32.15.03.2019,Pinayungan,PINAYUNGAN,PINAYUNGAN,41360,41332,41361,different,different,different,api_differs_available_sources,yes,no,API postal code differs from every available source postal code.
32.15.19.2007,Lemahabang,LEMAHABANG,LEMAHABANG,41383,41383,45183,different,match,different,api_matches_diskominfo,yes,no,
32.15.21.2001,Majalaya,MAJALAYA,MAJALAYA,41370,41388,41371,different,different,different,api_differs_available_sources,yes,no,API postal code differs from every available source postal code.
32.15.21.2002,Ciranggon,CIRANGGON,CIRANGGON,41370,41388,41371,different,different,different,api_differs_available_sources,yes,no,API postal code differs from every available source postal code.
32.15.21.2003,Pasirjengkol,PASIRJENGKOL,PASIRJENGKOL,41370,41388,41371,different,different,different,api_differs_available_sources,yes,no,API postal code differs from every available source postal code.
32.15.21.2005,Sarijaya,SARIJAYA,SARIJAYA,41370,41388,41371,different,different,different,api_differs_available_sources,yes,no,API postal code differs from every available source postal code.
32.15.21.2006,Pasirmulya,PASIRMULYA,PASIRMULYA,41370,41388,41371,different,different,different,api_differs_available_sources,yes,no,API postal code differs from every available source postal code.
32.15.21.2007,Lemahmulya,LEMAHMULYA,LEMAHMULYA,41370,41388,41371,different,different,different,api_differs_available_sources,yes,no,API postal code differs from every available source postal code.
32.15.21.2008,Bangle (Bengle),BANGLE,BANGLE,41370,41388,41371,different,different,different,api_differs_available_sources,yes,yes,API postal code differs from every available source postal code.
32.15.22.2001,Jayamakmur,JAYAMAKMUR,JAYAMAKMUR,41351,41359,41352,different,different,different,api_differs_available_sources,yes,no,API postal code differs from every available source postal code.
32.15.22.2002,Kemiri,KEMIRI,KEMIRI,41351,41359,41352,different,different,different,api_differs_available_sources,yes,no,API postal code differs from every available source postal code.
32.15.22.2003,Makmurjaya,MAKMURJAYA,MAKMURJAYA,41351,41359,41352,different,different,different,api_differs_available_sources,yes,no,API postal code differs from every available source postal code.
32.15.22.2004,Kertajaya,KERTAJAYA,KERTAJAYA,41351,41359,41352,different,different,different,api_differs_available_sources,yes,no,API postal code differs from every available source postal code.
32.15.22.2005,Jayakerta,JAYAKERTA,JAYAKERTA,41351,41359,41352,different,different,different,api_differs_available_sources,yes,no,API postal code differs from every available source postal code.
32.15.22.2006,Medangasem,MEDANGASEM,MEDANGASEM,41351,41359,41352,different,different,different,api_differs_available_sources,yes,no,API postal code differs from every available source postal code.
32.15.22.2007,Ciptamarga,CIPTAMARGA,CIPTAMARGA,41351,41359,41352,different,different,different,api_differs_available_sources,yes,no,API postal code differs from every available source postal code.
32.15.22.2008,Kampungsawah,KAMPUNGSAWAH,KAMPUNGSAWAH,41351,41359,41352,different,different,different,api_differs_available_sources,yes,no,API postal code differs from every available source postal code.
32.15.23.2001,Sukamulya,SUKAMULYA,SUKAMULYA,41384,41386,41384,different,different,match,api_matches_odj,yes,no,
32.15.23.2002,Tegalurung,TEGALURUNG,TEGALURUNG,41384,41386,41384,different,different,match,api_matches_odj,yes,no,
32.15.23.2003,Langensari,LANGENSARI,LANGENSARI,41384,41386,41384,different,different,match,api_matches_odj,yes,no,
32.15.23.2004,Bayur Lor,BAYUR LOR,BAYUR LOR,41384,41386,41384,different,different,match,api_matches_odj,yes,no,
32.15.23.2005,Bayur Kidul,BAYUR KIDUL,BAYUR KIDUL,41384,41386,41384,different,different,match,api_matches_odj,yes,no,
32.15.23.2006,Kiara,KIARA,KIARA,41384,41386,41384,different,different,match,api_matches_odj,yes,no,
32.15.23.2007,Manggungjaya,MANGGUNGJAYA,MANGGUNGJAYA,41384,41386,41384,different,different,match,api_matches_odj,yes,no,
32.15.23.2008,Sumurgede,SUMURGEDE,SUMURGEDE,41384,41386,41384,different,different,match,api_matches_odj,yes,no,
32.15.23.2009,Muktijaya,MUKTIJAYA,MUKTIJAYA,41384,41386,41384,different,different,match,api_matches_odj,yes,no,
32.15.23.2010,Pasirukem,PASIRUKEM,PASIRUKEM,41384,41386,41384,different,different,match,api_matches_odj,yes,no,
32.15.23.2011,Pasirjaya,PASIRJAYA,PASIRJAYA,41384,41386,41384,different,different,match,api_matches_odj,yes,no,
32.15.23.2012,Sukajaya,SUKAJAYA,SUKAJAYA,41384,41386,41384,different,different,match,api_matches_odj,yes,no,
32.15.24.2001,Gembongan,GEMBONGAN,GEMBONGAN,41374,41375,41374,different,different,match,api_matches_odj,yes,no,
32.15.24.2002,Gempol,GEMPOL,GEMPOL,41374,41375,41374,different,different,match,api_matches_odj,yes,no,
32.15.24.2003,Gempol Kolot (Gempolkolot),GEMPOL KOLOT,GEMPOL KOLOT,41374,41375,41374,different,different,match,api_matches_odj,yes,yes,
32.15.24.2004,Banyuasih,BANYUASIH,BANYUASIH,41374,41375,41374,different,different,match,api_matches_odj,yes,no,
32.15.24.2005,Kertaraharja (Kutaraharja),KERTARAHARJA,KERTARAHARJA,41374,40355,41374,different,different,match,api_matches_odj,yes,yes,
32.15.24.2006,Tanjung,TANJUNG,TANJUNG,41374,41375,41374,different,different,match,api_matches_odj,yes,no,
32.15.24.2007,Jayamukti,JAYAMUKTI,JAYAMUKTI,41374,41375,41374,different,different,match,api_matches_odj,yes,no,
32.15.24.2008,Cicinde Utara,CICINDE UTARA,CICINDE UTARA,41374,41375,41374,different,different,match,api_matches_odj,yes,no,
32.15.24.2009,Cicinde Selatan,CICINDE SELATAN,CICINDE SELATAN,41374,41375,41374,different,different,match,api_matches_odj,yes,no,
32.15.24.2010,Mekarasih,MEKARASIH,MEKARASIH,41374,41375,41374,different,different,match,api_matches_odj,yes,no,
32.15.24.2011,Talunjaya,TALUNJAYA,TALUNJAYA,41374,41375,41374,different,different,match,api_matches_odj,yes,no,
32.15.24.2012,Pamekaran,PAMEKARAN,PAMEKARAN,41374,41375,41374,different,different,match,api_matches_odj,yes,no,
32.15.25.2001,Wancimekar,WANCIMEKAR,WANCIMEKAR,41376,41377,41374,different,different,different,api_differs_available_sources,yes,no,API postal code differs from every available source postal code.
32.15.25.2002,Pangulah Selatan,PANGULAH SELATAN,PANGULAH SELATAN,41376,41377,41374,different,different,different,api_differs_available_sources,yes,no,API postal code differs from every available source postal code.
32.15.25.2003,Pangulah Utara,PANGULAH UTARA,PANGULAH UTARA,41376,41377,41374,different,different,different,api_differs_available_sources,yes,no,API postal code differs from every available source postal code.
32.15.25.2004,Pangulah Baru,PANGULAH BARU,PANGULAH BARU,41376,41377,41374,different,different,different,api_differs_available_sources,yes,no,API postal code differs from every available source postal code.
32.15.25.2005,Pucung,PUCUNG,PUCUNG,41376,41377,41374,different,different,different,api_differs_available_sources,yes,no,API postal code differs from every available source postal code.
32.15.25.2006,Jomin Timur,JOMIN TIMUR,JOMIN TIMUR,41376,41377,41374,different,different,different,api_differs_available_sources,yes,no,API postal code differs from every available source postal code.
32.15.25.2007,Jomin Barat,JOMIN BARAT,JOMIN BARAT,41376,41377,41374,different,different,different,api_differs_available_sources,yes,no,API postal code differs from every available source postal code.
32.15.25.2008,Sarimulya,SARIMULYA,SARIMULYA,41376,41377,41374,different,different,different,api_differs_available_sources,yes,no,API postal code differs from every available source postal code.
32.15.25.2009,Cilkampek Utara (Cikampek Utara),CILKAMPEK UTARA,CILKAMPEK UTARA,41376,41377,41374,different,different,different,api_differs_available_sources,yes,yes,API postal code differs from every available source postal code.
32.15.26.1001,Karawang Wetan,KARAWANG WETAN,KARAWANG WETAN,41314,41321,41314,different,different,match,api_matches_odj,yes,no,
32.15.26.1002,Adiarsa Timur,ADIARSA TIMUR,ADIARSA TIMUR,41314,41322,41314,different,different,match,api_matches_odj,yes,no,
32.15.26.1003,Palumbonsari,PALUMBONSARI,PALUMBONSARI,41314,41326,41314,different,different,match,api_matches_odj,yes,no,
32.15.26.1004,Plawad (Palawad),PLAWAD,PLAWAD,41314,41326,41327,different,different,different,api_differs_available_sources,yes,yes,API postal code differs from every available source postal code.
32.15.26.2005,Margasari,MARGASARI,MARGASARI,41313,41325,41371,different,different,different,api_differs_available_sources,yes,no,API postal code differs from every available source postal code.
32.15.26.2006,Warungbambu,WARUNGBAMBU,WARUNGBAMBU,41313,41323,41371,different,different,different,api_differs_available_sources,yes,no,API postal code differs from every available source postal code.
32.15.26.2007,Kondangjaya,KONDANGJAYA,KONDANGJAYA,41313,41324,41371,different,different,different,api_differs_available_sources,yes,no,API postal code differs from every available source postal code.
32.15.26.2008,Tegal Sawah (Tegalsawah),TEGAL SAWAH,TEGAL SAWAH,41314,41328,41314,different,different,match,api_matches_odj,yes,yes,
32.15.27.2001,Margakaya,MARGAKAYA,MARGAKAYA,41361,41341,41361,different,different,match,api_matches_odj,yes,no,
32.15.27.2002,Margamulya,MARGAMULYA,MARGAMULYA,41361,41342,41361,different,different,match,api_matches_odj,yes,no,
32.15.27.2003,Kalangligar (Karangligar),KALANGLIGAR,KALANGLIGAR,41361,41343,41361,different,different,match,api_matches_odj,yes,yes,
32.15.27.2004,Mekarmulya,MEKARMULYA,MEKARMULYA,41361,41349,41361,different,different,match,api_matches_odj,yes,no,
32.15.27.2005,Parungsari,PARUNGSARI,PARUNGSARI,41361,41344,41361,different,different,match,api_matches_odj,yes,no,
32.15.27.2006,Karangmulya,KARANGMULYA,KARANGMULYA,41361,41345,41361,different,different,match,api_matches_odj,yes,no,
32.15.27.2007,Wanasari,WANASARI,WANASARI,41361,41346,41361,different,different,match,api_matches_odj,yes,no,
32.15.27.2008,Wanakerta,WANAKERTA,WANAKERTA,41361,41347,41361,different,different,match,api_matches_odj,yes,no,
32.15.27.2009,Wanajaya,WANAJAYA,WANAJAYA,41361,41348,41361,different,different,match,api_matches_odj,yes,no,
32.15.27.2010,Mulyajaya,MULYAJAYA,MULYAJAYA,41361,41349,41361,different,different,match,api_matches_odj,yes,no,
32.15.28.2001,Cigunungsari,CIGUNUNGSARI,CIGUNUNGSARI,41364,41364,41362,different,match,different,api_matches_diskominfo,yes,no,
32.15.28.2002,Wargasetra,WARGASETRA,WARGASETRA,41364,41364,41362,different,match,different,api_matches_diskominfo,yes,no,
32.15.28.2003,Mekarbuana,MEKARBUANA,MEKARBUANA,41364,41364,41362,different,match,different,api_matches_diskominfo,yes,no,
32.15.28.2004,Cintalaksana,CINTALAKSANA,CINTALAKSANA,41364,41364,41362,different,match,different,api_matches_diskominfo,yes,no,
32.15.28.2005,Cintawargi,CINTAWARGI,CINTAWARGI,41364,41364,41362,different,match,different,api_matches_diskominfo,yes,no,
32.15.28.2006,Cintalanggeng,CINTALANGGENG,CINTALANGGENG,41364,41364,41362,different,match,different,api_matches_diskominfo,yes,no,
32.15.28.2007,Kutalanggeng,KUTALANGGENG,KUTALANGGENG,41364,41364,41362,different,match,different,api_matches_diskominfo,yes,no,
32.15.28.2008,Kutamaneuh,KUTAMANEUH,KUTAMANEUH,41364,41364,41362,different,match,different,api_matches_diskominfo,yes,no,
32.15.28.2009,Cipurwasari,CIPURWASARI,CIPURWASARI,41364,41364,41362,different,match,different,api_matches_diskominfo,yes,no,
32.15.29.2001,Darawolong,DARAWOLONG,DARAWOLONG,41377,41376,41371,different,different,different,api_differs_available_sources,yes,no,API postal code differs from every available source postal code.
32.15.29.2002,Tegalsari,TEGALSARI,TEGALSARI,41377,41376,41373,different,different,different,api_differs_available_sources,yes,no,API postal code differs from every available source postal code.
32.15.29.2003,Purwasari,PURWASARI,PURWASARI,41377,41376,41373,different,different,different,api_differs_available_sources,yes,no,API postal code differs from every available source postal code.
32.15.29.2004,Mekarjaya,MEKARJAYA,MEKARJAYA,41377,41376,41373,different,different,different,api_differs_available_sources,yes,no,API postal code differs from every available source postal code.
32.15.29.2005,Tamelang,TAMELANG,TAMELANG,41377,41376,41373,different,different,different,api_differs_available_sources,yes,no,API postal code differs from every available source postal code.
32.15.29.2006,Cengkong,CENGKONG,CENGKONG,41377,41376,41373,different,different,different,api_differs_available_sources,yes,no,API postal code differs from every available source postal code.
32.15.29.2007,Sukasari,SUKASARI,SUKASARI,41377,41376,41373,different,different,different,api_differs_available_sources,yes,no,API postal code differs from every available source postal code.
32.15.29.2008,Karangsari,KARANGSARI,KARANGSARI,41377,41376,41373,different,different,different,api_differs_available_sources,yes,no,API postal code differs from every available source postal code.
32.15.30.2001,Kertamukti,KERTAMUKTI,KERTAMUKTI,41350,41387,41353,different,different,different,api_differs_available_sources,yes,no,API postal code differs from every available source postal code.
32.15.30.2002,Rawasari,RAWASARI,RAWASARI,41350,41387,41353,different,different,different,api_differs_available_sources,yes,no,API postal code differs from every available source postal code.
32.15.30.2003,Pusakajaya Selatan,PUSAKAJAYA SELATAN,PUSAKAJAYA SELATAN,41350,41387,41353,different,different,different,api_differs_available_sources,yes,no,API postal code differs from every available source postal code.
32.15.30.2004,Cikande,CIKANDE,CIKANDE,41350,41387,41353,different,different,different,api_differs_available_sources,yes,no,API postal code differs from every available source postal code.
32.15.30.2005,Kosambibatu,KOSAMBIBATU,KOSAMBIBATU,41350,41387,41353,different,different,different,api_differs_available_sources,yes,no,API postal code differs from every available source postal code.
32.15.30.2006,Pusakajaya Utara,PUSAKAJAYA UTARA,PUSAKAJAYA UTARA,41350,41387,41353,different,different,different,api_differs_available_sources,yes,no,API postal code differs from every available source postal code.
32.15.30.2007,Sukaratu,SUKARATU,SUKARATU,41350,41387,41353,different,different,different,api_differs_available_sources,yes,no,API postal code differs from every available source postal code.
32.15.30.2008,Ciptamargi,CIPTAMARGI,CIPTAMARGI,41350,41387,41385,different,different,different,api_differs_available_sources,yes,no,API postal code differs from every available source postal code.
32.15.30.2009,Mekarpohaci,MEKARPOHACI,MEKARPOHACI,41350,41387,41385,different,different,different,api_differs_available_sources,yes,no,API postal code differs from every available source postal code.
32.15.30.2010,Tanjungsari,TANJUNGSARI,TANJUNGSARI,41350,41387,41385,different,different,different,api_differs_available_sources,yes,no,API postal code differs from every available source postal code.
32.16.01.2001,Sagara Makmur (Segara Makmur),SAGARA MAKMUR,SAGARA MAKMUR,17211,17213,17211,different,different,match,api_matches_odj,yes,yes,
32.16.02.1006,Bahagia,BAHAGIA,BAHAGIA,17610,17612,17610,different,different,match,api_matches_odj,yes,no,
32.16.02.1007,Kebalen,KEBALEN,KEBALEN,17610,17613,17610,different,different,match,api_matches_odj,yes,no,
32.16.02.2005,Pantaihurip (Pantai Hurip),PANTAIHURIP,PANTAIHURIP,17610,17618,17610,different,different,match,api_matches_odj,yes,yes,
32.16.02.2008,Babelankota (Babelan Kota),BABELANKOTA,BABELANKOTA,17610,17611,17610,different,different,match,api_matches_odj,yes,yes,
32.16.02.2009,Kedungjaya,KEDUNGJAYA,KEDUNGJAYA,17610,17615,17610,different,different,match,api_matches_odj,yes,no,
32.16.03.2001,Sukaringin,SUKARINGIN,SUKARINGIN,17620,17653,17620,different,different,match,api_matches_odj,yes,no,
32.16.03.2002,Sukabudi,SUKABUDI,SUKABUDI,17620,17657,17620,different,different,match,api_matches_odj,yes,no,
32.16.03.2003,Sukadaya,SUKADAYA,SUKADAYA,17620,17656,17620,different,different,match,api_matches_odj,yes,no,
32.16.03.2004,Sukawangi,SUKAWANGI,SUKAWANGI,17620,17651,17620,different,different,match,api_matches_odj,yes,no,
32.16.03.2005,Sukakerta,SUKAKERTA,SUKAKERTA,17620,17652,17620,different,different,match,api_matches_odj,yes,no,
32.16.03.2006,Sukatenang,SUKATENANG,SUKATENANG,17620,17654,17620,different,different,match,api_matches_odj,yes,no,
32.16.03.2007,Sukamekar,SUKAMEKAR,SUKAMEKAR,17620,17655,17620,different,different,match,api_matches_odj,yes,no,
32.16.04.2001,Sukawijaya,SUKAWIJAYA,SUKAWIJAYA,17621,17626,17620,different,different,different,api_differs_available_sources,yes,no,API postal code differs from every available source postal code.
32.16.04.2002,Sukamaju,SUKAMAJU,SUKAMAJU,17621,17623,17620,different,different,different,api_differs_available_sources,yes,no,API postal code differs from every available source postal code.
32.16.04.2003,Sukaraja,SUKARAJA,SUKARAJA,17621,17622,17620,different,different,different,api_differs_available_sources,yes,no,API postal code differs from every available source postal code.
32.16.04.2004,Sukarapih,SUKARAPIH,SUKARAPIH,17621,17621,17620,different,match,different,api_matches_diskominfo,yes,no,
32.16.04.2005,Sukarahayu,SUKARAHAYU,SUKARAHAYU,17621,17624,17620,different,different,different,api_differs_available_sources,yes,no,API postal code differs from every available source postal code.
32.16.04.2006,Sukamantri,SUKAMANTRI,SUKAMANTRI,17621,17627,17620,different,different,different,api_differs_available_sources,yes,no,API postal code differs from every available source postal code.
32.16.04.2007,Sukabakti,SUKABAKTI,SUKABAKTI,17621,17625,17620,different,different,different,api_differs_available_sources,yes,no,API postal code differs from every available source postal code.
32.16.05.2001,Satriajaya,SATRIAJAYA,SATRIAJAYA,17511,17563,17510,different,different,different,api_differs_available_sources,yes,no,API postal code differs from every available source postal code.
32.16.05.2003,Satriamekar,SATRIAMEKAR,SATRIAMEKAR,17511,17562,17510,different,different,different,api_differs_available_sources,yes,no,API postal code differs from every available source postal code.
32.16.05.2004,Sriamur,SRIAMUR,SRIAMUR,17511,17561,17510,different,different,different,api_differs_available_sources,yes,no,API postal code differs from every available source postal code.
32.16.05.2005,Srimukti,SRIMUKTI,SRIMUKTI,17511,17565,17510,different,different,different,api_differs_available_sources,yes,no,API postal code differs from every available source postal code.
32.16.05.2006,Srijaya,SRIJAYA,SRIJAYA,17511,17568,17510,different,different,different,api_differs_available_sources,yes,no,API postal code differs from every available source postal code.
32.16.05.2007,Srimahi,SRIMAHI,SRIMAHI,17511,17567,17510,different,different,different,api_differs_available_sources,yes,no,API postal code differs from every available source postal code.
32.16.05.2008,Karangsatria,KARANGSATRIA,KARANGSATRIA,17511,17564,17510,different,different,different,api_differs_available_sources,yes,no,API postal code differs from every available source postal code.
32.16.06.1001,Jatimulya,JATIMULYA,JATIMULYA,17510,17512,17510,different,different,match,api_matches_odj,yes,no,
32.16.06.2002,Lambangsari,LAMBANGSARI,LAMBANGSARI,17510,17513,17510,different,different,match,api_matches_odj,yes,no,
32.16.06.2003,Lambangjaya,LAMBANGJAYA,LAMBANGJAYA,17510,17514,17510,different,different,match,api_matches_odj,yes,no,
32.16.06.2004,Tambun,TAMBUN,TAMBUN,17510,17511,17510,different,different,match,api_matches_odj,yes,no,
32.16.06.2005,Setiadarma,SETIADARMA,SETIADARMA,17510,17513,17510,different,different,match,api_matches_odj,yes,no,
32.16.06.2006,Setiamekar,SETIAMEKAR,SETIAMEKAR,17510,17519,17510,different,different,match,api_matches_odj,yes,no,
32.16.06.2007,Mekarsari,MEKARSARI,MEKARSARI,17510,17515,17510,different,different,match,api_matches_odj,yes,no,
32.16.06.2009,Mangunjaya,MANGUNJAYA,MANGUNJAYA,17510,17517,17510,different,different,match,api_matches_odj,yes,no,
32.16.07.1001,Wanasari,WANASARI,WANASARI,17520,17521,17520,different,different,match,api_matches_odj,yes,no,
32.16.07.2002,Wanajaya,WANAJAYA,WANAJAYA,17520,17523,17520,different,different,match,api_matches_odj,yes,no,
32.16.07.2004,Muktiwari,MUKTIWARI,MUKTIWARI,17520,17526,17520,different,different,match,api_matches_odj,yes,no,
32.16.07.2005,Sarimukti,SARIMUKTI,SARIMUKTI,17520,17527,17520,different,different,match,api_matches_odj,yes,no,
32.16.07.2006,Sukajaya,SUKAJAYA,SUKAJAYA,17520,17524,17520,different,different,match,api_matches_odj,yes,no,
32.16.07.2007,Cibuntu,CIBUNTU,CIBUNTU,17520,17522,17520,different,different,match,api_matches_odj,yes,no,
32.16.08.1008,Telaga Asih,TELAGA ASIH,TELAGA ASIH,17530,17841,17530,different,different,match,api_matches_odj,yes,no,
32.16.08.2003,Jatiwangi,JATIWANGI,JATIWANGI,17530,17846,17530,different,different,match,api_matches_odj,yes,no,
32.16.08.2005,Gandamekar,GANDAMEKAR,GANDAMEKAR,17530,17842,17530,different,different,match,api_matches_odj,yes,no,
32.16.08.2006,Gandasari,GANDASARI,GANDASARI,17530,17842,17530,different,different,match,api_matches_odj,yes,no,
32.16.08.2007,Sukadanau,SUKADANAU,SUKADANAU,17530,17848,17530,different,different,match,api_matches_odj,yes,no,
32.16.08.2010,Telajung,TELAJUNG,TELAJUNG,17530,17844,17530,different,different,match,api_matches_odj,yes,no,
32.16.08.2011,Cikedokan,CIKEDOKAN,CIKEDOKAN,17530,17845,17530,different,different,match,api_matches_odj,yes,no,
32.16.09.2001,Cikarangkota (Cikarang Kota),CIKARANGKOTA,CIKARANGKOTA,17534,17831,17530,different,different,different,api_differs_available_sources,yes,yes,API postal code differs from every available source postal code.
32.16.09.2003,Karangasih,KARANGASIH,KARANGASIH,17534,17839,17530,different,different,different,api_differs_available_sources,yes,no,API postal code differs from every available source postal code.
32.16.09.2004,Waluya,WALUYA,WALUYA,17534,17837,17530,different,different,different,api_differs_available_sources,yes,no,API postal code differs from every available source postal code.
32.16.09.2005,Karangraharja,KARANGRAHARJA,KARANGRAHARJA,17534,17839,17530,different,different,different,api_differs_available_sources,yes,no,API postal code differs from every available source postal code.
32.16.09.2007,Simpangan,SIMPANGAN,SIMPANGAN,17534,17836,17530,different,different,different,api_differs_available_sources,yes,no,API postal code differs from every available source postal code.
32.16.09.2008,Tanjungsari,TANJUNGSARI,TANJUNGSARI,17534,17838,17530,different,different,different,api_differs_available_sources,yes,no,API postal code differs from every available source postal code.
32.16.09.2009,Hajarmekar (Harja Mekar),HAJARMEKAR,HAJARMEKAR,17534,17835,,diskominfo_only,different,source_postal_missing,api_differs_available_sources,yes,yes,API postal code differs from every available source postal code.
32.16.09.2010,Mekarmukti,MEKARMUKTI,MEKARMUKTI,17534,17834,17530,different,different,different,api_differs_available_sources,yes,no,API postal code differs from every available source postal code.
32.16.09.2011,Wangunharja,WANGUNHARJA,WANGUNHARJA,17534,17833,17530,different,different,different,api_differs_available_sources,yes,no,API postal code differs from every available source postal code.
32.16.10.2001,Sukaraya,SUKARAYA,SUKARAYA,17535,17536,17530,different,different,different,api_differs_available_sources,yes,no,API postal code differs from every available source postal code.
32.16.10.2004,Karanganyar,KARANGANYAR,KARANGANYAR,17535,17533,17530,different,different,different,api_differs_available_sources,yes,no,API postal code differs from every available source postal code.
32.16.10.2008,Karangmukti,KARANGMUKTI,KARANGMUKTI,17535,17538,17530,different,different,different,api_differs_available_sources,yes,no,API postal code differs from every available source postal code.
32.16.11.1007,Sertajaya,SERTAJAYA,SERTAJAYA,17533,17823,17530,different,different,different,api_differs_available_sources,yes,no,API postal code differs from every available source postal code.
32.16.11.2001,Tanjungbaru,TANJUNGBARU,TANJUNGBARU,17533,17827,17530,different,different,different,api_differs_available_sources,yes,no,API postal code differs from every available source postal code.
32.16.11.2002,Cipayung,CIPAYUNG,CIPAYUNG,17533,17825,17530,different,different,different,api_differs_available_sources,yes,no,API postal code differs from every available source postal code.
32.16.11.2003,Hegarmanah,HEGARMANAH,HEGARMANAH,17533,17824,17530,different,different,different,api_differs_available_sources,yes,no,API postal code differs from every available source postal code.
32.16.11.2004,Jatireja,JATIREJA,JATIREJA,17533,17822,17530,different,different,different,api_differs_available_sources,yes,no,API postal code differs from every available source postal code.
32.16.11.2005,Jatibaru,JATIBARU,JATIBARU,17533,17821,17530,different,different,different,api_differs_available_sources,yes,no,API postal code differs from every available source postal code.
32.16.11.2006,Labansari,LABANSARI,LABANSARI,17533,17826,17530,different,different,different,api_differs_available_sources,yes,no,API postal code differs from every available source postal code.
32.16.11.2008,Karangsari,KARANGSARI,KARANGSARI,17533,17828,17530,different,different,different,api_differs_available_sources,yes,no,API postal code differs from every available source postal code.
32.16.13.1011,Kertasari,KERTASARI,KERTASARI,17710,17711,17710,different,different,match,api_matches_odj,yes,no,
32.16.13.2002,Karangsegar,KARANGSEGAR,KARANGSEGAR,17710,17716,17710,different,different,match,api_matches_odj,yes,no,
32.16.13.2003,Sumberurip,SUMBERURIP,SUMBERURIP,17710,17714,17710,different,different,match,api_matches_odj,yes,no,
32.16.13.2005,Karangreja,KARANGREJA,KARANGREJA,17710,17717,17710,different,different,match,api_matches_odj,yes,no,
32.16.13.2006,Karangjaya,KARANGJAYA,KARANGJAYA,17710,17717,17710,different,different,match,api_matches_odj,yes,no,
32.16.13.2007,Sumbersari,SUMBERSARI,SUMBERSARI,17710,17714,17710,different,different,match,api_matches_odj,yes,no,
32.16.13.2008,Karangpatri,KARANGPATRI,KARANGPATRI,17710,17713,17710,different,different,match,api_matches_odj,yes,no,
32.16.13.2009,Karanghaur,KARANGHAUR,KARANGHAUR,17710,17713,17710,different,different,match,api_matches_odj,yes,no,
32.16.13.2010,Kertajaya,KERTAJAYA,KERTAJAYA,17710,17712,17710,different,different,match,api_matches_odj,yes,no,
32.16.13.2012,Bantarsari,BANTARSARI,BANTARSARI,17710,17718,17710,different,different,match,api_matches_odj,yes,no,
32.16.13.2013,Bantarjaya,BANTARJAYA,BANTARJAYA,17710,17719,17710,different,different,match,api_matches_odj,yes,no,
32.16.14.2001,Sukamurni,SUKAMURNI,SUKAMURNI,17630,17643,17630,different,different,match,api_matches_odj,yes,no,
32.16.14.2002,Sukaindah,SUKAINDAH,SUKAINDAH,17630,17642,17630,different,different,match,api_matches_odj,yes,no,
32.16.14.2003,Sukakarya,SUKAKARYA,SUKAKARYA,17630,17641,17630,different,different,match,api_matches_odj,yes,no,
32.16.14.2004,Sukalaksana,SUKALAKSANA,SUKALAKSANA,17630,17645,17630,different,different,match,api_matches_odj,yes,no,
32.16.14.2005,Sukajadi,SUKAJADI,SUKAJADI,17630,17644,17630,different,different,match,api_matches_odj,yes,no,
32.16.14.2006,Sukakarsa (Sukakersa),SUKAKARSA,SUKAKARSA,17630,17641,17646,different,different,different,api_differs_available_sources,yes,yes,API postal code differs from every available source postal code.
32.16.14.2007,Sukamakmur,SUKAMAKMUR,SUKAMAKMUR,17630,17647,17630,different,different,match,api_matches_odj,yes,no,
32.16.15.2001,Sukamulya,SUKAMULYA,SUKAMULYA,17631,17631,17630,different,match,different,api_matches_diskominfo,yes,no,
32.16.15.2002,Sukamanah,SUKAMANAH,SUKAMANAH,17631,17633,17630,different,different,different,api_differs_available_sources,yes,no,API postal code differs from every available source postal code.
32.16.15.2003,Sukahurip,SUKAHURIP,SUKAHURIP,17631,17634,17630,different,different,different,api_differs_available_sources,yes,no,API postal code differs from every available source postal code.
32.16.15.2005,Sukarukun,SUKARUKUN,SUKARUKUN,17631,17637,17630,different,different,different,api_differs_available_sources,yes,no,API postal code differs from every available source postal code.
32.16.15.2007,Sukadarma,SUKADARMA,SUKADARMA,17631,17632,17630,different,different,different,api_differs_available_sources,yes,no,API postal code differs from every available source postal code.
32.16.16.2003,Sindangsari,SINDANGSARI,SINDANGSARI,17720,17725,17720,different,different,match,api_matches_odj,yes,no,
32.16.16.2005,Setialaksana,SETIALAKSANA,SETIALAKSANA,17720,17727,17720,different,different,match,api_matches_odj,yes,no,
32.16.17.2005,Pantai Sederhana,PANTAI SEDERHANA,PANTAI SEDERHANA,17730,17736,17730,different,different,match,api_matches_odj,yes,no,
32.16.17.2006,Jayasakti,JAYASAKTI,JAYASAKTI,17730,17733,17730,different,different,match,api_matches_odj,yes,no,
32.16.18.2001,Cijengkol,CIJENGKOL,CIJENGKOL,17320,17322,17320,different,different,match,api_matches_odj,yes,no,
32.16.18.2002,Lubangbuaya,LUBANGBUAYA,LUBANGBUAYA,17320,17321,17320,different,different,match,api_matches_odj,yes,no,
32.16.18.2003,Burangkeng,BURANGKENG,BURANGKENG,17320,17323,17320,different,different,match,api_matches_odj,yes,no,
32.16.18.2004,Ciledug (Cileduk),CILEDUG,CILEDUG,17320,17329,17320,different,different,match,api_matches_odj,yes,yes,
32.16.18.2005,Cibening,CIBENING,CIBENING,17320,17329,17320,different,different,match,api_matches_odj,yes,no,
32.16.18.2006,Taman Sari,TAMAN SARI,TAMAN SARI,17320,17324,17320,different,different,match,api_matches_odj,yes,no,
32.16.18.2007,Taman Rahayu,TAMAN RAHAYU,TAMAN RAHAYU,17320,17324,17320,different,different,match,api_matches_odj,yes,no,
32.16.18.2008,Cikarageman,CIKARAGEMAN,CIKARAGEMAN,17320,17326,17320,different,different,match,api_matches_odj,yes,no,
32.16.18.2009,Ragamanunggal (Ragemanunggal),RAGAMANUNGGAL,RAGAMANUNGGAL,17320,17327,17320,different,different,match,api_matches_odj,yes,yes,
32.16.18.2010,Muktijaya,MUKTIJAYA,MUKTIJAYA,17320,17327,17320,different,different,match,api_matches_odj,yes,no,
32.16.18.2011,Kertarahayu,KERTARAHAYU,KERTARAHAYU,17320,17328,17320,different,different,match,api_matches_odj,yes,no,
32.16.19.2001,Cibatu,CIBATU,CIBATU,17532,17855,17530,different,different,different,api_differs_available_sources,yes,no,API postal code differs from every available source postal code.
32.16.19.2002,Sukasejati,SUKASEJATI,SUKASEJATI,17532,17853,17530,different,different,different,api_differs_available_sources,yes,no,API postal code differs from every available source postal code.
32.16.19.2003,Ciantra,CIANTRA,CIANTRA,17532,17852,17530,different,different,different,api_differs_available_sources,yes,no,API postal code differs from every available source postal code.
32.16.19.2004,Sukadami,SUKADAMI,SUKADAMI,17532,17851,17530,different,different,different,api_differs_available_sources,yes,no,API postal code differs from every available source postal code.
32.16.19.2005,Sukaresmi,SUKARESMI,SUKARESMI,17532,17857,17530,different,different,different,api_differs_available_sources,yes,no,API postal code differs from every available source postal code.
32.16.19.2006,Serang,SERANG,SERANG,17532,17854,17530,different,different,different,api_differs_available_sources,yes,no,API postal code differs from every available source postal code.
32.16.19.2007,Pasirsari,PASIRSARI,PASIRSARI,17532,17856,17530,different,different,different,api_differs_available_sources,yes,no,API postal code differs from every available source postal code.
32.16.20.2001,Cicau,CICAU,CICAU,17531,17812,17530,different,different,different,api_differs_available_sources,yes,no,API postal code differs from every available source postal code.
32.16.20.2002,Sukamahi,SUKAMAHI,SUKAMAHI,17531,17811,17530,different,different,different,api_differs_available_sources,yes,no,API postal code differs from every available source postal code.
32.16.20.2004,Hegarmukti,HEGARMUKTI,HEGARMUKTI,17531,17815,17530,different,different,different,api_differs_available_sources,yes,no,API postal code differs from every available source postal code.
32.16.20.2005,Jayamukti,JAYAMUKTI,JAYAMUKTI,17531,17816,17530,different,different,different,api_differs_available_sources,yes,no,API postal code differs from every available source postal code.
32.16.20.2006,Pasirtanjung,PASIRTANJUNG,PASIRTANJUNG,17531,17814,17530,different,different,different,api_differs_available_sources,yes,no,API postal code differs from every available source postal code.
32.16.21.2001,Sukaragam,SUKARAGAM,SUKARAGAM,17330,17331,17330,different,different,match,api_matches_odj,yes,no,
32.16.21.2002,Sirnajaya,SIRNAJAYA,SIRNAJAYA,17330,17335,17330,different,different,match,api_matches_odj,yes,no,
32.16.21.2003,Sukasari,SUKASARI,SUKASARI,17330,17332,17330,different,different,match,api_matches_odj,yes,no,
32.16.21.2004,Jayamulya,JAYAMULYA,JAYAMULYA,17330,17334,17330,different,different,match,api_matches_odj,yes,no,
32.16.21.2005,Nagacipta,NAGACIPTA,NAGACIPTA,17330,17336,17330,different,different,match,api_matches_odj,yes,no,
32.16.21.2006,Nagasari,NAGASARI,NAGASARI,17330,17337,17330,different,different,match,api_matches_odj,yes,no,
32.16.21.2007,Cilangkara,CILANGKARA,CILANGKARA,17330,17338,17330,different,different,match,api_matches_odj,yes,no,
32.16.22.2002,Ridogalih,RIDOGALIH,RIDOGALIH,17340,17344,17340,different,different,match,api_matches_odj,yes,no,
32.16.22.2003,Ridomanah,RIDOMANAH,RIDOMANAH,17340,17345,17340,different,different,match,api_matches_odj,yes,no,
32.16.22.2004,Wibawamulya,WIBAWAMULYA,WIBAWAMULYA,17340,17346,17340,different,different,match,api_matches_odj,yes,no,
32.16.22.2005,Cibarusah Kota (Cibarusahkota),CIBARUSAH KOTA,CIBARUSAH KOTA,17340,17341,17340,different,different,match,api_matches_odj,yes,yes,
32.16.22.2006,Cibarusah Jaya (Cibarusahjaya),CIBARUSAH JAYA,CIBARUSAH JAYA,17340,17342,17340,different,different,match,api_matches_odj,yes,yes,
32.16.22.2007,Sindangmulya,SINDANGMULYA,SINDANGMULYA,17340,17347,17340,different,different,match,api_matches_odj,yes,no,
32.16.23.2001,Karangmulya,KARANGMULYA,KARANGMULYA,17356,17455,17356,different,different,match,api_matches_odj,yes,no,
32.16.23.2002,Karangindah,KARANGINDAH,KARANGINDAH,17350,17453,17350,different,different,match,api_matches_odj,yes,no,
32.16.23.2004,Sukabungah,SUKABUNGAH,SUKABUNGAH,17350,17456,17350,different,different,match,api_matches_odj,yes,no,
32.16.23.2005,Sukamukti,SUKAMUKTI,SUKAMUKTI,17350,17457,17350,different,different,match,api_matches_odj,yes,no,
32.16.23.2006,Medalkrisna,MEDALKRISNA,MEDALKRISNA,17350,17452,17350,different,different,match,api_matches_odj,yes,no,
32.17.01.2001,Pagerwangi,PAGERWANGI,PAGERWANGI,40391,40791,40391,different,different,match,api_matches_odj,yes,no,
32.17.01.2002,Kayuambon,KAYUAMBON,KAYUAMBON,40391,40791,40391,different,different,match,api_matches_odj,yes,no,
32.17.01.2003,Lembang,LEMBANG,LEMBANG,40391,40791,40391,different,different,match,api_matches_odj,yes,no,
32.17.01.2004,Cikidang,CIKIDANG,CIKIDANG,40391,40791,40391,different,different,match,api_matches_odj,yes,no,
32.17.01.2005,Cikahuripan,CIKAHURIPAN,CIKAHURIPAN,40391,40791,40391,different,different,match,api_matches_odj,yes,no,
32.17.01.2006,Cikole,CIKOLE,CIKOLE,40391,40791,40391,different,different,match,api_matches_odj,yes,no,
32.17.01.2007,Gudangkahuripan,GUDANGKAHURIPAN,GUDANGKAHURIPAN,40391,40791,40391,different,different,match,api_matches_odj,yes,no,
32.17.01.2008,Jayagiri,JAYAGIRI,JAYAGIRI,40391,40791,40391,different,different,match,api_matches_odj,yes,no,
32.17.01.2009,Cibodas,CIBODAS,CIBODAS,40391,40791,40391,different,different,match,api_matches_odj,yes,no,
32.17.01.2010,Langensari,LANGENSARI,LANGENSARI,40391,40791,40391,different,different,match,api_matches_odj,yes,no,
32.17.01.2011,Mekarwangi,MEKARWANGI,MEKARWANGI,40391,40791,40391,different,different,match,api_matches_odj,yes,no,
32.17.01.2012,Cibogo,CIBOGO,CIBOGO,40391,40791,40391,different,different,match,api_matches_odj,yes,no,
32.17.01.2013,Sukajaya,SUKAJAYA,SUKAJAYA,40391,40791,40391,different,different,match,api_matches_odj,yes,no,
32.17.01.2014,Suntenjaya,SUNTENJAYA,SUNTENJAYA,40391,40791,40391,different,different,match,api_matches_odj,yes,no,
32.17.01.2015,Wangunharja,WANGUNHARJA,WANGUNHARJA,40391,40791,40391,different,different,match,api_matches_odj,yes,no,
32.17.01.2016,Wangunsari,WANGUNSARI,WANGUNSARI,40391,40791,40391,different,different,match,api_matches_odj,yes,no,
32.17.02.2001,Karyawangi,KARYAWANGI,KARYAWANGI,40559,40759,40559,different,different,match,api_matches_odj,yes,no,
32.17.02.2002,Cihanjuang,CIHANJUANG,CIHANJUANG,40559,40759,40559,different,different,match,api_matches_odj,yes,no,
32.17.02.2003,Cihanjuangrahayu (Cihanjuang Rahayu),CIHANJUANG RAHAYU,CIHANJUANGRAHAYU,40559,40759,40559,different,different,match,api_matches_odj,yes,yes,
32.17.02.2004,Cihideung,CIHIDEUNG,CIHIDEUNG,40559,40759,40559,different,different,match,api_matches_odj,yes,no,
32.17.02.2005,Ciwaruga,CIWARUGA,CIWARUGA,40559,40759,40559,different,different,match,api_matches_odj,yes,no,
32.17.02.2006,Cigugurgirang (Cigugur Girang),CIGUGURGIRANG,CIGUGURGIRANG,40559,40759,40559,different,different,match,api_matches_odj,yes,yes,
32.17.02.2007,Sariwangi,SARIWANGI,SARIWANGI,40559,40759,40559,different,different,match,api_matches_odj,yes,no,
32.17.03.2001,Jambudipa,JAMBUDIPA,JAMBUDIPA,40551,40751,40551,different,different,match,api_matches_odj,yes,no,
32.17.03.2002,Padaasih,PADAASIH,PADAASIH,40551,40751,40551,different,different,match,api_matches_odj,yes,no,
32.17.03.2003,Pasirhalang,PASIRHALANG,PASIRHALANG,40551,40751,40551,different,different,match,api_matches_odj,yes,no,
32.17.03.2004,Pasirlangu,PASIRLANGU,PASIRLANGU,40551,40751,40551,different,different,match,api_matches_odj,yes,no,
32.17.03.2005,Cipada,CIPADA,CIPADA,40551,40751,40551,different,different,match,api_matches_odj,yes,no,
32.17.03.2006,Kertawangi,KERTAWANGI,KERTAWANGI,40551,40751,40551,different,different,match,api_matches_odj,yes,no,
32.17.03.2007,Tugumukti,TUGUMUKTI,TUGUMUKTI,40551,40751,40551,different,different,match,api_matches_odj,yes,no,
32.17.03.2008,Sadangmekar,SADANGMEKAR,SADANGMEKAR,40551,40751,40551,different,different,match,api_matches_odj,yes,no,
32.17.04.2001,Ciptagumati,CIPTAGUMATI,CIPTAGUMATI,40556,40756,40556,different,different,match,api_matches_odj,yes,no,
32.17.04.2002,Cikalong,CIKALONG,CIKALONG,40556,40756,40556,different,different,match,api_matches_odj,yes,no,
32.17.04.2003,Cipada,CIPADA,CIPADA,40556,40756,40556,different,different,match,api_matches_odj,yes,no,
32.17.04.2004,Cisomangbarat (Cisomang Barat),CISOMANGBARAT,CISOMANGBARAT,40556,40756,40556,different,different,match,api_matches_odj,yes,yes,
32.17.04.2005,Ganjarsari,GANJARSARI,GANJARSARI,40556,40756,40556,different,different,match,api_matches_odj,yes,no,
32.17.04.2006,Kanangasari,KANANGASARI,KANANGASARI,40556,40756,40556,different,different,match,api_matches_odj,yes,no,
32.17.04.2007,Mandalasari,MANDALASARI,MANDALASARI,40556,40756,40556,different,different,match,api_matches_odj,yes,no,
32.17.04.2008,Mandalamukti,MANDALAMUKTI,MANDALAMUKTI,40556,40756,40556,different,different,match,api_matches_odj,yes,no,
32.17.04.2009,Mekarjaya,MEKARJAYA,MEKARJAYA,40556,40756,40556,different,different,match,api_matches_odj,yes,no,
32.17.04.2010,Puteran,PUTERAN,PUTERAN,40556,40756,40556,different,different,match,api_matches_odj,yes,no,
32.17.04.2011,Rende,RENDE,RENDE,40556,40756,40556,different,different,match,api_matches_odj,yes,no,
32.17.04.2012,Tenjolaut,TENJOLAUT,TENJOLAUT,40556,40756,40556,different,different,match,api_matches_odj,yes,no,
32.17.04.2013,Wangunjaya,WANGUNJAYA,WANGUNJAYA,40556,40756,40556,different,different,match,api_matches_odj,yes,no,
32.17.05.2001,Cipeundeuy,CIPEUNDEUY,CIPEUNDEUY,40558,40758,41272,different,different,different,api_differs_available_sources,yes,no,API postal code differs from every available source postal code.
32.17.05.2002,Ciharashas,CIHARASHAS,CIHARASHAS,40558,40758,40558,different,different,match,api_matches_odj,yes,no,
32.17.05.2003,Bojongmekar,BOJONGMEKAR,BOJONGMEKAR,40558,40758,40558,different,different,match,api_matches_odj,yes,no,
32.17.05.2004,Ciroyom,CIROYOM,CIROYOM,40558,40758,40558,different,different,match,api_matches_odj,yes,no,
32.17.05.2005,Jatimekar,JATIMEKAR,JATIMEKAR,40558,40758,40558,different,different,match,api_matches_odj,yes,no,
32.17.05.2006,Margalaksana,MARGALAKSANA,MARGALAKSANA,40558,40758,40558,different,different,match,api_matches_odj,yes,no,
32.17.05.2007,Margaluyu,MARGALUYU,MARGALUYU,40558,40393,40558,different,different,match,api_matches_odj,yes,no,
32.17.05.2008,Nanggeleng,NANGGELENG,NANGGELENG,40558,40758,40558,different,different,match,api_matches_odj,yes,no,
32.17.05.2009,Nyenang,NYENANG,NYENANG,40558,40758,40558,different,different,match,api_matches_odj,yes,no,
32.17.05.2010,Sirnaraja,SIRNARAJA,SIRNARAJA,40558,40758,40558,different,different,match,api_matches_odj,yes,no,
32.17.05.2011,Sirnagalih,SIRNAGALIH,SIRNAGALIH,40558,40758,40558,different,different,match,api_matches_odj,yes,no,
32.17.05.2012,Sukahaji,SUKAHAJI,SUKAHAJI,40558,40758,40558,different,different,match,api_matches_odj,yes,no,
32.17.06.2001,Ngamprah,NGAMPRAH,NGAMPRAH,40552,40721,40552,different,different,match,api_matches_odj,yes,no,
32.17.06.2002,Cimareme,CIMAREME,CIMAREME,40552,40722,40552,different,different,match,api_matches_odj,yes,no,
32.17.06.2003,Cilame,CILAME,CILAME,40552,40721,40552,different,different,match,api_matches_odj,yes,no,
32.17.06.2004,Tanimulya,TANIMULYA,TANIMULYA,40552,40723,40552,different,different,match,api_matches_odj,yes,no,
32.17.06.2005,Cimanggu,CIMANGGU,CIMANGGU,40552,40724,40552,different,different,match,api_matches_odj,yes,no,
32.17.06.2006,Bojongkoneng,BOJONGKONENG,BOJONGKONENG,40552,40727,40552,different,different,match,api_matches_odj,yes,no,
32.17.06.2007,Margajaya,MARGAJAYA,MARGAJAYA,40552,40725,40552,different,different,match,api_matches_odj,yes,no,
32.17.06.2008,Mekarsari,MEKARSARI,MEKARSARI,40552,40726,40552,different,different,match,api_matches_odj,yes,no,
32.17.06.2009,Gadobangkong,GADOBANGKONG,GADOBANGKONG,40552,40722,40552,different,different,match,api_matches_odj,yes,no,
32.17.06.2010,Sukatani,SUKATANI,SUKATANI,40552,40725,40552,different,different,match,api_matches_odj,yes,no,
32.17.06.2011,Pakuhaji,PAKUHAJI,PAKUHAJI,40552,40723,40552,different,different,match,api_matches_odj,yes,no,
32.17.07.2001,Ciptaharja,CIPTAHARJA,CIPTAHARJA,40554,40754,40554,different,different,match,api_matches_odj,yes,no,
32.17.07.2002,Cipatat,CIPATAT,CIPATAT,40554,40754,40554,different,different,match,api_matches_odj,yes,no,
32.17.07.2003,Citatah,CITATAH,CITATAH,40554,40754,40554,different,different,match,api_matches_odj,yes,no,
32.17.07.2004,Rajamandalakulon (Rajamandala Kulon),RAJAMANDALAKULON,RAJAMANDALAKULON,40554,40754,40554,different,different,match,api_matches_odj,yes,yes,
32.17.07.2005,Mandalawangi,MANDALAWANGI,MANDALAWANGI,40554,40754,40554,different,different,match,api_matches_odj,yes,no,
32.17.07.2006,Kertamukti,KERTAMUKTI,KERTAMUKTI,40554,40754,40554,different,different,match,api_matches_odj,yes,no,
32.17.07.2007,Nyalindung,NYALINDUNG,NYALINDUNG,40554,40754,40554,different,different,match,api_matches_odj,yes,no,
32.17.07.2008,Gunungmasigit,GUNUNGMASIGIT,GUNUNGMASIGIT,40554,40754,40554,different,different,match,api_matches_odj,yes,no,
32.17.07.2009,Cirawamekar,CIRAWAMEKAR,CIRAWAMEKAR,40554,40754,40554,different,different,match,api_matches_odj,yes,no,
32.17.07.2010,Mandalasari,MANDALASARI,MANDALASARI,40554,40754,40554,different,different,match,api_matches_odj,yes,no,
32.17.07.2011,Sumurbandung,SUMURBANDUNG,SUMURBANDUNG,40554,40754,40554,different,different,match,api_matches_odj,yes,no,
32.17.07.2012,Sarimukti,SARIMUKTI,SARIMUKTI,40554,40754,40554,different,different,match,api_matches_odj,yes,no,
32.17.08.2001,Kertamulya,KERTAMULYA,KERTAMULYA,40553,40716,40553,different,different,match,api_matches_odj,yes,no,
32.17.08.2002,Padalarang,PADALARANG,PADALARANG,40553,40711,40553,different,different,match,api_matches_odj,yes,no,
32.17.08.2003,Cimerang,CIMERANG,CIMERANG,40553,40714,40553,different,different,match,api_matches_odj,yes,no,
32.17.08.2004,Campaka Mekar (Cempakamekar),CAMPAKA MEKAR,CAMPAKA MEKAR,40553,40718,40553,different,different,match,api_matches_odj,yes,yes,
32.17.08.2005,Tagogapu,TAGOGAPU,TAGOGAPU,40553,40717,40553,different,different,match,api_matches_odj,yes,no,
32.17.08.2006,Ciburuy,CIBURUY,CIBURUY,40553,40719,40553,different,different,match,api_matches_odj,yes,no,
32.17.08.2007,Kertajaya,KERTAJAYA,KERTAJAYA,40553,40713,40553,different,different,match,api_matches_odj,yes,no,
32.17.08.2008,Cipeundeuy,CIPEUNDEUY,CIPEUNDEUY,40553,40714,40553,different,different,match,api_matches_odj,yes,no,
32.17.08.2009,Jayamekar,JAYAMEKAR,JAYAMEKAR,40553,40712,40553,different,different,match,api_matches_odj,yes,no,
32.17.08.2010,Laksanamekar,LAKSANAMEKAR,LAKSANAMEKAR,40553,40715,40553,different,different,match,api_matches_odj,yes,no,
32.17.09.2001,Batujajar Timur,BATUJAJAR TIMUR,BATUJAJAR TIMUR,40561,40761,40561,different,different,match,api_matches_odj,yes,no,
32.17.09.2002,Batujajar Barat,BATUJAJAR BARAT,BATUJAJAR BARAT,40561,40761,40561,different,different,match,api_matches_odj,yes,no,
32.17.09.2004,Galanggang,GALANGGANG,GALANGGANG,40561,40761,40561,different,different,match,api_matches_odj,yes,no,
32.17.09.2005,Cangkorah,CANGKORAH,CANGKORAH,40561,40761,40561,different,different,match,api_matches_odj,yes,no,
32.17.09.2007,Selacau,SELACAU,SELACAU,40561,40761,40561,different,different,match,api_matches_odj,yes,no,
32.17.09.2008,Pangauban,PANGAUBAN,PANGAUBAN,40561,40761,40561,different,different,match,api_matches_odj,yes,no,
32.17.09.2010,Giriasih,GIRIASIH,GIRIASIH,40561,40761,40561,different,different,match,api_matches_odj,yes,no,
32.17.10.2001,Cipatik,CIPATIK,CIPATIK,40562,40767,40562,different,different,match,api_matches_odj,yes,no,
32.17.10.2002,Citapen,CITAPEN,CITAPEN,40562,40767,40562,different,different,match,api_matches_odj,yes,no,
32.17.10.2003,Cihampelas,CIHAMPELAS,CIHAMPELAS,40562,40767,40562,different,different,match,api_matches_odj,yes,no,
32.17.10.2004,Mekarjaya,MEKARJAYA,MEKARJAYA,40562,40767,40562,different,different,match,api_matches_odj,yes,no,
32.17.10.2005,Mekarmukti,MEKARMUKTI,MEKARMUKTI,40562,40767,40562,different,different,match,api_matches_odj,yes,no,
32.17.10.2006,Pataruman,PATARUMAN,PATARUMAN,40562,40767,40562,different,different,match,api_matches_odj,yes,no,
32.17.10.2007,Situwangi,SITUWANGI,SITUWANGI,40562,40767,40562,different,different,match,api_matches_odj,yes,no,
32.17.10.2008,Singajaya,SINGAJAYA,SINGAJAYA,40562,40767,40562,different,different,match,api_matches_odj,yes,no,
32.17.10.2009,Tanjungwangi,TANJUNGWANGI,TANJUNGWANGI,40562,40767,40562,different,different,match,api_matches_odj,yes,no,
32.17.10.2010,Tanjungjaya,TANJUNGJAYA,TANJUNGJAYA,40562,40767,40562,different,different,match,api_matches_odj,yes,no,
32.17.11.2001,Cililin,CILILIN,CILILIN,40567,40762,40562,different,different,different,api_differs_available_sources,yes,no,API postal code differs from every available source postal code.
32.17.11.2002,Budiharja,BUDIHARJA,BUDIHARJA,40567,40762,40562,different,different,different,api_differs_available_sources,yes,no,API postal code differs from every available source postal code.
32.17.11.2003,Batulayang,BATULAYANG,BATULAYANG,40567,40762,40562,different,different,different,api_differs_available_sources,yes,no,API postal code differs from every available source postal code.
32.17.11.2004,Bongas,BONGAS,BONGAS,40567,40762,40562,different,different,different,api_differs_available_sources,yes,no,API postal code differs from every available source postal code.
32.17.11.2005,Karanganyar,KARANGANYAR,KARANGANYAR,40567,40762,40562,different,different,different,api_differs_available_sources,yes,no,API postal code differs from every available source postal code.
32.17.11.2006,Karangtanjung,KARANGTANJUNG,KARANGTANJUNG,40567,40762,40562,different,different,different,api_differs_available_sources,yes,no,API postal code differs from every available source postal code.
32.17.11.2007,Karyamukti,KARYAMUKTI,KARYAMUKTI,40567,40762,40562,different,different,different,api_differs_available_sources,yes,no,API postal code differs from every available source postal code.
32.17.11.2008,Kidangpananjung,KIDANGPANANJUNG,KIDANGPANANJUNG,40567,40762,40562,different,different,different,api_differs_available_sources,yes,no,API postal code differs from every available source postal code.
32.17.11.2009,Mukapayung,MUKAPAYUNG,MUKAPAYUNG,40567,40762,40562,different,different,different,api_differs_available_sources,yes,no,API postal code differs from every available source postal code.
32.17.11.2010,Nanggerang,NANGGERANG,NANGGERANG,40567,40762,40562,different,different,different,api_differs_available_sources,yes,no,API postal code differs from every available source postal code.
32.17.11.2011,Rancapanggung,RANCAPANGGUNG,RANCAPANGGUNG,40567,40762,40562,different,different,different,api_differs_available_sources,yes,no,API postal code differs from every available source postal code.
32.17.12.2001,Sarinagen,SARINAGEN,SARINAGEN,40564,40764,40564,different,different,match,api_matches_odj,yes,no,
32.17.12.2002,Baranangsiang,BARANANGSIANG,BARANANGSIANG,40564,40764,40564,different,different,match,api_matches_odj,yes,no,
32.17.12.2003,Citalem,CITALEM,CITALEM,40564,40764,40564,different,different,match,api_matches_odj,yes,no,
32.17.12.2004,Cijenuk,CIJENUK,CIJENUK,40564,40764,40564,different,different,match,api_matches_odj,yes,no,
32.17.12.2005,Cijambu,CIJAMBU,CIJAMBU,40564,40764,40564,different,different,match,api_matches_odj,yes,no,
32.17.12.2006,Cibenda,CIBENDA,CIBENDA,40564,40764,40564,different,different,match,api_matches_odj,yes,no,
32.17.12.2007,Cintaasih,CINTAASIH,CINTAASIH,40564,40764,40564,different,different,match,api_matches_odj,yes,no,
32.17.12.2008,Cicangkanghilir (Cicangkang Hilir),CICANGKANGHILIR,CICANGKANGHILIR,40564,40764,40564,different,different,match,api_matches_odj,yes,yes,
32.17.12.2009,Girimukti,GIRIMUKTI,GIRIMUKTI,40564,40764,40564,different,different,match,api_matches_odj,yes,no,
32.17.12.2010,Karangsari,KARANGSARI,KARANGSARI,40564,40764,40564,different,different,match,api_matches_odj,yes,no,
32.17.12.2011,Mekarsari,MEKARSARI,MEKARSARI,40564,40764,40564,different,different,match,api_matches_odj,yes,no,
32.17.12.2012,Neglasari,NEGLASARI,NEGLASARI,40564,40764,40564,different,different,match,api_matches_odj,yes,no,
32.17.12.2013,Sirnagalih,SIRNAGALIH,SIRNAGALIH,40564,40764,40564,different,different,match,api_matches_odj,yes,no,
32.17.12.2014,Sukamulya,SUKAMULYA,SUKAMULYA,40564,40764,40564,different,different,match,api_matches_odj,yes,no,
32.17.13.2001,Cibedug,CIBEDUG,CIBEDUG,40566,40766,40566,different,different,match,api_matches_odj,yes,no,
32.17.13.2002,Bojong,BOJONG,BOJONG,40566,40766,40566,different,different,match,api_matches_odj,yes,no,
32.17.13.2003,Bojongsalam,BOJONGSALAM,BOJONGSALAM,40566,40766,40566,different,different,match,api_matches_odj,yes,no,
32.17.13.2004,Cibitung,CIBITUNG,CIBITUNG,40566,40766,40566,different,different,match,api_matches_odj,yes,no,
32.17.13.2005,Cicadas,CICADAS,CICADAS,40566,40766,40566,different,different,match,api_matches_odj,yes,no,
32.17.13.2006,Cinengah,CINENGAH,CINENGAH,40566,40766,40566,different,different,match,api_matches_odj,yes,no,
32.17.13.2007,Sukamanah,SUKAMANAH,SUKAMANAH,40566,40766,40566,different,different,match,api_matches_odj,yes,no,
32.17.13.2008,Sukaresmi,SUKARESMI,SUKARESMI,40566,40766,40566,different,different,match,api_matches_odj,yes,no,
32.17.14.2001,Cintakarya,CINTAKARYA,CINTAKARYA,40563,40763,40563,different,different,match,api_matches_odj,yes,no,
32.17.14.2002,Sindangkerta,SINDANGKERTA,SINDANGKERTA,40563,40763,40563,different,different,match,api_matches_odj,yes,no,
32.17.14.2003,Buninagara,BUNINAGARA,BUNINAGARA,40563,40763,40563,different,different,match,api_matches_odj,yes,no,
32.17.14.2004,Cikadu,CIKADU,CIKADU,40563,40763,40563,different,different,match,api_matches_odj,yes,no,
32.17.14.2005,Cicangkanggirang (Cicangkang Girang),CICANGKANGGIRANG,CICANGKANGGIRANG,40563,40763,40563,different,different,match,api_matches_odj,yes,yes,
32.17.14.2006,Mekarwangi,MEKARWANGI,MEKARWANGI,40563,40763,40563,different,different,match,api_matches_odj,yes,no,
32.17.14.2007,Pasirpogor,PASIRPOGOR,PASIRPOGOR,40563,40763,40563,different,different,match,api_matches_odj,yes,no,
32.17.14.2008,Puncaksari,PUNCAKSARI,PUNCAKSARI,40563,40763,40563,different,different,match,api_matches_odj,yes,no,
32.17.14.2009,Rancasenggang (Ranca Senggang),RANCASENGGANG,RANCASENGGANG,40563,40763,40563,different,different,match,api_matches_odj,yes,yes,
32.17.14.2010,Weninggalih,WENINGGALIH,WENINGGALIH,40563,40763,40563,different,different,match,api_matches_odj,yes,no,
32.17.14.2011,Wangunsari,WANGUNSARI,WANGUNSARI,40563,40763,40563,different,different,match,api_matches_odj,yes,no,
32.17.15.2001,Sirnajaya,SIRNAJAYA,SIRNAJAYA,40565,40765,40565,different,different,match,api_matches_odj,yes,no,
32.17.15.2002,Gununghalu,GUNUNGHALU,GUNUNGHALU,40565,40765,40565,different,different,match,api_matches_odj,yes,no,
32.17.15.2003,Bunijaya,BUNIJAYA,BUNIJAYA,40565,40765,40565,different,different,match,api_matches_odj,yes,no,
32.17.15.2004,Celak,CELAK,CELAK,40565,40765,40565,different,different,match,api_matches_odj,yes,no,
32.17.15.2005,Cilangari,CILANGARI,CILANGARI,40565,40765,40565,different,different,match,api_matches_odj,yes,no,
32.17.15.2006,Sindangjaya,SINDANGJAYA,SINDANGJAYA,40565,40765,40565,different,different,match,api_matches_odj,yes,no,
32.17.15.2007,Sukasari,SUKASARI,SUKASARI,40565,40765,40565,different,different,match,api_matches_odj,yes,no,
32.17.15.2008,Tamanjaya,TAMANJAYA,TAMANJAYA,40565,40765,40565,different,different,match,api_matches_odj,yes,no,
32.17.15.2009,Wargasaluyu,WARGASALUYU,WARGASALUYU,40565,40765,40565,different,different,match,api_matches_odj,yes,no,
32.17.16.2005,Cipangeran,CIPANGERAN,CIPANGERAN,40560,40764,40561,different,different,different,api_differs_available_sources,yes,no,API postal code differs from every available source postal code.
32.18.01.2001,Parigi,PARIGI,PARIGI,46393,46511,46393,different,different,match,api_matches_odj,yes,no,
32.18.01.2002,Karangbenda,KARANGBENDA,KARANGBENDA,46393,46512,46393,different,different,match,api_matches_odj,yes,no,
32.18.01.2003,Ciliang,CILIANG,CILIANG,46393,46519,46393,different,different,match,api_matches_odj,yes,no,
32.18.01.2004,Bojong,BOJONG,BOJONG,46393,46519,46393,different,different,match,api_matches_odj,yes,no,
32.18.01.2005,Cintaratu,CINTARATU,CINTARATU,46393,46519,46393,different,different,match,api_matches_odj,yes,no,
32.18.01.2006,Selasari,SELASARI,SELASARI,46393,46519,46393,different,different,match,api_matches_odj,yes,no,
32.18.01.2007,Karangjaladri,KARANGJALADRI,KARANGJALADRI,46393,46513,46393,different,different,match,api_matches_odj,yes,no,
32.18.01.2008,Cibenda,CIBENDA,CIBENDA,46393,46519,46393,different,different,match,api_matches_odj,yes,no,
32.18.01.2009,Cintakarya,CINTAKARYA,CINTAKARYA,46393,46519,46393,different,different,match,api_matches_odj,yes,no,
32.18.01.2010,Parakanmanggu,PARAKANMANGGU,PARAKANMANGGU,46393,46596,46393,different,different,match,api_matches_odj,yes,no,
32.18.02.2001,Batukaras,BATUKARAS,BATUKARAS,46394,46594,46394,different,different,match,api_matches_odj,yes,no,
32.18.02.2002,Ciakar,CIAKAR,CIAKAR,46394,46596,46394,different,different,match,api_matches_odj,yes,no,
32.18.02.2003,Cibanten,CIBANTEN,CIBANTEN,46394,46596,46394,different,different,match,api_matches_odj,yes,no,
32.18.02.2004,Kertayasa,KERTAYASA,KERTAYASA,46394,46594,46394,different,different,match,api_matches_odj,yes,no,
32.18.02.2005,Cijulang,CIJULANG,CIJULANG,46394,46594,46394,different,different,match,api_matches_odj,yes,no,
32.18.02.2006,Kondangjajar,KONDANGJAJAR,KONDANGJAJAR,46394,46594,46394,different,different,match,api_matches_odj,yes,no,
32.18.02.2007,Margacinta,MARGACINTA,MARGACINTA,46394,46594,46394,different,different,match,api_matches_odj,yes,no,
32.18.03.2001,Kertaharja,KERTAHARJA,KERTAHARJA,46395,46596,46395,different,different,match,api_matches_odj,yes,no,
32.18.03.2002,Ciparanti,CIPARANTI,CIPARANTI,46395,46595,46395,different,different,match,api_matches_odj,yes,no,
32.18.03.2003,Legokjawa,LEGOKJAWA,LEGOKJAWA,46395,46595,46395,different,different,match,api_matches_odj,yes,no,
32.18.03.2004,Masawah,MASAWAH,MASAWAH,46395,46595,46395,different,different,match,api_matches_odj,yes,no,
32.18.03.2005,Cimerak,CIMERAK,CIMERAK,46395,46595,46395,different,different,match,api_matches_odj,yes,no,
32.18.03.2006,Sukajaya,SUKAJAYA,SUKAJAYA,46395,46595,46395,different,different,match,api_matches_odj,yes,no,
32.18.03.2007,Kertamukti,KERTAMUKTI,KERTAMUKTI,46395,46595,46395,different,different,match,api_matches_odj,yes,no,
32.18.03.2008,Sindangsari,SINDANGSARI,SINDANGSARI,46395,46595,46395,different,different,match,api_matches_odj,yes,no,
32.18.03.2009,Batumalang,BATUMALANG,BATUMALANG,46395,46595,46395,different,different,match,api_matches_odj,yes,no,
32.18.03.2010,Mekarsari,MEKARSARI,MEKARSARI,46395,46596,46395,different,different,match,api_matches_odj,yes,no,
32.18.03.2011,Limusgede,LIMUSGEDE,LIMUSGEDE,46395,46596,46395,different,different,match,api_matches_odj,yes,no,
32.18.04.2001,Cigugur,CIGUGUR,CIGUGUR,46392,45552,46392,different,different,match,api_matches_odj,yes,no,
32.18.04.2002,Cimindi,CIMINDI,CIMINDI,46392,41266,46392,different,different,match,api_matches_odj,yes,no,
32.18.04.2003,Pagerbumi,PAGERBUMI,PAGERBUMI,46392,46596,46392,different,different,match,api_matches_odj,yes,no,
32.18.04.2004,Kertajaya,KERTAJAYA,KERTAJAYA,46392,46596,46392,different,different,match,api_matches_odj,yes,no,
32.18.04.2005,Bunisari,BUNISARI,BUNISARI,46392,46596,46392,different,different,match,api_matches_odj,yes,no,
32.18.04.2006,Campaka,CAMPAKA,CAMPAKA,46392,46596,46392,different,different,match,api_matches_odj,yes,no,
32.18.04.2007,Harumandala (Harum Mandala),HARUMANDALA,HARUMANDALA,46392,46596,46392,different,different,match,api_matches_odj,yes,yes,
32.18.05.2001,Karangkamiri,KARANGKAMIRI,KARANGKAMIRI,46391,46591,46391,different,different,match,api_matches_odj,yes,no,
32.18.05.2002,Cimanggu,CIMANGGU,CIMANGGU,46391,46591,46391,different,different,match,api_matches_odj,yes,no,
32.18.05.2003,Langkaplancar,LANGKAPLANCAR,LANGKAPLANCAR,46391,46591,46391,different,different,match,api_matches_odj,yes,no,
32.18.05.2004,Pangkalan,PANGKALAN,PANGKALAN,46391,46591,46391,different,different,match,api_matches_odj,yes,no,
32.18.05.2005,Bojongkondang,BOJONGKONDANG,BOJONGKONDANG,46391,46591,46391,different,different,match,api_matches_odj,yes,no,
32.18.05.2006,Bangunjaya,BANGUNJAYA,BANGUNJAYA,46391,46591,46391,different,different,match,api_matches_odj,yes,no,
32.18.05.2007,Jayasari,JAYASARI,JAYASARI,46391,46591,46391,different,different,match,api_matches_odj,yes,no,
32.18.05.2008,Jadimulya,JADIMULYA,JADIMULYA,46391,46591,46391,different,different,match,api_matches_odj,yes,no,
32.18.05.2009,Jadikarya,JADIKARYA,JADIKARYA,46391,46591,46391,different,different,match,api_matches_odj,yes,no,
32.18.05.2010,Bojong,BOJONG,BOJONG,46391,46591,46391,different,different,match,api_matches_odj,yes,no,
32.18.05.2011,Bangunkarya,BANGUNKARYA,BANGUNKARYA,46391,46591,46391,different,different,match,api_matches_odj,yes,no,
32.18.05.2012,Sukamulya,SUKAMULYA,SUKAMULYA,46391,46591,46391,different,different,match,api_matches_odj,yes,no,
32.18.05.2013,Mekarwangi,MEKARWANGI,MEKARWANGI,46391,46591,46391,different,different,match,api_matches_odj,yes,no,
32.18.05.2014,Cisarua,CISARUA,CISARUA,46391,46591,46391,different,different,match,api_matches_odj,yes,no,
32.18.06.2001,Sukamaju,SUKAMAJU,SUKAMAJU,46371,46571,46371,different,different,match,api_matches_odj,yes,no,
32.18.06.2002,Kertajaya,KERTAJAYA,KERTAJAYA,46371,46571,46371,different,different,match,api_matches_odj,yes,no,
32.18.06.2003,Mangunjaya,MANGUNJAYA,MANGUNJAYA,46371,46571,46371,different,different,match,api_matches_odj,yes,no,
32.18.06.2004,Sindangjaya (Sindang Jaya),SINDANGJAYA,SINDANGJAYA,46371,46571,46371,different,different,match,api_matches_odj,yes,yes,
32.18.06.2005,Jangraga,JANGRAGA,JANGRAGA,46371,46571,46371,different,different,match,api_matches_odj,yes,no,
32.18.07.2001,Panyutran,PANYUTRAN,PANYUTRAN,46384,46596,46384,different,different,match,api_matches_odj,yes,no,
32.18.07.2002,Ciganjeng,CIGANJENG,CIGANJENG,46372,46584,46372,different,different,match,api_matches_odj,yes,no,
32.18.07.2003,Karangsari,KARANGSARI,KARANGSARI,46384,46584,46384,different,different,match,api_matches_odj,yes,no,
32.18.07.2004,Sukanagara,SUKANAGARA,SUKANAGARA,46267,46584,46267,different,different,match,api_matches_odj,yes,no,
32.18.07.2005,Paledah,PALEDAH,PALEDAH,46384,46584,46384,different,different,match,api_matches_odj,yes,no,
32.18.07.2006,Karangpawitan,KARANGPAWITAN,KARANGPAWITAN,46384,46584,46384,different,different,match,api_matches_odj,yes,no,
32.18.07.2007,Padaherang,PADAHERANG,PADAHERANG,46384,46584,46384,different,different,match,api_matches_odj,yes,no,
32.18.07.2008,Kedungwuluh,KEDUNGWULUH,KEDUNGWULUH,46384,46584,46384,different,different,match,api_matches_odj,yes,no,
32.18.07.2009,Cibogo,CIBOGO,CIBOGO,46384,46584,46384,different,different,match,api_matches_odj,yes,no,
32.18.07.2010,Pasirgeulis,PASIRGEULIS,PASIRGEULIS,46384,46584,46384,different,different,match,api_matches_odj,yes,no,
32.18.07.2011,Bojongsari,BOJONGSARI,BOJONGSARI,46384,46584,46384,different,different,match,api_matches_odj,yes,no,
32.18.07.2012,Sindangwangi,SINDANGWANGI,SINDANGWANGI,46384,46584,46384,different,different,match,api_matches_odj,yes,no,
32.18.07.2013,Maruyungsari (Maruyung Sari),MARUYUNGSARI,MARUYUNGSARI,46384,46584,46384,different,different,match,api_matches_odj,yes,yes,
32.18.07.2014,Karangmulya,KARANGMULYA,KARANGMULYA,46384,46584,46384,different,different,match,api_matches_odj,yes,no,
32.18.08.2001,Putrapinggan,PUTRAPINGGAN,PUTRAPINGGAN,46397,46597,46397,different,different,match,api_matches_odj,yes,no,
32.18.08.2002,Emplak,EMPLAK,EMPLAK,46397,46597,46397,different,different,match,api_matches_odj,yes,no,
32.18.08.2003,Bagolo,BAGOLO,BAGOLO,46397,46597,46397,different,different,match,api_matches_odj,yes,no,
32.18.08.2004,Pamotan,PAMOTAN,PAMOTAN,46397,46597,46397,different,different,match,api_matches_odj,yes,no,
32.18.08.2005,Kalipucang,KALIPUCANG,KALIPUCANG,46397,46597,46397,different,different,match,api_matches_odj,yes,no,
32.18.08.2006,Cibuluh,CIBULUH,CIBULUH,46397,46597,46397,different,different,match,api_matches_odj,yes,no,
32.18.08.2007,Banjarharja,BANJARHARJA,BANJARHARJA,46397,46597,46397,different,different,match,api_matches_odj,yes,no,
32.18.08.2008,Tunggilis,TUNGGILIS,TUNGGILIS,46397,46597,46397,different,different,match,api_matches_odj,yes,no,
32.18.08.2009,Ciparakan,CIPARAKAN,CIPARAKAN,46397,46596,46397,different,different,match,api_matches_odj,yes,no,
32.18.09.2001,Babakan,BABAKAN,BABAKAN,46396,46596,46396,different,different,match,api_matches_odj,yes,no,
32.18.09.2002,Sukahurip,SUKAHURIP,SUKAHURIP,46396,46596,46396,different,different,match,api_matches_odj,yes,no,
32.18.09.2003,Purbahayu,PURBAHAYU,PURBAHAYU,46396,46596,46396,different,different,match,api_matches_odj,yes,no,
32.18.09.2004,Pangandaran,PANGANDARAN,PANGANDARAN,46396,46596,46396,different,different,match,api_matches_odj,yes,no,
32.18.09.2005,Wonoharjo,WONOHARJO,WONOHARJO,46396,46596,46396,different,different,match,api_matches_odj,yes,no,
32.18.09.2006,Sidomulyo,SIDOMULYO,SIDOMULYO,46396,46596,46396,different,different,match,api_matches_odj,yes,no,
32.18.09.2007,Pananjung,PANANJUNG,PANANJUNG,46396,46596,46396,different,different,match,api_matches_odj,yes,no,
32.18.09.2008,Pagergunung,PAGERGUNUNG,PAGERGUNUNG,46396,46596,46396,different,different,match,api_matches_odj,yes,no,
32.18.10.2001,Sidamulih,SIDAMULIH,SIDAMULIH,46365,46565,46365,different,different,match,api_matches_odj,yes,no,
32.18.10.2002,Cikalong,CIKALONG,CIKALONG,46365,46565,46365,different,different,match,api_matches_odj,yes,no,
32.18.10.2003,Sukaresik,SUKARESIK,SUKARESIK,46365,46565,46365,different,different,match,api_matches_odj,yes,no,
32.18.10.2004,Cikembulan,CIKEMBULAN,CIKEMBULAN,46365,46565,46365,different,different,match,api_matches_odj,yes,no,
32.18.10.2005,Pajaten,PAJATEN,PAJATEN,46365,46565,46365,different,different,match,api_matches_odj,yes,no,
32.18.10.2006,Kersaratu,KERSARATU,KERSARATU,46365,46565,46365,different,different,match,api_matches_odj,yes,no,
32.18.10.2007,Kalijati,KALIJATI,KALIJATI,46365,46565,46365,different,different,match,api_matches_odj,yes,no,
32.71.01.1010,Rancamaya,RANCAMAYA,RANCAMAYA,16139,16138,16139,different,different,match,api_matches_odj,yes,no,
32.71.04.1014,Pasir Mulya,PASIR MULYA,PASIR MULYA,16118,16119,16118,different,different,match,api_matches_odj,yes,no,
32.72.02.1003,Gunungparang (Gunung Parang),GUNUNGPARANG,GUNUNGPARANG,43111,43112,43111,different,different,match,api_matches_odj,yes,yes,
32.72.03.1001,Citamiang,CITAMIANG,CITAMIANG,43143,43144,43143,different,different,match,api_matches_odj,yes,no,
32.72.05.1001,Baros,BAROS,BAROS,43161,43167,42173,different,different,different,api_differs_available_sources,yes,no,API postal code differs from every available source postal code.
32.72.05.1004,Sudajaya Hilir (Sudajayahilir),SUDAJAYA HILIR,SUDAJAYA HILIR,43161,43167,,diskominfo_only,different,source_postal_missing,api_differs_available_sources,yes,yes,API postal code differs from every available source postal code.
32.72.06.1001,Cipanengah,CIPANENGAH,CIPANENGAH,43134,43168,43134,different,different,match,api_matches_odj,yes,no,
32.72.06.1002,Situmekar,SITUMEKAR,SITUMEKAR,43169,43168,43169,different,different,match,api_matches_odj,yes,no,
32.72.06.1003,Lembursitu,LEMBURSITU,LEMBURSITU,43169,43168,43169,different,different,match,api_matches_odj,yes,no,
32.72.06.1005,Sindangsari,SINDANGSARI,SINDANGSARI,43167,43168,43167,different,different,match,api_matches_odj,yes,no,
32.72.07.1002,Babakan,BABAKAN,BABAKAN,43142,43163,43142,different,different,match,api_matches_odj,yes,no,
32.73.04.1005,Suka Asih,SUKA ASIH,SUKA ASIH,40231,40233,40231,different,different,match,api_matches_odj,yes,no,
32.73.14.1003,Cicadas,CICADAS,CICADAS,40121,40126,40121,different,different,match,api_matches_odj,yes,no,
32.73.14.1004,Sukamaju,SUKAMAJU,SUKAMAJU,40121,40127,40121,different,different,match,api_matches_odj,yes,no,
32.73.14.1006,Pasirlayung,PASIRLAYUNG,PASIRLAYUNG,40192,40128,40192,different,different,match,api_matches_odj,yes,no,
32.73.16.1002,Kebun Jayanti,KEBUN JAYANTI,KEBON JAYANTI,40281,40284,40281,different,different,match,api_matches_odj,yes,yes,
32.73.18.1003,Neglasari,NEGLASARI,NEGLASARI,40124,40123,40124,different,different,match,api_matches_odj,yes,no,
32.73.18.1004,Cigadung,CIGADUNG,CIGADUNG,40191,40123,40191,different,different,match,api_matches_odj,yes,no,
32.73.19.1004,Babakan Ciamis,BABAKAN CIAMIS,BABAKAN CIAMIS,40117,40113,40117,different,different,match,api_matches_odj,yes,no,
32.73.21.1002,Wates,WATES,WATES,40256,40269,40256,different,different,match,api_matches_odj,yes,no,
32.73.21.1004,Kujangsari,KUJANGSARI,KUJANGSARI,40287,40268,40287,different,different,match,api_matches_odj,yes,no,
32.73.23.1004,Mekarmulya (Mekar Mulya / Mekarjaya),MEKARMULYA,MEKARMULYA,40292,40298,,diskominfo_only,different,source_postal_missing,api_differs_available_sources,yes,yes,API postal code differs from every available source postal code.
32.73.24.1004,Sindanglaya/Cisantre n Endah,SINDANGLAYA/CISANTRE N ENDAH,CISARANTEN ENDAH,40293,40399,,diskominfo_only,different,source_postal_missing,api_differs_available_sources,yes,yes,API postal code differs from every available source postal code.
32.73.25.1001,Palasari,PALASARI,PALASARI,40615,40299,40615,different,different,match,api_matches_odj,yes,no,
32.73.25.1002,Cipadung,CIPADUNG,CIPADUNG,40614,40299,40614,different,different,match,api_matches_odj,yes,no,
32.73.25.1004,Cisurupan,CISURUPAN,CISURUPAN,40614,40299,40614,different,different,match,api_matches_odj,yes,no,
32.73.26.1003,Pasir Endah,PASIR ENDAH,PASIR ENDAH,40619,40199,40619,different,different,match,api_matches_odj,yes,no,
32.73.26.1004,Cigending,CIGENDING,CIGENDING,40611,40199,40611,different,different,match,api_matches_odj,yes,no,
32.73.26.1006,Pasirjati,PASIRJATI,PASIRJATI,40616,40199,40616,different,different,match,api_matches_odj,yes,no,
32.73.26.1007,Pasanggrahan,PASANGGRAHAN,PASANGGRAHAN,40617,40199,40617,different,different,match,api_matches_odj,yes,no,
32.73.27.1001,Cimenerang (Cimincrang),CIMENERANG,CIMENERANG,40294,40295,,diskominfo_only,different,source_postal_missing,api_differs_available_sources,yes,yes,API postal code differs from every available source postal code.
32.73.27.1002,Cisantren Kidul (Cisaranten Kidul),CISANTREN KIDUL,CISANTREN KIDUL,40294,40295,40294,different,different,match,api_matches_odj,yes,yes,
32.73.27.1004,Rancanumpang,RANCANUMPANG,RANCANUMPANG,40294,40295,40294,different,different,match,api_matches_odj,yes,no,
32.73.28.1001,Cipadung Kulon,CIPADUNG KULON,CIPADUNG KULON,40614,40298,40614,different,different,match,api_matches_odj,yes,no,
32.73.28.1002,Cipadung Kidul,CIPADUNG KIDUL,CIPADUNG KIDUL,40614,40298,40614,different,different,match,api_matches_odj,yes,no,
32.73.28.1003,Cipadung Wetan,CIPADUNG WETAN,CIPADUNG WETAN,40614,40298,40614,different,different,match,api_matches_odj,yes,no,
32.73.30.1001,Jatihandap,JATIHANDAP,JATIHANDAP,40195,40193,40195,different,different,match,api_matches_odj,yes,no,
32.73.30.1002,Karang Pamulang,KARANG PAMULANG,KARANG PAMULANG,40195,40193,40195,different,different,match,api_matches_odj,yes,no,
32.73.30.1003,Pasir Impun,PASIR IMPUN,PASIR IMPUN,40195,40193,40195,different,different,match,api_matches_odj,yes,no,
32.73.30.1004,Sindang Jaya,SINDANG JAYA,SINDANG JAYA,40195,40193,40195,different,different,match,api_matches_odj,yes,no,
32.74.01.1004,Kebonbaru,KEBONBARU,KEBONBARU,45121,45124,45121,different,different,match,api_matches_odj,yes,no,
32.74.03.1001,Kalijaga,KALIJAGA,KALIJAGA,45144,45145,45144,different,different,match,api_matches_odj,yes,no,
32.74.05.1005,Karyamulya,KARYAMULYA,KARYAMULYA,45131,45135,45131,different,different,match,api_matches_odj,yes,no,
32.75.01.1004,Arenjaya (Aren Jaya),ARENJAYA,ARENJAYA,17111,17118,17111,different,different,match,api_matches_odj,yes,yes,
32.75.02.1003,Kotabaru (Kota Baru),KOTABARU,KOTABARU,17133,17139,17133,different,different,match,api_matches_odj,yes,yes,
32.75.02.1005,Jakasampurna (Jaka Sampurna),JAKASAMPURNA,JAKASAMPURNA,17145,17137,17145,different,different,match,api_matches_odj,yes,yes,
32.75.03.1005,Margamulya (Marga Mulya),MARGAMULYA,MARGAMULYA,17142,17126,17142,different,different,match,api_matches_odj,yes,yes,
32.75.05.1001,Bojong Rawalumbu,BOJONG RAWALUMBU,BOJONG RAWALUMBU,17116,17176,17116,different,different,match,api_matches_odj,yes,no,
32.75.05.1002,Pengasinan,PENGASINAN,PENGASINAN,17115,17175,17115,different,different,match,api_matches_odj,yes,no,
32.75.05.1003,Sepanjangjaya (Sepanjang Jaya),SEPANJANGJAYA,SEPANJANGJAYA,17114,17174,17114,different,different,match,api_matches_odj,yes,yes,
32.75.05.1004,Bojongmenteng (Bojong Menteng),BOJONGMENTENG,BOJONGMENTENG,17117,17177,17117,different,different,match,api_matches_odj,yes,yes,
32.75.06.1001,Medansatria (Medan Satria),MEDANSATRIA,MEDANSATRIA,17132,17182,17132,different,different,match,api_matches_odj,yes,yes,
32.75.06.1002,Harapanmulya (Harapan Mulya),HARAPANMULYA,HARAPANMULYA,17143,17184,17143,different,different,match,api_matches_odj,yes,yes,
32.75.06.1003,Pejuang,PEJUANG,PEJUANG,17131,17181,17131,different,different,match,api_matches_odj,yes,no,
32.75.06.1004,Kalibaru (Kali Baru),KALIBARU,KALIBARU,17133,17183,17133,different,different,match,api_matches_odj,yes,yes,
32.75.11.1001,Pedurenan (Padurenan),PADURENAN,PADURENAN,17156,17156,17166,different,match,different,api_matches_diskominfo,yes,yes,
32.76.03.1010,Sawangan (Lama),SAWANGAN,SAWANGAN,16511,16511,56481,different,match,different,api_matches_diskominfo,yes,yes,
32.76.04.1001,Maruyung (Meruyung),MARUYUNG,MARUYUNG,16515,16532,16515,different,different,match,api_matches_odj,yes,yes,
32.76.04.1002,Grogol,GROGOL,GROGOL,16512,16533,16512,different,different,match,api_matches_odj,yes,no,
32.76.04.1003,Krukut,KRUKUT,KRUKUT,16512,16534,16512,different,different,match,api_matches_odj,yes,no,
32.76.04.1004,Limo,LIMO,LIMO,16515,16531,16515,different,different,match,api_matches_odj,yes,no,
32.76.07.1001,Cipayung,CIPAYUNG,CIPAYUNG,16437,16442,13840,different,different,different,api_differs_available_sources,yes,no,API postal code differs from every available source postal code.
32.76.07.1002,Cipayung Jaya,CIPAYUNG JAYA,CIPAYUNG JAYA,16437,16444,16437,different,different,match,api_matches_odj,yes,no,
32.76.07.1003,Ratu Jaya,RATU JAYA,RATU JAYA,16439,16445,16439,different,different,match,api_matches_odj,yes,no,
32.76.07.1004,Bojong Pondok Terong,BOJONG PONDOK TERONG,BOJONG PONDOK TERONG,16436,16443,16436,different,different,match,api_matches_odj,yes,no,
32.76.08.1001,Sukamaju,SUKAMAJU,SUKAMAJU,16415,16475,16415,different,different,match,api_matches_odj,yes,no,
32.76.08.1002,Cilodong,CILODONG,CILODONG,16414,16474,16414,different,different,match,api_matches_odj,yes,no,
32.76.08.1003,Kalibaru,KALIBARU,KALIBARU,16414,16473,16414,different,different,match,api_matches_odj,yes,no,
32.76.08.1004,Kalimulya,KALIMULYA,KALIMULYA,16413,16471,16413,different,different,match,api_matches_odj,yes,no,
32.76.08.1005,Jatimulya,JATIMULYA,JATIMULYA,16413,16472,16413,different,different,match,api_matches_odj,yes,no,
32.76.09.1001,Cinere,CINERE,CINERE,16514,16541,16514,different,different,match,api_matches_odj,yes,no,
32.76.09.1002,Gandul,GANDUL,GANDUL,16512,16544,16512,different,different,match,api_matches_odj,yes,no,
32.76.10.1001,Tapos,TAPOS,TAPOS,16457,16464,16457,different,different,match,api_matches_odj,yes,no,
32.76.10.1002,Leuwinanggung,LEUWINANGGUNG,LEUWINANGGUNG,16456,16463,16456,different,different,match,api_matches_odj,yes,no,
32.76.10.1003,Sukatani,SUKATANI,SUKATANI,16454,16461,16454,different,different,match,api_matches_odj,yes,no,
32.76.10.1004,Sukamaju Baru,SUKAMAJU BARU,SUKAMAJU BARU,16455,16462,16455,different,different,match,api_matches_odj,yes,no,
32.76.10.1005,Jatijajar,JATIJAJAR,JATIJAJAR,16451,16466,16451,different,different,match,api_matches_odj,yes,no,
32.76.10.1006,Cilangkap,CILANGKAP,CILANGKAP,16458,16465,16458,different,different,match,api_matches_odj,yes,no,
32.76.10.1007,Cimpaeun,CIMPAEUN,CIMPAEUN,16459,16467,16459,different,different,match,api_matches_odj,yes,no,
32.76.11.1001,Bojongsari (Bojong Sari / Lama),BOJONGSARI,BOJONGSARI,16516,40354,53362,different,different,different,api_differs_available_sources,yes,yes,API postal code differs from every available source postal code.
32.76.11.1003,Serua,SERUA,SERUA,16517,16523,16517,different,different,match,api_matches_odj,yes,no,
32.76.11.1004,Pondok Petir,PONDOK PETIR,PONDOK PETIR,16517,16524,16517,different,different,match,api_matches_odj,yes,no,
32.76.11.1005,Curug,CURUG,CURUG,16517,16525,16517,different,different,match,api_matches_odj,yes,no,
32.76.11.1006,Duren Mekar,DUREN MEKAR,DUREN MEKAR,16518,16526,16518,different,different,match,api_matches_odj,yes,no,
32.76.11.1007,Duren Seribu,DUREN SERIBU,DUREN SERIBU,16518,16527,16518,different,different,match,api_matches_odj,yes,no,
32.78.04.1003,Indihiang,INDIHIANG,INDIHIANG,46151,46135,46151,different,different,match,api_matches_odj,yes,no,
32.78.04.1004,Sirnagalih,SIRNAGALIH,SIRNAGALIH,46151,46135,46151,different,different,match,api_matches_odj,yes,no,
32.78.04.1005,Parakannyasag,PARAKANNYASAG,PARAKANNYASAG,46151,46136,46151,different,different,match,api_matches_odj,yes,no,
32.78.04.1006,Panyingkiran,PANYINGKIRAN,PANYINGKIRAN,46411,46136,46411,different,different,match,api_matches_odj,yes,no,
32.78.04.1007,Sukamaju Kaler (Sukamajukaler),SUKAMAJU KALER,SUKAMAJU KALER,46151,46137,46151,different,different,match,api_matches_odj,yes,yes,
32.78.04.1008,Sukamaju Kidul (Sukamajukidul),SUKAMAJU KIDUL,SUKAMAJU KIDUL,46151,46137,46151,different,different,match,api_matches_odj,yes,yes,
32.78.05.1001,Kersamenak (Karsamenak),KERSAMENAK,KERSAMENAK,46182,46141,46182,different,different,match,api_matches_odj,yes,yes,
32.78.05.1002,Cilamajang,CILAMAJANG,CILAMAJANG,46182,46143,46182,different,different,match,api_matches_odj,yes,no,
32.78.05.1003,Gunung Tandala (Gunungtandala),GUNUNG TANDALA,GUNUNG TANDALA,46182,46142,46182,different,different,match,api_matches_odj,yes,yes,
32.78.05.1004,Urug,URUG,URUG,46182,46145,46182,different,different,match,api_matches_odj,yes,no,
32.78.05.1005,Tanjung,TANJUNG,TANJUNG,46182,46144,46182,different,different,match,api_matches_odj,yes,no,
32.78.05.1006,Cibeuti,CIBEUTI,CIBEUTI,46182,46143,46182,different,different,match,api_matches_odj,yes,no,
32.78.05.1007,Karanganyar,KARANGANYAR,KARANGANYAR,46182,46144,46182,different,different,match,api_matches_odj,yes,no,
32.78.05.1008,Talagasari,TALAGASARI,TALAGASARI,46182,46142,46182,different,different,match,api_matches_odj,yes,no,
32.78.05.1009,Leuwiliang,LEUWILIANG,LEUWILIANG,46182,46145,46182,different,different,match,api_matches_odj,yes,no,
32.78.05.1010,Gunung Gede (Gununggede),GUNUNG GEDE,GUNUNG GEDE,46182,46142,46182,different,different,match,api_matches_odj,yes,yes,
32.78.06.1005,Setiaratu,SETIARATU,SETIARATU,46196,46116,46196,different,different,match,api_matches_odj,yes,no,
32.78.06.1007,Kersanagara,KERSANAGARA,KERSANAGARA,46196,46116,46196,different,different,match,api_matches_odj,yes,no,
32.78.06.1008,Kota Baru (Kotabaru),KOTA BARU,KOTA BARU,46196,46116,46196,different,different,match,api_matches_odj,yes,yes,
32.78.06.1009,Awipari,AWIPARI,AWIPARI,46196,46116,46196,different,different,match,api_matches_odj,yes,no,
32.78.06.1010,Setianagara,SETIANAGARA,SETIANAGARA,46196,46116,46196,different,different,match,api_matches_odj,yes,no,
32.78.06.1011,Ciherang,CIHERANG,CIHERANG,46416,46116,46416,different,different,match,api_matches_odj,yes,no,
32.78.06.1012,Ciakar,CIAKAR,CIAKAR,46196,46117,46196,different,different,match,api_matches_odj,yes,no,
32.78.06.1013,Margabakti,MARGABAKTI,MARGABAKTI,46196,46117,46196,different,different,match,api_matches_odj,yes,no,
32.78.06.1014,Setiajaya,SETIAJAYA,SETIAJAYA,46196,46116,46196,different,different,match,api_matches_odj,yes,no,
32.78.07.1001,Tamansari,TAMANSARI,TAMANSARI,46191,46146,46196,different,different,different,api_differs_available_sources,yes,no,API postal code differs from every available source postal code.
32.78.07.1002,Mugarsari,MUGARSARI,MUGARSARI,46191,46146,46196,different,different,different,api_differs_available_sources,yes,no,API postal code differs from every available source postal code.
32.78.07.1003,Tamanjaya,TAMANJAYA,TAMANJAYA,46191,46147,46196,different,different,different,api_differs_available_sources,yes,no,API postal code differs from every available source postal code.
32.78.07.1004,Sumelap,SUMELAP,SUMELAP,46191,46147,46196,different,different,different,api_differs_available_sources,yes,no,API postal code differs from every available source postal code.
32.78.07.1005,Setiawargi,SETIAWARGI,SETIAWARGI,46191,46148,46196,different,different,different,api_differs_available_sources,yes,no,API postal code differs from every available source postal code.
32.78.07.1006,Mulyasari,MULYASARI,MULYASARI,46191,46149,46196,different,different,different,api_differs_available_sources,yes,no,API postal code differs from every available source postal code.
32.78.07.1007,Sukahurip,SUKAHURIP,SUKAHURIP,46191,46149,46196,different,different,different,api_differs_available_sources,yes,no,API postal code differs from every available source postal code.
32.78.07.1008,Setiamulya,SETIAMULYA,SETIAMULYA,46191,46148,46196,different,different,different,api_differs_available_sources,yes,no,API postal code differs from every available source postal code.
32.78.08.1001,Mangkubumi,MANGKUBUMI,MANGKUBUMI,46181,46127,46181,different,different,match,api_matches_odj,yes,no,
32.78.08.1002,Cigantang,CIGANTANG,CIGANTANG,46181,46127,46181,different,different,match,api_matches_odj,yes,no,
32.78.08.1003,Karikil,KARIKIL,KARIKIL,46181,46127,46181,different,different,match,api_matches_odj,yes,no,
32.78.08.1004,Linggajaya,LINGGAJAYA,LINGGAJAYA,46181,46128,46181,different,different,match,api_matches_odj,yes,no,
32.78.08.1005,Cipawitra,CIPAWITRA,CIPAWITRA,46181,46128,46181,different,different,match,api_matches_odj,yes,no,
32.78.08.1006,Sambongpari,SAMBONGPARI,SAMBONGPARI,46181,46129,46181,different,different,match,api_matches_odj,yes,no,
32.78.08.1007,Sambongjaya,SAMBONGJAYA,SAMBONGJAYA,46181,46129,46181,different,different,match,api_matches_odj,yes,no,
32.78.08.1008,Cipari,CIPARI,CIPARI,46181,46128,46181,different,different,match,api_matches_odj,yes,no,
32.78.09.1001,Sukamulya,SUKAMULYA,SUKAMULYA,46151,46138,46151,different,different,match,api_matches_odj,yes,no,
32.78.09.1002,Sukarindik,SUKARINDIK,SUKARINDIK,46151,46138,46151,different,different,match,api_matches_odj,yes,no,
32.78.09.1003,Bungursari,BUNGURSARI,BUNGURSARI,46151,46138,46151,different,different,match,api_matches_odj,yes,no,
32.78.09.1004,Sukajaya,SUKAJAYA,SUKAJAYA,46151,46138,46151,different,different,match,api_matches_odj,yes,no,
32.78.09.1005,Cibunigeulis,CIBUNIGEULIS,CIBUNIGEULIS,46151,46139,46151,different,different,match,api_matches_odj,yes,no,
32.78.09.1006,Bantarsari,BANTARSARI,BANTARSARI,46151,46139,46151,different,different,match,api_matches_odj,yes,no,
32.78.09.1007,Sukalaksana,SUKALAKSANA,SUKALAKSANA,46151,46138,46151,different,different,match,api_matches_odj,yes,no,
32.78.10.1001,Sukanagara,SUKANAGARA,SUKANAGARA,46190,46118,46196,different,different,different,api_differs_available_sources,yes,no,API postal code differs from every available source postal code.
32.78.10.1002,Sukamenak,SUKAMENAK,SUKAMENAK,46190,46118,46196,different,different,different,api_differs_available_sources,yes,no,API postal code differs from every available source postal code.
32.78.10.1003,Purbaratu,PURBARATU,PURBARATU,46190,46118,46196,different,different,different,api_differs_available_sources,yes,no,API postal code differs from every available source postal code.
32.78.10.1004,Sukaasih,SUKAASIH,SUKAASIH,46190,46119,46196,different,different,different,api_differs_available_sources,yes,no,API postal code differs from every available source postal code.
32.78.10.1005,Sukajaya,SUKAJAYA,SUKAJAYA,46190,46119,46196,different,different,different,api_differs_available_sources,yes,no,API postal code differs from every available source postal code.
32.78.10.1006,Singkup,SINGKUP,SINGKUP,46190,46119,46196,different,different,different,api_differs_available_sources,yes,no,API postal code differs from every available source postal code.
32.79.01.1001,Banjar,BANJAR,BANJAR,46311,46311,81152,different,match,different,api_matches_diskominfo,yes,no,
32.79.01.1002,Mekarsari,MEKARSARI,MEKARSARI,46321,46317,46321,different,different,match,api_matches_odj,yes,no,
32.79.01.2004,Cibeureum,CIBEUREUM,CIBEUREUM,46313,46314,42252,different,different,different,api_differs_available_sources,yes,no,API postal code differs from every available source postal code.
32.79.01.2007,Jajawar,JAJAWAR,JAJAWAR,46317,46318,46317,different,different,match,api_matches_odj,yes,no,
32.79.02.2003,Mulyasari,MULYASARI,MULYASARI,46335,46328,46335,different,different,match,api_matches_odj,yes,no,
32.79.02.2006,Binangun,BINANGUN,BINANGUN,46316,46322,46316,different,different,match,api_matches_odj,yes,no,
32.79.02.2007,Sukamukti,SUKAMUKTI,SUKAMUKTI,46323,46329,46323,different,different,match,api_matches_odj,yes,no,
32.79.02.2008,Sinartanjung,SINARTANJUNG,SINARTANJUNG,46323,46329,46323,different,different,match,api_matches_odj,yes,no,
32.79.04.1005,Bojongkantong,BOJONGKANTONG,BOJONGKANTONG,46325,46346,46325,different,different,match,api_matches_odj,yes,no,
32.79.04.2001,Langensari,LANGENSARI,LANGENSARI,46324,46341,46324,different,different,match,api_matches_odj,yes,no,
32.79.04.2006,Kujangsari,KUJANGSARI,KUJANGSARI,46324,46345,46324,different,different,match,api_matches_odj,yes,no,
