village_code,province_code,province_name,city_code,city_name,district_code,district_name,village_name,postal_code,postal_code_candidate,candidate_status,candidate_sources,postal_code_diskominfo,postal_code_open_data_jabar,postal_code_kodepos_dev,postal_candidates,verification_status,confidence,review_required,selected_reason,administrative_resolution_applied,former_village_code,source_village_codes,source_ids,source_rows,snapshot,review_case_type,suggested_postal_code,suggestion_basis,unresolved_pattern,district_cluster_id,triplet_cluster_id,affected_rows_if_same_pattern,existing_pos_observation,existing_pos_match,existing_pos_evidence_url,reviewer,review_status,review_decision,reviewed_postal_code,evidence_source_name,evidence_url,evidence_checked_at,evidence_scope,review_notes,second_reviewer,second_review_status
32.01.07.2011,32,JAWA BARAT,32.01,KAB. BOGOR,32.01.07,CILEUNGSI,LIMUSNUNGGAL,,,,,16829,16829,16820,16820;16829,review_required,unresolved,yes,No automatic selection: Kodepos.dev does not corroborate exactly one local source.,no,,diskominfo:32.01.07.2011;open_data_jabar:32.01.07.2011;kodepos_dev:32.01.07.2011,diskominfo_jabar_village_2024_unreviewed;open_data_jabar_postal_2023;kodepos_dev_rest_api,diskominfo:85;open_data_jabar:17440;kodepos_dev:85,2026-08-11,local_government_consensus_api_conflict,16829,Diskominfo and Open Data Jabar agree; Kodepos.dev differs.,government_sources_agree_api_differs,,,1,,,,,pending,,,,,,,,,not_started
32.01.08.2004,32,JAWA BARAT,32.01,KAB. BOGOR,32.01.08,CARIU,KUTAMEKAR,,,,,16846,16846,16840,16840;16846,review_required,unresolved,yes,No automatic selection: Kodepos.dev does not corroborate exactly one local source.,no,,diskominfo:32.01.08.2004;open_data_jabar:32.01.08.2004;kodepos_dev:32.01.08.2004,diskominfo_jabar_village_2024_unreviewed;open_data_jabar_postal_2023;kodepos_dev_rest_api,diskominfo:90;open_data_jabar:17445;kodepos_dev:90,2026-08-11,local_government_consensus_api_conflict,16846,Diskominfo and Open Data Jabar agree; Kodepos.dev differs.,government_sources_agree_api_differs,,,1,,,,,pending,,,,,,,,,not_started
32.01.13.2001,32,JAWA BARAT,32.01,KAB. BOGOR,32.01.13,BOJONG GEDE,BOJONGBARU,,,,,16926,16926,16920,16920;16926,review_required,unresolved,yes,No automatic selection: Kodepos.dev does not corroborate exactly one local source.,no,,diskominfo:32.01.13.2001;open_data_jabar:32.01.13.2001;kodepos_dev:32.01.13.2001,diskominfo_jabar_village_2024_unreviewed;open_data_jabar_postal_2023;kodepos_dev_rest_api,diskominfo:135;open_data_jabar:17497;kodepos_dev:136,2026-08-11,local_government_consensus_api_conflict,16926,Diskominfo and Open Data Jabar agree; Kodepos.dev differs.,government_sources_agree_api_differs,,,1,,,,,pending,,,,,,,,,not_started
32.01.13.2002,32,JAWA BARAT,32.01,KAB. BOGOR,32.01.13,BOJONG GEDE,CIMANGGIS,,,,,16924,16924,16920,16920;16924,review_required,unresolved,yes,No automatic selection: Kodepos.dev does not corroborate exactly one local source.,no,,diskominfo:32.01.13.2002;open_data_jabar:32.01.13.2002;kodepos_dev:32.01.13.2002,diskominfo_jabar_village_2024_unreviewed;open_data_jabar_postal_2023;kodepos_dev_rest_api,diskominfo:136;open_data_jabar:17498;kodepos_dev:137,2026-08-11,local_government_consensus_api_conflict,16924,Diskominfo and Open Data Jabar agree; Kodepos.dev differs.,government_sources_agree_api_differs,,,1,,,,,pending,,,,,,,,,not_started
32.01.13.2003,32,JAWA BARAT,32.01,KAB. BOGOR,32.01.13,BOJONG GEDE,SUSUKAN,,,,,16929,16929,16920,16920;16929,review_required,unresolved,yes,No automatic selection: Kodepos.dev does not corroborate exactly one local source.,no,,diskominfo:32.01.13.2003;open_data_jabar:32.01.13.2003;kodepos_dev:32.01.13.2003,diskominfo_jabar_village_2024_unreviewed;open_data_jabar_postal_2023;kodepos_dev_rest_api,diskominfo:137;open_data_jabar:17499;kodepos_dev:138,2026-08-11,local_government_consensus_api_conflict,16929,Diskominfo and Open Data Jabar agree; Kodepos.dev differs.,government_sources_agree_api_differs,,,1,,,,,pending,,,,,,,,,not_started
32.01.13.2004,32,JAWA BARAT,32.01,KAB. BOGOR,32.01.13,BOJONG GEDE,RAGAJAYA,,,,,16928,16928,16920,16920;16928,review_required,unresolved,yes,No automatic selection: Kodepos.dev does not corroborate exactly one local source.,no,,diskominfo:32.01.13.2004;open_data_jabar:32.01.13.2004;kodepos_dev:32.01.13.2004,diskominfo_jabar_village_2024_unreviewed;open_data_jabar_postal_2023;kodepos_dev_rest_api,diskominfo:138;open_data_jabar:17500;kodepos_dev:139,2026-08-11,local_government_consensus_api_conflict,16928,Diskominfo and Open Data Jabar agree; Kodepos.dev differs.,government_sources_agree_api_differs,,,1,,,,,pending,,,,,,,,,not_started
32.01.13.2006,32,JAWA BARAT,32.01,KAB. BOGOR,32.01.13,BOJONG GEDE,WARINGINJAYA,,,,,16925,16925,16920,16920;16925,review_required,unresolved,yes,No automatic selection: Kodepos.dev does not corroborate exactly one local source.,no,,diskominfo:32.01.13.2006;open_data_jabar:32.01.13.2006;kodepos_dev:32.01.13.2006,diskominfo_jabar_village_2024_unreviewed;open_data_jabar_postal_2023;kodepos_dev_rest_api,diskominfo:140;open_data_jabar:17502;kodepos_dev:141,2026-08-11,local_government_consensus_api_conflict,16925,Diskominfo and Open Data Jabar agree; Kodepos.dev differs.,government_sources_agree_api_differs,,,1,,,,,pending,,,,,,,,,not_started
32.01.13.2008,32,JAWA BARAT,32.01,KAB. BOGOR,32.01.13,BOJONG GEDE,RAWAPANJANG,,,,,16927,16927,16920,16920;16927,review_required,unresolved,yes,No automatic selection: Kodepos.dev does not corroborate exactly one local source.,no,,diskominfo:32.01.13.2008;open_data_jabar:32.01.13.2008;kodepos_dev:32.01.13.2008,diskominfo_jabar_village_2024_unreviewed;open_data_jabar_postal_2023;kodepos_dev_rest_api,diskominfo:142;open_data_jabar:17504;kodepos_dev:142,2026-08-11,local_government_consensus_api_conflict,16927,Diskominfo and Open Data Jabar agree; Kodepos.dev differs.,government_sources_agree_api_differs,,,1,,,,,pending,,,,,,,,,not_started
32.01.14.2009,32,JAWA BARAT,32.01,KAB. BOGOR,32.01.14,LEUWILIANG,CIBEBER I,,,,,16642,16642,16640,16640;16642,review_required,unresolved,yes,No automatic selection: Kodepos.dev does not corroborate exactly one local source.,no,,diskominfo:32.01.14.2009;open_data_jabar:32.01.14.2009;kodepos_dev:32.01.14.2009,diskominfo_jabar_village_2024_unreviewed;open_data_jabar_postal_2023;kodepos_dev_rest_api,diskominfo:152;open_data_jabar:17515;kodepos_dev:152,2026-08-11,local_government_consensus_api_conflict,16642,Diskominfo and Open Data Jabar agree; Kodepos.dev differs.,government_sources_agree_api_differs,,,1,,,,,pending,,,,,,,,,not_started
32.01.14.2010,32,JAWA BARAT,32.01,KAB. BOGOR,32.01.14,LEUWILIANG,CIBEBER II,,,,,16642,16642,16640,16640;16642,review_required,unresolved,yes,No automatic selection: Kodepos.dev does not corroborate exactly one local source.,no,,diskominfo:32.01.14.2010;open_data_jabar:32.01.14.2010;kodepos_dev:32.01.14.2010,diskominfo_jabar_village_2024_unreviewed;open_data_jabar_postal_2023;kodepos_dev_rest_api,diskominfo:153;open_data_jabar:17516;kodepos_dev:153,2026-08-11,local_government_consensus_api_conflict,16642,Diskominfo and Open Data Jabar agree; Kodepos.dev differs.,government_sources_agree_api_differs,,,1,,,,,pending,,,,,,,,,not_started
32.01.16.2005,32,JAWA BARAT,32.01,KAB. BOGOR,32.01.16,CIBUNGBULANG,CIARUTEUN UDIK,,,,,16637,16637,16630,16630;16637,review_required,unresolved,yes,No automatic selection: Kodepos.dev does not corroborate exactly one local source.,no,,diskominfo:32.01.16.2005;open_data_jabar:32.01.16.2005;kodepos_dev:32.01.16.2005,diskominfo_jabar_village_2024_unreviewed;open_data_jabar_postal_2023;kodepos_dev_rest_api,diskominfo:172;open_data_jabar:17537;kodepos_dev:172,2026-08-11,local_government_consensus_api_conflict,16637,Diskominfo and Open Data Jabar agree; Kodepos.dev differs.,government_sources_agree_api_differs,,,1,,,,,pending,,,,,,,,,not_started
32.01.16.2011,32,JAWA BARAT,32.01,KAB. BOGOR,32.01.16,CIBUNGBULANG,CIARUTEUN ILIR,,,,,16637,16637,16630,16630;16637,review_required,unresolved,yes,No automatic selection: Kodepos.dev does not corroborate exactly one local source.,no,,diskominfo:32.01.16.2011;open_data_jabar:32.01.16.2011;kodepos_dev:32.01.16.2011,diskominfo_jabar_village_2024_unreviewed;open_data_jabar_postal_2023;kodepos_dev_rest_api,diskominfo:178;open_data_jabar:17543;kodepos_dev:178,2026-08-11,local_government_consensus_api_conflict,16637,Diskominfo and Open Data Jabar agree; Kodepos.dev differs.,government_sources_agree_api_differs,,,1,,,,,pending,,,,,,,,,not_started
32.01.17.2005,32,JAWA BARAT,32.01,KAB. BOGOR,32.01.17,PAMIJAHAN,GUNUNGBUNDER II,,,,,16697,16697,16812,16697;16812,review_required,unresolved,yes,No automatic selection: Kodepos.dev does not corroborate exactly one local source.,no,,diskominfo:32.01.17.2005;open_data_jabar:32.01.17.2005;kodepos_dev:32.01.17.2005,diskominfo_jabar_village_2024_unreviewed;open_data_jabar_postal_2023;kodepos_dev_rest_api,diskominfo:187;open_data_jabar:17553;kodepos_dev:187,2026-08-11,local_government_consensus_api_conflict,16697,Diskominfo and Open Data Jabar agree; Kodepos.dev differs.,government_sources_agree_api_differs,,,1,,,,,pending,,,,,,,,,not_started
32.01.17.2010,32,JAWA BARAT,32.01,KAB. BOGOR,32.01.17,PAMIJAHAN,GUNUNGBUNDER I,,,,,16810,16810,16812,16810;16812,review_required,unresolved,yes,No automatic selection: Kodepos.dev does not corroborate exactly one local source.,no,,diskominfo:32.01.17.2010;open_data_jabar:32.01.17.2010;kodepos_dev:32.01.17.2010,diskominfo_jabar_village_2024_unreviewed;open_data_jabar_postal_2023;kodepos_dev_rest_api,diskominfo:192;open_data_jabar:17560;kodepos_dev:192,2026-08-11,local_government_consensus_api_conflict,16810,Diskominfo and Open Data Jabar agree; Kodepos.dev differs.,government_sources_agree_api_differs,,,1,,,,,pending,,,,,,,,,not_started
32.01.18.2010,32,JAWA BARAT,32.01,KAB. BOGOR,32.01.18,RUMPIN,TAMANSARI,,,,,16352,16352,16350,16350;16352,review_required,unresolved,yes,No automatic selection: Kodepos.dev does not corroborate exactly one local source.,no,,diskominfo:32.01.18.2010;open_data_jabar:32.01.18.2010;kodepos_dev:32.01.18.2010,diskominfo_jabar_village_2024_unreviewed;open_data_jabar_postal_2023;kodepos_dev_rest_api,diskominfo:207;open_data_jabar:17576;kodepos_dev:207,2026-08-11,local_government_consensus_api_conflict,16352,Diskominfo and Open Data Jabar agree; Kodepos.dev differs.,government_sources_agree_api_differs,,,1,,,,,pending,,,,,,,,,not_started
32.01.18.2011,32,JAWA BARAT,32.01,KAB. BOGOR,32.01.18,RUMPIN,KERTAJAYA,,,,,16353,16353,16350,16350;16353,review_required,unresolved,yes,No automatic selection: Kodepos.dev does not corroborate exactly one local source.,no,,diskominfo:32.01.18.2011;open_data_jabar:32.01.18.2011;kodepos_dev:32.01.18.2011,diskominfo_jabar_village_2024_unreviewed;open_data_jabar_postal_2023;kodepos_dev_rest_api,diskominfo:208;open_data_jabar:17577;kodepos_dev:208,2026-08-11,local_government_consensus_api_conflict,16353,Diskominfo and Open Data Jabar agree; Kodepos.dev differs.,government_sources_agree_api_differs,,,1,,,,,pending,,,,,,,,,not_started
32.01.18.2013,32,JAWA BARAT,32.01,KAB. BOGOR,32.01.18,RUMPIN,MEKARSARI,,,,,16354,16354,16350,16350;16354,review_required,unresolved,yes,No automatic selection: Kodepos.dev does not corroborate exactly one local source.,no,,diskominfo:32.01.18.2013;open_data_jabar:32.01.18.2013;kodepos_dev:32.01.18.2013,diskominfo_jabar_village_2024_unreviewed;open_data_jabar_postal_2023;kodepos_dev_rest_api,diskominfo:210;open_data_jabar:17579;kodepos_dev:210,2026-08-11,local_government_consensus_api_conflict,16354,Diskominfo and Open Data Jabar agree; Kodepos.dev differs.,government_sources_agree_api_differs,,,1,,,,,pending,,,,,,,,,not_started
32.01.19.2014,32,JAWA BARAT,32.01,KAB. BOGOR,32.01.19,JASINGA,TEGALWANGI,,,,,16672,16672,16670,16670;16672,review_required,unresolved,yes,No automatic selection: Kodepos.dev does not corroborate exactly one local source.,no,,diskominfo:32.01.19.2014;open_data_jabar:32.01.19.2014;kodepos_dev:32.01.19.2014,diskominfo_jabar_village_2024_unreviewed;open_data_jabar_postal_2023;kodepos_dev_rest_api,diskominfo:225;open_data_jabar:17596;kodepos_dev:225,2026-08-11,local_government_consensus_api_conflict,16672,Diskominfo and Open Data Jabar agree; Kodepos.dev differs.,government_sources_agree_api_differs,,,1,,,,,pending,,,,,,,,,not_started
32.01.19.2016,32,JAWA BARAT,32.01,KAB. BOGOR,32.01.19,JASINGA,WIRAJAYA,,,,,16673,16673,16670,16670;16673,review_required,unresolved,yes,No automatic selection: Kodepos.dev does not corroborate exactly one local source.,no,,diskominfo:32.01.19.2016;open_data_jabar:32.01.19.2016;kodepos_dev:32.01.19.2016,diskominfo_jabar_village_2024_unreviewed;open_data_jabar_postal_2023;kodepos_dev_rest_api,diskominfo:227;open_data_jabar:17598;kodepos_dev:227,2026-08-11,local_government_consensus_api_conflict,16673,Diskominfo and Open Data Jabar agree; Kodepos.dev differs.,government_sources_agree_api_differs,,,1,,,,,pending,,,,,,,,,not_started
32.01.20.2006,32,JAWA BARAT,32.01,KAB. BOGOR,32.01.20,PARUNG PANJANG,PARUNGPANJANG,,,,,16361,16361,16360,16360;16361,review_required,unresolved,yes,No automatic selection: Kodepos.dev does not corroborate exactly one local source.,no,,diskominfo:32.01.20.2006;open_data_jabar:32.01.20.2006;kodepos_dev:32.01.20.2006,diskominfo_jabar_village_2024_unreviewed;open_data_jabar_postal_2023;kodepos_dev_rest_api,diskominfo:233;open_data_jabar:17605;kodepos_dev:233,2026-08-11,local_government_consensus_api_conflict,16361,Diskominfo and Open Data Jabar agree; Kodepos.dev differs.,government_sources_agree_api_differs,,,1,,,,,pending,,,,,,,,,not_started
32.01.22.2004,32,JAWA BARAT,32.01,KAB. BOGOR,32.01.22,CIGUDEG,BANYURESMI,,,,,16664,16664,16660,16660;16664,review_required,unresolved,yes,No automatic selection: Kodepos.dev does not corroborate exactly one local source.,no,,diskominfo:32.01.22.2004;open_data_jabar:32.01.22.2004;kodepos_dev:32.01.22.2004,diskominfo_jabar_village_2024_unreviewed;open_data_jabar_postal_2023;kodepos_dev_rest_api,diskominfo:253;open_data_jabar:17627;kodepos_dev:253,2026-08-11,local_government_consensus_api_conflict,16664,Diskominfo and Open Data Jabar agree; Kodepos.dev differs.,government_sources_agree_api_differs,,,1,,,,,pending,,,,,,,,,not_started
32.01.22.2009,32,JAWA BARAT,32.01,KAB. BOGOR,32.01.22,CIGUDEG,BATUJAJAR,,,,,16667,16667,16660,16660;16667,review_required,unresolved,yes,No automatic selection: Kodepos.dev does not corroborate exactly one local source.,no,,diskominfo:32.01.22.2009;open_data_jabar:32.01.22.2009;kodepos_dev:32.01.22.2009,diskominfo_jabar_village_2024_unreviewed;open_data_jabar_postal_2023;kodepos_dev_rest_api,diskominfo:258;open_data_jabar:17632;kodepos_dev:258,2026-08-11,local_government_consensus_api_conflict,16667,Diskominfo and Open Data Jabar agree; Kodepos.dev differs.,government_sources_agree_api_differs,,,1,,,,,pending,,,,,,,,,not_started
32.01.22.2012,32,JAWA BARAT,32.01,KAB. BOGOR,32.01.22,CIGUDEG,BANYUWANGI,,,,,16664,16664,16660,16660;16664,review_required,unresolved,yes,No automatic selection: Kodepos.dev does not corroborate exactly one local source.,no,,diskominfo:32.01.22.2012;open_data_jabar:32.01.22.2012;kodepos_dev:32.01.22.2012,diskominfo_jabar_village_2024_unreviewed;open_data_jabar_postal_2023;kodepos_dev_rest_api,diskominfo:261;open_data_jabar:17635;kodepos_dev:261,2026-08-11,local_government_consensus_api_conflict,16664,Diskominfo and Open Data Jabar agree; Kodepos.dev differs.,government_sources_agree_api_differs,,,1,,,,,pending,,,,,,,,,not_started
32.01.22.2013,32,JAWA BARAT,32.01,KAB. BOGOR,32.01.22,CIGUDEG,BANYUASIH,,,,,16664,16664,16660,16660;16664,review_required,unresolved,yes,No automatic selection: Kodepos.dev does not corroborate exactly one local source.,no,,diskominfo:32.01.22.2013;open_data_jabar:32.01.22.2013;kodepos_dev:32.01.22.2013,diskominfo_jabar_village_2024_unreviewed;open_data_jabar_postal_2023;kodepos_dev_rest_api,diskominfo:262;open_data_jabar:17637;kodepos_dev:262,2026-08-11,local_government_consensus_api_conflict,16664,Diskominfo and Open Data Jabar agree; Kodepos.dev differs.,government_sources_agree_api_differs,,,1,,,,,pending,,,,,,,,,not_started
32.01.26.2006,32,JAWA BARAT,32.01,KAB. BOGOR,32.01.26,MEGAMENDUNG,CIPAYUNG DATAR,,,,,16772,16772,16770,16770;16772,review_required,unresolved,yes,No automatic selection: Kodepos.dev does not corroborate exactly one local source.,no,,diskominfo:32.01.26.2006;open_data_jabar:32.01.26.2006;kodepos_dev:32.01.26.2006,diskominfo_jabar_village_2024_unreviewed;open_data_jabar_postal_2023;kodepos_dev_rest_api,diskominfo:302;open_data_jabar:17682;kodepos_dev:302,2026-08-11,local_government_consensus_api_conflict,16772,Diskominfo and Open Data Jabar agree; Kodepos.dev differs.,government_sources_agree_api_differs,,,1,,,,,pending,,,,,,,,,not_started
32.01.27.2009,32,JAWA BARAT,32.01,KAB. BOGOR,32.01.27,CARINGIN,MUARA JAYA,,,,,16739,16739,16730,16730;16739,review_required,unresolved,yes,No automatic selection: Kodepos.dev does not corroborate exactly one local source.,no,,diskominfo:32.01.27.2009;open_data_jabar:32.01.27.2009;kodepos_dev:32.01.27.2009,diskominfo_jabar_village_2024_unreviewed;open_data_jabar_postal_2023;kodepos_dev_rest_api,diskominfo:317;open_data_jabar:17698;kodepos_dev:317,2026-08-11,local_government_consensus_api_conflict,16739,Diskominfo and Open Data Jabar agree; Kodepos.dev differs.,government_sources_agree_api_differs,,,1,,,,,pending,,,,,,,,,not_started
32.01.30.2003,32,JAWA BARAT,32.01,KAB. BOGOR,32.01.30,DRAMAGA,SINARSARI,,,,,16682,16682,16680,16680;16682,review_required,unresolved,yes,No automatic selection: Kodepos.dev does not corroborate exactly one local source.,no,,diskominfo:32.01.30.2003;open_data_jabar:32.01.30.2003;kodepos_dev:32.01.30.2003,diskominfo_jabar_village_2024_unreviewed;open_data_jabar_postal_2023;kodepos_dev_rest_api,diskominfo:343;open_data_jabar:17727;kodepos_dev:343,2026-08-11,local_government_consensus_api_conflict,16682,Diskominfo and Open Data Jabar agree; Kodepos.dev differs.,government_sources_agree_api_differs,,,1,,,,,pending,,,,,,,,,not_started
32.01.31.2002,32,JAWA BARAT,32.01,KAB. BOGOR,32.01.31,TAMANSARI,SIRNAGALIH,,,,,16610,16610,16611,16610;16611,review_required,unresolved,yes,No automatic selection: Kodepos.dev does not corroborate exactly one local source.,no,,diskominfo:32.01.31.2002;open_data_jabar:32.01.31.2002;kodepos_dev:32.01.31.2002,diskominfo_jabar_village_2024_unreviewed;open_data_jabar_postal_2023;kodepos_dev_rest_api,diskominfo:352;open_data_jabar:17737;kodepos_dev:352,2026-08-11,local_government_consensus_api_conflict,16610,Diskominfo and Open Data Jabar agree; Kodepos.dev differs.,government_sources_agree_api_differs,,,1,,,,,pending,,,,,,,,,not_started
32.01.31.2003,32,JAWA BARAT,32.01,KAB. BOGOR,32.01.31,TAMANSARI,PASIREURIH,,,,,16267,16267,16611,16267;16611,review_required,unresolved,yes,No automatic selection: Kodepos.dev does not corroborate exactly one local source.,no,,diskominfo:32.01.31.2003;open_data_jabar:32.01.31.2003;kodepos_dev:32.01.31.2003,diskominfo_jabar_village_2024_unreviewed;open_data_jabar_postal_2023;kodepos_dev_rest_api,diskominfo:353;open_data_jabar:17738;kodepos_dev:353,2026-08-11,local_government_consensus_api_conflict,16267,Diskominfo and Open Data Jabar agree; Kodepos.dev differs.,government_sources_agree_api_differs,,,1,,,,,pending,,,,,,,,,not_started
32.01.31.2004,32,JAWA BARAT,32.01,KAB. BOGOR,32.01.31,TAMANSARI,TAMANSARI,,,,,16261,16261,16611,16261;16611,review_required,unresolved,yes,No automatic selection: Kodepos.dev does not corroborate exactly one local source.,no,,diskominfo:32.01.31.2004;open_data_jabar:32.01.31.2004;kodepos_dev:32.01.31.2004,diskominfo_jabar_village_2024_unreviewed;open_data_jabar_postal_2023;kodepos_dev_rest_api,diskominfo:354;open_data_jabar:17739;kodepos_dev:354,2026-08-11,local_government_consensus_api_conflict,16261,Diskominfo and Open Data Jabar agree; Kodepos.dev differs.,government_sources_agree_api_differs,,,1,,,,,pending,,,,,,,,,not_started
32.01.32.2001,32,JAWA BARAT,32.01,KAB. BOGOR,32.01.32,KLAPANUNGGAL,KLAPANUNGGAL,,,,,16871,16871,16710,16710;16871,review_required,unresolved,yes,No automatic selection: Kodepos.dev does not corroborate exactly one local source.,no,,diskominfo:32.01.32.2001;open_data_jabar:32.01.32.2001;kodepos_dev:32.01.32.2001,diskominfo_jabar_village_2024_unreviewed;open_data_jabar_postal_2023;kodepos_dev_rest_api,diskominfo:359;open_data_jabar:17744;kodepos_dev:359,2026-08-11,local_government_consensus_api_conflict,16871,Diskominfo and Open Data Jabar agree; Kodepos.dev differs.,government_sources_agree_api_differs,,,1,,,,,pending,,,,,,,,,not_started
32.01.32.2003,32,JAWA BARAT,32.01,KAB. BOGOR,32.01.32,KLAPANUNGGAL,NAMBO,,,,,16873,16873,16710,16710;16873,review_required,unresolved,yes,No automatic selection: Kodepos.dev does not corroborate exactly one local source.,no,,diskominfo:32.01.32.2003;open_data_jabar:32.01.32.2003;kodepos_dev:32.01.32.2003,diskominfo_jabar_village_2024_unreviewed;open_data_jabar_postal_2023;kodepos_dev_rest_api,diskominfo:361;open_data_jabar:17746;kodepos_dev:361,2026-08-11,local_government_consensus_api_conflict,16873,Diskominfo and Open Data Jabar agree; Kodepos.dev differs.,government_sources_agree_api_differs,,,1,,,,,pending,,,,,,,,,not_started
32.01.32.2004,32,JAWA BARAT,32.01,KAB. BOGOR,32.01.32,KLAPANUNGGAL,LULUT,,,,,16875,16875,16710,16710;16875,review_required,unresolved,yes,No automatic selection: Kodepos.dev does not corroborate exactly one local source.,no,,diskominfo:32.01.32.2004;open_data_jabar:32.01.32.2004;kodepos_dev:32.01.32.2004,diskominfo_jabar_village_2024_unreviewed;open_data_jabar_postal_2023;kodepos_dev_rest_api,diskominfo:362;open_data_jabar:17748;kodepos_dev:362,2026-08-11,local_government_consensus_api_conflict,16875,Diskominfo and Open Data Jabar agree; Kodepos.dev differs.,government_sources_agree_api_differs,,,1,,,,,pending,,,,,,,,,not_started
32.01.32.2005,32,JAWA BARAT,32.01,KAB. BOGOR,32.01.32,KLAPANUNGGAL,CIKAHURIPAN,,,,,16877,16877,16710,16710;16877,review_required,unresolved,yes,No automatic selection: Kodepos.dev does not corroborate exactly one local source.,no,,diskominfo:32.01.32.2005;open_data_jabar:32.01.32.2005;kodepos_dev:32.01.32.2005,diskominfo_jabar_village_2024_unreviewed;open_data_jabar_postal_2023;kodepos_dev_rest_api,diskominfo:363;open_data_jabar:17749;kodepos_dev:363,2026-08-11,local_government_consensus_api_conflict,16877,Diskominfo and Open Data Jabar agree; Kodepos.dev differs.,government_sources_agree_api_differs,,,1,,,,,pending,,,,,,,,,not_started
32.01.32.2006,32,JAWA BARAT,32.01,KAB. BOGOR,32.01.32,KLAPANUNGGAL,KEMBANG KUNING,,,,,16872,16872,16710,16710;16872,review_required,unresolved,yes,No automatic selection: Kodepos.dev does not corroborate exactly one local source.,no,,diskominfo:32.01.32.2006;open_data_jabar:32.01.32.2006;kodepos_dev:32.01.32.2006,diskominfo_jabar_village_2024_unreviewed;open_data_jabar_postal_2023;kodepos_dev_rest_api,diskominfo:364;open_data_jabar:17750;kodepos_dev:364,2026-08-11,local_government_consensus_api_conflict,16872,Diskominfo and Open Data Jabar agree; Kodepos.dev differs.,government_sources_agree_api_differs,,,1,,,,,pending,,,,,,,,,not_started
32.01.32.2007,32,JAWA BARAT,32.01,KAB. BOGOR,32.01.32,KLAPANUNGGAL,BANTAR JATI,,,,,16874,16874,16710,16710;16874,review_required,unresolved,yes,No automatic selection: Kodepos.dev does not corroborate exactly one local source.,no,,diskominfo:32.01.32.2007;open_data_jabar:32.01.32.2007;kodepos_dev:32.01.32.2007,diskominfo_jabar_village_2024_unreviewed;open_data_jabar_postal_2023;kodepos_dev_rest_api,diskominfo:365;open_data_jabar:17751;kodepos_dev:365,2026-08-11,local_government_consensus_api_conflict,16874,Diskominfo and Open Data Jabar agree; Kodepos.dev differs.,government_sources_agree_api_differs,,,1,,,,,pending,,,,,,,,,not_started
32.01.32.2008,32,JAWA BARAT,32.01,KAB. BOGOR,32.01.32,KLAPANUNGGAL,LEUWIKARET,,,,,16876,16876,16710,16710;16876,review_required,unresolved,yes,No automatic selection: Kodepos.dev does not corroborate exactly one local source.,no,,diskominfo:32.01.32.2008;open_data_jabar:32.01.32.2008;kodepos_dev:32.01.32.2008,diskominfo_jabar_village_2024_unreviewed;open_data_jabar_postal_2023;kodepos_dev_rest_api,diskominfo:366;open_data_jabar:17752;kodepos_dev:366,2026-08-11,local_government_consensus_api_conflict,16876,Diskominfo and Open Data Jabar agree; Kodepos.dev differs.,government_sources_agree_api_differs,,,1,,,,,pending,,,,,,,,,not_started
32.01.32.2009,32,JAWA BARAT,32.01,KAB. BOGOR,32.01.32,KLAPANUNGGAL,LIGARMUKTI,,,,,16879,16879,16710,16710;16879,review_required,unresolved,yes,No automatic selection: Kodepos.dev does not corroborate exactly one local source.,no,,diskominfo:32.01.32.2009;open_data_jabar:32.01.32.2009;kodepos_dev:32.01.32.2009,diskominfo_jabar_village_2024_unreviewed;open_data_jabar_postal_2023;kodepos_dev_rest_api,diskominfo:367;open_data_jabar:17753;kodepos_dev:367,2026-08-11,local_government_consensus_api_conflict,16879,Diskominfo and Open Data Jabar agree; Kodepos.dev differs.,government_sources_agree_api_differs,,,1,,,,,pending,,,,,,,,,not_started
32.01.33.2008,32,JAWA BARAT,32.01,KAB. BOGOR,32.01.33,CISEENG,CIHOE,,,,,16389,16389,16120,16120;16389,review_required,unresolved,yes,No automatic selection: Kodepos.dev does not corroborate exactly one local source.,no,,diskominfo:32.01.33.2008;open_data_jabar:32.01.33.2008;kodepos_dev:32.01.33.2008,diskominfo_jabar_village_2024_unreviewed;open_data_jabar_postal_2023;kodepos_dev_rest_api,diskominfo:375;open_data_jabar:17762;kodepos_dev:375,2026-08-11,local_government_consensus_api_conflict,16389,Diskominfo and Open Data Jabar agree; Kodepos.dev differs.,government_sources_agree_api_differs,,,1,,,,,pending,,,,,,,,,not_started
32.01.34.2001,32,JAWA BARAT,32.01,KAB. BOGOR,32.01.34,RANCA BUNGUR,BANTARJAYA,,,,,16253,16253,16311,16253;16311,review_required,unresolved,yes,No automatic selection: Kodepos.dev does not corroborate exactly one local source.,no,,diskominfo:32.01.34.2001;open_data_jabar:32.01.34.2001;kodepos_dev:32.01.34.2001,diskominfo_jabar_village_2024_unreviewed;open_data_jabar_postal_2023;kodepos_dev_rest_api,diskominfo:378;open_data_jabar:17765;kodepos_dev:378,2026-08-11,local_government_consensus_api_conflict,16253,Diskominfo and Open Data Jabar agree; Kodepos.dev differs.,government_sources_agree_api_differs,,,1,,,,,pending,,,,,,,,,not_started
32.01.34.2002,32,JAWA BARAT,32.01,KAB. BOGOR,32.01.34,RANCA BUNGUR,BANTARSARI,,,,,16254,16254,16311,16254;16311,review_required,unresolved,yes,No automatic selection: Kodepos.dev does not corroborate exactly one local source.,no,,diskominfo:32.01.34.2002;open_data_jabar:32.01.34.2002;kodepos_dev:32.01.34.2002,diskominfo_jabar_village_2024_unreviewed;open_data_jabar_postal_2023;kodepos_dev_rest_api,diskominfo:379;open_data_jabar:17766;kodepos_dev:379,2026-08-11,local_government_consensus_api_conflict,16254,Diskominfo and Open Data Jabar agree; Kodepos.dev differs.,government_sources_agree_api_differs,,,1,,,,,pending,,,,,,,,,not_started
32.01.34.2003,32,JAWA BARAT,32.01,KAB. BOGOR,32.01.34,RANCA BUNGUR,PASIRGAOK,,,,,16252,16252,16311,16252;16311,review_required,unresolved,yes,No automatic selection: Kodepos.dev does not corroborate exactly one local source.,no,,diskominfo:32.01.34.2003;open_data_jabar:32.01.34.2003;kodepos_dev:32.01.34.2003,diskominfo_jabar_village_2024_unreviewed;open_data_jabar_postal_2023;kodepos_dev_rest_api,diskominfo:380;open_data_jabar:17767;kodepos_dev:380,2026-08-11,local_government_consensus_api_conflict,16252,Diskominfo and Open Data Jabar agree; Kodepos.dev differs.,government_sources_agree_api_differs,,,1,,,,,pending,,,,,,,,,not_started
32.01.34.2004,32,JAWA BARAT,32.01,KAB. BOGOR,32.01.34,RANCA BUNGUR,RANCABUNGUR,,,,,16251,16251,16311,16251;16311,review_required,unresolved,yes,No automatic selection: Kodepos.dev does not corroborate exactly one local source.,no,,diskominfo:32.01.34.2004;open_data_jabar:32.01.34.2004;kodepos_dev:32.01.34.2004,diskominfo_jabar_village_2024_unreviewed;open_data_jabar_postal_2023;kodepos_dev_rest_api,diskominfo:381;open_data_jabar:17768;kodepos_dev:381,2026-08-11,local_government_consensus_api_conflict,16251,Diskominfo and Open Data Jabar agree; Kodepos.dev differs.,government_sources_agree_api_differs,,,1,,,,,pending,,,,,,,,,not_started
32.01.34.2005,32,JAWA BARAT,32.01,KAB. BOGOR,32.01.34,RANCA BUNGUR,MEKARSARI,,,,,16256,16256,16311,16256;16311,review_required,unresolved,yes,No automatic selection: Kodepos.dev does not corroborate exactly one local source.,no,,diskominfo:32.01.34.2005;open_data_jabar:32.01.34.2005;kodepos_dev:32.01.34.2005,diskominfo_jabar_village_2024_unreviewed;open_data_jabar_postal_2023;kodepos_dev_rest_api,diskominfo:382;open_data_jabar:17770;kodepos_dev:382,2026-08-11,local_government_consensus_api_conflict,16256,Diskominfo and Open Data Jabar agree; Kodepos.dev differs.,government_sources_agree_api_differs,,,1,,,,,pending,,,,,,,,,not_started
32.01.34.2006,32,JAWA BARAT,32.01,KAB. BOGOR,32.01.34,RANCA BUNGUR,CANDALI,,,,,16255,16255,16311,16255;16311,review_required,unresolved,yes,No automatic selection: Kodepos.dev does not corroborate exactly one local source.,no,,diskominfo:32.01.34.2006;open_data_jabar:32.01.34.2006;kodepos_dev:32.01.34.2006,diskominfo_jabar_village_2024_unreviewed;open_data_jabar_postal_2023;kodepos_dev_rest_api,diskominfo:383;open_data_jabar:17771;kodepos_dev:383,2026-08-11,local_government_consensus_api_conflict,16255,Diskominfo and Open Data Jabar agree; Kodepos.dev differs.,government_sources_agree_api_differs,,,1,,,,,pending,,,,,,,,,not_started
32.01.34.2007,32,JAWA BARAT,32.01,KAB. BOGOR,32.01.34,RANCA BUNGUR,CIMULANG,,,,,16252,16252,16311,16252;16311,review_required,unresolved,yes,No automatic selection: Kodepos.dev does not corroborate exactly one local source.,no,,diskominfo:32.01.34.2007;open_data_jabar:32.01.34.2007;kodepos_dev:32.01.34.2007,diskominfo_jabar_village_2024_unreviewed;open_data_jabar_postal_2023;kodepos_dev_rest_api,diskominfo:384;open_data_jabar:17772;kodepos_dev:384,2026-08-11,local_government_consensus_api_conflict,16252,Diskominfo and Open Data Jabar agree; Kodepos.dev differs.,government_sources_agree_api_differs,,,1,,,,,pending,,,,,,,,,not_started
32.01.35.2004,32,JAWA BARAT,32.01,KAB. BOGOR,32.01.35,SUKAJAYA,SIPAYUNG,,,,,16660,16660,16661,16660;16661,review_required,unresolved,yes,No automatic selection: Kodepos.dev does not corroborate exactly one local source.,no,,diskominfo:32.01.35.2004;open_data_jabar:32.01.35.2004;kodepos_dev:32.01.35.2004,diskominfo_jabar_village_2024_unreviewed;open_data_jabar_postal_2023;kodepos_dev_rest_api,diskominfo:388;open_data_jabar:17776;kodepos_dev:388,2026-08-11,local_government_consensus_api_conflict,16660,Diskominfo and Open Data Jabar agree; Kodepos.dev differs.,government_sources_agree_api_differs,,,1,,,,,pending,,,,,,,,,not_started
32.01.35.2006,32,JAWA BARAT,32.01,KAB. BOGOR,32.01.35,SUKAJAYA,KIARAPANDAK,,,,,16295,16295,16661,16295;16661,review_required,unresolved,yes,No automatic selection: Kodepos.dev does not corroborate exactly one local source.,no,,diskominfo:32.01.35.2006;open_data_jabar:32.01.35.2006;kodepos_dev:32.01.35.2006,diskominfo_jabar_village_2024_unreviewed;open_data_jabar_postal_2023;kodepos_dev_rest_api,diskominfo:390;open_data_jabar:17778;kodepos_dev:390,2026-08-11,local_government_consensus_api_conflict,16295,Diskominfo and Open Data Jabar agree; Kodepos.dev differs.,government_sources_agree_api_differs,,,1,,,,,pending,,,,,,,,,not_started
32.01.36.2001,32,JAWA BARAT,32.01,KAB. BOGOR,32.01.36,TANJUNGSARI,TANJUNGSARI,,,,,16851,16851,16841,16841;16851,review_required,unresolved,yes,No automatic selection: Kodepos.dev does not corroborate exactly one local source.,no,,diskominfo:32.01.36.2001;open_data_jabar:32.01.36.2001;kodepos_dev:32.01.36.2001,diskominfo_jabar_village_2024_unreviewed;open_data_jabar_postal_2023;kodepos_dev_rest_api,diskominfo:396;open_data_jabar:17787;kodepos_dev:396,2026-08-11,local_government_consensus_api_conflict,16851,Diskominfo and Open Data Jabar agree; Kodepos.dev differs.,government_sources_agree_api_differs,,,1,,,,,pending,,,,,,,,,not_started
32.01.36.2003,32,JAWA BARAT,32.01,KAB. BOGOR,32.01.36,TANJUNGSARI,TANJUNGRASA,,,,,16856,16856,16841,16841;16856,review_required,unresolved,yes,No automatic selection: Kodepos.dev does not corroborate exactly one local source.,no,,diskominfo:32.01.36.2003;open_data_jabar:32.01.36.2003;kodepos_dev:32.01.36.2003,diskominfo_jabar_village_2024_unreviewed;open_data_jabar_postal_2023;kodepos_dev_rest_api,diskominfo:398;open_data_jabar:17789;kodepos_dev:398,2026-08-11,local_government_consensus_api_conflict,16856,Diskominfo and Open Data Jabar agree; Kodepos.dev differs.,government_sources_agree_api_differs,,,1,,,,,pending,,,,,,,,,not_started
32.01.37.2001,32,JAWA BARAT,32.01,KAB. BOGOR,32.01.37,TAJURHALANG,TAJURHALANG,,,,,16931,16931,16320,16320;16931,review_required,unresolved,yes,No automatic selection: Kodepos.dev does not corroborate exactly one local source.,no,,diskominfo:32.01.37.2001;open_data_jabar:32.01.37.2001;kodepos_dev:32.01.37.2001,diskominfo_jabar_village_2024_unreviewed;open_data_jabar_postal_2023;kodepos_dev_rest_api,diskominfo:406;open_data_jabar:17798;kodepos_dev:406,2026-08-11,local_government_consensus_api_conflict,16931,Diskominfo and Open Data Jabar agree; Kodepos.dev differs.,government_sources_agree_api_differs,,,1,,,,,pending,,,,,,,,,not_started
32.01.37.2002,32,JAWA BARAT,32.01,KAB. BOGOR,32.01.37,TAJURHALANG,CITAYAM,,,,,16935,16935,16320,16320;16935,review_required,unresolved,yes,No automatic selection: Kodepos.dev does not corroborate exactly one local source.,no,,diskominfo:32.01.37.2002;open_data_jabar:32.01.37.2002;kodepos_dev:32.01.37.2002,diskominfo_jabar_village_2024_unreviewed;open_data_jabar_postal_2023;kodepos_dev_rest_api,diskominfo:407;open_data_jabar:17799;kodepos_dev:407,2026-08-11,local_government_consensus_api_conflict,16935,Diskominfo and Open Data Jabar agree; Kodepos.dev differs.,government_sources_agree_api_differs,,,1,,,,,pending,,,,,,,,,not_started
32.01.37.2003,32,JAWA BARAT,32.01,KAB. BOGOR,32.01.37,TAJURHALANG,SASAK PANJANG,,,,,16936,16936,16320,16320;16936,review_required,unresolved,yes,No automatic selection: Kodepos.dev does not corroborate exactly one local source.,no,,diskominfo:32.01.37.2003;open_data_jabar:32.01.37.2003;kodepos_dev:32.01.37.2003,diskominfo_jabar_village_2024_unreviewed;open_data_jabar_postal_2023;kodepos_dev_rest_api,diskominfo:408;open_data_jabar:17800;kodepos_dev:408,2026-08-11,local_government_consensus_api_conflict,16936,Diskominfo and Open Data Jabar agree; Kodepos.dev differs.,government_sources_agree_api_differs,,,1,,,,,pending,,,,,,,,,not_started
32.01.37.2004,32,JAWA BARAT,32.01,KAB. BOGOR,32.01.37,TAJURHALANG,NANGGERANG,,,,,16934,16934,16320,16320;16934,review_required,unresolved,yes,No automatic selection: Kodepos.dev does not corroborate exactly one local source.,no,,diskominfo:32.01.37.2004;open_data_jabar:32.01.37.2004;kodepos_dev:32.01.37.2004,diskominfo_jabar_village_2024_unreviewed;open_data_jabar_postal_2023;kodepos_dev_rest_api,diskominfo:409;open_data_jabar:17801;kodepos_dev:409,2026-08-11,local_government_consensus_api_conflict,16934,Diskominfo and Open Data Jabar agree; Kodepos.dev differs.,government_sources_agree_api_differs,,,1,,,,,pending,,,,,,,,,not_started
32.01.37.2005,32,JAWA BARAT,32.01,KAB. BOGOR,32.01.37,TAJURHALANG,SUKMAJAYA,,,,,16933,16933,16320,16320;16933,review_required,unresolved,yes,No automatic selection: Kodepos.dev does not corroborate exactly one local source.,no,,diskominfo:32.01.37.2005;open_data_jabar:32.01.37.2005;kodepos_dev:32.01.37.2005,diskominfo_jabar_village_2024_unreviewed;open_data_jabar_postal_2023;kodepos_dev_rest_api,diskominfo:410;open_data_jabar:17802;kodepos_dev:410,2026-08-11,local_government_consensus_api_conflict,16933,Diskominfo and Open Data Jabar agree; Kodepos.dev differs.,government_sources_agree_api_differs,,,1,,,,,pending,,,,,,,,,not_started
32.01.37.2006,32,JAWA BARAT,32.01,KAB. BOGOR,32.01.37,TAJURHALANG,TONJONG,,,,,16932,16932,16320,16320;16932,review_required,unresolved,yes,No automatic selection: Kodepos.dev does not corroborate exactly one local source.,no,,diskominfo:32.01.37.2006;open_data_jabar:32.01.37.2006;kodepos_dev:32.01.37.2006,diskominfo_jabar_village_2024_unreviewed;open_data_jabar_postal_2023;kodepos_dev_rest_api,diskominfo:411;open_data_jabar:17803;kodepos_dev:411,2026-08-11,local_government_consensus_api_conflict,16932,Diskominfo and Open Data Jabar agree; Kodepos.dev differs.,government_sources_agree_api_differs,,,1,,,,,pending,,,,,,,,,not_started
32.01.37.2007,32,JAWA BARAT,32.01,KAB. BOGOR,32.01.37,TAJURHALANG,KALISUREN,,,,,16937,16937,16320,16320;16937,review_required,unresolved,yes,No automatic selection: Kodepos.dev does not corroborate exactly one local source.,no,,diskominfo:32.01.37.2007;open_data_jabar:32.01.37.2007;kodepos_dev:32.01.37.2007,diskominfo_jabar_village_2024_unreviewed;open_data_jabar_postal_2023;kodepos_dev_rest_api,diskominfo:412;open_data_jabar:17805;kodepos_dev:412,2026-08-11,local_government_consensus_api_conflict,16937,Diskominfo and Open Data Jabar agree; Kodepos.dev differs.,government_sources_agree_api_differs,,,1,,,,,pending,,,,,,,,,not_started
32.01.38.2006,32,JAWA BARAT,32.01,KAB. BOGOR,32.01.38,CIGOMBONG,TUGUJAYA,,,,,16749,16749,16110,16110;16749,review_required,unresolved,yes,No automatic selection: Kodepos.dev does not corroborate exactly one local source.,no,,diskominfo:32.01.38.2006;open_data_jabar:32.01.38.2006;kodepos_dev:32.01.38.2006,diskominfo_jabar_village_2024_unreviewed;open_data_jabar_postal_2023;kodepos_dev_rest_api,diskominfo:418;open_data_jabar:17811;kodepos_dev:418,2026-08-11,local_government_consensus_api_conflict,16749,Diskominfo and Open Data Jabar agree; Kodepos.dev differs.,government_sources_agree_api_differs,,,1,,,,,pending,,,,,,,,,not_started
32.01.38.2007,32,JAWA BARAT,32.01,KAB. BOGOR,32.01.38,CIGOMBONG,PASIRJAYA,,,,,16747,16747,16110,16110;16747,review_required,unresolved,yes,No automatic selection: Kodepos.dev does not corroborate exactly one local source.,no,,diskominfo:32.01.38.2007;open_data_jabar:32.01.38.2007;kodepos_dev:32.01.38.2007,diskominfo_jabar_village_2024_unreviewed;open_data_jabar_postal_2023;kodepos_dev_rest_api,diskominfo:419;open_data_jabar:17812;kodepos_dev:419,2026-08-11,local_government_consensus_api_conflict,16747,Diskominfo and Open Data Jabar agree; Kodepos.dev differs.,government_sources_agree_api_differs,,,1,,,,,pending,,,,,,,,,not_started
32.01.39.2005,32,JAWA BARAT,32.01,KAB. BOGOR,32.01.39,LEUWISADENG,KALONG I,,,,,16286,16286,16641,16286;16641,review_required,unresolved,yes,No automatic selection: Kodepos.dev does not corroborate exactly one local source.,no,,diskominfo:32.01.39.2005;open_data_jabar:32.01.39.2005;kodepos_dev:32.01.39.2005,diskominfo_jabar_village_2024_unreviewed;open_data_jabar_postal_2023;kodepos_dev_rest_api,diskominfo:426;open_data_jabar:17820;kodepos_dev:426,2026-08-11,local_government_consensus_api_conflict,16286,Diskominfo and Open Data Jabar agree; Kodepos.dev differs.,government_sources_agree_api_differs,,,1,,,,,pending,,,,,,,,,not_started
32.01.39.2006,32,JAWA BARAT,32.01,KAB. BOGOR,32.01.39,LEUWISADENG,KALONG II,,,,,16287,16287,16641,16287;16641,review_required,unresolved,yes,No automatic selection: Kodepos.dev does not corroborate exactly one local source.,no,,diskominfo:32.01.39.2006;open_data_jabar:32.01.39.2006;kodepos_dev:32.01.39.2006,diskominfo_jabar_village_2024_unreviewed;open_data_jabar_postal_2023;kodepos_dev_rest_api,diskominfo:427;open_data_jabar:17821;kodepos_dev:427,2026-08-11,local_government_consensus_api_conflict,16287,Diskominfo and Open Data Jabar agree; Kodepos.dev differs.,government_sources_agree_api_differs,,,1,,,,,pending,,,,,,,,,not_started
32.01.40.2007,32,JAWA BARAT,32.01,KAB. BOGOR,32.01.40,TENJOLAYA,GUNUNG MULYA,,,,,16273,16273,16371,16273;16371,review_required,unresolved,yes,No automatic selection: Kodepos.dev does not corroborate exactly one local source.,no,,diskominfo:32.01.40.2007;open_data_jabar:32.01.40.2007;kodepos_dev:32.01.40.2007,diskominfo_jabar_village_2024_unreviewed;open_data_jabar_postal_2023;kodepos_dev_rest_api,diskominfo:436;open_data_jabar:17831;kodepos_dev:436,2026-08-11,local_government_consensus_api_conflict,16273,Diskominfo and Open Data Jabar agree; Kodepos.dev differs.,government_sources_agree_api_differs,,,1,,,,,pending,,,,,,,,,not_started
32.02.01.2002,32,JAWA BARAT,32.02,KAB. SUKABUMI,32.02.01,PALABUHANRATU,TONJONG,,,,,43318,43318,43364,43318;43364,review_required,unresolved,yes,No automatic selection: Kodepos.dev does not corroborate exactly one local source.,no,,diskominfo:32.02.01.2002;open_data_jabar:32.02.01.2002;kodepos_dev:32.02.01.2002,diskominfo_jabar_village_2024_unreviewed;open_data_jabar_postal_2023;kodepos_dev_rest_api,diskominfo:438;open_data_jabar:17833;kodepos_dev:438,2026-08-11,local_government_consensus_api_conflict,43318,Diskominfo and Open Data Jabar agree; Kodepos.dev differs.,government_sources_agree_api_differs,,,1,,,,,pending,,,,,,,,,not_started
32.02.01.2003,32,JAWA BARAT,32.02,KAB. SUKABUMI,32.02.01,PALABUHANRATU,CITEPUS,,,,,43313,43313,43364,43313;43364,review_required,unresolved,yes,No automatic selection: Kodepos.dev does not corroborate exactly one local source.,no,,diskominfo:32.02.01.2003;open_data_jabar:32.02.01.2003;kodepos_dev:32.02.01.2003,diskominfo_jabar_village_2024_unreviewed;open_data_jabar_postal_2023;kodepos_dev_rest_api,diskominfo:439;open_data_jabar:17834;kodepos_dev:439,2026-08-11,local_government_consensus_api_conflict,43313,Diskominfo and Open Data Jabar agree; Kodepos.dev differs.,government_sources_agree_api_differs,,,1,,,,,pending,,,,,,,,,not_started
32.02.01.2004,32,JAWA BARAT,32.02,KAB. SUKABUMI,32.02.01,PALABUHANRATU,BUNIWANGI,,,,,43314,43314,43364,43314;43364,review_required,unresolved,yes,No automatic selection: Kodepos.dev does not corroborate exactly one local source.,no,,diskominfo:32.02.01.2004;open_data_jabar:32.02.01.2004;kodepos_dev:32.02.01.2004,diskominfo_jabar_village_2024_unreviewed;open_data_jabar_postal_2023;kodepos_dev_rest_api,diskominfo:440;open_data_jabar:17835;kodepos_dev:440,2026-08-11,local_government_consensus_api_conflict,43314,Diskominfo and Open Data Jabar agree; Kodepos.dev differs.,government_sources_agree_api_differs,,,1,,,,,pending,,,,,,,,,not_started
32.02.01.2006,32,JAWA BARAT,32.02,KAB. SUKABUMI,32.02.01,PALABUHANRATU,PASIRSUREN,,,,,43317,43317,43364,43317;43364,review_required,unresolved,yes,No automatic selection: Kodepos.dev does not corroborate exactly one local source.,no,,diskominfo:32.02.01.2006;open_data_jabar:32.02.01.2006;kodepos_dev:32.02.01.2006,diskominfo_jabar_village_2024_unreviewed;open_data_jabar_postal_2023;kodepos_dev_rest_api,diskominfo:442;open_data_jabar:17838;kodepos_dev:442,2026-08-11,local_government_consensus_api_conflict,43317,Diskominfo and Open Data Jabar agree; Kodepos.dev differs.,government_sources_agree_api_differs,,,1,,,,,pending,,,,,,,,,not_started
32.02.01.2008,32,JAWA BARAT,32.02,KAB. SUKABUMI,32.02.01,PALABUHANRATU,CITARIK,,,,,43312,43312,43364,43312;43364,review_required,unresolved,yes,No automatic selection: Kodepos.dev does not corroborate exactly one local source.,no,,diskominfo:32.02.01.2008;open_data_jabar:32.02.01.2008;kodepos_dev:32.02.01.2008,diskominfo_jabar_village_2024_unreviewed;open_data_jabar_postal_2023;kodepos_dev_rest_api,diskominfo:444;open_data_jabar:17840;kodepos_dev:444,2026-08-11,local_government_consensus_api_conflict,43312,Diskominfo and Open Data Jabar agree; Kodepos.dev differs.,government_sources_agree_api_differs,,,1,,,,,pending,,,,,,,,,not_started
32.02.12.2003,32,JAWA BARAT,32.02,KAB. SUKABUMI,32.02.12,NAGRAK,NAGRAK UTARA,,,,,43356,43356,43352,43352;43356,review_required,unresolved,yes,No automatic selection: Kodepos.dev does not corroborate exactly one local source.,no,,diskominfo:32.02.12.2003;open_data_jabar:32.02.12.2003;kodepos_dev:32.02.12.2003,diskominfo_jabar_village_2024_unreviewed;open_data_jabar_postal_2023;kodepos_dev_rest_api,diskominfo:545;open_data_jabar:17952;kodepos_dev:545,2026-08-11,local_government_consensus_api_conflict,43356,Diskominfo and Open Data Jabar agree; Kodepos.dev differs.,government_sources_agree_api_differs,,,1,,,,,pending,,,,,,,,,not_started
32.02.12.2004,32,JAWA BARAT,32.02,KAB. SUKABUMI,32.02.12,NAGRAK,CISARUA,,,,,43356,43356,43352,43352;43356,review_required,unresolved,yes,No automatic selection: Kodepos.dev does not corroborate exactly one local source.,no,,diskominfo:32.02.12.2004;open_data_jabar:32.02.12.2004;kodepos_dev:32.02.12.2004,diskominfo_jabar_village_2024_unreviewed;open_data_jabar_postal_2023;kodepos_dev_rest_api,diskominfo:546;open_data_jabar:17953;kodepos_dev:546,2026-08-11,local_government_consensus_api_conflict,43356,Diskominfo and Open Data Jabar agree; Kodepos.dev differs.,government_sources_agree_api_differs,,,1,,,,,pending,,,,,,,,,not_started
32.02.12.2009,32,JAWA BARAT,32.02,KAB. SUKABUMI,32.02.12,NAGRAK,BALEKAMBANG,,,,,43356,43356,43352,43352;43356,review_required,unresolved,yes,No automatic selection: Kodepos.dev does not corroborate exactly one local source.,no,,diskominfo:32.02.12.2009;open_data_jabar:32.02.12.2009;kodepos_dev:32.02.12.2009,diskominfo_jabar_village_2024_unreviewed;open_data_jabar_postal_2023;kodepos_dev_rest_api,diskominfo:547;open_data_jabar:17954;kodepos_dev:547,2026-08-11,local_government_consensus_api_conflict,43356,Diskominfo and Open Data Jabar agree; Kodepos.dev differs.,government_sources_agree_api_differs,,,1,,,,,pending,,,,,,,,,not_started
32.02.12.2013,32,JAWA BARAT,32.02,KAB. SUKABUMI,32.02.12,NAGRAK,NAGRAK SELATAN,,,,,43356,43356,43352,43352;43356,review_required,unresolved,yes,No automatic selection: Kodepos.dev does not corroborate exactly one local source.,no,,diskominfo:32.02.12.2013;open_data_jabar:32.02.12.2013;kodepos_dev:32.02.12.2013,diskominfo_jabar_village_2024_unreviewed;open_data_jabar_postal_2023;kodepos_dev_rest_api,diskominfo:551;open_data_jabar:17958;kodepos_dev:551,2026-08-11,local_government_consensus_api_conflict,43356,Diskominfo and Open Data Jabar agree; Kodepos.dev differs.,government_sources_agree_api_differs,,,1,,,,,pending,,,,,,,,,not_started
32.02.24.1013,32,JAWA BARAT,32.02,KAB. SUKABUMI,32.02.24,SURADE,SURADE,,,,,43379,43379,43179,43179;43379,review_required,unresolved,yes,No automatic selection: Kodepos.dev does not corroborate exactly one local source.,no,,diskominfo:32.02.24.1013;open_data_jabar:32.02.24.1013;kodepos_dev:32.02.24.1013,diskominfo_jabar_village_2024_unreviewed;open_data_jabar_postal_2023;kodepos_dev_rest_api,diskominfo:650;open_data_jabar:18056;kodepos_dev:639,2026-08-11,local_government_consensus_api_conflict,43379,Diskominfo and Open Data Jabar agree; Kodepos.dev differs.,government_sources_agree_api_differs,,,1,,,,,pending,,,,,,,,,not_started
32.02.26.2007,32,JAWA BARAT,32.02,KAB. SUKABUMI,32.02.26,CIRACAP,UJUNG GENTENG,,,,,43376,43376,43176,43176;43376,review_required,unresolved,yes,No automatic selection: Kodepos.dev does not corroborate exactly one local source.,no,,diskominfo:32.02.26.2007;open_data_jabar:32.02.26.2007;kodepos_dev:32.02.26.2007,diskominfo_jabar_village_2024_unreviewed;open_data_jabar_postal_2023;kodepos_dev_rest_api,diskominfo:663;open_data_jabar:18083;kodepos_dev:663,2026-08-11,local_government_consensus_api_conflict,43376,Diskominfo and Open Data Jabar agree; Kodepos.dev differs.,government_sources_agree_api_differs,,,1,,,,,pending,,,,,,,,,not_started
32.02.26.2008,32,JAWA BARAT,32.02,KAB. SUKABUMI,32.02.26,CIRACAP,PANGUMBAHAN,,,,,43376,43376,43176,43176;43376,review_required,unresolved,yes,No automatic selection: Kodepos.dev does not corroborate exactly one local source.,no,,diskominfo:32.02.26.2008;open_data_jabar:32.02.26.2008;kodepos_dev:32.02.26.2008,diskominfo_jabar_village_2024_unreviewed;open_data_jabar_postal_2023;kodepos_dev_rest_api,diskominfo:664;open_data_jabar:18084;kodepos_dev:664,2026-08-11,local_government_consensus_api_conflict,43376,Diskominfo and Open Data Jabar agree; Kodepos.dev differs.,government_sources_agree_api_differs,,,1,,,,,pending,,,,,,,,,not_started
32.02.27.2001,32,JAWA BARAT,32.02,KAB. SUKABUMI,32.02.27,GUNUNGGURUH,CIKUJANG,,,,,43346,43346,43156,43156;43346,review_required,unresolved,yes,No automatic selection: Kodepos.dev does not corroborate exactly one local source.,no,,diskominfo:32.02.27.2001;open_data_jabar:32.02.27.2001;kodepos_dev:32.02.27.2001,diskominfo_jabar_village_2024_unreviewed;open_data_jabar_postal_2023;kodepos_dev_rest_api,diskominfo:665;open_data_jabar:18085;kodepos_dev:665,2026-08-11,local_government_consensus_api_conflict,43346,Diskominfo and Open Data Jabar agree; Kodepos.dev differs.,government_sources_agree_api_differs,,,1,,,,,pending,,,,,,,,,not_started
32.02.27.2002,32,JAWA BARAT,32.02,KAB. SUKABUMI,32.02.27,GUNUNGGURUH,GUNUNGGURUH,,,,,43346,43346,43156,43156;43346,review_required,unresolved,yes,No automatic selection: Kodepos.dev does not corroborate exactly one local source.,no,,diskominfo:32.02.27.2002;open_data_jabar:32.02.27.2002;kodepos_dev:32.02.27.2002,diskominfo_jabar_village_2024_unreviewed;open_data_jabar_postal_2023;kodepos_dev_rest_api,diskominfo:666;open_data_jabar:18086;kodepos_dev:666,2026-08-11,local_government_consensus_api_conflict,43346,Diskominfo and Open Data Jabar agree; Kodepos.dev differs.,government_sources_agree_api_differs,,,1,,,,,pending,,,,,,,,,not_started
32.02.27.2003,32,JAWA BARAT,32.02,KAB. SUKABUMI,32.02.27,GUNUNGGURUH,CIBENTANG,,,,,43346,43346,43156,43156;43346,review_required,unresolved,yes,No automatic selection: Kodepos.dev does not corroborate exactly one local source.,no,,diskominfo:32.02.27.2003;open_data_jabar:32.02.27.2003;kodepos_dev:32.02.27.2003,diskominfo_jabar_village_2024_unreviewed;open_data_jabar_postal_2023;kodepos_dev_rest_api,diskominfo:667;open_data_jabar:18087;kodepos_dev:667,2026-08-11,local_government_consensus_api_conflict,43346,Diskominfo and Open Data Jabar agree; Kodepos.dev differs.,government_sources_agree_api_differs,,,1,,,,,pending,,,,,,,,,not_started
32.02.27.2004,32,JAWA BARAT,32.02,KAB. SUKABUMI,32.02.27,GUNUNGGURUH,SIRNARESMI,,,,,43346,43346,43156,43156;43346,review_required,unresolved,yes,No automatic selection: Kodepos.dev does not corroborate exactly one local source.,no,,diskominfo:32.02.27.2004;open_data_jabar:32.02.27.2004;kodepos_dev:32.02.27.2004,diskominfo_jabar_village_2024_unreviewed;open_data_jabar_postal_2023;kodepos_dev_rest_api,diskominfo:668;open_data_jabar:18088;kodepos_dev:668,2026-08-11,local_government_consensus_api_conflict,43346,Diskominfo and Open Data Jabar agree; Kodepos.dev differs.,government_sources_agree_api_differs,,,1,,,,,pending,,,,,,,,,not_started
32.02.27.2005,32,JAWA BARAT,32.02,KAB. SUKABUMI,32.02.27,GUNUNGGURUH,KEBONMANGGU,,,,,43346,43346,43156,43156;43346,review_required,unresolved,yes,No automatic selection: Kodepos.dev does not corroborate exactly one local source.,no,,diskominfo:32.02.27.2005;open_data_jabar:32.02.27.2005;kodepos_dev:32.02.27.2005,diskominfo_jabar_village_2024_unreviewed;open_data_jabar_postal_2023;kodepos_dev_rest_api,diskominfo:669;open_data_jabar:18089;kodepos_dev:669,2026-08-11,local_government_consensus_api_conflict,43346,Diskominfo and Open Data Jabar agree; Kodepos.dev differs.,government_sources_agree_api_differs,,,1,,,,,pending,,,,,,,,,not_started
32.02.27.2006,32,JAWA BARAT,32.02,KAB. SUKABUMI,32.02.27,GUNUNGGURUH,CIBOLANG,,,,,43346,43346,43156,43156;43346,review_required,unresolved,yes,No automatic selection: Kodepos.dev does not corroborate exactly one local source.,no,,diskominfo:32.02.27.2006;open_data_jabar:32.02.27.2006;kodepos_dev:32.02.27.2006,diskominfo_jabar_village_2024_unreviewed;open_data_jabar_postal_2023;kodepos_dev_rest_api,diskominfo:670;open_data_jabar:18090;kodepos_dev:670,2026-08-11,local_government_consensus_api_conflict,43346,Diskominfo and Open Data Jabar agree; Kodepos.dev differs.,government_sources_agree_api_differs,,,1,,,,,pending,,,,,,,,,not_started
32.02.27.2007,32,JAWA BARAT,32.02,KAB. SUKABUMI,32.02.27,GUNUNGGURUH,MANGKALAYA,,,,,43346,43346,43156,43156;43346,review_required,unresolved,yes,No automatic selection: Kodepos.dev does not corroborate exactly one local source.,no,,diskominfo:32.02.27.2007;open_data_jabar:32.02.27.2007;kodepos_dev:32.02.27.2007,diskominfo_jabar_village_2024_unreviewed;open_data_jabar_postal_2023;kodepos_dev_rest_api,diskominfo:671;open_data_jabar:18091;kodepos_dev:671,2026-08-11,local_government_consensus_api_conflict,43346,Diskominfo and Open Data Jabar agree; Kodepos.dev differs.,government_sources_agree_api_differs,,,1,,,,,pending,,,,,,,,,not_started
32.02.32.2006,32,JAWA BARAT,32.02,KAB. SUKABUMI,32.02.32,SUKABUMI,PERBAWATI,,,,,43341,43341,43151,43151;43341,review_required,unresolved,yes,No automatic selection: Kodepos.dev does not corroborate exactly one local source.,no,,diskominfo:32.02.32.2006;open_data_jabar:32.02.32.2006;kodepos_dev:32.02.32.2006,diskominfo_jabar_village_2024_unreviewed;open_data_jabar_postal_2023;kodepos_dev_rest_api,diskominfo:716;open_data_jabar:18142;kodepos_dev:716,2026-08-11,local_government_consensus_api_conflict,43341,Diskominfo and Open Data Jabar agree; Kodepos.dev differs.,government_sources_agree_api_differs,,,1,,,,,pending,,,,,,,,,not_started
32.02.45.2008,32,JAWA BARAT,32.02,KAB. SUKABUMI,32.02.45,TEGALBULEUD,SIRNAMEKAR,,,,,43386,43386,43186,43186;43386,review_required,unresolved,yes,No automatic selection: Kodepos.dev does not corroborate exactly one local source.,no,,diskominfo:32.02.45.2008;open_data_jabar:32.02.45.2008;kodepos_dev:32.02.45.2008,diskominfo_jabar_village_2024_unreviewed;open_data_jabar_postal_2023;kodepos_dev_rest_api,diskominfo:810;open_data_jabar:18246;kodepos_dev:810,2026-08-11,local_government_consensus_api_conflict,43386,Diskominfo and Open Data Jabar agree; Kodepos.dev differs.,government_sources_agree_api_differs,,,1,,,,,pending,,,,,,,,,not_started
32.03.01.2005,32,JAWA BARAT,32.03,KAB. CIANJUR,32.03.01,CIANJUR,LIMBANGANSARI,,,,,43218,43218,43211,43211;43218,review_required,unresolved,yes,No automatic selection: Kodepos.dev does not corroborate exactly one local source.,no,,diskominfo:32.03.01.2005;open_data_jabar:32.03.01.2005;kodepos_dev:32.03.01.2005,diskominfo_jabar_village_2024_unreviewed;open_data_jabar_postal_2023;kodepos_dev_rest_api,diskominfo:827;open_data_jabar:18272;kodepos_dev:833,2026-08-11,local_government_consensus_api_conflict,43218,Diskominfo and Open Data Jabar agree; Kodepos.dev differs.,government_sources_agree_api_differs,,,1,,,,,pending,,,,,,,,,not_started
32.03.02.2002,32,JAWA BARAT,32.03,KAB. CIANJUR,32.03.02,WARUNGKONDANG,JAMBUDIPA,,,,,43261,43261,43260,43260;43261,review_required,unresolved,yes,No automatic selection: Kodepos.dev does not corroborate exactly one local source.,no,,diskominfo:32.03.02.2002;open_data_jabar:32.03.02.2002;kodepos_dev:32.03.02.2002,diskominfo_jabar_village_2024_unreviewed;open_data_jabar_postal_2023;kodepos_dev_rest_api,diskominfo:834;open_data_jabar:18273;kodepos_dev:834,2026-08-11,local_government_consensus_api_conflict,43261,Diskominfo and Open Data Jabar agree; Kodepos.dev differs.,government_sources_agree_api_differs,,,1,,,,,pending,,,,,,,,,not_started
32.03.02.2006,32,JAWA BARAT,32.03,KAB. CIANJUR,32.03.02,WARUNGKONDANG,CISARANDI,,,,,43261,43261,43260,43260;43261,review_required,unresolved,yes,No automatic selection: Kodepos.dev does not corroborate exactly one local source.,no,,diskominfo:32.03.02.2006;open_data_jabar:32.03.02.2006;kodepos_dev:32.03.02.2006,diskominfo_jabar_village_2024_unreviewed;open_data_jabar_postal_2023;kodepos_dev_rest_api,diskominfo:835;open_data_jabar:18274;kodepos_dev:835,2026-08-11,local_government_consensus_api_conflict,43261,Diskominfo and Open Data Jabar agree; Kodepos.dev differs.,government_sources_agree_api_differs,,,1,,,,,pending,,,,,,,,,not_started
32.03.02.2007,32,JAWA BARAT,32.03,KAB. CIANJUR,32.03.02,WARUNGKONDANG,CIKAROYA,,,,,43261,43261,43260,43260;43261,review_required,unresolved,yes,No automatic selection: Kodepos.dev does not corroborate exactly one local source.,no,,diskominfo:32.03.02.2007;open_data_jabar:32.03.02.2007;kodepos_dev:32.03.02.2007,diskominfo_jabar_village_2024_unreviewed;open_data_jabar_postal_2023;kodepos_dev_rest_api,diskominfo:836;open_data_jabar:18275;kodepos_dev:836,2026-08-11,local_government_consensus_api_conflict,43261,Diskominfo and Open Data Jabar agree; Kodepos.dev differs.,government_sources_agree_api_differs,,,1,,,,,pending,,,,,,,,,not_started
32.03.02.2008,32,JAWA BARAT,32.03,KAB. CIANJUR,32.03.02,WARUNGKONDANG,BUNIKASIH,,,,,43261,43261,43260,43260;43261,review_required,unresolved,yes,No automatic selection: Kodepos.dev does not corroborate exactly one local source.,no,,diskominfo:32.03.02.2008;open_data_jabar:32.03.02.2008;kodepos_dev:32.03.02.2008,diskominfo_jabar_village_2024_unreviewed;open_data_jabar_postal_2023;kodepos_dev_rest_api,diskominfo:837;open_data_jabar:18276;kodepos_dev:837,2026-08-11,local_government_consensus_api_conflict,43261,Diskominfo and Open Data Jabar agree; Kodepos.dev differs.,government_sources_agree_api_differs,,,1,,,,,pending,,,,,,,,,not_started
32.03.02.2009,32,JAWA BARAT,32.03,KAB. CIANJUR,32.03.02,WARUNGKONDANG,CIWALEN,,,,,43261,43261,43260,43260;43261,review_required,unresolved,yes,No automatic selection: Kodepos.dev does not corroborate exactly one local source.,no,,diskominfo:32.03.02.2009;open_data_jabar:32.03.02.2009;kodepos_dev:32.03.02.2009,diskominfo_jabar_village_2024_unreviewed;open_data_jabar_postal_2023;kodepos_dev_rest_api,diskominfo:838;open_data_jabar:18277;kodepos_dev:838,2026-08-11,local_government_consensus_api_conflict,43261,Diskominfo and Open Data Jabar agree; Kodepos.dev differs.,government_sources_agree_api_differs,,,1,,,,,pending,,,,,,,,,not_started
32.03.02.2010,32,JAWA BARAT,32.03,KAB. CIANJUR,32.03.02,WARUNGKONDANG,TEGALLEGA,,,,,43261,43261,43260,43260;43261,review_required,unresolved,yes,No automatic selection: Kodepos.dev does not corroborate exactly one local source.,no,,diskominfo:32.03.02.2010;open_data_jabar:32.03.02.2010;kodepos_dev:32.03.02.2010,diskominfo_jabar_village_2024_unreviewed;open_data_jabar_postal_2023;kodepos_dev_rest_api,diskominfo:839;open_data_jabar:18278;kodepos_dev:839,2026-08-11,local_government_consensus_api_conflict,43261,Diskominfo and Open Data Jabar agree; Kodepos.dev differs.,government_sources_agree_api_differs,,,1,,,,,pending,,,,,,,,,not_started
32.03.02.2011,32,JAWA BARAT,32.03,KAB. CIANJUR,32.03.02,WARUNGKONDANG,SUKAWANGI,,,,,43261,43261,43260,43260;43261,review_required,unresolved,yes,No automatic selection: Kodepos.dev does not corroborate exactly one local source.,no,,diskominfo:32.03.02.2011;open_data_jabar:32.03.02.2011;kodepos_dev:32.03.02.2011,diskominfo_jabar_village_2024_unreviewed;open_data_jabar_postal_2023;kodepos_dev_rest_api,diskominfo:840;open_data_jabar:18279;kodepos_dev:840,2026-08-11,local_government_consensus_api_conflict,43261,Diskominfo and Open Data Jabar agree; Kodepos.dev differs.,government_sources_agree_api_differs,,,1,,,,,pending,,,,,,,,,not_started
32.03.02.2014,32,JAWA BARAT,32.03,KAB. CIANJUR,32.03.02,WARUNGKONDANG,BUNISARI,,,,,43261,43261,43260,43260;43261,review_required,unresolved,yes,No automatic selection: Kodepos.dev does not corroborate exactly one local source.,no,,diskominfo:32.03.02.2014;open_data_jabar:32.03.02.2014;kodepos_dev:32.03.02.2014,diskominfo_jabar_village_2024_unreviewed;open_data_jabar_postal_2023;kodepos_dev_rest_api,diskominfo:841;open_data_jabar:18280;kodepos_dev:841,2026-08-11,local_government_consensus_api_conflict,43261,Diskominfo and Open Data Jabar agree; Kodepos.dev differs.,government_sources_agree_api_differs,,,1,,,,,pending,,,,,,,,,not_started
32.03.02.2016,32,JAWA BARAT,32.03,KAB. CIANJUR,32.03.02,WARUNGKONDANG,SUKAMULYA,,,,,43261,43261,43260,43260;43261,review_required,unresolved,yes,No automatic selection: Kodepos.dev does not corroborate exactly one local source.,no,,diskominfo:32.03.02.2016;open_data_jabar:32.03.02.2016;kodepos_dev:32.03.02.2016,diskominfo_jabar_village_2024_unreviewed;open_data_jabar_postal_2023;kodepos_dev_rest_api,diskominfo:842;open_data_jabar:18282;kodepos_dev:842,2026-08-11,local_government_consensus_api_conflict,43261,Diskominfo and Open Data Jabar agree; Kodepos.dev differs.,government_sources_agree_api_differs,,,1,,,,,pending,,,,,,,,,not_started
32.03.02.2017,32,JAWA BARAT,32.03,KAB. CIANJUR,32.03.02,WARUNGKONDANG,CIEUNDEUR,,,,,43261,43261,43260,43260;43261,review_required,unresolved,yes,No automatic selection: Kodepos.dev does not corroborate exactly one local source.,no,,diskominfo:32.03.02.2017;open_data_jabar:32.03.02.2017;kodepos_dev:32.03.02.2017,diskominfo_jabar_village_2024_unreviewed;open_data_jabar_postal_2023;kodepos_dev_rest_api,diskominfo:843;open_data_jabar:18283;kodepos_dev:843,2026-08-11,local_government_consensus_api_conflict,43261,Diskominfo and Open Data Jabar agree; Kodepos.dev differs.,government_sources_agree_api_differs,,,1,,,,,pending,,,,,,,,,not_started
32.03.02.2018,32,JAWA BARAT,32.03,KAB. CIANJUR,32.03.02,WARUNGKONDANG,MEKARWANGI,,,,,43261,43261,43260,43260;43261,review_required,unresolved,yes,No automatic selection: Kodepos.dev does not corroborate exactly one local source.,no,,diskominfo:32.03.02.2018;open_data_jabar:32.03.02.2018;kodepos_dev:32.03.02.2018,diskominfo_jabar_village_2024_unreviewed;open_data_jabar_postal_2023;kodepos_dev_rest_api,diskominfo:844;open_data_jabar:18284;kodepos_dev:844,2026-08-11,local_government_consensus_api_conflict,43261,Diskominfo and Open Data Jabar agree; Kodepos.dev differs.,government_sources_agree_api_differs,,,1,,,,,pending,,,,,,,,,not_started
32.03.09.2001,32,JAWA BARAT,32.03,KAB. CIANJUR,32.03.09,SUKALUYU,SELAJAMBE,,,,,43284,43284,43287,43284;43287,review_required,unresolved,yes,No automatic selection: Kodepos.dev does not corroborate exactly one local source.,no,,diskominfo:32.03.09.2001;open_data_jabar:32.03.09.2001;kodepos_dev:32.03.09.2001,diskominfo_jabar_village_2024_unreviewed;open_data_jabar_postal_2023;kodepos_dev_rest_api,diskominfo:921;open_data_jabar:18369;kodepos_dev:921,2026-08-11,local_government_consensus_api_conflict,43284,Diskominfo and Open Data Jabar agree; Kodepos.dev differs.,government_sources_agree_api_differs,,,1,,,,,pending,,,,,,,,,not_started
32.03.09.2002,32,JAWA BARAT,32.03,KAB. CIANJUR,32.03.09,SUKALUYU,SUKAMULYA,,,,,43284,43284,43287,43284;43287,review_required,unresolved,yes,No automatic selection: Kodepos.dev does not corroborate exactly one local source.,no,,diskominfo:32.03.09.2002;open_data_jabar:32.03.09.2002;kodepos_dev:32.03.09.2002,diskominfo_jabar_village_2024_unreviewed;open_data_jabar_postal_2023;kodepos_dev_rest_api,diskominfo:922;open_data_jabar:18371;kodepos_dev:922,2026-08-11,local_government_consensus_api_conflict,43284,Diskominfo and Open Data Jabar agree; Kodepos.dev differs.,government_sources_agree_api_differs,,,1,,,,,pending,,,,,,,,,not_started
32.03.09.2003,32,JAWA BARAT,32.03,KAB. CIANJUR,32.03.09,SUKALUYU,PANYUSUHAN,,,,,43284,43284,43287,43284;43287,review_required,unresolved,yes,No automatic selection: Kodepos.dev does not corroborate exactly one local source.,no,,diskominfo:32.03.09.2003;open_data_jabar:32.03.09.2003;kodepos_dev:32.03.09.2003,diskominfo_jabar_village_2024_unreviewed;open_data_jabar_postal_2023;kodepos_dev_rest_api,diskominfo:923;open_data_jabar:18372;kodepos_dev:923,2026-08-11,local_government_consensus_api_conflict,43284,Diskominfo and Open Data Jabar agree; Kodepos.dev differs.,government_sources_agree_api_differs,,,1,,,,,pending,,,,,,,,,not_started
32.03.09.2004,32,JAWA BARAT,32.03,KAB. CIANJUR,32.03.09,SUKALUYU,TANJUNGSARI,,,,,43284,43284,43287,43284;43287,review_required,unresolved,yes,No automatic selection: Kodepos.dev does not corroborate exactly one local source.,no,,diskominfo:32.03.09.2004;open_data_jabar:32.03.09.2004;kodepos_dev:32.03.09.2004,diskominfo_jabar_village_2024_unreviewed;open_data_jabar_postal_2023;kodepos_dev_rest_api,diskominfo:924;open_data_jabar:18373;kodepos_dev:924,2026-08-11,local_government_consensus_api_conflict,43284,Diskominfo and Open Data Jabar agree; Kodepos.dev differs.,government_sources_agree_api_differs,,,1,,,,,pending,,,,,,,,,not_started
32.03.09.2005,32,JAWA BARAT,32.03,KAB. CIANJUR,32.03.09,SUKALUYU,SIDANGRAJA,,,,,43284,43284,43287,43284;43287,review_required,unresolved,yes,No automatic selection: Kodepos.dev does not corroborate exactly one local source.,no,,diskominfo:32.03.09.2005;open_data_jabar:32.03.09.2005;kodepos_dev:32.03.09.2005,diskominfo_jabar_village_2024_unreviewed;open_data_jabar_postal_2023;kodepos_dev_rest_api,diskominfo:925;open_data_jabar:18374;kodepos_dev:925,2026-08-11,local_government_consensus_api_conflict,43284,Diskominfo and Open Data Jabar agree; Kodepos.dev differs.,government_sources_agree_api_differs,,,1,,,,,pending,,,,,,,,,not_started
32.03.09.2006,32,JAWA BARAT,32.03,KAB. CIANJUR,32.03.09,SUKALUYU,MEKARJAYA,,,,,43284,43284,43287,43284;43287,review_required,unresolved,yes,No automatic selection: Kodepos.dev does not corroborate exactly one local source.,no,,diskominfo:32.03.09.2006;open_data_jabar:32.03.09.2006;kodepos_dev:32.03.09.2006,diskominfo_jabar_village_2024_unreviewed;open_data_jabar_postal_2023;kodepos_dev_rest_api,diskominfo:926;open_data_jabar:18375;kodepos_dev:926,2026-08-11,local_government_consensus_api_conflict,43284,Diskominfo and Open Data Jabar agree; Kodepos.dev differs.,government_sources_agree_api_differs,,,1,,,,,pending,,,,,,,,,not_started
32.03.09.2007,32,JAWA BARAT,32.03,KAB. CIANJUR,32.03.09,SUKALUYU,SUKASIRNA,,,,,43284,43284,43287,43284;43287,review_required,unresolved,yes,No automatic selection: Kodepos.dev does not corroborate exactly one local source.,no,,diskominfo:32.03.09.2007;open_data_jabar:32.03.09.2007;kodepos_dev:32.03.09.2007,diskominfo_jabar_village_2024_unreviewed;open_data_jabar_postal_2023;kodepos_dev_rest_api,diskominfo:927;open_data_jabar:18376;kodepos_dev:927,2026-08-11,local_government_consensus_api_conflict,43284,Diskominfo and Open Data Jabar agree; Kodepos.dev differs.,government_sources_agree_api_differs,,,1,,,,,pending,,,,,,,,,not_started
32.03.09.2008,32,JAWA BARAT,32.03,KAB. CIANJUR,32.03.09,SUKALUYU,SUKALUYU,,,,,43284,43284,43287,43284;43287,review_required,unresolved,yes,No automatic selection: Kodepos.dev does not corroborate exactly one local source.,no,,diskominfo:32.03.09.2008;open_data_jabar:32.03.09.2008;kodepos_dev:32.03.09.2008,diskominfo_jabar_village_2024_unreviewed;open_data_jabar_postal_2023;kodepos_dev_rest_api,diskominfo:928;open_data_jabar:18377;kodepos_dev:928,2026-08-11,local_government_consensus_api_conflict,43284,Diskominfo and Open Data Jabar agree; Kodepos.dev differs.,government_sources_agree_api_differs,,,1,,,,,pending,,,,,,,,,not_started
32.03.09.2009,32,JAWA BARAT,32.03,KAB. CIANJUR,32.03.09,SUKALUYU,BABAKANSARI,,,,,43284,43284,43287,43284;43287,review_required,unresolved,yes,No automatic selection: Kodepos.dev does not corroborate exactly one local source.,no,,diskominfo:32.03.09.2009;open_data_jabar:32.03.09.2009;kodepos_dev:32.03.09.2009,diskominfo_jabar_village_2024_unreviewed;open_data_jabar_postal_2023;kodepos_dev_rest_api,diskominfo:929;open_data_jabar:18378;kodepos_dev:929,2026-08-11,local_government_consensus_api_conflict,43284,Diskominfo and Open Data Jabar agree; Kodepos.dev differs.,government_sources_agree_api_differs,,,1,,,,,pending,,,,,,,,,not_started
32.03.09.2010,32,JAWA BARAT,32.03,KAB. CIANJUR,32.03.09,SUKALUYU,HEGARMANAH,,,,,43284,43284,43287,43284;43287,review_required,unresolved,yes,No automatic selection: Kodepos.dev does not corroborate exactly one local source.,no,,diskominfo:32.03.09.2010;open_data_jabar:32.03.09.2010;kodepos_dev:32.03.09.2010,diskominfo_jabar_village_2024_unreviewed;open_data_jabar_postal_2023;kodepos_dev_rest_api,diskominfo:930;open_data_jabar:18379;kodepos_dev:930,2026-08-11,local_government_consensus_api_conflict,43284,Diskominfo and Open Data Jabar agree; Kodepos.dev differs.,government_sources_agree_api_differs,,,1,,,,,pending,,,,,,,,,not_started
32.03.22.2004,32,JAWA BARAT,32.03,KAB. CIANJUR,32.03.22,AGRABINTA,SUKAMANAH,,,,,43273,43273,43276,43273;43276,review_required,unresolved,yes,No automatic selection: Kodepos.dev does not corroborate exactly one local source.,no,,diskominfo:32.03.22.2004;open_data_jabar:32.03.22.2004;kodepos_dev:32.03.22.2004,diskominfo_jabar_village_2024_unreviewed;open_data_jabar_postal_2023;kodepos_dev_rest_api,diskominfo:1078;open_data_jabar:18543;kodepos_dev:1078,2026-08-11,local_government_consensus_api_conflict,43273,Diskominfo and Open Data Jabar agree; Kodepos.dev differs.,government_sources_agree_api_differs,,,1,,,,,pending,,,,,,,,,not_started
32.03.22.2005,32,JAWA BARAT,32.03,KAB. CIANJUR,32.03.22,AGRABINTA,BOJONGKASO,,,,,43273,43273,43276,43273;43276,review_required,unresolved,yes,No automatic selection: Kodepos.dev does not corroborate exactly one local source.,no,,diskominfo:32.03.22.2005;open_data_jabar:32.03.22.2005;kodepos_dev:32.03.22.2005,diskominfo_jabar_village_2024_unreviewed;open_data_jabar_postal_2023;kodepos_dev_rest_api,diskominfo:1079;open_data_jabar:18544;kodepos_dev:1079,2026-08-11,local_government_consensus_api_conflict,43273,Diskominfo and Open Data Jabar agree; Kodepos.dev differs.,government_sources_agree_api_differs,,,1,,,,,pending,,,,,,,,,not_started
32.03.22.2006,32,JAWA BARAT,32.03,KAB. CIANJUR,32.03.22,AGRABINTA,BUNISARI,,,,,43273,43273,43276,43273;43276,review_required,unresolved,yes,No automatic selection: Kodepos.dev does not corroborate exactly one local source.,no,,diskominfo:32.03.22.2006;open_data_jabar:32.03.22.2006;kodepos_dev:32.03.22.2006,diskominfo_jabar_village_2024_unreviewed;open_data_jabar_postal_2023;kodepos_dev_rest_api,diskominfo:1080;open_data_jabar:18545;kodepos_dev:1080,2026-08-11,local_government_consensus_api_conflict,43273,Diskominfo and Open Data Jabar agree; Kodepos.dev differs.,government_sources_agree_api_differs,,,1,,,,,pending,,,,,,,,,not_started
32.03.22.2007,32,JAWA BARAT,32.03,KAB. CIANJUR,32.03.22,AGRABINTA,WANASARI,,,,,43273,43273,43276,43273;43276,review_required,unresolved,yes,No automatic selection: Kodepos.dev does not corroborate exactly one local source.,no,,diskominfo:32.03.22.2007;open_data_jabar:32.03.22.2007;kodepos_dev:32.03.22.2007,diskominfo_jabar_village_2024_unreviewed;open_data_jabar_postal_2023;kodepos_dev_rest_api,diskominfo:1081;open_data_jabar:18546;kodepos_dev:1081,2026-08-11,local_government_consensus_api_conflict,43273,Diskominfo and Open Data Jabar agree; Kodepos.dev differs.,government_sources_agree_api_differs,,,1,,,,,pending,,,,,,,,,not_started
32.03.22.2010,32,JAWA BARAT,32.03,KAB. CIANJUR,32.03.22,AGRABINTA,SINARLAUT,,,,,43273,43273,43276,43273;43276,review_required,unresolved,yes,No automatic selection: Kodepos.dev does not corroborate exactly one local source.,no,,diskominfo:32.03.22.2010;open_data_jabar:32.03.22.2010;kodepos_dev:32.03.22.2010,diskominfo_jabar_village_2024_unreviewed;open_data_jabar_postal_2023;kodepos_dev_rest_api,diskominfo:1082;open_data_jabar:18548;kodepos_dev:1082,2026-08-11,local_government_consensus_api_conflict,43273,Diskominfo and Open Data Jabar agree; Kodepos.dev differs.,government_sources_agree_api_differs,,,1,,,,,pending,,,,,,,,,not_started
32.03.22.2014,32,JAWA BARAT,32.03,KAB. CIANJUR,32.03.22,AGRABINTA,NEGLASARI,,,,,43273,43273,43276,43273;43276,review_required,unresolved,yes,No automatic selection: Kodepos.dev does not corroborate exactly one local source.,no,,diskominfo:32.03.22.2014;open_data_jabar:32.03.22.2014;kodepos_dev:32.03.22.2014,diskominfo_jabar_village_2024_unreviewed;open_data_jabar_postal_2023;kodepos_dev_rest_api,diskominfo:1083;open_data_jabar:18549;kodepos_dev:1083,2026-08-11,local_government_consensus_api_conflict,43273,Diskominfo and Open Data Jabar agree; Kodepos.dev differs.,government_sources_agree_api_differs,,,1,,,,,pending,,,,,,,,,not_started
32.03.22.2016,32,JAWA BARAT,32.03,KAB. CIANJUR,32.03.22,AGRABINTA,KARANGSARI,,,,,43273,43273,43276,43273;43276,review_required,unresolved,yes,No automatic selection: Kodepos.dev does not corroborate exactly one local source.,no,,diskominfo:32.03.22.2016;open_data_jabar:32.03.22.2016;kodepos_dev:32.03.22.2016,diskominfo_jabar_village_2024_unreviewed;open_data_jabar_postal_2023;kodepos_dev_rest_api,diskominfo:1084;open_data_jabar:18550;kodepos_dev:1084,2026-08-11,local_government_consensus_api_conflict,43273,Diskominfo and Open Data Jabar agree; Kodepos.dev differs.,government_sources_agree_api_differs,,,1,,,,,pending,,,,,,,,,not_started
32.03.22.2017,32,JAWA BARAT,32.03,KAB. CIANJUR,32.03.22,AGRABINTA,MULYASARI,,,,,43273,43273,43276,43273;43276,review_required,unresolved,yes,No automatic selection: Kodepos.dev does not corroborate exactly one local source.,no,,diskominfo:32.03.22.2017;open_data_jabar:32.03.22.2017;kodepos_dev:32.03.22.2017,diskominfo_jabar_village_2024_unreviewed;open_data_jabar_postal_2023;kodepos_dev_rest_api,diskominfo:1085;open_data_jabar:18551;kodepos_dev:1085,2026-08-11,local_government_consensus_api_conflict,43273,Diskominfo and Open Data Jabar agree; Kodepos.dev differs.,government_sources_agree_api_differs,,,1,,,,,pending,,,,,,,,,not_started
32.03.22.2018,32,JAWA BARAT,32.03,KAB. CIANJUR,32.03.22,AGRABINTA,TANJUNG SARI,,,,,43273,43273,43276,43273;43276,review_required,unresolved,yes,No automatic selection: Kodepos.dev does not corroborate exactly one local source.,no,,diskominfo:32.03.22.2018;open_data_jabar:32.03.22.2018;kodepos_dev:32.03.22.2018,diskominfo_jabar_village_2024_unreviewed;open_data_jabar_postal_2023;kodepos_dev_rest_api,diskominfo:1086;open_data_jabar:18552;kodepos_dev:1086,2026-08-11,local_government_consensus_api_conflict,43273,Diskominfo and Open Data Jabar agree; Kodepos.dev differs.,government_sources_agree_api_differs,,,1,,,,,pending,,,,,,,,,not_started
32.03.22.2019,32,JAWA BARAT,32.03,KAB. CIANJUR,32.03.22,AGRABINTA,MEKARSARI,,,,,43273,43273,43276,43273;43276,review_required,unresolved,yes,No automatic selection: Kodepos.dev does not corroborate exactly one local source.,no,,diskominfo:32.03.22.2019;open_data_jabar:32.03.22.2019;kodepos_dev:32.03.22.2019,diskominfo_jabar_village_2024_unreviewed;open_data_jabar_postal_2023;kodepos_dev_rest_api,diskominfo:1087;open_data_jabar:18553;kodepos_dev:1087,2026-08-11,local_government_consensus_api_conflict,43273,Diskominfo and Open Data Jabar agree; Kodepos.dev differs.,government_sources_agree_api_differs,,,1,,,,,pending,,,,,,,,,not_started
32.03.22.2022,32,JAWA BARAT,32.03,KAB. CIANJUR,32.03.22,AGRABINTA,WANGUNJAYA,,,,,43273,43273,43276,43273;43276,review_required,unresolved,yes,No automatic selection: Kodepos.dev does not corroborate exactly one local source.,no,,diskominfo:32.03.22.2022;open_data_jabar:32.03.22.2022;kodepos_dev:32.03.22.2022,diskominfo_jabar_village_2024_unreviewed;open_data_jabar_postal_2023;kodepos_dev_rest_api,diskominfo:1088;open_data_jabar:18554;kodepos_dev:1088,2026-08-11,local_government_consensus_api_conflict,43273,Diskominfo and Open Data Jabar agree; Kodepos.dev differs.,government_sources_agree_api_differs,,,1,,,,,pending,,,,,,,,,not_started
32.03.25.2001,32,JAWA BARAT,32.03,KAB. CIANJUR,32.03.25,CAMPAKAMULYA,CIBANGGALA,,,,,43278,43278,43269,43269;43278,review_required,unresolved,yes,No automatic selection: Kodepos.dev does not corroborate exactly one local source.,no,,diskominfo:32.03.25.2001;open_data_jabar:32.03.25.2001;kodepos_dev:32.03.25.2001,diskominfo_jabar_village_2024_unreviewed;open_data_jabar_postal_2023;kodepos_dev_rest_api,diskominfo:1114;open_data_jabar:18584;kodepos_dev:1114,2026-08-11,local_government_consensus_api_conflict,43278,Diskominfo and Open Data Jabar agree; Kodepos.dev differs.,government_sources_agree_api_differs,,,1,,,,,pending,,,,,,,,,not_started
32.03.25.2002,32,JAWA BARAT,32.03,KAB. CIANJUR,32.03.25,CAMPAKAMULYA,CAMPAKAWARNA,,,,,43278,43278,43269,43269;43278,review_required,unresolved,yes,No automatic selection: Kodepos.dev does not corroborate exactly one local source.,no,,diskominfo:32.03.25.2002;open_data_jabar:32.03.25.2002;kodepos_dev:32.03.25.2002,diskominfo_jabar_village_2024_unreviewed;open_data_jabar_postal_2023;kodepos_dev_rest_api,diskominfo:1115;open_data_jabar:18585;kodepos_dev:1115,2026-08-11,local_government_consensus_api_conflict,43278,Diskominfo and Open Data Jabar agree; Kodepos.dev differs.,government_sources_agree_api_differs,,,1,,,,,pending,,,,,,,,,not_started
32.03.25.2004,32,JAWA BARAT,32.03,KAB. CIANJUR,32.03.25,CAMPAKAMULYA,CAMPAKAMULYA,,,,,43278,43278,43269,43269;43278,review_required,unresolved,yes,No automatic selection: Kodepos.dev does not corroborate exactly one local source.,no,,diskominfo:32.03.25.2004;open_data_jabar:32.03.25.2004;kodepos_dev:32.03.25.2004,diskominfo_jabar_village_2024_unreviewed;open_data_jabar_postal_2023;kodepos_dev_rest_api,diskominfo:1117;open_data_jabar:18587;kodepos_dev:1117,2026-08-11,local_government_consensus_api_conflict,43278,Diskominfo and Open Data Jabar agree; Kodepos.dev differs.,government_sources_agree_api_differs,,,1,,,,,pending,,,,,,,,,not_started
32.03.25.2005,32,JAWA BARAT,32.03,KAB. CIANJUR,32.03.25,CAMPAKAMULYA,SUKABUNGAH,,,,,43278,43278,43269,43269;43278,review_required,unresolved,yes,No automatic selection: Kodepos.dev does not corroborate exactly one local source.,no,,diskominfo:32.03.25.2005;open_data_jabar:32.03.25.2005;kodepos_dev:32.03.25.2005,diskominfo_jabar_village_2024_unreviewed;open_data_jabar_postal_2023;kodepos_dev_rest_api,diskominfo:1118;open_data_jabar:18588;kodepos_dev:1118,2026-08-11,local_government_consensus_api_conflict,43278,Diskominfo and Open Data Jabar agree; Kodepos.dev differs.,government_sources_agree_api_differs,,,1,,,,,pending,,,,,,,,,not_started
32.04.06.1001,32,JAWA BARAT,32.04,KAB. BANDUNG,32.04.06,CIMENYAN,PADASUKA,,,,,40399,40399,40191,40191;40399,review_required,unresolved,yes,No automatic selection: Kodepos.dev does not corroborate exactly one local source.,no,,diskominfo:32.04.06.1001;open_data_jabar:32.04.06.1001;kodepos_dev:32.04.06.1001,diskominfo_jabar_village_2024_unreviewed;open_data_jabar_postal_2023;kodepos_dev_rest_api,diskominfo:1189;open_data_jabar:18666;kodepos_dev:1189,2026-08-11,local_government_consensus_api_conflict,40399,Diskominfo and Open Data Jabar agree; Kodepos.dev differs.,government_sources_agree_api_differs,,,1,,,,,pending,,,,,,,,,not_started
32.04.06.1002,32,JAWA BARAT,32.04,KAB. BANDUNG,32.04.06,CIMENYAN,CIBEUNYING,,,,,40399,40399,40191,40191;40399,review_required,unresolved,yes,No automatic selection: Kodepos.dev does not corroborate exactly one local source.,no,,diskominfo:32.04.06.1002;open_data_jabar:32.04.06.1002;kodepos_dev:32.04.06.1002,diskominfo_jabar_village_2024_unreviewed;open_data_jabar_postal_2023;kodepos_dev_rest_api,diskominfo:1190;open_data_jabar:18667;kodepos_dev:1190,2026-08-11,local_government_consensus_api_conflict,40399,Diskominfo and Open Data Jabar agree; Kodepos.dev differs.,government_sources_agree_api_differs,,,1,,,,,pending,,,,,,,,,not_started
32.04.06.2003,32,JAWA BARAT,32.04,KAB. BANDUNG,32.04.06,CIMENYAN,CIMENYAN,,,,,40399,40399,40197,40197;40399,review_required,unresolved,yes,No automatic selection: Kodepos.dev does not corroborate exactly one local source.,no,,diskominfo:32.04.06.2003;open_data_jabar:32.04.06.2003;kodepos_dev:32.04.06.2003,diskominfo_jabar_village_2024_unreviewed;open_data_jabar_postal_2023;kodepos_dev_rest_api,diskominfo:1191;open_data_jabar:18668;kodepos_dev:1191,2026-08-11,local_government_consensus_api_conflict,40399,Diskominfo and Open Data Jabar agree; Kodepos.dev differs.,government_sources_agree_api_differs,,,1,,,,,pending,,,,,,,,,not_started
32.04.06.2004,32,JAWA BARAT,32.04,KAB. BANDUNG,32.04.06,CIMENYAN,MANDALAMEKAR,,,,,40399,40399,40193,40193;40399,review_required,unresolved,yes,No automatic selection: Kodepos.dev does not corroborate exactly one local source.,no,,diskominfo:32.04.06.2004;open_data_jabar:32.04.06.2004;kodepos_dev:32.04.06.2004,diskominfo_jabar_village_2024_unreviewed;open_data_jabar_postal_2023;kodepos_dev_rest_api,diskominfo:1192;open_data_jabar:18671;kodepos_dev:1192,2026-08-11,local_government_consensus_api_conflict,40399,Diskominfo and Open Data Jabar agree; Kodepos.dev differs.,government_sources_agree_api_differs,,,1,,,,,pending,,,,,,,,,not_started
32.04.06.2005,32,JAWA BARAT,32.04,KAB. BANDUNG,32.04.06,CIMENYAN,CIKADUT,,,,,40399,40399,40191,40191;40399,review_required,unresolved,yes,No automatic selection: Kodepos.dev does not corroborate exactly one local source.,no,,diskominfo:32.04.06.2005;open_data_jabar:32.04.06.2005;kodepos_dev:32.04.06.2005,diskominfo_jabar_village_2024_unreviewed;open_data_jabar_postal_2023;kodepos_dev_rest_api,diskominfo:1193;open_data_jabar:18672;kodepos_dev:1193,2026-08-11,local_government_consensus_api_conflict,40399,Diskominfo and Open Data Jabar agree; Kodepos.dev differs.,government_sources_agree_api_differs,,,1,,,,,pending,,,,,,,,,not_started
32.04.06.2006,32,JAWA BARAT,32.04,KAB. BANDUNG,32.04.06,CIMENYAN,CIBURIAL,,,,,40399,40399,40198,40198;40399,review_required,unresolved,yes,No automatic selection: Kodepos.dev does not corroborate exactly one local source.,no,,diskominfo:32.04.06.2006;open_data_jabar:32.04.06.2006;kodepos_dev:32.04.06.2006,diskominfo_jabar_village_2024_unreviewed;open_data_jabar_postal_2023;kodepos_dev_rest_api,diskominfo:1194;open_data_jabar:18673;kodepos_dev:1194,2026-08-11,local_government_consensus_api_conflict,40399,Diskominfo and Open Data Jabar agree; Kodepos.dev differs.,government_sources_agree_api_differs,,,1,,,,,pending,,,,,,,,,not_started
32.04.06.2007,32,JAWA BARAT,32.04,KAB. BANDUNG,32.04.06,CIMENYAN,SINDANGLAYA,,,,,40399,40399,40195,40195;40399,review_required,unresolved,yes,No automatic selection: Kodepos.dev does not corroborate exactly one local source.,no,,diskominfo:32.04.06.2007;open_data_jabar:32.04.06.2007;kodepos_dev:32.04.06.2007,diskominfo_jabar_village_2024_unreviewed;open_data_jabar_postal_2023;kodepos_dev_rest_api,diskominfo:1195;open_data_jabar:18674;kodepos_dev:1195,2026-08-11,local_government_consensus_api_conflict,40399,Diskominfo and Open Data Jabar agree; Kodepos.dev differs.,government_sources_agree_api_differs,,,1,,,,,pending,,,,,,,,,not_started
32.04.06.2008,32,JAWA BARAT,32.04,KAB. BANDUNG,32.04.06,CIMENYAN,MEKARSALUYU,,,,,40399,40399,40198,40198;40399,review_required,unresolved,yes,No automatic selection: Kodepos.dev does not corroborate exactly one local source.,no,,diskominfo:32.04.06.2008;open_data_jabar:32.04.06.2008;kodepos_dev:32.04.06.2008,diskominfo_jabar_village_2024_unreviewed;open_data_jabar_postal_2023;kodepos_dev_rest_api,diskominfo:1196;open_data_jabar:18675;kodepos_dev:1196,2026-08-11,local_government_consensus_api_conflict,40399,Diskominfo and Open Data Jabar agree; Kodepos.dev differs.,government_sources_agree_api_differs,,,1,,,,,pending,,,,,,,,,not_started
32.04.06.2009,32,JAWA BARAT,32.04,KAB. BANDUNG,32.04.06,CIMENYAN,MEKARMANIK,,,,,40399,40399,40196,40196;40399,review_required,unresolved,yes,No automatic selection: Kodepos.dev does not corroborate exactly one local source.,no,,diskominfo:32.04.06.2009;open_data_jabar:32.04.06.2009;kodepos_dev:32.04.06.2009,diskominfo_jabar_village_2024_unreviewed;open_data_jabar_postal_2023;kodepos_dev_rest_api,diskominfo:1197;open_data_jabar:18676;kodepos_dev:1197,2026-08-11,local_government_consensus_api_conflict,40399,Diskominfo and Open Data Jabar agree; Kodepos.dev differs.,government_sources_agree_api_differs,,,1,,,,,pending,,,,,,,,,not_started
32.04.34.2002,32,JAWA BARAT,32.04,KAB. BANDUNG,32.04.34,SOLOKANJERUK,SOLOKANJERUK,,,,,40387,40387,40375,40375;40387,review_required,unresolved,yes,No automatic selection: Kodepos.dev does not corroborate exactly one local source.,no,,diskominfo:32.04.34.2002;open_data_jabar:32.04.34.2002;kodepos_dev:32.04.34.2002,diskominfo_jabar_village_2024_unreviewed;open_data_jabar_postal_2023;kodepos_dev_rest_api,diskominfo:1383;open_data_jabar:18882;kodepos_dev:1383,2026-08-11,local_government_consensus_api_conflict,40387,Diskominfo and Open Data Jabar agree; Kodepos.dev differs.,government_sources_agree_api_differs,,,1,,,,,pending,,,,,,,,,not_started
32.04.40.2001,32,JAWA BARAT,32.04,KAB. BANDUNG,32.04.40,RANCABALI,PATENGAN,,,,,40363,40363,40974,40363;40974,review_required,unresolved,yes,No automatic selection: Kodepos.dev does not corroborate exactly one local source.,no,,diskominfo:32.04.40.2001;open_data_jabar:32.04.40.2001;kodepos_dev:32.04.40.2001,diskominfo_jabar_village_2024_unreviewed;open_data_jabar_postal_2023;kodepos_dev_rest_api,diskominfo:1440;open_data_jabar:18946;kodepos_dev:1440,2026-08-11,local_government_consensus_api_conflict,40363,Diskominfo and Open Data Jabar agree; Kodepos.dev differs.,government_sources_agree_api_differs,,,1,,,,,pending,,,,,,,,,not_started
32.04.40.2002,32,JAWA BARAT,32.04,KAB. BANDUNG,32.04.40,RANCABALI,SUKARESMI,,,,,40363,40363,40974,40363;40974,review_required,unresolved,yes,No automatic selection: Kodepos.dev does not corroborate exactly one local source.,no,,diskominfo:32.04.40.2002;open_data_jabar:32.04.40.2002;kodepos_dev:32.04.40.2002,diskominfo_jabar_village_2024_unreviewed;open_data_jabar_postal_2023;kodepos_dev_rest_api,diskominfo:1441;open_data_jabar:18947;kodepos_dev:1441,2026-08-11,local_government_consensus_api_conflict,40363,Diskominfo and Open Data Jabar agree; Kodepos.dev differs.,government_sources_agree_api_differs,,,1,,,,,pending,,,,,,,,,not_started
32.04.40.2003,32,JAWA BARAT,32.04,KAB. BANDUNG,32.04.40,RANCABALI,INDRAGIRI,,,,,40363,40363,40974,40363;40974,review_required,unresolved,yes,No automatic selection: Kodepos.dev does not corroborate exactly one local source.,no,,diskominfo:32.04.40.2003;open_data_jabar:32.04.40.2003;kodepos_dev:32.04.40.2003,diskominfo_jabar_village_2024_unreviewed;open_data_jabar_postal_2023;kodepos_dev_rest_api,diskominfo:1442;open_data_jabar:18949;kodepos_dev:1442,2026-08-11,local_government_consensus_api_conflict,40363,Diskominfo and Open Data Jabar agree; Kodepos.dev differs.,government_sources_agree_api_differs,,,1,,,,,pending,,,,,,,,,not_started
32.04.40.2004,32,JAWA BARAT,32.04,KAB. BANDUNG,32.04.40,RANCABALI,CIPELAH,,,,,40363,40363,40974,40363;40974,review_required,unresolved,yes,No automatic selection: Kodepos.dev does not corroborate exactly one local source.,no,,diskominfo:32.04.40.2004;open_data_jabar:32.04.40.2004;kodepos_dev:32.04.40.2004,diskominfo_jabar_village_2024_unreviewed;open_data_jabar_postal_2023;kodepos_dev_rest_api,diskominfo:1443;open_data_jabar:18950;kodepos_dev:1443,2026-08-11,local_government_consensus_api_conflict,40363,Diskominfo and Open Data Jabar agree; Kodepos.dev differs.,government_sources_agree_api_differs,,,1,,,,,pending,,,,,,,,,not_started
32.04.40.2005,32,JAWA BARAT,32.04,KAB. BANDUNG,32.04.40,RANCABALI,ALAMENDAH,,,,,40363,40363,40974,40363;40974,review_required,unresolved,yes,No automatic selection: Kodepos.dev does not corroborate exactly one local source.,no,,diskominfo:32.04.40.2005;open_data_jabar:32.04.40.2005;kodepos_dev:32.04.40.2005,diskominfo_jabar_village_2024_unreviewed;open_data_jabar_postal_2023;kodepos_dev_rest_api,diskominfo:1444;open_data_jabar:18951;kodepos_dev:1444,2026-08-11,local_government_consensus_api_conflict,40363,Diskominfo and Open Data Jabar agree; Kodepos.dev differs.,government_sources_agree_api_differs,,,1,,,,,pending,,,,,,,,,not_started
32.05.03.2001,32,JAWA BARAT,32.05,KAB. GARUT,32.05.03,WANARAJA,WANARAJA,,,,,44183,44183,44180,44180;44183,review_required,unresolved,yes,No automatic selection: Kodepos.dev does not corroborate exactly one local source.,no,,diskominfo:32.05.03.2001;open_data_jabar:32.05.03.2001;kodepos_dev:32.05.03.2001,diskominfo_jabar_village_2024_unreviewed;open_data_jabar_postal_2023;kodepos_dev_rest_api,diskominfo:1494;open_data_jabar:19007;kodepos_dev:1494,2026-08-11,local_government_consensus_api_conflict,44183,Diskominfo and Open Data Jabar agree; Kodepos.dev differs.,government_sources_agree_api_differs,,,1,,,,,pending,,,,,,,,,not_started
32.05.03.2002,32,JAWA BARAT,32.05,KAB. GARUT,32.05.03,WANARAJA,WANAMEKAR,,,,,44183,44183,44180,44180;44183,review_required,unresolved,yes,No automatic selection: Kodepos.dev does not corroborate exactly one local source.,no,,diskominfo:32.05.03.2002;open_data_jabar:32.05.03.2002;kodepos_dev:32.05.03.2002,diskominfo_jabar_village_2024_unreviewed;open_data_jabar_postal_2023;kodepos_dev_rest_api,diskominfo:1495;open_data_jabar:19008;kodepos_dev:1495,2026-08-11,local_government_consensus_api_conflict,44183,Diskominfo and Open Data Jabar agree; Kodepos.dev differs.,government_sources_agree_api_differs,,,1,,,,,pending,,,,,,,,,not_started
32.05.03.2003,32,JAWA BARAT,32.05,KAB. GARUT,32.05.03,WANARAJA,CINUNUK,,,,,44183,44183,44180,44180;44183,review_required,unresolved,yes,No automatic selection: Kodepos.dev does not corroborate exactly one local source.,no,,diskominfo:32.05.03.2003;open_data_jabar:32.05.03.2003;kodepos_dev:32.05.03.2003,diskominfo_jabar_village_2024_unreviewed;open_data_jabar_postal_2023;kodepos_dev_rest_api,diskominfo:1496;open_data_jabar:19009;kodepos_dev:1496,2026-08-11,local_government_consensus_api_conflict,44183,Diskominfo and Open Data Jabar agree; Kodepos.dev differs.,government_sources_agree_api_differs,,,1,,,,,pending,,,,,,,,,not_started
32.05.03.2007,32,JAWA BARAT,32.05,KAB. GARUT,32.05.03,WANARAJA,SUKAMENAK,,,,,44183,44183,44180,44180;44183,review_required,unresolved,yes,No automatic selection: Kodepos.dev does not corroborate exactly one local source.,no,,diskominfo:32.05.03.2007;open_data_jabar:32.05.03.2007;kodepos_dev:32.05.03.2007,diskominfo_jabar_village_2024_unreviewed;open_data_jabar_postal_2023;kodepos_dev_rest_api,diskominfo:1497;open_data_jabar:19010;kodepos_dev:1497,2026-08-11,local_government_consensus_api_conflict,44183,Diskominfo and Open Data Jabar agree; Kodepos.dev differs.,government_sources_agree_api_differs,,,1,,,,,pending,,,,,,,,,not_started
32.05.03.2008,32,JAWA BARAT,32.05,KAB. GARUT,32.05.03,WANARAJA,SINDANGRATU,,,,,44183,44183,44180,44180;44183,review_required,unresolved,yes,No automatic selection: Kodepos.dev does not corroborate exactly one local source.,no,,diskominfo:32.05.03.2008;open_data_jabar:32.05.03.2008;kodepos_dev:32.05.03.2008,diskominfo_jabar_village_2024_unreviewed;open_data_jabar_postal_2023;kodepos_dev_rest_api,diskominfo:1498;open_data_jabar:19011;kodepos_dev:1498,2026-08-11,local_government_consensus_api_conflict,44183,Diskominfo and Open Data Jabar agree; Kodepos.dev differs.,government_sources_agree_api_differs,,,1,,,,,pending,,,,,,,,,not_started
32.05.03.2011,32,JAWA BARAT,32.05,KAB. GARUT,32.05.03,WANARAJA,WANAJAYA,,,,,44183,44183,44180,44180;44183,review_required,unresolved,yes,No automatic selection: Kodepos.dev does not corroborate exactly one local source.,no,,diskominfo:32.05.03.2011;open_data_jabar:32.05.03.2011;kodepos_dev:32.05.03.2011,diskominfo_jabar_village_2024_unreviewed;open_data_jabar_postal_2023;kodepos_dev_rest_api,diskominfo:1499;open_data_jabar:19012;kodepos_dev:1499,2026-08-11,local_government_consensus_api_conflict,44183,Diskominfo and Open Data Jabar agree; Kodepos.dev differs.,government_sources_agree_api_differs,,,1,,,,,pending,,,,,,,,,not_started
32.05.03.2015,32,JAWA BARAT,32.05,KAB. GARUT,32.05.03,WANARAJA,SINDANGMEKAR,,,,,44183,44183,44180,44180;44183,review_required,unresolved,yes,No automatic selection: Kodepos.dev does not corroborate exactly one local source.,no,,diskominfo:32.05.03.2015;open_data_jabar:32.05.03.2015;kodepos_dev:32.05.03.2015,diskominfo_jabar_village_2024_unreviewed;open_data_jabar_postal_2023;kodepos_dev_rest_api,diskominfo:1500;open_data_jabar:19013;kodepos_dev:1500,2026-08-11,local_government_consensus_api_conflict,44183,Diskominfo and Open Data Jabar agree; Kodepos.dev differs.,government_sources_agree_api_differs,,,1,,,,,pending,,,,,,,,,not_started
32.05.03.2019,32,JAWA BARAT,32.05,KAB. GARUT,32.05.03,WANARAJA,WANASARI,,,,,44183,44183,44180,44180;44183,review_required,unresolved,yes,No automatic selection: Kodepos.dev does not corroborate exactly one local source.,no,,diskominfo:32.05.03.2019;open_data_jabar:32.05.03.2019;kodepos_dev:32.05.03.2019,diskominfo_jabar_village_2024_unreviewed;open_data_jabar_postal_2023;kodepos_dev_rest_api,diskominfo:1501;open_data_jabar:19014;kodepos_dev:1501,2026-08-11,local_government_consensus_api_conflict,44183,Diskominfo and Open Data Jabar agree; Kodepos.dev differs.,government_sources_agree_api_differs,,,1,,,,,pending,,,,,,,,,not_started
32.05.03.2024,32,JAWA BARAT,32.05,KAB. GARUT,32.05.03,WANARAJA,SINDANGPRABU,,,,,44183,44183,44180,44180;44183,review_required,unresolved,yes,No automatic selection: Kodepos.dev does not corroborate exactly one local source.,no,,diskominfo:32.05.03.2024;open_data_jabar:32.05.03.2024;kodepos_dev:32.05.03.2024,diskominfo_jabar_village_2024_unreviewed;open_data_jabar_postal_2023;kodepos_dev_rest_api,diskominfo:1502;open_data_jabar:19016;kodepos_dev:1502,2026-08-11,local_government_consensus_api_conflict,44183,Diskominfo and Open Data Jabar agree; Kodepos.dev differs.,government_sources_agree_api_differs,,,1,,,,,pending,,,,,,,,,not_started
32.05.07.2001,32,JAWA BARAT,32.05,KAB. GARUT,32.05.07,SAMARANG,SAMARANG,,,,,44161,44161,44160,44160;44161,review_required,unresolved,yes,No automatic selection: Kodepos.dev does not corroborate exactly one local source.,no,,diskominfo:32.05.07.2001;open_data_jabar:32.05.07.2001;kodepos_dev:32.05.07.2001,diskominfo_jabar_village_2024_unreviewed;open_data_jabar_postal_2023;kodepos_dev_rest_api,diskominfo:1543;open_data_jabar:19061;kodepos_dev:1543,2026-08-11,local_government_consensus_api_conflict,44161,Diskominfo and Open Data Jabar agree; Kodepos.dev differs.,government_sources_agree_api_differs,,,1,,,,,pending,,,,,,,,,not_started
32.05.07.2002,32,JAWA BARAT,32.05,KAB. GARUT,32.05.07,SAMARANG,CINTARAKYAT,,,,,44161,44161,44160,44160;44161,review_required,unresolved,yes,No automatic selection: Kodepos.dev does not corroborate exactly one local source.,no,,diskominfo:32.05.07.2002;open_data_jabar:32.05.07.2002;kodepos_dev:32.05.07.2002,diskominfo_jabar_village_2024_unreviewed;open_data_jabar_postal_2023;kodepos_dev_rest_api,diskominfo:1544;open_data_jabar:19062;kodepos_dev:1544,2026-08-11,local_government_consensus_api_conflict,44161,Diskominfo and Open Data Jabar agree; Kodepos.dev differs.,government_sources_agree_api_differs,,,1,,,,,pending,,,,,,,,,not_started
32.05.07.2003,32,JAWA BARAT,32.05,KAB. GARUT,32.05.07,SAMARANG,SUKARASA,,,,,44161,44161,44160,44160;44161,review_required,unresolved,yes,No automatic selection: Kodepos.dev does not corroborate exactly one local source.,no,,diskominfo:32.05.07.2003;open_data_jabar:32.05.07.2003;kodepos_dev:32.05.07.2003,diskominfo_jabar_village_2024_unreviewed;open_data_jabar_postal_2023;kodepos_dev_rest_api,diskominfo:1545;open_data_jabar:19063;kodepos_dev:1545,2026-08-11,local_government_consensus_api_conflict,44161,Diskominfo and Open Data Jabar agree; Kodepos.dev differs.,government_sources_agree_api_differs,,,1,,,,,pending,,,,,,,,,not_started
32.05.07.2004,32,JAWA BARAT,32.05,KAB. GARUT,32.05.07,SAMARANG,PARAKAN,,,,,44161,44161,44160,44160;44161,review_required,unresolved,yes,No automatic selection: Kodepos.dev does not corroborate exactly one local source.,no,,diskominfo:32.05.07.2004;open_data_jabar:32.05.07.2004;kodepos_dev:32.05.07.2004,diskominfo_jabar_village_2024_unreviewed;open_data_jabar_postal_2023;kodepos_dev_rest_api,diskominfo:1546;open_data_jabar:19064;kodepos_dev:1546,2026-08-11,local_government_consensus_api_conflict,44161,Diskominfo and Open Data Jabar agree; Kodepos.dev differs.,government_sources_agree_api_differs,,,1,,,,,pending,,,,,,,,,not_started
32.05.07.2005,32,JAWA BARAT,32.05,KAB. GARUT,32.05.07,SAMARANG,SUKAKARYA,,,,,44161,44161,44160,44160;44161,review_required,unresolved,yes,No automatic selection: Kodepos.dev does not corroborate exactly one local source.,no,,diskominfo:32.05.07.2005;open_data_jabar:32.05.07.2005;kodepos_dev:32.05.07.2005,diskominfo_jabar_village_2024_unreviewed;open_data_jabar_postal_2023;kodepos_dev_rest_api,diskominfo:1547;open_data_jabar:19065;kodepos_dev:1547,2026-08-11,local_government_consensus_api_conflict,44161,Diskominfo and Open Data Jabar agree; Kodepos.dev differs.,government_sources_agree_api_differs,,,1,,,,,pending,,,,,,,,,not_started
32.05.07.2006,32,JAWA BARAT,32.05,KAB. GARUT,32.05.07,SAMARANG,CINTAKARYA,,,,,44161,44161,44160,44160;44161,review_required,unresolved,yes,No automatic selection: Kodepos.dev does not corroborate exactly one local source.,no,,diskominfo:32.05.07.2006;open_data_jabar:32.05.07.2006;kodepos_dev:32.05.07.2006,diskominfo_jabar_village_2024_unreviewed;open_data_jabar_postal_2023;kodepos_dev_rest_api,diskominfo:1548;open_data_jabar:19066;kodepos_dev:1548,2026-08-11,local_government_consensus_api_conflict,44161,Diskominfo and Open Data Jabar agree; Kodepos.dev differs.,government_sources_agree_api_differs,,,1,,,,,pending,,,,,,,,,not_started
32.05.07.2007,32,JAWA BARAT,32.05,KAB. GARUT,32.05.07,SAMARANG,TANJUNG KARYA,,,,,44161,44161,44160,44160;44161,review_required,unresolved,yes,No automatic selection: Kodepos.dev does not corroborate exactly one local source.,no,,diskominfo:32.05.07.2007;open_data_jabar:32.05.07.2007;kodepos_dev:32.05.07.2007,diskominfo_jabar_village_2024_unreviewed;open_data_jabar_postal_2023;kodepos_dev_rest_api,diskominfo:1549;open_data_jabar:19067;kodepos_dev:1549,2026-08-11,local_government_consensus_api_conflict,44161,Diskominfo and Open Data Jabar agree; Kodepos.dev differs.,government_sources_agree_api_differs,,,1,,,,,pending,,,,,,,,,not_started
32.05.07.2008,32,JAWA BARAT,32.05,KAB. GARUT,32.05.07,SAMARANG,CISARUA,,,,,44161,44161,44160,44160;44161,review_required,unresolved,yes,No automatic selection: Kodepos.dev does not corroborate exactly one local source.,no,,diskominfo:32.05.07.2008;open_data_jabar:32.05.07.2008;kodepos_dev:32.05.07.2008,diskominfo_jabar_village_2024_unreviewed;open_data_jabar_postal_2023;kodepos_dev_rest_api,diskominfo:1550;open_data_jabar:19068;kodepos_dev:1550,2026-08-11,local_government_consensus_api_conflict,44161,Diskominfo and Open Data Jabar agree; Kodepos.dev differs.,government_sources_agree_api_differs,,,1,,,,,pending,,,,,,,,,not_started
32.05.07.2009,32,JAWA BARAT,32.05,KAB. GARUT,32.05.07,SAMARANG,CINTARASA,,,,,44161,44161,44160,44160;44161,review_required,unresolved,yes,No automatic selection: Kodepos.dev does not corroborate exactly one local source.,no,,diskominfo:32.05.07.2009;open_data_jabar:32.05.07.2009;kodepos_dev:32.05.07.2009,diskominfo_jabar_village_2024_unreviewed;open_data_jabar_postal_2023;kodepos_dev_rest_api,diskominfo:1551;open_data_jabar:19069;kodepos_dev:1551,2026-08-11,local_government_consensus_api_conflict,44161,Diskominfo and Open Data Jabar agree; Kodepos.dev differs.,government_sources_agree_api_differs,,,1,,,,,pending,,,,,,,,,not_started
32.05.07.2010,32,JAWA BARAT,32.05,KAB. GARUT,32.05.07,SAMARANG,CINTAASIH,,,,,44161,44161,44160,44160;44161,review_required,unresolved,yes,No automatic selection: Kodepos.dev does not corroborate exactly one local source.,no,,diskominfo:32.05.07.2010;open_data_jabar:32.05.07.2010;kodepos_dev:32.05.07.2010,diskominfo_jabar_village_2024_unreviewed;open_data_jabar_postal_2023;kodepos_dev_rest_api,diskominfo:1552;open_data_jabar:19071;kodepos_dev:1552,2026-08-11,local_government_consensus_api_conflict,44161,Diskominfo and Open Data Jabar agree; Kodepos.dev differs.,government_sources_agree_api_differs,,,1,,,,,pending,,,,,,,,,not_started
32.05.07.2011,32,JAWA BARAT,32.05,KAB. GARUT,32.05.07,SAMARANG,SIRNASARI,,,,,44161,44161,44160,44160;44161,review_required,unresolved,yes,No automatic selection: Kodepos.dev does not corroborate exactly one local source.,no,,diskominfo:32.05.07.2011;open_data_jabar:32.05.07.2011;kodepos_dev:32.05.07.2011,diskominfo_jabar_village_2024_unreviewed;open_data_jabar_postal_2023;kodepos_dev_rest_api,diskominfo:1553;open_data_jabar:19072;kodepos_dev:1553,2026-08-11,local_government_consensus_api_conflict,44161,Diskominfo and Open Data Jabar agree; Kodepos.dev differs.,government_sources_agree_api_differs,,,1,,,,,pending,,,,,,,,,not_started
32.05.07.2012,32,JAWA BARAT,32.05,KAB. GARUT,32.05.07,SAMARANG,SUKALAKSANA,,,,,44161,44161,44160,44160;44161,review_required,unresolved,yes,No automatic selection: Kodepos.dev does not corroborate exactly one local source.,no,,diskominfo:32.05.07.2012;open_data_jabar:32.05.07.2012;kodepos_dev:32.05.07.2012,diskominfo_jabar_village_2024_unreviewed;open_data_jabar_postal_2023;kodepos_dev_rest_api,diskominfo:1554;open_data_jabar:19073;kodepos_dev:1554,2026-08-11,local_government_consensus_api_conflict,44161,Diskominfo and Open Data Jabar agree; Kodepos.dev differs.,government_sources_agree_api_differs,,,1,,,,,pending,,,,,,,,,not_started
32.05.07.2013,32,JAWA BARAT,32.05,KAB. GARUT,32.05.07,SAMARANG,TANJUNGANOM,,,,,44161,44161,44160,44160;44161,review_required,unresolved,yes,No automatic selection: Kodepos.dev does not corroborate exactly one local source.,no,,diskominfo:32.05.07.2013;open_data_jabar:32.05.07.2013;kodepos_dev:32.05.07.2013,diskominfo_jabar_village_2024_unreviewed;open_data_jabar_postal_2023;kodepos_dev_rest_api,diskominfo:1555;open_data_jabar:19074;kodepos_dev:1555,2026-08-11,local_government_consensus_api_conflict,44161,Diskominfo and Open Data Jabar agree; Kodepos.dev differs.,government_sources_agree_api_differs,,,1,,,,,pending,,,,,,,,,not_started
32.05.15.2001,32,JAWA BARAT,32.05,KAB. GARUT,32.05.15,SUKAWENING,SUKAWENING,,,,,44184,44184,44179,44179;44184,review_required,unresolved,yes,No automatic selection: Kodepos.dev does not corroborate exactly one local source.,no,,diskominfo:32.05.15.2001;open_data_jabar:32.05.15.2001;kodepos_dev:32.05.15.2001,diskominfo_jabar_village_2024_unreviewed;open_data_jabar_postal_2023;kodepos_dev_rest_api,diskominfo:1643;open_data_jabar:19172;kodepos_dev:1643,2026-08-11,local_government_consensus_api_conflict,44184,Diskominfo and Open Data Jabar agree; Kodepos.dev differs.,government_sources_agree_api_differs,,,1,,,,,pending,,,,,,,,,not_started
32.05.15.2002,32,JAWA BARAT,32.05,KAB. GARUT,32.05.15,SUKAWENING,SUKAMUKTI,,,,,44184,44184,44179,44179;44184,review_required,unresolved,yes,No automatic selection: Kodepos.dev does not corroborate exactly one local source.,no,,diskominfo:32.05.15.2002;open_data_jabar:32.05.15.2002;kodepos_dev:32.05.15.2002,diskominfo_jabar_village_2024_unreviewed;open_data_jabar_postal_2023;kodepos_dev_rest_api,diskominfo:1644;open_data_jabar:19173;kodepos_dev:1644,2026-08-11,local_government_consensus_api_conflict,44184,Diskominfo and Open Data Jabar agree; Kodepos.dev differs.,government_sources_agree_api_differs,,,1,,,,,pending,,,,,,,,,not_started
32.05.15.2003,32,JAWA BARAT,32.05,KAB. GARUT,32.05.15,SUKAWENING,MEKARLUYU,,,,,44184,44184,44179,44179;44184,review_required,unresolved,yes,No automatic selection: Kodepos.dev does not corroborate exactly one local source.,no,,diskominfo:32.05.15.2003;open_data_jabar:32.05.15.2003;kodepos_dev:32.05.15.2003,diskominfo_jabar_village_2024_unreviewed;open_data_jabar_postal_2023;kodepos_dev_rest_api,diskominfo:1645;open_data_jabar:19174;kodepos_dev:1645,2026-08-11,local_government_consensus_api_conflict,44184,Diskominfo and Open Data Jabar agree; Kodepos.dev differs.,government_sources_agree_api_differs,,,1,,,,,pending,,,,,,,,,not_started
32.05.15.2004,32,JAWA BARAT,32.05,KAB. GARUT,32.05.15,SUKAWENING,SUKALUYU,,,,,44184,44184,44179,44179;44184,review_required,unresolved,yes,No automatic selection: Kodepos.dev does not corroborate exactly one local source.,no,,diskominfo:32.05.15.2004;open_data_jabar:32.05.15.2004;kodepos_dev:32.05.15.2004,diskominfo_jabar_village_2024_unreviewed;open_data_jabar_postal_2023;kodepos_dev_rest_api,diskominfo:1646;open_data_jabar:19175;kodepos_dev:1646,2026-08-11,local_government_consensus_api_conflict,44184,Diskominfo and Open Data Jabar agree; Kodepos.dev differs.,government_sources_agree_api_differs,,,1,,,,,pending,,,,,,,,,not_started
32.05.15.2005,32,JAWA BARAT,32.05,KAB. GARUT,32.05.15,SUKAWENING,SUDALARANG,,,,,44184,44184,44179,44179;44184,review_required,unresolved,yes,No automatic selection: Kodepos.dev does not corroborate exactly one local source.,no,,diskominfo:32.05.15.2005;open_data_jabar:32.05.15.2005;kodepos_dev:32.05.15.2005,diskominfo_jabar_village_2024_unreviewed;open_data_jabar_postal_2023;kodepos_dev_rest_api,diskominfo:1647;open_data_jabar:19176;kodepos_dev:1647,2026-08-11,local_government_consensus_api_conflict,44184,Diskominfo and Open Data Jabar agree; Kodepos.dev differs.,government_sources_agree_api_differs,,,1,,,,,pending,,,,,,,,,not_started
32.05.15.2006,32,JAWA BARAT,32.05,KAB. GARUT,32.05.15,SUKAWENING,SUKASONO,,,,,44184,44184,44179,44179;44184,review_required,unresolved,yes,No automatic selection: Kodepos.dev does not corroborate exactly one local source.,no,,diskominfo:32.05.15.2006;open_data_jabar:32.05.15.2006;kodepos_dev:32.05.15.2006,diskominfo_jabar_village_2024_unreviewed;open_data_jabar_postal_2023;kodepos_dev_rest_api,diskominfo:1648;open_data_jabar:19177;kodepos_dev:1648,2026-08-11,local_government_consensus_api_conflict,44184,Diskominfo and Open Data Jabar agree; Kodepos.dev differs.,government_sources_agree_api_differs,,,1,,,,,pending,,,,,,,,,not_started
32.05.15.2007,32,JAWA BARAT,32.05,KAB. GARUT,32.05.15,SUKAWENING,SUKAHAJI,,,,,44184,44184,44179,44179;44184,review_required,unresolved,yes,No automatic selection: Kodepos.dev does not corroborate exactly one local source.,no,,diskominfo:32.05.15.2007;open_data_jabar:32.05.15.2007;kodepos_dev:32.05.15.2007,diskominfo_jabar_village_2024_unreviewed;open_data_jabar_postal_2023;kodepos_dev_rest_api,diskominfo:1649;open_data_jabar:19178;kodepos_dev:1649,2026-08-11,local_government_consensus_api_conflict,44184,Diskominfo and Open Data Jabar agree; Kodepos.dev differs.,government_sources_agree_api_differs,,,1,,,,,pending,,,,,,,,,not_started
32.05.15.2008,32,JAWA BARAT,32.05,KAB. GARUT,32.05.15,SUKAWENING,PASANGGRAHAN,,,,,44184,44184,44179,44179;44184,review_required,unresolved,yes,No automatic selection: Kodepos.dev does not corroborate exactly one local source.,no,,diskominfo:32.05.15.2008;open_data_jabar:32.05.15.2008;kodepos_dev:32.05.15.2008,diskominfo_jabar_village_2024_unreviewed;open_data_jabar_postal_2023;kodepos_dev_rest_api,diskominfo:1650;open_data_jabar:19179;kodepos_dev:1650,2026-08-11,local_government_consensus_api_conflict,44184,Diskominfo and Open Data Jabar agree; Kodepos.dev differs.,government_sources_agree_api_differs,,,1,,,,,pending,,,,,,,,,not_started
32.05.15.2009,32,JAWA BARAT,32.05,KAB. GARUT,32.05.15,SUKAWENING,MARIPARI,,,,,44184,44184,44179,44179;44184,review_required,unresolved,yes,No automatic selection: Kodepos.dev does not corroborate exactly one local source.,no,,diskominfo:32.05.15.2009;open_data_jabar:32.05.15.2009;kodepos_dev:32.05.15.2009,diskominfo_jabar_village_2024_unreviewed;open_data_jabar_postal_2023;kodepos_dev_rest_api,diskominfo:1651;open_data_jabar:19180;kodepos_dev:1651,2026-08-11,local_government_consensus_api_conflict,44184,Diskominfo and Open Data Jabar agree; Kodepos.dev differs.,government_sources_agree_api_differs,,,1,,,,,pending,,,,,,,,,not_started
32.05.15.2010,32,JAWA BARAT,32.05,KAB. GARUT,32.05.15,SUKAWENING,MEKARWANGI,,,,,44184,44184,44179,44179;44184,review_required,unresolved,yes,No automatic selection: Kodepos.dev does not corroborate exactly one local source.,no,,diskominfo:32.05.15.2010;open_data_jabar:32.05.15.2010;kodepos_dev:32.05.15.2010,diskominfo_jabar_village_2024_unreviewed;open_data_jabar_postal_2023;kodepos_dev_rest_api,diskominfo:1652;open_data_jabar:19182;kodepos_dev:1652,2026-08-11,local_government_consensus_api_conflict,44184,Diskominfo and Open Data Jabar agree; Kodepos.dev differs.,government_sources_agree_api_differs,,,1,,,,,pending,,,,,,,,,not_started
32.05.15.2011,32,JAWA BARAT,32.05,KAB. GARUT,32.05.15,SUKAWENING,MEKAR HURIP,,,,,44184,44184,44179,44179;44184,review_required,unresolved,yes,No automatic selection: Kodepos.dev does not corroborate exactly one local source.,no,,diskominfo:32.05.15.2011;open_data_jabar:32.05.15.2011;kodepos_dev:32.05.15.2011,diskominfo_jabar_village_2024_unreviewed;open_data_jabar_postal_2023;kodepos_dev_rest_api,diskominfo:1653;open_data_jabar:19183;kodepos_dev:1653,2026-08-11,local_government_consensus_api_conflict,44184,Diskominfo and Open Data Jabar agree; Kodepos.dev differs.,government_sources_agree_api_differs,,,1,,,,,pending,,,,,,,,,not_started
32.05.24.2001,32,JAWA BARAT,32.05,KAB. GARUT,32.05.24,SINGAJAYA,SINGAJAYA,,,,,44173,44173,44170,44170;44173,review_required,unresolved,yes,No automatic selection: Kodepos.dev does not corroborate exactly one local source.,no,,diskominfo:32.05.24.2001;open_data_jabar:32.05.24.2001;kodepos_dev:32.05.24.2001,diskominfo_jabar_village_2024_unreviewed;open_data_jabar_postal_2023;kodepos_dev_rest_api,diskominfo:1746;open_data_jabar:19286;kodepos_dev:1746,2026-08-11,local_government_consensus_api_conflict,44173,Diskominfo and Open Data Jabar agree; Kodepos.dev differs.,government_sources_agree_api_differs,,,1,,,,,pending,,,,,,,,,not_started
32.05.24.2002,32,JAWA BARAT,32.05,KAB. GARUT,32.05.24,SINGAJAYA,CIUDIAN,,,,,44173,44173,44170,44170;44173,review_required,unresolved,yes,No automatic selection: Kodepos.dev does not corroborate exactly one local source.,no,,diskominfo:32.05.24.2002;open_data_jabar:32.05.24.2002;kodepos_dev:32.05.24.2002,diskominfo_jabar_village_2024_unreviewed;open_data_jabar_postal_2023;kodepos_dev_rest_api,diskominfo:1747;open_data_jabar:19287;kodepos_dev:1747,2026-08-11,local_government_consensus_api_conflict,44173,Diskominfo and Open Data Jabar agree; Kodepos.dev differs.,government_sources_agree_api_differs,,,1,,,,,pending,,,,,,,,,not_started
32.05.24.2003,32,JAWA BARAT,32.05,KAB. GARUT,32.05.24,SINGAJAYA,MEKARTANI,,,,,44173,44173,44170,44170;44173,review_required,unresolved,yes,No automatic selection: Kodepos.dev does not corroborate exactly one local source.,no,,diskominfo:32.05.24.2003;open_data_jabar:32.05.24.2003;kodepos_dev:32.05.24.2003,diskominfo_jabar_village_2024_unreviewed;open_data_jabar_postal_2023;kodepos_dev_rest_api,diskominfo:1748;open_data_jabar:19288;kodepos_dev:1748,2026-08-11,local_government_consensus_api_conflict,44173,Diskominfo and Open Data Jabar agree; Kodepos.dev differs.,government_sources_agree_api_differs,,,1,,,,,pending,,,,,,,,,not_started
32.05.24.2004,32,JAWA BARAT,32.05,KAB. GARUT,32.05.24,SINGAJAYA,SUKAMULYA,,,,,44173,44173,44170,44170;44173,review_required,unresolved,yes,No automatic selection: Kodepos.dev does not corroborate exactly one local source.,no,,diskominfo:32.05.24.2004;open_data_jabar:32.05.24.2004;kodepos_dev:32.05.24.2004,diskominfo_jabar_village_2024_unreviewed;open_data_jabar_postal_2023;kodepos_dev_rest_api,diskominfo:1749;open_data_jabar:19289;kodepos_dev:1749,2026-08-11,local_government_consensus_api_conflict,44173,Diskominfo and Open Data Jabar agree; Kodepos.dev differs.,government_sources_agree_api_differs,,,1,,,,,pending,,,,,,,,,not_started
32.05.24.2005,32,JAWA BARAT,32.05,KAB. GARUT,32.05.24,SINGAJAYA,SUKAWANGI,,,,,44173,44173,44170,44170;44173,review_required,unresolved,yes,No automatic selection: Kodepos.dev does not corroborate exactly one local source.,no,,diskominfo:32.05.24.2005;open_data_jabar:32.05.24.2005;kodepos_dev:32.05.24.2005,diskominfo_jabar_village_2024_unreviewed;open_data_jabar_postal_2023;kodepos_dev_rest_api,diskominfo:1750;open_data_jabar:19290;kodepos_dev:1750,2026-08-11,local_government_consensus_api_conflict,44173,Diskominfo and Open Data Jabar agree; Kodepos.dev differs.,government_sources_agree_api_differs,,,1,,,,,pending,,,,,,,,,not_started
32.05.24.2006,32,JAWA BARAT,32.05,KAB. GARUT,32.05.24,SINGAJAYA,PANCASURA,,,,,44173,44173,44170,44170;44173,review_required,unresolved,yes,No automatic selection: Kodepos.dev does not corroborate exactly one local source.,no,,diskominfo:32.05.24.2006;open_data_jabar:32.05.24.2006;kodepos_dev:32.05.24.2006,diskominfo_jabar_village_2024_unreviewed;open_data_jabar_postal_2023;kodepos_dev_rest_api,diskominfo:1751;open_data_jabar:19291;kodepos_dev:1751,2026-08-11,local_government_consensus_api_conflict,44173,Diskominfo and Open Data Jabar agree; Kodepos.dev differs.,government_sources_agree_api_differs,,,1,,,,,pending,,,,,,,,,not_started
32.05.24.2007,32,JAWA BARAT,32.05,KAB. GARUT,32.05.24,SINGAJAYA,KARANGAGUNG,,,,,44173,44173,44170,44170;44173,review_required,unresolved,yes,No automatic selection: Kodepos.dev does not corroborate exactly one local source.,no,,diskominfo:32.05.24.2007;open_data_jabar:32.05.24.2007;kodepos_dev:32.05.24.2007,diskominfo_jabar_village_2024_unreviewed;open_data_jabar_postal_2023;kodepos_dev_rest_api,diskominfo:1752;open_data_jabar:19293;kodepos_dev:1752,2026-08-11,local_government_consensus_api_conflict,44173,Diskominfo and Open Data Jabar agree; Kodepos.dev differs.,government_sources_agree_api_differs,,,1,,,,,pending,,,,,,,,,not_started
32.05.24.2008,32,JAWA BARAT,32.05,KAB. GARUT,32.05.24,SINGAJAYA,CIGINTUNG,,,,,44173,44173,44170,44170;44173,review_required,unresolved,yes,No automatic selection: Kodepos.dev does not corroborate exactly one local source.,no,,diskominfo:32.05.24.2008;open_data_jabar:32.05.24.2008;kodepos_dev:32.05.24.2008,diskominfo_jabar_village_2024_unreviewed;open_data_jabar_postal_2023;kodepos_dev_rest_api,diskominfo:1753;open_data_jabar:19294;kodepos_dev:1753,2026-08-11,local_government_consensus_api_conflict,44173,Diskominfo and Open Data Jabar agree; Kodepos.dev differs.,government_sources_agree_api_differs,,,1,,,,,pending,,,,,,,,,not_started
32.05.24.2009,32,JAWA BARAT,32.05,KAB. GARUT,32.05.24,SINGAJAYA,GIRIMUKTI,,,,,44173,44173,44170,44170;44173,review_required,unresolved,yes,No automatic selection: Kodepos.dev does not corroborate exactly one local source.,no,,diskominfo:32.05.24.2009;open_data_jabar:32.05.24.2009;kodepos_dev:32.05.24.2009,diskominfo_jabar_village_2024_unreviewed;open_data_jabar_postal_2023;kodepos_dev_rest_api,diskominfo:1754;open_data_jabar:19295;kodepos_dev:1754,2026-08-11,local_government_consensus_api_conflict,44173,Diskominfo and Open Data Jabar agree; Kodepos.dev differs.,government_sources_agree_api_differs,,,1,,,,,pending,,,,,,,,,not_started
32.05.35.2001,32,JAWA BARAT,32.05,KAB. GARUT,32.05.35,CISEWU,CISEWU,,,,,44166,44166,44169,44166;44169,review_required,unresolved,yes,No automatic selection: Kodepos.dev does not corroborate exactly one local source.,no,,diskominfo:32.05.35.2001;open_data_jabar:32.05.35.2001;kodepos_dev:32.05.35.2001,diskominfo_jabar_village_2024_unreviewed;open_data_jabar_postal_2023;kodepos_dev_rest_api,diskominfo:1842;open_data_jabar:19393;kodepos_dev:1842,2026-08-11,local_government_consensus_api_conflict,44166,Diskominfo and Open Data Jabar agree; Kodepos.dev differs.,government_sources_agree_api_differs,,,1,,,,,pending,,,,,,,,,not_started
32.05.35.2002,32,JAWA BARAT,32.05,KAB. GARUT,32.05.35,CISEWU,GIRIMUKTI,,,,,44166,44166,44169,44166;44169,review_required,unresolved,yes,No automatic selection: Kodepos.dev does not corroborate exactly one local source.,no,,diskominfo:32.05.35.2002;open_data_jabar:32.05.35.2002;kodepos_dev:32.05.35.2002,diskominfo_jabar_village_2024_unreviewed;open_data_jabar_postal_2023;kodepos_dev_rest_api,diskominfo:1843;open_data_jabar:19394;kodepos_dev:1843,2026-08-11,local_government_consensus_api_conflict,44166,Diskominfo and Open Data Jabar agree; Kodepos.dev differs.,government_sources_agree_api_differs,,,1,,,,,pending,,,,,,,,,not_started
32.05.35.2003,32,JAWA BARAT,32.05,KAB. GARUT,32.05.35,CISEWU,PAMALAYAN,,,,,44166,44166,44169,44166;44169,review_required,unresolved,yes,No automatic selection: Kodepos.dev does not corroborate exactly one local source.,no,,diskominfo:32.05.35.2003;open_data_jabar:32.05.35.2003;kodepos_dev:32.05.35.2003,diskominfo_jabar_village_2024_unreviewed;open_data_jabar_postal_2023;kodepos_dev_rest_api,diskominfo:1844;open_data_jabar:19395;kodepos_dev:1844,2026-08-11,local_government_consensus_api_conflict,44166,Diskominfo and Open Data Jabar agree; Kodepos.dev differs.,government_sources_agree_api_differs,,,1,,,,,pending,,,,,,,,,not_started
32.05.35.2004,32,JAWA BARAT,32.05,KAB. GARUT,32.05.35,CISEWU,CIKARANG,,,,,44166,44166,44169,44166;44169,review_required,unresolved,yes,No automatic selection: Kodepos.dev does not corroborate exactly one local source.,no,,diskominfo:32.05.35.2004;open_data_jabar:32.05.35.2004;kodepos_dev:32.05.35.2004,diskominfo_jabar_village_2024_unreviewed;open_data_jabar_postal_2023;kodepos_dev_rest_api,diskominfo:1845;open_data_jabar:19396;kodepos_dev:1845,2026-08-11,local_government_consensus_api_conflict,44166,Diskominfo and Open Data Jabar agree; Kodepos.dev differs.,government_sources_agree_api_differs,,,1,,,,,pending,,,,,,,,,not_started
32.05.35.2005,32,JAWA BARAT,32.05,KAB. GARUT,32.05.35,CISEWU,SUKAJAYA,,,,,44166,44166,44169,44166;44169,review_required,unresolved,yes,No automatic selection: Kodepos.dev does not corroborate exactly one local source.,no,,diskominfo:32.05.35.2005;open_data_jabar:32.05.35.2005;kodepos_dev:32.05.35.2005,diskominfo_jabar_village_2024_unreviewed;open_data_jabar_postal_2023;kodepos_dev_rest_api,diskominfo:1846;open_data_jabar:19397;kodepos_dev:1846,2026-08-11,local_government_consensus_api_conflict,44166,Diskominfo and Open Data Jabar agree; Kodepos.dev differs.,government_sources_agree_api_differs,,,1,,,,,pending,,,,,,,,,not_started
32.05.35.2006,32,JAWA BARAT,32.05,KAB. GARUT,32.05.35,CISEWU,NYALINDUNG,,,,,44166,44166,44169,44166;44169,review_required,unresolved,yes,No automatic selection: Kodepos.dev does not corroborate exactly one local source.,no,,diskominfo:32.05.35.2006;open_data_jabar:32.05.35.2006;kodepos_dev:32.05.35.2006,diskominfo_jabar_village_2024_unreviewed;open_data_jabar_postal_2023;kodepos_dev_rest_api,diskominfo:1847;open_data_jabar:19398;kodepos_dev:1847,2026-08-11,local_government_consensus_api_conflict,44166,Diskominfo and Open Data Jabar agree; Kodepos.dev differs.,government_sources_agree_api_differs,,,1,,,,,pending,,,,,,,,,not_started
32.05.35.2007,32,JAWA BARAT,32.05,KAB. GARUT,32.05.35,CISEWU,KARANGSEWU,,,,,44166,44166,44169,44166;44169,review_required,unresolved,yes,No automatic selection: Kodepos.dev does not corroborate exactly one local source.,no,,diskominfo:32.05.35.2007;open_data_jabar:32.05.35.2007;kodepos_dev:32.05.35.2007,diskominfo_jabar_village_2024_unreviewed;open_data_jabar_postal_2023;kodepos_dev_rest_api,diskominfo:1848;open_data_jabar:19399;kodepos_dev:1848,2026-08-11,local_government_consensus_api_conflict,44166,Diskominfo and Open Data Jabar agree; Kodepos.dev differs.,government_sources_agree_api_differs,,,1,,,,,pending,,,,,,,,,not_started
32.05.35.2008,32,JAWA BARAT,32.05,KAB. GARUT,32.05.35,CISEWU,MEKARSEWU,,,,,44166,44166,44169,44166;44169,review_required,unresolved,yes,No automatic selection: Kodepos.dev does not corroborate exactly one local source.,no,,diskominfo:32.05.35.2008;open_data_jabar:32.05.35.2008;kodepos_dev:32.05.35.2008,diskominfo_jabar_village_2024_unreviewed;open_data_jabar_postal_2023;kodepos_dev_rest_api,diskominfo:1849;open_data_jabar:19400;kodepos_dev:1849,2026-08-11,local_government_consensus_api_conflict,44166,Diskominfo and Open Data Jabar agree; Kodepos.dev differs.,government_sources_agree_api_differs,,,1,,,,,pending,,,,,,,,,not_started
32.05.35.2009,32,JAWA BARAT,32.05,KAB. GARUT,32.05.35,CISEWU,PANGGALIH,,,,,44166,44166,44169,44166;44169,review_required,unresolved,yes,No automatic selection: Kodepos.dev does not corroborate exactly one local source.,no,,diskominfo:32.05.35.2009;open_data_jabar:32.05.35.2009;kodepos_dev:32.05.35.2009,diskominfo_jabar_village_2024_unreviewed;open_data_jabar_postal_2023;kodepos_dev_rest_api,diskominfo:1850;open_data_jabar:19401;kodepos_dev:1850,2026-08-11,local_government_consensus_api_conflict,44166,Diskominfo and Open Data Jabar agree; Kodepos.dev differs.,government_sources_agree_api_differs,,,1,,,,,pending,,,,,,,,,not_started
32.05.36.2006,32,JAWA BARAT,32.05,KAB. GARUT,32.05.36,CARINGIN,SAMUDERAJAYA,,,,,44169,44169,44166,44166;44169,review_required,unresolved,yes,No automatic selection: Kodepos.dev does not corroborate exactly one local source.,no,,diskominfo:32.05.36.2006;open_data_jabar:32.05.36.2006;kodepos_dev:32.05.36.2006,diskominfo_jabar_village_2024_unreviewed;open_data_jabar_postal_2023;kodepos_dev_rest_api,diskominfo:1856;open_data_jabar:19408;kodepos_dev:1856,2026-08-11,local_government_consensus_api_conflict,44169,Diskominfo and Open Data Jabar agree; Kodepos.dev differs.,government_sources_agree_api_differs,,,1,,,,,pending,,,,,,,,,not_started
32.06.07.2007,32,JAWA BARAT,32.06,KAB. TASIKMALAYA,32.06.07,PARUNGPONTENG,GIRIKENCANA,,,,,46476,46476,46189,46189;46476,review_required,unresolved,yes,No automatic selection: Kodepos.dev does not corroborate exactly one local source.,no,,diskominfo:32.06.07.2007;open_data_jabar:32.06.07.2007;kodepos_dev:32.06.07.2007,diskominfo_jabar_village_2024_unreviewed;open_data_jabar_postal_2023;kodepos_dev_rest_api,diskominfo:1979;open_data_jabar:19544;kodepos_dev:1979,2026-08-11,local_government_consensus_api_conflict,46476,Diskominfo and Open Data Jabar agree; Kodepos.dev differs.,government_sources_agree_api_differs,,,1,,,,,pending,,,,,,,,,not_started
32.06.11.2001,32,JAWA BARAT,32.06,KAB. TASIKMALAYA,32.06.11,BOJONGGAMBIR,BOJONGKAPOL,,,,,46475,46475,46476,46475;46476,review_required,unresolved,yes,No automatic selection: Kodepos.dev does not corroborate exactly one local source.,no,,diskominfo:32.06.11.2001;open_data_jabar:32.06.11.2001;kodepos_dev:32.06.11.2001,diskominfo_jabar_village_2024_unreviewed;open_data_jabar_postal_2023;kodepos_dev_rest_api,diskominfo:2000;open_data_jabar:19568;kodepos_dev:2000,2026-08-11,local_government_consensus_api_conflict,46475,Diskominfo and Open Data Jabar agree; Kodepos.dev differs.,government_sources_agree_api_differs,,,1,,,,,pending,,,,,,,,,not_started
32.06.11.2002,32,JAWA BARAT,32.06,KAB. TASIKMALAYA,32.06.11,BOJONGGAMBIR,PEDANGKAMULYAN,,,,,46475,46475,46476,46475;46476,review_required,unresolved,yes,No automatic selection: Kodepos.dev does not corroborate exactly one local source.,no,,diskominfo:32.06.11.2002;open_data_jabar:32.06.11.2002;kodepos_dev:32.06.11.2002,diskominfo_jabar_village_2024_unreviewed;open_data_jabar_postal_2023;kodepos_dev_rest_api,diskominfo:2001;open_data_jabar:19569;kodepos_dev:2001,2026-08-11,local_government_consensus_api_conflict,46475,Diskominfo and Open Data Jabar agree; Kodepos.dev differs.,government_sources_agree_api_differs,,,1,,,,,pending,,,,,,,,,not_started
32.06.11.2003,32,JAWA BARAT,32.06,KAB. TASIKMALAYA,32.06.11,BOJONGGAMBIR,BOJONGGAMBIR,,,,,46475,46475,46476,46475;46476,review_required,unresolved,yes,No automatic selection: Kodepos.dev does not corroborate exactly one local source.,no,,diskominfo:32.06.11.2003;open_data_jabar:32.06.11.2003;kodepos_dev:32.06.11.2003,diskominfo_jabar_village_2024_unreviewed;open_data_jabar_postal_2023;kodepos_dev_rest_api,diskominfo:2002;open_data_jabar:19571;kodepos_dev:2002,2026-08-11,local_government_consensus_api_conflict,46475,Diskominfo and Open Data Jabar agree; Kodepos.dev differs.,government_sources_agree_api_differs,,,1,,,,,pending,,,,,,,,,not_started
32.06.11.2004,32,JAWA BARAT,32.06,KAB. TASIKMALAYA,32.06.11,BOJONGGAMBIR,CIROYOM,,,,,46475,46475,46476,46475;46476,review_required,unresolved,yes,No automatic selection: Kodepos.dev does not corroborate exactly one local source.,no,,diskominfo:32.06.11.2004;open_data_jabar:32.06.11.2004;kodepos_dev:32.06.11.2004,diskominfo_jabar_village_2024_unreviewed;open_data_jabar_postal_2023;kodepos_dev_rest_api,diskominfo:2003;open_data_jabar:19572;kodepos_dev:2003,2026-08-11,local_government_consensus_api_conflict,46475,Diskominfo and Open Data Jabar agree; Kodepos.dev differs.,government_sources_agree_api_differs,,,1,,,,,pending,,,,,,,,,not_started
32.06.11.2005,32,JAWA BARAT,32.06,KAB. TASIKMALAYA,32.06.11,BOJONGGAMBIR,WANDASARI,,,,,46475,46475,46476,46475;46476,review_required,unresolved,yes,No automatic selection: Kodepos.dev does not corroborate exactly one local source.,no,,diskominfo:32.06.11.2005;open_data_jabar:32.06.11.2005;kodepos_dev:32.06.11.2005,diskominfo_jabar_village_2024_unreviewed;open_data_jabar_postal_2023;kodepos_dev_rest_api,diskominfo:2004;open_data_jabar:19573;kodepos_dev:2004,2026-08-11,local_government_consensus_api_conflict,46475,Diskominfo and Open Data Jabar agree; Kodepos.dev differs.,government_sources_agree_api_differs,,,1,,,,,pending,,,,,,,,,not_started
32.06.11.2006,32,JAWA BARAT,32.06,KAB. TASIKMALAYA,32.06.11,BOJONGGAMBIR,CAMPAKASARI,,,,,46475,46475,46476,46475;46476,review_required,unresolved,yes,No automatic selection: Kodepos.dev does not corroborate exactly one local source.,no,,diskominfo:32.06.11.2006;open_data_jabar:32.06.11.2006;kodepos_dev:32.06.11.2006,diskominfo_jabar_village_2024_unreviewed;open_data_jabar_postal_2023;kodepos_dev_rest_api,diskominfo:2005;open_data_jabar:19574;kodepos_dev:2005,2026-08-11,local_government_consensus_api_conflict,46475,Diskominfo and Open Data Jabar agree; Kodepos.dev differs.,government_sources_agree_api_differs,,,1,,,,,pending,,,,,,,,,not_started
32.06.11.2007,32,JAWA BARAT,32.06,KAB. TASIKMALAYA,32.06.11,BOJONGGAMBIR,MANGKONJAYA,,,,,46475,46475,46476,46475;46476,review_required,unresolved,yes,No automatic selection: Kodepos.dev does not corroborate exactly one local source.,no,,diskominfo:32.06.11.2007;open_data_jabar:32.06.11.2007;kodepos_dev:32.06.11.2007,diskominfo_jabar_village_2024_unreviewed;open_data_jabar_postal_2023;kodepos_dev_rest_api,diskominfo:2006;open_data_jabar:19575;kodepos_dev:2006,2026-08-11,local_government_consensus_api_conflict,46475,Diskominfo and Open Data Jabar agree; Kodepos.dev differs.,government_sources_agree_api_differs,,,1,,,,,pending,,,,,,,,,not_started
32.06.11.2008,32,JAWA BARAT,32.06,KAB. TASIKMALAYA,32.06.11,BOJONGGAMBIR,KERTANEGLA,,,,,46475,46475,46476,46475;46476,review_required,unresolved,yes,No automatic selection: Kodepos.dev does not corroborate exactly one local source.,no,,diskominfo:32.06.11.2008;open_data_jabar:32.06.11.2008;kodepos_dev:32.06.11.2008,diskominfo_jabar_village_2024_unreviewed;open_data_jabar_postal_2023;kodepos_dev_rest_api,diskominfo:2007;open_data_jabar:19576;kodepos_dev:2007,2026-08-11,local_government_consensus_api_conflict,46475,Diskominfo and Open Data Jabar agree; Kodepos.dev differs.,government_sources_agree_api_differs,,,1,,,,,pending,,,,,,,,,not_started
32.06.11.2009,32,JAWA BARAT,32.06,KAB. TASIKMALAYA,32.06.11,BOJONGGAMBIR,PURWARAHARJA,,,,,46475,46475,46476,46475;46476,review_required,unresolved,yes,No automatic selection: Kodepos.dev does not corroborate exactly one local source.,no,,diskominfo:32.06.11.2009;open_data_jabar:32.06.11.2009;kodepos_dev:32.06.11.2009,diskominfo_jabar_village_2024_unreviewed;open_data_jabar_postal_2023;kodepos_dev_rest_api,diskominfo:2008;open_data_jabar:19577;kodepos_dev:2008,2026-08-11,local_government_consensus_api_conflict,46475,Diskominfo and Open Data Jabar agree; Kodepos.dev differs.,government_sources_agree_api_differs,,,1,,,,,pending,,,,,,,,,not_started
32.06.11.2010,32,JAWA BARAT,32.06,KAB. TASIKMALAYA,32.06.11,BOJONGGAMBIR,GIRIMUKTI,,,,,46475,46475,46476,46475;46476,review_required,unresolved,yes,No automatic selection: Kodepos.dev does not corroborate exactly one local source.,no,,diskominfo:32.06.11.2010;open_data_jabar:32.06.11.2010;kodepos_dev:32.06.11.2010,diskominfo_jabar_village_2024_unreviewed;open_data_jabar_postal_2023;kodepos_dev_rest_api,diskominfo:2009;open_data_jabar:19578;kodepos_dev:2009,2026-08-11,local_government_consensus_api_conflict,46475,Diskominfo and Open Data Jabar agree; Kodepos.dev differs.,government_sources_agree_api_differs,,,1,,,,,pending,,,,,,,,,not_started
32.06.14.2001,32,JAWA BARAT,32.06,KAB. TASIKMALAYA,32.06.14,SALAWU,JAHIANG,,,,,46471,46471,46472,46471;46472,review_required,unresolved,yes,No automatic selection: Kodepos.dev does not corroborate exactly one local source.,no,,diskominfo:32.06.14.2001;open_data_jabar:32.06.14.2001;kodepos_dev:32.06.14.2001,diskominfo_jabar_village_2024_unreviewed;open_data_jabar_postal_2023;kodepos_dev_rest_api,diskominfo:2031;open_data_jabar:19602;kodepos_dev:2031,2026-08-11,local_government_consensus_api_conflict,46471,Diskominfo and Open Data Jabar agree; Kodepos.dev differs.,government_sources_agree_api_differs,,,1,,,,,pending,,,,,,,,,not_started
32.06.14.2002,32,JAWA BARAT,32.06,KAB. TASIKMALAYA,32.06.14,SALAWU,SERANG,,,,,46471,46471,46472,46471;46472,review_required,unresolved,yes,No automatic selection: Kodepos.dev does not corroborate exactly one local source.,no,,diskominfo:32.06.14.2002;open_data_jabar:32.06.14.2002;kodepos_dev:32.06.14.2002,diskominfo_jabar_village_2024_unreviewed;open_data_jabar_postal_2023;kodepos_dev_rest_api,diskominfo:2032;open_data_jabar:19604;kodepos_dev:2032,2026-08-11,local_government_consensus_api_conflict,46471,Diskominfo and Open Data Jabar agree; Kodepos.dev differs.,government_sources_agree_api_differs,,,1,,,,,pending,,,,,,,,,not_started
32.06.14.2003,32,JAWA BARAT,32.06,KAB. TASIKMALAYA,32.06.14,SALAWU,SALAWU,,,,,46471,46471,46472,46471;46472,review_required,unresolved,yes,No automatic selection: Kodepos.dev does not corroborate exactly one local source.,no,,diskominfo:32.06.14.2003;open_data_jabar:32.06.14.2003;kodepos_dev:32.06.14.2003,diskominfo_jabar_village_2024_unreviewed;open_data_jabar_postal_2023;kodepos_dev_rest_api,diskominfo:2033;open_data_jabar:19605;kodepos_dev:2033,2026-08-11,local_government_consensus_api_conflict,46471,Diskominfo and Open Data Jabar agree; Kodepos.dev differs.,government_sources_agree_api_differs,,,1,,,,,pending,,,,,,,,,not_started
32.06.14.2004,32,JAWA BARAT,32.06,KAB. TASIKMALAYA,32.06.14,SALAWU,NEGLASARI,,,,,46471,46471,46472,46471;46472,review_required,unresolved,yes,No automatic selection: Kodepos.dev does not corroborate exactly one local source.,no,,diskominfo:32.06.14.2004;open_data_jabar:32.06.14.2004;kodepos_dev:32.06.14.2004,diskominfo_jabar_village_2024_unreviewed;open_data_jabar_postal_2023;kodepos_dev_rest_api,diskominfo:2034;open_data_jabar:19606;kodepos_dev:2034,2026-08-11,local_government_consensus_api_conflict,46471,Diskominfo and Open Data Jabar agree; Kodepos.dev differs.,government_sources_agree_api_differs,,,1,,,,,pending,,,,,,,,,not_started
32.06.14.2005,32,JAWA BARAT,32.06,KAB. TASIKMALAYA,32.06.14,SALAWU,TANJUNGSARI,,,,,46471,46471,46472,46471;46472,review_required,unresolved,yes,No automatic selection: Kodepos.dev does not corroborate exactly one local source.,no,,diskominfo:32.06.14.2005;open_data_jabar:32.06.14.2005;kodepos_dev:32.06.14.2005,diskominfo_jabar_village_2024_unreviewed;open_data_jabar_postal_2023;kodepos_dev_rest_api,diskominfo:2035;open_data_jabar:19607;kodepos_dev:2035,2026-08-11,local_government_consensus_api_conflict,46471,Diskominfo and Open Data Jabar agree; Kodepos.dev differs.,government_sources_agree_api_differs,,,1,,,,,pending,,,,,,,,,not_started
32.06.14.2006,32,JAWA BARAT,32.06,KAB. TASIKMALAYA,32.06.14,SALAWU,TENJOWARINGIN,,,,,46471,46471,46472,46471;46472,review_required,unresolved,yes,No automatic selection: Kodepos.dev does not corroborate exactly one local source.,no,,diskominfo:32.06.14.2006;open_data_jabar:32.06.14.2006;kodepos_dev:32.06.14.2006,diskominfo_jabar_village_2024_unreviewed;open_data_jabar_postal_2023;kodepos_dev_rest_api,diskominfo:2036;open_data_jabar:19608;kodepos_dev:2036,2026-08-11,local_government_consensus_api_conflict,46471,Diskominfo and Open Data Jabar agree; Kodepos.dev differs.,government_sources_agree_api_differs,,,1,,,,,pending,,,,,,,,,not_started
32.06.14.2007,32,JAWA BARAT,32.06,KAB. TASIKMALAYA,32.06.14,SALAWU,SUNDAWENANG,,,,,46471,46471,46472,46471;46472,review_required,unresolved,yes,No automatic selection: Kodepos.dev does not corroborate exactly one local source.,no,,diskominfo:32.06.14.2007;open_data_jabar:32.06.14.2007;kodepos_dev:32.06.14.2007,diskominfo_jabar_village_2024_unreviewed;open_data_jabar_postal_2023;kodepos_dev_rest_api,diskominfo:2037;open_data_jabar:19609;kodepos_dev:2037,2026-08-11,local_government_consensus_api_conflict,46471,Diskominfo and Open Data Jabar agree; Kodepos.dev differs.,government_sources_agree_api_differs,,,1,,,,,pending,,,,,,,,,not_started
32.06.14.2008,32,JAWA BARAT,32.06,KAB. TASIKMALAYA,32.06.14,SALAWU,KAWUNGSARI,,,,,46471,46471,46472,46471;46472,review_required,unresolved,yes,No automatic selection: Kodepos.dev does not corroborate exactly one local source.,no,,diskominfo:32.06.14.2008;open_data_jabar:32.06.14.2008;kodepos_dev:32.06.14.2008,diskominfo_jabar_village_2024_unreviewed;open_data_jabar_postal_2023;kodepos_dev_rest_api,diskominfo:2038;open_data_jabar:19610;kodepos_dev:2038,2026-08-11,local_government_consensus_api_conflict,46471,Diskominfo and Open Data Jabar agree; Kodepos.dev differs.,government_sources_agree_api_differs,,,1,,,,,pending,,,,,,,,,not_started
32.06.14.2009,32,JAWA BARAT,32.06,KAB. TASIKMALAYA,32.06.14,SALAWU,SUKARASA,,,,,46471,46471,46472,46471;46472,review_required,unresolved,yes,No automatic selection: Kodepos.dev does not corroborate exactly one local source.,no,,diskominfo:32.06.14.2009;open_data_jabar:32.06.14.2009;kodepos_dev:32.06.14.2009,diskominfo_jabar_village_2024_unreviewed;open_data_jabar_postal_2023;kodepos_dev_rest_api,diskominfo:2039;open_data_jabar:19611;kodepos_dev:2039,2026-08-11,local_government_consensus_api_conflict,46471,Diskominfo and Open Data Jabar agree; Kodepos.dev differs.,government_sources_agree_api_differs,,,1,,,,,pending,,,,,,,,,not_started
32.06.14.2010,32,JAWA BARAT,32.06,KAB. TASIKMALAYA,32.06.14,SALAWU,KUTAWARINGIN,,,,,46471,46471,46472,46471;46472,review_required,unresolved,yes,No automatic selection: Kodepos.dev does not corroborate exactly one local source.,no,,diskominfo:32.06.14.2010;open_data_jabar:32.06.14.2010;kodepos_dev:32.06.14.2010,diskominfo_jabar_village_2024_unreviewed;open_data_jabar_postal_2023;kodepos_dev_rest_api,diskominfo:2040;open_data_jabar:19612;kodepos_dev:2040,2026-08-11,local_government_consensus_api_conflict,46471,Diskominfo and Open Data Jabar agree; Kodepos.dev differs.,government_sources_agree_api_differs,,,1,,,,,pending,,,,,,,,,not_started
32.06.14.2011,32,JAWA BARAT,32.06,KAB. TASIKMALAYA,32.06.14,SALAWU,KARANGMUKTI,,,,,46471,46471,46472,46471;46472,review_required,unresolved,yes,No automatic selection: Kodepos.dev does not corroborate exactly one local source.,no,,diskominfo:32.06.14.2011;open_data_jabar:32.06.14.2011;kodepos_dev:32.06.14.2011,diskominfo_jabar_village_2024_unreviewed;open_data_jabar_postal_2023;kodepos_dev_rest_api,diskominfo:2041;open_data_jabar:19613;kodepos_dev:2041,2026-08-11,local_government_consensus_api_conflict,46471,Diskominfo and Open Data Jabar agree; Kodepos.dev differs.,government_sources_agree_api_differs,,,1,,,,,pending,,,,,,,,,not_started
32.06.14.2012,32,JAWA BARAT,32.06,KAB. TASIKMALAYA,32.06.14,SALAWU,MARGALAKSANA,,,,,46471,46471,46472,46471;46472,review_required,unresolved,yes,No automatic selection: Kodepos.dev does not corroborate exactly one local source.,no,,diskominfo:32.06.14.2012;open_data_jabar:32.06.14.2012;kodepos_dev:32.06.14.2012,diskominfo_jabar_village_2024_unreviewed;open_data_jabar_postal_2023;kodepos_dev_rest_api,diskominfo:2042;open_data_jabar:19615;kodepos_dev:2042,2026-08-11,local_government_consensus_api_conflict,46471,Diskominfo and Open Data Jabar agree; Kodepos.dev differs.,government_sources_agree_api_differs,,,1,,,,,pending,,,,,,,,,not_started
32.06.19.2011,32,JAWA BARAT,32.06,KAB. TASIKMALAYA,32.06.19,JATIWARAS,MANDALAHURIP,,,,,46491,46491,46180,46180;46491,review_required,unresolved,yes,No automatic selection: Kodepos.dev does not corroborate exactly one local source.,no,,diskominfo:32.06.19.2011;open_data_jabar:32.06.19.2011;kodepos_dev:32.06.19.2011,diskominfo_jabar_village_2024_unreviewed;open_data_jabar_postal_2023;kodepos_dev_rest_api,diskominfo:2085;open_data_jabar:19662;kodepos_dev:2085,2026-08-11,local_government_consensus_api_conflict,46491,Diskominfo and Open Data Jabar agree; Kodepos.dev differs.,government_sources_agree_api_differs,,,1,,,,,pending,,,,,,,,,not_started
32.06.23.2001,32,JAWA BARAT,32.06,KAB. TASIKMALAYA,32.06.23,GUNUNG TANJUNG,CINUNJANG,,,,,46496,46496,46418,46418;46496,review_required,unresolved,yes,No automatic selection: Kodepos.dev does not corroborate exactly one local source.,no,,diskominfo:32.06.23.2001;open_data_jabar:32.06.23.2001;kodepos_dev:32.06.23.2001,diskominfo_jabar_village_2024_unreviewed;open_data_jabar_postal_2023;kodepos_dev_rest_api,diskominfo:2112;open_data_jabar:19693;kodepos_dev:2112,2026-08-11,local_government_consensus_api_conflict,46496,Diskominfo and Open Data Jabar agree; Kodepos.dev differs.,government_sources_agree_api_differs,,,1,,,,,pending,,,,,,,,,not_started
32.06.23.2002,32,JAWA BARAT,32.06,KAB. TASIKMALAYA,32.06.23,GUNUNG TANJUNG,GUNUNGTANJUNG,,,,,46496,46496,46418,46418;46496,review_required,unresolved,yes,No automatic selection: Kodepos.dev does not corroborate exactly one local source.,no,,diskominfo:32.06.23.2002;open_data_jabar:32.06.23.2002;kodepos_dev:32.06.23.2002,diskominfo_jabar_village_2024_unreviewed;open_data_jabar_postal_2023;kodepos_dev_rest_api,diskominfo:2113;open_data_jabar:19694;kodepos_dev:2113,2026-08-11,local_government_consensus_api_conflict,46496,Diskominfo and Open Data Jabar agree; Kodepos.dev differs.,government_sources_agree_api_differs,,,1,,,,,pending,,,,,,,,,not_started
32.06.23.2003,32,JAWA BARAT,32.06,KAB. TASIKMALAYA,32.06.23,GUNUNG TANJUNG,BOJONGSARI,,,,,46496,46496,46418,46418;46496,review_required,unresolved,yes,No automatic selection: Kodepos.dev does not corroborate exactly one local source.,no,,diskominfo:32.06.23.2003;open_data_jabar:32.06.23.2003;kodepos_dev:32.06.23.2003,diskominfo_jabar_village_2024_unreviewed;open_data_jabar_postal_2023;kodepos_dev_rest_api,diskominfo:2114;open_data_jabar:19695;kodepos_dev:2114,2026-08-11,local_government_consensus_api_conflict,46496,Diskominfo and Open Data Jabar agree; Kodepos.dev differs.,government_sources_agree_api_differs,,,1,,,,,pending,,,,,,,,,not_started
32.06.23.2004,32,JAWA BARAT,32.06,KAB. TASIKMALAYA,32.06.23,GUNUNG TANJUNG,JATIJAYA,,,,,46496,46496,46418,46418;46496,review_required,unresolved,yes,No automatic selection: Kodepos.dev does not corroborate exactly one local source.,no,,diskominfo:32.06.23.2004;open_data_jabar:32.06.23.2004;kodepos_dev:32.06.23.2004,diskominfo_jabar_village_2024_unreviewed;open_data_jabar_postal_2023;kodepos_dev_rest_api,diskominfo:2115;open_data_jabar:19696;kodepos_dev:2115,2026-08-11,local_government_consensus_api_conflict,46496,Diskominfo and Open Data Jabar agree; Kodepos.dev differs.,government_sources_agree_api_differs,,,1,,,,,pending,,,,,,,,,not_started
32.06.23.2006,32,JAWA BARAT,32.06,KAB. TASIKMALAYA,32.06.23,GUNUNG TANJUNG,GIRIWANGI,,,,,46496,46496,46418,46418;46496,review_required,unresolved,yes,No automatic selection: Kodepos.dev does not corroborate exactly one local source.,no,,diskominfo:32.06.23.2006;open_data_jabar:32.06.23.2006;kodepos_dev:32.06.23.2006,diskominfo_jabar_village_2024_unreviewed;open_data_jabar_postal_2023;kodepos_dev_rest_api,diskominfo:2117;open_data_jabar:19698;kodepos_dev:2117,2026-08-11,local_government_consensus_api_conflict,46496,Diskominfo and Open Data Jabar agree; Kodepos.dev differs.,government_sources_agree_api_differs,,,1,,,,,pending,,,,,,,,,not_started
32.06.23.2007,32,JAWA BARAT,32.06,KAB. TASIKMALAYA,32.06.23,GUNUNG TANJUNG,MALATISUKA,,,,,46496,46496,46418,46418;46496,review_required,unresolved,yes,No automatic selection: Kodepos.dev does not corroborate exactly one local source.,no,,diskominfo:32.06.23.2007;open_data_jabar:32.06.23.2007;kodepos_dev:32.06.23.2007,diskominfo_jabar_village_2024_unreviewed;open_data_jabar_postal_2023;kodepos_dev_rest_api,diskominfo:2118;open_data_jabar:19699;kodepos_dev:2118,2026-08-11,local_government_consensus_api_conflict,46496,Diskominfo and Open Data Jabar agree; Kodepos.dev differs.,government_sources_agree_api_differs,,,1,,,,,pending,,,,,,,,,not_started
32.08.13.2006,32,JAWA BARAT,32.08,KAB. KUNINGAN,32.08.13,CILIMUS,BANDORASA WETAN,,,,,45556,45556,45551,45551;45556,review_required,unresolved,yes,No automatic selection: Kodepos.dev does not corroborate exactly one local source.,no,,diskominfo:32.08.13.2006;open_data_jabar:32.08.13.2006;kodepos_dev:32.08.13.2006,diskominfo_jabar_village_2024_unreviewed;open_data_jabar_postal_2023;kodepos_dev_rest_api,diskominfo:2684;open_data_jabar:20328;kodepos_dev:2684,2026-08-11,local_government_consensus_api_conflict,45556,Diskominfo and Open Data Jabar agree; Kodepos.dev differs.,government_sources_agree_api_differs,,,1,,,,,pending,,,,,,,,,not_started
32.08.13.2007,32,JAWA BARAT,32.08,KAB. KUNINGAN,32.08.13,CILIMUS,BANDORASA KULON,,,,,45556,45556,45551,45551;45556,review_required,unresolved,yes,No automatic selection: Kodepos.dev does not corroborate exactly one local source.,no,,diskominfo:32.08.13.2007;open_data_jabar:32.08.13.2007;kodepos_dev:32.08.13.2007,diskominfo_jabar_village_2024_unreviewed;open_data_jabar_postal_2023;kodepos_dev_rest_api,diskominfo:2685;open_data_jabar:20329;kodepos_dev:2685,2026-08-11,local_government_consensus_api_conflict,45556,Diskominfo and Open Data Jabar agree; Kodepos.dev differs.,government_sources_agree_api_differs,,,1,,,,,pending,,,,,,,,,not_started
32.08.13.2008,32,JAWA BARAT,32.08,KAB. KUNINGAN,32.08.13,CILIMUS,LINGGASANA,,,,,45556,45556,45551,45551;45556,review_required,unresolved,yes,No automatic selection: Kodepos.dev does not corroborate exactly one local source.,no,,diskominfo:32.08.13.2008;open_data_jabar:32.08.13.2008;kodepos_dev:32.08.13.2008,diskominfo_jabar_village_2024_unreviewed;open_data_jabar_postal_2023;kodepos_dev_rest_api,diskominfo:2686;open_data_jabar:20330;kodepos_dev:2686,2026-08-11,local_government_consensus_api_conflict,45556,Diskominfo and Open Data Jabar agree; Kodepos.dev differs.,government_sources_agree_api_differs,,,1,,,,,pending,,,,,,,,,not_started
32.08.13.2009,32,JAWA BARAT,32.08,KAB. KUNINGAN,32.08.13,CILIMUS,LINGGARJATI,,,,,45556,45556,45551,45551;45556,review_required,unresolved,yes,No automatic selection: Kodepos.dev does not corroborate exactly one local source.,no,,diskominfo:32.08.13.2009;open_data_jabar:32.08.13.2009;kodepos_dev:32.08.13.2009,diskominfo_jabar_village_2024_unreviewed;open_data_jabar_postal_2023;kodepos_dev_rest_api,diskominfo:2687;open_data_jabar:20331;kodepos_dev:2687,2026-08-11,local_government_consensus_api_conflict,45556,Diskominfo and Open Data Jabar agree; Kodepos.dev differs.,government_sources_agree_api_differs,,,1,,,,,pending,,,,,,,,,not_started
32.08.13.2010,32,JAWA BARAT,32.08,KAB. KUNINGAN,32.08.13,CILIMUS,BOJONG,,,,,45556,45556,45551,45551;45556,review_required,unresolved,yes,No automatic selection: Kodepos.dev does not corroborate exactly one local source.,no,,diskominfo:32.08.13.2010;open_data_jabar:32.08.13.2010;kodepos_dev:32.08.13.2010,diskominfo_jabar_village_2024_unreviewed;open_data_jabar_postal_2023;kodepos_dev_rest_api,diskominfo:2688;open_data_jabar:20332;kodepos_dev:2688,2026-08-11,local_government_consensus_api_conflict,45556,Diskominfo and Open Data Jabar agree; Kodepos.dev differs.,government_sources_agree_api_differs,,,1,,,,,pending,,,,,,,,,not_started
32.08.13.2015,32,JAWA BARAT,32.08,KAB. KUNINGAN,32.08.13,CILIMUS,CILIMUS,,,,,45556,45556,45551,45551;45556,review_required,unresolved,yes,No automatic selection: Kodepos.dev does not corroborate exactly one local source.,no,,diskominfo:32.08.13.2015;open_data_jabar:32.08.13.2015;kodepos_dev:32.08.13.2015,diskominfo_jabar_village_2024_unreviewed;open_data_jabar_postal_2023;kodepos_dev_rest_api,diskominfo:2689;open_data_jabar:20333;kodepos_dev:2689,2026-08-11,local_government_consensus_api_conflict,45556,Diskominfo and Open Data Jabar agree; Kodepos.dev differs.,government_sources_agree_api_differs,,,1,,,,,pending,,,,,,,,,not_started
32.08.13.2016,32,JAWA BARAT,32.08,KAB. KUNINGAN,32.08.13,CILIMUS,SETIANEGARA,,,,,45556,45556,45551,45551;45556,review_required,unresolved,yes,No automatic selection: Kodepos.dev does not corroborate exactly one local source.,no,,diskominfo:32.08.13.2016;open_data_jabar:32.08.13.2016;kodepos_dev:32.08.13.2016,diskominfo_jabar_village_2024_unreviewed;open_data_jabar_postal_2023;kodepos_dev_rest_api,diskominfo:2690;open_data_jabar:20334;kodepos_dev:2690,2026-08-11,local_government_consensus_api_conflict,45556,Diskominfo and Open Data Jabar agree; Kodepos.dev differs.,government_sources_agree_api_differs,,,1,,,,,pending,,,,,,,,,not_started
32.08.13.2017,32,JAWA BARAT,32.08,KAB. KUNINGAN,32.08.13,CILIMUS,CIBEUREUM,,,,,45556,45556,45551,45551;45556,review_required,unresolved,yes,No automatic selection: Kodepos.dev does not corroborate exactly one local source.,no,,diskominfo:32.08.13.2017;open_data_jabar:32.08.13.2017;kodepos_dev:32.08.13.2017,diskominfo_jabar_village_2024_unreviewed;open_data_jabar_postal_2023;kodepos_dev_rest_api,diskominfo:2691;open_data_jabar:20335;kodepos_dev:2691,2026-08-11,local_government_consensus_api_conflict,45556,Diskominfo and Open Data Jabar agree; Kodepos.dev differs.,government_sources_agree_api_differs,,,1,,,,,pending,,,,,,,,,not_started
32.08.13.2018,32,JAWA BARAT,32.08,KAB. KUNINGAN,32.08.13,CILIMUS,KALIAREN,,,,,45556,45556,45551,45551;45556,review_required,unresolved,yes,No automatic selection: Kodepos.dev does not corroborate exactly one local source.,no,,diskominfo:32.08.13.2018;open_data_jabar:32.08.13.2018;kodepos_dev:32.08.13.2018,diskominfo_jabar_village_2024_unreviewed;open_data_jabar_postal_2023;kodepos_dev_rest_api,diskominfo:2692;open_data_jabar:20338;kodepos_dev:2692,2026-08-11,local_government_consensus_api_conflict,45556,Diskominfo and Open Data Jabar agree; Kodepos.dev differs.,government_sources_agree_api_differs,,,1,,,,,pending,,,,,,,,,not_started
32.08.13.2019,32,JAWA BARAT,32.08,KAB. KUNINGAN,32.08.13,CILIMUS,SAMPORA,,,,,45556,45556,45551,45551;45556,review_required,unresolved,yes,No automatic selection: Kodepos.dev does not corroborate exactly one local source.,no,,diskominfo:32.08.13.2019;open_data_jabar:32.08.13.2019;kodepos_dev:32.08.13.2019,diskominfo_jabar_village_2024_unreviewed;open_data_jabar_postal_2023;kodepos_dev_rest_api,diskominfo:2693;open_data_jabar:20339;kodepos_dev:2693,2026-08-11,local_government_consensus_api_conflict,45556,Diskominfo and Open Data Jabar agree; Kodepos.dev differs.,government_sources_agree_api_differs,,,1,,,,,pending,,,,,,,,,not_started
32.08.13.2020,32,JAWA BARAT,32.08,KAB. KUNINGAN,32.08.13,CILIMUS,CARACAS,,,,,45556,45556,45551,45551;45556,review_required,unresolved,yes,No automatic selection: Kodepos.dev does not corroborate exactly one local source.,no,,diskominfo:32.08.13.2020;open_data_jabar:32.08.13.2020;kodepos_dev:32.08.13.2020,diskominfo_jabar_village_2024_unreviewed;open_data_jabar_postal_2023;kodepos_dev_rest_api,diskominfo:2694;open_data_jabar:20340;kodepos_dev:2694,2026-08-11,local_government_consensus_api_conflict,45556,Diskominfo and Open Data Jabar agree; Kodepos.dev differs.,government_sources_agree_api_differs,,,1,,,,,pending,,,,,,,,,not_started
32.08.13.2023,32,JAWA BARAT,32.08,KAB. KUNINGAN,32.08.13,CILIMUS,LINGGAMEKAR,,,,,45556,45556,45551,45551;45556,review_required,unresolved,yes,No automatic selection: Kodepos.dev does not corroborate exactly one local source.,no,,diskominfo:32.08.13.2023;open_data_jabar:32.08.13.2023;kodepos_dev:32.08.13.2023,diskominfo_jabar_village_2024_unreviewed;open_data_jabar_postal_2023;kodepos_dev_rest_api,diskominfo:2695;open_data_jabar:20341;kodepos_dev:2695,2026-08-11,local_government_consensus_api_conflict,45556,Diskominfo and Open Data Jabar agree; Kodepos.dev differs.,government_sources_agree_api_differs,,,1,,,,,pending,,,,,,,,,not_started
32.08.13.2024,32,JAWA BARAT,32.08,KAB. KUNINGAN,32.08.13,CILIMUS,LINGGAINDAH,,,,,45556,45556,45551,45551;45556,review_required,unresolved,yes,No automatic selection: Kodepos.dev does not corroborate exactly one local source.,no,,diskominfo:32.08.13.2024;open_data_jabar:32.08.13.2024;kodepos_dev:32.08.13.2024,diskominfo_jabar_village_2024_unreviewed;open_data_jabar_postal_2023;kodepos_dev_rest_api,diskominfo:2696;open_data_jabar:20342;kodepos_dev:2696,2026-08-11,local_government_consensus_api_conflict,45556,Diskominfo and Open Data Jabar agree; Kodepos.dev differs.,government_sources_agree_api_differs,,,1,,,,,pending,,,,,,,,,not_started
32.09.05.2004,32,JAWA BARAT,32.09,KAB. CIREBON,32.09.05,BABAKAN,GEMBONGAN MEKAR,,,,,45691,45691,45191,45191;45691,review_required,unresolved,yes,No automatic selection: Kodepos.dev does not corroborate exactly one local source.,no,,diskominfo:32.09.05.2004;open_data_jabar:32.09.05.2004;kodepos_dev:32.09.05.2004,diskominfo_jabar_village_2024_unreviewed;open_data_jabar_postal_2023;kodepos_dev_rest_api,diskominfo:2945;open_data_jabar:20618;kodepos_dev:2945,2026-08-11,local_government_consensus_api_conflict,45691,Diskominfo and Open Data Jabar agree; Kodepos.dev differs.,government_sources_agree_api_differs,,,1,,,,,pending,,,,,,,,,not_started
32.09.05.2006,32,JAWA BARAT,32.09,KAB. CIREBON,32.09.05,BABAKAN,BABAKAN GEBANG,,,,,45691,45691,45191,45191;45691,review_required,unresolved,yes,No automatic selection: Kodepos.dev does not corroborate exactly one local source.,no,,diskominfo:32.09.05.2006;open_data_jabar:32.09.05.2006;kodepos_dev:32.09.05.2006,diskominfo_jabar_village_2024_unreviewed;open_data_jabar_postal_2023;kodepos_dev_rest_api,diskominfo:2947;open_data_jabar:20620;kodepos_dev:2947,2026-08-11,local_government_consensus_api_conflict,45691,Diskominfo and Open Data Jabar agree; Kodepos.dev differs.,government_sources_agree_api_differs,,,1,,,,,pending,,,,,,,,,not_started
32.09.08.2001,32,JAWA BARAT,32.09,KAB. CIREBON,32.09.08,SUSUKAN LEBAK,KARANGAMANGU,,,,,45685,45685,45185,45185;45685,review_required,unresolved,yes,No automatic selection: Kodepos.dev does not corroborate exactly one local source.,no,,diskominfo:32.09.08.2001;open_data_jabar:32.09.08.2001;kodepos_dev:32.09.08.2001,diskominfo_jabar_village_2024_unreviewed;open_data_jabar_postal_2023;kodepos_dev_rest_api,diskominfo:2977;open_data_jabar:20653;kodepos_dev:2977,2026-08-11,local_government_consensus_api_conflict,45685,Diskominfo and Open Data Jabar agree; Kodepos.dev differs.,government_sources_agree_api_differs,,,1,,,,,pending,,,,,,,,,not_started
32.09.08.2002,32,JAWA BARAT,32.09,KAB. CIREBON,32.09.08,SUSUKAN LEBAK,SUSUKAN LEBAK,,,,,45685,45685,45185,45185;45685,review_required,unresolved,yes,No automatic selection: Kodepos.dev does not corroborate exactly one local source.,no,,diskominfo:32.09.08.2002;open_data_jabar:32.09.08.2002;kodepos_dev:32.09.08.2002,diskominfo_jabar_village_2024_unreviewed;open_data_jabar_postal_2023;kodepos_dev_rest_api,diskominfo:2978;open_data_jabar:20654;kodepos_dev:2978,2026-08-11,local_government_consensus_api_conflict,45685,Diskominfo and Open Data Jabar agree; Kodepos.dev differs.,government_sources_agree_api_differs,,,1,,,,,pending,,,,,,,,,not_started
32.09.08.2003,32,JAWA BARAT,32.09,KAB. CIREBON,32.09.08,SUSUKAN LEBAK,SUSUKAN AGUNG,,,,,45685,45685,45185,45185;45685,review_required,unresolved,yes,No automatic selection: Kodepos.dev does not corroborate exactly one local source.,no,,diskominfo:32.09.08.2003;open_data_jabar:32.09.08.2003;kodepos_dev:32.09.08.2003,diskominfo_jabar_village_2024_unreviewed;open_data_jabar_postal_2023;kodepos_dev_rest_api,diskominfo:2979;open_data_jabar:20655;kodepos_dev:2979,2026-08-11,local_government_consensus_api_conflict,45685,Diskominfo and Open Data Jabar agree; Kodepos.dev differs.,government_sources_agree_api_differs,,,1,,,,,pending,,,,,,,,,not_started
32.09.08.2004,32,JAWA BARAT,32.09,KAB. CIREBON,32.09.08,SUSUKAN LEBAK,SUSUKAN TONGGOH,,,,,45685,45685,45185,45185;45685,review_required,unresolved,yes,No automatic selection: Kodepos.dev does not corroborate exactly one local source.,no,,diskominfo:32.09.08.2004;open_data_jabar:32.09.08.2004;kodepos_dev:32.09.08.2004,diskominfo_jabar_village_2024_unreviewed;open_data_jabar_postal_2023;kodepos_dev_rest_api,diskominfo:2980;open_data_jabar:20656;kodepos_dev:2980,2026-08-11,local_government_consensus_api_conflict,45685,Diskominfo and Open Data Jabar agree; Kodepos.dev differs.,government_sources_agree_api_differs,,,1,,,,,pending,,,,,,,,,not_started
32.09.08.2005,32,JAWA BARAT,32.09,KAB. CIREBON,32.09.08,SUSUKAN LEBAK,WILULANG,,,,,45685,45685,45185,45185;45685,review_required,unresolved,yes,No automatic selection: Kodepos.dev does not corroborate exactly one local source.,no,,diskominfo:32.09.08.2005;open_data_jabar:32.09.08.2005;kodepos_dev:32.09.08.2005,diskominfo_jabar_village_2024_unreviewed;open_data_jabar_postal_2023;kodepos_dev_rest_api,diskominfo:2981;open_data_jabar:20657;kodepos_dev:2981,2026-08-11,local_government_consensus_api_conflict,45685,Diskominfo and Open Data Jabar agree; Kodepos.dev differs.,government_sources_agree_api_differs,,,1,,,,,pending,,,,,,,,,not_started
32.09.08.2006,32,JAWA BARAT,32.09,KAB. CIREBON,32.09.08,SUSUKAN LEBAK,SAMPIH,,,,,45685,45685,45185,45185;45685,review_required,unresolved,yes,No automatic selection: Kodepos.dev does not corroborate exactly one local source.,no,,diskominfo:32.09.08.2006;open_data_jabar:32.09.08.2006;kodepos_dev:32.09.08.2006,diskominfo_jabar_village_2024_unreviewed;open_data_jabar_postal_2023;kodepos_dev_rest_api,diskominfo:2982;open_data_jabar:20659;kodepos_dev:2982,2026-08-11,local_government_consensus_api_conflict,45685,Diskominfo and Open Data Jabar agree; Kodepos.dev differs.,government_sources_agree_api_differs,,,1,,,,,pending,,,,,,,,,not_started
32.09.08.2007,32,JAWA BARAT,32.09,KAB. CIREBON,32.09.08,SUSUKAN LEBAK,PASAWAHAN,,,,,45685,45685,45185,45185;45685,review_required,unresolved,yes,No automatic selection: Kodepos.dev does not corroborate exactly one local source.,no,,diskominfo:32.09.08.2007;open_data_jabar:32.09.08.2007;kodepos_dev:32.09.08.2007,diskominfo_jabar_village_2024_unreviewed;open_data_jabar_postal_2023;kodepos_dev_rest_api,diskominfo:2983;open_data_jabar:20660;kodepos_dev:2983,2026-08-11,local_government_consensus_api_conflict,45685,Diskominfo and Open Data Jabar agree; Kodepos.dev differs.,government_sources_agree_api_differs,,,1,,,,,pending,,,,,,,,,not_started
32.09.08.2008,32,JAWA BARAT,32.09,KAB. CIREBON,32.09.08,SUSUKAN LEBAK,CIAWIASIH,,,,,45685,45685,45185,45185;45685,review_required,unresolved,yes,No automatic selection: Kodepos.dev does not corroborate exactly one local source.,no,,diskominfo:32.09.08.2008;open_data_jabar:32.09.08.2008;kodepos_dev:32.09.08.2008,diskominfo_jabar_village_2024_unreviewed;open_data_jabar_postal_2023;kodepos_dev_rest_api,diskominfo:2984;open_data_jabar:20661;kodepos_dev:2984,2026-08-11,local_government_consensus_api_conflict,45685,Diskominfo and Open Data Jabar agree; Kodepos.dev differs.,government_sources_agree_api_differs,,,1,,,,,pending,,,,,,,,,not_started
32.09.08.2009,32,JAWA BARAT,32.09,KAB. CIREBON,32.09.08,SUSUKAN LEBAK,CIAWIJAPURA,,,,,45685,45685,45185,45185;45685,review_required,unresolved,yes,No automatic selection: Kodepos.dev does not corroborate exactly one local source.,no,,diskominfo:32.09.08.2009;open_data_jabar:32.09.08.2009;kodepos_dev:32.09.08.2009,diskominfo_jabar_village_2024_unreviewed;open_data_jabar_postal_2023;kodepos_dev_rest_api,diskominfo:2985;open_data_jabar:20662;kodepos_dev:2985,2026-08-11,local_government_consensus_api_conflict,45685,Diskominfo and Open Data Jabar agree; Kodepos.dev differs.,government_sources_agree_api_differs,,,1,,,,,pending,,,,,,,,,not_started
32.09.08.2010,32,JAWA BARAT,32.09,KAB. CIREBON,32.09.08,SUSUKAN LEBAK,CURUG,,,,,45685,45685,45185,45185;45685,review_required,unresolved,yes,No automatic selection: Kodepos.dev does not corroborate exactly one local source.,no,,diskominfo:32.09.08.2010;open_data_jabar:32.09.08.2010;kodepos_dev:32.09.08.2010,diskominfo_jabar_village_2024_unreviewed;open_data_jabar_postal_2023;kodepos_dev_rest_api,diskominfo:2986;open_data_jabar:20663;kodepos_dev:2986,2026-08-11,local_government_consensus_api_conflict,45685,Diskominfo and Open Data Jabar agree; Kodepos.dev differs.,government_sources_agree_api_differs,,,1,,,,,pending,,,,,,,,,not_started
32.09.08.2011,32,JAWA BARAT,32.09,KAB. CIREBON,32.09.08,SUSUKAN LEBAK,CURUG WETAN,,,,,45685,45685,45185,45185;45685,review_required,unresolved,yes,No automatic selection: Kodepos.dev does not corroborate exactly one local source.,no,,diskominfo:32.09.08.2011;open_data_jabar:32.09.08.2011;kodepos_dev:32.09.08.2011,diskominfo_jabar_village_2024_unreviewed;open_data_jabar_postal_2023;kodepos_dev_rest_api,diskominfo:2987;open_data_jabar:20664;kodepos_dev:2987,2026-08-11,local_government_consensus_api_conflict,45685,Diskominfo and Open Data Jabar agree; Kodepos.dev differs.,government_sources_agree_api_differs,,,1,,,,,pending,,,,,,,,,not_started
32.09.08.2012,32,JAWA BARAT,32.09,KAB. CIREBON,32.09.08,SUSUKAN LEBAK,KALIGAWE WETAN,,,,,45685,45685,45185,45185;45685,review_required,unresolved,yes,No automatic selection: Kodepos.dev does not corroborate exactly one local source.,no,,diskominfo:32.09.08.2012;open_data_jabar:32.09.08.2012;kodepos_dev:32.09.08.2012,diskominfo_jabar_village_2024_unreviewed;open_data_jabar_postal_2023;kodepos_dev_rest_api,diskominfo:2988;open_data_jabar:20665;kodepos_dev:2988,2026-08-11,local_government_consensus_api_conflict,45685,Diskominfo and Open Data Jabar agree; Kodepos.dev differs.,government_sources_agree_api_differs,,,1,,,,,pending,,,,,,,,,not_started
32.09.08.2013,32,JAWA BARAT,32.09,KAB. CIREBON,32.09.08,SUSUKAN LEBAK,KALIGAWE,,,,,45685,45685,45185,45185;45685,review_required,unresolved,yes,No automatic selection: Kodepos.dev does not corroborate exactly one local source.,no,,diskominfo:32.09.08.2013;open_data_jabar:32.09.08.2013;kodepos_dev:32.09.08.2013,diskominfo_jabar_village_2024_unreviewed;open_data_jabar_postal_2023;kodepos_dev_rest_api,diskominfo:2989;open_data_jabar:20666;kodepos_dev:2989,2026-08-11,local_government_consensus_api_conflict,45685,Diskominfo and Open Data Jabar agree; Kodepos.dev differs.,government_sources_agree_api_differs,,,1,,,,,pending,,,,,,,,,not_started
32.09.11.2008,32,JAWA BARAT,32.09,KAB. CIREBON,32.09.11,PANGENAN,PENGARENGAN,,,,,45682,45682,45182,45182;45682,review_required,unresolved,yes,No automatic selection: Kodepos.dev does not corroborate exactly one local source.,no,,diskominfo:32.09.11.2008;open_data_jabar:32.09.11.2008;kodepos_dev:32.09.11.2008,diskominfo_jabar_village_2024_unreviewed;open_data_jabar_postal_2023;kodepos_dev_rest_api,diskominfo:3018;open_data_jabar:20699;kodepos_dev:3018,2026-08-11,local_government_consensus_api_conflict,45682,Diskominfo and Open Data Jabar agree; Kodepos.dev differs.,government_sources_agree_api_differs,,,1,,,,,pending,,,,,,,,,not_started
32.09.12.2003,32,JAWA BARAT,32.09,KAB. CIREBON,32.09.12,MUNDU,MUNDUMESIGIT,,,,,45673,45673,45173,45173;45673,review_required,unresolved,yes,No automatic selection: Kodepos.dev does not corroborate exactly one local source.,no,,diskominfo:32.09.12.2003;open_data_jabar:32.09.12.2003;kodepos_dev:32.09.12.2003,diskominfo_jabar_village_2024_unreviewed;open_data_jabar_postal_2023;kodepos_dev_rest_api,diskominfo:3022;open_data_jabar:20704;kodepos_dev:3022,2026-08-11,local_government_consensus_api_conflict,45673,Diskominfo and Open Data Jabar agree; Kodepos.dev differs.,government_sources_agree_api_differs,,,1,,,,,pending,,,,,,,,,not_started
32.09.12.2008,32,JAWA BARAT,32.09,KAB. CIREBON,32.09.12,MUNDU,MUNDUPESISIR,,,,,45673,45673,45173,45173;45673,review_required,unresolved,yes,No automatic selection: Kodepos.dev does not corroborate exactly one local source.,no,,diskominfo:32.09.12.2008;open_data_jabar:32.09.12.2008;kodepos_dev:32.09.12.2008,diskominfo_jabar_village_2024_unreviewed;open_data_jabar_postal_2023;kodepos_dev_rest_api,diskominfo:3027;open_data_jabar:20709;kodepos_dev:3027,2026-08-11,local_government_consensus_api_conflict,45673,Diskominfo and Open Data Jabar agree; Kodepos.dev differs.,government_sources_agree_api_differs,,,1,,,,,pending,,,,,,,,,not_started
32.09.12.2012,32,JAWA BARAT,32.09,KAB. CIREBON,32.09.12,MUNDU,SINAR RANCANG,,,,,45673,45673,45173,45173;45673,review_required,unresolved,yes,No automatic selection: Kodepos.dev does not corroborate exactly one local source.,no,,diskominfo:32.09.12.2012;open_data_jabar:32.09.12.2012;kodepos_dev:32.09.12.2012,diskominfo_jabar_village_2024_unreviewed;open_data_jabar_postal_2023;kodepos_dev_rest_api,diskominfo:3031;open_data_jabar:20713;kodepos_dev:3031,2026-08-11,local_government_consensus_api_conflict,45673,Diskominfo and Open Data Jabar agree; Kodepos.dev differs.,government_sources_agree_api_differs,,,1,,,,,pending,,,,,,,,,not_started
32.09.14.2001,32,JAWA BARAT,32.09,KAB. CIREBON,32.09.14,TALUN,SAMPIRAN,,,,,45671,45671,45171,45171;45671,review_required,unresolved,yes,No automatic selection: Kodepos.dev does not corroborate exactly one local source.,no,,diskominfo:32.09.14.2001;open_data_jabar:32.09.14.2001;kodepos_dev:32.09.14.2001,diskominfo_jabar_village_2024_unreviewed;open_data_jabar_postal_2023;kodepos_dev_rest_api,diskominfo:3042;open_data_jabar:20726;kodepos_dev:3042,2026-08-11,local_government_consensus_api_conflict,45671,Diskominfo and Open Data Jabar agree; Kodepos.dev differs.,government_sources_agree_api_differs,,,1,,,,,pending,,,,,,,,,not_started
32.09.14.2002,32,JAWA BARAT,32.09,KAB. CIREBON,32.09.14,TALUN,CIPERNA,,,,,45671,45671,45171,45171;45671,review_required,unresolved,yes,No automatic selection: Kodepos.dev does not corroborate exactly one local source.,no,,diskominfo:32.09.14.2002;open_data_jabar:32.09.14.2002;kodepos_dev:32.09.14.2002,diskominfo_jabar_village_2024_unreviewed;open_data_jabar_postal_2023;kodepos_dev_rest_api,diskominfo:3043;open_data_jabar:20727;kodepos_dev:3043,2026-08-11,local_government_consensus_api_conflict,45671,Diskominfo and Open Data Jabar agree; Kodepos.dev differs.,government_sources_agree_api_differs,,,1,,,,,pending,,,,,,,,,not_started
32.09.14.2003,32,JAWA BARAT,32.09,KAB. CIREBON,32.09.14,TALUN,KECOMBERAN,,,,,45671,45671,45171,45171;45671,review_required,unresolved,yes,No automatic selection: Kodepos.dev does not corroborate exactly one local source.,no,,diskominfo:32.09.14.2003;open_data_jabar:32.09.14.2003;kodepos_dev:32.09.14.2003,diskominfo_jabar_village_2024_unreviewed;open_data_jabar_postal_2023;kodepos_dev_rest_api,diskominfo:3044;open_data_jabar:20728;kodepos_dev:3044,2026-08-11,local_government_consensus_api_conflict,45671,Diskominfo and Open Data Jabar agree; Kodepos.dev differs.,government_sources_agree_api_differs,,,1,,,,,pending,,,,,,,,,not_started
32.09.14.2004,32,JAWA BARAT,32.09,KAB. CIREBON,32.09.14,TALUN,CIREBON GIRANG,,,,,45671,45671,45171,45171;45671,review_required,unresolved,yes,No automatic selection: Kodepos.dev does not corroborate exactly one local source.,no,,diskominfo:32.09.14.2004;open_data_jabar:32.09.14.2004;kodepos_dev:32.09.14.2004,diskominfo_jabar_village_2024_unreviewed;open_data_jabar_postal_2023;kodepos_dev_rest_api,diskominfo:3045;open_data_jabar:20729;kodepos_dev:3045,2026-08-11,local_government_consensus_api_conflict,45671,Diskominfo and Open Data Jabar agree; Kodepos.dev differs.,government_sources_agree_api_differs,,,1,,,,,pending,,,,,,,,,not_started
32.09.14.2005,32,JAWA BARAT,32.09,KAB. CIREBON,32.09.14,TALUN,KERANDON,,,,,45671,45671,45171,45171;45671,review_required,unresolved,yes,No automatic selection: Kodepos.dev does not corroborate exactly one local source.,no,,diskominfo:32.09.14.2005;open_data_jabar:32.09.14.2005;kodepos_dev:32.09.14.2005,diskominfo_jabar_village_2024_unreviewed;open_data_jabar_postal_2023;kodepos_dev_rest_api,diskominfo:3046;open_data_jabar:20730;kodepos_dev:3046,2026-08-11,local_government_consensus_api_conflict,45671,Diskominfo and Open Data Jabar agree; Kodepos.dev differs.,government_sources_agree_api_differs,,,1,,,,,pending,,,,,,,,,not_started
32.09.14.2006,32,JAWA BARAT,32.09,KAB. CIREBON,32.09.14,TALUN,WANASABA KIDUL,,,,,45671,45671,45171,45171;45671,review_required,unresolved,yes,No automatic selection: Kodepos.dev does not corroborate exactly one local source.,no,,diskominfo:32.09.14.2006;open_data_jabar:32.09.14.2006;kodepos_dev:32.09.14.2006,diskominfo_jabar_village_2024_unreviewed;open_data_jabar_postal_2023;kodepos_dev_rest_api,diskominfo:3047;open_data_jabar:20731;kodepos_dev:3047,2026-08-11,local_government_consensus_api_conflict,45671,Diskominfo and Open Data Jabar agree; Kodepos.dev differs.,government_sources_agree_api_differs,,,1,,,,,pending,,,,,,,,,not_started
32.09.14.2007,32,JAWA BARAT,32.09,KAB. CIREBON,32.09.14,TALUN,WANASABA LOR,,,,,45671,45671,45171,45171;45671,review_required,unresolved,yes,No automatic selection: Kodepos.dev does not corroborate exactly one local source.,no,,diskominfo:32.09.14.2007;open_data_jabar:32.09.14.2007;kodepos_dev:32.09.14.2007,diskominfo_jabar_village_2024_unreviewed;open_data_jabar_postal_2023;kodepos_dev_rest_api,diskominfo:3048;open_data_jabar:20732;kodepos_dev:3048,2026-08-11,local_government_consensus_api_conflict,45671,Diskominfo and Open Data Jabar agree; Kodepos.dev differs.,government_sources_agree_api_differs,,,1,,,,,pending,,,,,,,,,not_started
32.09.14.2008,32,JAWA BARAT,32.09,KAB. CIREBON,32.09.14,TALUN,CEMPAKA,,,,,45671,45671,45171,45171;45671,review_required,unresolved,yes,No automatic selection: Kodepos.dev does not corroborate exactly one local source.,no,,diskominfo:32.09.14.2008;open_data_jabar:32.09.14.2008;kodepos_dev:32.09.14.2008,diskominfo_jabar_village_2024_unreviewed;open_data_jabar_postal_2023;kodepos_dev_rest_api,diskominfo:3049;open_data_jabar:20733;kodepos_dev:3049,2026-08-11,local_government_consensus_api_conflict,45671,Diskominfo and Open Data Jabar agree; Kodepos.dev differs.,government_sources_agree_api_differs,,,1,,,,,pending,,,,,,,,,not_started
32.09.14.2009,32,JAWA BARAT,32.09,KAB. CIREBON,32.09.14,TALUN,KEPONGPONGAN,,,,,45671,45671,45171,45171;45671,review_required,unresolved,yes,No automatic selection: Kodepos.dev does not corroborate exactly one local source.,no,,diskominfo:32.09.14.2009;open_data_jabar:32.09.14.2009;kodepos_dev:32.09.14.2009,diskominfo_jabar_village_2024_unreviewed;open_data_jabar_postal_2023;kodepos_dev_rest_api,diskominfo:3050;open_data_jabar:20734;kodepos_dev:3050,2026-08-11,local_government_consensus_api_conflict,45671,Diskominfo and Open Data Jabar agree; Kodepos.dev differs.,government_sources_agree_api_differs,,,1,,,,,pending,,,,,,,,,not_started
32.09.14.2010,32,JAWA BARAT,32.09,KAB. CIREBON,32.09.14,TALUN,SARWADADI,,,,,45671,45671,45171,45171;45671,review_required,unresolved,yes,No automatic selection: Kodepos.dev does not corroborate exactly one local source.,no,,diskominfo:32.09.14.2010;open_data_jabar:32.09.14.2010;kodepos_dev:32.09.14.2010,diskominfo_jabar_village_2024_unreviewed;open_data_jabar_postal_2023;kodepos_dev_rest_api,diskominfo:3051;open_data_jabar:20735;kodepos_dev:3051,2026-08-11,local_government_consensus_api_conflict,45671,Diskominfo and Open Data Jabar agree; Kodepos.dev differs.,government_sources_agree_api_differs,,,1,,,,,pending,,,,,,,,,not_started
32.09.14.2011,32,JAWA BARAT,32.09,KAB. CIREBON,32.09.14,TALUN,KUBANG,,,,,45671,45671,45171,45171;45671,review_required,unresolved,yes,No automatic selection: Kodepos.dev does not corroborate exactly one local source.,no,,diskominfo:32.09.14.2011;open_data_jabar:32.09.14.2011;kodepos_dev:32.09.14.2011,diskominfo_jabar_village_2024_unreviewed;open_data_jabar_postal_2023;kodepos_dev_rest_api,diskominfo:3052;open_data_jabar:20737;kodepos_dev:3052,2026-08-11,local_government_consensus_api_conflict,45671,Diskominfo and Open Data Jabar agree; Kodepos.dev differs.,government_sources_agree_api_differs,,,1,,,,,pending,,,,,,,,,not_started
32.09.19.2003,32,JAWA BARAT,32.09,KAB. CIREBON,32.09.19,WERU,MEGUGEDE,,,,,45644,45644,45159,45159;45644,review_required,unresolved,yes,No automatic selection: Kodepos.dev does not corroborate exactly one local source.,no,,diskominfo:32.09.19.2003;open_data_jabar:32.09.19.2003;kodepos_dev:32.09.19.2003,diskominfo_jabar_village_2024_unreviewed;open_data_jabar_postal_2023;kodepos_dev_rest_api,diskominfo:3109;open_data_jabar:20800;kodepos_dev:3109,2026-08-11,local_government_consensus_api_conflict,45644,Diskominfo and Open Data Jabar agree; Kodepos.dev differs.,government_sources_agree_api_differs,,,1,,,,,pending,,,,,,,,,not_started
32.09.19.2004,32,JAWA BARAT,32.09,KAB. CIREBON,32.09.19,WERU,MEGUCILIK,,,,,45644,45644,45159,45159;45644,review_required,unresolved,yes,No automatic selection: Kodepos.dev does not corroborate exactly one local source.,no,,diskominfo:32.09.19.2004;open_data_jabar:32.09.19.2004;kodepos_dev:32.09.19.2004,diskominfo_jabar_village_2024_unreviewed;open_data_jabar_postal_2023;kodepos_dev_rest_api,diskominfo:3110;open_data_jabar:20801;kodepos_dev:3110,2026-08-11,local_government_consensus_api_conflict,45644,Diskominfo and Open Data Jabar agree; Kodepos.dev differs.,government_sources_agree_api_differs,,,1,,,,,pending,,,,,,,,,not_started
32.09.21.2001,32,JAWA BARAT,32.09,KAB. CIREBON,32.09.21,GUNUNG JATI,ADIDHARMA,,,,,45643,45643,45151,45151;45643,review_required,unresolved,yes,No automatic selection: Kodepos.dev does not corroborate exactly one local source.,no,,diskominfo:32.09.21.2001;open_data_jabar:32.09.21.2001;kodepos_dev:32.09.21.2001,diskominfo_jabar_village_2024_unreviewed;open_data_jabar_postal_2023;kodepos_dev_rest_api,diskominfo:3124;open_data_jabar:20817;kodepos_dev:3124,2026-08-11,local_government_consensus_api_conflict,45643,Diskominfo and Open Data Jabar agree; Kodepos.dev differs.,government_sources_agree_api_differs,,,1,,,,,pending,,,,,,,,,not_started
32.09.21.2002,32,JAWA BARAT,32.09,KAB. CIREBON,32.09.21,GUNUNG JATI,PASINDANGAN,,,,,45643,45643,45151,45151;45643,review_required,unresolved,yes,No automatic selection: Kodepos.dev does not corroborate exactly one local source.,no,,diskominfo:32.09.21.2002;open_data_jabar:32.09.21.2002;kodepos_dev:32.09.21.2002,diskominfo_jabar_village_2024_unreviewed;open_data_jabar_postal_2023;kodepos_dev_rest_api,diskominfo:3125;open_data_jabar:20818;kodepos_dev:3125,2026-08-11,local_government_consensus_api_conflict,45643,Diskominfo and Open Data Jabar agree; Kodepos.dev differs.,government_sources_agree_api_differs,,,1,,,,,pending,,,,,,,,,not_started
32.09.21.2003,32,JAWA BARAT,32.09,KAB. CIREBON,32.09.21,GUNUNG JATI,JADIMULYA,,,,,45643,45643,45151,45151;45643,review_required,unresolved,yes,No automatic selection: Kodepos.dev does not corroborate exactly one local source.,no,,diskominfo:32.09.21.2003;open_data_jabar:32.09.21.2003;kodepos_dev:32.09.21.2003,diskominfo_jabar_village_2024_unreviewed;open_data_jabar_postal_2023;kodepos_dev_rest_api,diskominfo:3126;open_data_jabar:20819;kodepos_dev:3126,2026-08-11,local_government_consensus_api_conflict,45643,Diskominfo and Open Data Jabar agree; Kodepos.dev differs.,government_sources_agree_api_differs,,,1,,,,,pending,,,,,,,,,not_started
32.09.21.2004,32,JAWA BARAT,32.09,KAB. CIREBON,32.09.21,GUNUNG JATI,KLAYAN,,,,,45643,45643,45151,45151;45643,review_required,unresolved,yes,No automatic selection: Kodepos.dev does not corroborate exactly one local source.,no,,diskominfo:32.09.21.2004;open_data_jabar:32.09.21.2004;kodepos_dev:32.09.21.2004,diskominfo_jabar_village_2024_unreviewed;open_data_jabar_postal_2023;kodepos_dev_rest_api,diskominfo:3127;open_data_jabar:20820;kodepos_dev:3127,2026-08-11,local_government_consensus_api_conflict,45643,Diskominfo and Open Data Jabar agree; Kodepos.dev differs.,government_sources_agree_api_differs,,,1,,,,,pending,,,,,,,,,not_started
32.09.21.2005,32,JAWA BARAT,32.09,KAB. CIREBON,32.09.21,GUNUNG JATI,JATIMERTA,,,,,45643,45643,45151,45151;45643,review_required,unresolved,yes,No automatic selection: Kodepos.dev does not corroborate exactly one local source.,no,,diskominfo:32.09.21.2005;open_data_jabar:32.09.21.2005;kodepos_dev:32.09.21.2005,diskominfo_jabar_village_2024_unreviewed;open_data_jabar_postal_2023;kodepos_dev_rest_api,diskominfo:3128;open_data_jabar:20821;kodepos_dev:3128,2026-08-11,local_government_consensus_api_conflict,45643,Diskominfo and Open Data Jabar agree; Kodepos.dev differs.,government_sources_agree_api_differs,,,1,,,,,pending,,,,,,,,,not_started
32.09.21.2006,32,JAWA BARAT,32.09,KAB. CIREBON,32.09.21,GUNUNG JATI,ASTANA,,,,,45643,45643,45151,45151;45643,review_required,unresolved,yes,No automatic selection: Kodepos.dev does not corroborate exactly one local source.,no,,diskominfo:32.09.21.2006;open_data_jabar:32.09.21.2006;kodepos_dev:32.09.21.2006,diskominfo_jabar_village_2024_unreviewed;open_data_jabar_postal_2023;kodepos_dev_rest_api,diskominfo:3129;open_data_jabar:20822;kodepos_dev:3129,2026-08-11,local_government_consensus_api_conflict,45643,Diskominfo and Open Data Jabar agree; Kodepos.dev differs.,government_sources_agree_api_differs,,,1,,,,,pending,,,,,,,,,not_started
32.09.21.2007,32,JAWA BARAT,32.09,KAB. CIREBON,32.09.21,GUNUNG JATI,KALISAPU,,,,,45643,45643,45151,45151;45643,review_required,unresolved,yes,No automatic selection: Kodepos.dev does not corroborate exactly one local source.,no,,diskominfo:32.09.21.2007;open_data_jabar:32.09.21.2007;kodepos_dev:32.09.21.2007,diskominfo_jabar_village_2024_unreviewed;open_data_jabar_postal_2023;kodepos_dev_rest_api,diskominfo:3130;open_data_jabar:20823;kodepos_dev:3130,2026-08-11,local_government_consensus_api_conflict,45643,Diskominfo and Open Data Jabar agree; Kodepos.dev differs.,government_sources_agree_api_differs,,,1,,,,,pending,,,,,,,,,not_started
32.09.21.2008,32,JAWA BARAT,32.09,KAB. CIREBON,32.09.21,GUNUNG JATI,WANAKAYA,,,,,45643,45643,45151,45151;45643,review_required,unresolved,yes,No automatic selection: Kodepos.dev does not corroborate exactly one local source.,no,,diskominfo:32.09.21.2008;open_data_jabar:32.09.21.2008;kodepos_dev:32.09.21.2008,diskominfo_jabar_village_2024_unreviewed;open_data_jabar_postal_2023;kodepos_dev_rest_api,diskominfo:3131;open_data_jabar:20824;kodepos_dev:3131,2026-08-11,local_government_consensus_api_conflict,45643,Diskominfo and Open Data Jabar agree; Kodepos.dev differs.,government_sources_agree_api_differs,,,1,,,,,pending,,,,,,,,,not_started
32.09.21.2009,32,JAWA BARAT,32.09,KAB. CIREBON,32.09.21,GUNUNG JATI,GROGOL,,,,,45643,45643,45151,45151;45643,review_required,unresolved,yes,No automatic selection: Kodepos.dev does not corroborate exactly one local source.,no,,diskominfo:32.09.21.2009;open_data_jabar:32.09.21.2009;kodepos_dev:32.09.21.2009,diskominfo_jabar_village_2024_unreviewed;open_data_jabar_postal_2023;kodepos_dev_rest_api,diskominfo:3132;open_data_jabar:20826;kodepos_dev:3132,2026-08-11,local_government_consensus_api_conflict,45643,Diskominfo and Open Data Jabar agree; Kodepos.dev differs.,government_sources_agree_api_differs,,,1,,,,,pending,,,,,,,,,not_started
32.09.21.2010,32,JAWA BARAT,32.09,KAB. CIREBON,32.09.21,GUNUNG JATI,BABADAN,,,,,45643,45643,45151,45151;45643,review_required,unresolved,yes,No automatic selection: Kodepos.dev does not corroborate exactly one local source.,no,,diskominfo:32.09.21.2010;open_data_jabar:32.09.21.2010;kodepos_dev:32.09.21.2010,diskominfo_jabar_village_2024_unreviewed;open_data_jabar_postal_2023;kodepos_dev_rest_api,diskominfo:3133;open_data_jabar:20827;kodepos_dev:3133,2026-08-11,local_government_consensus_api_conflict,45643,Diskominfo and Open Data Jabar agree; Kodepos.dev differs.,government_sources_agree_api_differs,,,1,,,,,pending,,,,,,,,,not_started
32.09.21.2011,32,JAWA BARAT,32.09,KAB. CIREBON,32.09.21,GUNUNG JATI,BUYUT,,,,,45643,45643,45151,45151;45643,review_required,unresolved,yes,No automatic selection: Kodepos.dev does not corroborate exactly one local source.,no,,diskominfo:32.09.21.2011;open_data_jabar:32.09.21.2011;kodepos_dev:32.09.21.2011,diskominfo_jabar_village_2024_unreviewed;open_data_jabar_postal_2023;kodepos_dev_rest_api,diskominfo:3134;open_data_jabar:20828;kodepos_dev:3134,2026-08-11,local_government_consensus_api_conflict,45643,Diskominfo and Open Data Jabar agree; Kodepos.dev differs.,government_sources_agree_api_differs,,,1,,,,,pending,,,,,,,,,not_started
32.09.21.2012,32,JAWA BARAT,32.09,KAB. CIREBON,32.09.21,GUNUNG JATI,MAYUNG,,,,,45643,45643,45151,45151;45643,review_required,unresolved,yes,No automatic selection: Kodepos.dev does not corroborate exactly one local source.,no,,diskominfo:32.09.21.2012;open_data_jabar:32.09.21.2012;kodepos_dev:32.09.21.2012,diskominfo_jabar_village_2024_unreviewed;open_data_jabar_postal_2023;kodepos_dev_rest_api,diskominfo:3135;open_data_jabar:20829;kodepos_dev:3135,2026-08-11,local_government_consensus_api_conflict,45643,Diskominfo and Open Data Jabar agree; Kodepos.dev differs.,government_sources_agree_api_differs,,,1,,,,,pending,,,,,,,,,not_started
32.09.21.2015,32,JAWA BARAT,32.09,KAB. CIREBON,32.09.21,GUNUNG JATI,MERTASINGA,,,,,45643,45643,45151,45151;45643,review_required,unresolved,yes,No automatic selection: Kodepos.dev does not corroborate exactly one local source.,no,,diskominfo:32.09.21.2015;open_data_jabar:32.09.21.2015;kodepos_dev:32.09.21.2015,diskominfo_jabar_village_2024_unreviewed;open_data_jabar_postal_2023;kodepos_dev_rest_api,diskominfo:3136;open_data_jabar:20830;kodepos_dev:3136,2026-08-11,local_government_consensus_api_conflict,45643,Diskominfo and Open Data Jabar agree; Kodepos.dev differs.,government_sources_agree_api_differs,,,1,,,,,pending,,,,,,,,,not_started
32.09.30.2009,32,JAWA BARAT,32.09,KAB. CIREBON,32.09.30,GEBANG,GEBANG ILIR,,,,,45694,45694,45190,45190;45694,review_required,unresolved,yes,No automatic selection: Kodepos.dev does not corroborate exactly one local source.,no,,diskominfo:32.09.30.2009;open_data_jabar:32.09.30.2009;kodepos_dev:32.09.30.2009,diskominfo_jabar_village_2024_unreviewed;open_data_jabar_postal_2023;kodepos_dev_rest_api,diskominfo:3226;open_data_jabar:20930;kodepos_dev:3228,2026-08-11,local_government_consensus_api_conflict,45694,Diskominfo and Open Data Jabar agree; Kodepos.dev differs.,government_sources_agree_api_differs,,,1,,,,,pending,,,,,,,,,not_started
32.09.30.2010,32,JAWA BARAT,32.09,KAB. CIREBON,32.09.30,GEBANG,GEBANG UDIK,,,,,45694,45694,45190,45190;45694,review_required,unresolved,yes,No automatic selection: Kodepos.dev does not corroborate exactly one local source.,no,,diskominfo:32.09.30.2010;open_data_jabar:32.09.30.2010;kodepos_dev:32.09.30.2010,diskominfo_jabar_village_2024_unreviewed;open_data_jabar_postal_2023;kodepos_dev_rest_api,diskominfo:3227;open_data_jabar:20931;kodepos_dev:3229,2026-08-11,local_government_consensus_api_conflict,45694,Diskominfo and Open Data Jabar agree; Kodepos.dev differs.,government_sources_agree_api_differs,,,1,,,,,pending,,,,,,,,,not_started
32.09.30.2011,32,JAWA BARAT,32.09,KAB. CIREBON,32.09.30,GEBANG,GEBANG MEKAR,,,,,45694,45694,45190,45190;45694,review_required,unresolved,yes,No automatic selection: Kodepos.dev does not corroborate exactly one local source.,no,,diskominfo:32.09.30.2011;open_data_jabar:32.09.30.2011;kodepos_dev:32.09.30.2011,diskominfo_jabar_village_2024_unreviewed;open_data_jabar_postal_2023;kodepos_dev_rest_api,diskominfo:3228;open_data_jabar:20932;kodepos_dev:3230,2026-08-11,local_government_consensus_api_conflict,45694,Diskominfo and Open Data Jabar agree; Kodepos.dev differs.,government_sources_agree_api_differs,,,1,,,,,pending,,,,,,,,,not_started
32.09.30.2012,32,JAWA BARAT,32.09,KAB. CIREBON,32.09.30,GEBANG,PELAYANGAN,,,,,45694,45694,45190,45190;45694,review_required,unresolved,yes,No automatic selection: Kodepos.dev does not corroborate exactly one local source.,no,,diskominfo:32.09.30.2012;open_data_jabar:32.09.30.2012;kodepos_dev:32.09.30.2012,diskominfo_jabar_village_2024_unreviewed;open_data_jabar_postal_2023;kodepos_dev_rest_api,diskominfo:3229;open_data_jabar:20933;kodepos_dev:3231,2026-08-11,local_government_consensus_api_conflict,45694,Diskominfo and Open Data Jabar agree; Kodepos.dev differs.,government_sources_agree_api_differs,,,1,,,,,pending,,,,,,,,,not_started
32.09.32.2006,32,JAWA BARAT,32.09,KAB. CIREBON,32.09.32,PASALEMAN,CIGOBANG WANGI,,,,,45697,45697,45187,45187;45697,review_required,unresolved,yes,No automatic selection: Kodepos.dev does not corroborate exactly one local source.,no,,diskominfo:32.09.32.2006;open_data_jabar:32.09.32.2006;kodepos_dev:32.09.32.2006,diskominfo_jabar_village_2024_unreviewed;open_data_jabar_postal_2023;kodepos_dev_rest_api,diskominfo:3248;open_data_jabar:20954;kodepos_dev:3250,2026-08-11,local_government_consensus_api_conflict,45697,Diskominfo and Open Data Jabar agree; Kodepos.dev differs.,government_sources_agree_api_differs,,,1,,,,,pending,,,,,,,,,not_started
32.09.35.2006,32,JAWA BARAT,32.09,KAB. CIREBON,32.09.35,TENGAH TANI,BATTEMBAT,,,,,45642,45642,45168,45168;45642,review_required,unresolved,yes,No automatic selection: Kodepos.dev does not corroborate exactly one local source.,no,,diskominfo:32.09.35.2006;open_data_jabar:32.09.35.2006;kodepos_dev:32.09.35.2006,diskominfo_jabar_village_2024_unreviewed;open_data_jabar_postal_2023;kodepos_dev_rest_api,diskominfo:3271;open_data_jabar:20979;kodepos_dev:3273,2026-08-11,local_government_consensus_api_conflict,45642,Diskominfo and Open Data Jabar agree; Kodepos.dev differs.,government_sources_agree_api_differs,,,1,,,,,pending,,,,,,,,,not_started
32.09.38.2001,32,JAWA BARAT,32.09,KAB. CIREBON,32.09.38,GREGED,GUMULUNG LEBAK,,,,,45674,45674,45170,45170;45674,review_required,unresolved,yes,No automatic selection: Kodepos.dev does not corroborate exactly one local source.,no,,diskominfo:32.09.38.2001;open_data_jabar:32.09.38.2001;kodepos_dev:32.09.38.2001,diskominfo_jabar_village_2024_unreviewed;open_data_jabar_postal_2023;kodepos_dev_rest_api,diskominfo:3292;open_data_jabar:21004;kodepos_dev:3294,2026-08-11,local_government_consensus_api_conflict,45674,Diskominfo and Open Data Jabar agree; Kodepos.dev differs.,government_sources_agree_api_differs,,,1,,,,,pending,,,,,,,,,not_started
32.09.38.2002,32,JAWA BARAT,32.09,KAB. CIREBON,32.09.38,GREGED,LEBAKMEKAR,,,,,45674,45674,45170,45170;45674,review_required,unresolved,yes,No automatic selection: Kodepos.dev does not corroborate exactly one local source.,no,,diskominfo:32.09.38.2002;open_data_jabar:32.09.38.2002;kodepos_dev:32.09.38.2002,diskominfo_jabar_village_2024_unreviewed;open_data_jabar_postal_2023;kodepos_dev_rest_api,diskominfo:3293;open_data_jabar:21005;kodepos_dev:3295,2026-08-11,local_government_consensus_api_conflict,45674,Diskominfo and Open Data Jabar agree; Kodepos.dev differs.,government_sources_agree_api_differs,,,1,,,,,pending,,,,,,,,,not_started
32.09.38.2003,32,JAWA BARAT,32.09,KAB. CIREBON,32.09.38,GREGED,GUMULUNG TONGGOH,,,,,45674,45674,45170,45170;45674,review_required,unresolved,yes,No automatic selection: Kodepos.dev does not corroborate exactly one local source.,no,,diskominfo:32.09.38.2003;open_data_jabar:32.09.38.2003;kodepos_dev:32.09.38.2003,diskominfo_jabar_village_2024_unreviewed;open_data_jabar_postal_2023;kodepos_dev_rest_api,diskominfo:3294;open_data_jabar:21006;kodepos_dev:3296,2026-08-11,local_government_consensus_api_conflict,45674,Diskominfo and Open Data Jabar agree; Kodepos.dev differs.,government_sources_agree_api_differs,,,1,,,,,pending,,,,,,,,,not_started
32.09.38.2004,32,JAWA BARAT,32.09,KAB. CIREBON,32.09.38,GREGED,KAMARANG,,,,,45674,45674,45170,45170;45674,review_required,unresolved,yes,No automatic selection: Kodepos.dev does not corroborate exactly one local source.,no,,diskominfo:32.09.38.2004;open_data_jabar:32.09.38.2004;kodepos_dev:32.09.38.2004,diskominfo_jabar_village_2024_unreviewed;open_data_jabar_postal_2023;kodepos_dev_rest_api,diskominfo:3295;open_data_jabar:21007;kodepos_dev:3297,2026-08-11,local_government_consensus_api_conflict,45674,Diskominfo and Open Data Jabar agree; Kodepos.dev differs.,government_sources_agree_api_differs,,,1,,,,,pending,,,,,,,,,not_started
32.09.38.2005,32,JAWA BARAT,32.09,KAB. CIREBON,32.09.38,GREGED,GREGED,,,,,45674,45674,45170,45170;45674,review_required,unresolved,yes,No automatic selection: Kodepos.dev does not corroborate exactly one local source.,no,,diskominfo:32.09.38.2005;open_data_jabar:32.09.38.2005;kodepos_dev:32.09.38.2005,diskominfo_jabar_village_2024_unreviewed;open_data_jabar_postal_2023;kodepos_dev_rest_api,diskominfo:3296;open_data_jabar:21008;kodepos_dev:3298,2026-08-11,local_government_consensus_api_conflict,45674,Diskominfo and Open Data Jabar agree; Kodepos.dev differs.,government_sources_agree_api_differs,,,1,,,,,pending,,,,,,,,,not_started
32.09.38.2006,32,JAWA BARAT,32.09,KAB. CIREBON,32.09.38,GREGED,KAMARANG LEBAK,,,,,45674,45674,45170,45170;45674,review_required,unresolved,yes,No automatic selection: Kodepos.dev does not corroborate exactly one local source.,no,,diskominfo:32.09.38.2006;open_data_jabar:32.09.38.2006;kodepos_dev:32.09.38.2006,diskominfo_jabar_village_2024_unreviewed;open_data_jabar_postal_2023;kodepos_dev_rest_api,diskominfo:3297;open_data_jabar:21009;kodepos_dev:3299,2026-08-11,local_government_consensus_api_conflict,45674,Diskominfo and Open Data Jabar agree; Kodepos.dev differs.,government_sources_agree_api_differs,,,1,,,,,pending,,,,,,,,,not_started
32.09.38.2007,32,JAWA BARAT,32.09,KAB. CIREBON,32.09.38,GREGED,DURAJAYA,,,,,45674,45674,45170,45170;45674,review_required,unresolved,yes,No automatic selection: Kodepos.dev does not corroborate exactly one local source.,no,,diskominfo:32.09.38.2007;open_data_jabar:32.09.38.2007;kodepos_dev:32.09.38.2007,diskominfo_jabar_village_2024_unreviewed;open_data_jabar_postal_2023;kodepos_dev_rest_api,diskominfo:3298;open_data_jabar:21010;kodepos_dev:3300,2026-08-11,local_government_consensus_api_conflict,45674,Diskominfo and Open Data Jabar agree; Kodepos.dev differs.,government_sources_agree_api_differs,,,1,,,,,pending,,,,,,,,,not_started
32.09.38.2008,32,JAWA BARAT,32.09,KAB. CIREBON,32.09.38,GREGED,JATIPANCUR,,,,,45674,45674,45170,45170;45674,review_required,unresolved,yes,No automatic selection: Kodepos.dev does not corroborate exactly one local source.,no,,diskominfo:32.09.38.2008;open_data_jabar:32.09.38.2008;kodepos_dev:32.09.38.2008,diskominfo_jabar_village_2024_unreviewed;open_data_jabar_postal_2023;kodepos_dev_rest_api,diskominfo:3299;open_data_jabar:21011;kodepos_dev:3301,2026-08-11,local_government_consensus_api_conflict,45674,Diskominfo and Open Data Jabar agree; Kodepos.dev differs.,government_sources_agree_api_differs,,,1,,,,,pending,,,,,,,,,not_started
32.09.38.2009,32,JAWA BARAT,32.09,KAB. CIREBON,32.09.38,GREGED,SINDANG KEMPENG,,,,,45674,45674,45170,45170;45674,review_required,unresolved,yes,No automatic selection: Kodepos.dev does not corroborate exactly one local source.,no,,diskominfo:32.09.38.2009;open_data_jabar:32.09.38.2009;kodepos_dev:32.09.38.2009,diskominfo_jabar_village_2024_unreviewed;open_data_jabar_postal_2023;kodepos_dev_rest_api,diskominfo:3300;open_data_jabar:21012;kodepos_dev:3302,2026-08-11,local_government_consensus_api_conflict,45674,Diskominfo and Open Data Jabar agree; Kodepos.dev differs.,government_sources_agree_api_differs,,,1,,,,,pending,,,,,,,,,not_started
32.09.38.2010,32,JAWA BARAT,32.09,KAB. CIREBON,32.09.38,GREGED,NANGGELA,,,,,45674,45674,45170,45170;45674,review_required,unresolved,yes,No automatic selection: Kodepos.dev does not corroborate exactly one local source.,no,,diskominfo:32.09.38.2010;open_data_jabar:32.09.38.2010;kodepos_dev:32.09.38.2010,diskominfo_jabar_village_2024_unreviewed;open_data_jabar_postal_2023;kodepos_dev_rest_api,diskominfo:3301;open_data_jabar:21013;kodepos_dev:3303,2026-08-11,local_government_consensus_api_conflict,45674,Diskominfo and Open Data Jabar agree; Kodepos.dev differs.,government_sources_agree_api_differs,,,1,,,,,pending,,,,,,,,,not_started
32.10.08.2001,32,JAWA BARAT,32.10,KAB. MAJALENGKA,32.10.08,SUKAHAJI,CIOMAS,,,,,45471,45471,45470,45470;45471,review_required,unresolved,yes,No automatic selection: Kodepos.dev does not corroborate exactly one local source.,no,,diskominfo:32.10.08.2001;open_data_jabar:32.10.08.2001;kodepos_dev:32.10.08.2001,diskominfo_jabar_village_2024_unreviewed;open_data_jabar_postal_2023;kodepos_dev_rest_api,diskominfo:3431;open_data_jabar:21158;kodepos_dev:3431,2026-08-11,local_government_consensus_api_conflict,45471,Diskominfo and Open Data Jabar agree; Kodepos.dev differs.,government_sources_agree_api_differs,,,1,,,,,pending,,,,,,,,,not_started
32.10.08.2002,32,JAWA BARAT,32.10,KAB. MAJALENGKA,32.10.08,SUKAHAJI,PADAHANTEN,,,,,45471,45471,45470,45470;45471,review_required,unresolved,yes,No automatic selection: Kodepos.dev does not corroborate exactly one local source.,no,,diskominfo:32.10.08.2002;open_data_jabar:32.10.08.2002;kodepos_dev:32.10.08.2002,diskominfo_jabar_village_2024_unreviewed;open_data_jabar_postal_2023;kodepos_dev_rest_api,diskominfo:3432;open_data_jabar:21160;kodepos_dev:3432,2026-08-11,local_government_consensus_api_conflict,45471,Diskominfo and Open Data Jabar agree; Kodepos.dev differs.,government_sources_agree_api_differs,,,1,,,,,pending,,,,,,,,,not_started
32.10.08.2009,32,JAWA BARAT,32.10,KAB. MAJALENGKA,32.10.08,SUKAHAJI,SUKAHAJI,,,,,45471,45471,45470,45470;45471,review_required,unresolved,yes,No automatic selection: Kodepos.dev does not corroborate exactly one local source.,no,,diskominfo:32.10.08.2009;open_data_jabar:32.10.08.2009;kodepos_dev:32.10.08.2009,diskominfo_jabar_village_2024_unreviewed;open_data_jabar_postal_2023;kodepos_dev_rest_api,diskominfo:3433;open_data_jabar:21161;kodepos_dev:3433,2026-08-11,local_government_consensus_api_conflict,45471,Diskominfo and Open Data Jabar agree; Kodepos.dev differs.,government_sources_agree_api_differs,,,1,,,,,pending,,,,,,,,,not_started
32.10.08.2010,32,JAWA BARAT,32.10,KAB. MAJALENGKA,32.10.08,SUKAHAJI,SALAGEDANG,,,,,45471,45471,45470,45470;45471,review_required,unresolved,yes,No automatic selection: Kodepos.dev does not corroborate exactly one local source.,no,,diskominfo:32.10.08.2010;open_data_jabar:32.10.08.2010;kodepos_dev:32.10.08.2010,diskominfo_jabar_village_2024_unreviewed;open_data_jabar_postal_2023;kodepos_dev_rest_api,diskominfo:3434;open_data_jabar:21162;kodepos_dev:3434,2026-08-11,local_government_consensus_api_conflict,45471,Diskominfo and Open Data Jabar agree; Kodepos.dev differs.,government_sources_agree_api_differs,,,1,,,,,pending,,,,,,,,,not_started
32.10.08.2011,32,JAWA BARAT,32.10,KAB. MAJALENGKA,32.10.08,SUKAHAJI,CIKEUSIK,,,,,45471,45471,45470,45470;45471,review_required,unresolved,yes,No automatic selection: Kodepos.dev does not corroborate exactly one local source.,no,,diskominfo:32.10.08.2011;open_data_jabar:32.10.08.2011;kodepos_dev:32.10.08.2011,diskominfo_jabar_village_2024_unreviewed;open_data_jabar_postal_2023;kodepos_dev_rest_api,diskominfo:3435;open_data_jabar:21163;kodepos_dev:3435,2026-08-11,local_government_consensus_api_conflict,45471,Diskominfo and Open Data Jabar agree; Kodepos.dev differs.,government_sources_agree_api_differs,,,1,,,,,pending,,,,,,,,,not_started
32.10.08.2012,32,JAWA BARAT,32.10,KAB. MAJALENGKA,32.10.08,SUKAHAJI,JAYI,,,,,45471,45471,45470,45470;45471,review_required,unresolved,yes,No automatic selection: Kodepos.dev does not corroborate exactly one local source.,no,,diskominfo:32.10.08.2012;open_data_jabar:32.10.08.2012;kodepos_dev:32.10.08.2012,diskominfo_jabar_village_2024_unreviewed;open_data_jabar_postal_2023;kodepos_dev_rest_api,diskominfo:3436;open_data_jabar:21164;kodepos_dev:3436,2026-08-11,local_government_consensus_api_conflict,45471,Diskominfo and Open Data Jabar agree; Kodepos.dev differs.,government_sources_agree_api_differs,,,1,,,,,pending,,,,,,,,,not_started
32.10.08.2013,32,JAWA BARAT,32.10,KAB. MAJALENGKA,32.10.08,SUKAHAJI,NANGGEWER,,,,,45471,45471,45470,45470;45471,review_required,unresolved,yes,No automatic selection: Kodepos.dev does not corroborate exactly one local source.,no,,diskominfo:32.10.08.2013;open_data_jabar:32.10.08.2013;kodepos_dev:32.10.08.2013,diskominfo_jabar_village_2024_unreviewed;open_data_jabar_postal_2023;kodepos_dev_rest_api,diskominfo:3437;open_data_jabar:21165;kodepos_dev:3437,2026-08-11,local_government_consensus_api_conflict,45471,Diskominfo and Open Data Jabar agree; Kodepos.dev differs.,government_sources_agree_api_differs,,,1,,,,,pending,,,,,,,,,not_started
32.10.08.2014,32,JAWA BARAT,32.10,KAB. MAJALENGKA,32.10.08,SUKAHAJI,PALABUAN,,,,,45471,45471,45470,45470;45471,review_required,unresolved,yes,No automatic selection: Kodepos.dev does not corroborate exactly one local source.,no,,diskominfo:32.10.08.2014;open_data_jabar:32.10.08.2014;kodepos_dev:32.10.08.2014,diskominfo_jabar_village_2024_unreviewed;open_data_jabar_postal_2023;kodepos_dev_rest_api,diskominfo:3438;open_data_jabar:21166;kodepos_dev:3438,2026-08-11,local_government_consensus_api_conflict,45471,Diskominfo and Open Data Jabar agree; Kodepos.dev differs.,government_sources_agree_api_differs,,,1,,,,,pending,,,,,,,,,not_started
32.10.08.2015,32,JAWA BARAT,32.10,KAB. MAJALENGKA,32.10.08,SUKAHAJI,CIKONENG,,,,,45471,45471,45470,45470;45471,review_required,unresolved,yes,No automatic selection: Kodepos.dev does not corroborate exactly one local source.,no,,diskominfo:32.10.08.2015;open_data_jabar:32.10.08.2015;kodepos_dev:32.10.08.2015,diskominfo_jabar_village_2024_unreviewed;open_data_jabar_postal_2023;kodepos_dev_rest_api,diskominfo:3439;open_data_jabar:21167;kodepos_dev:3439,2026-08-11,local_government_consensus_api_conflict,45471,Diskominfo and Open Data Jabar agree; Kodepos.dev differs.,government_sources_agree_api_differs,,,1,,,,,pending,,,,,,,,,not_started
32.10.08.2016,32,JAWA BARAT,32.10,KAB. MAJALENGKA,32.10.08,SUKAHAJI,BABAKANMANJETI,,,,,45471,45471,45470,45470;45471,review_required,unresolved,yes,No automatic selection: Kodepos.dev does not corroborate exactly one local source.,no,,diskominfo:32.10.08.2016;open_data_jabar:32.10.08.2016;kodepos_dev:32.10.08.2016,diskominfo_jabar_village_2024_unreviewed;open_data_jabar_postal_2023;kodepos_dev_rest_api,diskominfo:3440;open_data_jabar:21168;kodepos_dev:3440,2026-08-11,local_government_consensus_api_conflict,45471,Diskominfo and Open Data Jabar agree; Kodepos.dev differs.,government_sources_agree_api_differs,,,1,,,,,pending,,,,,,,,,not_started
32.10.08.2017,32,JAWA BARAT,32.10,KAB. MAJALENGKA,32.10.08,SUKAHAJI,TANJUNGSARI,,,,,45471,45471,45470,45470;45471,review_required,unresolved,yes,No automatic selection: Kodepos.dev does not corroborate exactly one local source.,no,,diskominfo:32.10.08.2017;open_data_jabar:32.10.08.2017;kodepos_dev:32.10.08.2017,diskominfo_jabar_village_2024_unreviewed;open_data_jabar_postal_2023;kodepos_dev_rest_api,diskominfo:3441;open_data_jabar:21169;kodepos_dev:3441,2026-08-11,local_government_consensus_api_conflict,45471,Diskominfo and Open Data Jabar agree; Kodepos.dev differs.,government_sources_agree_api_differs,,,1,,,,,pending,,,,,,,,,not_started
32.10.08.2018,32,JAWA BARAT,32.10,KAB. MAJALENGKA,32.10.08,SUKAHAJI,CIKALONG,,,,,45471,45471,45470,45470;45471,review_required,unresolved,yes,No automatic selection: Kodepos.dev does not corroborate exactly one local source.,no,,diskominfo:32.10.08.2018;open_data_jabar:32.10.08.2018;kodepos_dev:32.10.08.2018,diskominfo_jabar_village_2024_unreviewed;open_data_jabar_postal_2023;kodepos_dev_rest_api,diskominfo:3442;open_data_jabar:21171;kodepos_dev:3442,2026-08-11,local_government_consensus_api_conflict,45471,Diskominfo and Open Data Jabar agree; Kodepos.dev differs.,government_sources_agree_api_differs,,,1,,,,,pending,,,,,,,,,not_started
32.10.08.2019,32,JAWA BARAT,32.10,KAB. MAJALENGKA,32.10.08,SUKAHAJI,CANDRAJAYA,,,,,45471,45471,45470,45470;45471,review_required,unresolved,yes,No automatic selection: Kodepos.dev does not corroborate exactly one local source.,no,,diskominfo:32.10.08.2019;open_data_jabar:32.10.08.2019;kodepos_dev:32.10.08.2019,diskominfo_jabar_village_2024_unreviewed;open_data_jabar_postal_2023;kodepos_dev_rest_api,diskominfo:3443;open_data_jabar:21172;kodepos_dev:3443,2026-08-11,local_government_consensus_api_conflict,45471,Diskominfo and Open Data Jabar agree; Kodepos.dev differs.,government_sources_agree_api_differs,,,1,,,,,pending,,,,,,,,,not_started
32.10.26.2011,32,JAWA BARAT,32.10,KAB. MAJALENGKA,32.10.26,MALAUSMA,KRAMAT JAYA,,,,,45469,45469,45460,45460;45469,review_required,unresolved,yes,No automatic selection: Kodepos.dev does not corroborate exactly one local source.,no,,diskominfo:32.10.26.2011;open_data_jabar:32.10.26.2011;kodepos_dev:32.10.26.2011,diskominfo_jabar_village_2024_unreviewed;open_data_jabar_postal_2023;kodepos_dev_rest_api,diskominfo:3663;open_data_jabar:21416;kodepos_dev:3663,2026-08-11,local_government_consensus_api_conflict,45469,Diskominfo and Open Data Jabar agree; Kodepos.dev differs.,government_sources_agree_api_differs,,,1,,,,,pending,,,,,,,,,not_started
32.11.17.2014,32,JAWA BARAT,32.11,KAB. SUMEDANG,32.11.17,SUMEDANG SELATAN,MEKAR RAHAYU,,,,,45313,45313,45311,45311;45313,review_required,unresolved,yes,No automatic selection: Kodepos.dev does not corroborate exactly one local source.,no,,diskominfo:32.11.17.2014;open_data_jabar:32.11.17.2014;kodepos_dev:32.11.17.2014,diskominfo_jabar_village_2024_unreviewed;open_data_jabar_postal_2023;kodepos_dev_rest_api,diskominfo:3848;open_data_jabar:21621;kodepos_dev:3848,2026-08-11,local_government_consensus_api_conflict,45313,Diskominfo and Open Data Jabar agree; Kodepos.dev differs.,government_sources_agree_api_differs,,,1,,,,,pending,,,,,,,,,not_started
32.12.01.2007,32,JAWA BARAT,32.12,KAB. INDRAMAYU,32.12.01,HAURGEULIS,HAURKOLOT,,,,,45264,45264,45266,45264;45266,review_required,unresolved,yes,No automatic selection: Kodepos.dev does not corroborate exactly one local source.,no,,diskominfo:32.12.01.2007;open_data_jabar:32.12.01.2007;kodepos_dev:32.12.01.2007,diskominfo_jabar_village_2024_unreviewed;open_data_jabar_postal_2023;kodepos_dev_rest_api,diskominfo:3941;open_data_jabar:21724;kodepos_dev:3941,2026-08-11,local_government_consensus_api_conflict,45264,Diskominfo and Open Data Jabar agree; Kodepos.dev differs.,government_sources_agree_api_differs,,,1,,,,,pending,,,,,,,,,not_started
32.12.01.2008,32,JAWA BARAT,32.12,KAB. INDRAMAYU,32.12.01,HAURGEULIS,HAURGEULIS,,,,,45264,45264,45266,45264;45266,review_required,unresolved,yes,No automatic selection: Kodepos.dev does not corroborate exactly one local source.,no,,diskominfo:32.12.01.2008;open_data_jabar:32.12.01.2008;kodepos_dev:32.12.01.2008,diskominfo_jabar_village_2024_unreviewed;open_data_jabar_postal_2023;kodepos_dev_rest_api,diskominfo:3942;open_data_jabar:21726;kodepos_dev:3942,2026-08-11,local_government_consensus_api_conflict,45264,Diskominfo and Open Data Jabar agree; Kodepos.dev differs.,government_sources_agree_api_differs,,,1,,,,,pending,,,,,,,,,not_started
32.12.01.2009,32,JAWA BARAT,32.12,KAB. INDRAMAYU,32.12.01,HAURGEULIS,SUKAJATI,,,,,45264,45264,45266,45264;45266,review_required,unresolved,yes,No automatic selection: Kodepos.dev does not corroborate exactly one local source.,no,,diskominfo:32.12.01.2009;open_data_jabar:32.12.01.2009;kodepos_dev:32.12.01.2009,diskominfo_jabar_village_2024_unreviewed;open_data_jabar_postal_2023;kodepos_dev_rest_api,diskominfo:3943;open_data_jabar:21727;kodepos_dev:3943,2026-08-11,local_government_consensus_api_conflict,45264,Diskominfo and Open Data Jabar agree; Kodepos.dev differs.,government_sources_agree_api_differs,,,1,,,,,pending,,,,,,,,,not_started
32.12.01.2010,32,JAWA BARAT,32.12,KAB. INDRAMAYU,32.12.01,HAURGEULIS,WANAKAYA,,,,,45264,45264,45266,45264;45266,review_required,unresolved,yes,No automatic selection: Kodepos.dev does not corroborate exactly one local source.,no,,diskominfo:32.12.01.2010;open_data_jabar:32.12.01.2010;kodepos_dev:32.12.01.2010,diskominfo_jabar_village_2024_unreviewed;open_data_jabar_postal_2023;kodepos_dev_rest_api,diskominfo:3944;open_data_jabar:21728;kodepos_dev:3944,2026-08-11,local_government_consensus_api_conflict,45264,Diskominfo and Open Data Jabar agree; Kodepos.dev differs.,government_sources_agree_api_differs,,,1,,,,,pending,,,,,,,,,not_started
32.12.01.2011,32,JAWA BARAT,32.12,KAB. INDRAMAYU,32.12.01,HAURGEULIS,KARANGTUMARITIS,,,,,45264,45264,45266,45264;45266,review_required,unresolved,yes,No automatic selection: Kodepos.dev does not corroborate exactly one local source.,no,,diskominfo:32.12.01.2011;open_data_jabar:32.12.01.2011;kodepos_dev:32.12.01.2011,diskominfo_jabar_village_2024_unreviewed;open_data_jabar_postal_2023;kodepos_dev_rest_api,diskominfo:3945;open_data_jabar:21729;kodepos_dev:3945,2026-08-11,local_government_consensus_api_conflict,45264,Diskominfo and Open Data Jabar agree; Kodepos.dev differs.,government_sources_agree_api_differs,,,1,,,,,pending,,,,,,,,,not_started
32.12.01.2012,32,JAWA BARAT,32.12,KAB. INDRAMAYU,32.12.01,HAURGEULIS,KERTANEGARA,,,,,45264,45264,45266,45264;45266,review_required,unresolved,yes,No automatic selection: Kodepos.dev does not corroborate exactly one local source.,no,,diskominfo:32.12.01.2012;open_data_jabar:32.12.01.2012;kodepos_dev:32.12.01.2012,diskominfo_jabar_village_2024_unreviewed;open_data_jabar_postal_2023;kodepos_dev_rest_api,diskominfo:3946;open_data_jabar:21730;kodepos_dev:3946,2026-08-11,local_government_consensus_api_conflict,45264,Diskominfo and Open Data Jabar agree; Kodepos.dev differs.,government_sources_agree_api_differs,,,1,,,,,pending,,,,,,,,,not_started
32.12.01.2013,32,JAWA BARAT,32.12,KAB. INDRAMAYU,32.12.01,HAURGEULIS,CIPANCUH,,,,,45264,45264,45266,45264;45266,review_required,unresolved,yes,No automatic selection: Kodepos.dev does not corroborate exactly one local source.,no,,diskominfo:32.12.01.2013;open_data_jabar:32.12.01.2013;kodepos_dev:32.12.01.2013,diskominfo_jabar_village_2024_unreviewed;open_data_jabar_postal_2023;kodepos_dev_rest_api,diskominfo:3947;open_data_jabar:21731;kodepos_dev:3947,2026-08-11,local_government_consensus_api_conflict,45264,Diskominfo and Open Data Jabar agree; Kodepos.dev differs.,government_sources_agree_api_differs,,,1,,,,,pending,,,,,,,,,not_started
32.12.01.2014,32,JAWA BARAT,32.12,KAB. INDRAMAYU,32.12.01,HAURGEULIS,MEKARJATI,,,,,45264,45264,45266,45264;45266,review_required,unresolved,yes,No automatic selection: Kodepos.dev does not corroborate exactly one local source.,no,,diskominfo:32.12.01.2014;open_data_jabar:32.12.01.2014;kodepos_dev:32.12.01.2014,diskominfo_jabar_village_2024_unreviewed;open_data_jabar_postal_2023;kodepos_dev_rest_api,diskominfo:3948;open_data_jabar:21732;kodepos_dev:3948,2026-08-11,local_government_consensus_api_conflict,45264,Diskominfo and Open Data Jabar agree; Kodepos.dev differs.,government_sources_agree_api_differs,,,1,,,,,pending,,,,,,,,,not_started
32.12.01.2015,32,JAWA BARAT,32.12,KAB. INDRAMAYU,32.12.01,HAURGEULIS,SIDODADI,,,,,45264,45264,45266,45264;45266,review_required,unresolved,yes,No automatic selection: Kodepos.dev does not corroborate exactly one local source.,no,,diskominfo:32.12.01.2015;open_data_jabar:32.12.01.2015;kodepos_dev:32.12.01.2015,diskominfo_jabar_village_2024_unreviewed;open_data_jabar_postal_2023;kodepos_dev_rest_api,diskominfo:3949;open_data_jabar:21733;kodepos_dev:3949,2026-08-11,local_government_consensus_api_conflict,45264,Diskominfo and Open Data Jabar agree; Kodepos.dev differs.,government_sources_agree_api_differs,,,1,,,,,pending,,,,,,,,,not_started
32.12.01.2016,32,JAWA BARAT,32.12,KAB. INDRAMAYU,32.12.01,HAURGEULIS,SUMBERMULYA,,,,,45264,45264,45266,45264;45266,review_required,unresolved,yes,No automatic selection: Kodepos.dev does not corroborate exactly one local source.,no,,diskominfo:32.12.01.2016;open_data_jabar:32.12.01.2016;kodepos_dev:32.12.01.2016,diskominfo_jabar_village_2024_unreviewed;open_data_jabar_postal_2023;kodepos_dev_rest_api,diskominfo:3950;open_data_jabar:21734;kodepos_dev:3950,2026-08-11,local_government_consensus_api_conflict,45264,Diskominfo and Open Data Jabar agree; Kodepos.dev differs.,government_sources_agree_api_differs,,,1,,,,,pending,,,,,,,,,not_started
32.12.24.2001,32,JAWA BARAT,32.12,KAB. INDRAMAYU,32.12.24,SUKRA,BOGOR,,,,,45257,45257,45259,45257;45259,review_required,unresolved,yes,No automatic selection: Kodepos.dev does not corroborate exactly one local source.,no,,diskominfo:32.12.24.2001;open_data_jabar:32.12.24.2001;kodepos_dev:32.12.24.2001,diskominfo_jabar_village_2024_unreviewed;open_data_jabar_postal_2023;kodepos_dev_rest_api,diskominfo:4193;open_data_jabar:22005;kodepos_dev:4193,2026-08-11,local_government_consensus_api_conflict,45257,Diskominfo and Open Data Jabar agree; Kodepos.dev differs.,government_sources_agree_api_differs,,,1,,,,,pending,,,,,,,,,not_started
32.12.24.2002,32,JAWA BARAT,32.12,KAB. INDRAMAYU,32.12.24,SUKRA,SUKRA,,,,,45257,45257,45259,45257;45259,review_required,unresolved,yes,No automatic selection: Kodepos.dev does not corroborate exactly one local source.,no,,diskominfo:32.12.24.2002;open_data_jabar:32.12.24.2002;kodepos_dev:32.12.24.2002,diskominfo_jabar_village_2024_unreviewed;open_data_jabar_postal_2023;kodepos_dev_rest_api,diskominfo:4194;open_data_jabar:22006;kodepos_dev:4194,2026-08-11,local_government_consensus_api_conflict,45257,Diskominfo and Open Data Jabar agree; Kodepos.dev differs.,government_sources_agree_api_differs,,,1,,,,,pending,,,,,,,,,not_started
32.12.24.2003,32,JAWA BARAT,32.12,KAB. INDRAMAYU,32.12.24,SUKRA,UJUNGGEBANG,,,,,45257,45257,45259,45257;45259,review_required,unresolved,yes,No automatic selection: Kodepos.dev does not corroborate exactly one local source.,no,,diskominfo:32.12.24.2003;open_data_jabar:32.12.24.2003;kodepos_dev:32.12.24.2003,diskominfo_jabar_village_2024_unreviewed;open_data_jabar_postal_2023;kodepos_dev_rest_api,diskominfo:4195;open_data_jabar:22007;kodepos_dev:4195,2026-08-11,local_government_consensus_api_conflict,45257,Diskominfo and Open Data Jabar agree; Kodepos.dev differs.,government_sources_agree_api_differs,,,1,,,,,pending,,,,,,,,,not_started
32.12.24.2004,32,JAWA BARAT,32.12,KAB. INDRAMAYU,32.12.24,SUKRA,TAGAL TAMAN,,,,,45257,45257,45259,45257;45259,review_required,unresolved,yes,No automatic selection: Kodepos.dev does not corroborate exactly one local source.,no,,diskominfo:32.12.24.2004;open_data_jabar:32.12.24.2004;kodepos_dev:32.12.24.2004,diskominfo_jabar_village_2024_unreviewed;open_data_jabar_postal_2023;kodepos_dev_rest_api,diskominfo:4196;open_data_jabar:22008;kodepos_dev:4196,2026-08-11,local_government_consensus_api_conflict,45257,Diskominfo and Open Data Jabar agree; Kodepos.dev differs.,government_sources_agree_api_differs,,,1,,,,,pending,,,,,,,,,not_started
32.12.24.2005,32,JAWA BARAT,32.12,KAB. INDRAMAYU,32.12.24,SUKRA,SUKRAWETAN,,,,,45257,45257,45259,45257;45259,review_required,unresolved,yes,No automatic selection: Kodepos.dev does not corroborate exactly one local source.,no,,diskominfo:32.12.24.2005;open_data_jabar:32.12.24.2005;kodepos_dev:32.12.24.2005,diskominfo_jabar_village_2024_unreviewed;open_data_jabar_postal_2023;kodepos_dev_rest_api,diskominfo:4197;open_data_jabar:22009;kodepos_dev:4197,2026-08-11,local_government_consensus_api_conflict,45257,Diskominfo and Open Data Jabar agree; Kodepos.dev differs.,government_sources_agree_api_differs,,,1,,,,,pending,,,,,,,,,not_started
32.12.24.2006,32,JAWA BARAT,32.12,KAB. INDRAMAYU,32.12.24,SUKRA,SUMURADEM,,,,,45257,45257,45259,45257;45259,review_required,unresolved,yes,No automatic selection: Kodepos.dev does not corroborate exactly one local source.,no,,diskominfo:32.12.24.2006;open_data_jabar:32.12.24.2006;kodepos_dev:32.12.24.2006,diskominfo_jabar_village_2024_unreviewed;open_data_jabar_postal_2023;kodepos_dev_rest_api,diskominfo:4198;open_data_jabar:22010;kodepos_dev:4198,2026-08-11,local_government_consensus_api_conflict,45257,Diskominfo and Open Data Jabar agree; Kodepos.dev differs.,government_sources_agree_api_differs,,,1,,,,,pending,,,,,,,,,not_started
32.12.24.2007,32,JAWA BARAT,32.12,KAB. INDRAMAYU,32.12.24,SUKRA,SUMURADEM TIMUR,,,,,45257,45257,45259,45257;45259,review_required,unresolved,yes,No automatic selection: Kodepos.dev does not corroborate exactly one local source.,no,,diskominfo:32.12.24.2007;open_data_jabar:32.12.24.2007;kodepos_dev:32.12.24.2007,diskominfo_jabar_village_2024_unreviewed;open_data_jabar_postal_2023;kodepos_dev_rest_api,diskominfo:4199;open_data_jabar:22011;kodepos_dev:4199,2026-08-11,local_government_consensus_api_conflict,45257,Diskominfo and Open Data Jabar agree; Kodepos.dev differs.,government_sources_agree_api_differs,,,1,,,,,pending,,,,,,,,,not_started
32.12.24.2017,32,JAWA BARAT,32.12,KAB. INDRAMAYU,32.12.24,SUKRA,KARANG LAYUNG,,,,,45257,45257,45259,45257;45259,review_required,unresolved,yes,No automatic selection: Kodepos.dev does not corroborate exactly one local source.,no,,diskominfo:32.12.24.2017;open_data_jabar:32.12.24.2017;kodepos_dev:32.12.24.2017,diskominfo_jabar_village_2024_unreviewed;open_data_jabar_postal_2023;kodepos_dev_rest_api,diskominfo:4200;open_data_jabar:22012;kodepos_dev:4200,2026-08-11,local_government_consensus_api_conflict,45257,Diskominfo and Open Data Jabar agree; Kodepos.dev differs.,government_sources_agree_api_differs,,,1,,,,,pending,,,,,,,,,not_started
32.12.26.2001,32,JAWA BARAT,32.12,KAB. INDRAMAYU,32.12.26,TRISI,CIKAWUNG,,,,,45267,45267,45260,45260;45267,review_required,unresolved,yes,No automatic selection: Kodepos.dev does not corroborate exactly one local source.,no,,diskominfo:32.12.26.2001;open_data_jabar:32.12.26.2001;kodepos_dev:32.12.26.2001,diskominfo_jabar_village_2024_unreviewed;open_data_jabar_postal_2023;kodepos_dev_rest_api,diskominfo:4208;open_data_jabar:22021;kodepos_dev:4208,2026-08-11,local_government_consensus_api_conflict,45267,Diskominfo and Open Data Jabar agree; Kodepos.dev differs.,government_sources_agree_api_differs,,,1,,,,,pending,,,,,,,,,not_started
32.12.26.2002,32,JAWA BARAT,32.12,KAB. INDRAMAYU,32.12.26,TRISI,JATIMULYA,,,,,45267,45267,45260,45260;45267,review_required,unresolved,yes,No automatic selection: Kodepos.dev does not corroborate exactly one local source.,no,,diskominfo:32.12.26.2002;open_data_jabar:32.12.26.2002;kodepos_dev:32.12.26.2002,diskominfo_jabar_village_2024_unreviewed;open_data_jabar_postal_2023;kodepos_dev_rest_api,diskominfo:4209;open_data_jabar:22022;kodepos_dev:4209,2026-08-11,local_government_consensus_api_conflict,45267,Diskominfo and Open Data Jabar agree; Kodepos.dev differs.,government_sources_agree_api_differs,,,1,,,,,pending,,,,,,,,,not_started
32.12.26.2003,32,JAWA BARAT,32.12,KAB. INDRAMAYU,32.12.26,TRISI,JATIMUNGGUL,,,,,45267,45267,45260,45260;45267,review_required,unresolved,yes,No automatic selection: Kodepos.dev does not corroborate exactly one local source.,no,,diskominfo:32.12.26.2003;open_data_jabar:32.12.26.2003;kodepos_dev:32.12.26.2003,diskominfo_jabar_village_2024_unreviewed;open_data_jabar_postal_2023;kodepos_dev_rest_api,diskominfo:4210;open_data_jabar:22023;kodepos_dev:4210,2026-08-11,local_government_consensus_api_conflict,45267,Diskominfo and Open Data Jabar agree; Kodepos.dev differs.,government_sources_agree_api_differs,,,1,,,,,pending,,,,,,,,,not_started
32.12.26.2004,32,JAWA BARAT,32.12,KAB. INDRAMAYU,32.12.26,TRISI,PLOSOKEREP,,,,,45267,45267,45260,45260;45267,review_required,unresolved,yes,No automatic selection: Kodepos.dev does not corroborate exactly one local source.,no,,diskominfo:32.12.26.2004;open_data_jabar:32.12.26.2004;kodepos_dev:32.12.26.2004,diskominfo_jabar_village_2024_unreviewed;open_data_jabar_postal_2023;kodepos_dev_rest_api,diskominfo:4211;open_data_jabar:22024;kodepos_dev:4211,2026-08-11,local_government_consensus_api_conflict,45267,Diskominfo and Open Data Jabar agree; Kodepos.dev differs.,government_sources_agree_api_differs,,,1,,,,,pending,,,,,,,,,not_started
32.12.26.2005,32,JAWA BARAT,32.12,KAB. INDRAMAYU,32.12.26,TRISI,RAJASINGA,,,,,45267,45267,45260,45260;45267,review_required,unresolved,yes,No automatic selection: Kodepos.dev does not corroborate exactly one local source.,no,,diskominfo:32.12.26.2005;open_data_jabar:32.12.26.2005;kodepos_dev:32.12.26.2005,diskominfo_jabar_village_2024_unreviewed;open_data_jabar_postal_2023;kodepos_dev_rest_api,diskominfo:4212;open_data_jabar:22026;kodepos_dev:4212,2026-08-11,local_government_consensus_api_conflict,45267,Diskominfo and Open Data Jabar agree; Kodepos.dev differs.,government_sources_agree_api_differs,,,1,,,,,pending,,,,,,,,,not_started
32.12.26.2006,32,JAWA BARAT,32.12,KAB. INDRAMAYU,32.12.26,TRISI,KARANGASEM,,,,,45267,45267,45260,45260;45267,review_required,unresolved,yes,No automatic selection: Kodepos.dev does not corroborate exactly one local source.,no,,diskominfo:32.12.26.2006;open_data_jabar:32.12.26.2006;kodepos_dev:32.12.26.2006,diskominfo_jabar_village_2024_unreviewed;open_data_jabar_postal_2023;kodepos_dev_rest_api,diskominfo:4213;open_data_jabar:22027;kodepos_dev:4213,2026-08-11,local_government_consensus_api_conflict,45267,Diskominfo and Open Data Jabar agree; Kodepos.dev differs.,government_sources_agree_api_differs,,,1,,,,,pending,,,,,,,,,not_started
32.12.26.2007,32,JAWA BARAT,32.12,KAB. INDRAMAYU,32.12.26,TRISI,CIBERENG,,,,,45267,45267,45260,45260;45267,review_required,unresolved,yes,No automatic selection: Kodepos.dev does not corroborate exactly one local source.,no,,diskominfo:32.12.26.2007;open_data_jabar:32.12.26.2007;kodepos_dev:32.12.26.2007,diskominfo_jabar_village_2024_unreviewed;open_data_jabar_postal_2023;kodepos_dev_rest_api,diskominfo:4214;open_data_jabar:22028;kodepos_dev:4214,2026-08-11,local_government_consensus_api_conflict,45267,Diskominfo and Open Data Jabar agree; Kodepos.dev differs.,government_sources_agree_api_differs,,,1,,,,,pending,,,,,,,,,not_started
32.12.26.2008,32,JAWA BARAT,32.12,KAB. INDRAMAYU,32.12.26,TRISI,KENDAYAKAN,,,,,45267,45267,45260,45260;45267,review_required,unresolved,yes,No automatic selection: Kodepos.dev does not corroborate exactly one local source.,no,,diskominfo:32.12.26.2008;open_data_jabar:32.12.26.2008;kodepos_dev:32.12.26.2008,diskominfo_jabar_village_2024_unreviewed;open_data_jabar_postal_2023;kodepos_dev_rest_api,diskominfo:4215;open_data_jabar:22029;kodepos_dev:4215,2026-08-11,local_government_consensus_api_conflict,45267,Diskominfo and Open Data Jabar agree; Kodepos.dev differs.,government_sources_agree_api_differs,,,1,,,,,pending,,,,,,,,,not_started
32.12.26.2009,32,JAWA BARAT,32.12,KAB. INDRAMAYU,32.12.26,TRISI,MANGGUNGAN,,,,,45267,45267,45260,45260;45267,review_required,unresolved,yes,No automatic selection: Kodepos.dev does not corroborate exactly one local source.,no,,diskominfo:32.12.26.2009;open_data_jabar:32.12.26.2009;kodepos_dev:32.12.26.2009,diskominfo_jabar_village_2024_unreviewed;open_data_jabar_postal_2023;kodepos_dev_rest_api,diskominfo:4216;open_data_jabar:22030;kodepos_dev:4216,2026-08-11,local_government_consensus_api_conflict,45267,Diskominfo and Open Data Jabar agree; Kodepos.dev differs.,government_sources_agree_api_differs,,,1,,,,,pending,,,,,,,,,not_started
32.13.07.2004,32,JAWA BARAT,32.13,KAB. SUBANG,32.13.07,PAGADEN,GUNUNGSEMBUNG,,,,,41252,41252,41251,41251;41252,review_required,unresolved,yes,No automatic selection: Kodepos.dev does not corroborate exactly one local source.,no,,diskominfo:32.13.07.2004;open_data_jabar:32.13.07.2004;kodepos_dev:32.13.07.2004,diskominfo_jabar_village_2024_unreviewed;open_data_jabar_postal_2023;kodepos_dev_rest_api,diskominfo:4310;open_data_jabar:22134;kodepos_dev:4310,2026-08-11,local_government_consensus_api_conflict,41252,Diskominfo and Open Data Jabar agree; Kodepos.dev differs.,government_sources_agree_api_differs,,,1,,,,,pending,,,,,,,,,not_started
32.13.07.2005,32,JAWA BARAT,32.13,KAB. SUBANG,32.13.07,PAGADEN,GEMBOR,,,,,41252,41252,41251,41251;41252,review_required,unresolved,yes,No automatic selection: Kodepos.dev does not corroborate exactly one local source.,no,,diskominfo:32.13.07.2005;open_data_jabar:32.13.07.2005;kodepos_dev:32.13.07.2005,diskominfo_jabar_village_2024_unreviewed;open_data_jabar_postal_2023;kodepos_dev_rest_api,diskominfo:4311;open_data_jabar:22135;kodepos_dev:4311,2026-08-11,local_government_consensus_api_conflict,41252,Diskominfo and Open Data Jabar agree; Kodepos.dev differs.,government_sources_agree_api_differs,,,1,,,,,pending,,,,,,,,,not_started
32.13.07.2006,32,JAWA BARAT,32.13,KAB. SUBANG,32.13.07,PAGADEN,KAMARUNG,,,,,41252,41252,41251,41251;41252,review_required,unresolved,yes,No automatic selection: Kodepos.dev does not corroborate exactly one local source.,no,,diskominfo:32.13.07.2006;open_data_jabar:32.13.07.2006;kodepos_dev:32.13.07.2006,diskominfo_jabar_village_2024_unreviewed;open_data_jabar_postal_2023;kodepos_dev_rest_api,diskominfo:4312;open_data_jabar:22137;kodepos_dev:4312,2026-08-11,local_government_consensus_api_conflict,41252,Diskominfo and Open Data Jabar agree; Kodepos.dev differs.,government_sources_agree_api_differs,,,1,,,,,pending,,,,,,,,,not_started
32.13.07.2010,32,JAWA BARAT,32.13,KAB. SUBANG,32.13.07,PAGADEN,GAMBARSARI,,,,,41252,41252,41251,41251;41252,review_required,unresolved,yes,No automatic selection: Kodepos.dev does not corroborate exactly one local source.,no,,diskominfo:32.13.07.2010;open_data_jabar:32.13.07.2010;kodepos_dev:32.13.07.2010,diskominfo_jabar_village_2024_unreviewed;open_data_jabar_postal_2023;kodepos_dev_rest_api,diskominfo:4313;open_data_jabar:22138;kodepos_dev:4313,2026-08-11,local_government_consensus_api_conflict,41252,Diskominfo and Open Data Jabar agree; Kodepos.dev differs.,government_sources_agree_api_differs,,,1,,,,,pending,,,,,,,,,not_started
32.13.07.2011,32,JAWA BARAT,32.13,KAB. SUBANG,32.13.07,PAGADEN,PAGEDAN,,,,,41252,41252,41251,41251;41252,review_required,unresolved,yes,No automatic selection: Kodepos.dev does not corroborate exactly one local source.,no,,diskominfo:32.13.07.2011;open_data_jabar:32.13.07.2011;kodepos_dev:32.13.07.2011,diskominfo_jabar_village_2024_unreviewed;open_data_jabar_postal_2023;kodepos_dev_rest_api,diskominfo:4314;open_data_jabar:22139;kodepos_dev:4314,2026-08-11,local_government_consensus_api_conflict,41252,Diskominfo and Open Data Jabar agree; Kodepos.dev differs.,government_sources_agree_api_differs,,,1,,,,,pending,,,,,,,,,not_started
32.13.07.2013,32,JAWA BARAT,32.13,KAB. SUBANG,32.13.07,PAGADEN,NEGLASARI,,,,,41252,41252,41251,41251;41252,review_required,unresolved,yes,No automatic selection: Kodepos.dev does not corroborate exactly one local source.,no,,diskominfo:32.13.07.2013;open_data_jabar:32.13.07.2013;kodepos_dev:32.13.07.2013,diskominfo_jabar_village_2024_unreviewed;open_data_jabar_postal_2023;kodepos_dev_rest_api,diskominfo:4316;open_data_jabar:22141;kodepos_dev:4316,2026-08-11,local_government_consensus_api_conflict,41252,Diskominfo and Open Data Jabar agree; Kodepos.dev differs.,government_sources_agree_api_differs,,,1,,,,,pending,,,,,,,,,not_started
32.13.07.2014,32,JAWA BARAT,32.13,KAB. SUBANG,32.13.07,PAGADEN,SUMBERSARI,,,,,41252,41252,41251,41251;41252,review_required,unresolved,yes,No automatic selection: Kodepos.dev does not corroborate exactly one local source.,no,,diskominfo:32.13.07.2014;open_data_jabar:32.13.07.2014;kodepos_dev:32.13.07.2014,diskominfo_jabar_village_2024_unreviewed;open_data_jabar_postal_2023;kodepos_dev_rest_api,diskominfo:4317;open_data_jabar:22142;kodepos_dev:4317,2026-08-11,local_government_consensus_api_conflict,41252,Diskominfo and Open Data Jabar agree; Kodepos.dev differs.,government_sources_agree_api_differs,,,1,,,,,pending,,,,,,,,,not_started
32.13.07.2015,32,JAWA BARAT,32.13,KAB. SUBANG,32.13.07,PAGADEN,GUNUNGSARI,,,,,41252,41252,41251,41251;41252,review_required,unresolved,yes,No automatic selection: Kodepos.dev does not corroborate exactly one local source.,no,,diskominfo:32.13.07.2015;open_data_jabar:32.13.07.2015;kodepos_dev:32.13.07.2015,diskominfo_jabar_village_2024_unreviewed;open_data_jabar_postal_2023;kodepos_dev_rest_api,diskominfo:4318;open_data_jabar:22143;kodepos_dev:4318,2026-08-11,local_government_consensus_api_conflict,41252,Diskominfo and Open Data Jabar agree; Kodepos.dev differs.,government_sources_agree_api_differs,,,1,,,,,pending,,,,,,,,,not_started
32.13.07.2019,32,JAWA BARAT,32.13,KAB. SUBANG,32.13.07,PAGADEN,JABONG,,,,,41252,41252,41251,41251;41252,review_required,unresolved,yes,No automatic selection: Kodepos.dev does not corroborate exactly one local source.,no,,diskominfo:32.13.07.2019;open_data_jabar:32.13.07.2019;kodepos_dev:32.13.07.2019,diskominfo_jabar_village_2024_unreviewed;open_data_jabar_postal_2023;kodepos_dev_rest_api,diskominfo:4319;open_data_jabar:22144;kodepos_dev:4319,2026-08-11,local_government_consensus_api_conflict,41252,Diskominfo and Open Data Jabar agree; Kodepos.dev differs.,government_sources_agree_api_differs,,,1,,,,,pending,,,,,,,,,not_started
32.13.10.2005,32,JAWA BARAT,32.13,KAB. SUBANG,32.13.10,PUSAKANAGARA,PUSAKARATU,,,,,41255,41255,41265,41255;41265,review_required,unresolved,yes,No automatic selection: Kodepos.dev does not corroborate exactly one local source.,no,,diskominfo:32.13.10.2005;open_data_jabar:32.13.10.2005;kodepos_dev:32.13.10.2005,diskominfo_jabar_village_2024_unreviewed;open_data_jabar_postal_2023;kodepos_dev_rest_api,diskominfo:4338;open_data_jabar:22165;kodepos_dev:4338,2026-08-11,local_government_consensus_api_conflict,41255,Diskominfo and Open Data Jabar agree; Kodepos.dev differs.,government_sources_agree_api_differs,,,1,,,,,pending,,,,,,,,,not_started
32.13.10.2006,32,JAWA BARAT,32.13,KAB. SUBANG,32.13.10,PUSAKANAGARA,GEMPOL,,,,,41255,41255,41265,41255;41265,review_required,unresolved,yes,No automatic selection: Kodepos.dev does not corroborate exactly one local source.,no,,diskominfo:32.13.10.2006;open_data_jabar:32.13.10.2006;kodepos_dev:32.13.10.2006,diskominfo_jabar_village_2024_unreviewed;open_data_jabar_postal_2023;kodepos_dev_rest_api,diskominfo:4339;open_data_jabar:22166;kodepos_dev:4339,2026-08-11,local_government_consensus_api_conflict,41255,Diskominfo and Open Data Jabar agree; Kodepos.dev differs.,government_sources_agree_api_differs,,,1,,,,,pending,,,,,,,,,not_started
32.13.10.2007,32,JAWA BARAT,32.13,KAB. SUBANG,32.13.10,PUSAKANAGARA,KALENTAMBO,,,,,41255,41255,41265,41255;41265,review_required,unresolved,yes,No automatic selection: Kodepos.dev does not corroborate exactly one local source.,no,,diskominfo:32.13.10.2007;open_data_jabar:32.13.10.2007;kodepos_dev:32.13.10.2007,diskominfo_jabar_village_2024_unreviewed;open_data_jabar_postal_2023;kodepos_dev_rest_api,diskominfo:4340;open_data_jabar:22167;kodepos_dev:4340,2026-08-11,local_government_consensus_api_conflict,41255,Diskominfo and Open Data Jabar agree; Kodepos.dev differs.,government_sources_agree_api_differs,,,1,,,,,pending,,,,,,,,,not_started
32.13.10.2008,32,JAWA BARAT,32.13,KAB. SUBANG,32.13.10,PUSAKANAGARA,PATIMBAN,,,,,41255,41255,41265,41255;41265,review_required,unresolved,yes,No automatic selection: Kodepos.dev does not corroborate exactly one local source.,no,,diskominfo:32.13.10.2008;open_data_jabar:32.13.10.2008;kodepos_dev:32.13.10.2008,diskominfo_jabar_village_2024_unreviewed;open_data_jabar_postal_2023;kodepos_dev_rest_api,diskominfo:4341;open_data_jabar:22168;kodepos_dev:4341,2026-08-11,local_government_consensus_api_conflict,41255,Diskominfo and Open Data Jabar agree; Kodepos.dev differs.,government_sources_agree_api_differs,,,1,,,,,pending,,,,,,,,,not_started
32.13.10.2012,32,JAWA BARAT,32.13,KAB. SUBANG,32.13.10,PUSAKANAGARA,RANCADAKA,,,,,41255,41255,41265,41255;41265,review_required,unresolved,yes,No automatic selection: Kodepos.dev does not corroborate exactly one local source.,no,,diskominfo:32.13.10.2012;open_data_jabar:32.13.10.2012;kodepos_dev:32.13.10.2012,diskominfo_jabar_village_2024_unreviewed;open_data_jabar_postal_2023;kodepos_dev_rest_api,diskominfo:4342;open_data_jabar:22170;kodepos_dev:4342,2026-08-11,local_government_consensus_api_conflict,41255,Diskominfo and Open Data Jabar agree; Kodepos.dev differs.,government_sources_agree_api_differs,,,1,,,,,pending,,,,,,,,,not_started
32.13.10.2014,32,JAWA BARAT,32.13,KAB. SUBANG,32.13.10,PUSAKANAGARA,KOTASARI,,,,,41255,41255,41265,41255;41265,review_required,unresolved,yes,No automatic selection: Kodepos.dev does not corroborate exactly one local source.,no,,diskominfo:32.13.10.2014;open_data_jabar:32.13.10.2014;kodepos_dev:32.13.10.2014,diskominfo_jabar_village_2024_unreviewed;open_data_jabar_postal_2023;kodepos_dev_rest_api,diskominfo:4343;open_data_jabar:22171;kodepos_dev:4343,2026-08-11,local_government_consensus_api_conflict,41255,Diskominfo and Open Data Jabar agree; Kodepos.dev differs.,government_sources_agree_api_differs,,,1,,,,,pending,,,,,,,,,not_started
32.13.10.2015,32,JAWA BARAT,32.13,KAB. SUBANG,32.13.10,PUSAKANAGARA,MUNDUSARI,,,,,41255,41255,41265,41255;41265,review_required,unresolved,yes,No automatic selection: Kodepos.dev does not corroborate exactly one local source.,no,,diskominfo:32.13.10.2015;open_data_jabar:32.13.10.2015;kodepos_dev:32.13.10.2015,diskominfo_jabar_village_2024_unreviewed;open_data_jabar_postal_2023;kodepos_dev_rest_api,diskominfo:4344;open_data_jabar:22172;kodepos_dev:4344,2026-08-11,local_government_consensus_api_conflict,41255,Diskominfo and Open Data Jabar agree; Kodepos.dev differs.,government_sources_agree_api_differs,,,1,,,,,pending,,,,,,,,,not_started
32.13.11.2002,32,JAWA BARAT,32.13,KAB. SUBANG,32.13.11,PAMANUKAN,RANCASARI,,,,,41254,41254,41264,41254;41264,review_required,unresolved,yes,No automatic selection: Kodepos.dev does not corroborate exactly one local source.,no,,diskominfo:32.13.11.2002;open_data_jabar:32.13.11.2002;kodepos_dev:32.13.11.2002,diskominfo_jabar_village_2024_unreviewed;open_data_jabar_postal_2023;kodepos_dev_rest_api,diskominfo:4345;open_data_jabar:22173;kodepos_dev:4345,2026-08-11,local_government_consensus_api_conflict,41254,Diskominfo and Open Data Jabar agree; Kodepos.dev differs.,government_sources_agree_api_differs,,,1,,,,,pending,,,,,,,,,not_started
32.13.11.2003,32,JAWA BARAT,32.13,KAB. SUBANG,32.13.11,PAMANUKAN,RANCAHILIR,,,,,41254,41254,41264,41254;41264,review_required,unresolved,yes,No automatic selection: Kodepos.dev does not corroborate exactly one local source.,no,,diskominfo:32.13.11.2003;open_data_jabar:32.13.11.2003;kodepos_dev:32.13.11.2003,diskominfo_jabar_village_2024_unreviewed;open_data_jabar_postal_2023;kodepos_dev_rest_api,diskominfo:4346;open_data_jabar:22174;kodepos_dev:4346,2026-08-11,local_government_consensus_api_conflict,41254,Diskominfo and Open Data Jabar agree; Kodepos.dev differs.,government_sources_agree_api_differs,,,1,,,,,pending,,,,,,,,,not_started
32.13.11.2004,32,JAWA BARAT,32.13,KAB. SUBANG,32.13.11,PAMANUKAN,PAMANUKAN,,,,,41254,41254,41264,41254;41264,review_required,unresolved,yes,No automatic selection: Kodepos.dev does not corroborate exactly one local source.,no,,diskominfo:32.13.11.2004;open_data_jabar:32.13.11.2004;kodepos_dev:32.13.11.2004,diskominfo_jabar_village_2024_unreviewed;open_data_jabar_postal_2023;kodepos_dev_rest_api,diskominfo:4347;open_data_jabar:22175;kodepos_dev:4347,2026-08-11,local_government_consensus_api_conflict,41254,Diskominfo and Open Data Jabar agree; Kodepos.dev differs.,government_sources_agree_api_differs,,,1,,,,,pending,,,,,,,,,not_started
32.13.11.2006,32,JAWA BARAT,32.13,KAB. SUBANG,32.13.11,PAMANUKAN,PAMANUKAN HILIR,,,,,41254,41254,41264,41254;41264,review_required,unresolved,yes,No automatic selection: Kodepos.dev does not corroborate exactly one local source.,no,,diskominfo:32.13.11.2006;open_data_jabar:32.13.11.2006;kodepos_dev:32.13.11.2006,diskominfo_jabar_village_2024_unreviewed;open_data_jabar_postal_2023;kodepos_dev_rest_api,diskominfo:4348;open_data_jabar:22176;kodepos_dev:4348,2026-08-11,local_government_consensus_api_conflict,41254,Diskominfo and Open Data Jabar agree; Kodepos.dev differs.,government_sources_agree_api_differs,,,1,,,,,pending,,,,,,,,,not_started
32.13.11.2007,32,JAWA BARAT,32.13,KAB. SUBANG,32.13.11,PAMANUKAN,PAMANUKAN SEBRANG,,,,,41254,41254,41264,41254;41264,review_required,unresolved,yes,No automatic selection: Kodepos.dev does not corroborate exactly one local source.,no,,diskominfo:32.13.11.2007;open_data_jabar:32.13.11.2007;kodepos_dev:32.13.11.2007,diskominfo_jabar_village_2024_unreviewed;open_data_jabar_postal_2023;kodepos_dev_rest_api,diskominfo:4349;open_data_jabar:22177;kodepos_dev:4349,2026-08-11,local_government_consensus_api_conflict,41254,Diskominfo and Open Data Jabar agree; Kodepos.dev differs.,government_sources_agree_api_differs,,,1,,,,,pending,,,,,,,,,not_started
32.13.11.2009,32,JAWA BARAT,32.13,KAB. SUBANG,32.13.11,PAMANUKAN,MULYASARI,,,,,41254,41254,41264,41254;41264,review_required,unresolved,yes,No automatic selection: Kodepos.dev does not corroborate exactly one local source.,no,,diskominfo:32.13.11.2009;open_data_jabar:32.13.11.2009;kodepos_dev:32.13.11.2009,diskominfo_jabar_village_2024_unreviewed;open_data_jabar_postal_2023;kodepos_dev_rest_api,diskominfo:4350;open_data_jabar:22178;kodepos_dev:4350,2026-08-11,local_government_consensus_api_conflict,41254,Diskominfo and Open Data Jabar agree; Kodepos.dev differs.,government_sources_agree_api_differs,,,1,,,,,pending,,,,,,,,,not_started
32.13.11.2010,32,JAWA BARAT,32.13,KAB. SUBANG,32.13.11,PAMANUKAN,LENGKONGJAYA,,,,,41254,41254,41264,41254;41264,review_required,unresolved,yes,No automatic selection: Kodepos.dev does not corroborate exactly one local source.,no,,diskominfo:32.13.11.2010;open_data_jabar:32.13.11.2010;kodepos_dev:32.13.11.2010,diskominfo_jabar_village_2024_unreviewed;open_data_jabar_postal_2023;kodepos_dev_rest_api,diskominfo:4351;open_data_jabar:22179;kodepos_dev:4351,2026-08-11,local_government_consensus_api_conflict,41254,Diskominfo and Open Data Jabar agree; Kodepos.dev differs.,government_sources_agree_api_differs,,,1,,,,,pending,,,,,,,,,not_started
32.13.11.2011,32,JAWA BARAT,32.13,KAB. SUBANG,32.13.11,PAMANUKAN,BONGAS,,,,,41254,41254,41264,41254;41264,review_required,unresolved,yes,No automatic selection: Kodepos.dev does not corroborate exactly one local source.,no,,diskominfo:32.13.11.2011;open_data_jabar:32.13.11.2011;kodepos_dev:32.13.11.2011,diskominfo_jabar_village_2024_unreviewed;open_data_jabar_postal_2023;kodepos_dev_rest_api,diskominfo:4352;open_data_jabar:22181;kodepos_dev:4352,2026-08-11,local_government_consensus_api_conflict,41254,Diskominfo and Open Data Jabar agree; Kodepos.dev differs.,government_sources_agree_api_differs,,,1,,,,,pending,,,,,,,,,not_started
32.13.22.2001,32,JAWA BARAT,32.13,KAB. SUBANG,32.13.22,CIKAUM,KAWUNGANTEN,,,,,41264,41264,41266,41264;41266,review_required,unresolved,yes,No automatic selection: Kodepos.dev does not corroborate exactly one local source.,no,,diskominfo:32.13.22.2001;open_data_jabar:32.13.22.2001;kodepos_dev:32.13.22.2001,diskominfo_jabar_village_2024_unreviewed;open_data_jabar_postal_2023;kodepos_dev_rest_api,diskominfo:4438;open_data_jabar:22278;kodepos_dev:4438,2026-08-11,local_government_consensus_api_conflict,41264,Diskominfo and Open Data Jabar agree; Kodepos.dev differs.,government_sources_agree_api_differs,,,1,,,,,pending,,,,,,,,,not_started
32.13.30.2004,32,JAWA BARAT,32.13,KAB. SUBANG,32.13.30,PUSAKAJAYA,BOJONGTENGAH,,,,,41266,41266,41255,41255;41266,review_required,unresolved,yes,No automatic selection: Kodepos.dev does not corroborate exactly one local source.,no,,diskominfo:32.13.30.2004;open_data_jabar:32.13.30.2004;kodepos_dev:32.13.30.2004,diskominfo_jabar_village_2024_unreviewed;open_data_jabar_postal_2023;kodepos_dev_rest_api,diskominfo:4506;open_data_jabar:22354;kodepos_dev:4506,2026-08-11,local_government_consensus_api_conflict,41266,Diskominfo and Open Data Jabar agree; Kodepos.dev differs.,government_sources_agree_api_differs,,,1,,,,,pending,,,,,,,,,not_started
32.13.30.2005,32,JAWA BARAT,32.13,KAB. SUBANG,32.13.30,PUSAKAJAYA,BOJONGJAYA,,,,,41266,41266,41255,41255;41266,review_required,unresolved,yes,No automatic selection: Kodepos.dev does not corroborate exactly one local source.,no,,diskominfo:32.13.30.2005;open_data_jabar:32.13.30.2005;kodepos_dev:32.13.30.2005,diskominfo_jabar_village_2024_unreviewed;open_data_jabar_postal_2023;kodepos_dev_rest_api,diskominfo:4507;open_data_jabar:22355;kodepos_dev:4507,2026-08-11,local_government_consensus_api_conflict,41266,Diskominfo and Open Data Jabar agree; Kodepos.dev differs.,government_sources_agree_api_differs,,,1,,,,,pending,,,,,,,,,not_started
32.14.02.2002,32,JAWA BARAT,32.14,KAB. PURWAKARTA,32.14.02,CAMPAKA,CAMPAKASARI,,,,,41181,41181,41180,41180;41181,review_required,unresolved,yes,No automatic selection: Kodepos.dev does not corroborate exactly one local source.,no,,diskominfo:32.14.02.2002;open_data_jabar:32.14.02.2002;kodepos_dev:32.14.02.2002,diskominfo_jabar_village_2024_unreviewed;open_data_jabar_postal_2023;kodepos_dev_rest_api,diskominfo:4522;open_data_jabar:22372;kodepos_dev:4522,2026-08-11,local_government_consensus_api_conflict,41181,Diskominfo and Open Data Jabar agree; Kodepos.dev differs.,government_sources_agree_api_differs,,,1,,,,,pending,,,,,,,,,not_started
32.14.02.2003,32,JAWA BARAT,32.14,KAB. PURWAKARTA,32.14.02,CAMPAKA,BENTENG,,,,,41181,41181,41180,41180;41181,review_required,unresolved,yes,No automatic selection: Kodepos.dev does not corroborate exactly one local source.,no,,diskominfo:32.14.02.2003;open_data_jabar:32.14.02.2003;kodepos_dev:32.14.02.2003,diskominfo_jabar_village_2024_unreviewed;open_data_jabar_postal_2023;kodepos_dev_rest_api,diskominfo:4523;open_data_jabar:22373;kodepos_dev:4523,2026-08-11,local_government_consensus_api_conflict,41181,Diskominfo and Open Data Jabar agree; Kodepos.dev differs.,government_sources_agree_api_differs,,,1,,,,,pending,,,,,,,,,not_started
32.14.02.2004,32,JAWA BARAT,32.14,KAB. PURWAKARTA,32.14.02,CAMPAKA,CIRENDE,,,,,41181,41181,41180,41180;41181,review_required,unresolved,yes,No automatic selection: Kodepos.dev does not corroborate exactly one local source.,no,,diskominfo:32.14.02.2004;open_data_jabar:32.14.02.2004;kodepos_dev:32.14.02.2004,diskominfo_jabar_village_2024_unreviewed;open_data_jabar_postal_2023;kodepos_dev_rest_api,diskominfo:4524;open_data_jabar:22374;kodepos_dev:4524,2026-08-11,local_government_consensus_api_conflict,41181,Diskominfo and Open Data Jabar agree; Kodepos.dev differs.,government_sources_agree_api_differs,,,1,,,,,pending,,,,,,,,,not_started
32.14.02.2005,32,JAWA BARAT,32.14,KAB. PURWAKARTA,32.14.02,CAMPAKA,CIKUMPAY,,,,,41181,41181,41180,41180;41181,review_required,unresolved,yes,No automatic selection: Kodepos.dev does not corroborate exactly one local source.,no,,diskominfo:32.14.02.2005;open_data_jabar:32.14.02.2005;kodepos_dev:32.14.02.2005,diskominfo_jabar_village_2024_unreviewed;open_data_jabar_postal_2023;kodepos_dev_rest_api,diskominfo:4525;open_data_jabar:22375;kodepos_dev:4525,2026-08-11,local_government_consensus_api_conflict,41181,Diskominfo and Open Data Jabar agree; Kodepos.dev differs.,government_sources_agree_api_differs,,,1,,,,,pending,,,,,,,,,not_started
32.14.02.2006,32,JAWA BARAT,32.14,KAB. PURWAKARTA,32.14.02,CAMPAKA,CIJAYA,,,,,41181,41181,41180,41180;41181,review_required,unresolved,yes,No automatic selection: Kodepos.dev does not corroborate exactly one local source.,no,,diskominfo:32.14.02.2006;open_data_jabar:32.14.02.2006;kodepos_dev:32.14.02.2006,diskominfo_jabar_village_2024_unreviewed;open_data_jabar_postal_2023;kodepos_dev_rest_api,diskominfo:4526;open_data_jabar:22376;kodepos_dev:4526,2026-08-11,local_government_consensus_api_conflict,41181,Diskominfo and Open Data Jabar agree; Kodepos.dev differs.,government_sources_agree_api_differs,,,1,,,,,pending,,,,,,,,,not_started
32.14.02.2007,32,JAWA BARAT,32.14,KAB. PURWAKARTA,32.14.02,CAMPAKA,KERTAMUKTI,,,,,41181,41181,41180,41180;41181,review_required,unresolved,yes,No automatic selection: Kodepos.dev does not corroborate exactly one local source.,no,,diskominfo:32.14.02.2007;open_data_jabar:32.14.02.2007;kodepos_dev:32.14.02.2007,diskominfo_jabar_village_2024_unreviewed;open_data_jabar_postal_2023;kodepos_dev_rest_api,diskominfo:4527;open_data_jabar:22377;kodepos_dev:4527,2026-08-11,local_government_consensus_api_conflict,41181,Diskominfo and Open Data Jabar agree; Kodepos.dev differs.,government_sources_agree_api_differs,,,1,,,,,pending,,,,,,,,,not_started
32.14.02.2008,32,JAWA BARAT,32.14,KAB. PURWAKARTA,32.14.02,CAMPAKA,CIMAHI,,,,,41181,41181,41180,41180;41181,review_required,unresolved,yes,No automatic selection: Kodepos.dev does not corroborate exactly one local source.,no,,diskominfo:32.14.02.2008;open_data_jabar:32.14.02.2008;kodepos_dev:32.14.02.2008,diskominfo_jabar_village_2024_unreviewed;open_data_jabar_postal_2023;kodepos_dev_rest_api,diskominfo:4528;open_data_jabar:22378;kodepos_dev:4528,2026-08-11,local_government_consensus_api_conflict,41181,Diskominfo and Open Data Jabar agree; Kodepos.dev differs.,government_sources_agree_api_differs,,,1,,,,,pending,,,,,,,,,not_started
32.14.02.2009,32,JAWA BARAT,32.14,KAB. PURWAKARTA,32.14.02,CAMPAKA,CIJUNTI,,,,,41181,41181,41180,41180;41181,review_required,unresolved,yes,No automatic selection: Kodepos.dev does not corroborate exactly one local source.,no,,diskominfo:32.14.02.2009;open_data_jabar:32.14.02.2009;kodepos_dev:32.14.02.2009,diskominfo_jabar_village_2024_unreviewed;open_data_jabar_postal_2023;kodepos_dev_rest_api,diskominfo:4529;open_data_jabar:22379;kodepos_dev:4529,2026-08-11,local_government_consensus_api_conflict,41181,Diskominfo and Open Data Jabar agree; Kodepos.dev differs.,government_sources_agree_api_differs,,,1,,,,,pending,,,,,,,,,not_started
32.14.02.2010,32,JAWA BARAT,32.14,KAB. PURWAKARTA,32.14.02,CAMPAKA,CISAAT,,,,,41181,41181,41180,41180;41181,review_required,unresolved,yes,No automatic selection: Kodepos.dev does not corroborate exactly one local source.,no,,diskominfo:32.14.02.2010;open_data_jabar:32.14.02.2010;kodepos_dev:32.14.02.2010,diskominfo_jabar_village_2024_unreviewed;open_data_jabar_postal_2023;kodepos_dev_rest_api,diskominfo:4530;open_data_jabar:22380;kodepos_dev:4530,2026-08-11,local_government_consensus_api_conflict,41181,Diskominfo and Open Data Jabar agree; Kodepos.dev differs.,government_sources_agree_api_differs,,,1,,,,,pending,,,,,,,,,not_started
32.14.16.2001,32,JAWA BARAT,32.14,KAB. PURWAKARTA,32.14.16,PONDOKSALAM,PARAKANSALAM,,,,,41173,41173,41115,41115;41173,review_required,unresolved,yes,No automatic selection: Kodepos.dev does not corroborate exactly one local source.,no,,diskominfo:32.14.16.2001;open_data_jabar:32.14.16.2001;kodepos_dev:32.14.16.2001,diskominfo_jabar_village_2024_unreviewed;open_data_jabar_postal_2023;kodepos_dev_rest_api,diskominfo:4682;open_data_jabar:22549;kodepos_dev:4682,2026-08-11,local_government_consensus_api_conflict,41173,Diskominfo and Open Data Jabar agree; Kodepos.dev differs.,government_sources_agree_api_differs,,,1,,,,,pending,,,,,,,,,not_started
32.14.16.2002,32,JAWA BARAT,32.14,KAB. PURWAKARTA,32.14.16,PONDOKSALAM,PONDOKBUNGUR,,,,,41173,41173,41115,41115;41173,review_required,unresolved,yes,No automatic selection: Kodepos.dev does not corroborate exactly one local source.,no,,diskominfo:32.14.16.2002;open_data_jabar:32.14.16.2002;kodepos_dev:32.14.16.2002,diskominfo_jabar_village_2024_unreviewed;open_data_jabar_postal_2023;kodepos_dev_rest_api,diskominfo:4683;open_data_jabar:22550;kodepos_dev:4683,2026-08-11,local_government_consensus_api_conflict,41173,Diskominfo and Open Data Jabar agree; Kodepos.dev differs.,government_sources_agree_api_differs,,,1,,,,,pending,,,,,,,,,not_started
32.14.16.2003,32,JAWA BARAT,32.14,KAB. PURWAKARTA,32.14.16,PONDOKSALAM,SALEM,,,,,41173,41173,41115,41115;41173,review_required,unresolved,yes,No automatic selection: Kodepos.dev does not corroborate exactly one local source.,no,,diskominfo:32.14.16.2003;open_data_jabar:32.14.16.2003;kodepos_dev:32.14.16.2003,diskominfo_jabar_village_2024_unreviewed;open_data_jabar_postal_2023;kodepos_dev_rest_api,diskominfo:4684;open_data_jabar:22551;kodepos_dev:4684,2026-08-11,local_government_consensus_api_conflict,41173,Diskominfo and Open Data Jabar agree; Kodepos.dev differs.,government_sources_agree_api_differs,,,1,,,,,pending,,,,,,,,,not_started
32.14.16.2004,32,JAWA BARAT,32.14,KAB. PURWAKARTA,32.14.16,PONDOKSALAM,GALUDRA,,,,,41173,41173,41115,41115;41173,review_required,unresolved,yes,No automatic selection: Kodepos.dev does not corroborate exactly one local source.,no,,diskominfo:32.14.16.2004;open_data_jabar:32.14.16.2004;kodepos_dev:32.14.16.2004,diskominfo_jabar_village_2024_unreviewed;open_data_jabar_postal_2023;kodepos_dev_rest_api,diskominfo:4685;open_data_jabar:22552;kodepos_dev:4685,2026-08-11,local_government_consensus_api_conflict,41173,Diskominfo and Open Data Jabar agree; Kodepos.dev differs.,government_sources_agree_api_differs,,,1,,,,,pending,,,,,,,,,not_started
32.14.16.2005,32,JAWA BARAT,32.14,KAB. PURWAKARTA,32.14.16,PONDOKSALAM,TANJUNGSARI,,,,,41173,41173,41115,41115;41173,review_required,unresolved,yes,No automatic selection: Kodepos.dev does not corroborate exactly one local source.,no,,diskominfo:32.14.16.2005;open_data_jabar:32.14.16.2005;kodepos_dev:32.14.16.2005,diskominfo_jabar_village_2024_unreviewed;open_data_jabar_postal_2023;kodepos_dev_rest_api,diskominfo:4686;open_data_jabar:22553;kodepos_dev:4686,2026-08-11,local_government_consensus_api_conflict,41173,Diskominfo and Open Data Jabar agree; Kodepos.dev differs.,government_sources_agree_api_differs,,,1,,,,,pending,,,,,,,,,not_started
32.14.16.2006,32,JAWA BARAT,32.14,KAB. PURWAKARTA,32.14.16,PONDOKSALAM,SALAMMULYA,,,,,41173,41173,41115,41115;41173,review_required,unresolved,yes,No automatic selection: Kodepos.dev does not corroborate exactly one local source.,no,,diskominfo:32.14.16.2006;open_data_jabar:32.14.16.2006;kodepos_dev:32.14.16.2006,diskominfo_jabar_village_2024_unreviewed;open_data_jabar_postal_2023;kodepos_dev_rest_api,diskominfo:4687;open_data_jabar:22554;kodepos_dev:4687,2026-08-11,local_government_consensus_api_conflict,41173,Diskominfo and Open Data Jabar agree; Kodepos.dev differs.,government_sources_agree_api_differs,,,1,,,,,pending,,,,,,,,,not_started
32.14.16.2007,32,JAWA BARAT,32.14,KAB. PURWAKARTA,32.14.16,PONDOKSALAM,SALAMJAYA,,,,,41173,41173,41115,41115;41173,review_required,unresolved,yes,No automatic selection: Kodepos.dev does not corroborate exactly one local source.,no,,diskominfo:32.14.16.2007;open_data_jabar:32.14.16.2007;kodepos_dev:32.14.16.2007,diskominfo_jabar_village_2024_unreviewed;open_data_jabar_postal_2023;kodepos_dev_rest_api,diskominfo:4688;open_data_jabar:22555;kodepos_dev:4688,2026-08-11,local_government_consensus_api_conflict,41173,Diskominfo and Open Data Jabar agree; Kodepos.dev differs.,government_sources_agree_api_differs,,,1,,,,,pending,,,,,,,,,not_started
32.14.16.2008,32,JAWA BARAT,32.14,KAB. PURWAKARTA,32.14.16,PONDOKSALAM,BUNGURJAYA,,,,,41173,41173,41115,41115;41173,review_required,unresolved,yes,No automatic selection: Kodepos.dev does not corroborate exactly one local source.,no,,diskominfo:32.14.16.2008;open_data_jabar:32.14.16.2008;kodepos_dev:32.14.16.2008,diskominfo_jabar_village_2024_unreviewed;open_data_jabar_postal_2023;kodepos_dev_rest_api,diskominfo:4689;open_data_jabar:22556;kodepos_dev:4689,2026-08-11,local_government_consensus_api_conflict,41173,Diskominfo and Open Data Jabar agree; Kodepos.dev differs.,government_sources_agree_api_differs,,,1,,,,,pending,,,,,,,,,not_started
32.14.16.2009,32,JAWA BARAT,32.14,KAB. PURWAKARTA,32.14.16,PONDOKSALAM,GURUDUG,,,,,41173,41173,41115,41115;41173,review_required,unresolved,yes,No automatic selection: Kodepos.dev does not corroborate exactly one local source.,no,,diskominfo:32.14.16.2009;open_data_jabar:32.14.16.2009;kodepos_dev:32.14.16.2009,diskominfo_jabar_village_2024_unreviewed;open_data_jabar_postal_2023;kodepos_dev_rest_api,diskominfo:4690;open_data_jabar:22557;kodepos_dev:4690,2026-08-11,local_government_consensus_api_conflict,41173,Diskominfo and Open Data Jabar agree; Kodepos.dev differs.,government_sources_agree_api_differs,,,1,,,,,pending,,,,,,,,,not_started
32.14.16.2010,32,JAWA BARAT,32.14,KAB. PURWAKARTA,32.14.16,PONDOKSALAM,SUKAJADI,,,,,41173,41173,41115,41115;41173,review_required,unresolved,yes,No automatic selection: Kodepos.dev does not corroborate exactly one local source.,no,,diskominfo:32.14.16.2010;open_data_jabar:32.14.16.2010;kodepos_dev:32.14.16.2010,diskominfo_jabar_village_2024_unreviewed;open_data_jabar_postal_2023;kodepos_dev_rest_api,diskominfo:4691;open_data_jabar:22558;kodepos_dev:4691,2026-08-11,local_government_consensus_api_conflict,41173,Diskominfo and Open Data Jabar agree; Kodepos.dev differs.,government_sources_agree_api_differs,,,1,,,,,pending,,,,,,,,,not_started
32.14.16.2011,32,JAWA BARAT,32.14,KAB. PURWAKARTA,32.14.16,PONDOKSALAM,SITU,,,,,41173,41173,41115,41115;41173,review_required,unresolved,yes,No automatic selection: Kodepos.dev does not corroborate exactly one local source.,no,,diskominfo:32.14.16.2011;open_data_jabar:32.14.16.2011;kodepos_dev:32.14.16.2011,diskominfo_jabar_village_2024_unreviewed;open_data_jabar_postal_2023;kodepos_dev_rest_api,diskominfo:4692;open_data_jabar:22561;kodepos_dev:4692,2026-08-11,local_government_consensus_api_conflict,41173,Diskominfo and Open Data Jabar agree; Kodepos.dev differs.,government_sources_agree_api_differs,,,1,,,,,pending,,,,,,,,,not_started
32.15.14.2001,32,JAWA BARAT,32.15,KAB. KARAWANG,32.15.14,JATISARI,MEKARSARI,,,,,41374,41374,41375,41374;41375,review_required,unresolved,yes,No automatic selection: Kodepos.dev does not corroborate exactly one local source.,no,,diskominfo:32.15.14.2001;open_data_jabar:32.15.14.2001;kodepos_dev:32.15.14.2001,diskominfo_jabar_village_2024_unreviewed;open_data_jabar_postal_2023;kodepos_dev_rest_api,diskominfo:4831;open_data_jabar:22714;kodepos_dev:4831,2026-08-11,local_government_consensus_api_conflict,41374,Diskominfo and Open Data Jabar agree; Kodepos.dev differs.,government_sources_agree_api_differs,,,1,,,,,pending,,,,,,,,,not_started
32.15.14.2002,32,JAWA BARAT,32.15,KAB. KARAWANG,32.15.14,JATISARI,JATISARI,,,,,41374,41374,41375,41374;41375,review_required,unresolved,yes,No automatic selection: Kodepos.dev does not corroborate exactly one local source.,no,,diskominfo:32.15.14.2002;open_data_jabar:32.15.14.2002;kodepos_dev:32.15.14.2002,diskominfo_jabar_village_2024_unreviewed;open_data_jabar_postal_2023;kodepos_dev_rest_api,diskominfo:4832;open_data_jabar:22716;kodepos_dev:4832,2026-08-11,local_government_consensus_api_conflict,41374,Diskominfo and Open Data Jabar agree; Kodepos.dev differs.,government_sources_agree_api_differs,,,1,,,,,pending,,,,,,,,,not_started
32.15.14.2003,32,JAWA BARAT,32.15,KAB. KARAWANG,32.15.14,JATISARI,BARUGBUG,,,,,41374,41374,41375,41374;41375,review_required,unresolved,yes,No automatic selection: Kodepos.dev does not corroborate exactly one local source.,no,,diskominfo:32.15.14.2003;open_data_jabar:32.15.14.2003;kodepos_dev:32.15.14.2003,diskominfo_jabar_village_2024_unreviewed;open_data_jabar_postal_2023;kodepos_dev_rest_api,diskominfo:4833;open_data_jabar:22717;kodepos_dev:4833,2026-08-11,local_government_consensus_api_conflict,41374,Diskominfo and Open Data Jabar agree; Kodepos.dev differs.,government_sources_agree_api_differs,,,1,,,,,pending,,,,,,,,,not_started
32.15.14.2004,32,JAWA BARAT,32.15,KAB. KARAWANG,32.15.14,JATISARI,CIKALONGSARI,,,,,41374,41374,41375,41374;41375,review_required,unresolved,yes,No automatic selection: Kodepos.dev does not corroborate exactly one local source.,no,,diskominfo:32.15.14.2004;open_data_jabar:32.15.14.2004;kodepos_dev:32.15.14.2004,diskominfo_jabar_village_2024_unreviewed;open_data_jabar_postal_2023;kodepos_dev_rest_api,diskominfo:4834;open_data_jabar:22718;kodepos_dev:4834,2026-08-11,local_government_consensus_api_conflict,41374,Diskominfo and Open Data Jabar agree; Kodepos.dev differs.,government_sources_agree_api_differs,,,1,,,,,pending,,,,,,,,,not_started
32.15.14.2005,32,JAWA BARAT,32.15,KAB. KARAWANG,32.15.14,JATISARI,CIREJAG,,,,,41374,41374,41375,41374;41375,review_required,unresolved,yes,No automatic selection: Kodepos.dev does not corroborate exactly one local source.,no,,diskominfo:32.15.14.2005;open_data_jabar:32.15.14.2005;kodepos_dev:32.15.14.2005,diskominfo_jabar_village_2024_unreviewed;open_data_jabar_postal_2023;kodepos_dev_rest_api,diskominfo:4835;open_data_jabar:22719;kodepos_dev:4835,2026-08-11,local_government_consensus_api_conflict,41374,Diskominfo and Open Data Jabar agree; Kodepos.dev differs.,government_sources_agree_api_differs,,,1,,,,,pending,,,,,,,,,not_started
32.15.14.2006,32,JAWA BARAT,32.15,KAB. KARAWANG,32.15.14,JATISARI,JATIBARU,,,,,41374,41374,41375,41374;41375,review_required,unresolved,yes,No automatic selection: Kodepos.dev does not corroborate exactly one local source.,no,,diskominfo:32.15.14.2006;open_data_jabar:32.15.14.2006;kodepos_dev:32.15.14.2006,diskominfo_jabar_village_2024_unreviewed;open_data_jabar_postal_2023;kodepos_dev_rest_api,diskominfo:4836;open_data_jabar:22720;kodepos_dev:4836,2026-08-11,local_government_consensus_api_conflict,41374,Diskominfo and Open Data Jabar agree; Kodepos.dev differs.,government_sources_agree_api_differs,,,1,,,,,pending,,,,,,,,,not_started
32.15.14.2007,32,JAWA BARAT,32.15,KAB. KARAWANG,32.15.14,JATISARI,JATIRAGAS,,,,,41374,41374,41375,41374;41375,review_required,unresolved,yes,No automatic selection: Kodepos.dev does not corroborate exactly one local source.,no,,diskominfo:32.15.14.2007;open_data_jabar:32.15.14.2007;kodepos_dev:32.15.14.2007,diskominfo_jabar_village_2024_unreviewed;open_data_jabar_postal_2023;kodepos_dev_rest_api,diskominfo:4837;open_data_jabar:22721;kodepos_dev:4837,2026-08-11,local_government_consensus_api_conflict,41374,Diskominfo and Open Data Jabar agree; Kodepos.dev differs.,government_sources_agree_api_differs,,,1,,,,,pending,,,,,,,,,not_started
32.15.14.2008,32,JAWA BARAT,32.15,KAB. KARAWANG,32.15.14,JATISARI,JATIWANGI,,,,,41374,41374,41375,41374;41375,review_required,unresolved,yes,No automatic selection: Kodepos.dev does not corroborate exactly one local source.,no,,diskominfo:32.15.14.2008;open_data_jabar:32.15.14.2008;kodepos_dev:32.15.14.2008,diskominfo_jabar_village_2024_unreviewed;open_data_jabar_postal_2023;kodepos_dev_rest_api,diskominfo:4838;open_data_jabar:22722;kodepos_dev:4838,2026-08-11,local_government_consensus_api_conflict,41374,Diskominfo and Open Data Jabar agree; Kodepos.dev differs.,government_sources_agree_api_differs,,,1,,,,,pending,,,,,,,,,not_started
32.15.14.2009,32,JAWA BARAT,32.15,KAB. KARAWANG,32.15.14,JATISARI,KALIJATI,,,,,41374,41374,41375,41374;41375,review_required,unresolved,yes,No automatic selection: Kodepos.dev does not corroborate exactly one local source.,no,,diskominfo:32.15.14.2009;open_data_jabar:32.15.14.2009;kodepos_dev:32.15.14.2009,diskominfo_jabar_village_2024_unreviewed;open_data_jabar_postal_2023;kodepos_dev_rest_api,diskominfo:4839;open_data_jabar:22723;kodepos_dev:4839,2026-08-11,local_government_consensus_api_conflict,41374,Diskominfo and Open Data Jabar agree; Kodepos.dev differs.,government_sources_agree_api_differs,,,1,,,,,pending,,,,,,,,,not_started
32.15.14.2010,32,JAWA BARAT,32.15,KAB. KARAWANG,32.15.14,JATISARI,BALONGGANDU,,,,,41374,41374,41375,41374;41375,review_required,unresolved,yes,No automatic selection: Kodepos.dev does not corroborate exactly one local source.,no,,diskominfo:32.15.14.2010;open_data_jabar:32.15.14.2010;kodepos_dev:32.15.14.2010,diskominfo_jabar_village_2024_unreviewed;open_data_jabar_postal_2023;kodepos_dev_rest_api,diskominfo:4840;open_data_jabar:22724;kodepos_dev:4840,2026-08-11,local_government_consensus_api_conflict,41374,Diskominfo and Open Data Jabar agree; Kodepos.dev differs.,government_sources_agree_api_differs,,,1,,,,,pending,,,,,,,,,not_started
32.15.14.2011,32,JAWA BARAT,32.15,KAB. KARAWANG,32.15.14,JATISARI,PACING,,,,,41374,41374,41375,41374;41375,review_required,unresolved,yes,No automatic selection: Kodepos.dev does not corroborate exactly one local source.,no,,diskominfo:32.15.14.2011;open_data_jabar:32.15.14.2011;kodepos_dev:32.15.14.2011,diskominfo_jabar_village_2024_unreviewed;open_data_jabar_postal_2023;kodepos_dev_rest_api,diskominfo:4841;open_data_jabar:22725;kodepos_dev:4841,2026-08-11,local_government_consensus_api_conflict,41374,Diskominfo and Open Data Jabar agree; Kodepos.dev differs.,government_sources_agree_api_differs,,,1,,,,,pending,,,,,,,,,not_started
32.15.14.2012,32,JAWA BARAT,32.15,KAB. KARAWANG,32.15.14,JATISARI,SITUDAM,,,,,41374,41374,41375,41374;41375,review_required,unresolved,yes,No automatic selection: Kodepos.dev does not corroborate exactly one local source.,no,,diskominfo:32.15.14.2012;open_data_jabar:32.15.14.2012;kodepos_dev:32.15.14.2012,diskominfo_jabar_village_2024_unreviewed;open_data_jabar_postal_2023;kodepos_dev_rest_api,diskominfo:4842;open_data_jabar:22727;kodepos_dev:4842,2026-08-11,local_government_consensus_api_conflict,41374,Diskominfo and Open Data Jabar agree; Kodepos.dev differs.,government_sources_agree_api_differs,,,1,,,,,pending,,,,,,,,,not_started
32.15.14.2013,32,JAWA BARAT,32.15,KAB. KARAWANG,32.15.14,JATISARI,SUKAMEKAR,,,,,41374,41374,41375,41374;41375,review_required,unresolved,yes,No automatic selection: Kodepos.dev does not corroborate exactly one local source.,no,,diskominfo:32.15.14.2013;open_data_jabar:32.15.14.2013;kodepos_dev:32.15.14.2013,diskominfo_jabar_village_2024_unreviewed;open_data_jabar_postal_2023;kodepos_dev_rest_api,diskominfo:4843;open_data_jabar:22728;kodepos_dev:4843,2026-08-11,local_government_consensus_api_conflict,41374,Diskominfo and Open Data Jabar agree; Kodepos.dev differs.,government_sources_agree_api_differs,,,1,,,,,pending,,,,,,,,,not_started
32.15.14.2014,32,JAWA BARAT,32.15,KAB. KARAWANG,32.15.14,JATISARI,TELARSARI,,,,,41374,41374,41375,41374;41375,review_required,unresolved,yes,No automatic selection: Kodepos.dev does not corroborate exactly one local source.,no,,diskominfo:32.15.14.2014;open_data_jabar:32.15.14.2014;kodepos_dev:32.15.14.2014,diskominfo_jabar_village_2024_unreviewed;open_data_jabar_postal_2023;kodepos_dev_rest_api,diskominfo:4844;open_data_jabar:22729;kodepos_dev:4844,2026-08-11,local_government_consensus_api_conflict,41374,Diskominfo and Open Data Jabar agree; Kodepos.dev differs.,government_sources_agree_api_differs,,,1,,,,,pending,,,,,,,,,not_started
32.15.15.2001,32,JAWA BARAT,32.15,KAB. KARAWANG,32.15.15,CILAMAYA WETAN,MEKARMAYA,,,,,41384,41384,41386,41384;41386,review_required,unresolved,yes,No automatic selection: Kodepos.dev does not corroborate exactly one local source.,no,,diskominfo:32.15.15.2001;open_data_jabar:32.15.15.2001;kodepos_dev:32.15.15.2001,diskominfo_jabar_village_2024_unreviewed;open_data_jabar_postal_2023;kodepos_dev_rest_api,diskominfo:4845;open_data_jabar:22730;kodepos_dev:4845,2026-08-11,local_government_consensus_api_conflict,41384,Diskominfo and Open Data Jabar agree; Kodepos.dev differs.,government_sources_agree_api_differs,,,1,,,,,pending,,,,,,,,,not_started
32.15.15.2002,32,JAWA BARAT,32.15,KAB. KARAWANG,32.15.15,CILAMAYA WETAN,CILAMAYA,,,,,41384,41384,41386,41384;41386,review_required,unresolved,yes,No automatic selection: Kodepos.dev does not corroborate exactly one local source.,no,,diskominfo:32.15.15.2002;open_data_jabar:32.15.15.2002;kodepos_dev:32.15.15.2002,diskominfo_jabar_village_2024_unreviewed;open_data_jabar_postal_2023;kodepos_dev_rest_api,diskominfo:4846;open_data_jabar:22731;kodepos_dev:4846,2026-08-11,local_government_consensus_api_conflict,41384,Diskominfo and Open Data Jabar agree; Kodepos.dev differs.,government_sources_agree_api_differs,,,1,,,,,pending,,,,,,,,,not_started
32.15.15.2003,32,JAWA BARAT,32.15,KAB. KARAWANG,32.15.15,CILAMAYA WETAN,MUARA,,,,,41384,41384,41386,41384;41386,review_required,unresolved,yes,No automatic selection: Kodepos.dev does not corroborate exactly one local source.,no,,diskominfo:32.15.15.2003;open_data_jabar:32.15.15.2003;kodepos_dev:32.15.15.2003,diskominfo_jabar_village_2024_unreviewed;open_data_jabar_postal_2023;kodepos_dev_rest_api,diskominfo:4847;open_data_jabar:22732;kodepos_dev:4847,2026-08-11,local_government_consensus_api_conflict,41384,Diskominfo and Open Data Jabar agree; Kodepos.dev differs.,government_sources_agree_api_differs,,,1,,,,,pending,,,,,,,,,not_started
32.15.15.2004,32,JAWA BARAT,32.15,KAB. KARAWANG,32.15.15,CILAMAYA WETAN,MUARABARU,,,,,41384,41384,41386,41384;41386,review_required,unresolved,yes,No automatic selection: Kodepos.dev does not corroborate exactly one local source.,no,,diskominfo:32.15.15.2004;open_data_jabar:32.15.15.2004;kodepos_dev:32.15.15.2004,diskominfo_jabar_village_2024_unreviewed;open_data_jabar_postal_2023;kodepos_dev_rest_api,diskominfo:4848;open_data_jabar:22733;kodepos_dev:4848,2026-08-11,local_government_consensus_api_conflict,41384,Diskominfo and Open Data Jabar agree; Kodepos.dev differs.,government_sources_agree_api_differs,,,1,,,,,pending,,,,,,,,,not_started
32.15.15.2005,32,JAWA BARAT,32.15,KAB. KARAWANG,32.15.15,CILAMAYA WETAN,SUKATANI,,,,,41384,41384,41386,41384;41386,review_required,unresolved,yes,No automatic selection: Kodepos.dev does not corroborate exactly one local source.,no,,diskominfo:32.15.15.2005;open_data_jabar:32.15.15.2005;kodepos_dev:32.15.15.2005,diskominfo_jabar_village_2024_unreviewed;open_data_jabar_postal_2023;kodepos_dev_rest_api,diskominfo:4849;open_data_jabar:22734;kodepos_dev:4849,2026-08-11,local_government_consensus_api_conflict,41384,Diskominfo and Open Data Jabar agree; Kodepos.dev differs.,government_sources_agree_api_differs,,,1,,,,,pending,,,,,,,,,not_started
32.15.15.2006,32,JAWA BARAT,32.15,KAB. KARAWANG,32.15.15,CILAMAYA WETAN,TEGALWARU,,,,,41384,41384,41386,41384;41386,review_required,unresolved,yes,No automatic selection: Kodepos.dev does not corroborate exactly one local source.,no,,diskominfo:32.15.15.2006;open_data_jabar:32.15.15.2006;kodepos_dev:32.15.15.2006,diskominfo_jabar_village_2024_unreviewed;open_data_jabar_postal_2023;kodepos_dev_rest_api,diskominfo:4850;open_data_jabar:22735;kodepos_dev:4850,2026-08-11,local_government_consensus_api_conflict,41384,Diskominfo and Open Data Jabar agree; Kodepos.dev differs.,government_sources_agree_api_differs,,,1,,,,,pending,,,,,,,,,not_started
32.15.15.2007,32,JAWA BARAT,32.15,KAB. KARAWANG,32.15.15,CILAMAYA WETAN,TEGALSARI,,,,,41384,41384,41386,41384;41386,review_required,unresolved,yes,No automatic selection: Kodepos.dev does not corroborate exactly one local source.,no,,diskominfo:32.15.15.2007;open_data_jabar:32.15.15.2007;kodepos_dev:32.15.15.2007,diskominfo_jabar_village_2024_unreviewed;open_data_jabar_postal_2023;kodepos_dev_rest_api,diskominfo:4851;open_data_jabar:22736;kodepos_dev:4851,2026-08-11,local_government_consensus_api_conflict,41384,Diskominfo and Open Data Jabar agree; Kodepos.dev differs.,government_sources_agree_api_differs,,,1,,,,,pending,,,,,,,,,not_started
32.15.15.2008,32,JAWA BARAT,32.15,KAB. KARAWANG,32.15.15,CILAMAYA WETAN,CIKALONG,,,,,41384,41384,41386,41384;41386,review_required,unresolved,yes,No automatic selection: Kodepos.dev does not corroborate exactly one local source.,no,,diskominfo:32.15.15.2008;open_data_jabar:32.15.15.2008;kodepos_dev:32.15.15.2008,diskominfo_jabar_village_2024_unreviewed;open_data_jabar_postal_2023;kodepos_dev_rest_api,diskominfo:4852;open_data_jabar:22738;kodepos_dev:4852,2026-08-11,local_government_consensus_api_conflict,41384,Diskominfo and Open Data Jabar agree; Kodepos.dev differs.,government_sources_agree_api_differs,,,1,,,,,pending,,,,,,,,,not_started
32.15.15.2009,32,JAWA BARAT,32.15,KAB. KARAWANG,32.15.15,CILAMAYA WETAN,CIKARANG,,,,,41384,41384,41386,41384;41386,review_required,unresolved,yes,No automatic selection: Kodepos.dev does not corroborate exactly one local source.,no,,diskominfo:32.15.15.2009;open_data_jabar:32.15.15.2009;kodepos_dev:32.15.15.2009,diskominfo_jabar_village_2024_unreviewed;open_data_jabar_postal_2023;kodepos_dev_rest_api,diskominfo:4853;open_data_jabar:22739;kodepos_dev:4853,2026-08-11,local_government_consensus_api_conflict,41384,Diskominfo and Open Data Jabar agree; Kodepos.dev differs.,government_sources_agree_api_differs,,,1,,,,,pending,,,,,,,,,not_started
32.15.15.2010,32,JAWA BARAT,32.15,KAB. KARAWANG,32.15.15,CILAMAYA WETAN,RAWAGEMPOL WETAN,,,,,41384,41384,41386,41384;41386,review_required,unresolved,yes,No automatic selection: Kodepos.dev does not corroborate exactly one local source.,no,,diskominfo:32.15.15.2010;open_data_jabar:32.15.15.2010;kodepos_dev:32.15.15.2010,diskominfo_jabar_village_2024_unreviewed;open_data_jabar_postal_2023;kodepos_dev_rest_api,diskominfo:4854;open_data_jabar:22740;kodepos_dev:4854,2026-08-11,local_government_consensus_api_conflict,41384,Diskominfo and Open Data Jabar agree; Kodepos.dev differs.,government_sources_agree_api_differs,,,1,,,,,pending,,,,,,,,,not_started
32.15.15.2011,32,JAWA BARAT,32.15,KAB. KARAWANG,32.15.15,CILAMAYA WETAN,RAWAGEMPOL KULON,,,,,41384,41384,41386,41384;41386,review_required,unresolved,yes,No automatic selection: Kodepos.dev does not corroborate exactly one local source.,no,,diskominfo:32.15.15.2011;open_data_jabar:32.15.15.2011;kodepos_dev:32.15.15.2011,diskominfo_jabar_village_2024_unreviewed;open_data_jabar_postal_2023;kodepos_dev_rest_api,diskominfo:4855;open_data_jabar:22741;kodepos_dev:4855,2026-08-11,local_government_consensus_api_conflict,41384,Diskominfo and Open Data Jabar agree; Kodepos.dev differs.,government_sources_agree_api_differs,,,1,,,,,pending,,,,,,,,,not_started
32.15.15.2012,32,JAWA BARAT,32.15,KAB. KARAWANG,32.15.15,CILAMAYA WETAN,SUKAKERTA,,,,,41384,41384,41386,41384;41386,review_required,unresolved,yes,No automatic selection: Kodepos.dev does not corroborate exactly one local source.,no,,diskominfo:32.15.15.2012;open_data_jabar:32.15.15.2012;kodepos_dev:32.15.15.2012,diskominfo_jabar_village_2024_unreviewed;open_data_jabar_postal_2023;kodepos_dev_rest_api,diskominfo:4856;open_data_jabar:22742;kodepos_dev:4856,2026-08-11,local_government_consensus_api_conflict,41384,Diskominfo and Open Data Jabar agree; Kodepos.dev differs.,government_sources_agree_api_differs,,,1,,,,,pending,,,,,,,,,not_started
32.16.02.2001,32,JAWA BARAT,32.16,KAB. BEKASI,32.16.02,BABELAN,BUNIBAKTI,,,,,17617,17617,17610,17610;17617,review_required,unresolved,yes,No automatic selection: Kodepos.dev does not corroborate exactly one local source.,no,,diskominfo:32.16.02.2001;open_data_jabar:32.16.02.2001;kodepos_dev:32.16.02.2001,diskominfo_jabar_village_2024_unreviewed;open_data_jabar_postal_2023;kodepos_dev_rest_api,diskominfo:5020;open_data_jabar:22927;kodepos_dev:5022,2026-08-11,local_government_consensus_api_conflict,17617,Diskominfo and Open Data Jabar agree; Kodepos.dev differs.,government_sources_agree_api_differs,,,1,,,,,pending,,,,,,,,,not_started
32.16.02.2002,32,JAWA BARAT,32.16,KAB. BEKASI,32.16.02,BABELAN,MUARABAKTI,,,,,17619,17619,17610,17610;17619,review_required,unresolved,yes,No automatic selection: Kodepos.dev does not corroborate exactly one local source.,no,,diskominfo:32.16.02.2002;open_data_jabar:32.16.02.2002;kodepos_dev:32.16.02.2002,diskominfo_jabar_village_2024_unreviewed;open_data_jabar_postal_2023;kodepos_dev_rest_api,diskominfo:5021;open_data_jabar:22928;kodepos_dev:5023,2026-08-11,local_government_consensus_api_conflict,17619,Diskominfo and Open Data Jabar agree; Kodepos.dev differs.,government_sources_agree_api_differs,,,1,,,,,pending,,,,,,,,,not_started
32.16.02.2003,32,JAWA BARAT,32.16,KAB. BEKASI,32.16.02,BABELAN,KEDUNG PENGAWAS,,,,,17614,17614,17610,17610;17614,review_required,unresolved,yes,No automatic selection: Kodepos.dev does not corroborate exactly one local source.,no,,diskominfo:32.16.02.2003;open_data_jabar:32.16.02.2003;kodepos_dev:32.16.02.2003,diskominfo_jabar_village_2024_unreviewed;open_data_jabar_postal_2023;kodepos_dev_rest_api,diskominfo:5022;open_data_jabar:22929;kodepos_dev:5024,2026-08-11,local_government_consensus_api_conflict,17614,Diskominfo and Open Data Jabar agree; Kodepos.dev differs.,government_sources_agree_api_differs,,,1,,,,,pending,,,,,,,,,not_started
32.16.02.2004,32,JAWA BARAT,32.16,KAB. BEKASI,32.16.02,BABELAN,HURIP JAYA,,,,,17618,17618,17610,17610;17618,review_required,unresolved,yes,No automatic selection: Kodepos.dev does not corroborate exactly one local source.,no,,diskominfo:32.16.02.2004;open_data_jabar:32.16.02.2004;kodepos_dev:32.16.02.2004,diskominfo_jabar_village_2024_unreviewed;open_data_jabar_postal_2023;kodepos_dev_rest_api,diskominfo:5023;open_data_jabar:22930;kodepos_dev:5025,2026-08-11,local_government_consensus_api_conflict,17618,Diskominfo and Open Data Jabar agree; Kodepos.dev differs.,government_sources_agree_api_differs,,,1,,,,,pending,,,,,,,,,not_started
32.16.05.2002,32,JAWA BARAT,32.16,KAB. BEKASI,32.16.05,TAMBUN UTARA,JEJALENJAYA,,,,,17566,17566,17511,17511;17566,review_required,unresolved,yes,No automatic selection: Kodepos.dev does not corroborate exactly one local source.,no,,diskominfo:32.16.05.2002;open_data_jabar:32.16.05.2002;kodepos_dev:32.16.05.2002,diskominfo_jabar_village_2024_unreviewed;open_data_jabar_postal_2023;kodepos_dev_rest_api,diskominfo:5044;open_data_jabar:22951;kodepos_dev:5044,2026-08-11,local_government_consensus_api_conflict,17566,Diskominfo and Open Data Jabar agree; Kodepos.dev differs.,government_sources_agree_api_differs,,,1,,,,,pending,,,,,,,,,not_started
32.16.06.2008,32,JAWA BARAT,32.16,KAB. BEKASI,32.16.06,TAMBUN SELATAN,TRIDAYA SAKTI,,,,,17516,17516,17510,17510;17516,review_required,unresolved,yes,No automatic selection: Kodepos.dev does not corroborate exactly one local source.,no,,diskominfo:32.16.06.2008;open_data_jabar:32.16.06.2008;kodepos_dev:32.16.06.2008,diskominfo_jabar_village_2024_unreviewed;open_data_jabar_postal_2023;kodepos_dev_rest_api,diskominfo:5058;open_data_jabar:22966;kodepos_dev:5058,2026-08-11,local_government_consensus_api_conflict,17516,Diskominfo and Open Data Jabar agree; Kodepos.dev differs.,government_sources_agree_api_differs,,,1,,,,,pending,,,,,,,,,not_started
32.16.06.2010,32,JAWA BARAT,32.16,KAB. BEKASI,32.16.06,TAMBUN SELATAN,SUMBERJAYA,,,,,17518,17518,17510,17510;17518,review_required,unresolved,yes,No automatic selection: Kodepos.dev does not corroborate exactly one local source.,no,,diskominfo:32.16.06.2010;open_data_jabar:32.16.06.2010;kodepos_dev:32.16.06.2010,diskominfo_jabar_village_2024_unreviewed;open_data_jabar_postal_2023;kodepos_dev_rest_api,diskominfo:5060;open_data_jabar:22968;kodepos_dev:5060,2026-08-11,local_government_consensus_api_conflict,17518,Diskominfo and Open Data Jabar agree; Kodepos.dev differs.,government_sources_agree_api_differs,,,1,,,,,pending,,,,,,,,,not_started
32.16.07.2003,32,JAWA BARAT,32.16,KAB. BEKASI,32.16.07,CIBITUNG,KERTAMUKTI,,,,,17525,17525,17520,17520;17525,review_required,unresolved,yes,No automatic selection: Kodepos.dev does not corroborate exactly one local source.,no,,diskominfo:32.16.07.2003;open_data_jabar:32.16.07.2003;kodepos_dev:32.16.07.2003,diskominfo_jabar_village_2024_unreviewed;open_data_jabar_postal_2023;kodepos_dev_rest_api,diskominfo:5063;open_data_jabar:22972;kodepos_dev:5063,2026-08-11,local_government_consensus_api_conflict,17525,Diskominfo and Open Data Jabar agree; Kodepos.dev differs.,government_sources_agree_api_differs,,,1,,,,,pending,,,,,,,,,not_started
32.16.08.2001,32,JAWA BARAT,32.16,KAB. BEKASI,32.16.08,CIKARANG BARAT,TELAGAMURNI,,,,,17849,17849,17530,17530;17849,review_required,unresolved,yes,No automatic selection: Kodepos.dev does not corroborate exactly one local source.,no,,diskominfo:32.16.08.2001;open_data_jabar:32.16.08.2001;kodepos_dev:32.16.08.2001,diskominfo_jabar_village_2024_unreviewed;open_data_jabar_postal_2023;kodepos_dev_rest_api,diskominfo:5068;open_data_jabar:22978;kodepos_dev:5069,2026-08-11,local_government_consensus_api_conflict,17849,Diskominfo and Open Data Jabar agree; Kodepos.dev differs.,government_sources_agree_api_differs,,,1,,,,,pending,,,,,,,,,not_started
32.16.08.2002,32,JAWA BARAT,32.16,KAB. BEKASI,32.16.08,CIKARANG BARAT,MEKARWANGI,,,,,17843,17843,17530,17530;17843,review_required,unresolved,yes,No automatic selection: Kodepos.dev does not corroborate exactly one local source.,no,,diskominfo:32.16.08.2002;open_data_jabar:32.16.08.2002;kodepos_dev:32.16.08.2002,diskominfo_jabar_village_2024_unreviewed;open_data_jabar_postal_2023;kodepos_dev_rest_api,diskominfo:5069;open_data_jabar:22979;kodepos_dev:5070,2026-08-11,local_government_consensus_api_conflict,17843,Diskominfo and Open Data Jabar agree; Kodepos.dev differs.,government_sources_agree_api_differs,,,1,,,,,pending,,,,,,,,,not_started
32.16.08.2004,32,JAWA BARAT,32.16,KAB. BEKASI,32.16.08,CIKARANG BARAT,DANAU INDAH,,,,,17847,17847,17530,17530;17847,review_required,unresolved,yes,No automatic selection: Kodepos.dev does not corroborate exactly one local source.,no,,diskominfo:32.16.08.2004;open_data_jabar:32.16.08.2004;kodepos_dev:32.16.08.2004,diskominfo_jabar_village_2024_unreviewed;open_data_jabar_postal_2023;kodepos_dev_rest_api,diskominfo:5071;open_data_jabar:22982;kodepos_dev:5072,2026-08-11,local_government_consensus_api_conflict,17847,Diskominfo and Open Data Jabar agree; Kodepos.dev differs.,government_sources_agree_api_differs,,,1,,,,,pending,,,,,,,,,not_started
32.16.08.2009,32,JAWA BARAT,32.16,KAB. BEKASI,32.16.08,CIKARANG BARAT,KALIJAYA,,,,,17849,17849,17530,17530;17849,review_required,unresolved,yes,No automatic selection: Kodepos.dev does not corroborate exactly one local source.,no,,diskominfo:32.16.08.2009;open_data_jabar:32.16.08.2009;kodepos_dev:32.16.08.2009,diskominfo_jabar_village_2024_unreviewed;open_data_jabar_postal_2023;kodepos_dev_rest_api,diskominfo:5076;open_data_jabar:22986;kodepos_dev:5076,2026-08-11,local_government_consensus_api_conflict,17849,Diskominfo and Open Data Jabar agree; Kodepos.dev differs.,government_sources_agree_api_differs,,,1,,,,,pending,,,,,,,,,not_started
32.16.09.2002,32,JAWA BARAT,32.16,KAB. BEKASI,32.16.09,CIKARANG UTARA,KARANGBARU,,,,,17832,17832,17534,17534;17832,review_required,unresolved,yes,No automatic selection: Kodepos.dev does not corroborate exactly one local source.,no,,diskominfo:32.16.09.2002;open_data_jabar:32.16.09.2002;kodepos_dev:32.16.09.2002,diskominfo_jabar_village_2024_unreviewed;open_data_jabar_postal_2023;kodepos_dev_rest_api,diskominfo:5080;open_data_jabar:22990;kodepos_dev:5080,2026-08-11,local_government_consensus_api_conflict,17832,Diskominfo and Open Data Jabar agree; Kodepos.dev differs.,government_sources_agree_api_differs,,,1,,,,,pending,,,,,,,,,not_started
32.16.09.2006,32,JAWA BARAT,32.16,KAB. BEKASI,32.16.09,CIKARANG UTARA,PASIRGOMBONG,,,,,17835,17835,17534,17534;17835,review_required,unresolved,yes,No automatic selection: Kodepos.dev does not corroborate exactly one local source.,no,,diskominfo:32.16.09.2006;open_data_jabar:32.16.09.2006;kodepos_dev:32.16.09.2006,diskominfo_jabar_village_2024_unreviewed;open_data_jabar_postal_2023;kodepos_dev_rest_api,diskominfo:5084;open_data_jabar:22995;kodepos_dev:5084,2026-08-11,local_government_consensus_api_conflict,17835,Diskominfo and Open Data Jabar agree; Kodepos.dev differs.,government_sources_agree_api_differs,,,1,,,,,pending,,,,,,,,,not_started
32.16.10.2003,32,JAWA BARAT,32.16,KAB. BEKASI,32.16.10,KARANG BAHAGIA,KARANGSETIA,,,,,17534,17534,17535,17534;17535,review_required,unresolved,yes,No automatic selection: Kodepos.dev does not corroborate exactly one local source.,no,,diskominfo:32.16.10.2003;open_data_jabar:32.16.10.2003;kodepos_dev:32.16.10.2003,diskominfo_jabar_village_2024_unreviewed;open_data_jabar_postal_2023;kodepos_dev_rest_api,diskominfo:5092;open_data_jabar:23005;kodepos_dev:5092,2026-08-11,local_government_consensus_api_conflict,17534,Diskominfo and Open Data Jabar agree; Kodepos.dev differs.,government_sources_agree_api_differs,,,1,,,,,pending,,,,,,,,,not_started
32.16.10.2005,32,JAWA BARAT,32.16,KAB. BEKASI,32.16.10,KARANG BAHAGIA,KARANGBAHAGIA,,,,,17531,17531,17535,17531;17535,review_required,unresolved,yes,No automatic selection: Kodepos.dev does not corroborate exactly one local source.,no,,diskominfo:32.16.10.2005;open_data_jabar:32.16.10.2005;kodepos_dev:32.16.10.2005,diskominfo_jabar_village_2024_unreviewed;open_data_jabar_postal_2023;kodepos_dev_rest_api,diskominfo:5094;open_data_jabar:23007;kodepos_dev:5094,2026-08-11,local_government_consensus_api_conflict,17531,Diskominfo and Open Data Jabar agree; Kodepos.dev differs.,government_sources_agree_api_differs,,,1,,,,,pending,,,,,,,,,not_started
32.16.10.2006,32,JAWA BARAT,32.16,KAB. BEKASI,32.16.10,KARANG BAHAGIA,KARANGSENTOSA,,,,,17532,17532,17535,17532;17535,review_required,unresolved,yes,No automatic selection: Kodepos.dev does not corroborate exactly one local source.,no,,diskominfo:32.16.10.2006;open_data_jabar:32.16.10.2006;kodepos_dev:32.16.10.2006,diskominfo_jabar_village_2024_unreviewed;open_data_jabar_postal_2023;kodepos_dev_rest_api,diskominfo:5095;open_data_jabar:23008;kodepos_dev:5095,2026-08-11,local_government_consensus_api_conflict,17532,Diskominfo and Open Data Jabar agree; Kodepos.dev differs.,government_sources_agree_api_differs,,,1,,,,,pending,,,,,,,,,not_started
32.16.10.2007,32,JAWA BARAT,32.16,KAB. BEKASI,32.16.10,KARANG BAHAGIA,KARANGSATU,,,,,17537,17537,17535,17535;17537,review_required,unresolved,yes,No automatic selection: Kodepos.dev does not corroborate exactly one local source.,no,,diskominfo:32.16.10.2007;open_data_jabar:32.16.10.2007;kodepos_dev:32.16.10.2007,diskominfo_jabar_village_2024_unreviewed;open_data_jabar_postal_2023;kodepos_dev_rest_api,diskominfo:5096;open_data_jabar:23009;kodepos_dev:5096,2026-08-11,local_government_consensus_api_conflict,17537,Diskominfo and Open Data Jabar agree; Kodepos.dev differs.,government_sources_agree_api_differs,,,1,,,,,pending,,,,,,,,,not_started
32.16.12.2001,32,JAWA BARAT,32.16,KAB. BEKASI,32.16.12,KEDUNG WARINGIN,KARANGSAMBUNG,,,,,17545,17545,17540,17540;17545,review_required,unresolved,yes,No automatic selection: Kodepos.dev does not corroborate exactly one local source.,no,,diskominfo:32.16.12.2001;open_data_jabar:32.16.12.2001;kodepos_dev:32.16.12.2001,diskominfo_jabar_village_2024_unreviewed;open_data_jabar_postal_2023;kodepos_dev_rest_api,diskominfo:5106;open_data_jabar:23020;kodepos_dev:5106,2026-08-11,local_government_consensus_api_conflict,17545,Diskominfo and Open Data Jabar agree; Kodepos.dev differs.,government_sources_agree_api_differs,,,1,,,,,pending,,,,,,,,,not_started
32.16.12.2002,32,JAWA BARAT,32.16,KAB. BEKASI,32.16.12,KEDUNG WARINGIN,WARINGINJAYA,,,,,17546,17546,17540,17540;17546,review_required,unresolved,yes,No automatic selection: Kodepos.dev does not corroborate exactly one local source.,no,,diskominfo:32.16.12.2002;open_data_jabar:32.16.12.2002;kodepos_dev:32.16.12.2002,diskominfo_jabar_village_2024_unreviewed;open_data_jabar_postal_2023;kodepos_dev_rest_api,diskominfo:5107;open_data_jabar:23021;kodepos_dev:5107,2026-08-11,local_government_consensus_api_conflict,17546,Diskominfo and Open Data Jabar agree; Kodepos.dev differs.,government_sources_agree_api_differs,,,1,,,,,pending,,,,,,,,,not_started
32.16.12.2003,32,JAWA BARAT,32.16,KAB. BEKASI,32.16.12,KEDUNG WARINGIN,KARANGMEKAR,,,,,17542,17542,17540,17540;17542,review_required,unresolved,yes,No automatic selection: Kodepos.dev does not corroborate exactly one local source.,no,,diskominfo:32.16.12.2003;open_data_jabar:32.16.12.2003;kodepos_dev:32.16.12.2003,diskominfo_jabar_village_2024_unreviewed;open_data_jabar_postal_2023;kodepos_dev_rest_api,diskominfo:5108;open_data_jabar:23022;kodepos_dev:5108,2026-08-11,local_government_consensus_api_conflict,17542,Diskominfo and Open Data Jabar agree; Kodepos.dev differs.,government_sources_agree_api_differs,,,1,,,,,pending,,,,,,,,,not_started
32.16.12.2004,32,JAWA BARAT,32.16,KAB. BEKASI,32.16.12,KEDUNG WARINGIN,MEKARJAYA,,,,,17543,17543,17540,17540;17543,review_required,unresolved,yes,No automatic selection: Kodepos.dev does not corroborate exactly one local source.,no,,diskominfo:32.16.12.2004;open_data_jabar:32.16.12.2004;kodepos_dev:32.16.12.2004,diskominfo_jabar_village_2024_unreviewed;open_data_jabar_postal_2023;kodepos_dev_rest_api,diskominfo:5109;open_data_jabar:23023;kodepos_dev:5109,2026-08-11,local_government_consensus_api_conflict,17543,Diskominfo and Open Data Jabar agree; Kodepos.dev differs.,government_sources_agree_api_differs,,,1,,,,,pending,,,,,,,,,not_started
32.16.12.2005,32,JAWA BARAT,32.16,KAB. BEKASI,32.16.12,KEDUNG WARINGIN,KARANGHARUM,,,,,17544,17544,17540,17540;17544,review_required,unresolved,yes,No automatic selection: Kodepos.dev does not corroborate exactly one local source.,no,,diskominfo:32.16.12.2005;open_data_jabar:32.16.12.2005;kodepos_dev:32.16.12.2005,diskominfo_jabar_village_2024_unreviewed;open_data_jabar_postal_2023;kodepos_dev_rest_api,diskominfo:5110;open_data_jabar:23024;kodepos_dev:5110,2026-08-11,local_government_consensus_api_conflict,17544,Diskominfo and Open Data Jabar agree; Kodepos.dev differs.,government_sources_agree_api_differs,,,1,,,,,pending,,,,,,,,,not_started
32.16.12.2006,32,JAWA BARAT,32.16,KAB. BEKASI,32.16.12,KEDUNG WARINGIN,BOJONGSARI,,,,,17547,17547,17540,17540;17547,review_required,unresolved,yes,No automatic selection: Kodepos.dev does not corroborate exactly one local source.,no,,diskominfo:32.16.12.2006;open_data_jabar:32.16.12.2006;kodepos_dev:32.16.12.2006,diskominfo_jabar_village_2024_unreviewed;open_data_jabar_postal_2023;kodepos_dev_rest_api,diskominfo:5111;open_data_jabar:23025;kodepos_dev:5111,2026-08-11,local_government_consensus_api_conflict,17547,Diskominfo and Open Data Jabar agree; Kodepos.dev differs.,government_sources_agree_api_differs,,,1,,,,,pending,,,,,,,,,not_started
32.16.12.2007,32,JAWA BARAT,32.16,KAB. BEKASI,32.16.12,KEDUNG WARINGIN,KEDUNGWARINGIN,,,,,17541,17541,17540,17540;17541,review_required,unresolved,yes,No automatic selection: Kodepos.dev does not corroborate exactly one local source.,no,,diskominfo:32.16.12.2007;open_data_jabar:32.16.12.2007;kodepos_dev:32.16.12.2007,diskominfo_jabar_village_2024_unreviewed;open_data_jabar_postal_2023;kodepos_dev_rest_api,diskominfo:5112;open_data_jabar:23027;kodepos_dev:5112,2026-08-11,local_government_consensus_api_conflict,17541,Diskominfo and Open Data Jabar agree; Kodepos.dev differs.,government_sources_agree_api_differs,,,1,,,,,pending,,,,,,,,,not_started
32.16.13.2001,32,JAWA BARAT,32.16,KAB. BEKASI,32.16.13,PEBAYURAN,KARANGHARJA,,,,,17715,17715,17710,17710;17715,review_required,unresolved,yes,No automatic selection: Kodepos.dev does not corroborate exactly one local source.,no,,diskominfo:32.16.13.2001;open_data_jabar:32.16.13.2001;kodepos_dev:32.16.13.2001,diskominfo_jabar_village_2024_unreviewed;open_data_jabar_postal_2023;kodepos_dev_rest_api,diskominfo:5113;open_data_jabar:23029;kodepos_dev:5114,2026-08-11,local_government_consensus_api_conflict,17715,Diskominfo and Open Data Jabar agree; Kodepos.dev differs.,government_sources_agree_api_differs,,,1,,,,,pending,,,,,,,,,not_started
32.16.15.2004,32,JAWA BARAT,32.16,KAB. BEKASI,32.16.15,SUKATANI,SUKAASIH,,,,,17636,17636,17631,17631;17636,review_required,unresolved,yes,No automatic selection: Kodepos.dev does not corroborate exactly one local source.,no,,diskominfo:32.16.15.2004;open_data_jabar:32.16.15.2004;kodepos_dev:32.16.15.2004,diskominfo_jabar_village_2024_unreviewed;open_data_jabar_postal_2023;kodepos_dev_rest_api,diskominfo:5136;open_data_jabar:23053;kodepos_dev:5136,2026-08-11,local_government_consensus_api_conflict,17636,Diskominfo and Open Data Jabar agree; Kodepos.dev differs.,government_sources_agree_api_differs,,,1,,,,,pending,,,,,,,,,not_started
32.16.15.2006,32,JAWA BARAT,32.16,KAB. BEKASI,32.16.15,SUKATANI,BANJARSARI,,,,,17635,17635,17631,17631;17635,review_required,unresolved,yes,No automatic selection: Kodepos.dev does not corroborate exactly one local source.,no,,diskominfo:32.16.15.2006;open_data_jabar:32.16.15.2006;kodepos_dev:32.16.15.2006,diskominfo_jabar_village_2024_unreviewed;open_data_jabar_postal_2023;kodepos_dev_rest_api,diskominfo:5138;open_data_jabar:23055;kodepos_dev:5138,2026-08-11,local_government_consensus_api_conflict,17635,Diskominfo and Open Data Jabar agree; Kodepos.dev differs.,government_sources_agree_api_differs,,,1,,,,,pending,,,,,,,,,not_started
32.16.16.2001,32,JAWA BARAT,32.16,KAB. BEKASI,32.16.16,CABANGBUNGIN,JAYABAKTI,,,,,17723,17723,17720,17720;17723,review_required,unresolved,yes,No automatic selection: Kodepos.dev does not corroborate exactly one local source.,no,,diskominfo:32.16.16.2001;open_data_jabar:32.16.16.2001;kodepos_dev:32.16.16.2001,diskominfo_jabar_village_2024_unreviewed;open_data_jabar_postal_2023;kodepos_dev_rest_api,diskominfo:5140;open_data_jabar:23057;kodepos_dev:5140,2026-08-11,local_government_consensus_api_conflict,17723,Diskominfo and Open Data Jabar agree; Kodepos.dev differs.,government_sources_agree_api_differs,,,1,,,,,pending,,,,,,,,,not_started
32.16.16.2002,32,JAWA BARAT,32.16,KAB. BEKASI,32.16.16,CABANGBUNGIN,JAYALAKSANA,,,,,17726,17726,17720,17720;17726,review_required,unresolved,yes,No automatic selection: Kodepos.dev does not corroborate exactly one local source.,no,,diskominfo:32.16.16.2002;open_data_jabar:32.16.16.2002;kodepos_dev:32.16.16.2002,diskominfo_jabar_village_2024_unreviewed;open_data_jabar_postal_2023;kodepos_dev_rest_api,diskominfo:5141;open_data_jabar:23058;kodepos_dev:5141,2026-08-11,local_government_consensus_api_conflict,17726,Diskominfo and Open Data Jabar agree; Kodepos.dev differs.,government_sources_agree_api_differs,,,1,,,,,pending,,,,,,,,,not_started
32.16.16.2004,32,JAWA BARAT,32.16,KAB. BEKASI,32.16.16,CABANGBUNGIN,SINDANGJAYA,,,,,17724,17724,17720,17720;17724,review_required,unresolved,yes,No automatic selection: Kodepos.dev does not corroborate exactly one local source.,no,,diskominfo:32.16.16.2004;open_data_jabar:32.16.16.2004;kodepos_dev:32.16.16.2004,diskominfo_jabar_village_2024_unreviewed;open_data_jabar_postal_2023;kodepos_dev_rest_api,diskominfo:5143;open_data_jabar:23061;kodepos_dev:5143,2026-08-11,local_government_consensus_api_conflict,17724,Diskominfo and Open Data Jabar agree; Kodepos.dev differs.,government_sources_agree_api_differs,,,1,,,,,pending,,,,,,,,,not_started
32.16.16.2006,32,JAWA BARAT,32.16,KAB. BEKASI,32.16.16,CABANGBUNGIN,SETIAJAYA,,,,,17721,17721,17720,17720;17721,review_required,unresolved,yes,No automatic selection: Kodepos.dev does not corroborate exactly one local source.,no,,diskominfo:32.16.16.2006;open_data_jabar:32.16.16.2006;kodepos_dev:32.16.16.2006,diskominfo_jabar_village_2024_unreviewed;open_data_jabar_postal_2023;kodepos_dev_rest_api,diskominfo:5145;open_data_jabar:23063;kodepos_dev:5145,2026-08-11,local_government_consensus_api_conflict,17721,Diskominfo and Open Data Jabar agree; Kodepos.dev differs.,government_sources_agree_api_differs,,,1,,,,,pending,,,,,,,,,not_started
32.16.16.2007,32,JAWA BARAT,32.16,KAB. BEKASI,32.16.16,CABANGBUNGIN,LENGGAHJAYA,,,,,17728,17728,17720,17720;17728,review_required,unresolved,yes,No automatic selection: Kodepos.dev does not corroborate exactly one local source.,no,,diskominfo:32.16.16.2007;open_data_jabar:32.16.16.2007;kodepos_dev:32.16.16.2007,diskominfo_jabar_village_2024_unreviewed;open_data_jabar_postal_2023;kodepos_dev_rest_api,diskominfo:5146;open_data_jabar:23064;kodepos_dev:5146,2026-08-11,local_government_consensus_api_conflict,17728,Diskominfo and Open Data Jabar agree; Kodepos.dev differs.,government_sources_agree_api_differs,,,1,,,,,pending,,,,,,,,,not_started
32.16.16.2008,32,JAWA BARAT,32.16,KAB. BEKASI,32.16.16,CABANGBUNGIN,LENGGAHSARI,,,,,17722,17722,17720,17720;17722,review_required,unresolved,yes,No automatic selection: Kodepos.dev does not corroborate exactly one local source.,no,,diskominfo:32.16.16.2008;open_data_jabar:32.16.16.2008;kodepos_dev:32.16.16.2008,diskominfo_jabar_village_2024_unreviewed;open_data_jabar_postal_2023;kodepos_dev_rest_api,diskominfo:5147;open_data_jabar:23065;kodepos_dev:5147,2026-08-11,local_government_consensus_api_conflict,17722,Diskominfo and Open Data Jabar agree; Kodepos.dev differs.,government_sources_agree_api_differs,,,1,,,,,pending,,,,,,,,,not_started
32.16.17.2001,32,JAWA BARAT,32.16,KAB. BEKASI,32.16.17,MUARAGEMBONG,PANTAI MEKAR,,,,,17731,17731,17730,17730;17731,review_required,unresolved,yes,No automatic selection: Kodepos.dev does not corroborate exactly one local source.,no,,diskominfo:32.16.17.2001;open_data_jabar:32.16.17.2001;kodepos_dev:32.16.17.2001,diskominfo_jabar_village_2024_unreviewed;open_data_jabar_postal_2023;kodepos_dev_rest_api,diskominfo:5148;open_data_jabar:23066;kodepos_dev:5148,2026-08-11,local_government_consensus_api_conflict,17731,Diskominfo and Open Data Jabar agree; Kodepos.dev differs.,government_sources_agree_api_differs,,,1,,,,,pending,,,,,,,,,not_started
32.16.17.2002,32,JAWA BARAT,32.16,KAB. BEKASI,32.16.17,MUARAGEMBONG,PANTAI BAHAGIA,,,,,17735,17735,17730,17730;17735,review_required,unresolved,yes,No automatic selection: Kodepos.dev does not corroborate exactly one local source.,no,,diskominfo:32.16.17.2002;open_data_jabar:32.16.17.2002;kodepos_dev:32.16.17.2002,diskominfo_jabar_village_2024_unreviewed;open_data_jabar_postal_2023;kodepos_dev_rest_api,diskominfo:5149;open_data_jabar:23067;kodepos_dev:5149,2026-08-11,local_government_consensus_api_conflict,17735,Diskominfo and Open Data Jabar agree; Kodepos.dev differs.,government_sources_agree_api_differs,,,1,,,,,pending,,,,,,,,,not_started
32.16.17.2003,32,JAWA BARAT,32.16,KAB. BEKASI,32.16.17,MUARAGEMBONG,PANTAI BAKTI,,,,,17734,17734,17730,17730;17734,review_required,unresolved,yes,No automatic selection: Kodepos.dev does not corroborate exactly one local source.,no,,diskominfo:32.16.17.2003;open_data_jabar:32.16.17.2003;kodepos_dev:32.16.17.2003,diskominfo_jabar_village_2024_unreviewed;open_data_jabar_postal_2023;kodepos_dev_rest_api,diskominfo:5150;open_data_jabar:23068;kodepos_dev:5150,2026-08-11,local_government_consensus_api_conflict,17734,Diskominfo and Open Data Jabar agree; Kodepos.dev differs.,government_sources_agree_api_differs,,,1,,,,,pending,,,,,,,,,not_started
32.16.17.2004,32,JAWA BARAT,32.16,KAB. BEKASI,32.16.17,MUARAGEMBONG,PANTAI HARAPANJAYA,,,,,17732,17732,17730,17730;17732,review_required,unresolved,yes,No automatic selection: Kodepos.dev does not corroborate exactly one local source.,no,,diskominfo:32.16.17.2004;open_data_jabar:32.16.17.2004;kodepos_dev:32.16.17.2004,diskominfo_jabar_village_2024_unreviewed;open_data_jabar_postal_2023;kodepos_dev_rest_api,diskominfo:5151;open_data_jabar:23069;kodepos_dev:5151,2026-08-11,local_government_consensus_api_conflict,17732,Diskominfo and Open Data Jabar agree; Kodepos.dev differs.,government_sources_agree_api_differs,,,1,,,,,pending,,,,,,,,,not_started
32.16.20.2003,32,JAWA BARAT,32.16,KAB. BEKASI,32.16.20,CIKARANG PUSAT,PASIRANJI,,,,,17813,17813,17531,17531;17813,review_required,unresolved,yes,No automatic selection: Kodepos.dev does not corroborate exactly one local source.,no,,diskominfo:32.16.20.2003;open_data_jabar:32.16.20.2003;kodepos_dev:32.16.20.2003,diskominfo_jabar_village_2024_unreviewed;open_data_jabar_postal_2023;kodepos_dev_rest_api,diskominfo:5174;open_data_jabar:23095;kodepos_dev:5174,2026-08-11,local_government_consensus_api_conflict,17813,Diskominfo and Open Data Jabar agree; Kodepos.dev differs.,government_sources_agree_api_differs,,,1,,,,,pending,,,,,,,,,not_started
32.16.21.2008,32,JAWA BARAT,32.16,KAB. BEKASI,32.16.21,SERANG BARU,JAYASAMPURNA,,,,,17333,17333,17330,17330;17333,review_required,unresolved,yes,No automatic selection: Kodepos.dev does not corroborate exactly one local source.,no,,diskominfo:32.16.21.2008;open_data_jabar:32.16.21.2008;kodepos_dev:32.16.21.2008,diskominfo_jabar_village_2024_unreviewed;open_data_jabar_postal_2023;kodepos_dev_rest_api,diskominfo:5185;open_data_jabar:23107;kodepos_dev:5185,2026-08-11,local_government_consensus_api_conflict,17333,Diskominfo and Open Data Jabar agree; Kodepos.dev differs.,government_sources_agree_api_differs,,,1,,,,,pending,,,,,,,,,not_started
32.16.23.2003,32,JAWA BARAT,32.16,KAB. BEKASI,32.16.23,BOJONGMANGU,BOJONGMANGU,,,,,17451,17451,17352,17352;17451,review_required,unresolved,yes,No automatic selection: Kodepos.dev does not corroborate exactly one local source.,no,,diskominfo:32.16.23.2003;open_data_jabar:32.16.23.2003;kodepos_dev:32.16.23.2003,diskominfo_jabar_village_2024_unreviewed;open_data_jabar_postal_2023;kodepos_dev_rest_api,diskominfo:5195;open_data_jabar:23119;kodepos_dev:5195,2026-08-11,local_government_consensus_api_conflict,17451,Diskominfo and Open Data Jabar agree; Kodepos.dev differs.,government_sources_agree_api_differs,,,1,,,,,pending,,,,,,,,,not_started
32.17.16.2001,32,JAWA BARAT,32.17,KAB. BANDUNG BARAT,32.17.16,SAGULING,CIKANDE,,,,,40561,40561,40560,40560;40561,review_required,unresolved,yes,No automatic selection: Kodepos.dev does not corroborate exactly one local source.,no,,diskominfo:32.17.16.2001;open_data_jabar:32.17.16.2001;kodepos_dev:32.17.16.2001,diskominfo_jabar_village_2024_unreviewed;open_data_jabar_postal_2023;kodepos_dev_rest_api,diskominfo:5358;open_data_jabar:23299;kodepos_dev:5358,2026-08-11,local_government_consensus_api_conflict,40561,Diskominfo and Open Data Jabar agree; Kodepos.dev differs.,government_sources_agree_api_differs,,,1,,,,,pending,,,,,,,,,not_started
32.17.16.2002,32,JAWA BARAT,32.17,KAB. BANDUNG BARAT,32.17.16,SAGULING,JATI,,,,,40561,40561,40560,40560;40561,review_required,unresolved,yes,No automatic selection: Kodepos.dev does not corroborate exactly one local source.,no,,diskominfo:32.17.16.2002;open_data_jabar:32.17.16.2002;kodepos_dev:32.17.16.2002,diskominfo_jabar_village_2024_unreviewed;open_data_jabar_postal_2023;kodepos_dev_rest_api,diskominfo:5359;open_data_jabar:23300;kodepos_dev:5359,2026-08-11,local_government_consensus_api_conflict,40561,Diskominfo and Open Data Jabar agree; Kodepos.dev differs.,government_sources_agree_api_differs,,,1,,,,,pending,,,,,,,,,not_started
32.17.16.2003,32,JAWA BARAT,32.17,KAB. BANDUNG BARAT,32.17.16,SAGULING,GIRIMUKTI,,,,,40561,40561,40560,40560;40561,review_required,unresolved,yes,No automatic selection: Kodepos.dev does not corroborate exactly one local source.,no,,diskominfo:32.17.16.2003;open_data_jabar:32.17.16.2003;kodepos_dev:32.17.16.2003,diskominfo_jabar_village_2024_unreviewed;open_data_jabar_postal_2023;kodepos_dev_rest_api,diskominfo:5360;open_data_jabar:23301;kodepos_dev:5360,2026-08-11,local_government_consensus_api_conflict,40561,Diskominfo and Open Data Jabar agree; Kodepos.dev differs.,government_sources_agree_api_differs,,,1,,,,,pending,,,,,,,,,not_started
32.17.16.2004,32,JAWA BARAT,32.17,KAB. BANDUNG BARAT,32.17.16,SAGULING,BOJONGHALEUANG,,,,,40561,40561,40560,40560;40561,review_required,unresolved,yes,No automatic selection: Kodepos.dev does not corroborate exactly one local source.,no,,diskominfo:32.17.16.2004;open_data_jabar:32.17.16.2004;kodepos_dev:32.17.16.2004,diskominfo_jabar_village_2024_unreviewed;open_data_jabar_postal_2023;kodepos_dev_rest_api,diskominfo:5361;open_data_jabar:23302;kodepos_dev:5361,2026-08-11,local_government_consensus_api_conflict,40561,Diskominfo and Open Data Jabar agree; Kodepos.dev differs.,government_sources_agree_api_differs,,,1,,,,,pending,,,,,,,,,not_started
32.17.16.2006,32,JAWA BARAT,32.17,KAB. BANDUNG BARAT,32.17.16,SAGULING,SAGULING,,,,,40561,40561,40560,40560;40561,review_required,unresolved,yes,No automatic selection: Kodepos.dev does not corroborate exactly one local source.,no,,diskominfo:32.17.16.2006;open_data_jabar:32.17.16.2006;kodepos_dev:32.17.16.2006,diskominfo_jabar_village_2024_unreviewed;open_data_jabar_postal_2023;kodepos_dev_rest_api,diskominfo:5363;open_data_jabar:23305;kodepos_dev:5363,2026-08-11,local_government_consensus_api_conflict,40561,Diskominfo and Open Data Jabar agree; Kodepos.dev differs.,government_sources_agree_api_differs,,,1,,,,,pending,,,,,,,,,not_started
32.18.05.2015,32,JAWA BARAT,32.18,KAB. PANGANDARAN,32.18.05,LANGKAPLANCAR,BUNGUR RAYA,,,,,46591,46591,46391,46391;46591,review_required,unresolved,yes,No automatic selection: Kodepos.dev does not corroborate exactly one local source.,no,,diskominfo:32.18.05.2015;open_data_jabar:32.18.05.2015;kodepos_dev:32.18.05.2015,diskominfo_jabar_village_2024_unreviewed;open_data_jabar_postal_2023;kodepos_dev_rest_api,diskominfo:5413;open_data_jabar:23362;kodepos_dev:5413,2026-08-11,local_government_consensus_api_conflict,46591,Diskominfo and Open Data Jabar agree; Kodepos.dev differs.,government_sources_agree_api_differs,,,1,,,,,pending,,,,,,,,,not_started
32.71.01.1001,32,JAWA BARAT,32.71,KOTA BOGOR,32.71.01,BOGOR SELATAN,BATU TULIS,,,,,16131,16131,16133,16131;16133,review_required,unresolved,yes,No automatic selection: Kodepos.dev does not corroborate exactly one local source.,no,,diskominfo:32.71.01.1001;open_data_jabar:32.71.01.1001;kodepos_dev:32.71.01.1001,diskominfo_jabar_village_2024_unreviewed;open_data_jabar_postal_2023;kodepos_dev_rest_api,diskominfo:5457;open_data_jabar:23410;kodepos_dev:5457,2026-08-11,local_government_consensus_api_conflict,16131,Diskominfo and Open Data Jabar agree; Kodepos.dev differs.,government_sources_agree_api_differs,,,1,,,,,pending,,,,,,,,,not_started
32.71.03.1007,32,JAWA BARAT,32.71,KOTA BOGOR,32.71.03,BOGOR TENGAH,TEGALLEGA,,,,,16127,16127,16129,16127;16129,review_required,unresolved,yes,No automatic selection: Kodepos.dev does not corroborate exactly one local source.,no,,diskominfo:32.71.03.1007;open_data_jabar:32.71.03.1007;kodepos_dev:32.71.03.1007,diskominfo_jabar_village_2024_unreviewed;open_data_jabar_postal_2023;kodepos_dev_rest_api,diskominfo:5485;open_data_jabar:23441;kodepos_dev:5485,2026-08-11,local_government_consensus_api_conflict,16127,Diskominfo and Open Data Jabar agree; Kodepos.dev differs.,government_sources_agree_api_differs,,,1,,,,,pending,,,,,,,,,not_started
32.71.06.1005,32,JAWA BARAT,32.71,KOTA BOGOR,32.71.06,TANAH SAREAL,KEDUNG WARINGIN,,,,,16163,16163,16164,16163;16164,review_required,unresolved,yes,No automatic selection: Kodepos.dev does not corroborate exactly one local source.,no,,diskominfo:32.71.06.1005;open_data_jabar:32.71.06.1005;kodepos_dev:32.71.06.1005,diskominfo_jabar_village_2024_unreviewed;open_data_jabar_postal_2023;kodepos_dev_rest_api,diskominfo:5518;open_data_jabar:23478;kodepos_dev:5518,2026-08-11,local_government_consensus_api_conflict,16163,Diskominfo and Open Data Jabar agree; Kodepos.dev differs.,government_sources_agree_api_differs,,,1,,,,,pending,,,,,,,,,not_started
32.72.01.1004,32,JAWA BARAT,32.72,KOTA SUKABUMI,32.72.01,GUNUNGPUYUH,KARANG TENGAH,,,,,43124,43124,43121,43121;43124,review_required,unresolved,yes,No automatic selection: Kodepos.dev does not corroborate exactly one local source.,no,,diskominfo:32.72.01.1004;open_data_jabar:32.72.01.1004;kodepos_dev:32.72.01.1004,diskominfo_jabar_village_2024_unreviewed;open_data_jabar_postal_2023;kodepos_dev_rest_api,diskominfo:5528;open_data_jabar:23489;kodepos_dev:5528,2026-08-11,local_government_consensus_api_conflict,43124,Diskominfo and Open Data Jabar agree; Kodepos.dev differs.,government_sources_agree_api_differs,,,1,,,,,pending,,,,,,,,,not_started
32.72.07.1001,32,JAWA BARAT,32.72,KOTA SUKABUMI,32.72.07,CIBEUREUM,CIBEUREUM HILIR,,,,,43164,43164,43165,43164;43165,review_required,unresolved,yes,No automatic selection: Kodepos.dev does not corroborate exactly one local source.,no,,diskominfo:32.72.07.1001;open_data_jabar:32.72.07.1001;kodepos_dev:32.72.07.1001,diskominfo_jabar_village_2024_unreviewed;open_data_jabar_postal_2023;kodepos_dev_rest_api,diskominfo:5554;open_data_jabar:23518;kodepos_dev:5554,2026-08-11,local_government_consensus_api_conflict,43164,Diskominfo and Open Data Jabar agree; Kodepos.dev differs.,government_sources_agree_api_differs,,,1,,,,,pending,,,,,,,,,not_started
32.73.22.1003,32,JAWA BARAT,32.73,KOTA BANDUNG,32.73.22,BUAHBATU,CIJAURA,,,,,40286,40286,40287,40286;40287,review_required,unresolved,yes,No automatic selection: Kodepos.dev does not corroborate exactly one local source.,no,,diskominfo:32.73.22.1003;open_data_jabar:32.73.22.1003;kodepos_dev:32.73.22.1003,diskominfo_jabar_village_2024_unreviewed;open_data_jabar_postal_2023;kodepos_dev_rest_api,diskominfo:5674;open_data_jabar:23651;kodepos_dev:5674,2026-08-11,local_government_consensus_api_conflict,40286,Diskominfo and Open Data Jabar agree; Kodepos.dev differs.,government_sources_agree_api_differs,,,1,,,,,pending,,,,,,,,,not_started
32.73.23.1003,32,JAWA BARAT,32.73,KOTA BANDUNG,32.73.23,RANCASARI,MUNJAHLEGA,,,,,40292,40292,40295,40292;40295,review_required,unresolved,yes,No automatic selection: Kodepos.dev does not corroborate exactly one local source.,no,,diskominfo:32.73.23.1003;open_data_jabar:32.73.23.1003;kodepos_dev:32.73.23.1003,diskominfo_jabar_village_2024_unreviewed;open_data_jabar_postal_2023;kodepos_dev_rest_api,diskominfo:5678;open_data_jabar:23655;kodepos_dev:5678,2026-08-11,local_government_consensus_api_conflict,40292,Diskominfo and Open Data Jabar agree; Kodepos.dev differs.,government_sources_agree_api_differs,,,1,,,,,pending,,,,,,,,,not_started
32.73.24.1002,32,JAWA BARAT,32.73,KOTA BANDUNG,32.73.24,ARCAMANIK,CISARANTEN BINA HARAPAN,,,,,40293,40293,40294,40293;40294,review_required,unresolved,yes,No automatic selection: Kodepos.dev does not corroborate exactly one local source.,no,,diskominfo:32.73.24.1002;open_data_jabar:32.73.24.1002;kodepos_dev:32.73.24.1002,diskominfo_jabar_village_2024_unreviewed;open_data_jabar_postal_2023;kodepos_dev_rest_api,diskominfo:5681;open_data_jabar:23658;kodepos_dev:5681,2026-08-11,local_government_consensus_api_conflict,40293,Diskominfo and Open Data Jabar agree; Kodepos.dev differs.,government_sources_agree_api_differs,,,1,,,,,pending,,,,,,,,,not_started
32.73.25.1003,32,JAWA BARAT,32.73,KOTA BANDUNG,32.73.25,CIBIRU,PASIR BIRU,,,,,40299,40299,40615,40299;40615,review_required,unresolved,yes,No automatic selection: Kodepos.dev does not corroborate exactly one local source.,no,,diskominfo:32.73.25.1003;open_data_jabar:32.73.25.1003;kodepos_dev:32.73.25.1003,diskominfo_jabar_village_2024_unreviewed;open_data_jabar_postal_2023;kodepos_dev_rest_api,diskominfo:5686;open_data_jabar:23664;kodepos_dev:5686,2026-08-11,local_government_consensus_api_conflict,40299,Diskominfo and Open Data Jabar agree; Kodepos.dev differs.,government_sources_agree_api_differs,,,1,,,,,pending,,,,,,,,,not_started
32.73.26.1005,32,JAWA BARAT,32.73,KOTA BANDUNG,32.73.26,UJUNGBERUNG,PASIRWANGI,,,,,40199,40199,40618,40199;40618,review_required,unresolved,yes,No automatic selection: Kodepos.dev does not corroborate exactly one local source.,no,,diskominfo:32.73.26.1005;open_data_jabar:32.73.26.1005;kodepos_dev:32.73.26.1005,diskominfo_jabar_village_2024_unreviewed;open_data_jabar_postal_2023;kodepos_dev_rest_api,diskominfo:5690;open_data_jabar:23668;kodepos_dev:5690,2026-08-11,local_government_consensus_api_conflict,40199,Diskominfo and Open Data Jabar agree; Kodepos.dev differs.,government_sources_agree_api_differs,,,1,,,,,pending,,,,,,,,,not_started
32.73.27.1003,32,JAWA BARAT,32.73,KOTA BANDUNG,32.73.27,GEDEBAGE,RANCABOLANG,,,,,40295,40295,40294,40294;40295,review_required,unresolved,yes,No automatic selection: Kodepos.dev does not corroborate exactly one local source.,no,,diskominfo:32.73.27.1003;open_data_jabar:32.73.27.1003;kodepos_dev:32.73.27.1003,diskominfo_jabar_village_2024_unreviewed;open_data_jabar_postal_2023;kodepos_dev_rest_api,diskominfo:5695;open_data_jabar:23675;kodepos_dev:5695,2026-08-11,local_government_consensus_api_conflict,40295,Diskominfo and Open Data Jabar agree; Kodepos.dev differs.,government_sources_agree_api_differs,,,1,,,,,pending,,,,,,,,,not_started
32.73.28.1004,32,JAWA BARAT,32.73,KOTA BANDUNG,32.73.28,PANYILEUKAN,MEKAR MULYA,,,,,40298,40298,40614,40298;40614,review_required,unresolved,yes,No automatic selection: Kodepos.dev does not corroborate exactly one local source.,no,,diskominfo:32.73.28.1004;open_data_jabar:32.73.28.1004;kodepos_dev:32.73.28.1004,diskominfo_jabar_village_2024_unreviewed;open_data_jabar_postal_2023;kodepos_dev_rest_api,diskominfo:5700;open_data_jabar:23680;kodepos_dev:5700,2026-08-11,local_government_consensus_api_conflict,40298,Diskominfo and Open Data Jabar agree; Kodepos.dev differs.,government_sources_agree_api_differs,,,1,,,,,pending,,,,,,,,,not_started
32.73.29.1001,32,JAWA BARAT,32.73,KOTA BANDUNG,32.73.29,CINAMBO,CISARANTEN WETAN,,,,,40294,40294,40296,40294;40296,review_required,unresolved,yes,No automatic selection: Kodepos.dev does not corroborate exactly one local source.,no,,diskominfo:32.73.29.1001;open_data_jabar:32.73.29.1001;kodepos_dev:32.73.29.1001,diskominfo_jabar_village_2024_unreviewed;open_data_jabar_postal_2023;kodepos_dev_rest_api,diskominfo:5701;open_data_jabar:23681;kodepos_dev:5701,2026-08-11,local_government_consensus_api_conflict,40294,Diskominfo and Open Data Jabar agree; Kodepos.dev differs.,government_sources_agree_api_differs,,,1,,,,,pending,,,,,,,,,not_started
32.73.29.1002,32,JAWA BARAT,32.73,KOTA BANDUNG,32.73.29,CINAMBO,PAKEMITAN,,,,,40294,40294,40296,40294;40296,review_required,unresolved,yes,No automatic selection: Kodepos.dev does not corroborate exactly one local source.,no,,diskominfo:32.73.29.1002;open_data_jabar:32.73.29.1002;kodepos_dev:32.73.29.1002,diskominfo_jabar_village_2024_unreviewed;open_data_jabar_postal_2023;kodepos_dev_rest_api,diskominfo:5702;open_data_jabar:23683;kodepos_dev:5702,2026-08-11,local_government_consensus_api_conflict,40294,Diskominfo and Open Data Jabar agree; Kodepos.dev differs.,government_sources_agree_api_differs,,,1,,,,,pending,,,,,,,,,not_started
32.73.29.1003,32,JAWA BARAT,32.73,KOTA BANDUNG,32.73.29,CINAMBO,SUKAMULYA,,,,,40294,40294,40296,40294;40296,review_required,unresolved,yes,No automatic selection: Kodepos.dev does not corroborate exactly one local source.,no,,diskominfo:32.73.29.1003;open_data_jabar:32.73.29.1003;kodepos_dev:32.73.29.1003,diskominfo_jabar_village_2024_unreviewed;open_data_jabar_postal_2023;kodepos_dev_rest_api,diskominfo:5703;open_data_jabar:23684;kodepos_dev:5703,2026-08-11,local_government_consensus_api_conflict,40294,Diskominfo and Open Data Jabar agree; Kodepos.dev differs.,government_sources_agree_api_differs,,,1,,,,,pending,,,,,,,,,not_started
32.73.29.1004,32,JAWA BARAT,32.73,KOTA BANDUNG,32.73.29,CINAMBO,BABAKAN PENGHULU,,,,,40294,40294,40296,40294;40296,review_required,unresolved,yes,No automatic selection: Kodepos.dev does not corroborate exactly one local source.,no,,diskominfo:32.73.29.1004;open_data_jabar:32.73.29.1004;kodepos_dev:32.73.29.1004,diskominfo_jabar_village_2024_unreviewed;open_data_jabar_postal_2023;kodepos_dev_rest_api,diskominfo:5704;open_data_jabar:23685;kodepos_dev:5704,2026-08-11,local_government_consensus_api_conflict,40294,Diskominfo and Open Data Jabar agree; Kodepos.dev differs.,government_sources_agree_api_differs,,,1,,,,,pending,,,,,,,,,not_started
32.75.08.1007,32,JAWA BARAT,32.75,KOTA BEKASI,32.75.08,PONDOKGEDE,JATICEMPAKA,,,,,17416,17416,17411,17411;17416,review_required,unresolved,yes,No automatic selection: Kodepos.dev does not corroborate exactly one local source.,no,,diskominfo:32.75.08.1007;open_data_jabar:32.75.08.1007;kodepos_dev:32.75.08.1007,diskominfo_jabar_village_2024_unreviewed;open_data_jabar_postal_2023;kodepos_dev_rest_api,diskominfo:5767;open_data_jabar:23754;kodepos_dev:5767,2026-08-11,local_government_consensus_api_conflict,17416,Diskominfo and Open Data Jabar agree; Kodepos.dev differs.,government_sources_agree_api_differs,,,1,,,,,pending,,,,,,,,,not_started
32.75.10.1005,32,JAWA BARAT,32.75,KOTA BEKASI,32.75.10,JATISAMPURNA,JATIRADEN,,,,,17436,17436,17433,17433;17436,review_required,unresolved,yes,No automatic selection: Kodepos.dev does not corroborate exactly one local source.,no,,diskominfo:32.75.10.1005;open_data_jabar:32.75.10.1005;kodepos_dev:32.75.10.1005,diskominfo_jabar_village_2024_unreviewed;open_data_jabar_postal_2023;kodepos_dev_rest_api,diskominfo:5778;open_data_jabar:23766;kodepos_dev:5778,2026-08-11,local_government_consensus_api_conflict,17436,Diskominfo and Open Data Jabar agree; Kodepos.dev differs.,government_sources_agree_api_differs,,,1,,,,,pending,,,,,,,,,not_started
32.75.11.1002,32,JAWA BARAT,32.75,KOTA BEKASI,32.75.11,MUSTIKAJAYA,CIMUNING,,,,,17165,17165,17155,17155;17165,review_required,unresolved,yes,No automatic selection: Kodepos.dev does not corroborate exactly one local source.,no,,diskominfo:32.75.11.1002;open_data_jabar:32.75.11.1002;kodepos_dev:32.75.11.1002,diskominfo_jabar_village_2024_unreviewed;open_data_jabar_postal_2023;kodepos_dev_rest_api,diskominfo:5780;open_data_jabar:23768;kodepos_dev:5780,2026-08-11,local_government_consensus_api_conflict,17165,Diskominfo and Open Data Jabar agree; Kodepos.dev differs.,government_sources_agree_api_differs,,,1,,,,,pending,,,,,,,,,not_started
32.75.11.1003,32,JAWA BARAT,32.75,KOTA BEKASI,32.75.11,MUSTIKAJAYA,MUSTIKAJAYA,,,,,17168,17168,17158,17158;17168,review_required,unresolved,yes,No automatic selection: Kodepos.dev does not corroborate exactly one local source.,no,,diskominfo:32.75.11.1003;open_data_jabar:32.75.11.1003;kodepos_dev:32.75.11.1003,diskominfo_jabar_village_2024_unreviewed;open_data_jabar_postal_2023;kodepos_dev_rest_api,diskominfo:5781;open_data_jabar:23769;kodepos_dev:5781,2026-08-11,local_government_consensus_api_conflict,17168,Diskominfo and Open Data Jabar agree; Kodepos.dev differs.,government_sources_agree_api_differs,,,1,,,,,pending,,,,,,,,,not_started
32.75.11.1004,32,JAWA BARAT,32.75,KOTA BEKASI,32.75.11,MUSTIKAJAYA,MUSTIKASARI,,,,,17167,17167,17157,17157;17167,review_required,unresolved,yes,No automatic selection: Kodepos.dev does not corroborate exactly one local source.,no,,diskominfo:32.75.11.1004;open_data_jabar:32.75.11.1004;kodepos_dev:32.75.11.1004,diskominfo_jabar_village_2024_unreviewed;open_data_jabar_postal_2023;kodepos_dev_rest_api,diskominfo:5782;open_data_jabar:23771;kodepos_dev:5782,2026-08-11,local_government_consensus_api_conflict,17167,Diskominfo and Open Data Jabar agree; Kodepos.dev differs.,government_sources_agree_api_differs,,,1,,,,,pending,,,,,,,,,not_started
32.75.12.1001,32,JAWA BARAT,32.75,KOTA BEKASI,32.75.12,PONDOKMELATI,JATIRAHAYU,,,,,17444,17444,17414,17414;17444,review_required,unresolved,yes,No automatic selection: Kodepos.dev does not corroborate exactly one local source.,no,,diskominfo:32.75.12.1001;open_data_jabar:32.75.12.1001;kodepos_dev:32.75.12.1001,diskominfo_jabar_village_2024_unreviewed;open_data_jabar_postal_2023;kodepos_dev_rest_api,diskominfo:5783;open_data_jabar:23772;kodepos_dev:5783,2026-08-11,local_government_consensus_api_conflict,17444,Diskominfo and Open Data Jabar agree; Kodepos.dev differs.,government_sources_agree_api_differs,,,1,,,,,pending,,,,,,,,,not_started
32.75.12.1002,32,JAWA BARAT,32.75,KOTA BEKASI,32.75.12,PONDOKMELATI,JATIWARNA,,,,,17445,17445,17415,17415;17445,review_required,unresolved,yes,No automatic selection: Kodepos.dev does not corroborate exactly one local source.,no,,diskominfo:32.75.12.1002;open_data_jabar:32.75.12.1002;kodepos_dev:32.75.12.1002,diskominfo_jabar_village_2024_unreviewed;open_data_jabar_postal_2023;kodepos_dev_rest_api,diskominfo:5784;open_data_jabar:23773;kodepos_dev:5784,2026-08-11,local_government_consensus_api_conflict,17445,Diskominfo and Open Data Jabar agree; Kodepos.dev differs.,government_sources_agree_api_differs,,,1,,,,,pending,,,,,,,,,not_started
32.75.12.1003,32,JAWA BARAT,32.75,KOTA BEKASI,32.75.12,PONDOKMELATI,JATIMELATI,,,,,17446,17446,17414,17414;17446,review_required,unresolved,yes,No automatic selection: Kodepos.dev does not corroborate exactly one local source.,no,,diskominfo:32.75.12.1003;open_data_jabar:32.75.12.1003;kodepos_dev:32.75.12.1003,diskominfo_jabar_village_2024_unreviewed;open_data_jabar_postal_2023;kodepos_dev_rest_api,diskominfo:5785;open_data_jabar:23774;kodepos_dev:5785,2026-08-11,local_government_consensus_api_conflict,17446,Diskominfo and Open Data Jabar agree; Kodepos.dev differs.,government_sources_agree_api_differs,,,1,,,,,pending,,,,,,,,,not_started
32.75.12.1004,32,JAWA BARAT,32.75,KOTA BEKASI,32.75.12,PONDOKMELATI,JATIMURNI,,,,,17441,17441,17431,17431;17441,review_required,unresolved,yes,No automatic selection: Kodepos.dev does not corroborate exactly one local source.,no,,diskominfo:32.75.12.1004;open_data_jabar:32.75.12.1004;kodepos_dev:32.75.12.1004,diskominfo_jabar_village_2024_unreviewed;open_data_jabar_postal_2023;kodepos_dev_rest_api,diskominfo:5786;open_data_jabar:23775;kodepos_dev:5786,2026-08-11,local_government_consensus_api_conflict,17441,Diskominfo and Open Data Jabar agree; Kodepos.dev differs.,government_sources_agree_api_differs,,,1,,,,,pending,,,,,,,,,not_started
32.76.07.1005,32,JAWA BARAT,32.76,KOTA DEPOK,32.76.07,CIPAYUNG,PONDOK JAYA,,,,,16443,16443,16438,16438;16443,review_required,unresolved,yes,No automatic selection: Kodepos.dev does not corroborate exactly one local source.,no,,diskominfo:32.76.07.1005;open_data_jabar:32.76.07.1005;kodepos_dev:32.76.07.1005,diskominfo_jabar_village_2024_unreviewed;open_data_jabar_postal_2023;kodepos_dev_rest_api,diskominfo:5826;open_data_jabar:23820;kodepos_dev:5826,2026-08-11,local_government_consensus_api_conflict,16443,Diskominfo and Open Data Jabar agree; Kodepos.dev differs.,government_sources_agree_api_differs,,,1,,,,,pending,,,,,,,,,not_started
32.76.09.1003,32,JAWA BARAT,32.76,KOTA DEPOK,32.76.09,CINERE,PANGKALAN JATI,,,,,16543,16543,16513,16513;16543,review_required,unresolved,yes,No automatic selection: Kodepos.dev does not corroborate exactly one local source.,no,,diskominfo:32.76.09.1003;open_data_jabar:32.76.09.1003;kodepos_dev:32.76.09.1003,diskominfo_jabar_village_2024_unreviewed;open_data_jabar_postal_2023;kodepos_dev_rest_api,diskominfo:5834;open_data_jabar:23829;kodepos_dev:5834,2026-08-11,local_government_consensus_api_conflict,16543,Diskominfo and Open Data Jabar agree; Kodepos.dev differs.,government_sources_agree_api_differs,,,1,,,,,pending,,,,,,,,,not_started
32.76.09.1004,32,JAWA BARAT,32.76,KOTA DEPOK,32.76.09,CINERE,PANGKALAN JATI BARU,,,,,16542,16542,16513,16513;16542,review_required,unresolved,yes,No automatic selection: Kodepos.dev does not corroborate exactly one local source.,no,,diskominfo:32.76.09.1004;open_data_jabar:32.76.09.1004;kodepos_dev:32.76.09.1004,diskominfo_jabar_village_2024_unreviewed;open_data_jabar_postal_2023;kodepos_dev_rest_api,diskominfo:5835;open_data_jabar:23830;kodepos_dev:5835,2026-08-11,local_government_consensus_api_conflict,16542,Diskominfo and Open Data Jabar agree; Kodepos.dev differs.,government_sources_agree_api_differs,,,1,,,,,pending,,,,,,,,,not_started
32.76.11.1002,32,JAWA BARAT,32.76,KOTA DEPOK,32.76.11,BOJONGSARI,BOJONGSARI BARU,,,,,16522,16522,16516,16516;16522,review_required,unresolved,yes,No automatic selection: Kodepos.dev does not corroborate exactly one local source.,no,,diskominfo:32.76.11.1002;open_data_jabar:32.76.11.1002;kodepos_dev:32.76.11.1002,diskominfo_jabar_village_2024_unreviewed;open_data_jabar_postal_2023;kodepos_dev_rest_api,diskominfo:5844;open_data_jabar:23840;kodepos_dev:5844,2026-08-11,local_government_consensus_api_conflict,16522,Diskominfo and Open Data Jabar agree; Kodepos.dev differs.,government_sources_agree_api_differs,,,1,,,,,pending,,,,,,,,,not_started
32.13.23.2001,32,JAWA BARAT,32.13,KAB. SUBANG,32.13.23,SERANGPANJANG,CIJENGKOL,,,,,41287,41282,41288,41282;41287;41288,review_required,unresolved,yes,No automatic selection: Kodepos.dev does not corroborate exactly one local source.,no,,diskominfo:32.13.23.2001;open_data_jabar:32.13.23.2001;kodepos_dev:32.13.23.2001,diskominfo_jabar_village_2024_unreviewed;open_data_jabar_postal_2023;kodepos_dev_rest_api,diskominfo:4447;open_data_jabar:22288;kodepos_dev:4447,2026-08-11,source_disagreement,,No safe suggestion; compare all source values.,all_three_different,DIST-018E24FFEB33,TRIP-8478D95BB151,6,,,,,pending,,,,,,,,,not_started
32.13.23.2002,32,JAWA BARAT,32.13,KAB. SUBANG,32.13.23,SERANGPANJANG,TALAGASARI,,,,,41287,41282,41288,41282;41287;41288,review_required,unresolved,yes,No automatic selection: Kodepos.dev does not corroborate exactly one local source.,no,,diskominfo:32.13.23.2002;open_data_jabar:32.13.23.2002;kodepos_dev:32.13.23.2002,diskominfo_jabar_village_2024_unreviewed;open_data_jabar_postal_2023;kodepos_dev_rest_api,diskominfo:4448;open_data_jabar:22289;kodepos_dev:4448,2026-08-11,source_disagreement,,No safe suggestion; compare all source values.,all_three_different,DIST-018E24FFEB33,TRIP-8478D95BB151,6,,,,,pending,,,,,,,,,not_started
32.13.23.2003,32,JAWA BARAT,32.13,KAB. SUBANG,32.13.23,SERANGPANJANG,CINTAMEKAR,,,,,41287,41282,41288,41282;41287;41288,review_required,unresolved,yes,No automatic selection: Kodepos.dev does not corroborate exactly one local source.,no,,diskominfo:32.13.23.2003;open_data_jabar:32.13.23.2003;kodepos_dev:32.13.23.2003,diskominfo_jabar_village_2024_unreviewed;open_data_jabar_postal_2023;kodepos_dev_rest_api,diskominfo:4449;open_data_jabar:22290;kodepos_dev:4449,2026-08-11,source_disagreement,,No safe suggestion; compare all source values.,all_three_different,DIST-018E24FFEB33,TRIP-8478D95BB151,6,,,,,pending,,,,,,,,,not_started
32.13.23.2004,32,JAWA BARAT,32.13,KAB. SUBANG,32.13.23,SERANGPANJANG,PONGGANG,,,,,41287,41282,41288,41282;41287;41288,review_required,unresolved,yes,No automatic selection: Kodepos.dev does not corroborate exactly one local source.,no,,diskominfo:32.13.23.2004;open_data_jabar:32.13.23.2004;kodepos_dev:32.13.23.2004,diskominfo_jabar_village_2024_unreviewed;open_data_jabar_postal_2023;kodepos_dev_rest_api,diskominfo:4450;open_data_jabar:22291;kodepos_dev:4450,2026-08-11,source_disagreement,,No safe suggestion; compare all source values.,all_three_different,DIST-018E24FFEB33,TRIP-8478D95BB151,6,,,,,pending,,,,,,,,,not_started
32.13.23.2005,32,JAWA BARAT,32.13,KAB. SUBANG,32.13.23,SERANGPANJANG,CIKUJANG,,,,,41287,41282,41288,41282;41287;41288,review_required,unresolved,yes,No automatic selection: Kodepos.dev does not corroborate exactly one local source.,no,,diskominfo:32.13.23.2005;open_data_jabar:32.13.23.2005;kodepos_dev:32.13.23.2005,diskominfo_jabar_village_2024_unreviewed;open_data_jabar_postal_2023;kodepos_dev_rest_api,diskominfo:4451;open_data_jabar:22292;kodepos_dev:4451,2026-08-11,source_disagreement,,No safe suggestion; compare all source values.,all_three_different,DIST-018E24FFEB33,TRIP-8478D95BB151,6,,,,,pending,,,,,,,,,not_started
32.13.23.2006,32,JAWA BARAT,32.13,KAB. SUBANG,32.13.23,SERANGPANJANG,CIPANCAR,,,,,41287,41282,41288,41282;41287;41288,review_required,unresolved,yes,No automatic selection: Kodepos.dev does not corroborate exactly one local source.,no,,diskominfo:32.13.23.2006;open_data_jabar:32.13.23.2006;kodepos_dev:32.13.23.2006,diskominfo_jabar_village_2024_unreviewed;open_data_jabar_postal_2023;kodepos_dev_rest_api,diskominfo:4452;open_data_jabar:22294;kodepos_dev:4452,2026-08-11,source_disagreement,,No safe suggestion; compare all source values.,all_three_different,DIST-018E24FFEB33,TRIP-8478D95BB151,6,,,,,pending,,,,,,,,,not_started
32.01.27.2004,32,JAWA BARAT,32.01,KAB. BOGOR,32.01.27,CARINGIN,CARINGIN,,,,,16732,44166,16730,16730;16732;44166,review_required,unresolved,yes,No automatic selection: Kodepos.dev does not corroborate exactly one local source.,no,,diskominfo:32.01.27.2004;open_data_jabar:32.01.27.2004;kodepos_dev:32.01.27.2004,diskominfo_jabar_village_2024_unreviewed;open_data_jabar_postal_2023;kodepos_dev_rest_api,diskominfo:312;open_data_jabar:17693;kodepos_dev:312,2026-08-11,source_disagreement,,No safe suggestion; compare all source values.,all_three_different,DIST-031F8BB73019,TRIP-839A714A52EB,1,,,,,pending,,,,,,,,,not_started
32.04.13.2003,32,JAWA BARAT,32.04,KAB. BANDUNG,32.04.13,BANJARAN,BANJARAN KULON,,,,,21156,45468,40377,21156;40377;45468,review_required,unresolved,yes,No automatic selection: Kodepos.dev does not corroborate exactly one local source.,no,,diskominfo:32.04.13.2003;open_data_jabar:32.04.13.2003;kodepos_dev:32.04.13.2003,diskominfo_jabar_village_2024_unreviewed;open_data_jabar_postal_2023;kodepos_dev_rest_api,diskominfo:1236;open_data_jabar:18719;kodepos_dev:1236,2026-08-11,source_disagreement,,No safe suggestion; compare all source values.,all_three_different,DIST-059DE04F4CDC,TRIP-BD269CAC105B,1,,,,,pending,,,,,,,,,not_started
32.01.25.1010,32,JAWA BARAT,32.01,KAB. BOGOR,32.01.25,CISARUA,CISARUA,,,,,16759,45355,16750,16750;16759;45355,review_required,unresolved,yes,No automatic selection: Kodepos.dev does not corroborate exactly one local source.,no,,diskominfo:32.01.25.1010;open_data_jabar:32.01.25.1010;kodepos_dev:32.01.25.1010,diskominfo_jabar_village_2024_unreviewed;open_data_jabar_postal_2023;kodepos_dev_rest_api,diskominfo:296;open_data_jabar:17664;kodepos_dev:287,2026-08-11,source_disagreement,,No safe suggestion; compare all source values.,all_three_different,DIST-086DE8A0591D,TRIP-3EC82F866CBC,1,,,,,pending,,,,,,,,,not_started
32.05.05.1012,32,JAWA BARAT,32.05,KAB. GARUT,32.05.05,TAROGONG KIDUL,SUKAJAYA,,,,,44128,44151,44150,44128;44150;44151,review_required,unresolved,yes,No automatic selection: Kodepos.dev does not corroborate exactly one local source.,no,,diskominfo:32.05.05.1012;open_data_jabar:32.05.05.1012;kodepos_dev:32.05.05.1012,diskominfo_jabar_village_2024_unreviewed;open_data_jabar_postal_2023;kodepos_dev_rest_api,diskominfo:1527;open_data_jabar:19035;kodepos_dev:1520,2026-08-11,source_disagreement,,No safe suggestion; compare all source values.,all_three_different,DIST-0A91CE8C52D5,TRIP-10B5A6941C9A,1,,,,,pending,,,,,,,,,not_started
32.05.05.2003,32,JAWA BARAT,32.05,KAB. GARUT,32.05.05,TAROGONG KIDUL,JAYARAGA,,,,,44122,44151,44150,44122;44150;44151,review_required,unresolved,yes,No automatic selection: Kodepos.dev does not corroborate exactly one local source.,no,,diskominfo:32.05.05.2003;open_data_jabar:32.05.05.2003;kodepos_dev:32.05.05.2003,diskominfo_jabar_village_2024_unreviewed;open_data_jabar_postal_2023;kodepos_dev_rest_api,diskominfo:1518;open_data_jabar:19036;kodepos_dev:1521,2026-08-11,source_disagreement,,No safe suggestion; compare all source values.,all_three_different,DIST-0A91CE8C52D5,TRIP-4CAD2BC40F4C,1,,,,,pending,,,,,,,,,not_started
32.05.05.1002,32,JAWA BARAT,32.05,KAB. GARUT,32.05.05,TAROGONG KIDUL,SUKAGALIH,,,,,44125,44151,44150,44125;44150;44151,review_required,unresolved,yes,No automatic selection: Kodepos.dev does not corroborate exactly one local source.,no,,diskominfo:32.05.05.1002;open_data_jabar:32.05.05.1002;kodepos_dev:32.05.05.1002,diskominfo_jabar_village_2024_unreviewed;open_data_jabar_postal_2023;kodepos_dev_rest_api,diskominfo:1517;open_data_jabar:19032;kodepos_dev:1517,2026-08-11,source_disagreement,,No safe suggestion; compare all source values.,all_three_different,DIST-0A91CE8C52D5,TRIP-61907F51DE2D,1,,,,,pending,,,,,,,,,not_started
32.05.05.1009,32,JAWA BARAT,32.05,KAB. GARUT,32.05.05,TAROGONG KIDUL,SUKAKARYA,,,,,44127,44151,44150,44127;44150;44151,review_required,unresolved,yes,No automatic selection: Kodepos.dev does not corroborate exactly one local source.,no,,diskominfo:32.05.05.1009;open_data_jabar:32.05.05.1009;kodepos_dev:32.05.05.1009,diskominfo_jabar_village_2024_unreviewed;open_data_jabar_postal_2023;kodepos_dev_rest_api,diskominfo:1524;open_data_jabar:19034;kodepos_dev:1519,2026-08-11,source_disagreement,,No safe suggestion; compare all source values.,all_three_different,DIST-0A91CE8C52D5,TRIP-637FCA1AC19E,1,,,,,pending,,,,,,,,,not_started
32.05.05.2005,32,JAWA BARAT,32.05,KAB. GARUT,32.05.05,TAROGONG KIDUL,CIBUNAR,,,,,44129,44151,44150,44129;44150;44151,review_required,unresolved,yes,No automatic selection: Kodepos.dev does not corroborate exactly one local source.,no,,diskominfo:32.05.05.2005;open_data_jabar:32.05.05.2005;kodepos_dev:32.05.05.2005,diskominfo_jabar_village_2024_unreviewed;open_data_jabar_postal_2023;kodepos_dev_rest_api,diskominfo:1520;open_data_jabar:19039;kodepos_dev:1523,2026-08-11,source_disagreement,,No safe suggestion; compare all source values.,all_three_different,DIST-0A91CE8C52D5,TRIP-885E47184FC8,4,,,,,pending,,,,,,,,,not_started
32.05.05.2007,32,JAWA BARAT,32.05,KAB. GARUT,32.05.05,TAROGONG KIDUL,SUKABAKTI,,,,,44129,44151,44150,44129;44150;44151,review_required,unresolved,yes,No automatic selection: Kodepos.dev does not corroborate exactly one local source.,no,,diskominfo:32.05.05.2007;open_data_jabar:32.05.05.2007;kodepos_dev:32.05.05.2007,diskominfo_jabar_village_2024_unreviewed;open_data_jabar_postal_2023;kodepos_dev_rest_api,diskominfo:1522;open_data_jabar:19040;kodepos_dev:1524,2026-08-11,source_disagreement,,No safe suggestion; compare all source values.,all_three_different,DIST-0A91CE8C52D5,TRIP-885E47184FC8,4,,,,,pending,,,,,,,,,not_started
32.05.05.2010,32,JAWA BARAT,32.05,KAB. GARUT,32.05.05,TAROGONG KIDUL,MEKARGALIH,,,,,44129,44151,44150,44129;44150;44151,review_required,unresolved,yes,No automatic selection: Kodepos.dev does not corroborate exactly one local source.,no,,diskominfo:32.05.05.2010;open_data_jabar:32.05.05.2010;kodepos_dev:32.05.05.2010,diskominfo_jabar_village_2024_unreviewed;open_data_jabar_postal_2023;kodepos_dev_rest_api,diskominfo:1525;open_data_jabar:19042;kodepos_dev:1526,2026-08-11,source_disagreement,,No safe suggestion; compare all source values.,all_three_different,DIST-0A91CE8C52D5,TRIP-885E47184FC8,4,,,,,pending,,,,,,,,,not_started
32.05.05.2011,32,JAWA BARAT,32.05,KAB. GARUT,32.05.05,TAROGONG KIDUL,KERSAMENAK,,,,,44129,44151,44150,44129;44150;44151,review_required,unresolved,yes,No automatic selection: Kodepos.dev does not corroborate exactly one local source.,no,,diskominfo:32.05.05.2011;open_data_jabar:32.05.05.2011;kodepos_dev:32.05.05.2011,diskominfo_jabar_village_2024_unreviewed;open_data_jabar_postal_2023;kodepos_dev_rest_api,diskominfo:1526;open_data_jabar:19043;kodepos_dev:1527,2026-08-11,source_disagreement,,No safe suggestion; compare all source values.,all_three_different,DIST-0A91CE8C52D5,TRIP-885E47184FC8,4,,,,,pending,,,,,,,,,not_started
32.05.05.1006,32,JAWA BARAT,32.05,KAB. GARUT,32.05.05,TAROGONG KIDUL,JAYAWARAS,,,,,44123,44151,44150,44123;44150;44151,review_required,unresolved,yes,No automatic selection: Kodepos.dev does not corroborate exactly one local source.,no,,diskominfo:32.05.05.1006;open_data_jabar:32.05.05.1006;kodepos_dev:32.05.05.1006,diskominfo_jabar_village_2024_unreviewed;open_data_jabar_postal_2023;kodepos_dev_rest_api,diskominfo:1521;open_data_jabar:19033;kodepos_dev:1518,2026-08-11,source_disagreement,,No safe suggestion; compare all source values.,all_three_different,DIST-0A91CE8C52D5,TRIP-8E256F38C3B5,1,,,,,pending,,,,,,,,,not_started
32.05.05.2008,32,JAWA BARAT,32.05,KAB. GARUT,32.05.05,TAROGONG KIDUL,TAROGONG,,,,,44126,44151,44150,44126;44150;44151,review_required,unresolved,yes,No automatic selection: Kodepos.dev does not corroborate exactly one local source.,no,,diskominfo:32.05.05.2008;open_data_jabar:32.05.05.2008;kodepos_dev:32.05.05.2008,diskominfo_jabar_village_2024_unreviewed;open_data_jabar_postal_2023;kodepos_dev_rest_api,diskominfo:1523;open_data_jabar:19041;kodepos_dev:1525,2026-08-11,source_disagreement,,No safe suggestion; compare all source values.,all_three_different,DIST-0A91CE8C52D5,TRIP-A65FA1A3BC4E,1,,,,,pending,,,,,,,,,not_started
32.05.05.2004,32,JAWA BARAT,32.05,KAB. GARUT,32.05.05,TAROGONG KIDUL,HAURPANGGUNG,,,,,44124,44151,44150,44124;44150;44151,review_required,unresolved,yes,No automatic selection: Kodepos.dev does not corroborate exactly one local source.,no,,diskominfo:32.05.05.2004;open_data_jabar:32.05.05.2004;kodepos_dev:32.05.05.2004,diskominfo_jabar_village_2024_unreviewed;open_data_jabar_postal_2023;kodepos_dev_rest_api,diskominfo:1519;open_data_jabar:19038;kodepos_dev:1522,2026-08-11,source_disagreement,,No safe suggestion; compare all source values.,all_three_different,DIST-0A91CE8C52D5,TRIP-CA391D8F7E0F,1,,,,,pending,,,,,,,,,not_started
32.05.05.1001,32,JAWA BARAT,32.05,KAB. GARUT,32.05.05,TAROGONG KIDUL,PATARUMAN,,,,,44121,44151,44150,44121;44150;44151,review_required,unresolved,yes,No automatic selection: Kodepos.dev does not corroborate exactly one local source.,no,,diskominfo:32.05.05.1001;open_data_jabar:32.05.05.1001;kodepos_dev:32.05.05.1001,diskominfo_jabar_village_2024_unreviewed;open_data_jabar_postal_2023;kodepos_dev_rest_api,diskominfo:1516;open_data_jabar:19031;kodepos_dev:1516,2026-08-11,source_disagreement,,No safe suggestion; compare all source values.,all_three_different,DIST-0A91CE8C52D5,TRIP-D5C176DA5A57,1,,,,,pending,,,,,,,,,not_started
32.01.17.2001,32,JAWA BARAT,32.01,KAB. BOGOR,32.01.17,PAMIJAHAN,PURWABAKTI,,,,,16694,16810,16812,16694;16810;16812,review_required,unresolved,yes,No automatic selection: Kodepos.dev does not corroborate exactly one local source.,no,,diskominfo:32.01.17.2001;open_data_jabar:32.01.17.2001;kodepos_dev:32.01.17.2001,diskominfo_jabar_village_2024_unreviewed;open_data_jabar_postal_2023;kodepos_dev_rest_api,diskominfo:183;open_data_jabar:17549;kodepos_dev:183,2026-08-11,source_disagreement,,No safe suggestion; compare all source values.,all_three_different,DIST-0DBB321B096F,TRIP-5A4F6B733DE8,1,,,,,pending,,,,,,,,,not_started
32.01.17.2012,32,JAWA BARAT,32.01,KAB. BOGOR,32.01.17,PAMIJAHAN,GUNUNG PICUNG,,,,,16696,16810,16812,16696;16810;16812,review_required,unresolved,yes,No automatic selection: Kodepos.dev does not corroborate exactly one local source.,no,,diskominfo:32.01.17.2012;open_data_jabar:32.01.17.2012;kodepos_dev:32.01.17.2012,diskominfo_jabar_village_2024_unreviewed;open_data_jabar_postal_2023;kodepos_dev_rest_api,diskominfo:194;open_data_jabar:17562;kodepos_dev:194,2026-08-11,source_disagreement,,No safe suggestion; compare all source values.,all_three_different,DIST-0DBB321B096F,TRIP-6DAC075E72D7,2,,,,,pending,,,,,,,,,not_started
32.01.17.2014,32,JAWA BARAT,32.01,KAB. BOGOR,32.01.17,PAMIJAHAN,GUNUNGSARI,,,,,16696,16810,16812,16696;16810;16812,review_required,unresolved,yes,No automatic selection: Kodepos.dev does not corroborate exactly one local source.,no,,diskominfo:32.01.17.2014;open_data_jabar:32.01.17.2014;kodepos_dev:32.01.17.2014,diskominfo_jabar_village_2024_unreviewed;open_data_jabar_postal_2023;kodepos_dev_rest_api,diskominfo:196;open_data_jabar:17564;kodepos_dev:196,2026-08-11,source_disagreement,,No safe suggestion; compare all source values.,all_three_different,DIST-0DBB321B096F,TRIP-6DAC075E72D7,2,,,,,pending,,,,,,,,,not_started
32.01.17.2013,32,JAWA BARAT,32.01,KAB. BOGOR,32.01.17,PAMIJAHAN,CIASIHAN,,,,,16695,16810,16812,16695;16810;16812,review_required,unresolved,yes,No automatic selection: Kodepos.dev does not corroborate exactly one local source.,no,,diskominfo:32.01.17.2013;open_data_jabar:32.01.17.2013;kodepos_dev:32.01.17.2013,diskominfo_jabar_village_2024_unreviewed;open_data_jabar_postal_2023;kodepos_dev_rest_api,diskominfo:195;open_data_jabar:17563;kodepos_dev:195,2026-08-11,source_disagreement,,No safe suggestion; compare all source values.,all_three_different,DIST-0DBB321B096F,TRIP-7C30B2116537,2,,,,,pending,,,,,,,,,not_started
32.01.17.2015,32,JAWA BARAT,32.01,KAB. BOGOR,32.01.17,PAMIJAHAN,CIASMARA,,,,,16695,16810,16812,16695;16810;16812,review_required,unresolved,yes,No automatic selection: Kodepos.dev does not corroborate exactly one local source.,no,,diskominfo:32.01.17.2015;open_data_jabar:32.01.17.2015;kodepos_dev:32.01.17.2015,diskominfo_jabar_village_2024_unreviewed;open_data_jabar_postal_2023;kodepos_dev_rest_api,diskominfo:197;open_data_jabar:17565;kodepos_dev:197,2026-08-11,source_disagreement,,No safe suggestion; compare all source values.,all_three_different,DIST-0DBB321B096F,TRIP-7C30B2116537,2,,,,,pending,,,,,,,,,not_started
32.01.17.2002,32,JAWA BARAT,32.01,KAB. BOGOR,32.01.17,PAMIJAHAN,CIBUNIAN,,,,,16693,16810,16812,16693;16810;16812,review_required,unresolved,yes,No automatic selection: Kodepos.dev does not corroborate exactly one local source.,no,,diskominfo:32.01.17.2002;open_data_jabar:32.01.17.2002;kodepos_dev:32.01.17.2002,diskominfo_jabar_village_2024_unreviewed;open_data_jabar_postal_2023;kodepos_dev_rest_api,diskominfo:184;open_data_jabar:17550;kodepos_dev:184,2026-08-11,source_disagreement,,No safe suggestion; compare all source values.,all_three_different,DIST-0DBB321B096F,TRIP-8478D492BF8D,1,,,,,pending,,,,,,,,,not_started
32.01.17.2007,32,JAWA BARAT,32.01,KAB. BOGOR,32.01.17,PAMIJAHAN,CIMAYANG,,,,,16698,16810,16812,16698;16810;16812,review_required,unresolved,yes,No automatic selection: Kodepos.dev does not corroborate exactly one local source.,no,,diskominfo:32.01.17.2007;open_data_jabar:32.01.17.2007;kodepos_dev:32.01.17.2007,diskominfo_jabar_village_2024_unreviewed;open_data_jabar_postal_2023;kodepos_dev_rest_api,diskominfo:189;open_data_jabar:17555;kodepos_dev:189,2026-08-11,source_disagreement,,No safe suggestion; compare all source values.,all_three_different,DIST-0DBB321B096F,TRIP-AB0261299114,2,,,,,pending,,,,,,,,,not_started
32.01.17.2009,32,JAWA BARAT,32.01,KAB. BOGOR,32.01.17,PAMIJAHAN,CIBENING,,,,,16698,16810,16812,16698;16810;16812,review_required,unresolved,yes,No automatic selection: Kodepos.dev does not corroborate exactly one local source.,no,,diskominfo:32.01.17.2009;open_data_jabar:32.01.17.2009;kodepos_dev:32.01.17.2009,diskominfo_jabar_village_2024_unreviewed;open_data_jabar_postal_2023;kodepos_dev_rest_api,diskominfo:191;open_data_jabar:17557;kodepos_dev:191,2026-08-11,source_disagreement,,No safe suggestion; compare all source values.,all_three_different,DIST-0DBB321B096F,TRIP-AB0261299114,2,,,,,pending,,,,,,,,,not_started
32.01.17.2003,32,JAWA BARAT,32.01,KAB. BOGOR,32.01.17,PAMIJAHAN,CIBITUNGWETAN,,,,,16692,16810,16812,16692;16810;16812,review_required,unresolved,yes,No automatic selection: Kodepos.dev does not corroborate exactly one local source.,no,,diskominfo:32.01.17.2003;open_data_jabar:32.01.17.2003;kodepos_dev:32.01.17.2003,diskominfo_jabar_village_2024_unreviewed;open_data_jabar_postal_2023;kodepos_dev_rest_api,diskominfo:185;open_data_jabar:17551;kodepos_dev:185,2026-08-11,source_disagreement,,No safe suggestion; compare all source values.,all_three_different,DIST-0DBB321B096F,TRIP-B1A8A56F0324,2,,,,,pending,,,,,,,,,not_started
32.01.17.2011,32,JAWA BARAT,32.01,KAB. BOGOR,32.01.17,PAMIJAHAN,CIBITUNG KULON,,,,,16692,16810,16812,16692;16810;16812,review_required,unresolved,yes,No automatic selection: Kodepos.dev does not corroborate exactly one local source.,no,,diskominfo:32.01.17.2011;open_data_jabar:32.01.17.2011;kodepos_dev:32.01.17.2011,diskominfo_jabar_village_2024_unreviewed;open_data_jabar_postal_2023;kodepos_dev_rest_api,diskominfo:193;open_data_jabar:17561;kodepos_dev:193,2026-08-11,source_disagreement,,No safe suggestion; compare all source values.,all_three_different,DIST-0DBB321B096F,TRIP-B1A8A56F0324,2,,,,,pending,,,,,,,,,not_started
32.01.17.2004,32,JAWA BARAT,32.01,KAB. BOGOR,32.01.17,PAMIJAHAN,GUNUNGMENYAN,,,,,16699,16810,16812,16699;16810;16812,review_required,unresolved,yes,No automatic selection: Kodepos.dev does not corroborate exactly one local source.,no,,diskominfo:32.01.17.2004;open_data_jabar:32.01.17.2004;kodepos_dev:32.01.17.2004,diskominfo_jabar_village_2024_unreviewed;open_data_jabar_postal_2023;kodepos_dev_rest_api,diskominfo:186;open_data_jabar:17552;kodepos_dev:186,2026-08-11,source_disagreement,,No safe suggestion; compare all source values.,all_three_different,DIST-0DBB321B096F,TRIP-D19065A0C40F,2,,,,,pending,,,,,,,,,not_started
32.01.17.2006,32,JAWA BARAT,32.01,KAB. BOGOR,32.01.17,PAMIJAHAN,PASAREAN,,,,,16699,16810,16812,16699;16810;16812,review_required,unresolved,yes,No automatic selection: Kodepos.dev does not corroborate exactly one local source.,no,,diskominfo:32.01.17.2006;open_data_jabar:32.01.17.2006;kodepos_dev:32.01.17.2006,diskominfo_jabar_village_2024_unreviewed;open_data_jabar_postal_2023;kodepos_dev_rest_api,diskominfo:188;open_data_jabar:17554;kodepos_dev:188,2026-08-11,source_disagreement,,No safe suggestion; compare all source values.,all_three_different,DIST-0DBB321B096F,TRIP-D19065A0C40F,2,,,,,pending,,,,,,,,,not_started
32.01.17.2008,32,JAWA BARAT,32.01,KAB. BOGOR,32.01.17,PAMIJAHAN,PAMIJAHAN,,,,,16691,16810,16812,16691;16810;16812,review_required,unresolved,yes,No automatic selection: Kodepos.dev does not corroborate exactly one local source.,no,,diskominfo:32.01.17.2008;open_data_jabar:32.01.17.2008;kodepos_dev:32.01.17.2008,diskominfo_jabar_village_2024_unreviewed;open_data_jabar_postal_2023;kodepos_dev_rest_api,diskominfo:190;open_data_jabar:17556;kodepos_dev:190,2026-08-11,source_disagreement,,No safe suggestion; compare all source values.,all_three_different,DIST-0DBB321B096F,TRIP-F5B7BA59C325,1,,,,,pending,,,,,,,,,not_started
32.06.21.2002,32,JAWA BARAT,32.06,KAB. TASIKMALAYA,32.06.21,KARANG JAYA,KARANG JAYA,,,,,,46499,46199,46199;46499,review_required,unresolved,yes,No automatic selection: Kodepos.dev does not corroborate exactly one local source.,no,,diskominfo:32.06.21.2002;open_data_jabar:32.06.21.2002;kodepos_dev:32.06.21.2002,diskominfo_jabar_village_2024_unreviewed;open_data_jabar_postal_2023;kodepos_dev_rest_api,diskominfo:2097;open_data_jabar:19676;kodepos_dev:2097,2026-08-11,source_disagreement,,No safe suggestion; compare all source values.,diskominfo_missing_api_odj_different,DIST-0EFA39C467C6,TRIP-5DACA52588D6,3,,,,,pending,,,,,,,,,not_started
32.06.21.2003,32,JAWA BARAT,32.06,KAB. TASIKMALAYA,32.06.21,KARANG JAYA,KARANGLAYUNG,,,,,,46499,46199,46199;46499,review_required,unresolved,yes,No automatic selection: Kodepos.dev does not corroborate exactly one local source.,no,,diskominfo:32.06.21.2003;open_data_jabar:32.06.21.2003;kodepos_dev:32.06.21.2003,diskominfo_jabar_village_2024_unreviewed;open_data_jabar_postal_2023;kodepos_dev_rest_api,diskominfo:2098;open_data_jabar:19677;kodepos_dev:2098,2026-08-11,source_disagreement,,No safe suggestion; compare all source values.,diskominfo_missing_api_odj_different,DIST-0EFA39C467C6,TRIP-5DACA52588D6,3,,,,,pending,,,,,,,,,not_started
32.06.21.2004,32,JAWA BARAT,32.06,KAB. TASIKMALAYA,32.06.21,KARANG JAYA,CITALAHAB,,,,,,46499,46199,46199;46499,review_required,unresolved,yes,No automatic selection: Kodepos.dev does not corroborate exactly one local source.,no,,diskominfo:32.06.21.2004;open_data_jabar:32.06.21.2004;kodepos_dev:32.06.21.2004,diskominfo_jabar_village_2024_unreviewed;open_data_jabar_postal_2023;kodepos_dev_rest_api,diskominfo:2099;open_data_jabar:19678;kodepos_dev:2099,2026-08-11,source_disagreement,,No safe suggestion; compare all source values.,diskominfo_missing_api_odj_different,DIST-0EFA39C467C6,TRIP-5DACA52588D6,3,,,,,pending,,,,,,,,,not_started
32.02.37.2007,32,JAWA BARAT,32.02,KAB. SUKABUMI,32.02.37,PABUARAN,LEMBUR SAWAH,,,,,43345,43373,43173,43173;43345;43373,review_required,unresolved,yes,No automatic selection: Kodepos.dev does not corroborate exactly one local source.,no,,diskominfo:32.02.37.2007;open_data_jabar:32.02.37.2007;kodepos_dev:32.02.37.2007,diskominfo_jabar_village_2024_unreviewed;open_data_jabar_postal_2023;kodepos_dev_rest_api,diskominfo:748;open_data_jabar:18177;kodepos_dev:748,2026-08-11,source_disagreement,,No safe suggestion; compare all source values.,all_three_different,DIST-0F1BA7A95801,TRIP-1D6C308E288F,1,,,,,pending,,,,,,,,,not_started
32.02.37.2001,32,JAWA BARAT,32.02,KAB. SUKABUMI,32.02.37,PABUARAN,PABUARAN,,,,,43373,42163,43173,42163;43173;43373,review_required,unresolved,yes,No automatic selection: Kodepos.dev does not corroborate exactly one local source.,no,,diskominfo:32.02.37.2001;open_data_jabar:32.02.37.2001;kodepos_dev:32.02.37.2001,diskominfo_jabar_village_2024_unreviewed;open_data_jabar_postal_2023;kodepos_dev_rest_api,diskominfo:742;open_data_jabar:18171;kodepos_dev:742,2026-08-11,source_disagreement,,No safe suggestion; compare all source values.,all_three_different,DIST-0F1BA7A95801,TRIP-850A4171E8E8,1,,,,,pending,,,,,,,,,not_started
32.01.36.2004,32,JAWA BARAT,32.01,KAB. BOGOR,32.01.36,TANJUNGSARI,ANTAJAYA,,,,,16854,16840,16841,16840;16841;16854,review_required,unresolved,yes,No automatic selection: Kodepos.dev does not corroborate exactly one local source.,no,,diskominfo:32.01.36.2004;open_data_jabar:32.01.36.2004;kodepos_dev:32.01.36.2004,diskominfo_jabar_village_2024_unreviewed;open_data_jabar_postal_2023;kodepos_dev_rest_api,diskominfo:399;open_data_jabar:17790;kodepos_dev:399,2026-08-11,source_disagreement,,No safe suggestion; compare all source values.,all_three_different,DIST-0F2B51876381,TRIP-0D9C18225590,1,,,,,pending,,,,,,,,,not_started
32.01.36.2008,32,JAWA BARAT,32.01,KAB. BOGOR,32.01.36,TANJUNGSARI,SIRNASARI,,,,,16852,16266,16841,16266;16841;16852,review_required,unresolved,yes,No automatic selection: Kodepos.dev does not corroborate exactly one local source.,no,,diskominfo:32.01.36.2008;open_data_jabar:32.01.36.2008;kodepos_dev:32.01.36.2008,diskominfo_jabar_village_2024_unreviewed;open_data_jabar_postal_2023;kodepos_dev_rest_api,diskominfo:403;open_data_jabar:17795;kodepos_dev:403,2026-08-11,source_disagreement,,No safe suggestion; compare all source values.,all_three_different,DIST-0F2B51876381,TRIP-1D9411B9421B,2,,,,,pending,,,,,,,,,not_started
32.01.36.2010,32,JAWA BARAT,32.01,KAB. BOGOR,32.01.36,TANJUNGSARI,SIRNARASA,,,,,16852,16266,16841,16266;16841;16852,review_required,unresolved,yes,No automatic selection: Kodepos.dev does not corroborate exactly one local source.,no,,diskominfo:32.01.36.2010;open_data_jabar:32.01.36.2010;kodepos_dev:32.01.36.2010,diskominfo_jabar_village_2024_unreviewed;open_data_jabar_postal_2023;kodepos_dev_rest_api,diskominfo:405;open_data_jabar:17797;kodepos_dev:405,2026-08-11,source_disagreement,,No safe suggestion; compare all source values.,all_three_different,DIST-0F2B51876381,TRIP-1D9411B9421B,2,,,,,pending,,,,,,,,,not_started
32.01.36.2002,32,JAWA BARAT,32.01,KAB. BOGOR,32.01.36,TANJUNGSARI,SELAWANGI,,,,,16858,16840,16841,16840;16841;16858,review_required,unresolved,yes,No automatic selection: Kodepos.dev does not corroborate exactly one local source.,no,,diskominfo:32.01.36.2002;open_data_jabar:32.01.36.2002;kodepos_dev:32.01.36.2002,diskominfo_jabar_village_2024_unreviewed;open_data_jabar_postal_2023;kodepos_dev_rest_api,diskominfo:397;open_data_jabar:17788;kodepos_dev:397,2026-08-11,source_disagreement,,No safe suggestion; compare all source values.,all_three_different,DIST-0F2B51876381,TRIP-5DA6B9C10A7F,1,,,,,pending,,,,,,,,,not_started
32.01.36.2006,32,JAWA BARAT,32.01,KAB. BOGOR,32.01.36,TANJUNGSARI,CIBADAK,,,,,16857,16840,16841,16840;16841;16857,review_required,unresolved,yes,No automatic selection: Kodepos.dev does not corroborate exactly one local source.,no,,diskominfo:32.01.36.2006;open_data_jabar:32.01.36.2006;kodepos_dev:32.01.36.2006,diskominfo_jabar_village_2024_unreviewed;open_data_jabar_postal_2023;kodepos_dev_rest_api,diskominfo:401;open_data_jabar:17792;kodepos_dev:401,2026-08-11,source_disagreement,,No safe suggestion; compare all source values.,all_three_different,DIST-0F2B51876381,TRIP-67C0086FB929,1,,,,,pending,,,,,,,,,not_started
32.01.36.2005,32,JAWA BARAT,32.01,KAB. BOGOR,32.01.36,TANJUNGSARI,PASIR TANJUNG,,,,,16855,16840,16841,16840;16841;16855,review_required,unresolved,yes,No automatic selection: Kodepos.dev does not corroborate exactly one local source.,no,,diskominfo:32.01.36.2005;open_data_jabar:32.01.36.2005;kodepos_dev:32.01.36.2005,diskominfo_jabar_village_2024_unreviewed;open_data_jabar_postal_2023;kodepos_dev_rest_api,diskominfo:400;open_data_jabar:17791;kodepos_dev:400,2026-08-11,source_disagreement,,No safe suggestion; compare all source values.,all_three_different,DIST-0F2B51876381,TRIP-716083294C4F,1,,,,,pending,,,,,,,,,not_started
32.01.36.2007,32,JAWA BARAT,32.01,KAB. BOGOR,32.01.36,TANJUNGSARI,SUKARASA,,,,,16859,16840,16841,16840;16841;16859,review_required,unresolved,yes,No automatic selection: Kodepos.dev does not corroborate exactly one local source.,no,,diskominfo:32.01.36.2007;open_data_jabar:32.01.36.2007;kodepos_dev:32.01.36.2007,diskominfo_jabar_village_2024_unreviewed;open_data_jabar_postal_2023;kodepos_dev_rest_api,diskominfo:402;open_data_jabar:17794;kodepos_dev:402,2026-08-11,source_disagreement,,No safe suggestion; compare all source values.,all_three_different,DIST-0F2B51876381,TRIP-AE07D8CB4FDC,1,,,,,pending,,,,,,,,,not_started
32.01.36.2009,32,JAWA BARAT,32.01,KAB. BOGOR,32.01.36,TANJUNGSARI,BUANAJAYA,,,,,16853,16840,16841,16840;16841;16853,review_required,unresolved,yes,No automatic selection: Kodepos.dev does not corroborate exactly one local source.,no,,diskominfo:32.01.36.2009;open_data_jabar:32.01.36.2009;kodepos_dev:32.01.36.2009,diskominfo_jabar_village_2024_unreviewed;open_data_jabar_postal_2023;kodepos_dev_rest_api,diskominfo:404;open_data_jabar:17796;kodepos_dev:404,2026-08-11,source_disagreement,,No safe suggestion; compare all source values.,all_three_different,DIST-0F2B51876381,TRIP-F368CC37DF6A,1,,,,,pending,,,,,,,,,not_started
32.15.29.2001,32,JAWA BARAT,32.15,KAB. KARAWANG,32.15.29,PURWASARI,DARAWOLONG,,,,,41376,41371,41377,41371;41376;41377,review_required,unresolved,yes,No automatic selection: Kodepos.dev does not corroborate exactly one local source.,no,,diskominfo:32.15.29.2001;open_data_jabar:32.15.29.2001;kodepos_dev:32.15.29.2001,diskominfo_jabar_village_2024_unreviewed;open_data_jabar_postal_2023;kodepos_dev_rest_api,diskominfo:4994;open_data_jabar:22896;kodepos_dev:4994,2026-08-11,source_disagreement,,No safe suggestion; compare all source values.,all_three_different,DIST-0FF2E8834337,TRIP-0242591226A7,1,,,,,pending,,,,,,,,,not_started
32.15.29.2002,32,JAWA BARAT,32.15,KAB. KARAWANG,32.15.29,PURWASARI,TEGALSARI,,,,,41376,41373,41377,41373;41376;41377,review_required,unresolved,yes,No automatic selection: Kodepos.dev does not corroborate exactly one local source.,no,,diskominfo:32.15.29.2002;open_data_jabar:32.15.29.2002;kodepos_dev:32.15.29.2002,diskominfo_jabar_village_2024_unreviewed;open_data_jabar_postal_2023;kodepos_dev_rest_api,diskominfo:4995;open_data_jabar:22897;kodepos_dev:4995,2026-08-11,source_disagreement,,No safe suggestion; compare all source values.,all_three_different,DIST-0FF2E8834337,TRIP-E65AC6588832,7,,,,,pending,,,,,,,,,not_started
32.15.29.2003,32,JAWA BARAT,32.15,KAB. KARAWANG,32.15.29,PURWASARI,PURWASARI,,,,,41376,41373,41377,41373;41376;41377,review_required,unresolved,yes,No automatic selection: Kodepos.dev does not corroborate exactly one local source.,no,,diskominfo:32.15.29.2003;open_data_jabar:32.15.29.2003;kodepos_dev:32.15.29.2003,diskominfo_jabar_village_2024_unreviewed;open_data_jabar_postal_2023;kodepos_dev_rest_api,diskominfo:4996;open_data_jabar:22898;kodepos_dev:4996,2026-08-11,source_disagreement,,No safe suggestion; compare all source values.,all_three_different,DIST-0FF2E8834337,TRIP-E65AC6588832,7,,,,,pending,,,,,,,,,not_started
32.15.29.2004,32,JAWA BARAT,32.15,KAB. KARAWANG,32.15.29,PURWASARI,MEKARJAYA,,,,,41376,41373,41377,41373;41376;41377,review_required,unresolved,yes,No automatic selection: Kodepos.dev does not corroborate exactly one local source.,no,,diskominfo:32.15.29.2004;open_data_jabar:32.15.29.2004;kodepos_dev:32.15.29.2004,diskominfo_jabar_village_2024_unreviewed;open_data_jabar_postal_2023;kodepos_dev_rest_api,diskominfo:4997;open_data_jabar:22899;kodepos_dev:4997,2026-08-11,source_disagreement,,No safe suggestion; compare all source values.,all_three_different,DIST-0FF2E8834337,TRIP-E65AC6588832,7,,,,,pending,,,,,,,,,not_started
32.15.29.2005,32,JAWA BARAT,32.15,KAB. KARAWANG,32.15.29,PURWASARI,TAMELANG,,,,,41376,41373,41377,41373;41376;41377,review_required,unresolved,yes,No automatic selection: Kodepos.dev does not corroborate exactly one local source.,no,,diskominfo:32.15.29.2005;open_data_jabar:32.15.29.2005;kodepos_dev:32.15.29.2005,diskominfo_jabar_village_2024_unreviewed;open_data_jabar_postal_2023;kodepos_dev_rest_api,diskominfo:4998;open_data_jabar:22900;kodepos_dev:4998,2026-08-11,source_disagreement,,No safe suggestion; compare all source values.,all_three_different,DIST-0FF2E8834337,TRIP-E65AC6588832,7,,,,,pending,,,,,,,,,not_started
32.15.29.2006,32,JAWA BARAT,32.15,KAB. KARAWANG,32.15.29,PURWASARI,CENGKONG,,,,,41376,41373,41377,41373;41376;41377,review_required,unresolved,yes,No automatic selection: Kodepos.dev does not corroborate exactly one local source.,no,,diskominfo:32.15.29.2006;open_data_jabar:32.15.29.2006;kodepos_dev:32.15.29.2006,diskominfo_jabar_village_2024_unreviewed;open_data_jabar_postal_2023;kodepos_dev_rest_api,diskominfo:4999;open_data_jabar:22901;kodepos_dev:4999,2026-08-11,source_disagreement,,No safe suggestion; compare all source values.,all_three_different,DIST-0FF2E8834337,TRIP-E65AC6588832,7,,,,,pending,,,,,,,,,not_started
32.15.29.2007,32,JAWA BARAT,32.15,KAB. KARAWANG,32.15.29,PURWASARI,SUKASARI,,,,,41376,41373,41377,41373;41376;41377,review_required,unresolved,yes,No automatic selection: Kodepos.dev does not corroborate exactly one local source.,no,,diskominfo:32.15.29.2007;open_data_jabar:32.15.29.2007;kodepos_dev:32.15.29.2007,diskominfo_jabar_village_2024_unreviewed;open_data_jabar_postal_2023;kodepos_dev_rest_api,diskominfo:5000;open_data_jabar:22902;kodepos_dev:5000,2026-08-11,source_disagreement,,No safe suggestion; compare all source values.,all_three_different,DIST-0FF2E8834337,TRIP-E65AC6588832,7,,,,,pending,,,,,,,,,not_started
32.15.29.2008,32,JAWA BARAT,32.15,KAB. KARAWANG,32.15.29,PURWASARI,KARANGSARI,,,,,41376,41373,41377,41373;41376;41377,review_required,unresolved,yes,No automatic selection: Kodepos.dev does not corroborate exactly one local source.,no,,diskominfo:32.15.29.2008;open_data_jabar:32.15.29.2008;kodepos_dev:32.15.29.2008,diskominfo_jabar_village_2024_unreviewed;open_data_jabar_postal_2023;kodepos_dev_rest_api,diskominfo:5001;open_data_jabar:22903;kodepos_dev:5001,2026-08-11,source_disagreement,,No safe suggestion; compare all source values.,all_three_different,DIST-0FF2E8834337,TRIP-E65AC6588832,7,,,,,pending,,,,,,,,,not_started
32.16.04.2005,32,JAWA BARAT,32.16,KAB. BEKASI,32.16.04,TAMBELANG,SUKARAHAYU,,,,,17624,17620,17621,17620;17621;17624,review_required,unresolved,yes,No automatic selection: Kodepos.dev does not corroborate exactly one local source.,no,,diskominfo:32.16.04.2005;open_data_jabar:32.16.04.2005;kodepos_dev:32.16.04.2005,diskominfo_jabar_village_2024_unreviewed;open_data_jabar_postal_2023;kodepos_dev_rest_api,diskominfo:5040;open_data_jabar:22946;kodepos_dev:5040,2026-08-11,source_disagreement,,No safe suggestion; compare all source values.,all_three_different,DIST-1093100885AE,TRIP-0B5F6D85F096,1,,,,,pending,,,,,,,,,not_started
32.16.04.2007,32,JAWA BARAT,32.16,KAB. BEKASI,32.16.04,TAMBELANG,SUKABAKTI,,,,,17625,17620,17621,17620;17621;17625,review_required,unresolved,yes,No automatic selection: Kodepos.dev does not corroborate exactly one local source.,no,,diskominfo:32.16.04.2007;open_data_jabar:32.16.04.2007;kodepos_dev:32.16.04.2007,diskominfo_jabar_village_2024_unreviewed;open_data_jabar_postal_2023;kodepos_dev_rest_api,diskominfo:5042;open_data_jabar:22949;kodepos_dev:5042,2026-08-11,source_disagreement,,No safe suggestion; compare all source values.,all_three_different,DIST-1093100885AE,TRIP-5A8332EB8511,1,,,,,pending,,,,,,,,,not_started
32.16.04.2001,32,JAWA BARAT,32.16,KAB. BEKASI,32.16.04,TAMBELANG,SUKAWIJAYA,,,,,17626,17620,17621,17620;17621;17626,review_required,unresolved,yes,No automatic selection: Kodepos.dev does not corroborate exactly one local source.,no,,diskominfo:32.16.04.2001;open_data_jabar:32.16.04.2001;kodepos_dev:32.16.04.2001,diskominfo_jabar_village_2024_unreviewed;open_data_jabar_postal_2023;kodepos_dev_rest_api,diskominfo:5036;open_data_jabar:22942;kodepos_dev:5036,2026-08-11,source_disagreement,,No safe suggestion; compare all source values.,all_three_different,DIST-1093100885AE,TRIP-BA4A8D5A3298,1,,,,,pending,,,,,,,,,not_started
32.16.04.2006,32,JAWA BARAT,32.16,KAB. BEKASI,32.16.04,TAMBELANG,SUKAMANTRI,,,,,17627,17620,17621,17620;17621;17627,review_required,unresolved,yes,No automatic selection: Kodepos.dev does not corroborate exactly one local source.,no,,diskominfo:32.16.04.2006;open_data_jabar:32.16.04.2006;kodepos_dev:32.16.04.2006,diskominfo_jabar_village_2024_unreviewed;open_data_jabar_postal_2023;kodepos_dev_rest_api,diskominfo:5041;open_data_jabar:22947;kodepos_dev:5041,2026-08-11,source_disagreement,,No safe suggestion; compare all source values.,all_three_different,DIST-1093100885AE,TRIP-DCA208A30EB9,1,,,,,pending,,,,,,,,,not_started
32.16.04.2003,32,JAWA BARAT,32.16,KAB. BEKASI,32.16.04,TAMBELANG,SUKARAJA,,,,,17622,17620,17621,17620;17621;17622,review_required,unresolved,yes,No automatic selection: Kodepos.dev does not corroborate exactly one local source.,no,,diskominfo:32.16.04.2003;open_data_jabar:32.16.04.2003;kodepos_dev:32.16.04.2003,diskominfo_jabar_village_2024_unreviewed;open_data_jabar_postal_2023;kodepos_dev_rest_api,diskominfo:5038;open_data_jabar:22944;kodepos_dev:5038,2026-08-11,source_disagreement,,No safe suggestion; compare all source values.,all_three_different,DIST-1093100885AE,TRIP-ED6176A7B5DC,1,,,,,pending,,,,,,,,,not_started
32.16.04.2002,32,JAWA BARAT,32.16,KAB. BEKASI,32.16.04,TAMBELANG,SUKAMAJU,,,,,17623,17620,17621,17620;17621;17623,review_required,unresolved,yes,No automatic selection: Kodepos.dev does not corroborate exactly one local source.,no,,diskominfo:32.16.04.2002;open_data_jabar:32.16.04.2002;kodepos_dev:32.16.04.2002,diskominfo_jabar_village_2024_unreviewed;open_data_jabar_postal_2023;kodepos_dev_rest_api,diskominfo:5037;open_data_jabar:22943;kodepos_dev:5037,2026-08-11,source_disagreement,,No safe suggestion; compare all source values.,all_three_different,DIST-1093100885AE,TRIP-F78328C831FB,1,,,,,pending,,,,,,,,,not_started
32.14.14.2002,32,JAWA BARAT,32.14,KAB. PURWAKARTA,32.14.14,CIBATU,CILANDAK,,,,,41183,41181,41182,41181;41182;41183,review_required,unresolved,yes,No automatic selection: Kodepos.dev does not corroborate exactly one local source.,no,,diskominfo:32.14.14.2002;open_data_jabar:32.14.14.2002;kodepos_dev:32.14.14.2002,diskominfo_jabar_village_2024_unreviewed;open_data_jabar_postal_2023;kodepos_dev_rest_api,diskominfo:4668;open_data_jabar:22533;kodepos_dev:4668,2026-08-11,source_disagreement,,No safe suggestion; compare all source values.,all_three_different,DIST-12672CFB40A6,TRIP-01D3BA12329D,9,,,,,pending,,,,,,,,,not_started
32.14.14.2003,32,JAWA BARAT,32.14,KAB. PURWAKARTA,32.14.14,CIBATU,KARYAMEKAR,,,,,41183,41181,41182,41181;41182;41183,review_required,unresolved,yes,No automatic selection: Kodepos.dev does not corroborate exactly one local source.,no,,diskominfo:32.14.14.2003;open_data_jabar:32.14.14.2003;kodepos_dev:32.14.14.2003,diskominfo_jabar_village_2024_unreviewed;open_data_jabar_postal_2023;kodepos_dev_rest_api,diskominfo:4669;open_data_jabar:22534;kodepos_dev:4669,2026-08-11,source_disagreement,,No safe suggestion; compare all source values.,all_three_different,DIST-12672CFB40A6,TRIP-01D3BA12329D,9,,,,,pending,,,,,,,,,not_started
32.14.14.2004,32,JAWA BARAT,32.14,KAB. PURWAKARTA,32.14.14,CIBATU,CIPINANG,,,,,41183,41181,41182,41181;41182;41183,review_required,unresolved,yes,No automatic selection: Kodepos.dev does not corroborate exactly one local source.,no,,diskominfo:32.14.14.2004;open_data_jabar:32.14.14.2004;kodepos_dev:32.14.14.2004,diskominfo_jabar_village_2024_unreviewed;open_data_jabar_postal_2023;kodepos_dev_rest_api,diskominfo:4670;open_data_jabar:22535;kodepos_dev:4670,2026-08-11,source_disagreement,,No safe suggestion; compare all source values.,all_three_different,DIST-12672CFB40A6,TRIP-01D3BA12329D,9,,,,,pending,,,,,,,,,not_started
32.14.14.2005,32,JAWA BARAT,32.14,KAB. PURWAKARTA,32.14.14,CIBATU,CIPARUNGSARI,,,,,41183,41181,41182,41181;41182;41183,review_required,unresolved,yes,No automatic selection: Kodepos.dev does not corroborate exactly one local source.,no,,diskominfo:32.14.14.2005;open_data_jabar:32.14.14.2005;kodepos_dev:32.14.14.2005,diskominfo_jabar_village_2024_unreviewed;open_data_jabar_postal_2023;kodepos_dev_rest_api,diskominfo:4671;open_data_jabar:22536;kodepos_dev:4671,2026-08-11,source_disagreement,,No safe suggestion; compare all source values.,all_three_different,DIST-12672CFB40A6,TRIP-01D3BA12329D,9,,,,,pending,,,,,,,,,not_started
32.14.14.2006,32,JAWA BARAT,32.14,KAB. PURWAKARTA,32.14.14,CIBATU,CIRANGKONG,,,,,41183,41181,41182,41181;41182;41183,review_required,unresolved,yes,No automatic selection: Kodepos.dev does not corroborate exactly one local source.,no,,diskominfo:32.14.14.2006;open_data_jabar:32.14.14.2006;kodepos_dev:32.14.14.2006,diskominfo_jabar_village_2024_unreviewed;open_data_jabar_postal_2023;kodepos_dev_rest_api,diskominfo:4672;open_data_jabar:22538;kodepos_dev:4672,2026-08-11,source_disagreement,,No safe suggestion; compare all source values.,all_three_different,DIST-12672CFB40A6,TRIP-01D3BA12329D,9,,,,,pending,,,,,,,,,not_started
32.14.14.2007,32,JAWA BARAT,32.14,KAB. PURWAKARTA,32.14.14,CIBATU,CIKADU,,,,,41183,41181,41182,41181;41182;41183,review_required,unresolved,yes,No automatic selection: Kodepos.dev does not corroborate exactly one local source.,no,,diskominfo:32.14.14.2007;open_data_jabar:32.14.14.2007;kodepos_dev:32.14.14.2007,diskominfo_jabar_village_2024_unreviewed;open_data_jabar_postal_2023;kodepos_dev_rest_api,diskominfo:4673;open_data_jabar:22539;kodepos_dev:4673,2026-08-11,source_disagreement,,No safe suggestion; compare all source values.,all_three_different,DIST-12672CFB40A6,TRIP-01D3BA12329D,9,,,,,pending,,,,,,,,,not_started
32.14.14.2008,32,JAWA BARAT,32.14,KAB. PURWAKARTA,32.14.14,CIBATU,CIBUKAMANAH,,,,,41183,41181,41182,41181;41182;41183,review_required,unresolved,yes,No automatic selection: Kodepos.dev does not corroborate exactly one local source.,no,,diskominfo:32.14.14.2008;open_data_jabar:32.14.14.2008;kodepos_dev:32.14.14.2008,diskominfo_jabar_village_2024_unreviewed;open_data_jabar_postal_2023;kodepos_dev_rest_api,diskominfo:4674;open_data_jabar:22540;kodepos_dev:4674,2026-08-11,source_disagreement,,No safe suggestion; compare all source values.,all_three_different,DIST-12672CFB40A6,TRIP-01D3BA12329D,9,,,,,pending,,,,,,,,,not_started
32.14.14.2009,32,JAWA BARAT,32.14,KAB. PURWAKARTA,32.14.14,CIBATU,WANAWALI,,,,,41183,41181,41182,41181;41182;41183,review_required,unresolved,yes,No automatic selection: Kodepos.dev does not corroborate exactly one local source.,no,,diskominfo:32.14.14.2009;open_data_jabar:32.14.14.2009;kodepos_dev:32.14.14.2009,diskominfo_jabar_village_2024_unreviewed;open_data_jabar_postal_2023;kodepos_dev_rest_api,diskominfo:4675;open_data_jabar:22541;kodepos_dev:4675,2026-08-11,source_disagreement,,No safe suggestion; compare all source values.,all_three_different,DIST-12672CFB40A6,TRIP-01D3BA12329D,9,,,,,pending,,,,,,,,,not_started
32.14.14.2010,32,JAWA BARAT,32.14,KAB. PURWAKARTA,32.14.14,CIBATU,CIPANCUR,,,,,41183,41181,41182,41181;41182;41183,review_required,unresolved,yes,No automatic selection: Kodepos.dev does not corroborate exactly one local source.,no,,diskominfo:32.14.14.2010;open_data_jabar:32.14.14.2010;kodepos_dev:32.14.14.2010,diskominfo_jabar_village_2024_unreviewed;open_data_jabar_postal_2023;kodepos_dev_rest_api,diskominfo:4676;open_data_jabar:22542;kodepos_dev:4676,2026-08-11,source_disagreement,,No safe suggestion; compare all source values.,all_three_different,DIST-12672CFB40A6,TRIP-01D3BA12329D,9,,,,,pending,,,,,,,,,not_started
32.14.14.2001,32,JAWA BARAT,32.14,KAB. PURWAKARTA,32.14.14,CIBATU,CIBATU,,,,,41183,44185,41182,41182;41183;44185,review_required,unresolved,yes,No automatic selection: Kodepos.dev does not corroborate exactly one local source.,no,,diskominfo:32.14.14.2001;open_data_jabar:32.14.14.2001;kodepos_dev:32.14.14.2001,diskominfo_jabar_village_2024_unreviewed;open_data_jabar_postal_2023;kodepos_dev_rest_api,diskominfo:4667;open_data_jabar:22532;kodepos_dev:4667,2026-08-11,source_disagreement,,No safe suggestion; compare all source values.,all_three_different,DIST-12672CFB40A6,TRIP-8BC6AF5BC07E,1,,,,,pending,,,,,,,,,not_started
32.76.07.1001,32,JAWA BARAT,32.76,KOTA DEPOK,32.76.07,CIPAYUNG,CIPAYUNG,,,,,16442,13840,16437,13840;16437;16442,review_required,unresolved,yes,No automatic selection: Kodepos.dev does not corroborate exactly one local source.,no,,diskominfo:32.76.07.1001;open_data_jabar:32.76.07.1001;kodepos_dev:32.76.07.1001,diskominfo_jabar_village_2024_unreviewed;open_data_jabar_postal_2023;kodepos_dev_rest_api,diskominfo:5822;open_data_jabar:23816;kodepos_dev:5822,2026-08-11,source_disagreement,,No safe suggestion; compare all source values.,all_three_different,DIST-13D6F48E46F9,TRIP-4F8133343D06,1,,,,,pending,,,,,,,,,not_started
32.01.10.2006,32,JAWA BARAT,32.01,KAB. BOGOR,32.01.10,PARUNG,PAMEGARSARI,,,,,16331,16339,16330,16330;16331;16339,review_required,unresolved,yes,No automatic selection: Kodepos.dev does not corroborate exactly one local source.,no,,diskominfo:32.01.10.2006;open_data_jabar:32.01.10.2006;kodepos_dev:32.01.10.2006,diskominfo_jabar_village_2024_unreviewed;open_data_jabar_postal_2023;kodepos_dev_rest_api,diskominfo:112;open_data_jabar:17471;kodepos_dev:112,2026-08-11,source_disagreement,,No safe suggestion; compare all source values.,all_three_different,DIST-1B2F5A3783EE,TRIP-7615305D5A03,1,,,,,pending,,,,,,,,,not_started
32.08.09.2015,32,JAWA BARAT,32.08,KAB. KUNINGAN,32.08.09,KUNINGAN,KASTURI,,,,,45521,,45553,45521;45553,review_required,unresolved,yes,No automatic selection: Kodepos.dev does not corroborate exactly one local source.,no,,diskominfo:32.08.09.2015;open_data_jabar:32.08.09.2015;kodepos_dev:32.08.09.2015,diskominfo_jabar_village_2024_unreviewed;open_data_jabar_postal_2023;kodepos_dev_rest_api,diskominfo:2631;open_data_jabar:20269;kodepos_dev:2631,2026-08-11,source_disagreement,,No safe suggestion; compare all source values.,open_data_jabar_missing_api_diskominfo_different,DIST-1E75E40AA7AB,TRIP-8BE2F9BE9234,1,,,,,pending,,,,,,,,,not_started
32.02.22.2008,32,JAWA BARAT,32.02,KAB. SUKABUMI,32.02.22,CIEMAS,SIDAMULYA,,,,,43347,43377,43177,43177;43347;43377,review_required,unresolved,yes,No automatic selection: Kodepos.dev does not corroborate exactly one local source.,no,,diskominfo:32.02.22.2008;open_data_jabar:32.02.22.2008;kodepos_dev:32.02.22.2008,diskominfo_jabar_village_2024_unreviewed;open_data_jabar_postal_2023;kodepos_dev_rest_api,diskominfo:630;open_data_jabar:18046;kodepos_dev:630,2026-08-11,source_disagreement,,No safe suggestion; compare all source values.,all_three_different,DIST-1ED8DAABC796,TRIP-2DF9BC7B867B,1,,,,,pending,,,,,,,,,not_started
32.01.07.2009,32,JAWA BARAT,32.01,KAB. BOGOR,32.01.07,CILEUNGSI,SITUSARI,,,,,16824,,16820,16820;16824,review_required,unresolved,yes,No automatic selection: Kodepos.dev does not corroborate exactly one local source.,no,,diskominfo:32.01.07.2009;open_data_jabar:32.01.07.2009;kodepos_dev:32.01.07.2009,diskominfo_jabar_village_2024_unreviewed;open_data_jabar_postal_2023;kodepos_dev_rest_api,diskominfo:83;open_data_jabar:17438;kodepos_dev:83,2026-08-11,source_disagreement,,No safe suggestion; compare all source values.,open_data_jabar_missing_api_diskominfo_different,DIST-1F3A4D5FFE15,TRIP-8B293ABE60B5,1,,,,,pending,,,,,,,,,not_started
32.16.20.2004,32,JAWA BARAT,32.16,KAB. BEKASI,32.16.20,CIKARANG PUSAT,HEGARMUKTI,,,,,17815,17530,17531,17530;17531;17815,review_required,unresolved,yes,No automatic selection: Kodepos.dev does not corroborate exactly one local source.,no,,diskominfo:32.16.20.2004;open_data_jabar:32.16.20.2004;kodepos_dev:32.16.20.2004,diskominfo_jabar_village_2024_unreviewed;open_data_jabar_postal_2023;kodepos_dev_rest_api,diskominfo:5175;open_data_jabar:23096;kodepos_dev:5175,2026-08-11,source_disagreement,,No safe suggestion; compare all source values.,all_three_different,DIST-21523806C538,TRIP-14FBFF89C7E3,1,,,,,pending,,,,,,,,,not_started
32.16.20.2006,32,JAWA BARAT,32.16,KAB. BEKASI,32.16.20,CIKARANG PUSAT,PASIRTANJUNG,,,,,17814,17530,17531,17530;17531;17814,review_required,unresolved,yes,No automatic selection: Kodepos.dev does not corroborate exactly one local source.,no,,diskominfo:32.16.20.2006;open_data_jabar:32.16.20.2006;kodepos_dev:32.16.20.2006,diskominfo_jabar_village_2024_unreviewed;open_data_jabar_postal_2023;kodepos_dev_rest_api,diskominfo:5177;open_data_jabar:23098;kodepos_dev:5177,2026-08-11,source_disagreement,,No safe suggestion; compare all source values.,all_three_different,DIST-21523806C538,TRIP-541BDF4DD9DA,1,,,,,pending,,,,,,,,,not_started
32.16.20.2001,32,JAWA BARAT,32.16,KAB. BEKASI,32.16.20,CIKARANG PUSAT,CICAU,,,,,17812,17530,17531,17530;17531;17812,review_required,unresolved,yes,No automatic selection: Kodepos.dev does not corroborate exactly one local source.,no,,diskominfo:32.16.20.2001;open_data_jabar:32.16.20.2001;kodepos_dev:32.16.20.2001,diskominfo_jabar_village_2024_unreviewed;open_data_jabar_postal_2023;kodepos_dev_rest_api,diskominfo:5172;open_data_jabar:23093;kodepos_dev:5172,2026-08-11,source_disagreement,,No safe suggestion; compare all source values.,all_three_different,DIST-21523806C538,TRIP-742A618D1628,1,,,,,pending,,,,,,,,,not_started
32.16.20.2005,32,JAWA BARAT,32.16,KAB. BEKASI,32.16.20,CIKARANG PUSAT,JAYAMUKTI,,,,,17816,17530,17531,17530;17531;17816,review_required,unresolved,yes,No automatic selection: Kodepos.dev does not corroborate exactly one local source.,no,,diskominfo:32.16.20.2005;open_data_jabar:32.16.20.2005;kodepos_dev:32.16.20.2005,diskominfo_jabar_village_2024_unreviewed;open_data_jabar_postal_2023;kodepos_dev_rest_api,diskominfo:5176;open_data_jabar:23097;kodepos_dev:5176,2026-08-11,source_disagreement,,No safe suggestion; compare all source values.,all_three_different,DIST-21523806C538,TRIP-76279051E040,1,,,,,pending,,,,,,,,,not_started
32.16.20.2002,32,JAWA BARAT,32.16,KAB. BEKASI,32.16.20,CIKARANG PUSAT,SUKAMAHI,,,,,17811,17530,17531,17530;17531;17811,review_required,unresolved,yes,No automatic selection: Kodepos.dev does not corroborate exactly one local source.,no,,diskominfo:32.16.20.2002;open_data_jabar:32.16.20.2002;kodepos_dev:32.16.20.2002,diskominfo_jabar_village_2024_unreviewed;open_data_jabar_postal_2023;kodepos_dev_rest_api,diskominfo:5173;open_data_jabar:23094;kodepos_dev:5173,2026-08-11,source_disagreement,,No safe suggestion; compare all source values.,all_three_different,DIST-21523806C538,TRIP-880A04B29526,1,,,,,pending,,,,,,,,,not_started
32.02.31.2009,32,JAWA BARAT,32.02,KAB. SUKABUMI,32.02.31,CARINGIN,PASIR DATAR INDAH,,,,,43397,43344,43154,43154;43344;43397,review_required,unresolved,yes,No automatic selection: Kodepos.dev does not corroborate exactly one local source.,no,,diskominfo:32.02.31.2009;open_data_jabar:32.02.31.2009;kodepos_dev:32.02.31.2009,diskominfo_jabar_village_2024_unreviewed;open_data_jabar_postal_2023;kodepos_dev_rest_api,diskominfo:710;open_data_jabar:18135;kodepos_dev:710,2026-08-11,source_disagreement,,No safe suggestion; compare all source values.,all_three_different,DIST-2409AFAFA960,TRIP-37CA1EBB71AF,1,,,,,pending,,,,,,,,,not_started
32.17.05.2001,32,JAWA BARAT,32.17,KAB. BANDUNG BARAT,32.17.05,CIPEUNDEUY,CIPEUNDEUY,,,,,40758,41272,40558,40558;40758;41272,review_required,unresolved,yes,No automatic selection: Kodepos.dev does not corroborate exactly one local source.,no,,diskominfo:32.17.05.2001;open_data_jabar:32.17.05.2001;kodepos_dev:32.17.05.2001,diskominfo_jabar_village_2024_unreviewed;open_data_jabar_postal_2023;kodepos_dev_rest_api,diskominfo:5243;open_data_jabar:23172;kodepos_dev:5243,2026-08-11,source_disagreement,,No safe suggestion; compare all source values.,all_three_different,DIST-279A24D6F9FB,TRIP-900D4D27F599,1,,,,,pending,,,,,,,,,not_started
32.03.31.2004,32,JAWA BARAT,32.03,KAB. CIANJUR,32.03.31,HAURWANGI,MEKARWANGI/SUKATANI,,,,,43286,,43280,43280;43286,review_required,unresolved,yes,No automatic selection: Kodepos.dev does not corroborate exactly one local source.,no,,diskominfo:32.03.31.2004;open_data_jabar:32.03.31.2004;kodepos_dev:32.03.31.2004,diskominfo_jabar_village_2024_unreviewed;open_data_jabar_postal_2023;kodepos_dev_rest_api,diskominfo:1169;open_data_jabar:18644;kodepos_dev:1169,2026-08-11,source_disagreement,,No safe suggestion; compare all source values.,open_data_jabar_missing_api_diskominfo_different,DIST-2905CE6E72AA,TRIP-D94A6E04FE5A,1,,,,,pending,,,,,,,,,not_started
32.01.32.2002,32,JAWA BARAT,32.01,KAB. BOGOR,32.01.32,KLAPANUNGGAL,BOJONG,,,,,16877,16878,16710,16710;16877;16878,review_required,unresolved,yes,No automatic selection: Kodepos.dev does not corroborate exactly one local source.,no,,diskominfo:32.01.32.2002;open_data_jabar:32.01.32.2002;kodepos_dev:32.01.32.2002,diskominfo_jabar_village_2024_unreviewed;open_data_jabar_postal_2023;kodepos_dev_rest_api,diskominfo:360;open_data_jabar:17745;kodepos_dev:360,2026-08-11,source_disagreement,,No safe suggestion; compare all source values.,all_three_different,DIST-2987E524303E,TRIP-EBF0C4F953F0,1,,,,,pending,,,,,,,,,not_started
32.02.33.2004,32,JAWA BARAT,32.02,KAB. SUKABUMI,32.02.33,SUKARAJA,SUKARAJA,,,,,43392,38877,43192,38877;43192;43392,review_required,unresolved,yes,No automatic selection: Kodepos.dev does not corroborate exactly one local source.,no,,diskominfo:32.02.33.2004;open_data_jabar:32.02.33.2004;kodepos_dev:32.02.33.2004,diskominfo_jabar_village_2024_unreviewed;open_data_jabar_postal_2023;kodepos_dev_rest_api,diskominfo:720;open_data_jabar:18146;kodepos_dev:720,2026-08-11,source_disagreement,,No safe suggestion; compare all source values.,all_three_different,DIST-29E0DAFFC9B2,TRIP-239141F1205E,1,,,,,pending,,,,,,,,,not_started
32.14.13.2003,32,JAWA BARAT,32.14,KAB. PURWAKARTA,32.14.13,BUNGURSARI,BUNGURSARI,,,,,41182,46151,41181,41181;41182;46151,review_required,unresolved,yes,No automatic selection: Kodepos.dev does not corroborate exactly one local source.,no,,diskominfo:32.14.13.2003;open_data_jabar:32.14.13.2003;kodepos_dev:32.14.13.2003,diskominfo_jabar_village_2024_unreviewed;open_data_jabar_postal_2023;kodepos_dev_rest_api,diskominfo:4659;open_data_jabar:22523;kodepos_dev:4659,2026-08-11,source_disagreement,,No safe suggestion; compare all source values.,all_three_different,DIST-2CC3C23D9294,TRIP-5DBC6D5F5512,1,,,,,pending,,,,,,,,,not_started
32.02.17.2004,32,JAWA BARAT,32.02,KAB. SUKABUMI,32.02.17,CIDAHU,CIDAHU,,,,,43372,45595,43358,43358;43372;45595,review_required,unresolved,yes,No automatic selection: Kodepos.dev does not corroborate exactly one local source.,no,,diskominfo:32.02.17.2004;open_data_jabar:32.02.17.2004;kodepos_dev:32.02.17.2004,diskominfo_jabar_village_2024_unreviewed;open_data_jabar_postal_2023;kodepos_dev_rest_api,diskominfo:588;open_data_jabar:17999;kodepos_dev:588,2026-08-11,source_disagreement,,No safe suggestion; compare all source values.,all_three_different,DIST-2D22A8E76FAF,TRIP-EC67B5101FA4,1,,,,,pending,,,,,,,,,not_started
32.11.21.2001,32,JAWA BARAT,32.11,KAB. SUMEDANG,32.11.21,TANJUNGMEDAR,CIKARAMAS,,,,,45355,45354,45352,45352;45354;45355,review_required,unresolved,yes,No automatic selection: Kodepos.dev does not corroborate exactly one local source.,no,,diskominfo:32.11.21.2001;open_data_jabar:32.11.21.2001;kodepos_dev:32.11.21.2001,diskominfo_jabar_village_2024_unreviewed;open_data_jabar_postal_2023;kodepos_dev_rest_api,diskominfo:3882;open_data_jabar:21659;kodepos_dev:3882,2026-08-11,source_disagreement,,No safe suggestion; compare all source values.,all_three_different,DIST-2E12D41F0B1E,TRIP-6F8501B032B0,9,,,,,pending,,,,,,,,,not_started
32.11.21.2002,32,JAWA BARAT,32.11,KAB. SUMEDANG,32.11.21,TANJUNGMEDAR,WARGALUYU,,,,,45355,45354,45352,45352;45354;45355,review_required,unresolved,yes,No automatic selection: Kodepos.dev does not corroborate exactly one local source.,no,,diskominfo:32.11.21.2002;open_data_jabar:32.11.21.2002;kodepos_dev:32.11.21.2002,diskominfo_jabar_village_2024_unreviewed;open_data_jabar_postal_2023;kodepos_dev_rest_api,diskominfo:3883;open_data_jabar:21660;kodepos_dev:3883,2026-08-11,source_disagreement,,No safe suggestion; compare all source values.,all_three_different,DIST-2E12D41F0B1E,TRIP-6F8501B032B0,9,,,,,pending,,,,,,,,,not_started
32.11.21.2003,32,JAWA BARAT,32.11,KAB. SUMEDANG,32.11.21,TANJUNGMEDAR,JINGKANG,,,,,45355,45354,45352,45352;45354;45355,review_required,unresolved,yes,No automatic selection: Kodepos.dev does not corroborate exactly one local source.,no,,diskominfo:32.11.21.2003;open_data_jabar:32.11.21.2003;kodepos_dev:32.11.21.2003,diskominfo_jabar_village_2024_unreviewed;open_data_jabar_postal_2023;kodepos_dev_rest_api,diskominfo:3884;open_data_jabar:21661;kodepos_dev:3884,2026-08-11,source_disagreement,,No safe suggestion; compare all source values.,all_three_different,DIST-2E12D41F0B1E,TRIP-6F8501B032B0,9,,,,,pending,,,,,,,,,not_started
32.11.21.2004,32,JAWA BARAT,32.11,KAB. SUMEDANG,32.11.21,TANJUNGMEDAR,KAMAL,,,,,45355,45354,45352,45352;45354;45355,review_required,unresolved,yes,No automatic selection: Kodepos.dev does not corroborate exactly one local source.,no,,diskominfo:32.11.21.2004;open_data_jabar:32.11.21.2004;kodepos_dev:32.11.21.2004,diskominfo_jabar_village_2024_unreviewed;open_data_jabar_postal_2023;kodepos_dev_rest_api,diskominfo:3885;open_data_jabar:21662;kodepos_dev:3885,2026-08-11,source_disagreement,,No safe suggestion; compare all source values.,all_three_different,DIST-2E12D41F0B1E,TRIP-6F8501B032B0,9,,,,,pending,,,,,,,,,not_started
32.11.21.2005,32,JAWA BARAT,32.11,KAB. SUMEDANG,32.11.21,TANJUNGMEDAR,KERTAMUKTI,,,,,45355,45354,45352,45352;45354;45355,review_required,unresolved,yes,No automatic selection: Kodepos.dev does not corroborate exactly one local source.,no,,diskominfo:32.11.21.2005;open_data_jabar:32.11.21.2005;kodepos_dev:32.11.21.2005,diskominfo_jabar_village_2024_unreviewed;open_data_jabar_postal_2023;kodepos_dev_rest_api,diskominfo:3886;open_data_jabar:21663;kodepos_dev:3886,2026-08-11,source_disagreement,,No safe suggestion; compare all source values.,all_three_different,DIST-2E12D41F0B1E,TRIP-6F8501B032B0,9,,,,,pending,,,,,,,,,not_started
32.11.21.2006,32,JAWA BARAT,32.11,KAB. SUMEDANG,32.11.21,TANJUNGMEDAR,TANJUNGWANGI,,,,,45355,45354,45352,45352;45354;45355,review_required,unresolved,yes,No automatic selection: Kodepos.dev does not corroborate exactly one local source.,no,,diskominfo:32.11.21.2006;open_data_jabar:32.11.21.2006;kodepos_dev:32.11.21.2006,diskominfo_jabar_village_2024_unreviewed;open_data_jabar_postal_2023;kodepos_dev_rest_api,diskominfo:3887;open_data_jabar:21664;kodepos_dev:3887,2026-08-11,source_disagreement,,No safe suggestion; compare all source values.,all_three_different,DIST-2E12D41F0B1E,TRIP-6F8501B032B0,9,,,,,pending,,,,,,,,,not_started
32.11.21.2007,32,JAWA BARAT,32.11,KAB. SUMEDANG,32.11.21,TANJUNGMEDAR,SUKAMUKTI,,,,,45355,45354,45352,45352;45354;45355,review_required,unresolved,yes,No automatic selection: Kodepos.dev does not corroborate exactly one local source.,no,,diskominfo:32.11.21.2007;open_data_jabar:32.11.21.2007;kodepos_dev:32.11.21.2007,diskominfo_jabar_village_2024_unreviewed;open_data_jabar_postal_2023;kodepos_dev_rest_api,diskominfo:3888;open_data_jabar:21665;kodepos_dev:3888,2026-08-11,source_disagreement,,No safe suggestion; compare all source values.,all_three_different,DIST-2E12D41F0B1E,TRIP-6F8501B032B0,9,,,,,pending,,,,,,,,,not_started
32.11.21.2008,32,JAWA BARAT,32.11,KAB. SUMEDANG,32.11.21,TANJUNGMEDAR,SUKATANI,,,,,45355,45354,45352,45352;45354;45355,review_required,unresolved,yes,No automatic selection: Kodepos.dev does not corroborate exactly one local source.,no,,diskominfo:32.11.21.2008;open_data_jabar:32.11.21.2008;kodepos_dev:32.11.21.2008,diskominfo_jabar_village_2024_unreviewed;open_data_jabar_postal_2023;kodepos_dev_rest_api,diskominfo:3889;open_data_jabar:21666;kodepos_dev:3889,2026-08-11,source_disagreement,,No safe suggestion; compare all source values.,all_three_different,DIST-2E12D41F0B1E,TRIP-6F8501B032B0,9,,,,,pending,,,,,,,,,not_started
32.11.21.2009,32,JAWA BARAT,32.11,KAB. SUMEDANG,32.11.21,TANJUNGMEDAR,TANJUNG MEDAR,,,,,45355,45354,45352,45352;45354;45355,review_required,unresolved,yes,No automatic selection: Kodepos.dev does not corroborate exactly one local source.,no,,diskominfo:32.11.21.2009;open_data_jabar:32.11.21.2009;kodepos_dev:32.11.21.2009,diskominfo_jabar_village_2024_unreviewed;open_data_jabar_postal_2023;kodepos_dev_rest_api,diskominfo:3890;open_data_jabar:21667;kodepos_dev:3890,2026-08-11,source_disagreement,,No safe suggestion; compare all source values.,all_three_different,DIST-2E12D41F0B1E,TRIP-6F8501B032B0,9,,,,,pending,,,,,,,,,not_started
32.05.32.2001,32,JAWA BARAT,32.05,KAB. GARUT,32.05.32,MEKARMUKTI,MEKARMUKTI,,,,,44199,44165,44155,44155;44165;44199,review_required,unresolved,yes,No automatic selection: Kodepos.dev does not corroborate exactly one local source.,no,,diskominfo:32.05.32.2001;open_data_jabar:32.05.32.2001;kodepos_dev:32.05.32.2001,diskominfo_jabar_village_2024_unreviewed;open_data_jabar_postal_2023;kodepos_dev_rest_api,diskominfo:1819;open_data_jabar:19367;kodepos_dev:1819,2026-08-11,source_disagreement,,No safe suggestion; compare all source values.,all_three_different,DIST-30256EA4F45A,TRIP-4F307F43C6EB,4,,,,,pending,,,,,,,,,not_started
32.05.32.2002,32,JAWA BARAT,32.05,KAB. GARUT,32.05.32,MEKARMUKTI,KARANGWANGI,,,,,44199,44165,44155,44155;44165;44199,review_required,unresolved,yes,No automatic selection: Kodepos.dev does not corroborate exactly one local source.,no,,diskominfo:32.05.32.2002;open_data_jabar:32.05.32.2002;kodepos_dev:32.05.32.2002,diskominfo_jabar_village_2024_unreviewed;open_data_jabar_postal_2023;kodepos_dev_rest_api,diskominfo:1820;open_data_jabar:19368;kodepos_dev:1820,2026-08-11,source_disagreement,,No safe suggestion; compare all source values.,all_three_different,DIST-30256EA4F45A,TRIP-4F307F43C6EB,4,,,,,pending,,,,,,,,,not_started
32.05.32.2004,32,JAWA BARAT,32.05,KAB. GARUT,32.05.32,MEKARMUKTI,CIJAYANA,,,,,44199,44165,44155,44155;44165;44199,review_required,unresolved,yes,No automatic selection: Kodepos.dev does not corroborate exactly one local source.,no,,diskominfo:32.05.32.2004;open_data_jabar:32.05.32.2004;kodepos_dev:32.05.32.2004,diskominfo_jabar_village_2024_unreviewed;open_data_jabar_postal_2023;kodepos_dev_rest_api,diskominfo:1822;open_data_jabar:19371;kodepos_dev:1822,2026-08-11,source_disagreement,,No safe suggestion; compare all source values.,all_three_different,DIST-30256EA4F45A,TRIP-4F307F43C6EB,4,,,,,pending,,,,,,,,,not_started
32.05.32.2005,32,JAWA BARAT,32.05,KAB. GARUT,32.05.32,MEKARMUKTI,MEKARSARI,,,,,44199,44165,44155,44155;44165;44199,review_required,unresolved,yes,No automatic selection: Kodepos.dev does not corroborate exactly one local source.,no,,diskominfo:32.05.32.2005;open_data_jabar:32.05.32.2005;kodepos_dev:32.05.32.2005,diskominfo_jabar_village_2024_unreviewed;open_data_jabar_postal_2023;kodepos_dev_rest_api,diskominfo:1823;open_data_jabar:19372;kodepos_dev:1823,2026-08-11,source_disagreement,,No safe suggestion; compare all source values.,all_three_different,DIST-30256EA4F45A,TRIP-4F307F43C6EB,4,,,,,pending,,,,,,,,,not_started
32.05.32.2003,32,JAWA BARAT,32.05,KAB. GARUT,32.05.32,MEKARMUKTI,JAYABAYA,,,,,40374,44165,44155,40374;44155;44165,review_required,unresolved,yes,No automatic selection: Kodepos.dev does not corroborate exactly one local source.,no,,diskominfo:32.05.32.2003;open_data_jabar:32.05.32.2003;kodepos_dev:32.05.32.2003,diskominfo_jabar_village_2024_unreviewed;open_data_jabar_postal_2023;kodepos_dev_rest_api,diskominfo:1821;open_data_jabar:19369;kodepos_dev:1821,2026-08-11,source_disagreement,,No safe suggestion; compare all source values.,all_three_different,DIST-30256EA4F45A,TRIP-D85C88D7237A,1,,,,,pending,,,,,,,,,not_started
32.02.42.2006,32,JAWA BARAT,32.02,KAB. SUKABUMI,32.02.42,CURUGKEMBAR,NAGRAKJAYA,,,,,43382,,43182,43182;43382,review_required,unresolved,yes,No automatic selection: Kodepos.dev does not corroborate exactly one local source.,no,,diskominfo:32.02.42.2006;open_data_jabar:32.02.42.2006;kodepos_dev:32.02.42.2006,diskominfo_jabar_village_2024_unreviewed;open_data_jabar_postal_2023;kodepos_dev_rest_api,diskominfo:790;open_data_jabar:18223;kodepos_dev:790,2026-08-11,source_disagreement,,No safe suggestion; compare all source values.,open_data_jabar_missing_api_diskominfo_different,DIST-31AAEE977072,TRIP-6F9A4A321E90,1,,,,,pending,,,,,,,,,not_started
32.13.25.2001,32,JAWA BARAT,32.13,KAB. SUBANG,32.13.25,TAMBAKDAHAN,TANJUNGRASA,,,,,41265,41253,41267,41253;41265;41267,review_required,unresolved,yes,No automatic selection: Kodepos.dev does not corroborate exactly one local source.,no,,diskominfo:32.13.25.2001;open_data_jabar:32.13.25.2001;kodepos_dev:32.13.25.2001,diskominfo_jabar_village_2024_unreviewed;open_data_jabar_postal_2023;kodepos_dev_rest_api,diskominfo:4460;open_data_jabar:22302;kodepos_dev:4460,2026-08-11,source_disagreement,,No safe suggestion; compare all source values.,all_three_different,DIST-32F1280A9697,TRIP-4814AD3632C7,9,,,,,pending,,,,,,,,,not_started
32.13.25.2002,32,JAWA BARAT,32.13,KAB. SUBANG,32.13.25,TAMBAKDAHAN,WANAJAYA,,,,,41265,41253,41267,41253;41265;41267,review_required,unresolved,yes,No automatic selection: Kodepos.dev does not corroborate exactly one local source.,no,,diskominfo:32.13.25.2002;open_data_jabar:32.13.25.2002;kodepos_dev:32.13.25.2002,diskominfo_jabar_village_2024_unreviewed;open_data_jabar_postal_2023;kodepos_dev_rest_api,diskominfo:4461;open_data_jabar:22303;kodepos_dev:4461,2026-08-11,source_disagreement,,No safe suggestion; compare all source values.,all_three_different,DIST-32F1280A9697,TRIP-4814AD3632C7,9,,,,,pending,,,,,,,,,not_started
32.13.25.2003,32,JAWA BARAT,32.13,KAB. SUBANG,32.13.25,TAMBAKDAHAN,GARDUMUKTI,,,,,41265,41253,41267,41253;41265;41267,review_required,unresolved,yes,No automatic selection: Kodepos.dev does not corroborate exactly one local source.,no,,diskominfo:32.13.25.2003;open_data_jabar:32.13.25.2003;kodepos_dev:32.13.25.2003,diskominfo_jabar_village_2024_unreviewed;open_data_jabar_postal_2023;kodepos_dev_rest_api,diskominfo:4462;open_data_jabar:22305;kodepos_dev:4462,2026-08-11,source_disagreement,,No safe suggestion; compare all source values.,all_three_different,DIST-32F1280A9697,TRIP-4814AD3632C7,9,,,,,pending,,,,,,,,,not_started
32.13.25.2004,32,JAWA BARAT,32.13,KAB. SUBANG,32.13.25,TAMBAKDAHAN,MARIUK,,,,,41265,41253,41267,41253;41265;41267,review_required,unresolved,yes,No automatic selection: Kodepos.dev does not corroborate exactly one local source.,no,,diskominfo:32.13.25.2004;open_data_jabar:32.13.25.2004;kodepos_dev:32.13.25.2004,diskominfo_jabar_village_2024_unreviewed;open_data_jabar_postal_2023;kodepos_dev_rest_api,diskominfo:4463;open_data_jabar:22306;kodepos_dev:4463,2026-08-11,source_disagreement,,No safe suggestion; compare all source values.,all_three_different,DIST-32F1280A9697,TRIP-4814AD3632C7,9,,,,,pending,,,,,,,,,not_started
32.13.25.2005,32,JAWA BARAT,32.13,KAB. SUBANG,32.13.25,TAMBAKDAHAN,KERTAJAYA,,,,,41265,41253,41267,41253;41265;41267,review_required,unresolved,yes,No automatic selection: Kodepos.dev does not corroborate exactly one local source.,no,,diskominfo:32.13.25.2005;open_data_jabar:32.13.25.2005;kodepos_dev:32.13.25.2005,diskominfo_jabar_village_2024_unreviewed;open_data_jabar_postal_2023;kodepos_dev_rest_api,diskominfo:4464;open_data_jabar:22307;kodepos_dev:4464,2026-08-11,source_disagreement,,No safe suggestion; compare all source values.,all_three_different,DIST-32F1280A9697,TRIP-4814AD3632C7,9,,,,,pending,,,,,,,,,not_started
32.13.25.2006,32,JAWA BARAT,32.13,KAB. SUBANG,32.13.25,TAMBAKDAHAN,TAMBAKDAHAN,,,,,41265,41253,41267,41253;41265;41267,review_required,unresolved,yes,No automatic selection: Kodepos.dev does not corroborate exactly one local source.,no,,diskominfo:32.13.25.2006;open_data_jabar:32.13.25.2006;kodepos_dev:32.13.25.2006,diskominfo_jabar_village_2024_unreviewed;open_data_jabar_postal_2023;kodepos_dev_rest_api,diskominfo:4465;open_data_jabar:22308;kodepos_dev:4465,2026-08-11,source_disagreement,,No safe suggestion; compare all source values.,all_three_different,DIST-32F1280A9697,TRIP-4814AD3632C7,9,,,,,pending,,,,,,,,,not_started
32.13.25.2007,32,JAWA BARAT,32.13,KAB. SUBANG,32.13.25,TAMBAKDAHAN,RANCAUDIK,,,,,41265,41253,41267,41253;41265;41267,review_required,unresolved,yes,No automatic selection: Kodepos.dev does not corroborate exactly one local source.,no,,diskominfo:32.13.25.2007;open_data_jabar:32.13.25.2007;kodepos_dev:32.13.25.2007,diskominfo_jabar_village_2024_unreviewed;open_data_jabar_postal_2023;kodepos_dev_rest_api,diskominfo:4466;open_data_jabar:22309;kodepos_dev:4466,2026-08-11,source_disagreement,,No safe suggestion; compare all source values.,all_three_different,DIST-32F1280A9697,TRIP-4814AD3632C7,9,,,,,pending,,,,,,,,,not_started
32.13.25.2008,32,JAWA BARAT,32.13,KAB. SUBANG,32.13.25,TAMBAKDAHAN,BOJONGKEDING,,,,,41265,41253,41267,41253;41265;41267,review_required,unresolved,yes,No automatic selection: Kodepos.dev does not corroborate exactly one local source.,no,,diskominfo:32.13.25.2008;open_data_jabar:32.13.25.2008;kodepos_dev:32.13.25.2008,diskominfo_jabar_village_2024_unreviewed;open_data_jabar_postal_2023;kodepos_dev_rest_api,diskominfo:4467;open_data_jabar:22310;kodepos_dev:4467,2026-08-11,source_disagreement,,No safe suggestion; compare all source values.,all_three_different,DIST-32F1280A9697,TRIP-4814AD3632C7,9,,,,,pending,,,,,,,,,not_started
32.13.25.2009,32,JAWA BARAT,32.13,KAB. SUBANG,32.13.25,TAMBAKDAHAN,BOJONEGARA,,,,,41265,41253,41267,41253;41265;41267,review_required,unresolved,yes,No automatic selection: Kodepos.dev does not corroborate exactly one local source.,no,,diskominfo:32.13.25.2009;open_data_jabar:32.13.25.2009;kodepos_dev:32.13.25.2009,diskominfo_jabar_village_2024_unreviewed;open_data_jabar_postal_2023;kodepos_dev_rest_api,diskominfo:4468;open_data_jabar:22311;kodepos_dev:4468,2026-08-11,source_disagreement,,No safe suggestion; compare all source values.,all_three_different,DIST-32F1280A9697,TRIP-4814AD3632C7,9,,,,,pending,,,,,,,,,not_started
32.09.18.2001,32,JAWA BARAT,32.09,KAB. CIREBON,32.09.18,PLUMBON,CEMPAKA,,,,,45655,45155,45158,45155;45158;45655,review_required,unresolved,yes,No automatic selection: Kodepos.dev does not corroborate exactly one local source.,no,,diskominfo:32.09.18.2001;open_data_jabar:32.09.18.2001;kodepos_dev:32.09.18.2001,diskominfo_jabar_village_2024_unreviewed;open_data_jabar_postal_2023;kodepos_dev_rest_api,diskominfo:3092;open_data_jabar:20782;kodepos_dev:3092,2026-08-11,source_disagreement,45655,Existing selected Pos Indonesia observation; still requires documented adjudication.,all_three_different,DIST-338A783B18C4,TRIP-ABA1659D31D7,15,45655,diskominfo,https://kodepos.posindonesia.co.id/CariKodepos,,pending,,,,,,,,,not_started
32.09.18.2002,32,JAWA BARAT,32.09,KAB. CIREBON,32.09.18,PLUMBON,PAMIJAHAN,,,,,45655,45155,45158,45155;45158;45655,review_required,unresolved,yes,No automatic selection: Kodepos.dev does not corroborate exactly one local source.,no,,diskominfo:32.09.18.2002;open_data_jabar:32.09.18.2002;kodepos_dev:32.09.18.2002,diskominfo_jabar_village_2024_unreviewed;open_data_jabar_postal_2023;kodepos_dev_rest_api,diskominfo:3093;open_data_jabar:20783;kodepos_dev:3093,2026-08-11,source_disagreement,,No safe suggestion; compare all source values.,all_three_different,DIST-338A783B18C4,TRIP-ABA1659D31D7,15,,,,,pending,,,,,,,,,not_started
32.09.18.2003,32,JAWA BARAT,32.09,KAB. CIREBON,32.09.18,PLUMBON,LURAH,,,,,45655,45155,45158,45155;45158;45655,review_required,unresolved,yes,No automatic selection: Kodepos.dev does not corroborate exactly one local source.,no,,diskominfo:32.09.18.2003;open_data_jabar:32.09.18.2003;kodepos_dev:32.09.18.2003,diskominfo_jabar_village_2024_unreviewed;open_data_jabar_postal_2023;kodepos_dev_rest_api,diskominfo:3094;open_data_jabar:20784;kodepos_dev:3094,2026-08-11,source_disagreement,,No safe suggestion; compare all source values.,all_three_different,DIST-338A783B18C4,TRIP-ABA1659D31D7,15,,,,,pending,,,,,,,,,not_started
32.09.18.2004,32,JAWA BARAT,32.09,KAB. CIREBON,32.09.18,PLUMBON,MARIKANGEN,,,,,45655,45155,45158,45155;45158;45655,review_required,unresolved,yes,No automatic selection: Kodepos.dev does not corroborate exactly one local source.,no,,diskominfo:32.09.18.2004;open_data_jabar:32.09.18.2004;kodepos_dev:32.09.18.2004,diskominfo_jabar_village_2024_unreviewed;open_data_jabar_postal_2023;kodepos_dev_rest_api,diskominfo:3095;open_data_jabar:20785;kodepos_dev:3095,2026-08-11,source_disagreement,,No safe suggestion; compare all source values.,all_three_different,DIST-338A783B18C4,TRIP-ABA1659D31D7,15,,,,,pending,,,,,,,,,not_started
32.09.18.2005,32,JAWA BARAT,32.09,KAB. CIREBON,32.09.18,PLUMBON,BODE LOR,,,,,45655,45155,45158,45155;45158;45655,review_required,unresolved,yes,No automatic selection: Kodepos.dev does not corroborate exactly one local source.,no,,diskominfo:32.09.18.2005;open_data_jabar:32.09.18.2005;kodepos_dev:32.09.18.2005,diskominfo_jabar_village_2024_unreviewed;open_data_jabar_postal_2023;kodepos_dev_rest_api,diskominfo:3096;open_data_jabar:20786;kodepos_dev:3096,2026-08-11,source_disagreement,,No safe suggestion; compare all source values.,all_three_different,DIST-338A783B18C4,TRIP-ABA1659D31D7,15,,,,,pending,,,,,,,,,not_started
32.09.18.2006,32,JAWA BARAT,32.09,KAB. CIREBON,32.09.18,PLUMBON,BODESARI,,,,,45655,45155,45158,45155;45158;45655,review_required,unresolved,yes,No automatic selection: Kodepos.dev does not corroborate exactly one local source.,no,,diskominfo:32.09.18.2006;open_data_jabar:32.09.18.2006;kodepos_dev:32.09.18.2006,diskominfo_jabar_village_2024_unreviewed;open_data_jabar_postal_2023;kodepos_dev_rest_api,diskominfo:3097;open_data_jabar:20787;kodepos_dev:3097,2026-08-11,source_disagreement,,No safe suggestion; compare all source values.,all_three_different,DIST-338A783B18C4,TRIP-ABA1659D31D7,15,,,,,pending,,,,,,,,,not_started
32.09.18.2007,32,JAWA BARAT,32.09,KAB. CIREBON,32.09.18,PLUMBON,GOMBANG,,,,,45655,45155,45158,45155;45158;45655,review_required,unresolved,yes,No automatic selection: Kodepos.dev does not corroborate exactly one local source.,no,,diskominfo:32.09.18.2007;open_data_jabar:32.09.18.2007;kodepos_dev:32.09.18.2007,diskominfo_jabar_village_2024_unreviewed;open_data_jabar_postal_2023;kodepos_dev_rest_api,diskominfo:3098;open_data_jabar:20788;kodepos_dev:3098,2026-08-11,source_disagreement,,No safe suggestion; compare all source values.,all_three_different,DIST-338A783B18C4,TRIP-ABA1659D31D7,15,,,,,pending,,,,,,,,,not_started
32.09.18.2008,32,JAWA BARAT,32.09,KAB. CIREBON,32.09.18,PLUMBON,KARANGMULYA,,,,,45655,45155,45158,45155;45158;45655,review_required,unresolved,yes,No automatic selection: Kodepos.dev does not corroborate exactly one local source.,no,,diskominfo:32.09.18.2008;open_data_jabar:32.09.18.2008;kodepos_dev:32.09.18.2008,diskominfo_jabar_village_2024_unreviewed;open_data_jabar_postal_2023;kodepos_dev_rest_api,diskominfo:3099;open_data_jabar:20789;kodepos_dev:3099,2026-08-11,source_disagreement,,No safe suggestion; compare all source values.,all_three_different,DIST-338A783B18C4,TRIP-ABA1659D31D7,15,,,,,pending,,,,,,,,,not_started
32.09.18.2009,32,JAWA BARAT,32.09,KAB. CIREBON,32.09.18,PLUMBON,KARANGASEM,,,,,45655,45155,45158,45155;45158;45655,review_required,unresolved,yes,No automatic selection: Kodepos.dev does not corroborate exactly one local source.,no,,diskominfo:32.09.18.2009;open_data_jabar:32.09.18.2009;kodepos_dev:32.09.18.2009,diskominfo_jabar_village_2024_unreviewed;open_data_jabar_postal_2023;kodepos_dev_rest_api,diskominfo:3100;open_data_jabar:20790;kodepos_dev:3100,2026-08-11,source_disagreement,,No safe suggestion; compare all source values.,all_three_different,DIST-338A783B18C4,TRIP-ABA1659D31D7,15,,,,,pending,,,,,,,,,not_started
32.09.18.2010,32,JAWA BARAT,32.09,KAB. CIREBON,32.09.18,PLUMBON,PLUMBON,,,,,45655,45155,45158,45155;45158;45655,review_required,unresolved,yes,No automatic selection: Kodepos.dev does not corroborate exactly one local source.,no,,diskominfo:32.09.18.2010;open_data_jabar:32.09.18.2010;kodepos_dev:32.09.18.2010,diskominfo_jabar_village_2024_unreviewed;open_data_jabar_postal_2023;kodepos_dev_rest_api,diskominfo:3101;open_data_jabar:20791;kodepos_dev:3101,2026-08-11,source_disagreement,,No safe suggestion; compare all source values.,all_three_different,DIST-338A783B18C4,TRIP-ABA1659D31D7,15,,,,,pending,,,,,,,,,not_started
32.09.18.2011,32,JAWA BARAT,32.09,KAB. CIREBON,32.09.18,PLUMBON,PURBAWINANGUN,,,,,45655,45155,45158,45155;45158;45655,review_required,unresolved,yes,No automatic selection: Kodepos.dev does not corroborate exactly one local source.,no,,diskominfo:32.09.18.2011;open_data_jabar:32.09.18.2011;kodepos_dev:32.09.18.2011,diskominfo_jabar_village_2024_unreviewed;open_data_jabar_postal_2023;kodepos_dev_rest_api,diskominfo:3102;open_data_jabar:20793;kodepos_dev:3102,2026-08-11,source_disagreement,,No safe suggestion; compare all source values.,all_three_different,DIST-338A783B18C4,TRIP-ABA1659D31D7,15,,,,,pending,,,,,,,,,not_started
32.09.18.2012,32,JAWA BARAT,32.09,KAB. CIREBON,32.09.18,PLUMBON,KEBAREPAN,,,,,45655,45155,45158,45155;45158;45655,review_required,unresolved,yes,No automatic selection: Kodepos.dev does not corroborate exactly one local source.,no,,diskominfo:32.09.18.2012;open_data_jabar:32.09.18.2012;kodepos_dev:32.09.18.2012,diskominfo_jabar_village_2024_unreviewed;open_data_jabar_postal_2023;kodepos_dev_rest_api,diskominfo:3103;open_data_jabar:20794;kodepos_dev:3103,2026-08-11,source_disagreement,,No safe suggestion; compare all source values.,all_three_different,DIST-338A783B18C4,TRIP-ABA1659D31D7,15,,,,,pending,,,,,,,,,not_started
32.09.18.2013,32,JAWA BARAT,32.09,KAB. CIREBON,32.09.18,PLUMBON,PASANGGRAHAN,,,,,45655,45155,45158,45155;45158;45655,review_required,unresolved,yes,No automatic selection: Kodepos.dev does not corroborate exactly one local source.,no,,diskominfo:32.09.18.2013;open_data_jabar:32.09.18.2013;kodepos_dev:32.09.18.2013,diskominfo_jabar_village_2024_unreviewed;open_data_jabar_postal_2023;kodepos_dev_rest_api,diskominfo:3104;open_data_jabar:20795;kodepos_dev:3104,2026-08-11,source_disagreement,,No safe suggestion; compare all source values.,all_three_different,DIST-338A783B18C4,TRIP-ABA1659D31D7,15,,,,,pending,,,,,,,,,not_started
32.09.18.2014,32,JAWA BARAT,32.09,KAB. CIREBON,32.09.18,PLUMBON,KEDUNGSANA,,,,,45655,45155,45158,45155;45158;45655,review_required,unresolved,yes,No automatic selection: Kodepos.dev does not corroborate exactly one local source.,no,,diskominfo:32.09.18.2014;open_data_jabar:32.09.18.2014;kodepos_dev:32.09.18.2014,diskominfo_jabar_village_2024_unreviewed;open_data_jabar_postal_2023;kodepos_dev_rest_api,diskominfo:3105;open_data_jabar:20796;kodepos_dev:3105,2026-08-11,source_disagreement,,No safe suggestion; compare all source values.,all_three_different,DIST-338A783B18C4,TRIP-ABA1659D31D7,15,,,,,pending,,,,,,,,,not_started
32.09.18.2015,32,JAWA BARAT,32.09,KAB. CIREBON,32.09.18,PLUMBON,DANAMULYA,,,,,45655,45155,45158,45155;45158;45655,review_required,unresolved,yes,No automatic selection: Kodepos.dev does not corroborate exactly one local source.,no,,diskominfo:32.09.18.2015;open_data_jabar:32.09.18.2015;kodepos_dev:32.09.18.2015,diskominfo_jabar_village_2024_unreviewed;open_data_jabar_postal_2023;kodepos_dev_rest_api,diskominfo:3106;open_data_jabar:20797;kodepos_dev:3106,2026-08-11,source_disagreement,,No safe suggestion; compare all source values.,all_three_different,DIST-338A783B18C4,TRIP-ABA1659D31D7,15,,,,,pending,,,,,,,,,not_started
32.06.01.2001,32,JAWA BARAT,32.06,KAB. TASIKMALAYA,32.06.01,CIPATUJAH,CIHERAS,,,,,46489,46189,46187,46187;46189;46489,review_required,unresolved,yes,No automatic selection: Kodepos.dev does not corroborate exactly one local source.,no,,diskominfo:32.06.01.2001;open_data_jabar:32.06.01.2001;kodepos_dev:32.06.01.2001,diskominfo_jabar_village_2024_unreviewed;open_data_jabar_postal_2023;kodepos_dev_rest_api,diskominfo:1905;open_data_jabar:19463;kodepos_dev:1905,2026-08-11,source_disagreement,,No safe suggestion; compare all source values.,all_three_different,DIST-355F90E49129,TRIP-B11BD3083731,14,,,,,pending,,,,,,,,,not_started
32.06.01.2002,32,JAWA BARAT,32.06,KAB. TASIKMALAYA,32.06.01,CIPATUJAH,CIPATUJAH,,,,,46489,46189,46187,46187;46189;46489,review_required,unresolved,yes,No automatic selection: Kodepos.dev does not corroborate exactly one local source.,no,,diskominfo:32.06.01.2002;open_data_jabar:32.06.01.2002;kodepos_dev:32.06.01.2002,diskominfo_jabar_village_2024_unreviewed;open_data_jabar_postal_2023;kodepos_dev_rest_api,diskominfo:1906;open_data_jabar:19464;kodepos_dev:1906,2026-08-11,source_disagreement,,No safe suggestion; compare all source values.,all_three_different,DIST-355F90E49129,TRIP-B11BD3083731,14,,,,,pending,,,,,,,,,not_started
32.06.01.2003,32,JAWA BARAT,32.06,KAB. TASIKMALAYA,32.06.01,CIPATUJAH,SINDANGKERTA,,,,,46489,46189,46187,46187;46189;46489,review_required,unresolved,yes,No automatic selection: Kodepos.dev does not corroborate exactly one local source.,no,,diskominfo:32.06.01.2003;open_data_jabar:32.06.01.2003;kodepos_dev:32.06.01.2003,diskominfo_jabar_village_2024_unreviewed;open_data_jabar_postal_2023;kodepos_dev_rest_api,diskominfo:1907;open_data_jabar:19465;kodepos_dev:1907,2026-08-11,source_disagreement,,No safe suggestion; compare all source values.,all_three_different,DIST-355F90E49129,TRIP-B11BD3083731,14,,,,,pending,,,,,,,,,not_started
32.06.01.2004,32,JAWA BARAT,32.06,KAB. TASIKMALAYA,32.06.01,CIPATUJAH,CIKAWUNGGADING,,,,,46489,46189,46187,46187;46189;46489,review_required,unresolved,yes,No automatic selection: Kodepos.dev does not corroborate exactly one local source.,no,,diskominfo:32.06.01.2004;open_data_jabar:32.06.01.2004;kodepos_dev:32.06.01.2004,diskominfo_jabar_village_2024_unreviewed;open_data_jabar_postal_2023;kodepos_dev_rest_api,diskominfo:1908;open_data_jabar:19466;kodepos_dev:1908,2026-08-11,source_disagreement,,No safe suggestion; compare all source values.,all_three_different,DIST-355F90E49129,TRIP-B11BD3083731,14,,,,,pending,,,,,,,,,not_started
32.06.01.2006,32,JAWA BARAT,32.06,KAB. TASIKMALAYA,32.06.01,CIPATUJAH,DARAWATI,,,,,46489,46189,46187,46187;46189;46489,review_required,unresolved,yes,No automatic selection: Kodepos.dev does not corroborate exactly one local source.,no,,diskominfo:32.06.01.2006;open_data_jabar:32.06.01.2006;kodepos_dev:32.06.01.2006,diskominfo_jabar_village_2024_unreviewed;open_data_jabar_postal_2023;kodepos_dev_rest_api,diskominfo:1910;open_data_jabar:19468;kodepos_dev:1910,2026-08-11,source_disagreement,,No safe suggestion; compare all source values.,all_three_different,DIST-355F90E49129,TRIP-B11BD3083731,14,,,,,pending,,,,,,,,,not_started
32.06.01.2007,32,JAWA BARAT,32.06,KAB. TASIKMALAYA,32.06.01,CIPATUJAH,NAGROG,,,,,46489,46189,46187,46187;46189;46489,review_required,unresolved,yes,No automatic selection: Kodepos.dev does not corroborate exactly one local source.,no,,diskominfo:32.06.01.2007;open_data_jabar:32.06.01.2007;kodepos_dev:32.06.01.2007,diskominfo_jabar_village_2024_unreviewed;open_data_jabar_postal_2023;kodepos_dev_rest_api,diskominfo:1911;open_data_jabar:19469;kodepos_dev:1911,2026-08-11,source_disagreement,,No safe suggestion; compare all source values.,all_three_different,DIST-355F90E49129,TRIP-B11BD3083731,14,,,,,pending,,,,,,,,,not_started
32.06.01.2008,32,JAWA BARAT,32.06,KAB. TASIKMALAYA,32.06.01,CIPATUJAH,PAMEUTINGAN,,,,,46489,46189,46187,46187;46189;46489,review_required,unresolved,yes,No automatic selection: Kodepos.dev does not corroborate exactly one local source.,no,,diskominfo:32.06.01.2008;open_data_jabar:32.06.01.2008;kodepos_dev:32.06.01.2008,diskominfo_jabar_village_2024_unreviewed;open_data_jabar_postal_2023;kodepos_dev_rest_api,diskominfo:1912;open_data_jabar:19471;kodepos_dev:1912,2026-08-11,source_disagreement,,No safe suggestion; compare all source values.,all_three_different,DIST-355F90E49129,TRIP-B11BD3083731,14,,,,,pending,,,,,,,,,not_started
32.06.01.2009,32,JAWA BARAT,32.06,KAB. TASIKMALAYA,32.06.01,CIPATUJAH,TOBONGJAYA,,,,,46489,46189,46187,46187;46189;46489,review_required,unresolved,yes,No automatic selection: Kodepos.dev does not corroborate exactly one local source.,no,,diskominfo:32.06.01.2009;open_data_jabar:32.06.01.2009;kodepos_dev:32.06.01.2009,diskominfo_jabar_village_2024_unreviewed;open_data_jabar_postal_2023;kodepos_dev_rest_api,diskominfo:1913;open_data_jabar:19472;kodepos_dev:1913,2026-08-11,source_disagreement,,No safe suggestion; compare all source values.,all_three_different,DIST-355F90E49129,TRIP-B11BD3083731,14,,,,,pending,,,,,,,,,not_started
32.06.01.2010,32,JAWA BARAT,32.06,KAB. TASIKMALAYA,32.06.01,CIPATUJAH,CIPANAS,,,,,46489,46189,46187,46187;46189;46489,review_required,unresolved,yes,No automatic selection: Kodepos.dev does not corroborate exactly one local source.,no,,diskominfo:32.06.01.2010;open_data_jabar:32.06.01.2010;kodepos_dev:32.06.01.2010,diskominfo_jabar_village_2024_unreviewed;open_data_jabar_postal_2023;kodepos_dev_rest_api,diskominfo:1914;open_data_jabar:19473;kodepos_dev:1914,2026-08-11,source_disagreement,,No safe suggestion; compare all source values.,all_three_different,DIST-355F90E49129,TRIP-B11BD3083731,14,,,,,pending,,,,,,,,,not_started
32.06.01.2011,32,JAWA BARAT,32.06,KAB. TASIKMALAYA,32.06.01,CIPATUJAH,KERTASARI,,,,,46489,46189,46187,46187;46189;46489,review_required,unresolved,yes,No automatic selection: Kodepos.dev does not corroborate exactly one local source.,no,,diskominfo:32.06.01.2011;open_data_jabar:32.06.01.2011;kodepos_dev:32.06.01.2011,diskominfo_jabar_village_2024_unreviewed;open_data_jabar_postal_2023;kodepos_dev_rest_api,diskominfo:1915;open_data_jabar:19474;kodepos_dev:1915,2026-08-11,source_disagreement,,No safe suggestion; compare all source values.,all_three_different,DIST-355F90E49129,TRIP-B11BD3083731,14,,,,,pending,,,,,,,,,not_started
32.06.01.2012,32,JAWA BARAT,32.06,KAB. TASIKMALAYA,32.06.01,CIPATUJAH,CIANDUM,,,,,46489,46189,46187,46187;46189;46489,review_required,unresolved,yes,No automatic selection: Kodepos.dev does not corroborate exactly one local source.,no,,diskominfo:32.06.01.2012;open_data_jabar:32.06.01.2012;kodepos_dev:32.06.01.2012,diskominfo_jabar_village_2024_unreviewed;open_data_jabar_postal_2023;kodepos_dev_rest_api,diskominfo:1916;open_data_jabar:19475;kodepos_dev:1916,2026-08-11,source_disagreement,,No safe suggestion; compare all source values.,all_three_different,DIST-355F90E49129,TRIP-B11BD3083731,14,,,,,pending,,,,,,,,,not_started
32.06.01.2013,32,JAWA BARAT,32.06,KAB. TASIKMALAYA,32.06.01,CIPATUJAH,NANGELASARI,,,,,46489,46189,46187,46187;46189;46489,review_required,unresolved,yes,No automatic selection: Kodepos.dev does not corroborate exactly one local source.,no,,diskominfo:32.06.01.2013;open_data_jabar:32.06.01.2013;kodepos_dev:32.06.01.2013,diskominfo_jabar_village_2024_unreviewed;open_data_jabar_postal_2023;kodepos_dev_rest_api,diskominfo:1917;open_data_jabar:19476;kodepos_dev:1917,2026-08-11,source_disagreement,,No safe suggestion; compare all source values.,all_three_different,DIST-355F90E49129,TRIP-B11BD3083731,14,,,,,pending,,,,,,,,,not_started
32.06.01.2014,32,JAWA BARAT,32.06,KAB. TASIKMALAYA,32.06.01,CIPATUJAH,PADAWARAS,,,,,46489,46189,46187,46187;46189;46489,review_required,unresolved,yes,No automatic selection: Kodepos.dev does not corroborate exactly one local source.,no,,diskominfo:32.06.01.2014;open_data_jabar:32.06.01.2014;kodepos_dev:32.06.01.2014,diskominfo_jabar_village_2024_unreviewed;open_data_jabar_postal_2023;kodepos_dev_rest_api,diskominfo:1918;open_data_jabar:19477;kodepos_dev:1918,2026-08-11,source_disagreement,,No safe suggestion; compare all source values.,all_three_different,DIST-355F90E49129,TRIP-B11BD3083731,14,,,,,pending,,,,,,,,,not_started
32.06.01.2015,32,JAWA BARAT,32.06,KAB. TASIKMALAYA,32.06.01,CIPATUJAH,SUKAHURIP,,,,,46489,46189,46187,46187;46189;46489,review_required,unresolved,yes,No automatic selection: Kodepos.dev does not corroborate exactly one local source.,no,,diskominfo:32.06.01.2015;open_data_jabar:32.06.01.2015;kodepos_dev:32.06.01.2015,diskominfo_jabar_village_2024_unreviewed;open_data_jabar_postal_2023;kodepos_dev_rest_api,diskominfo:1919;open_data_jabar:19478;kodepos_dev:1919,2026-08-11,source_disagreement,,No safe suggestion; compare all source values.,all_three_different,DIST-355F90E49129,TRIP-B11BD3083731,14,,,,,pending,,,,,,,,,not_started
32.02.20.2005,32,JAWA BARAT,32.02,KAB. SUKABUMI,32.02.20,WALURAN,MANGUNJAYA,,,,,43363,43375,43175,43175;43363;43375,review_required,unresolved,yes,No automatic selection: Kodepos.dev does not corroborate exactly one local source.,no,,diskominfo:32.02.20.2005;open_data_jabar:32.02.20.2005;kodepos_dev:32.02.20.2005,diskominfo_jabar_village_2024_unreviewed;open_data_jabar_postal_2023;kodepos_dev_rest_api,diskominfo:610;open_data_jabar:18024;kodepos_dev:610,2026-08-11,source_disagreement,,No safe suggestion; compare all source values.,all_three_different,DIST-3625E773620A,TRIP-D81CF42E73D7,1,,,,,pending,,,,,,,,,not_started
32.16.09.2004,32,JAWA BARAT,32.16,KAB. BEKASI,32.16.09,CIKARANG UTARA,WALUYA,,,,,17837,17530,17534,17530;17534;17837,review_required,unresolved,yes,No automatic selection: Kodepos.dev does not corroborate exactly one local source.,no,,diskominfo:32.16.09.2004;open_data_jabar:32.16.09.2004;kodepos_dev:32.16.09.2004,diskominfo_jabar_village_2024_unreviewed;open_data_jabar_postal_2023;kodepos_dev_rest_api,diskominfo:5082;open_data_jabar:22993;kodepos_dev:5082,2026-08-11,source_disagreement,,No safe suggestion; compare all source values.,all_three_different,DIST-366FDDEFA12C,TRIP-212BED532B55,1,,,,,pending,,,,,,,,,not_started
32.16.09.2003,32,JAWA BARAT,32.16,KAB. BEKASI,32.16.09,CIKARANG UTARA,KARANGASIH,,,,,17839,17530,17534,17530;17534;17839,review_required,unresolved,yes,No automatic selection: Kodepos.dev does not corroborate exactly one local source.,no,,diskominfo:32.16.09.2003;open_data_jabar:32.16.09.2003;kodepos_dev:32.16.09.2003,diskominfo_jabar_village_2024_unreviewed;open_data_jabar_postal_2023;kodepos_dev_rest_api,diskominfo:5081;open_data_jabar:22991;kodepos_dev:5081,2026-08-11,source_disagreement,,No safe suggestion; compare all source values.,all_three_different,DIST-366FDDEFA12C,TRIP-3565CC703115,2,,,,,pending,,,,,,,,,not_started
32.16.09.2005,32,JAWA BARAT,32.16,KAB. BEKASI,32.16.09,CIKARANG UTARA,KARANGRAHARJA,,,,,17839,17530,17534,17530;17534;17839,review_required,unresolved,yes,No automatic selection: Kodepos.dev does not corroborate exactly one local source.,no,,diskominfo:32.16.09.2005;open_data_jabar:32.16.09.2005;kodepos_dev:32.16.09.2005,diskominfo_jabar_village_2024_unreviewed;open_data_jabar_postal_2023;kodepos_dev_rest_api,diskominfo:5083;open_data_jabar:22994;kodepos_dev:5083,2026-08-11,source_disagreement,,No safe suggestion; compare all source values.,all_three_different,DIST-366FDDEFA12C,TRIP-3565CC703115,2,,,,,pending,,,,,,,,,not_started
32.16.09.2011,32,JAWA BARAT,32.16,KAB. BEKASI,32.16.09,CIKARANG UTARA,WANGUNHARJA,,,,,17833,17530,17534,17530;17534;17833,review_required,unresolved,yes,No automatic selection: Kodepos.dev does not corroborate exactly one local source.,no,,diskominfo:32.16.09.2011;open_data_jabar:32.16.09.2011;kodepos_dev:32.16.09.2011,diskominfo_jabar_village_2024_unreviewed;open_data_jabar_postal_2023;kodepos_dev_rest_api,diskominfo:5089;open_data_jabar:23000;kodepos_dev:5089,2026-08-11,source_disagreement,,No safe suggestion; compare all source values.,all_three_different,DIST-366FDDEFA12C,TRIP-4BA8CCD54446,1,,,,,pending,,,,,,,,,not_started
32.16.09.2001,32,JAWA BARAT,32.16,KAB. BEKASI,32.16.09,CIKARANG UTARA,CIKARANGKOTA,,,,,17831,17530,17534,17530;17534;17831,review_required,unresolved,yes,No automatic selection: Kodepos.dev does not corroborate exactly one local source.,no,,diskominfo:32.16.09.2001;open_data_jabar:32.16.09.2001;kodepos_dev:32.16.09.2001,diskominfo_jabar_village_2024_unreviewed;open_data_jabar_postal_2023;kodepos_dev_rest_api,diskominfo:5079;open_data_jabar:22989;kodepos_dev:5079,2026-08-11,source_disagreement,,No safe suggestion; compare all source values.,all_three_different,DIST-366FDDEFA12C,TRIP-5FD8D7743ABE,1,,,,,pending,,,,,,,,,not_started
32.16.09.2007,32,JAWA BARAT,32.16,KAB. BEKASI,32.16.09,CIKARANG UTARA,SIMPANGAN,,,,,17836,17530,17534,17530;17534;17836,review_required,unresolved,yes,No automatic selection: Kodepos.dev does not corroborate exactly one local source.,no,,diskominfo:32.16.09.2007;open_data_jabar:32.16.09.2007;kodepos_dev:32.16.09.2007,diskominfo_jabar_village_2024_unreviewed;open_data_jabar_postal_2023;kodepos_dev_rest_api,diskominfo:5085;open_data_jabar:22996;kodepos_dev:5085,2026-08-11,source_disagreement,,No safe suggestion; compare all source values.,all_three_different,DIST-366FDDEFA12C,TRIP-77D0411FFF37,1,,,,,pending,,,,,,,,,not_started
32.16.09.2010,32,JAWA BARAT,32.16,KAB. BEKASI,32.16.09,CIKARANG UTARA,MEKARMUKTI,,,,,17834,17530,17534,17530;17534;17834,review_required,unresolved,yes,No automatic selection: Kodepos.dev does not corroborate exactly one local source.,no,,diskominfo:32.16.09.2010;open_data_jabar:32.16.09.2010;kodepos_dev:32.16.09.2010,diskominfo_jabar_village_2024_unreviewed;open_data_jabar_postal_2023;kodepos_dev_rest_api,diskominfo:5088;open_data_jabar:22999;kodepos_dev:5088,2026-08-11,source_disagreement,,No safe suggestion; compare all source values.,all_three_different,DIST-366FDDEFA12C,TRIP-BBEA7A6D26FD,1,,,,,pending,,,,,,,,,not_started
32.16.09.2008,32,JAWA BARAT,32.16,KAB. BEKASI,32.16.09,CIKARANG UTARA,TANJUNGSARI,,,,,17838,17530,17534,17530;17534;17838,review_required,unresolved,yes,No automatic selection: Kodepos.dev does not corroborate exactly one local source.,no,,diskominfo:32.16.09.2008;open_data_jabar:32.16.09.2008;kodepos_dev:32.16.09.2008,diskominfo_jabar_village_2024_unreviewed;open_data_jabar_postal_2023;kodepos_dev_rest_api,diskominfo:5086;open_data_jabar:22997;kodepos_dev:5086,2026-08-11,source_disagreement,,No safe suggestion; compare all source values.,all_three_different,DIST-366FDDEFA12C,TRIP-E84D8F6B38E5,1,,,,,pending,,,,,,,,,not_started
32.02.01.2007,32,JAWA BARAT,32.02,KAB. SUKABUMI,32.02.01,PALABUHANRATU,CIKADU,,,,,43341,43316,43364,43316;43341;43364,review_required,unresolved,yes,No automatic selection: Kodepos.dev does not corroborate exactly one local source.,no,,diskominfo:32.02.01.2007;open_data_jabar:32.02.01.2007;kodepos_dev:32.02.01.2007,diskominfo_jabar_village_2024_unreviewed;open_data_jabar_postal_2023;kodepos_dev_rest_api,diskominfo:443;open_data_jabar:17839;kodepos_dev:443,2026-08-11,source_disagreement,,No safe suggestion; compare all source values.,all_three_different,DIST-37F60AD84551,TRIP-6347391F3981,1,,,,,pending,,,,,,,,,not_started
32.02.01.2010,32,JAWA BARAT,32.02,KAB. SUKABUMI,32.02.01,PALABUHANRATU,JAYANTI,,,,,43341,43312,43364,43312;43341;43364,review_required,unresolved,yes,No automatic selection: Kodepos.dev does not corroborate exactly one local source.,no,,diskominfo:32.02.01.2010;open_data_jabar:32.02.01.2010;kodepos_dev:32.02.01.2010,diskominfo_jabar_village_2024_unreviewed;open_data_jabar_postal_2023;kodepos_dev_rest_api,diskominfo:446;open_data_jabar:17842;kodepos_dev:446,2026-08-11,source_disagreement,,No safe suggestion; compare all source values.,all_three_different,DIST-37F60AD84551,TRIP-77FAE26A94FE,1,,,,,pending,,,,,,,,,not_started
32.02.01.2005,32,JAWA BARAT,32.02,KAB. SUKABUMI,32.02.01,PALABUHANRATU,CIBODAS,,,,,43372,43315,43364,43315;43364;43372,review_required,unresolved,yes,No automatic selection: Kodepos.dev does not corroborate exactly one local source.,no,,diskominfo:32.02.01.2005;open_data_jabar:32.02.01.2005;kodepos_dev:32.02.01.2005,diskominfo_jabar_village_2024_unreviewed;open_data_jabar_postal_2023;kodepos_dev_rest_api,diskominfo:441;open_data_jabar:17836;kodepos_dev:441,2026-08-11,source_disagreement,,No safe suggestion; compare all source values.,all_three_different,DIST-37F60AD84551,TRIP-9A64387CA135,1,,,,,pending,,,,,,,,,not_started
32.02.01.2009,32,JAWA BARAT,32.02,KAB. SUKABUMI,32.02.01,PALABUHANRATU,CIMANGGU,,,,,43347,43314,43364,43314;43347;43364,review_required,unresolved,yes,No automatic selection: Kodepos.dev does not corroborate exactly one local source.,no,,diskominfo:32.02.01.2009;open_data_jabar:32.02.01.2009;kodepos_dev:32.02.01.2009,diskominfo_jabar_village_2024_unreviewed;open_data_jabar_postal_2023;kodepos_dev_rest_api,diskominfo:445;open_data_jabar:17841;kodepos_dev:445,2026-08-11,source_disagreement,,No safe suggestion; compare all source values.,all_three_different,DIST-37F60AD84551,TRIP-D18627033895,1,,,,,pending,,,,,,,,,not_started
32.02.01.1001,32,JAWA BARAT,32.02,KAB. SUKABUMI,32.02.01,PALABUHANRATU,PALABUHANRATU,,,,,43341,43311,43364,43311;43341;43364,review_required,unresolved,yes,No automatic selection: Kodepos.dev does not corroborate exactly one local source.,no,,diskominfo:32.02.01.1001;open_data_jabar:32.02.01.1001;kodepos_dev:32.02.01.1001,diskominfo_jabar_village_2024_unreviewed;open_data_jabar_postal_2023;kodepos_dev_rest_api,diskominfo:437;open_data_jabar:17832;kodepos_dev:437,2026-08-11,source_disagreement,,No safe suggestion; compare all source values.,all_three_different,DIST-37F60AD84551,TRIP-F8B5F215748F,1,,,,,pending,,,,,,,,,not_started
32.16.19.2001,32,JAWA BARAT,32.16,KAB. BEKASI,32.16.19,CIKARANG SELATAN,CIBATU,,,,,17855,17530,17532,17530;17532;17855,review_required,unresolved,yes,No automatic selection: Kodepos.dev does not corroborate exactly one local source.,no,,diskominfo:32.16.19.2001;open_data_jabar:32.16.19.2001;kodepos_dev:32.16.19.2001,diskominfo_jabar_village_2024_unreviewed;open_data_jabar_postal_2023;kodepos_dev_rest_api,diskominfo:5165;open_data_jabar:23085;kodepos_dev:5165,2026-08-11,source_disagreement,,No safe suggestion; compare all source values.,all_three_different,DIST-39D987141708,TRIP-0AE16E87567F,1,,,,,pending,,,,,,,,,not_started
32.16.19.2005,32,JAWA BARAT,32.16,KAB. BEKASI,32.16.19,CIKARANG SELATAN,SUKARESMI,,,,,17857,17530,17532,17530;17532;17857,review_required,unresolved,yes,No automatic selection: Kodepos.dev does not corroborate exactly one local source.,no,,diskominfo:32.16.19.2005;open_data_jabar:32.16.19.2005;kodepos_dev:32.16.19.2005,diskominfo_jabar_village_2024_unreviewed;open_data_jabar_postal_2023;kodepos_dev_rest_api,diskominfo:5169;open_data_jabar:23089;kodepos_dev:5169,2026-08-11,source_disagreement,,No safe suggestion; compare all source values.,all_three_different,DIST-39D987141708,TRIP-10013835482A,1,,,,,pending,,,,,,,,,not_started
32.16.19.2006,32,JAWA BARAT,32.16,KAB. BEKASI,32.16.19,CIKARANG SELATAN,SERANG,,,,,17854,17530,17532,17530;17532;17854,review_required,unresolved,yes,No automatic selection: Kodepos.dev does not corroborate exactly one local source.,no,,diskominfo:32.16.19.2006;open_data_jabar:32.16.19.2006;kodepos_dev:32.16.19.2006,diskominfo_jabar_village_2024_unreviewed;open_data_jabar_postal_2023;kodepos_dev_rest_api,diskominfo:5170;open_data_jabar:23090;kodepos_dev:5170,2026-08-11,source_disagreement,,No safe suggestion; compare all source values.,all_three_different,DIST-39D987141708,TRIP-3B9E4C302EF3,1,,,,,pending,,,,,,,,,not_started
32.16.19.2004,32,JAWA BARAT,32.16,KAB. BEKASI,32.16.19,CIKARANG SELATAN,SUKADAMI,,,,,17851,17530,17532,17530;17532;17851,review_required,unresolved,yes,No automatic selection: Kodepos.dev does not corroborate exactly one local source.,no,,diskominfo:32.16.19.2004;open_data_jabar:32.16.19.2004;kodepos_dev:32.16.19.2004,diskominfo_jabar_village_2024_unreviewed;open_data_jabar_postal_2023;kodepos_dev_rest_api,diskominfo:5168;open_data_jabar:23088;kodepos_dev:5168,2026-08-11,source_disagreement,,No safe suggestion; compare all source values.,all_three_different,DIST-39D987141708,TRIP-5211F398C2F6,1,,,,,pending,,,,,,,,,not_started
32.16.19.2002,32,JAWA BARAT,32.16,KAB. BEKASI,32.16.19,CIKARANG SELATAN,SUKASEJATI,,,,,17853,17530,17532,17530;17532;17853,review_required,unresolved,yes,No automatic selection: Kodepos.dev does not corroborate exactly one local source.,no,,diskominfo:32.16.19.2002;open_data_jabar:32.16.19.2002;kodepos_dev:32.16.19.2002,diskominfo_jabar_village_2024_unreviewed;open_data_jabar_postal_2023;kodepos_dev_rest_api,diskominfo:5166;open_data_jabar:23086;kodepos_dev:5166,2026-08-11,source_disagreement,,No safe suggestion; compare all source values.,all_three_different,DIST-39D987141708,TRIP-6DC1D40FFEE4,1,,,,,pending,,,,,,,,,not_started
32.16.19.2003,32,JAWA BARAT,32.16,KAB. BEKASI,32.16.19,CIKARANG SELATAN,CIANTRA,,,,,17852,17530,17532,17530;17532;17852,review_required,unresolved,yes,No automatic selection: Kodepos.dev does not corroborate exactly one local source.,no,,diskominfo:32.16.19.2003;open_data_jabar:32.16.19.2003;kodepos_dev:32.16.19.2003,diskominfo_jabar_village_2024_unreviewed;open_data_jabar_postal_2023;kodepos_dev_rest_api,diskominfo:5167;open_data_jabar:23087;kodepos_dev:5167,2026-08-11,source_disagreement,,No safe suggestion; compare all source values.,all_three_different,DIST-39D987141708,TRIP-A4510B3AFCFF,1,,,,,pending,,,,,,,,,not_started
32.16.19.2007,32,JAWA BARAT,32.16,KAB. BEKASI,32.16.19,CIKARANG SELATAN,PASIRSARI,,,,,17856,17530,17532,17530;17532;17856,review_required,unresolved,yes,No automatic selection: Kodepos.dev does not corroborate exactly one local source.,no,,diskominfo:32.16.19.2007;open_data_jabar:32.16.19.2007;kodepos_dev:32.16.19.2007,diskominfo_jabar_village_2024_unreviewed;open_data_jabar_postal_2023;kodepos_dev_rest_api,diskominfo:5171;open_data_jabar:23091;kodepos_dev:5171,2026-08-11,source_disagreement,,No safe suggestion; compare all source values.,all_three_different,DIST-39D987141708,TRIP-F2A7D40F46C5,1,,,,,pending,,,,,,,,,not_started
32.13.26.2001,32,JAWA BARAT,32.13,KAB. SUBANG,32.13.26,KASOMALANG,SINDANGSARI,,,,,41289,41283,41287,41283;41287;41289,review_required,unresolved,yes,No automatic selection: Kodepos.dev does not corroborate exactly one local source.,no,,diskominfo:32.13.26.2001;open_data_jabar:32.13.26.2001;kodepos_dev:32.13.26.2001,diskominfo_jabar_village_2024_unreviewed;open_data_jabar_postal_2023;kodepos_dev_rest_api,diskominfo:4469;open_data_jabar:22312;kodepos_dev:4469,2026-08-11,source_disagreement,,No safe suggestion; compare all source values.,all_three_different,DIST-39E7B2C3CA28,TRIP-4043EF335515,5,,,,,pending,,,,,,,,,not_started
32.13.26.2002,32,JAWA BARAT,32.13,KAB. SUBANG,32.13.26,KASOMALANG,PASANGGRAHAN,,,,,41289,41283,41287,41283;41287;41289,review_required,unresolved,yes,No automatic selection: Kodepos.dev does not corroborate exactly one local source.,no,,diskominfo:32.13.26.2002;open_data_jabar:32.13.26.2002;kodepos_dev:32.13.26.2002,diskominfo_jabar_village_2024_unreviewed;open_data_jabar_postal_2023;kodepos_dev_rest_api,diskominfo:4470;open_data_jabar:22313;kodepos_dev:4470,2026-08-11,source_disagreement,,No safe suggestion; compare all source values.,all_three_different,DIST-39E7B2C3CA28,TRIP-4043EF335515,5,,,,,pending,,,,,,,,,not_started
32.13.26.2003,32,JAWA BARAT,32.13,KAB. SUBANG,32.13.26,KASOMALANG,BOJONGLOA,,,,,41289,41283,41287,41283;41287;41289,review_required,unresolved,yes,No automatic selection: Kodepos.dev does not corroborate exactly one local source.,no,,diskominfo:32.13.26.2003;open_data_jabar:32.13.26.2003;kodepos_dev:32.13.26.2003,diskominfo_jabar_village_2024_unreviewed;open_data_jabar_postal_2023;kodepos_dev_rest_api,diskominfo:4471;open_data_jabar:22314;kodepos_dev:4471,2026-08-11,source_disagreement,,No safe suggestion; compare all source values.,all_three_different,DIST-39E7B2C3CA28,TRIP-4043EF335515,5,,,,,pending,,,,,,,,,not_started
32.13.26.2004,32,JAWA BARAT,32.13,KAB. SUBANG,32.13.26,KASOMALANG,SUKAMELANG,,,,,41289,41283,41287,41283;41287;41289,review_required,unresolved,yes,No automatic selection: Kodepos.dev does not corroborate exactly one local source.,no,,diskominfo:32.13.26.2004;open_data_jabar:32.13.26.2004;kodepos_dev:32.13.26.2004,diskominfo_jabar_village_2024_unreviewed;open_data_jabar_postal_2023;kodepos_dev_rest_api,diskominfo:4472;open_data_jabar:22316;kodepos_dev:4472,2026-08-11,source_disagreement,,No safe suggestion; compare all source values.,all_three_different,DIST-39E7B2C3CA28,TRIP-4043EF335515,5,,,,,pending,,,,,,,,,not_started
32.13.26.2005,32,JAWA BARAT,32.13,KAB. SUBANG,32.13.26,KASOMALANG,TENJOLAYA,,,,,41289,41283,41287,41283;41287;41289,review_required,unresolved,yes,No automatic selection: Kodepos.dev does not corroborate exactly one local source.,no,,diskominfo:32.13.26.2005;open_data_jabar:32.13.26.2005;kodepos_dev:32.13.26.2005,diskominfo_jabar_village_2024_unreviewed;open_data_jabar_postal_2023;kodepos_dev_rest_api,diskominfo:4473;open_data_jabar:22317;kodepos_dev:4473,2026-08-11,source_disagreement,,No safe suggestion; compare all source values.,all_three_different,DIST-39E7B2C3CA28,TRIP-4043EF335515,5,,,,,pending,,,,,,,,,not_started
32.13.26.2006,32,JAWA BARAT,32.13,KAB. SUBANG,32.13.26,KASOMALANG,KASOMALANG WETAN,,,,,41289,41281,41287,41281;41287;41289,review_required,unresolved,yes,No automatic selection: Kodepos.dev does not corroborate exactly one local source.,no,,diskominfo:32.13.26.2006;open_data_jabar:32.13.26.2006;kodepos_dev:32.13.26.2006,diskominfo_jabar_village_2024_unreviewed;open_data_jabar_postal_2023;kodepos_dev_rest_api,diskominfo:4474;open_data_jabar:22318;kodepos_dev:4474,2026-08-11,source_disagreement,,No safe suggestion; compare all source values.,all_three_different,DIST-39E7B2C3CA28,TRIP-44F2F1A71A89,3,,,,,pending,,,,,,,,,not_started
32.13.26.2007,32,JAWA BARAT,32.13,KAB. SUBANG,32.13.26,KASOMALANG,KASOMALANG KULON,,,,,41289,41281,41287,41281;41287;41289,review_required,unresolved,yes,No automatic selection: Kodepos.dev does not corroborate exactly one local source.,no,,diskominfo:32.13.26.2007;open_data_jabar:32.13.26.2007;kodepos_dev:32.13.26.2007,diskominfo_jabar_village_2024_unreviewed;open_data_jabar_postal_2023;kodepos_dev_rest_api,diskominfo:4475;open_data_jabar:22319;kodepos_dev:4475,2026-08-11,source_disagreement,,No safe suggestion; compare all source values.,all_three_different,DIST-39E7B2C3CA28,TRIP-44F2F1A71A89,3,,,,,pending,,,,,,,,,not_started
32.13.26.2008,32,JAWA BARAT,32.13,KAB. SUBANG,32.13.26,KASOMALANG,CIMANGLID,,,,,41289,41281,41287,41281;41287;41289,review_required,unresolved,yes,No automatic selection: Kodepos.dev does not corroborate exactly one local source.,no,,diskominfo:32.13.26.2008;open_data_jabar:32.13.26.2008;kodepos_dev:32.13.26.2008,diskominfo_jabar_village_2024_unreviewed;open_data_jabar_postal_2023;kodepos_dev_rest_api,diskominfo:4476;open_data_jabar:22320;kodepos_dev:4476,2026-08-11,source_disagreement,,No safe suggestion; compare all source values.,all_three_different,DIST-39E7B2C3CA28,TRIP-44F2F1A71A89,3,,,,,pending,,,,,,,,,not_started
32.06.39.2001,32,JAWA BARAT,32.06,KAB. TASIKMALAYA,32.06.39,SUKARESIK,CIPONDOK,,,,,46459,46418,46419,46418;46419;46459,review_required,unresolved,yes,No automatic selection: Kodepos.dev does not corroborate exactly one local source.,no,,diskominfo:32.06.39.2001;open_data_jabar:32.06.39.2001;kodepos_dev:32.06.39.2001,diskominfo_jabar_village_2024_unreviewed;open_data_jabar_postal_2023;kodepos_dev_rest_api,diskominfo:2248;open_data_jabar:19843;kodepos_dev:2248,2026-08-11,source_disagreement,,No safe suggestion; compare all source values.,all_three_different,DIST-3E8E7D7547F3,TRIP-DBDA30B3128D,8,,,,,pending,,,,,,,,,not_started
32.06.39.2002,32,JAWA BARAT,32.06,KAB. TASIKMALAYA,32.06.39,SUKARESIK,SUKAMENAK,,,,,46459,46418,46419,46418;46419;46459,review_required,unresolved,yes,No automatic selection: Kodepos.dev does not corroborate exactly one local source.,no,,diskominfo:32.06.39.2002;open_data_jabar:32.06.39.2002;kodepos_dev:32.06.39.2002,diskominfo_jabar_village_2024_unreviewed;open_data_jabar_postal_2023;kodepos_dev_rest_api,diskominfo:2249;open_data_jabar:19844;kodepos_dev:2249,2026-08-11,source_disagreement,,No safe suggestion; compare all source values.,all_three_different,DIST-3E8E7D7547F3,TRIP-DBDA30B3128D,8,,,,,pending,,,,,,,,,not_started
32.06.39.2003,32,JAWA BARAT,32.06,KAB. TASIKMALAYA,32.06.39,SUKARESIK,SUKARATU,,,,,46459,46418,46419,46418;46419;46459,review_required,unresolved,yes,No automatic selection: Kodepos.dev does not corroborate exactly one local source.,no,,diskominfo:32.06.39.2003;open_data_jabar:32.06.39.2003;kodepos_dev:32.06.39.2003,diskominfo_jabar_village_2024_unreviewed;open_data_jabar_postal_2023;kodepos_dev_rest_api,diskominfo:2250;open_data_jabar:19845;kodepos_dev:2250,2026-08-11,source_disagreement,,No safe suggestion; compare all source values.,all_three_different,DIST-3E8E7D7547F3,TRIP-DBDA30B3128D,8,,,,,pending,,,,,,,,,not_started
32.06.39.2004,32,JAWA BARAT,32.06,KAB. TASIKMALAYA,32.06.39,SUKARESIK,BANJARSARI,,,,,46459,46418,46419,46418;46419;46459,review_required,unresolved,yes,No automatic selection: Kodepos.dev does not corroborate exactly one local source.,no,,diskominfo:32.06.39.2004;open_data_jabar:32.06.39.2004;kodepos_dev:32.06.39.2004,diskominfo_jabar_village_2024_unreviewed;open_data_jabar_postal_2023;kodepos_dev_rest_api,diskominfo:2251;open_data_jabar:19846;kodepos_dev:2251,2026-08-11,source_disagreement,,No safe suggestion; compare all source values.,all_three_different,DIST-3E8E7D7547F3,TRIP-DBDA30B3128D,8,,,,,pending,,,,,,,,,not_started
32.06.39.2005,32,JAWA BARAT,32.06,KAB. TASIKMALAYA,32.06.39,SUKARESIK,TANJUNGSARI,,,,,46459,46418,46419,46418;46419;46459,review_required,unresolved,yes,No automatic selection: Kodepos.dev does not corroborate exactly one local source.,no,,diskominfo:32.06.39.2005;open_data_jabar:32.06.39.2005;kodepos_dev:32.06.39.2005,diskominfo_jabar_village_2024_unreviewed;open_data_jabar_postal_2023;kodepos_dev_rest_api,diskominfo:2252;open_data_jabar:19848;kodepos_dev:2252,2026-08-11,source_disagreement,,No safe suggestion; compare all source values.,all_three_different,DIST-3E8E7D7547F3,TRIP-DBDA30B3128D,8,,,,,pending,,,,,,,,,not_started
32.06.39.2006,32,JAWA BARAT,32.06,KAB. TASIKMALAYA,32.06.39,SUKARESIK,SUKAPANCAR,,,,,46459,46418,46419,46418;46419;46459,review_required,unresolved,yes,No automatic selection: Kodepos.dev does not corroborate exactly one local source.,no,,diskominfo:32.06.39.2006;open_data_jabar:32.06.39.2006;kodepos_dev:32.06.39.2006,diskominfo_jabar_village_2024_unreviewed;open_data_jabar_postal_2023;kodepos_dev_rest_api,diskominfo:2253;open_data_jabar:19849;kodepos_dev:2253,2026-08-11,source_disagreement,,No safe suggestion; compare all source values.,all_three_different,DIST-3E8E7D7547F3,TRIP-DBDA30B3128D,8,,,,,pending,,,,,,,,,not_started
32.06.39.2007,32,JAWA BARAT,32.06,KAB. TASIKMALAYA,32.06.39,SUKARESIK,SUKARESIK,,,,,46459,46418,46419,46418;46419;46459,review_required,unresolved,yes,No automatic selection: Kodepos.dev does not corroborate exactly one local source.,no,,diskominfo:32.06.39.2007;open_data_jabar:32.06.39.2007;kodepos_dev:32.06.39.2007,diskominfo_jabar_village_2024_unreviewed;open_data_jabar_postal_2023;kodepos_dev_rest_api,diskominfo:2254;open_data_jabar:19850;kodepos_dev:2254,2026-08-11,source_disagreement,,No safe suggestion; compare all source values.,all_three_different,DIST-3E8E7D7547F3,TRIP-DBDA30B3128D,8,,,,,pending,,,,,,,,,not_started
32.06.39.2008,32,JAWA BARAT,32.06,KAB. TASIKMALAYA,32.06.39,SUKARESIK,MARGAMULYA,,,,,46459,46418,46419,46418;46419;46459,review_required,unresolved,yes,No automatic selection: Kodepos.dev does not corroborate exactly one local source.,no,,diskominfo:32.06.39.2008;open_data_jabar:32.06.39.2008;kodepos_dev:32.06.39.2008,diskominfo_jabar_village_2024_unreviewed;open_data_jabar_postal_2023;kodepos_dev_rest_api,diskominfo:2255;open_data_jabar:19851;kodepos_dev:2255,2026-08-11,source_disagreement,,No safe suggestion; compare all source values.,all_three_different,DIST-3E8E7D7547F3,TRIP-DBDA30B3128D,8,,,,,pending,,,,,,,,,not_started
32.05.13.2001,32,JAWA BARAT,32.05,KAB. GARUT,32.05.13,KERSAMANAH,KERSAMANAH,,,,,44194,44185,44189,44185;44189;44194,review_required,unresolved,yes,No automatic selection: Kodepos.dev does not corroborate exactly one local source.,no,,diskominfo:32.05.13.2001;open_data_jabar:32.05.13.2001;kodepos_dev:32.05.13.2001,diskominfo_jabar_village_2024_unreviewed;open_data_jabar_postal_2023;kodepos_dev_rest_api,diskominfo:1613;open_data_jabar:19139;kodepos_dev:1613,2026-08-11,source_disagreement,,No safe suggestion; compare all source values.,all_three_different,DIST-3FD2369E8C01,TRIP-6F6F8EC7CAD3,6,,,,,pending,,,,,,,,,not_started
32.05.13.2002,32,JAWA BARAT,32.05,KAB. GARUT,32.05.13,KERSAMANAH,NANJUNGJAYA,,,,,44194,44185,44189,44185;44189;44194,review_required,unresolved,yes,No automatic selection: Kodepos.dev does not corroborate exactly one local source.,no,,diskominfo:32.05.13.2002;open_data_jabar:32.05.13.2002;kodepos_dev:32.05.13.2002,diskominfo_jabar_village_2024_unreviewed;open_data_jabar_postal_2023;kodepos_dev_rest_api,diskominfo:1614;open_data_jabar:19140;kodepos_dev:1614,2026-08-11,source_disagreement,,No safe suggestion; compare all source values.,all_three_different,DIST-3FD2369E8C01,TRIP-6F6F8EC7CAD3,6,,,,,pending,,,,,,,,,not_started
32.05.13.2003,32,JAWA BARAT,32.05,KAB. GARUT,32.05.13,KERSAMANAH,SUKAMERANG,,,,,44194,44185,44189,44185;44189;44194,review_required,unresolved,yes,No automatic selection: Kodepos.dev does not corroborate exactly one local source.,no,,diskominfo:32.05.13.2003;open_data_jabar:32.05.13.2003;kodepos_dev:32.05.13.2003,diskominfo_jabar_village_2024_unreviewed;open_data_jabar_postal_2023;kodepos_dev_rest_api,diskominfo:1615;open_data_jabar:19141;kodepos_dev:1615,2026-08-11,source_disagreement,,No safe suggestion; compare all source values.,all_three_different,DIST-3FD2369E8C01,TRIP-6F6F8EC7CAD3,6,,,,,pending,,,,,,,,,not_started
32.05.13.2004,32,JAWA BARAT,32.05,KAB. GARUT,32.05.13,KERSAMANAH,GIRIJAYA,,,,,44194,44185,44189,44185;44189;44194,review_required,unresolved,yes,No automatic selection: Kodepos.dev does not corroborate exactly one local source.,no,,diskominfo:32.05.13.2004;open_data_jabar:32.05.13.2004;kodepos_dev:32.05.13.2004,diskominfo_jabar_village_2024_unreviewed;open_data_jabar_postal_2023;kodepos_dev_rest_api,diskominfo:1616;open_data_jabar:19142;kodepos_dev:1616,2026-08-11,source_disagreement,,No safe suggestion; compare all source values.,all_three_different,DIST-3FD2369E8C01,TRIP-6F6F8EC7CAD3,6,,,,,pending,,,,,,,,,not_started
32.05.13.2005,32,JAWA BARAT,32.05,KAB. GARUT,32.05.13,KERSAMANAH,SUKAMAJU,,,,,44194,44185,44189,44185;44189;44194,review_required,unresolved,yes,No automatic selection: Kodepos.dev does not corroborate exactly one local source.,no,,diskominfo:32.05.13.2005;open_data_jabar:32.05.13.2005;kodepos_dev:32.05.13.2005,diskominfo_jabar_village_2024_unreviewed;open_data_jabar_postal_2023;kodepos_dev_rest_api,diskominfo:1617;open_data_jabar:19143;kodepos_dev:1617,2026-08-11,source_disagreement,,No safe suggestion; compare all source values.,all_three_different,DIST-3FD2369E8C01,TRIP-6F6F8EC7CAD3,6,,,,,pending,,,,,,,,,not_started
32.05.13.2006,32,JAWA BARAT,32.05,KAB. GARUT,32.05.13,KERSAMANAH,MEKARRAYA,,,,,44194,44185,44189,44185;44189;44194,review_required,unresolved,yes,No automatic selection: Kodepos.dev does not corroborate exactly one local source.,no,,diskominfo:32.05.13.2006;open_data_jabar:32.05.13.2006;kodepos_dev:32.05.13.2006,diskominfo_jabar_village_2024_unreviewed;open_data_jabar_postal_2023;kodepos_dev_rest_api,diskominfo:1618;open_data_jabar:19144;kodepos_dev:1618,2026-08-11,source_disagreement,,No safe suggestion; compare all source values.,all_three_different,DIST-3FD2369E8C01,TRIP-6F6F8EC7CAD3,6,,,,,pending,,,,,,,,,not_started
32.06.19.2001,32,JAWA BARAT,32.06,KAB. TASIKMALAYA,32.06.19,JATIWARAS,KAPUTIHAN,,,,,46491,46185,46180,46180;46185;46491,review_required,unresolved,yes,No automatic selection: Kodepos.dev does not corroborate exactly one local source.,no,,diskominfo:32.06.19.2001;open_data_jabar:32.06.19.2001;kodepos_dev:32.06.19.2001,diskominfo_jabar_village_2024_unreviewed;open_data_jabar_postal_2023;kodepos_dev_rest_api,diskominfo:2075;open_data_jabar:19651;kodepos_dev:2075,2026-08-11,source_disagreement,,No safe suggestion; compare all source values.,all_three_different,DIST-43B36823F8B0,TRIP-3570F4B33489,10,,,,,pending,,,,,,,,,not_started
32.06.19.2002,32,JAWA BARAT,32.06,KAB. TASIKMALAYA,32.06.19,JATIWARAS,SETIAWANGI,,,,,46491,46185,46180,46180;46185;46491,review_required,unresolved,yes,No automatic selection: Kodepos.dev does not corroborate exactly one local source.,no,,diskominfo:32.06.19.2002;open_data_jabar:32.06.19.2002;kodepos_dev:32.06.19.2002,diskominfo_jabar_village_2024_unreviewed;open_data_jabar_postal_2023;kodepos_dev_rest_api,diskominfo:2076;open_data_jabar:19652;kodepos_dev:2076,2026-08-11,source_disagreement,,No safe suggestion; compare all source values.,all_three_different,DIST-43B36823F8B0,TRIP-3570F4B33489,10,,,,,pending,,,,,,,,,not_started
32.06.19.2003,32,JAWA BARAT,32.06,KAB. TASIKMALAYA,32.06.19,JATIWARAS,SUKAKERTA,,,,,46491,46185,46180,46180;46185;46491,review_required,unresolved,yes,No automatic selection: Kodepos.dev does not corroborate exactly one local source.,no,,diskominfo:32.06.19.2003;open_data_jabar:32.06.19.2003;kodepos_dev:32.06.19.2003,diskominfo_jabar_village_2024_unreviewed;open_data_jabar_postal_2023;kodepos_dev_rest_api,diskominfo:2077;open_data_jabar:19653;kodepos_dev:2077,2026-08-11,source_disagreement,,No safe suggestion; compare all source values.,all_three_different,DIST-43B36823F8B0,TRIP-3570F4B33489,10,,,,,pending,,,,,,,,,not_started
32.06.19.2004,32,JAWA BARAT,32.06,KAB. TASIKMALAYA,32.06.19,JATIWARAS,NEGLASARI,,,,,46491,46185,46180,46180;46185;46491,review_required,unresolved,yes,No automatic selection: Kodepos.dev does not corroborate exactly one local source.,no,,diskominfo:32.06.19.2004;open_data_jabar:32.06.19.2004;kodepos_dev:32.06.19.2004,diskominfo_jabar_village_2024_unreviewed;open_data_jabar_postal_2023;kodepos_dev_rest_api,diskominfo:2078;open_data_jabar:19654;kodepos_dev:2078,2026-08-11,source_disagreement,,No safe suggestion; compare all source values.,all_three_different,DIST-43B36823F8B0,TRIP-3570F4B33489,10,,,,,pending,,,,,,,,,not_started
32.06.19.2005,32,JAWA BARAT,32.06,KAB. TASIKMALAYA,32.06.19,JATIWARAS,JATIWARAS,,,,,46491,46185,46180,46180;46185;46491,review_required,unresolved,yes,No automatic selection: Kodepos.dev does not corroborate exactly one local source.,no,,diskominfo:32.06.19.2005;open_data_jabar:32.06.19.2005;kodepos_dev:32.06.19.2005,diskominfo_jabar_village_2024_unreviewed;open_data_jabar_postal_2023;kodepos_dev_rest_api,diskominfo:2079;open_data_jabar:19655;kodepos_dev:2079,2026-08-11,source_disagreement,,No safe suggestion; compare all source values.,all_three_different,DIST-43B36823F8B0,TRIP-3570F4B33489,10,,,,,pending,,,,,,,,,not_started
32.06.19.2006,32,JAWA BARAT,32.06,KAB. TASIKMALAYA,32.06.19,JATIWARAS,PAPAYAN,,,,,46491,46185,46180,46180;46185;46491,review_required,unresolved,yes,No automatic selection: Kodepos.dev does not corroborate exactly one local source.,no,,diskominfo:32.06.19.2006;open_data_jabar:32.06.19.2006;kodepos_dev:32.06.19.2006,diskominfo_jabar_village_2024_unreviewed;open_data_jabar_postal_2023;kodepos_dev_rest_api,diskominfo:2080;open_data_jabar:19656;kodepos_dev:2080,2026-08-11,source_disagreement,,No safe suggestion; compare all source values.,all_three_different,DIST-43B36823F8B0,TRIP-3570F4B33489,10,,,,,pending,,,,,,,,,not_started
32.06.19.2007,32,JAWA BARAT,32.06,KAB. TASIKMALAYA,32.06.19,JATIWARAS,CIWARAK,,,,,46491,46185,46180,46180;46185;46491,review_required,unresolved,yes,No automatic selection: Kodepos.dev does not corroborate exactly one local source.,no,,diskominfo:32.06.19.2007;open_data_jabar:32.06.19.2007;kodepos_dev:32.06.19.2007,diskominfo_jabar_village_2024_unreviewed;open_data_jabar_postal_2023;kodepos_dev_rest_api,diskominfo:2081;open_data_jabar:19657;kodepos_dev:2081,2026-08-11,source_disagreement,,No safe suggestion; compare all source values.,all_three_different,DIST-43B36823F8B0,TRIP-3570F4B33489,10,,,,,pending,,,,,,,,,not_started
32.06.19.2008,32,JAWA BARAT,32.06,KAB. TASIKMALAYA,32.06.19,JATIWARAS,KERSAGALIH,,,,,46491,46185,46180,46180;46185;46491,review_required,unresolved,yes,No automatic selection: Kodepos.dev does not corroborate exactly one local source.,no,,diskominfo:32.06.19.2008;open_data_jabar:32.06.19.2008;kodepos_dev:32.06.19.2008,diskominfo_jabar_village_2024_unreviewed;open_data_jabar_postal_2023;kodepos_dev_rest_api,diskominfo:2082;open_data_jabar:19659;kodepos_dev:2082,2026-08-11,source_disagreement,,No safe suggestion; compare all source values.,all_three_different,DIST-43B36823F8B0,TRIP-3570F4B33489,10,,,,,pending,,,,,,,,,not_started
32.06.19.2009,32,JAWA BARAT,32.06,KAB. TASIKMALAYA,32.06.19,JATIWARAS,MANDALAMEKAR,,,,,46491,46185,46180,46180;46185;46491,review_required,unresolved,yes,No automatic selection: Kodepos.dev does not corroborate exactly one local source.,no,,diskominfo:32.06.19.2009;open_data_jabar:32.06.19.2009;kodepos_dev:32.06.19.2009,diskominfo_jabar_village_2024_unreviewed;open_data_jabar_postal_2023;kodepos_dev_rest_api,diskominfo:2083;open_data_jabar:19660;kodepos_dev:2083,2026-08-11,source_disagreement,,No safe suggestion; compare all source values.,all_three_different,DIST-43B36823F8B0,TRIP-3570F4B33489,10,,,,,pending,,,,,,,,,not_started
32.06.19.2010,32,JAWA BARAT,32.06,KAB. TASIKMALAYA,32.06.19,JATIWARAS,KERTARAHAYU,,,,,46491,46185,46180,46180;46185;46491,review_required,unresolved,yes,No automatic selection: Kodepos.dev does not corroborate exactly one local source.,no,,diskominfo:32.06.19.2010;open_data_jabar:32.06.19.2010;kodepos_dev:32.06.19.2010,diskominfo_jabar_village_2024_unreviewed;open_data_jabar_postal_2023;kodepos_dev_rest_api,diskominfo:2084;open_data_jabar:19661;kodepos_dev:2084,2026-08-11,source_disagreement,,No safe suggestion; compare all source values.,all_three_different,DIST-43B36823F8B0,TRIP-3570F4B33489,10,,,,,pending,,,,,,,,,not_started
32.16.11.2003,32,JAWA BARAT,32.16,KAB. BEKASI,32.16.11,CIKARANG TIMUR,HEGARMANAH,,,,,17824,17530,17533,17530;17533;17824,review_required,unresolved,yes,No automatic selection: Kodepos.dev does not corroborate exactly one local source.,no,,diskominfo:32.16.11.2003;open_data_jabar:32.16.11.2003;kodepos_dev:32.16.11.2003,diskominfo_jabar_village_2024_unreviewed;open_data_jabar_postal_2023;kodepos_dev_rest_api,diskominfo:5100;open_data_jabar:23014;kodepos_dev:5101,2026-08-11,source_disagreement,,No safe suggestion; compare all source values.,all_three_different,DIST-43C263C3A112,TRIP-434ECE5B7C7D,1,,,,,pending,,,,,,,,,not_started
32.16.11.2002,32,JAWA BARAT,32.16,KAB. BEKASI,32.16.11,CIKARANG TIMUR,CIPAYUNG,,,,,17825,17530,17533,17530;17533;17825,review_required,unresolved,yes,No automatic selection: Kodepos.dev does not corroborate exactly one local source.,no,,diskominfo:32.16.11.2002;open_data_jabar:32.16.11.2002;kodepos_dev:32.16.11.2002,diskominfo_jabar_village_2024_unreviewed;open_data_jabar_postal_2023;kodepos_dev_rest_api,diskominfo:5099;open_data_jabar:23013;kodepos_dev:5100,2026-08-11,source_disagreement,,No safe suggestion; compare all source values.,all_three_different,DIST-43C263C3A112,TRIP-5285A325CCA7,1,,,,,pending,,,,,,,,,not_started
32.16.11.1007,32,JAWA BARAT,32.16,KAB. BEKASI,32.16.11,CIKARANG TIMUR,SERTAJAYA,,,,,17823,17530,17533,17530;17533;17823,review_required,unresolved,yes,No automatic selection: Kodepos.dev does not corroborate exactly one local source.,no,,diskominfo:32.16.11.1007;open_data_jabar:32.16.11.1007;kodepos_dev:32.16.11.1007,diskominfo_jabar_village_2024_unreviewed;open_data_jabar_postal_2023;kodepos_dev_rest_api,diskominfo:5104;open_data_jabar:23011;kodepos_dev:5098,2026-08-11,source_disagreement,,No safe suggestion; compare all source values.,all_three_different,DIST-43C263C3A112,TRIP-56CD02390B84,1,,,,,pending,,,,,,,,,not_started
32.16.11.2008,32,JAWA BARAT,32.16,KAB. BEKASI,32.16.11,CIKARANG TIMUR,KARANGSARI,,,,,17828,17530,17533,17530;17533;17828,review_required,unresolved,yes,No automatic selection: Kodepos.dev does not corroborate exactly one local source.,no,,diskominfo:32.16.11.2008;open_data_jabar:32.16.11.2008;kodepos_dev:32.16.11.2008,diskominfo_jabar_village_2024_unreviewed;open_data_jabar_postal_2023;kodepos_dev_rest_api,diskominfo:5105;open_data_jabar:23019;kodepos_dev:5105,2026-08-11,source_disagreement,,No safe suggestion; compare all source values.,all_three_different,DIST-43C263C3A112,TRIP-6000ED8A3EF1,1,,,,,pending,,,,,,,,,not_started
32.16.11.2006,32,JAWA BARAT,32.16,KAB. BEKASI,32.16.11,CIKARANG TIMUR,LABANSARI,,,,,17826,17530,17533,17530;17533;17826,review_required,unresolved,yes,No automatic selection: Kodepos.dev does not corroborate exactly one local source.,no,,diskominfo:32.16.11.2006;open_data_jabar:32.16.11.2006;kodepos_dev:32.16.11.2006,diskominfo_jabar_village_2024_unreviewed;open_data_jabar_postal_2023;kodepos_dev_rest_api,diskominfo:5103;open_data_jabar:23018;kodepos_dev:5104,2026-08-11,source_disagreement,,No safe suggestion; compare all source values.,all_three_different,DIST-43C263C3A112,TRIP-701576B1EA5A,1,,,,,pending,,,,,,,,,not_started
32.16.11.2004,32,JAWA BARAT,32.16,KAB. BEKASI,32.16.11,CIKARANG TIMUR,JATIREJA,,,,,17822,17530,17533,17530;17533;17822,review_required,unresolved,yes,No automatic selection: Kodepos.dev does not corroborate exactly one local source.,no,,diskominfo:32.16.11.2004;open_data_jabar:32.16.11.2004;kodepos_dev:32.16.11.2004,diskominfo_jabar_village_2024_unreviewed;open_data_jabar_postal_2023;kodepos_dev_rest_api,diskominfo:5101;open_data_jabar:23016;kodepos_dev:5102,2026-08-11,source_disagreement,,No safe suggestion; compare all source values.,all_three_different,DIST-43C263C3A112,TRIP-881C918C525E,1,,,,,pending,,,,,,,,,not_started
32.16.11.2005,32,JAWA BARAT,32.16,KAB. BEKASI,32.16.11,CIKARANG TIMUR,JATIBARU,,,,,17821,17530,17533,17530;17533;17821,review_required,unresolved,yes,No automatic selection: Kodepos.dev does not corroborate exactly one local source.,no,,diskominfo:32.16.11.2005;open_data_jabar:32.16.11.2005;kodepos_dev:32.16.11.2005,diskominfo_jabar_village_2024_unreviewed;open_data_jabar_postal_2023;kodepos_dev_rest_api,diskominfo:5102;open_data_jabar:23017;kodepos_dev:5103,2026-08-11,source_disagreement,,No safe suggestion; compare all source values.,all_three_different,DIST-43C263C3A112,TRIP-92C9798B3540,1,,,,,pending,,,,,,,,,not_started
32.16.11.2001,32,JAWA BARAT,32.16,KAB. BEKASI,32.16.11,CIKARANG TIMUR,TANJUNGBARU,,,,,17827,17530,17533,17530;17533;17827,review_required,unresolved,yes,No automatic selection: Kodepos.dev does not corroborate exactly one local source.,no,,diskominfo:32.16.11.2001;open_data_jabar:32.16.11.2001;kodepos_dev:32.16.11.2001,diskominfo_jabar_village_2024_unreviewed;open_data_jabar_postal_2023;kodepos_dev_rest_api,diskominfo:5098;open_data_jabar:23012;kodepos_dev:5099,2026-08-11,source_disagreement,,No safe suggestion; compare all source values.,all_three_different,DIST-43C263C3A112,TRIP-E425FC1D2687,1,,,,,pending,,,,,,,,,not_started
32.02.43.2001,32,JAWA BARAT,32.02,KAB. SUKABUMI,32.02.43,CIDOLOG,CIDOLOG,,,,,43384,46352,43184,43184;43384;46352,review_required,unresolved,yes,No automatic selection: Kodepos.dev does not corroborate exactly one local source.,no,,diskominfo:32.02.43.2001;open_data_jabar:32.02.43.2001;kodepos_dev:32.02.43.2001,diskominfo_jabar_village_2024_unreviewed;open_data_jabar_postal_2023;kodepos_dev_rest_api,diskominfo:792;open_data_jabar:18227;kodepos_dev:792,2026-08-11,source_disagreement,,No safe suggestion; compare all source values.,all_three_different,DIST-457BA367A1F3,TRIP-253C9F47CFC0,1,,,,,pending,,,,,,,,,not_started
32.01.19.2013,32,JAWA BARAT,32.01,KAB. BOGOR,32.01.19,JASINGA,JUGALA JAYA,,,,,16675,16674,16670,16670;16674;16675,review_required,unresolved,yes,No automatic selection: Kodepos.dev does not corroborate exactly one local source.,no,,diskominfo:32.01.19.2013;open_data_jabar:32.01.19.2013;kodepos_dev:32.01.19.2013,diskominfo_jabar_village_2024_unreviewed;open_data_jabar_postal_2023;kodepos_dev_rest_api,diskominfo:224;open_data_jabar:17595;kodepos_dev:224,2026-08-11,source_disagreement,,No safe suggestion; compare all source values.,all_three_different,DIST-49D5EC9C9B5A,TRIP-77B6CCAC1EF6,1,,,,,pending,,,,,,,,,not_started
32.10.26.2001,32,JAWA BARAT,32.10,KAB. MAJALENGKA,32.10.26,MALAUSMA,SUKADANA,,,,,45469,45464,45460,45460;45464;45469,review_required,unresolved,yes,No automatic selection: Kodepos.dev does not corroborate exactly one local source.,no,,diskominfo:32.10.26.2001;open_data_jabar:32.10.26.2001;kodepos_dev:32.10.26.2001,diskominfo_jabar_village_2024_unreviewed;open_data_jabar_postal_2023;kodepos_dev_rest_api,diskominfo:3653;open_data_jabar:21405;kodepos_dev:3653,2026-08-11,source_disagreement,,No safe suggestion; compare all source values.,all_three_different,DIST-4C6925305765,TRIP-4DDDEE8520FF,10,,,,,pending,,,,,,,,,not_started
32.10.26.2002,32,JAWA BARAT,32.10,KAB. MAJALENGKA,32.10.26,MALAUSMA,WERASARI,,,,,45469,45464,45460,45460;45464;45469,review_required,unresolved,yes,No automatic selection: Kodepos.dev does not corroborate exactly one local source.,no,,diskominfo:32.10.26.2002;open_data_jabar:32.10.26.2002;kodepos_dev:32.10.26.2002,diskominfo_jabar_village_2024_unreviewed;open_data_jabar_postal_2023;kodepos_dev_rest_api,diskominfo:3654;open_data_jabar:21406;kodepos_dev:3654,2026-08-11,source_disagreement,,No safe suggestion; compare all source values.,all_three_different,DIST-4C6925305765,TRIP-4DDDEE8520FF,10,,,,,pending,,,,,,,,,not_started
32.10.26.2003,32,JAWA BARAT,32.10,KAB. MAJALENGKA,32.10.26,MALAUSMA,MALAUSMA,,,,,45469,45464,45460,45460;45464;45469,review_required,unresolved,yes,No automatic selection: Kodepos.dev does not corroborate exactly one local source.,no,,diskominfo:32.10.26.2003;open_data_jabar:32.10.26.2003;kodepos_dev:32.10.26.2003,diskominfo_jabar_village_2024_unreviewed;open_data_jabar_postal_2023;kodepos_dev_rest_api,diskominfo:3655;open_data_jabar:21407;kodepos_dev:3655,2026-08-11,source_disagreement,,No safe suggestion; compare all source values.,all_three_different,DIST-4C6925305765,TRIP-4DDDEE8520FF,10,,,,,pending,,,,,,,,,not_started
32.10.26.2004,32,JAWA BARAT,32.10,KAB. MAJALENGKA,32.10.26,MALAUSMA,LEBAKWANGI,,,,,45469,45464,45460,45460;45464;45469,review_required,unresolved,yes,No automatic selection: Kodepos.dev does not corroborate exactly one local source.,no,,diskominfo:32.10.26.2004;open_data_jabar:32.10.26.2004;kodepos_dev:32.10.26.2004,diskominfo_jabar_village_2024_unreviewed;open_data_jabar_postal_2023;kodepos_dev_rest_api,diskominfo:3656;open_data_jabar:21408;kodepos_dev:3656,2026-08-11,source_disagreement,,No safe suggestion; compare all source values.,all_three_different,DIST-4C6925305765,TRIP-4DDDEE8520FF,10,,,,,pending,,,,,,,,,not_started
32.10.26.2005,32,JAWA BARAT,32.10,KAB. MAJALENGKA,32.10.26,MALAUSMA,CIMUNCANG,,,,,45469,45464,45460,45460;45464;45469,review_required,unresolved,yes,No automatic selection: Kodepos.dev does not corroborate exactly one local source.,no,,diskominfo:32.10.26.2005;open_data_jabar:32.10.26.2005;kodepos_dev:32.10.26.2005,diskominfo_jabar_village_2024_unreviewed;open_data_jabar_postal_2023;kodepos_dev_rest_api,diskominfo:3657;open_data_jabar:21409;kodepos_dev:3657,2026-08-11,source_disagreement,,No safe suggestion; compare all source values.,all_three_different,DIST-4C6925305765,TRIP-4DDDEE8520FF,10,,,,,pending,,,,,,,,,not_started
32.10.26.2006,32,JAWA BARAT,32.10,KAB. MAJALENGKA,32.10.26,MALAUSMA,CIRANCA,,,,,45469,45464,45460,45460;45464;45469,review_required,unresolved,yes,No automatic selection: Kodepos.dev does not corroborate exactly one local source.,no,,diskominfo:32.10.26.2006;open_data_jabar:32.10.26.2006;kodepos_dev:32.10.26.2006,diskominfo_jabar_village_2024_unreviewed;open_data_jabar_postal_2023;kodepos_dev_rest_api,diskominfo:3658;open_data_jabar:21410;kodepos_dev:3658,2026-08-11,source_disagreement,,No safe suggestion; compare all source values.,all_three_different,DIST-4C6925305765,TRIP-4DDDEE8520FF,10,,,,,pending,,,,,,,,,not_started
32.10.26.2007,32,JAWA BARAT,32.10,KAB. MAJALENGKA,32.10.26,MALAUSMA,BANYUSARI,,,,,45469,45464,45460,45460;45464;45469,review_required,unresolved,yes,No automatic selection: Kodepos.dev does not corroborate exactly one local source.,no,,diskominfo:32.10.26.2007;open_data_jabar:32.10.26.2007;kodepos_dev:32.10.26.2007,diskominfo_jabar_village_2024_unreviewed;open_data_jabar_postal_2023;kodepos_dev_rest_api,diskominfo:3659;open_data_jabar:21411;kodepos_dev:3659,2026-08-11,source_disagreement,,No safe suggestion; compare all source values.,all_three_different,DIST-4C6925305765,TRIP-4DDDEE8520FF,10,,,,,pending,,,,,,,,,not_started
32.10.26.2008,32,JAWA BARAT,32.10,KAB. MAJALENGKA,32.10.26,MALAUSMA,BUNINAGARA,,,,,45469,45464,45460,45460;45464;45469,review_required,unresolved,yes,No automatic selection: Kodepos.dev does not corroborate exactly one local source.,no,,diskominfo:32.10.26.2008;open_data_jabar:32.10.26.2008;kodepos_dev:32.10.26.2008,diskominfo_jabar_village_2024_unreviewed;open_data_jabar_postal_2023;kodepos_dev_rest_api,diskominfo:3660;open_data_jabar:21412;kodepos_dev:3660,2026-08-11,source_disagreement,,No safe suggestion; compare all source values.,all_three_different,DIST-4C6925305765,TRIP-4DDDEE8520FF,10,,,,,pending,,,,,,,,,not_started
32.10.26.2009,32,JAWA BARAT,32.10,KAB. MAJALENGKA,32.10.26,MALAUSMA,JAGAMULYA,,,,,45469,45464,45460,45460;45464;45469,review_required,unresolved,yes,No automatic selection: Kodepos.dev does not corroborate exactly one local source.,no,,diskominfo:32.10.26.2009;open_data_jabar:32.10.26.2009;kodepos_dev:32.10.26.2009,diskominfo_jabar_village_2024_unreviewed;open_data_jabar_postal_2023;kodepos_dev_rest_api,diskominfo:3661;open_data_jabar:21413;kodepos_dev:3661,2026-08-11,source_disagreement,,No safe suggestion; compare all source values.,all_three_different,DIST-4C6925305765,TRIP-4DDDEE8520FF,10,,,,,pending,,,,,,,,,not_started
32.10.26.2010,32,JAWA BARAT,32.10,KAB. MAJALENGKA,32.10.26,MALAUSMA,GIRIMUKTI,,,,,45469,45464,45460,45460;45464;45469,review_required,unresolved,yes,No automatic selection: Kodepos.dev does not corroborate exactly one local source.,no,,diskominfo:32.10.26.2010;open_data_jabar:32.10.26.2010;kodepos_dev:32.10.26.2010,diskominfo_jabar_village_2024_unreviewed;open_data_jabar_postal_2023;kodepos_dev_rest_api,diskominfo:3662;open_data_jabar:21415;kodepos_dev:3662,2026-08-11,source_disagreement,,No safe suggestion; compare all source values.,all_three_different,DIST-4C6925305765,TRIP-4DDDEE8520FF,10,,,,,pending,,,,,,,,,not_started
32.72.05.1001,32,JAWA BARAT,32.72,KOTA SUKABUMI,32.72.05,BAROS,BAROS,,,,,43167,42173,43161,42173;43161;43167,review_required,unresolved,yes,No automatic selection: Kodepos.dev does not corroborate exactly one local source.,no,,diskominfo:32.72.05.1001;open_data_jabar:32.72.05.1001;kodepos_dev:32.72.05.1001,diskominfo_jabar_village_2024_unreviewed;open_data_jabar_postal_2023;kodepos_dev_rest_api,diskominfo:5545;open_data_jabar:23508;kodepos_dev:5545,2026-08-11,source_disagreement,,No safe suggestion; compare all source values.,all_three_different,DIST-4CA5D097D607,TRIP-F262DC13C039,1,,,,,pending,,,,,,,,,not_started
32.09.30.2001,32,JAWA BARAT,32.09,KAB. CIREBON,32.09.30,GEBANG,DOMPYONG KULON,,,,,45694,45191,45190,45190;45191;45694,review_required,unresolved,yes,No automatic selection: Kodepos.dev does not corroborate exactly one local source.,no,,diskominfo:32.09.30.2001;open_data_jabar:32.09.30.2001;kodepos_dev:32.09.30.2001,diskominfo_jabar_village_2024_unreviewed;open_data_jabar_postal_2023;kodepos_dev_rest_api,diskominfo:3218;open_data_jabar:20921;kodepos_dev:3220,2026-08-11,source_disagreement,,No safe suggestion; compare all source values.,all_three_different,DIST-4F71F650D858,TRIP-6B9C9604F547,9,,,,,pending,,,,,,,,,not_started
32.09.30.2002,32,JAWA BARAT,32.09,KAB. CIREBON,32.09.30,GEBANG,DOMPYONG WETAN,,,,,45694,45191,45190,45190;45191;45694,review_required,unresolved,yes,No automatic selection: Kodepos.dev does not corroborate exactly one local source.,no,,diskominfo:32.09.30.2002;open_data_jabar:32.09.30.2002;kodepos_dev:32.09.30.2002,diskominfo_jabar_village_2024_unreviewed;open_data_jabar_postal_2023;kodepos_dev_rest_api,diskominfo:3219;open_data_jabar:20922;kodepos_dev:3221,2026-08-11,source_disagreement,,No safe suggestion; compare all source values.,all_three_different,DIST-4F71F650D858,TRIP-6B9C9604F547,9,,,,,pending,,,,,,,,,not_started
32.09.30.2003,32,JAWA BARAT,32.09,KAB. CIREBON,32.09.30,GEBANG,KALIMEKAR,,,,,45694,45191,45190,45190;45191;45694,review_required,unresolved,yes,No automatic selection: Kodepos.dev does not corroborate exactly one local source.,no,,diskominfo:32.09.30.2003;open_data_jabar:32.09.30.2003;kodepos_dev:32.09.30.2003,diskominfo_jabar_village_2024_unreviewed;open_data_jabar_postal_2023;kodepos_dev_rest_api,diskominfo:3220;open_data_jabar:20923;kodepos_dev:3222,2026-08-11,source_disagreement,,No safe suggestion; compare all source values.,all_three_different,DIST-4F71F650D858,TRIP-6B9C9604F547,9,,,,,pending,,,,,,,,,not_started
32.09.30.2004,32,JAWA BARAT,32.09,KAB. CIREBON,32.09.30,GEBANG,KALIMORO,,,,,45694,45191,45190,45190;45191;45694,review_required,unresolved,yes,No automatic selection: Kodepos.dev does not corroborate exactly one local source.,no,,diskominfo:32.09.30.2004;open_data_jabar:32.09.30.2004;kodepos_dev:32.09.30.2004,diskominfo_jabar_village_2024_unreviewed;open_data_jabar_postal_2023;kodepos_dev_rest_api,diskominfo:3221;open_data_jabar:20924;kodepos_dev:3223,2026-08-11,source_disagreement,,No safe suggestion; compare all source values.,all_three_different,DIST-4F71F650D858,TRIP-6B9C9604F547,9,,,,,pending,,,,,,,,,not_started
32.09.30.2005,32,JAWA BARAT,32.09,KAB. CIREBON,32.09.30,GEBANG,GAGASARI,,,,,45694,45191,45190,45190;45191;45694,review_required,unresolved,yes,No automatic selection: Kodepos.dev does not corroborate exactly one local source.,no,,diskominfo:32.09.30.2005;open_data_jabar:32.09.30.2005;kodepos_dev:32.09.30.2005,diskominfo_jabar_village_2024_unreviewed;open_data_jabar_postal_2023;kodepos_dev_rest_api,diskominfo:3222;open_data_jabar:20926;kodepos_dev:3224,2026-08-11,source_disagreement,,No safe suggestion; compare all source values.,all_three_different,DIST-4F71F650D858,TRIP-6B9C9604F547,9,,,,,pending,,,,,,,,,not_started
32.09.30.2006,32,JAWA BARAT,32.09,KAB. CIREBON,32.09.30,GEBANG,KALIPASUNG,,,,,45694,45191,45190,45190;45191;45694,review_required,unresolved,yes,No automatic selection: Kodepos.dev does not corroborate exactly one local source.,no,,diskominfo:32.09.30.2006;open_data_jabar:32.09.30.2006;kodepos_dev:32.09.30.2006,diskominfo_jabar_village_2024_unreviewed;open_data_jabar_postal_2023;kodepos_dev_rest_api,diskominfo:3223;open_data_jabar:20927;kodepos_dev:3225,2026-08-11,source_disagreement,,No safe suggestion; compare all source values.,all_three_different,DIST-4F71F650D858,TRIP-6B9C9604F547,9,,,,,pending,,,,,,,,,not_started
32.09.30.2007,32,JAWA BARAT,32.09,KAB. CIREBON,32.09.30,GEBANG,GEBANG KULON,,,,,45694,45191,45190,45190;45191;45694,review_required,unresolved,yes,No automatic selection: Kodepos.dev does not corroborate exactly one local source.,no,,diskominfo:32.09.30.2007;open_data_jabar:32.09.30.2007;kodepos_dev:32.09.30.2007,diskominfo_jabar_village_2024_unreviewed;open_data_jabar_postal_2023;kodepos_dev_rest_api,diskominfo:3224;open_data_jabar:20928;kodepos_dev:3226,2026-08-11,source_disagreement,,No safe suggestion; compare all source values.,all_three_different,DIST-4F71F650D858,TRIP-6B9C9604F547,9,,,,,pending,,,,,,,,,not_started
32.09.30.2008,32,JAWA BARAT,32.09,KAB. CIREBON,32.09.30,GEBANG,GEBANG,,,,,45694,45191,45190,45190;45191;45694,review_required,unresolved,yes,No automatic selection: Kodepos.dev does not corroborate exactly one local source.,no,,diskominfo:32.09.30.2008;open_data_jabar:32.09.30.2008;kodepos_dev:32.09.30.2008,diskominfo_jabar_village_2024_unreviewed;open_data_jabar_postal_2023;kodepos_dev_rest_api,diskominfo:3225;open_data_jabar:20929;kodepos_dev:3227,2026-08-11,source_disagreement,,No safe suggestion; compare all source values.,all_three_different,DIST-4F71F650D858,TRIP-6B9C9604F547,9,,,,,pending,,,,,,,,,not_started
32.09.30.2013,32,JAWA BARAT,32.09,KAB. CIREBON,32.09.30,GEBANG,MELAKASARI,,,,,45694,45191,45190,45190;45191;45694,review_required,unresolved,yes,No automatic selection: Kodepos.dev does not corroborate exactly one local source.,no,,diskominfo:32.09.30.2013;open_data_jabar:32.09.30.2013;kodepos_dev:32.09.30.2013,diskominfo_jabar_village_2024_unreviewed;open_data_jabar_postal_2023;kodepos_dev_rest_api,diskominfo:3230;open_data_jabar:20934;kodepos_dev:3232,2026-08-11,source_disagreement,,No safe suggestion; compare all source values.,all_three_different,DIST-4F71F650D858,TRIP-6B9C9604F547,9,,,,,pending,,,,,,,,,not_started
32.14.15.2004,32,JAWA BARAT,32.14,KAB. PURWAKARTA,32.14.15,SUKASARI,SUKASARI,,,,,41167,45366,41116,41116;41167;45366,review_required,unresolved,yes,No automatic selection: Kodepos.dev does not corroborate exactly one local source.,no,,diskominfo:32.14.15.2004;open_data_jabar:32.14.15.2004;kodepos_dev:32.14.15.2004,diskominfo_jabar_village_2024_unreviewed;open_data_jabar_postal_2023;kodepos_dev_rest_api,diskominfo:4680;open_data_jabar:22546;kodepos_dev:4680,2026-08-11,source_disagreement,,No safe suggestion; compare all source values.,all_three_different,DIST-514208849DC5,TRIP-89596BD87D49,1,,,,,pending,,,,,,,,,not_started
32.73.24.1004,32,JAWA BARAT,32.73,KOTA BANDUNG,32.73.24,ARCAMANIK,SINDANGLAYA/CISANTRE N ENDAH,,,,,40399,,40293,40293;40399,review_required,unresolved,yes,No automatic selection: Kodepos.dev does not corroborate exactly one local source.,no,,diskominfo:32.73.24.1004;open_data_jabar:32.73.24.1004;kodepos_dev:32.73.24.1004,diskominfo_jabar_village_2024_unreviewed;open_data_jabar_postal_2023;kodepos_dev_rest_api,diskominfo:5683;open_data_jabar:23661;kodepos_dev:5683,2026-08-11,source_disagreement,,No safe suggestion; compare all source values.,open_data_jabar_missing_api_diskominfo_different,DIST-5187632352E0,TRIP-7D4598A9259E,1,,,,,pending,,,,,,,,,not_started
32.12.28.2001,32,JAWA BARAT,32.12,KAB. INDRAMAYU,32.12.28,KEDOKAN BUNDER,CANGKINGAN,,,,,45286,45283,45280,45280;45283;45286,review_required,unresolved,yes,No automatic selection: Kodepos.dev does not corroborate exactly one local source.,no,,diskominfo:32.12.28.2001;open_data_jabar:32.12.28.2001;kodepos_dev:32.12.28.2001,diskominfo_jabar_village_2024_unreviewed;open_data_jabar_postal_2023;kodepos_dev_rest_api,diskominfo:4224;open_data_jabar:22039;kodepos_dev:4224,2026-08-11,source_disagreement,,No safe suggestion; compare all source values.,all_three_different,DIST-51C7D086161D,TRIP-29E9E6BFABF4,7,,,,,pending,,,,,,,,,not_started
32.12.28.2002,32,JAWA BARAT,32.12,KAB. INDRAMAYU,32.12.28,KEDOKAN BUNDER,JAYAWINANGUN,,,,,45286,45283,45280,45280;45283;45286,review_required,unresolved,yes,No automatic selection: Kodepos.dev does not corroborate exactly one local source.,no,,diskominfo:32.12.28.2002;open_data_jabar:32.12.28.2002;kodepos_dev:32.12.28.2002,diskominfo_jabar_village_2024_unreviewed;open_data_jabar_postal_2023;kodepos_dev_rest_api,diskominfo:4225;open_data_jabar:22040;kodepos_dev:4225,2026-08-11,source_disagreement,,No safe suggestion; compare all source values.,all_three_different,DIST-51C7D086161D,TRIP-29E9E6BFABF4,7,,,,,pending,,,,,,,,,not_started
32.12.28.2003,32,JAWA BARAT,32.12,KAB. INDRAMAYU,32.12.28,KEDOKAN BUNDER,KEDOKAN AGUNG,,,,,45286,45283,45280,45280;45283;45286,review_required,unresolved,yes,No automatic selection: Kodepos.dev does not corroborate exactly one local source.,no,,diskominfo:32.12.28.2003;open_data_jabar:32.12.28.2003;kodepos_dev:32.12.28.2003,diskominfo_jabar_village_2024_unreviewed;open_data_jabar_postal_2023;kodepos_dev_rest_api,diskominfo:4226;open_data_jabar:22041;kodepos_dev:4226,2026-08-11,source_disagreement,,No safe suggestion; compare all source values.,all_three_different,DIST-51C7D086161D,TRIP-29E9E6BFABF4,7,,,,,pending,,,,,,,,,not_started
32.12.28.2004,32,JAWA BARAT,32.12,KAB. INDRAMAYU,32.12.28,KEDOKAN BUNDER,KEDOKANBUNDER,,,,,45286,45283,45280,45280;45283;45286,review_required,unresolved,yes,No automatic selection: Kodepos.dev does not corroborate exactly one local source.,no,,diskominfo:32.12.28.2004;open_data_jabar:32.12.28.2004;kodepos_dev:32.12.28.2004,diskominfo_jabar_village_2024_unreviewed;open_data_jabar_postal_2023;kodepos_dev_rest_api,diskominfo:4227;open_data_jabar:22042;kodepos_dev:4227,2026-08-11,source_disagreement,,No safe suggestion; compare all source values.,all_three_different,DIST-51C7D086161D,TRIP-29E9E6BFABF4,7,,,,,pending,,,,,,,,,not_started
32.12.28.2005,32,JAWA BARAT,32.12,KAB. INDRAMAYU,32.12.28,KEDOKAN BUNDER,KEDOKANBUNDERWETAN,,,,,45286,45283,45280,45280;45283;45286,review_required,unresolved,yes,No automatic selection: Kodepos.dev does not corroborate exactly one local source.,no,,diskominfo:32.12.28.2005;open_data_jabar:32.12.28.2005;kodepos_dev:32.12.28.2005,diskominfo_jabar_village_2024_unreviewed;open_data_jabar_postal_2023;kodepos_dev_rest_api,diskominfo:4228;open_data_jabar:22043;kodepos_dev:4228,2026-08-11,source_disagreement,,No safe suggestion; compare all source values.,all_three_different,DIST-51C7D086161D,TRIP-29E9E6BFABF4,7,,,,,pending,,,,,,,,,not_started
32.12.28.2006,32,JAWA BARAT,32.12,KAB. INDRAMAYU,32.12.28,KEDOKAN BUNDER,KAPLONGAN,,,,,45286,45283,45280,45280;45283;45286,review_required,unresolved,yes,No automatic selection: Kodepos.dev does not corroborate exactly one local source.,no,,diskominfo:32.12.28.2006;open_data_jabar:32.12.28.2006;kodepos_dev:32.12.28.2006,diskominfo_jabar_village_2024_unreviewed;open_data_jabar_postal_2023;kodepos_dev_rest_api,diskominfo:4229;open_data_jabar:22044;kodepos_dev:4229,2026-08-11,source_disagreement,,No safe suggestion; compare all source values.,all_three_different,DIST-51C7D086161D,TRIP-29E9E6BFABF4,7,,,,,pending,,,,,,,,,not_started
32.12.28.2007,32,JAWA BARAT,32.12,KAB. INDRAMAYU,32.12.28,KEDOKAN BUNDER,JAYALAKSANA,,,,,45286,45283,45280,45280;45283;45286,review_required,unresolved,yes,No automatic selection: Kodepos.dev does not corroborate exactly one local source.,no,,diskominfo:32.12.28.2007;open_data_jabar:32.12.28.2007;kodepos_dev:32.12.28.2007,diskominfo_jabar_village_2024_unreviewed;open_data_jabar_postal_2023;kodepos_dev_rest_api,diskominfo:4230;open_data_jabar:22045;kodepos_dev:4230,2026-08-11,source_disagreement,,No safe suggestion; compare all source values.,all_three_different,DIST-51C7D086161D,TRIP-29E9E6BFABF4,7,,,,,pending,,,,,,,,,not_started
32.03.25.2003,32,JAWA BARAT,32.03,KAB. CIANJUR,32.03.25,CAMPAKAMULYA,SUKASIRNA,,,,,43278,43277,43269,43269;43277;43278,review_required,unresolved,yes,No automatic selection: Kodepos.dev does not corroborate exactly one local source.,no,,diskominfo:32.03.25.2003;open_data_jabar:32.03.25.2003;kodepos_dev:32.03.25.2003,diskominfo_jabar_village_2024_unreviewed;open_data_jabar_postal_2023;kodepos_dev_rest_api,diskominfo:1116;open_data_jabar:18586;kodepos_dev:1116,2026-08-11,source_disagreement,,No safe suggestion; compare all source values.,all_three_different,DIST-592242AA3C66,TRIP-BD24B4171F77,1,,,,,pending,,,,,,,,,not_started
32.11.15.2001,32,JAWA BARAT,32.11,KAB. SUMEDANG,32.11.15,JATINANGOR,CIKERUH,,,,,45367,45363,45360,45360;45363;45367,review_required,unresolved,yes,No automatic selection: Kodepos.dev does not corroborate exactly one local source.,no,,diskominfo:32.11.15.2001;open_data_jabar:32.11.15.2001;kodepos_dev:32.11.15.2001,diskominfo_jabar_village_2024_unreviewed;open_data_jabar_postal_2023;kodepos_dev_rest_api,diskominfo:3813;open_data_jabar:21583;kodepos_dev:3813,2026-08-11,source_disagreement,,No safe suggestion; compare all source values.,all_three_different,DIST-661E056571CE,TRIP-42CA61EAE904,12,,,,,pending,,,,,,,,,not_started
32.11.15.2002,32,JAWA BARAT,32.11,KAB. SUMEDANG,32.11.15,JATINANGOR,HEGARMANAH,,,,,45367,45363,45360,45360;45363;45367,review_required,unresolved,yes,No automatic selection: Kodepos.dev does not corroborate exactly one local source.,no,,diskominfo:32.11.15.2002;open_data_jabar:32.11.15.2002;kodepos_dev:32.11.15.2002,diskominfo_jabar_village_2024_unreviewed;open_data_jabar_postal_2023;kodepos_dev_rest_api,diskominfo:3814;open_data_jabar:21584;kodepos_dev:3814,2026-08-11,source_disagreement,,No safe suggestion; compare all source values.,all_three_different,DIST-661E056571CE,TRIP-42CA61EAE904,12,,,,,pending,,,,,,,,,not_started
32.11.15.2003,32,JAWA BARAT,32.11,KAB. SUMEDANG,32.11.15,JATINANGOR,CIBEUSI,,,,,45367,45363,45360,45360;45363;45367,review_required,unresolved,yes,No automatic selection: Kodepos.dev does not corroborate exactly one local source.,no,,diskominfo:32.11.15.2003;open_data_jabar:32.11.15.2003;kodepos_dev:32.11.15.2003,diskominfo_jabar_village_2024_unreviewed;open_data_jabar_postal_2023;kodepos_dev_rest_api,diskominfo:3815;open_data_jabar:21585;kodepos_dev:3815,2026-08-11,source_disagreement,,No safe suggestion; compare all source values.,all_three_different,DIST-661E056571CE,TRIP-42CA61EAE904,12,,,,,pending,,,,,,,,,not_started
32.11.15.2004,32,JAWA BARAT,32.11,KAB. SUMEDANG,32.11.15,JATINANGOR,CIPACING,,,,,45367,45363,45360,45360;45363;45367,review_required,unresolved,yes,No automatic selection: Kodepos.dev does not corroborate exactly one local source.,no,,diskominfo:32.11.15.2004;open_data_jabar:32.11.15.2004;kodepos_dev:32.11.15.2004,diskominfo_jabar_village_2024_unreviewed;open_data_jabar_postal_2023;kodepos_dev_rest_api,diskominfo:3816;open_data_jabar:21586;kodepos_dev:3816,2026-08-11,source_disagreement,,No safe suggestion; compare all source values.,all_three_different,DIST-661E056571CE,TRIP-42CA61EAE904,12,,,,,pending,,,,,,,,,not_started
32.11.15.2005,32,JAWA BARAT,32.11,KAB. SUMEDANG,32.11.15,JATINANGOR,SAYANG,,,,,45367,45363,45360,45360;45363;45367,review_required,unresolved,yes,No automatic selection: Kodepos.dev does not corroborate exactly one local source.,no,,diskominfo:32.11.15.2005;open_data_jabar:32.11.15.2005;kodepos_dev:32.11.15.2005,diskominfo_jabar_village_2024_unreviewed;open_data_jabar_postal_2023;kodepos_dev_rest_api,diskominfo:3817;open_data_jabar:21587;kodepos_dev:3817,2026-08-11,source_disagreement,,No safe suggestion; compare all source values.,all_three_different,DIST-661E056571CE,TRIP-42CA61EAE904,12,,,,,pending,,,,,,,,,not_started
32.11.15.2006,32,JAWA BARAT,32.11,KAB. SUMEDANG,32.11.15,JATINANGOR,MEKARGALIH,,,,,45367,45363,45360,45360;45363;45367,review_required,unresolved,yes,No automatic selection: Kodepos.dev does not corroborate exactly one local source.,no,,diskominfo:32.11.15.2006;open_data_jabar:32.11.15.2006;kodepos_dev:32.11.15.2006,diskominfo_jabar_village_2024_unreviewed;open_data_jabar_postal_2023;kodepos_dev_rest_api,diskominfo:3818;open_data_jabar:21588;kodepos_dev:3818,2026-08-11,source_disagreement,,No safe suggestion; compare all source values.,all_three_different,DIST-661E056571CE,TRIP-42CA61EAE904,12,,,,,pending,,,,,,,,,not_started
32.11.15.2007,32,JAWA BARAT,32.11,KAB. SUMEDANG,32.11.15,JATINANGOR,CINTAMULYA,,,,,45367,45363,45360,45360;45363;45367,review_required,unresolved,yes,No automatic selection: Kodepos.dev does not corroborate exactly one local source.,no,,diskominfo:32.11.15.2007;open_data_jabar:32.11.15.2007;kodepos_dev:32.11.15.2007,diskominfo_jabar_village_2024_unreviewed;open_data_jabar_postal_2023;kodepos_dev_rest_api,diskominfo:3819;open_data_jabar:21589;kodepos_dev:3819,2026-08-11,source_disagreement,,No safe suggestion; compare all source values.,all_three_different,DIST-661E056571CE,TRIP-42CA61EAE904,12,,,,,pending,,,,,,,,,not_started
32.11.15.2008,32,JAWA BARAT,32.11,KAB. SUMEDANG,32.11.15,JATINANGOR,JATIMUKTI,,,,,45367,45363,45360,45360;45363;45367,review_required,unresolved,yes,No automatic selection: Kodepos.dev does not corroborate exactly one local source.,no,,diskominfo:32.11.15.2008;open_data_jabar:32.11.15.2008;kodepos_dev:32.11.15.2008,diskominfo_jabar_village_2024_unreviewed;open_data_jabar_postal_2023;kodepos_dev_rest_api,diskominfo:3820;open_data_jabar:21590;kodepos_dev:3820,2026-08-11,source_disagreement,,No safe suggestion; compare all source values.,all_three_different,DIST-661E056571CE,TRIP-42CA61EAE904,12,,,,,pending,,,,,,,,,not_started
32.11.15.2009,32,JAWA BARAT,32.11,KAB. SUMEDANG,32.11.15,JATINANGOR,CISEMPUR,,,,,45367,45363,45360,45360;45363;45367,review_required,unresolved,yes,No automatic selection: Kodepos.dev does not corroborate exactly one local source.,no,,diskominfo:32.11.15.2009;open_data_jabar:32.11.15.2009;kodepos_dev:32.11.15.2009,diskominfo_jabar_village_2024_unreviewed;open_data_jabar_postal_2023;kodepos_dev_rest_api,diskominfo:3821;open_data_jabar:21591;kodepos_dev:3821,2026-08-11,source_disagreement,,No safe suggestion; compare all source values.,all_three_different,DIST-661E056571CE,TRIP-42CA61EAE904,12,,,,,pending,,,,,,,,,not_started
32.11.15.2010,32,JAWA BARAT,32.11,KAB. SUMEDANG,32.11.15,JATINANGOR,JATIROKE,,,,,45367,45363,45360,45360;45363;45367,review_required,unresolved,yes,No automatic selection: Kodepos.dev does not corroborate exactly one local source.,no,,diskominfo:32.11.15.2010;open_data_jabar:32.11.15.2010;kodepos_dev:32.11.15.2010,diskominfo_jabar_village_2024_unreviewed;open_data_jabar_postal_2023;kodepos_dev_rest_api,diskominfo:3822;open_data_jabar:21593;kodepos_dev:3822,2026-08-11,source_disagreement,,No safe suggestion; compare all source values.,all_three_different,DIST-661E056571CE,TRIP-42CA61EAE904,12,,,,,pending,,,,,,,,,not_started
32.11.15.2011,32,JAWA BARAT,32.11,KAB. SUMEDANG,32.11.15,JATINANGOR,CILELES,,,,,45367,45363,45360,45360;45363;45367,review_required,unresolved,yes,No automatic selection: Kodepos.dev does not corroborate exactly one local source.,no,,diskominfo:32.11.15.2011;open_data_jabar:32.11.15.2011;kodepos_dev:32.11.15.2011,diskominfo_jabar_village_2024_unreviewed;open_data_jabar_postal_2023;kodepos_dev_rest_api,diskominfo:3823;open_data_jabar:21594;kodepos_dev:3823,2026-08-11,source_disagreement,,No safe suggestion; compare all source values.,all_three_different,DIST-661E056571CE,TRIP-42CA61EAE904,12,,,,,pending,,,,,,,,,not_started
32.11.15.2012,32,JAWA BARAT,32.11,KAB. SUMEDANG,32.11.15,JATINANGOR,CILAYUNG,,,,,45367,45363,45360,45360;45363;45367,review_required,unresolved,yes,No automatic selection: Kodepos.dev does not corroborate exactly one local source.,no,,diskominfo:32.11.15.2012;open_data_jabar:32.11.15.2012;kodepos_dev:32.11.15.2012,diskominfo_jabar_village_2024_unreviewed;open_data_jabar_postal_2023;kodepos_dev_rest_api,diskominfo:3824;open_data_jabar:21595;kodepos_dev:3824,2026-08-11,source_disagreement,,No safe suggestion; compare all source values.,all_three_different,DIST-661E056571CE,TRIP-42CA61EAE904,12,,,,,pending,,,,,,,,,not_started
32.12.30.2001,32,JAWA BARAT,32.12,KAB. INDRAMAYU,32.12.30,TUKDANA,BODAS,,,,,45276,45272,45270,45270;45272;45276,review_required,unresolved,yes,No automatic selection: Kodepos.dev does not corroborate exactly one local source.,no,,diskominfo:32.12.30.2001;open_data_jabar:32.12.30.2001;kodepos_dev:32.12.30.2001,diskominfo_jabar_village_2024_unreviewed;open_data_jabar_postal_2023;kodepos_dev_rest_api,diskominfo:4237;open_data_jabar:22053;kodepos_dev:4237,2026-08-11,source_disagreement,,No safe suggestion; compare all source values.,all_three_different,DIST-6769D730E200,TRIP-9AD2B5A28833,13,,,,,pending,,,,,,,,,not_started
32.12.30.2002,32,JAWA BARAT,32.12,KAB. INDRAMAYU,32.12.30,TUKDANA,GADEL,,,,,45276,45272,45270,45270;45272;45276,review_required,unresolved,yes,No automatic selection: Kodepos.dev does not corroborate exactly one local source.,no,,diskominfo:32.12.30.2002;open_data_jabar:32.12.30.2002;kodepos_dev:32.12.30.2002,diskominfo_jabar_village_2024_unreviewed;open_data_jabar_postal_2023;kodepos_dev_rest_api,diskominfo:4238;open_data_jabar:22054;kodepos_dev:4238,2026-08-11,source_disagreement,,No safe suggestion; compare all source values.,all_three_different,DIST-6769D730E200,TRIP-9AD2B5A28833,13,,,,,pending,,,,,,,,,not_started
32.12.30.2003,32,JAWA BARAT,32.12,KAB. INDRAMAYU,32.12.30,TUKDANA,RANCAJAWAT,,,,,45276,45272,45270,45270;45272;45276,review_required,unresolved,yes,No automatic selection: Kodepos.dev does not corroborate exactly one local source.,no,,diskominfo:32.12.30.2003;open_data_jabar:32.12.30.2003;kodepos_dev:32.12.30.2003,diskominfo_jabar_village_2024_unreviewed;open_data_jabar_postal_2023;kodepos_dev_rest_api,diskominfo:4239;open_data_jabar:22055;kodepos_dev:4239,2026-08-11,source_disagreement,,No safe suggestion; compare all source values.,all_three_different,DIST-6769D730E200,TRIP-9AD2B5A28833,13,,,,,pending,,,,,,,,,not_started
32.12.30.2004,32,JAWA BARAT,32.12,KAB. INDRAMAYU,32.12.30,TUKDANA,KERTICALA,,,,,45276,45272,45270,45270;45272;45276,review_required,unresolved,yes,No automatic selection: Kodepos.dev does not corroborate exactly one local source.,no,,diskominfo:32.12.30.2004;open_data_jabar:32.12.30.2004;kodepos_dev:32.12.30.2004,diskominfo_jabar_village_2024_unreviewed;open_data_jabar_postal_2023;kodepos_dev_rest_api,diskominfo:4240;open_data_jabar:22056;kodepos_dev:4240,2026-08-11,source_disagreement,,No safe suggestion; compare all source values.,all_three_different,DIST-6769D730E200,TRIP-9AD2B5A28833,13,,,,,pending,,,,,,,,,not_started
32.12.30.2005,32,JAWA BARAT,32.12,KAB. INDRAMAYU,32.12.30,TUKDANA,CANGKO,,,,,45276,45272,45270,45270;45272;45276,review_required,unresolved,yes,No automatic selection: Kodepos.dev does not corroborate exactly one local source.,no,,diskominfo:32.12.30.2005;open_data_jabar:32.12.30.2005;kodepos_dev:32.12.30.2005,diskominfo_jabar_village_2024_unreviewed;open_data_jabar_postal_2023;kodepos_dev_rest_api,diskominfo:4241;open_data_jabar:22057;kodepos_dev:4241,2026-08-11,source_disagreement,,No safe suggestion; compare all source values.,all_three_different,DIST-6769D730E200,TRIP-9AD2B5A28833,13,,,,,pending,,,,,,,,,not_started
32.12.30.2006,32,JAWA BARAT,32.12,KAB. INDRAMAYU,32.12.30,TUKDANA,KARANGKERTA,,,,,45276,45272,45270,45270;45272;45276,review_required,unresolved,yes,No automatic selection: Kodepos.dev does not corroborate exactly one local source.,no,,diskominfo:32.12.30.2006;open_data_jabar:32.12.30.2006;kodepos_dev:32.12.30.2006,diskominfo_jabar_village_2024_unreviewed;open_data_jabar_postal_2023;kodepos_dev_rest_api,diskominfo:4242;open_data_jabar:22059;kodepos_dev:4242,2026-08-11,source_disagreement,,No safe suggestion; compare all source values.,all_three_different,DIST-6769D730E200,TRIP-9AD2B5A28833,13,,,,,pending,,,,,,,,,not_started
32.12.30.2007,32,JAWA BARAT,32.12,KAB. INDRAMAYU,32.12.30,TUKDANA,SUKAMULYA,,,,,45276,45272,45270,45270;45272;45276,review_required,unresolved,yes,No automatic selection: Kodepos.dev does not corroborate exactly one local source.,no,,diskominfo:32.12.30.2007;open_data_jabar:32.12.30.2007;kodepos_dev:32.12.30.2007,diskominfo_jabar_village_2024_unreviewed;open_data_jabar_postal_2023;kodepos_dev_rest_api,diskominfo:4243;open_data_jabar:22060;kodepos_dev:4243,2026-08-11,source_disagreement,,No safe suggestion; compare all source values.,all_three_different,DIST-6769D730E200,TRIP-9AD2B5A28833,13,,,,,pending,,,,,,,,,not_started
32.12.30.2008,32,JAWA BARAT,32.12,KAB. INDRAMAYU,32.12.30,TUKDANA,MEKARSARI,,,,,45276,45272,45270,45270;45272;45276,review_required,unresolved,yes,No automatic selection: Kodepos.dev does not corroborate exactly one local source.,no,,diskominfo:32.12.30.2008;open_data_jabar:32.12.30.2008;kodepos_dev:32.12.30.2008,diskominfo_jabar_village_2024_unreviewed;open_data_jabar_postal_2023;kodepos_dev_rest_api,diskominfo:4244;open_data_jabar:22061;kodepos_dev:4244,2026-08-11,source_disagreement,,No safe suggestion; compare all source values.,all_three_different,DIST-6769D730E200,TRIP-9AD2B5A28833,13,,,,,pending,,,,,,,,,not_started
32.12.30.2009,32,JAWA BARAT,32.12,KAB. INDRAMAYU,32.12.30,TUKDANA,LAJER,,,,,45276,45272,45270,45270;45272;45276,review_required,unresolved,yes,No automatic selection: Kodepos.dev does not corroborate exactly one local source.,no,,diskominfo:32.12.30.2009;open_data_jabar:32.12.30.2009;kodepos_dev:32.12.30.2009,diskominfo_jabar_village_2024_unreviewed;open_data_jabar_postal_2023;kodepos_dev_rest_api,diskominfo:4245;open_data_jabar:22062;kodepos_dev:4245,2026-08-11,source_disagreement,,No safe suggestion; compare all source values.,all_three_different,DIST-6769D730E200,TRIP-9AD2B5A28833,13,,,,,pending,,,,,,,,,not_started
32.12.30.2010,32,JAWA BARAT,32.12,KAB. INDRAMAYU,32.12.30,TUKDANA,TUKDANA,,,,,45276,45272,45270,45270;45272;45276,review_required,unresolved,yes,No automatic selection: Kodepos.dev does not corroborate exactly one local source.,no,,diskominfo:32.12.30.2010;open_data_jabar:32.12.30.2010;kodepos_dev:32.12.30.2010,diskominfo_jabar_village_2024_unreviewed;open_data_jabar_postal_2023;kodepos_dev_rest_api,diskominfo:4246;open_data_jabar:22063;kodepos_dev:4246,2026-08-11,source_disagreement,,No safe suggestion; compare all source values.,all_three_different,DIST-6769D730E200,TRIP-9AD2B5A28833,13,,,,,pending,,,,,,,,,not_started
32.12.30.2011,32,JAWA BARAT,32.12,KAB. INDRAMAYU,32.12.30,TUKDANA,SUKADANA,,,,,45276,45272,45270,45270;45272;45276,review_required,unresolved,yes,No automatic selection: Kodepos.dev does not corroborate exactly one local source.,no,,diskominfo:32.12.30.2011;open_data_jabar:32.12.30.2011;kodepos_dev:32.12.30.2011,diskominfo_jabar_village_2024_unreviewed;open_data_jabar_postal_2023;kodepos_dev_rest_api,diskominfo:4247;open_data_jabar:22064;kodepos_dev:4247,2026-08-11,source_disagreement,,No safe suggestion; compare all source values.,all_three_different,DIST-6769D730E200,TRIP-9AD2B5A28833,13,,,,,pending,,,,,,,,,not_started
32.12.30.2012,32,JAWA BARAT,32.12,KAB. INDRAMAYU,32.12.30,TUKDANA,PAGEDANGAN,,,,,45276,45272,45270,45270;45272;45276,review_required,unresolved,yes,No automatic selection: Kodepos.dev does not corroborate exactly one local source.,no,,diskominfo:32.12.30.2012;open_data_jabar:32.12.30.2012;kodepos_dev:32.12.30.2012,diskominfo_jabar_village_2024_unreviewed;open_data_jabar_postal_2023;kodepos_dev_rest_api,diskominfo:4248;open_data_jabar:22065;kodepos_dev:4248,2026-08-11,source_disagreement,,No safe suggestion; compare all source values.,all_three_different,DIST-6769D730E200,TRIP-9AD2B5A28833,13,,,,,pending,,,,,,,,,not_started
32.12.30.2013,32,JAWA BARAT,32.12,KAB. INDRAMAYU,32.12.30,TUKDANA,SUKAPERNA,,,,,45276,45272,45270,45270;45272;45276,review_required,unresolved,yes,No automatic selection: Kodepos.dev does not corroborate exactly one local source.,no,,diskominfo:32.12.30.2013;open_data_jabar:32.12.30.2013;kodepos_dev:32.12.30.2013,diskominfo_jabar_village_2024_unreviewed;open_data_jabar_postal_2023;kodepos_dev_rest_api,diskominfo:4249;open_data_jabar:22066;kodepos_dev:4249,2026-08-11,source_disagreement,,No safe suggestion; compare all source values.,all_three_different,DIST-6769D730E200,TRIP-9AD2B5A28833,13,,,,,pending,,,,,,,,,not_started
32.01.40.2004,32,JAWA BARAT,32.01,KAB. BOGOR,32.01.40,TENJOLAYA,SITUDAUN,,,,,16274,16370,16371,16274;16370;16371,review_required,unresolved,yes,No automatic selection: Kodepos.dev does not corroborate exactly one local source.,no,,diskominfo:32.01.40.2004;open_data_jabar:32.01.40.2004;kodepos_dev:32.01.40.2004,diskominfo_jabar_village_2024_unreviewed;open_data_jabar_postal_2023;kodepos_dev_rest_api,diskominfo:433;open_data_jabar:17828;kodepos_dev:433,2026-08-11,source_disagreement,,No safe suggestion; compare all source values.,all_three_different,DIST-67E8CD0C0EB0,TRIP-0DC850284710,1,,,,,pending,,,,,,,,,not_started
32.01.40.2003,32,JAWA BARAT,32.01,KAB. BOGOR,32.01.40,TENJOLAYA,CIBITUNG TENGAH,,,,,16276,16370,16371,16276;16370;16371,review_required,unresolved,yes,No automatic selection: Kodepos.dev does not corroborate exactly one local source.,no,,diskominfo:32.01.40.2003;open_data_jabar:32.01.40.2003;kodepos_dev:32.01.40.2003,diskominfo_jabar_village_2024_unreviewed;open_data_jabar_postal_2023;kodepos_dev_rest_api,diskominfo:432;open_data_jabar:17827;kodepos_dev:432,2026-08-11,source_disagreement,,No safe suggestion; compare all source values.,all_three_different,DIST-67E8CD0C0EB0,TRIP-2B6110EA4202,1,,,,,pending,,,,,,,,,not_started
32.01.40.2001,32,JAWA BARAT,32.01,KAB. BOGOR,32.01.40,TENJOLAYA,TAPOS I,,,,,40395,16271,16371,16271;16371;40395,review_required,unresolved,yes,No automatic selection: Kodepos.dev does not corroborate exactly one local source.,no,,diskominfo:32.01.40.2001;open_data_jabar:32.01.40.2001;kodepos_dev:32.01.40.2001,diskominfo_jabar_village_2024_unreviewed;open_data_jabar_postal_2023;kodepos_dev_rest_api,diskominfo:430;open_data_jabar:17824;kodepos_dev:430,2026-08-11,source_disagreement,,No safe suggestion; compare all source values.,all_three_different,DIST-67E8CD0C0EB0,TRIP-51C14735EB56,2,,,,,pending,,,,,,,,,not_started
32.01.40.2002,32,JAWA BARAT,32.01,KAB. BOGOR,32.01.40,TENJOLAYA,TAPOS II,,,,,40395,16271,16371,16271;16371;40395,review_required,unresolved,yes,No automatic selection: Kodepos.dev does not corroborate exactly one local source.,no,,diskominfo:32.01.40.2002;open_data_jabar:32.01.40.2002;kodepos_dev:32.01.40.2002,diskominfo_jabar_village_2024_unreviewed;open_data_jabar_postal_2023;kodepos_dev_rest_api,diskominfo:431;open_data_jabar:17825;kodepos_dev:431,2026-08-11,source_disagreement,,No safe suggestion; compare all source values.,all_three_different,DIST-67E8CD0C0EB0,TRIP-51C14735EB56,2,,,,,pending,,,,,,,,,not_started
32.01.40.2005,32,JAWA BARAT,32.01,KAB. BOGOR,32.01.40,TENJOLAYA,CINANGNENG,,,,,16275,16370,16371,16275;16370;16371,review_required,unresolved,yes,No automatic selection: Kodepos.dev does not corroborate exactly one local source.,no,,diskominfo:32.01.40.2005;open_data_jabar:32.01.40.2005;kodepos_dev:32.01.40.2005,diskominfo_jabar_village_2024_unreviewed;open_data_jabar_postal_2023;kodepos_dev_rest_api,diskominfo:434;open_data_jabar:17829;kodepos_dev:434,2026-08-11,source_disagreement,,No safe suggestion; compare all source values.,all_three_different,DIST-67E8CD0C0EB0,TRIP-A4D24C85642D,1,,,,,pending,,,,,,,,,not_started
32.01.40.2006,32,JAWA BARAT,32.01,KAB. BOGOR,32.01.40,TENJOLAYA,GUNUNG MALANG,,,,,16273,16370,16371,16273;16370;16371,review_required,unresolved,yes,No automatic selection: Kodepos.dev does not corroborate exactly one local source.,no,,diskominfo:32.01.40.2006;open_data_jabar:32.01.40.2006;kodepos_dev:32.01.40.2006,diskominfo_jabar_village_2024_unreviewed;open_data_jabar_postal_2023;kodepos_dev_rest_api,diskominfo:435;open_data_jabar:17830;kodepos_dev:435,2026-08-11,source_disagreement,,No safe suggestion; compare all source values.,all_three_different,DIST-67E8CD0C0EB0,TRIP-DF441979F533,1,,,,,pending,,,,,,,,,not_started
32.17.16.2005,32,JAWA BARAT,32.17,KAB. BANDUNG BARAT,32.17.16,SAGULING,CIPANGERAN,,,,,40764,40561,40560,40560;40561;40764,review_required,unresolved,yes,No automatic selection: Kodepos.dev does not corroborate exactly one local source.,no,,diskominfo:32.17.16.2005;open_data_jabar:32.17.16.2005;kodepos_dev:32.17.16.2005,diskominfo_jabar_village_2024_unreviewed;open_data_jabar_postal_2023;kodepos_dev_rest_api,diskominfo:5362;open_data_jabar:23304;kodepos_dev:5362,2026-08-11,source_disagreement,,No safe suggestion; compare all source values.,all_three_different,DIST-6F6056B44F7B,TRIP-2BDCF7633A75,1,,,,,pending,,,,,,,,,not_started
32.05.21.2002,32,JAWA BARAT,32.05,KAB. GARUT,32.05.21,SUKARESMI,CINTADAMAI,,,,,44155,44163,44154,44154;44155;44163,review_required,unresolved,yes,No automatic selection: Kodepos.dev does not corroborate exactly one local source.,no,,diskominfo:32.05.21.2002;open_data_jabar:32.05.21.2002;kodepos_dev:32.05.21.2002,diskominfo_jabar_village_2024_unreviewed;open_data_jabar_postal_2023;kodepos_dev_rest_api,diskominfo:1717;open_data_jabar:19254;kodepos_dev:1717,2026-08-11,source_disagreement,,No safe suggestion; compare all source values.,all_three_different,DIST-724EB5F71DA0,TRIP-074E12B7C0D0,5,,,,,pending,,,,,,,,,not_started
32.05.21.2003,32,JAWA BARAT,32.05,KAB. GARUT,32.05.21,SUKARESMI,MEKARJAYA,,,,,44155,44163,44154,44154;44155;44163,review_required,unresolved,yes,No automatic selection: Kodepos.dev does not corroborate exactly one local source.,no,,diskominfo:32.05.21.2003;open_data_jabar:32.05.21.2003;kodepos_dev:32.05.21.2003,diskominfo_jabar_village_2024_unreviewed;open_data_jabar_postal_2023;kodepos_dev_rest_api,diskominfo:1718;open_data_jabar:19255;kodepos_dev:1718,2026-08-11,source_disagreement,,No safe suggestion; compare all source values.,all_three_different,DIST-724EB5F71DA0,TRIP-074E12B7C0D0,5,,,,,pending,,,,,,,,,not_started
32.05.21.2004,32,JAWA BARAT,32.05,KAB. GARUT,32.05.21,SUKARESMI,SUKAJAYA,,,,,44155,44163,44154,44154;44155;44163,review_required,unresolved,yes,No automatic selection: Kodepos.dev does not corroborate exactly one local source.,no,,diskominfo:32.05.21.2004;open_data_jabar:32.05.21.2004;kodepos_dev:32.05.21.2004,diskominfo_jabar_village_2024_unreviewed;open_data_jabar_postal_2023;kodepos_dev_rest_api,diskominfo:1719;open_data_jabar:19256;kodepos_dev:1719,2026-08-11,source_disagreement,,No safe suggestion; compare all source values.,all_three_different,DIST-724EB5F71DA0,TRIP-074E12B7C0D0,5,,,,,pending,,,,,,,,,not_started
32.05.21.2005,32,JAWA BARAT,32.05,KAB. GARUT,32.05.21,SUKARESMI,SUKAMULYA,,,,,44155,44163,44154,44154;44155;44163,review_required,unresolved,yes,No automatic selection: Kodepos.dev does not corroborate exactly one local source.,no,,diskominfo:32.05.21.2005;open_data_jabar:32.05.21.2005;kodepos_dev:32.05.21.2005,diskominfo_jabar_village_2024_unreviewed;open_data_jabar_postal_2023;kodepos_dev_rest_api,diskominfo:1720;open_data_jabar:19257;kodepos_dev:1720,2026-08-11,source_disagreement,,No safe suggestion; compare all source values.,all_three_different,DIST-724EB5F71DA0,TRIP-074E12B7C0D0,5,,,,,pending,,,,,,,,,not_started
32.05.21.2006,32,JAWA BARAT,32.05,KAB. GARUT,32.05.21,SUKARESMI,PADAMUKTI,,,,,44155,44163,44154,44154;44155;44163,review_required,unresolved,yes,No automatic selection: Kodepos.dev does not corroborate exactly one local source.,no,,diskominfo:32.05.21.2006;open_data_jabar:32.05.21.2006;kodepos_dev:32.05.21.2006,diskominfo_jabar_village_2024_unreviewed;open_data_jabar_postal_2023;kodepos_dev_rest_api,diskominfo:1721;open_data_jabar:19258;kodepos_dev:1721,2026-08-11,source_disagreement,,No safe suggestion; compare all source values.,all_three_different,DIST-724EB5F71DA0,TRIP-074E12B7C0D0,5,,,,,pending,,,,,,,,,not_started
32.05.21.2007,32,JAWA BARAT,32.05,KAB. GARUT,32.05.21,SUKARESMI,SUKALILAH,,,,,44185,44163,44154,44154;44163;44185,review_required,unresolved,yes,No automatic selection: Kodepos.dev does not corroborate exactly one local source.,no,,diskominfo:32.05.21.2007;open_data_jabar:32.05.21.2007;kodepos_dev:32.05.21.2007,diskominfo_jabar_village_2024_unreviewed;open_data_jabar_postal_2023;kodepos_dev_rest_api,diskominfo:1722;open_data_jabar:19260;kodepos_dev:1722,2026-08-11,source_disagreement,,No safe suggestion; compare all source values.,all_three_different,DIST-724EB5F71DA0,TRIP-41CD6C081027,1,,,,,pending,,,,,,,,,not_started
32.05.21.2001,32,JAWA BARAT,32.05,KAB. GARUT,32.05.21,SUKARESMI,SUKARESMI,,,,,44155,42265,44154,42265;44154;44155,review_required,unresolved,yes,No automatic selection: Kodepos.dev does not corroborate exactly one local source.,no,,diskominfo:32.05.21.2001;open_data_jabar:32.05.21.2001;kodepos_dev:32.05.21.2001,diskominfo_jabar_village_2024_unreviewed;open_data_jabar_postal_2023;kodepos_dev_rest_api,diskominfo:1716;open_data_jabar:19253;kodepos_dev:1716,2026-08-11,source_disagreement,,No safe suggestion; compare all source values.,all_three_different,DIST-724EB5F71DA0,TRIP-5326DE9D5F29,1,,,,,pending,,,,,,,,,not_started
32.03.26.2001,32,JAWA BARAT,32.03,KAB. CIANJUR,32.03.26,CIKADU,KALAPANUNGGAL,,,,,43276,43284,43286,43276;43284;43286,review_required,unresolved,yes,No automatic selection: Kodepos.dev does not corroborate exactly one local source.,no,,diskominfo:32.03.26.2001;open_data_jabar:32.03.26.2001;kodepos_dev:32.03.26.2001,diskominfo_jabar_village_2024_unreviewed;open_data_jabar_postal_2023;kodepos_dev_rest_api,diskominfo:1119;open_data_jabar:18589;kodepos_dev:1119,2026-08-11,source_disagreement,,No safe suggestion; compare all source values.,all_three_different,DIST-74661E876607,TRIP-9A082A033509,10,,,,,pending,,,,,,,,,not_started
32.03.26.2002,32,JAWA BARAT,32.03,KAB. CIANJUR,32.03.26,CIKADU,CIKADU,,,,,43276,43284,43286,43276;43284;43286,review_required,unresolved,yes,No automatic selection: Kodepos.dev does not corroborate exactly one local source.,no,,diskominfo:32.03.26.2002;open_data_jabar:32.03.26.2002;kodepos_dev:32.03.26.2002,diskominfo_jabar_village_2024_unreviewed;open_data_jabar_postal_2023;kodepos_dev_rest_api,diskominfo:1120;open_data_jabar:18590;kodepos_dev:1120,2026-08-11,source_disagreement,,No safe suggestion; compare all source values.,all_three_different,DIST-74661E876607,TRIP-9A082A033509,10,,,,,pending,,,,,,,,,not_started
32.03.26.2003,32,JAWA BARAT,32.03,KAB. CIANJUR,32.03.26,CIKADU,MEKARWANGI,,,,,43276,43284,43286,43276;43284;43286,review_required,unresolved,yes,No automatic selection: Kodepos.dev does not corroborate exactly one local source.,no,,diskominfo:32.03.26.2003;open_data_jabar:32.03.26.2003;kodepos_dev:32.03.26.2003,diskominfo_jabar_village_2024_unreviewed;open_data_jabar_postal_2023;kodepos_dev_rest_api,diskominfo:1121;open_data_jabar:18591;kodepos_dev:1121,2026-08-11,source_disagreement,,No safe suggestion; compare all source values.,all_three_different,DIST-74661E876607,TRIP-9A082A033509,10,,,,,pending,,,,,,,,,not_started
32.03.26.2004,32,JAWA BARAT,32.03,KAB. CIANJUR,32.03.26,CIKADU,PADALUYU,,,,,43276,43284,43286,43276;43284;43286,review_required,unresolved,yes,No automatic selection: Kodepos.dev does not corroborate exactly one local source.,no,,diskominfo:32.03.26.2004;open_data_jabar:32.03.26.2004;kodepos_dev:32.03.26.2004,diskominfo_jabar_village_2024_unreviewed;open_data_jabar_postal_2023;kodepos_dev_rest_api,diskominfo:1122;open_data_jabar:18593;kodepos_dev:1122,2026-08-11,source_disagreement,,No safe suggestion; compare all source values.,all_three_different,DIST-74661E876607,TRIP-9A082A033509,10,,,,,pending,,,,,,,,,not_started
32.03.26.2005,32,JAWA BARAT,32.03,KAB. CIANJUR,32.03.26,CIKADU,SUKAMULYA,,,,,43276,43284,43286,43276;43284;43286,review_required,unresolved,yes,No automatic selection: Kodepos.dev does not corroborate exactly one local source.,no,,diskominfo:32.03.26.2005;open_data_jabar:32.03.26.2005;kodepos_dev:32.03.26.2005,diskominfo_jabar_village_2024_unreviewed;open_data_jabar_postal_2023;kodepos_dev_rest_api,diskominfo:1123;open_data_jabar:18594;kodepos_dev:1123,2026-08-11,source_disagreement,,No safe suggestion; compare all source values.,all_three_different,DIST-74661E876607,TRIP-9A082A033509,10,,,,,pending,,,,,,,,,not_started
32.03.26.2006,32,JAWA BARAT,32.03,KAB. CIANJUR,32.03.26,CIKADU,CISARANTEN,,,,,43276,43284,43286,43276;43284;43286,review_required,unresolved,yes,No automatic selection: Kodepos.dev does not corroborate exactly one local source.,no,,diskominfo:32.03.26.2006;open_data_jabar:32.03.26.2006;kodepos_dev:32.03.26.2006,diskominfo_jabar_village_2024_unreviewed;open_data_jabar_postal_2023;kodepos_dev_rest_api,diskominfo:1124;open_data_jabar:18595;kodepos_dev:1124,2026-08-11,source_disagreement,,No safe suggestion; compare all source values.,all_three_different,DIST-74661E876607,TRIP-9A082A033509,10,,,,,pending,,,,,,,,,not_started
32.03.26.2007,32,JAWA BARAT,32.03,KAB. CIANJUR,32.03.26,CIKADU,MEKARLAKSANA,,,,,43276,43284,43286,43276;43284;43286,review_required,unresolved,yes,No automatic selection: Kodepos.dev does not corroborate exactly one local source.,no,,diskominfo:32.03.26.2007;open_data_jabar:32.03.26.2007;kodepos_dev:32.03.26.2007,diskominfo_jabar_village_2024_unreviewed;open_data_jabar_postal_2023;kodepos_dev_rest_api,diskominfo:1125;open_data_jabar:18596;kodepos_dev:1125,2026-08-11,source_disagreement,,No safe suggestion; compare all source values.,all_three_different,DIST-74661E876607,TRIP-9A082A033509,10,,,,,pending,,,,,,,,,not_started
32.03.26.2008,32,JAWA BARAT,32.03,KAB. CIANJUR,32.03.26,CIKADU,SUKALUYU,,,,,43276,43284,43286,43276;43284;43286,review_required,unresolved,yes,No automatic selection: Kodepos.dev does not corroborate exactly one local source.,no,,diskominfo:32.03.26.2008;open_data_jabar:32.03.26.2008;kodepos_dev:32.03.26.2008,diskominfo_jabar_village_2024_unreviewed;open_data_jabar_postal_2023;kodepos_dev_rest_api,diskominfo:1126;open_data_jabar:18597;kodepos_dev:1126,2026-08-11,source_disagreement,,No safe suggestion; compare all source values.,all_three_different,DIST-74661E876607,TRIP-9A082A033509,10,,,,,pending,,,,,,,,,not_started
32.03.26.2009,32,JAWA BARAT,32.03,KAB. CIANJUR,32.03.26,CIKADU,MEKARJAYA,,,,,43276,43284,43286,43276;43284;43286,review_required,unresolved,yes,No automatic selection: Kodepos.dev does not corroborate exactly one local source.,no,,diskominfo:32.03.26.2009;open_data_jabar:32.03.26.2009;kodepos_dev:32.03.26.2009,diskominfo_jabar_village_2024_unreviewed;open_data_jabar_postal_2023;kodepos_dev_rest_api,diskominfo:1127;open_data_jabar:18598;kodepos_dev:1127,2026-08-11,source_disagreement,,No safe suggestion; compare all source values.,all_three_different,DIST-74661E876607,TRIP-9A082A033509,10,,,,,pending,,,,,,,,,not_started
32.03.26.2010,32,JAWA BARAT,32.03,KAB. CIANJUR,32.03.26,CIKADU,SUKAMANAH,,,,,43276,43284,43286,43276;43284;43286,review_required,unresolved,yes,No automatic selection: Kodepos.dev does not corroborate exactly one local source.,no,,diskominfo:32.03.26.2010;open_data_jabar:32.03.26.2010;kodepos_dev:32.03.26.2010,diskominfo_jabar_village_2024_unreviewed;open_data_jabar_postal_2023;kodepos_dev_rest_api,diskominfo:1128;open_data_jabar:18599;kodepos_dev:1128,2026-08-11,source_disagreement,,No safe suggestion; compare all source values.,all_three_different,DIST-74661E876607,TRIP-9A082A033509,10,,,,,pending,,,,,,,,,not_started
32.06.21.2001,32,JAWA BARAT,32.06,KAB. TASIKMALAYA,32.06.21,KARANG JAYA,SIRNAJAYA,,,,,46483,46499,46199,46199;46483;46499,review_required,unresolved,yes,No automatic selection: Kodepos.dev does not corroborate exactly one local source.,no,,diskominfo:32.06.21.2001;open_data_jabar:32.06.21.2001;kodepos_dev:32.06.21.2001,diskominfo_jabar_village_2024_unreviewed;open_data_jabar_postal_2023;kodepos_dev_rest_api,diskominfo:2096;open_data_jabar:19675;kodepos_dev:2096,2026-08-11,source_disagreement,,No safe suggestion; compare all source values.,all_three_different,DIST-7916A8F1F75C,TRIP-42C7C982FCC1,1,,,,,pending,,,,,,,,,not_started
32.09.19.2001,32,JAWA BARAT,32.09,KAB. CIREBON,32.09.19,WERU,KARANGSARI,,,,,45644,45154,45159,45154;45159;45644,review_required,unresolved,yes,No automatic selection: Kodepos.dev does not corroborate exactly one local source.,no,,diskominfo:32.09.19.2001;open_data_jabar:32.09.19.2001;kodepos_dev:32.09.19.2001,diskominfo_jabar_village_2024_unreviewed;open_data_jabar_postal_2023;kodepos_dev_rest_api,diskominfo:3107;open_data_jabar:20798;kodepos_dev:3107,2026-08-11,source_disagreement,,No safe suggestion; compare all source values.,all_three_different,DIST-7A278782B60A,TRIP-2CE814B9BA28,6,,,,,pending,,,,,,,,,not_started
32.09.19.2002,32,JAWA BARAT,32.09,KAB. CIREBON,32.09.19,WERU,KERTASARI,,,,,45644,45154,45159,45154;45159;45644,review_required,unresolved,yes,No automatic selection: Kodepos.dev does not corroborate exactly one local source.,no,,diskominfo:32.09.19.2002;open_data_jabar:32.09.19.2002;kodepos_dev:32.09.19.2002,diskominfo_jabar_village_2024_unreviewed;open_data_jabar_postal_2023;kodepos_dev_rest_api,diskominfo:3108;open_data_jabar:20799;kodepos_dev:3108,2026-08-11,source_disagreement,,No safe suggestion; compare all source values.,all_three_different,DIST-7A278782B60A,TRIP-2CE814B9BA28,6,,,,,pending,,,,,,,,,not_started
32.09.19.2006,32,JAWA BARAT,32.09,KAB. CIREBON,32.09.19,WERU,SETU KULON,,,,,45644,45154,45159,45154;45159;45644,review_required,unresolved,yes,No automatic selection: Kodepos.dev does not corroborate exactly one local source.,no,,diskominfo:32.09.19.2006;open_data_jabar:32.09.19.2006;kodepos_dev:32.09.19.2006,diskominfo_jabar_village_2024_unreviewed;open_data_jabar_postal_2023;kodepos_dev_rest_api,diskominfo:3112;open_data_jabar:20804;kodepos_dev:3112,2026-08-11,source_disagreement,,No safe suggestion; compare all source values.,all_three_different,DIST-7A278782B60A,TRIP-2CE814B9BA28,6,,,,,pending,,,,,,,,,not_started
32.09.19.2007,32,JAWA BARAT,32.09,KAB. CIREBON,32.09.19,WERU,WERU KIDUL,,,,,45644,45154,45159,45154;45159;45644,review_required,unresolved,yes,No automatic selection: Kodepos.dev does not corroborate exactly one local source.,no,,diskominfo:32.09.19.2007;open_data_jabar:32.09.19.2007;kodepos_dev:32.09.19.2007,diskominfo_jabar_village_2024_unreviewed;open_data_jabar_postal_2023;kodepos_dev_rest_api,diskominfo:3113;open_data_jabar:20805;kodepos_dev:3113,2026-08-11,source_disagreement,,No safe suggestion; compare all source values.,all_three_different,DIST-7A278782B60A,TRIP-2CE814B9BA28,6,,,,,pending,,,,,,,,,not_started
32.09.19.2008,32,JAWA BARAT,32.09,KAB. CIREBON,32.09.19,WERU,WERU LOR,,,,,45644,45154,45159,45154;45159;45644,review_required,unresolved,yes,No automatic selection: Kodepos.dev does not corroborate exactly one local source.,no,,diskominfo:32.09.19.2008;open_data_jabar:32.09.19.2008;kodepos_dev:32.09.19.2008,diskominfo_jabar_village_2024_unreviewed;open_data_jabar_postal_2023;kodepos_dev_rest_api,diskominfo:3114;open_data_jabar:20806;kodepos_dev:3114,2026-08-11,source_disagreement,,No safe suggestion; compare all source values.,all_three_different,DIST-7A278782B60A,TRIP-2CE814B9BA28,6,,,,,pending,,,,,,,,,not_started
32.09.19.2009,32,JAWA BARAT,32.09,KAB. CIREBON,32.09.19,WERU,TEGALWANGI,,,,,45644,45154,45159,45154;45159;45644,review_required,unresolved,yes,No automatic selection: Kodepos.dev does not corroborate exactly one local source.,no,,diskominfo:32.09.19.2009;open_data_jabar:32.09.19.2009;kodepos_dev:32.09.19.2009,diskominfo_jabar_village_2024_unreviewed;open_data_jabar_postal_2023;kodepos_dev_rest_api,diskominfo:3115;open_data_jabar:20807;kodepos_dev:3115,2026-08-11,source_disagreement,,No safe suggestion; compare all source values.,all_three_different,DIST-7A278782B60A,TRIP-2CE814B9BA28,6,,,,,pending,,,,,,,,,not_started
32.09.19.2005,32,JAWA BARAT,32.09,KAB. CIREBON,32.09.19,WERU,SETU WETAN,,,,,45644,45651,45159,45159;45644;45651,review_required,unresolved,yes,No automatic selection: Kodepos.dev does not corroborate exactly one local source.,no,,diskominfo:32.09.19.2005;open_data_jabar:32.09.19.2005;kodepos_dev:32.09.19.2005,diskominfo_jabar_village_2024_unreviewed;open_data_jabar_postal_2023;kodepos_dev_rest_api,diskominfo:3111;open_data_jabar:20802;kodepos_dev:3111,2026-08-11,source_disagreement,,No safe suggestion; compare all source values.,all_three_different,DIST-7A278782B60A,TRIP-61EB9AC23991,1,,,,,pending,,,,,,,,,not_started
32.06.37.2001,32,JAWA BARAT,32.06,KAB. TASIKMALAYA,32.06.37,KADIPATEN,KADIPATEN,,,,,46457,46156,46157,46156;46157;46457,review_required,unresolved,yes,No automatic selection: Kodepos.dev does not corroborate exactly one local source.,no,,diskominfo:32.06.37.2001;open_data_jabar:32.06.37.2001;kodepos_dev:32.06.37.2001,diskominfo_jabar_village_2024_unreviewed;open_data_jabar_postal_2023;kodepos_dev_rest_api,diskominfo:2232;open_data_jabar:19826;kodepos_dev:2232,2026-08-11,source_disagreement,,No safe suggestion; compare all source values.,all_three_different,DIST-7B4B900256F8,TRIP-60ED5C89D9FB,6,,,,,pending,,,,,,,,,not_started
32.06.37.2002,32,JAWA BARAT,32.06,KAB. TASIKMALAYA,32.06.37,KADIPATEN,DIRGAHAYU,,,,,46457,46156,46157,46156;46157;46457,review_required,unresolved,yes,No automatic selection: Kodepos.dev does not corroborate exactly one local source.,no,,diskominfo:32.06.37.2002;open_data_jabar:32.06.37.2002;kodepos_dev:32.06.37.2002,diskominfo_jabar_village_2024_unreviewed;open_data_jabar_postal_2023;kodepos_dev_rest_api,diskominfo:2233;open_data_jabar:19827;kodepos_dev:2233,2026-08-11,source_disagreement,,No safe suggestion; compare all source values.,all_three_different,DIST-7B4B900256F8,TRIP-60ED5C89D9FB,6,,,,,pending,,,,,,,,,not_started
32.06.37.2003,32,JAWA BARAT,32.06,KAB. TASIKMALAYA,32.06.37,KADIPATEN,CIBAHAYU,,,,,46457,46156,46157,46156;46157;46457,review_required,unresolved,yes,No automatic selection: Kodepos.dev does not corroborate exactly one local source.,no,,diskominfo:32.06.37.2003;open_data_jabar:32.06.37.2003;kodepos_dev:32.06.37.2003,diskominfo_jabar_village_2024_unreviewed;open_data_jabar_postal_2023;kodepos_dev_rest_api,diskominfo:2234;open_data_jabar:19828;kodepos_dev:2234,2026-08-11,source_disagreement,,No safe suggestion; compare all source values.,all_three_different,DIST-7B4B900256F8,TRIP-60ED5C89D9FB,6,,,,,pending,,,,,,,,,not_started
32.06.37.2004,32,JAWA BARAT,32.06,KAB. TASIKMALAYA,32.06.37,KADIPATEN,MEKARSARI,,,,,46457,46156,46157,46156;46157;46457,review_required,unresolved,yes,No automatic selection: Kodepos.dev does not corroborate exactly one local source.,no,,diskominfo:32.06.37.2004;open_data_jabar:32.06.37.2004;kodepos_dev:32.06.37.2004,diskominfo_jabar_village_2024_unreviewed;open_data_jabar_postal_2023;kodepos_dev_rest_api,diskominfo:2235;open_data_jabar:19829;kodepos_dev:2235,2026-08-11,source_disagreement,,No safe suggestion; compare all source values.,all_three_different,DIST-7B4B900256F8,TRIP-60ED5C89D9FB,6,,,,,pending,,,,,,,,,not_started
32.06.37.2005,32,JAWA BARAT,32.06,KAB. TASIKMALAYA,32.06.37,KADIPATEN,BUNIASIH,,,,,46457,46156,46157,46156;46157;46457,review_required,unresolved,yes,No automatic selection: Kodepos.dev does not corroborate exactly one local source.,no,,diskominfo:32.06.37.2005;open_data_jabar:32.06.37.2005;kodepos_dev:32.06.37.2005,diskominfo_jabar_village_2024_unreviewed;open_data_jabar_postal_2023;kodepos_dev_rest_api,diskominfo:2236;open_data_jabar:19830;kodepos_dev:2236,2026-08-11,source_disagreement,,No safe suggestion; compare all source values.,all_three_different,DIST-7B4B900256F8,TRIP-60ED5C89D9FB,6,,,,,pending,,,,,,,,,not_started
32.06.37.2006,32,JAWA BARAT,32.06,KAB. TASIKMALAYA,32.06.37,KADIPATEN,PAMOYANAN,,,,,46457,46156,46157,46156;46157;46457,review_required,unresolved,yes,No automatic selection: Kodepos.dev does not corroborate exactly one local source.,no,,diskominfo:32.06.37.2006;open_data_jabar:32.06.37.2006;kodepos_dev:32.06.37.2006,diskominfo_jabar_village_2024_unreviewed;open_data_jabar_postal_2023;kodepos_dev_rest_api,diskominfo:2237;open_data_jabar:19831;kodepos_dev:2237,2026-08-11,source_disagreement,,No safe suggestion; compare all source values.,all_three_different,DIST-7B4B900256F8,TRIP-60ED5C89D9FB,6,,,,,pending,,,,,,,,,not_started
32.76.11.1001,32,JAWA BARAT,32.76,KOTA DEPOK,32.76.11,BOJONGSARI,BOJONGSARI,,,,,40354,53362,16516,16516;40354;53362,review_required,unresolved,yes,No automatic selection: Kodepos.dev does not corroborate exactly one local source.,no,,diskominfo:32.76.11.1001;open_data_jabar:32.76.11.1001;kodepos_dev:32.76.11.1001,diskominfo_jabar_village_2024_unreviewed;open_data_jabar_postal_2023;kodepos_dev_rest_api,diskominfo:5843;open_data_jabar:23839;kodepos_dev:5843,2026-08-11,source_disagreement,,No safe suggestion; compare all source values.,all_three_different,DIST-7C49E1DCC1B7,TRIP-F03A936D779A,1,,,,,pending,,,,,,,,,not_started
32.13.27.2001,32,JAWA BARAT,32.13,KAB. SUBANG,32.13.27,DAWUAN,MANYETI,,,,,41273,41271,41270,41270;41271;41273,review_required,unresolved,yes,No automatic selection: Kodepos.dev does not corroborate exactly one local source.,no,,diskominfo:32.13.27.2001;open_data_jabar:32.13.27.2001;kodepos_dev:32.13.27.2001,diskominfo_jabar_village_2024_unreviewed;open_data_jabar_postal_2023;kodepos_dev_rest_api,diskominfo:4477;open_data_jabar:22321;kodepos_dev:4477,2026-08-11,source_disagreement,,No safe suggestion; compare all source values.,all_three_different,DIST-81B9D0F3B1F2,TRIP-5E646EDC0B39,10,,,,,pending,,,,,,,,,not_started
32.13.27.2002,32,JAWA BARAT,32.13,KAB. SUBANG,32.13.27,DAWUAN,RAWALELE,,,,,41273,41271,41270,41270;41271;41273,review_required,unresolved,yes,No automatic selection: Kodepos.dev does not corroborate exactly one local source.,no,,diskominfo:32.13.27.2002;open_data_jabar:32.13.27.2002;kodepos_dev:32.13.27.2002,diskominfo_jabar_village_2024_unreviewed;open_data_jabar_postal_2023;kodepos_dev_rest_api,diskominfo:4478;open_data_jabar:22322;kodepos_dev:4478,2026-08-11,source_disagreement,,No safe suggestion; compare all source values.,all_three_different,DIST-81B9D0F3B1F2,TRIP-5E646EDC0B39,10,,,,,pending,,,,,,,,,not_started
32.13.27.2003,32,JAWA BARAT,32.13,KAB. SUBANG,32.13.27,DAWUAN,SUKASARI,,,,,41273,41271,41270,41270;41271;41273,review_required,unresolved,yes,No automatic selection: Kodepos.dev does not corroborate exactly one local source.,no,,diskominfo:32.13.27.2003;open_data_jabar:32.13.27.2003;kodepos_dev:32.13.27.2003,diskominfo_jabar_village_2024_unreviewed;open_data_jabar_postal_2023;kodepos_dev_rest_api,diskominfo:4479;open_data_jabar:22323;kodepos_dev:4479,2026-08-11,source_disagreement,,No safe suggestion; compare all source values.,all_three_different,DIST-81B9D0F3B1F2,TRIP-5E646EDC0B39,10,,,,,pending,,,,,,,,,not_started
32.13.27.2004,32,JAWA BARAT,32.13,KAB. SUBANG,32.13.27,DAWUAN,SITUSARI,,,,,41273,41271,41270,41270;41271;41273,review_required,unresolved,yes,No automatic selection: Kodepos.dev does not corroborate exactly one local source.,no,,diskominfo:32.13.27.2004;open_data_jabar:32.13.27.2004;kodepos_dev:32.13.27.2004,diskominfo_jabar_village_2024_unreviewed;open_data_jabar_postal_2023;kodepos_dev_rest_api,diskominfo:4480;open_data_jabar:22324;kodepos_dev:4480,2026-08-11,source_disagreement,,No safe suggestion; compare all source values.,all_three_different,DIST-81B9D0F3B1F2,TRIP-5E646EDC0B39,10,,,,,pending,,,,,,,,,not_started
32.13.27.2005,32,JAWA BARAT,32.13,KAB. SUBANG,32.13.27,DAWUAN,DAWUAN KALER,,,,,41273,41271,41270,41270;41271;41273,review_required,unresolved,yes,No automatic selection: Kodepos.dev does not corroborate exactly one local source.,no,,diskominfo:32.13.27.2005;open_data_jabar:32.13.27.2005;kodepos_dev:32.13.27.2005,diskominfo_jabar_village_2024_unreviewed;open_data_jabar_postal_2023;kodepos_dev_rest_api,diskominfo:4481;open_data_jabar:22325;kodepos_dev:4481,2026-08-11,source_disagreement,,No safe suggestion; compare all source values.,all_three_different,DIST-81B9D0F3B1F2,TRIP-5E646EDC0B39,10,,,,,pending,,,,,,,,,not_started
32.13.27.2006,32,JAWA BARAT,32.13,KAB. SUBANG,32.13.27,DAWUAN,DAWUAN KIDUL,,,,,41273,41271,41270,41270;41271;41273,review_required,unresolved,yes,No automatic selection: Kodepos.dev does not corroborate exactly one local source.,no,,diskominfo:32.13.27.2006;open_data_jabar:32.13.27.2006;kodepos_dev:32.13.27.2006,diskominfo_jabar_village_2024_unreviewed;open_data_jabar_postal_2023;kodepos_dev_rest_api,diskominfo:4482;open_data_jabar:22327;kodepos_dev:4482,2026-08-11,source_disagreement,,No safe suggestion; compare all source values.,all_three_different,DIST-81B9D0F3B1F2,TRIP-5E646EDC0B39,10,,,,,pending,,,,,,,,,not_started
32.13.27.2007,32,JAWA BARAT,32.13,KAB. SUBANG,32.13.27,DAWUAN,CISAMPIH,,,,,41273,41271,41270,41270;41271;41273,review_required,unresolved,yes,No automatic selection: Kodepos.dev does not corroborate exactly one local source.,no,,diskominfo:32.13.27.2007;open_data_jabar:32.13.27.2007;kodepos_dev:32.13.27.2007,diskominfo_jabar_village_2024_unreviewed;open_data_jabar_postal_2023;kodepos_dev_rest_api,diskominfo:4483;open_data_jabar:22328;kodepos_dev:4483,2026-08-11,source_disagreement,,No safe suggestion; compare all source values.,all_three_different,DIST-81B9D0F3B1F2,TRIP-5E646EDC0B39,10,,,,,pending,,,,,,,,,not_started
32.13.27.2008,32,JAWA BARAT,32.13,KAB. SUBANG,32.13.27,DAWUAN,MARGASARI,,,,,41273,41271,41270,41270;41271;41273,review_required,unresolved,yes,No automatic selection: Kodepos.dev does not corroborate exactly one local source.,no,,diskominfo:32.13.27.2008;open_data_jabar:32.13.27.2008;kodepos_dev:32.13.27.2008,diskominfo_jabar_village_2024_unreviewed;open_data_jabar_postal_2023;kodepos_dev_rest_api,diskominfo:4484;open_data_jabar:22329;kodepos_dev:4484,2026-08-11,source_disagreement,,No safe suggestion; compare all source values.,all_three_different,DIST-81B9D0F3B1F2,TRIP-5E646EDC0B39,10,,,,,pending,,,,,,,,,not_started
32.13.27.2009,32,JAWA BARAT,32.13,KAB. SUBANG,32.13.27,DAWUAN,BATUSARI,,,,,41273,41271,41270,41270;41271;41273,review_required,unresolved,yes,No automatic selection: Kodepos.dev does not corroborate exactly one local source.,no,,diskominfo:32.13.27.2009;open_data_jabar:32.13.27.2009;kodepos_dev:32.13.27.2009,diskominfo_jabar_village_2024_unreviewed;open_data_jabar_postal_2023;kodepos_dev_rest_api,diskominfo:4485;open_data_jabar:22330;kodepos_dev:4485,2026-08-11,source_disagreement,,No safe suggestion; compare all source values.,all_three_different,DIST-81B9D0F3B1F2,TRIP-5E646EDC0B39,10,,,,,pending,,,,,,,,,not_started
32.13.27.2010,32,JAWA BARAT,32.13,KAB. SUBANG,32.13.27,DAWUAN,JAMBELAER,,,,,41273,41271,41270,41270;41271;41273,review_required,unresolved,yes,No automatic selection: Kodepos.dev does not corroborate exactly one local source.,no,,diskominfo:32.13.27.2010;open_data_jabar:32.13.27.2010;kodepos_dev:32.13.27.2010,diskominfo_jabar_village_2024_unreviewed;open_data_jabar_postal_2023;kodepos_dev_rest_api,diskominfo:4486;open_data_jabar:22331;kodepos_dev:4486,2026-08-11,source_disagreement,,No safe suggestion; compare all source values.,all_three_different,DIST-81B9D0F3B1F2,TRIP-5E646EDC0B39,10,,,,,pending,,,,,,,,,not_started
32.09.34.2001,32,JAWA BARAT,32.09,KAB. CIREBON,32.09.34,KARANGWARENG,SEUSEUPAN,,,,,45695,45186,45184,45184;45186;45695,review_required,unresolved,yes,No automatic selection: Kodepos.dev does not corroborate exactly one local source.,no,,diskominfo:32.09.34.2001;open_data_jabar:32.09.34.2001;kodepos_dev:32.09.34.2001,diskominfo_jabar_village_2024_unreviewed;open_data_jabar_postal_2023;kodepos_dev_rest_api,diskominfo:3257;open_data_jabar:20964;kodepos_dev:3259,2026-08-11,source_disagreement,,No safe suggestion; compare all source values.,all_three_different,DIST-8295F7D34955,TRIP-4E539464E72A,9,,,,,pending,,,,,,,,,not_started
32.09.34.2002,32,JAWA BARAT,32.09,KAB. CIREBON,32.09.34,KARANGWARENG,BLENDER,,,,,45695,45186,45184,45184;45186;45695,review_required,unresolved,yes,No automatic selection: Kodepos.dev does not corroborate exactly one local source.,no,,diskominfo:32.09.34.2002;open_data_jabar:32.09.34.2002;kodepos_dev:32.09.34.2002,diskominfo_jabar_village_2024_unreviewed;open_data_jabar_postal_2023;kodepos_dev_rest_api,diskominfo:3258;open_data_jabar:20965;kodepos_dev:3260,2026-08-11,source_disagreement,,No safe suggestion; compare all source values.,all_three_different,DIST-8295F7D34955,TRIP-4E539464E72A,9,,,,,pending,,,,,,,,,not_started
32.09.34.2003,32,JAWA BARAT,32.09,KAB. CIREBON,32.09.34,KARANGWARENG,SUMURKONDANG,,,,,45695,45186,45184,45184;45186;45695,review_required,unresolved,yes,No automatic selection: Kodepos.dev does not corroborate exactly one local source.,no,,diskominfo:32.09.34.2003;open_data_jabar:32.09.34.2003;kodepos_dev:32.09.34.2003,diskominfo_jabar_village_2024_unreviewed;open_data_jabar_postal_2023;kodepos_dev_rest_api,diskominfo:3259;open_data_jabar:20966;kodepos_dev:3261,2026-08-11,source_disagreement,,No safe suggestion; compare all source values.,all_three_different,DIST-8295F7D34955,TRIP-4E539464E72A,9,,,,,pending,,,,,,,,,not_started
32.09.34.2004,32,JAWA BARAT,32.09,KAB. CIREBON,32.09.34,KARANGWARENG,KUBANGDELEG,,,,,45695,45186,45184,45184;45186;45695,review_required,unresolved,yes,No automatic selection: Kodepos.dev does not corroborate exactly one local source.,no,,diskominfo:32.09.34.2004;open_data_jabar:32.09.34.2004;kodepos_dev:32.09.34.2004,diskominfo_jabar_village_2024_unreviewed;open_data_jabar_postal_2023;kodepos_dev_rest_api,diskominfo:3260;open_data_jabar:20967;kodepos_dev:3262,2026-08-11,source_disagreement,,No safe suggestion; compare all source values.,all_three_different,DIST-8295F7D34955,TRIP-4E539464E72A,9,,,,,pending,,,,,,,,,not_started
32.09.34.2005,32,JAWA BARAT,32.09,KAB. CIREBON,32.09.34,KARANGWARENG,JATIPIRING,,,,,45695,45186,45184,45184;45186;45695,review_required,unresolved,yes,No automatic selection: Kodepos.dev does not corroborate exactly one local source.,no,,diskominfo:32.09.34.2005;open_data_jabar:32.09.34.2005;kodepos_dev:32.09.34.2005,diskominfo_jabar_village_2024_unreviewed;open_data_jabar_postal_2023;kodepos_dev_rest_api,diskominfo:3261;open_data_jabar:20968;kodepos_dev:3263,2026-08-11,source_disagreement,,No safe suggestion; compare all source values.,all_three_different,DIST-8295F7D34955,TRIP-4E539464E72A,9,,,,,pending,,,,,,,,,not_started
32.09.34.2006,32,JAWA BARAT,32.09,KAB. CIREBON,32.09.34,KARANGWARENG,KARANGANYAR,,,,,45695,45186,45184,45184;45186;45695,review_required,unresolved,yes,No automatic selection: Kodepos.dev does not corroborate exactly one local source.,no,,diskominfo:32.09.34.2006;open_data_jabar:32.09.34.2006;kodepos_dev:32.09.34.2006,diskominfo_jabar_village_2024_unreviewed;open_data_jabar_postal_2023;kodepos_dev_rest_api,diskominfo:3262;open_data_jabar:20970;kodepos_dev:3264,2026-08-11,source_disagreement,,No safe suggestion; compare all source values.,all_three_different,DIST-8295F7D34955,TRIP-4E539464E72A,9,,,,,pending,,,,,,,,,not_started
32.09.34.2007,32,JAWA BARAT,32.09,KAB. CIREBON,32.09.34,KARANGWARENG,KARANGWANGI,,,,,45695,45186,45184,45184;45186;45695,review_required,unresolved,yes,No automatic selection: Kodepos.dev does not corroborate exactly one local source.,no,,diskominfo:32.09.34.2007;open_data_jabar:32.09.34.2007;kodepos_dev:32.09.34.2007,diskominfo_jabar_village_2024_unreviewed;open_data_jabar_postal_2023;kodepos_dev_rest_api,diskominfo:3263;open_data_jabar:20971;kodepos_dev:3265,2026-08-11,source_disagreement,,No safe suggestion; compare all source values.,all_three_different,DIST-8295F7D34955,TRIP-4E539464E72A,9,,,,,pending,,,,,,,,,not_started
32.09.34.2008,32,JAWA BARAT,32.09,KAB. CIREBON,32.09.34,KARANGWARENG,KARANGWARENG,,,,,45695,45186,45184,45184;45186;45695,review_required,unresolved,yes,No automatic selection: Kodepos.dev does not corroborate exactly one local source.,no,,diskominfo:32.09.34.2008;open_data_jabar:32.09.34.2008;kodepos_dev:32.09.34.2008,diskominfo_jabar_village_2024_unreviewed;open_data_jabar_postal_2023;kodepos_dev_rest_api,diskominfo:3264;open_data_jabar:20972;kodepos_dev:3266,2026-08-11,source_disagreement,,No safe suggestion; compare all source values.,all_three_different,DIST-8295F7D34955,TRIP-4E539464E72A,9,,,,,pending,,,,,,,,,not_started
32.09.34.2009,32,JAWA BARAT,32.09,KAB. CIREBON,32.09.34,KARANGWARENG,KARANGASEM,,,,,45695,45186,45184,45184;45186;45695,review_required,unresolved,yes,No automatic selection: Kodepos.dev does not corroborate exactly one local source.,no,,diskominfo:32.09.34.2009;open_data_jabar:32.09.34.2009;kodepos_dev:32.09.34.2009,diskominfo_jabar_village_2024_unreviewed;open_data_jabar_postal_2023;kodepos_dev_rest_api,diskominfo:3265;open_data_jabar:20973;kodepos_dev:3267,2026-08-11,source_disagreement,,No safe suggestion; compare all source values.,all_three_different,DIST-8295F7D34955,TRIP-4E539464E72A,9,,,,,pending,,,,,,,,,not_started
32.15.21.2001,32,JAWA BARAT,32.15,KAB. KARAWANG,32.15.21,MAJALAYA,MAJALAYA,,,,,41388,41371,41370,41370;41371;41388,review_required,unresolved,yes,No automatic selection: Kodepos.dev does not corroborate exactly one local source.,no,,diskominfo:32.15.21.2001;open_data_jabar:32.15.21.2001;kodepos_dev:32.15.21.2001,diskominfo_jabar_village_2024_unreviewed;open_data_jabar_postal_2023;kodepos_dev_rest_api,diskominfo:4919;open_data_jabar:22812;kodepos_dev:4919,2026-08-11,source_disagreement,,No safe suggestion; compare all source values.,all_three_different,DIST-8451640AA2AF,TRIP-D3C949E0FEE8,7,,,,,pending,,,,,,,,,not_started
32.15.21.2002,32,JAWA BARAT,32.15,KAB. KARAWANG,32.15.21,MAJALAYA,CIRANGGON,,,,,41388,41371,41370,41370;41371;41388,review_required,unresolved,yes,No automatic selection: Kodepos.dev does not corroborate exactly one local source.,no,,diskominfo:32.15.21.2002;open_data_jabar:32.15.21.2002;kodepos_dev:32.15.21.2002,diskominfo_jabar_village_2024_unreviewed;open_data_jabar_postal_2023;kodepos_dev_rest_api,diskominfo:4920;open_data_jabar:22813;kodepos_dev:4920,2026-08-11,source_disagreement,,No safe suggestion; compare all source values.,all_three_different,DIST-8451640AA2AF,TRIP-D3C949E0FEE8,7,,,,,pending,,,,,,,,,not_started
32.15.21.2003,32,JAWA BARAT,32.15,KAB. KARAWANG,32.15.21,MAJALAYA,PASIRJENGKOL,,,,,41388,41371,41370,41370;41371;41388,review_required,unresolved,yes,No automatic selection: Kodepos.dev does not corroborate exactly one local source.,no,,diskominfo:32.15.21.2003;open_data_jabar:32.15.21.2003;kodepos_dev:32.15.21.2003,diskominfo_jabar_village_2024_unreviewed;open_data_jabar_postal_2023;kodepos_dev_rest_api,diskominfo:4921;open_data_jabar:22814;kodepos_dev:4921,2026-08-11,source_disagreement,,No safe suggestion; compare all source values.,all_three_different,DIST-8451640AA2AF,TRIP-D3C949E0FEE8,7,,,,,pending,,,,,,,,,not_started
32.15.21.2005,32,JAWA BARAT,32.15,KAB. KARAWANG,32.15.21,MAJALAYA,SARIJAYA,,,,,41388,41371,41370,41370;41371;41388,review_required,unresolved,yes,No automatic selection: Kodepos.dev does not corroborate exactly one local source.,no,,diskominfo:32.15.21.2005;open_data_jabar:32.15.21.2005;kodepos_dev:32.15.21.2005,diskominfo_jabar_village_2024_unreviewed;open_data_jabar_postal_2023;kodepos_dev_rest_api,diskominfo:4922;open_data_jabar:22816;kodepos_dev:4922,2026-08-11,source_disagreement,,No safe suggestion; compare all source values.,all_three_different,DIST-8451640AA2AF,TRIP-D3C949E0FEE8,7,,,,,pending,,,,,,,,,not_started
32.15.21.2006,32,JAWA BARAT,32.15,KAB. KARAWANG,32.15.21,MAJALAYA,PASIRMULYA,,,,,41388,41371,41370,41370;41371;41388,review_required,unresolved,yes,No automatic selection: Kodepos.dev does not corroborate exactly one local source.,no,,diskominfo:32.15.21.2006;open_data_jabar:32.15.21.2006;kodepos_dev:32.15.21.2006,diskominfo_jabar_village_2024_unreviewed;open_data_jabar_postal_2023;kodepos_dev_rest_api,diskominfo:4923;open_data_jabar:22817;kodepos_dev:4923,2026-08-11,source_disagreement,,No safe suggestion; compare all source values.,all_three_different,DIST-8451640AA2AF,TRIP-D3C949E0FEE8,7,,,,,pending,,,,,,,,,not_started
32.15.21.2007,32,JAWA BARAT,32.15,KAB. KARAWANG,32.15.21,MAJALAYA,LEMAHMULYA,,,,,41388,41371,41370,41370;41371;41388,review_required,unresolved,yes,No automatic selection: Kodepos.dev does not corroborate exactly one local source.,no,,diskominfo:32.15.21.2007;open_data_jabar:32.15.21.2007;kodepos_dev:32.15.21.2007,diskominfo_jabar_village_2024_unreviewed;open_data_jabar_postal_2023;kodepos_dev_rest_api,diskominfo:4924;open_data_jabar:22818;kodepos_dev:4924,2026-08-11,source_disagreement,,No safe suggestion; compare all source values.,all_three_different,DIST-8451640AA2AF,TRIP-D3C949E0FEE8,7,,,,,pending,,,,,,,,,not_started
32.15.21.2008,32,JAWA BARAT,32.15,KAB. KARAWANG,32.15.21,MAJALAYA,BANGLE,,,,,41388,41371,41370,41370;41371;41388,review_required,unresolved,yes,No automatic selection: Kodepos.dev does not corroborate exactly one local source.,no,,diskominfo:32.15.21.2008;open_data_jabar:32.15.21.2008;kodepos_dev:32.15.21.2008,diskominfo_jabar_village_2024_unreviewed;open_data_jabar_postal_2023;kodepos_dev_rest_api,diskominfo:4925;open_data_jabar:22819;kodepos_dev:4925,2026-08-11,source_disagreement,,No safe suggestion; compare all source values.,all_three_different,DIST-8451640AA2AF,TRIP-D3C949E0FEE8,7,,,,,pending,,,,,,,,,not_started
32.07.37.2001,32,JAWA BARAT,32.07,KAB. CIAMIS,32.07.37,BANJARANYAR,PASAWAHAN,,,,,46283,,46384,46283;46384,review_required,unresolved,yes,No automatic selection: Kodepos.dev does not corroborate exactly one local source.,no,,diskominfo:32.07.37.2001;open_data_jabar:32.07.37.2001;kodepos_dev:32.07.37.2001,diskominfo_jabar_village_2024_unreviewed;open_data_jabar_postal_2023;kodepos_dev_rest_api,diskominfo:2511;open_data_jabar:20136;kodepos_dev:2511,2026-08-11,source_disagreement,46283,Existing selected Pos Indonesia observation; still requires documented adjudication.,open_data_jabar_missing_api_diskominfo_different,DIST-8A10DCEBAD2D,TRIP-A2DD5BB38B5B,10,46283,diskominfo,https://kodepos.posindonesia.co.id/CariKodepos,,pending,,,,,,,,,not_started
32.07.37.2002,32,JAWA BARAT,32.07,KAB. CIAMIS,32.07.37,BANJARANYAR,BANJARANYAR,,,,,46283,,46384,46283;46384,review_required,unresolved,yes,No automatic selection: Kodepos.dev does not corroborate exactly one local source.,no,,diskominfo:32.07.37.2002;open_data_jabar:32.07.37.2002;kodepos_dev:32.07.37.2002,diskominfo_jabar_village_2024_unreviewed;open_data_jabar_postal_2023;kodepos_dev_rest_api,diskominfo:2512;open_data_jabar:20138;kodepos_dev:2512,2026-08-11,source_disagreement,,No safe suggestion; compare all source values.,open_data_jabar_missing_api_diskominfo_different,DIST-8A10DCEBAD2D,TRIP-A2DD5BB38B5B,10,,,,,pending,,,,,,,,,not_started
32.07.37.2003,32,JAWA BARAT,32.07,KAB. CIAMIS,32.07.37,BANJARANYAR,CIGAYAM,,,,,46283,,46384,46283;46384,review_required,unresolved,yes,No automatic selection: Kodepos.dev does not corroborate exactly one local source.,no,,diskominfo:32.07.37.2003;open_data_jabar:32.07.37.2003;kodepos_dev:32.07.37.2003,diskominfo_jabar_village_2024_unreviewed;open_data_jabar_postal_2023;kodepos_dev_rest_api,diskominfo:2513;open_data_jabar:20139;kodepos_dev:2513,2026-08-11,source_disagreement,,No safe suggestion; compare all source values.,open_data_jabar_missing_api_diskominfo_different,DIST-8A10DCEBAD2D,TRIP-A2DD5BB38B5B,10,,,,,pending,,,,,,,,,not_started
32.07.37.2004,32,JAWA BARAT,32.07,KAB. CIAMIS,32.07.37,BANJARANYAR,LANGKAPSARI,,,,,46283,,46384,46283;46384,review_required,unresolved,yes,No automatic selection: Kodepos.dev does not corroborate exactly one local source.,no,,diskominfo:32.07.37.2004;open_data_jabar:32.07.37.2004;kodepos_dev:32.07.37.2004,diskominfo_jabar_village_2024_unreviewed;open_data_jabar_postal_2023;kodepos_dev_rest_api,diskominfo:2514;open_data_jabar:20140;kodepos_dev:2514,2026-08-11,source_disagreement,,No safe suggestion; compare all source values.,open_data_jabar_missing_api_diskominfo_different,DIST-8A10DCEBAD2D,TRIP-A2DD5BB38B5B,10,,,,,pending,,,,,,,,,not_started
32.07.37.2005,32,JAWA BARAT,32.07,KAB. CIAMIS,32.07.37,BANJARANYAR,KALIJAYA,,,,,46283,,46384,46283;46384,review_required,unresolved,yes,No automatic selection: Kodepos.dev does not corroborate exactly one local source.,no,,diskominfo:32.07.37.2005;open_data_jabar:32.07.37.2005;kodepos_dev:32.07.37.2005,diskominfo_jabar_village_2024_unreviewed;open_data_jabar_postal_2023;kodepos_dev_rest_api,diskominfo:2515;open_data_jabar:20141;kodepos_dev:2515,2026-08-11,source_disagreement,,No safe suggestion; compare all source values.,open_data_jabar_missing_api_diskominfo_different,DIST-8A10DCEBAD2D,TRIP-A2DD5BB38B5B,10,,,,,pending,,,,,,,,,not_started
32.07.37.2006,32,JAWA BARAT,32.07,KAB. CIAMIS,32.07.37,BANJARANYAR,SINDANGRASA,,,,,46283,,46384,46283;46384,review_required,unresolved,yes,No automatic selection: Kodepos.dev does not corroborate exactly one local source.,no,,diskominfo:32.07.37.2006;open_data_jabar:32.07.37.2006;kodepos_dev:32.07.37.2006,diskominfo_jabar_village_2024_unreviewed;open_data_jabar_postal_2023;kodepos_dev_rest_api,diskominfo:2516;open_data_jabar:20142;kodepos_dev:2516,2026-08-11,source_disagreement,,No safe suggestion; compare all source values.,open_data_jabar_missing_api_diskominfo_different,DIST-8A10DCEBAD2D,TRIP-A2DD5BB38B5B,10,,,,,pending,,,,,,,,,not_started
32.07.37.2007,32,JAWA BARAT,32.07,KAB. CIAMIS,32.07.37,BANJARANYAR,CIKASO,,,,,46283,,46384,46283;46384,review_required,unresolved,yes,No automatic selection: Kodepos.dev does not corroborate exactly one local source.,no,,diskominfo:32.07.37.2007;open_data_jabar:32.07.37.2007;kodepos_dev:32.07.37.2007,diskominfo_jabar_village_2024_unreviewed;open_data_jabar_postal_2023;kodepos_dev_rest_api,diskominfo:2517;open_data_jabar:20143;kodepos_dev:2517,2026-08-11,source_disagreement,,No safe suggestion; compare all source values.,open_data_jabar_missing_api_diskominfo_different,DIST-8A10DCEBAD2D,TRIP-A2DD5BB38B5B,10,,,,,pending,,,,,,,,,not_started
32.07.37.2008,32,JAWA BARAT,32.07,KAB. CIAMIS,32.07.37,BANJARANYAR,CIKUPA,,,,,46283,,46384,46283;46384,review_required,unresolved,yes,No automatic selection: Kodepos.dev does not corroborate exactly one local source.,no,,diskominfo:32.07.37.2008;open_data_jabar:32.07.37.2008;kodepos_dev:32.07.37.2008,diskominfo_jabar_village_2024_unreviewed;open_data_jabar_postal_2023;kodepos_dev_rest_api,diskominfo:2518;open_data_jabar:20144;kodepos_dev:2518,2026-08-11,source_disagreement,,No safe suggestion; compare all source values.,open_data_jabar_missing_api_diskominfo_different,DIST-8A10DCEBAD2D,TRIP-A2DD5BB38B5B,10,,,,,pending,,,,,,,,,not_started
32.07.37.2009,32,JAWA BARAT,32.07,KAB. CIAMIS,32.07.37,BANJARANYAR,KARYAMUKTI,,,,,46283,,46384,46283;46384,review_required,unresolved,yes,No automatic selection: Kodepos.dev does not corroborate exactly one local source.,no,,diskominfo:32.07.37.2009;open_data_jabar:32.07.37.2009;kodepos_dev:32.07.37.2009,diskominfo_jabar_village_2024_unreviewed;open_data_jabar_postal_2023;kodepos_dev_rest_api,diskominfo:2519;open_data_jabar:20145;kodepos_dev:2519,2026-08-11,source_disagreement,,No safe suggestion; compare all source values.,open_data_jabar_missing_api_diskominfo_different,DIST-8A10DCEBAD2D,TRIP-A2DD5BB38B5B,10,,,,,pending,,,,,,,,,not_started
32.07.37.2010,32,JAWA BARAT,32.07,KAB. CIAMIS,32.07.37,BANJARANYAR,TANJUNGSARI,,,,,46283,,46384,46283;46384,review_required,unresolved,yes,No automatic selection: Kodepos.dev does not corroborate exactly one local source.,no,,diskominfo:32.07.37.2010;open_data_jabar:32.07.37.2010;kodepos_dev:32.07.37.2010,diskominfo_jabar_village_2024_unreviewed;open_data_jabar_postal_2023;kodepos_dev_rest_api,diskominfo:2520;open_data_jabar:20146;kodepos_dev:2520,2026-08-11,source_disagreement,,No safe suggestion; compare all source values.,open_data_jabar_missing_api_diskominfo_different,DIST-8A10DCEBAD2D,TRIP-A2DD5BB38B5B,10,,,,,pending,,,,,,,,,not_started
32.15.30.2001,32,JAWA BARAT,32.15,KAB. KARAWANG,32.15.30,CILEBAR,KERTAMUKTI,,,,,41387,41353,41350,41350;41353;41387,review_required,unresolved,yes,No automatic selection: Kodepos.dev does not corroborate exactly one local source.,no,,diskominfo:32.15.30.2001;open_data_jabar:32.15.30.2001;kodepos_dev:32.15.30.2001,diskominfo_jabar_village_2024_unreviewed;open_data_jabar_postal_2023;kodepos_dev_rest_api,diskominfo:5002;open_data_jabar:22905;kodepos_dev:5002,2026-08-11,source_disagreement,,No safe suggestion; compare all source values.,all_three_different,DIST-8A341691BE07,TRIP-0EF4E779AAAB,7,,,,,pending,,,,,,,,,not_started
32.15.30.2002,32,JAWA BARAT,32.15,KAB. KARAWANG,32.15.30,CILEBAR,RAWASARI,,,,,41387,41353,41350,41350;41353;41387,review_required,unresolved,yes,No automatic selection: Kodepos.dev does not corroborate exactly one local source.,no,,diskominfo:32.15.30.2002;open_data_jabar:32.15.30.2002;kodepos_dev:32.15.30.2002,diskominfo_jabar_village_2024_unreviewed;open_data_jabar_postal_2023;kodepos_dev_rest_api,diskominfo:5003;open_data_jabar:22906;kodepos_dev:5003,2026-08-11,source_disagreement,,No safe suggestion; compare all source values.,all_three_different,DIST-8A341691BE07,TRIP-0EF4E779AAAB,7,,,,,pending,,,,,,,,,not_started
32.15.30.2003,32,JAWA BARAT,32.15,KAB. KARAWANG,32.15.30,CILEBAR,PUSAKAJAYA SELATAN,,,,,41387,41353,41350,41350;41353;41387,review_required,unresolved,yes,No automatic selection: Kodepos.dev does not corroborate exactly one local source.,no,,diskominfo:32.15.30.2003;open_data_jabar:32.15.30.2003;kodepos_dev:32.15.30.2003,diskominfo_jabar_village_2024_unreviewed;open_data_jabar_postal_2023;kodepos_dev_rest_api,diskominfo:5004;open_data_jabar:22907;kodepos_dev:5004,2026-08-11,source_disagreement,,No safe suggestion; compare all source values.,all_three_different,DIST-8A341691BE07,TRIP-0EF4E779AAAB,7,,,,,pending,,,,,,,,,not_started
32.15.30.2004,32,JAWA BARAT,32.15,KAB. KARAWANG,32.15.30,CILEBAR,CIKANDE,,,,,41387,41353,41350,41350;41353;41387,review_required,unresolved,yes,No automatic selection: Kodepos.dev does not corroborate exactly one local source.,no,,diskominfo:32.15.30.2004;open_data_jabar:32.15.30.2004;kodepos_dev:32.15.30.2004,diskominfo_jabar_village_2024_unreviewed;open_data_jabar_postal_2023;kodepos_dev_rest_api,diskominfo:5005;open_data_jabar:22908;kodepos_dev:5005,2026-08-11,source_disagreement,,No safe suggestion; compare all source values.,all_three_different,DIST-8A341691BE07,TRIP-0EF4E779AAAB,7,,,,,pending,,,,,,,,,not_started
32.15.30.2005,32,JAWA BARAT,32.15,KAB. KARAWANG,32.15.30,CILEBAR,KOSAMBIBATU,,,,,41387,41353,41350,41350;41353;41387,review_required,unresolved,yes,No automatic selection: Kodepos.dev does not corroborate exactly one local source.,no,,diskominfo:32.15.30.2005;open_data_jabar:32.15.30.2005;kodepos_dev:32.15.30.2005,diskominfo_jabar_village_2024_unreviewed;open_data_jabar_postal_2023;kodepos_dev_rest_api,diskominfo:5006;open_data_jabar:22909;kodepos_dev:5006,2026-08-11,source_disagreement,,No safe suggestion; compare all source values.,all_three_different,DIST-8A341691BE07,TRIP-0EF4E779AAAB,7,,,,,pending,,,,,,,,,not_started
32.15.30.2006,32,JAWA BARAT,32.15,KAB. KARAWANG,32.15.30,CILEBAR,PUSAKAJAYA UTARA,,,,,41387,41353,41350,41350;41353;41387,review_required,unresolved,yes,No automatic selection: Kodepos.dev does not corroborate exactly one local source.,no,,diskominfo:32.15.30.2006;open_data_jabar:32.15.30.2006;kodepos_dev:32.15.30.2006,diskominfo_jabar_village_2024_unreviewed;open_data_jabar_postal_2023;kodepos_dev_rest_api,diskominfo:5007;open_data_jabar:22910;kodepos_dev:5007,2026-08-11,source_disagreement,,No safe suggestion; compare all source values.,all_three_different,DIST-8A341691BE07,TRIP-0EF4E779AAAB,7,,,,,pending,,,,,,,,,not_started
32.15.30.2007,32,JAWA BARAT,32.15,KAB. KARAWANG,32.15.30,CILEBAR,SUKARATU,,,,,41387,41353,41350,41350;41353;41387,review_required,unresolved,yes,No automatic selection: Kodepos.dev does not corroborate exactly one local source.,no,,diskominfo:32.15.30.2007;open_data_jabar:32.15.30.2007;kodepos_dev:32.15.30.2007,diskominfo_jabar_village_2024_unreviewed;open_data_jabar_postal_2023;kodepos_dev_rest_api,diskominfo:5008;open_data_jabar:22911;kodepos_dev:5008,2026-08-11,source_disagreement,,No safe suggestion; compare all source values.,all_three_different,DIST-8A341691BE07,TRIP-0EF4E779AAAB,7,,,,,pending,,,,,,,,,not_started
32.15.30.2008,32,JAWA BARAT,32.15,KAB. KARAWANG,32.15.30,CILEBAR,CIPTAMARGI,,,,,41387,41385,41350,41350;41385;41387,review_required,unresolved,yes,No automatic selection: Kodepos.dev does not corroborate exactly one local source.,no,,diskominfo:32.15.30.2008;open_data_jabar:32.15.30.2008;kodepos_dev:32.15.30.2008,diskominfo_jabar_village_2024_unreviewed;open_data_jabar_postal_2023;kodepos_dev_rest_api,diskominfo:5009;open_data_jabar:22912;kodepos_dev:5009,2026-08-11,source_disagreement,,No safe suggestion; compare all source values.,all_three_different,DIST-8A341691BE07,TRIP-8AF753A407F3,3,,,,,pending,,,,,,,,,not_started
32.15.30.2009,32,JAWA BARAT,32.15,KAB. KARAWANG,32.15.30,CILEBAR,MEKARPOHACI,,,,,41387,41385,41350,41350;41385;41387,review_required,unresolved,yes,No automatic selection: Kodepos.dev does not corroborate exactly one local source.,no,,diskominfo:32.15.30.2009;open_data_jabar:32.15.30.2009;kodepos_dev:32.15.30.2009,diskominfo_jabar_village_2024_unreviewed;open_data_jabar_postal_2023;kodepos_dev_rest_api,diskominfo:5010;open_data_jabar:22913;kodepos_dev:5010,2026-08-11,source_disagreement,,No safe suggestion; compare all source values.,all_three_different,DIST-8A341691BE07,TRIP-8AF753A407F3,3,,,,,pending,,,,,,,,,not_started
32.15.30.2010,32,JAWA BARAT,32.15,KAB. KARAWANG,32.15.30,CILEBAR,TANJUNGSARI,,,,,41387,41385,41350,41350;41385;41387,review_required,unresolved,yes,No automatic selection: Kodepos.dev does not corroborate exactly one local source.,no,,diskominfo:32.15.30.2010;open_data_jabar:32.15.30.2010;kodepos_dev:32.15.30.2010,diskominfo_jabar_village_2024_unreviewed;open_data_jabar_postal_2023;kodepos_dev_rest_api,diskominfo:5011;open_data_jabar:22914;kodepos_dev:5011,2026-08-11,source_disagreement,,No safe suggestion; compare all source values.,all_three_different,DIST-8A341691BE07,TRIP-8AF753A407F3,3,,,,,pending,,,,,,,,,not_started
32.73.27.1001,32,JAWA BARAT,32.73,KOTA BANDUNG,32.73.27,GEDEBAGE,CIMENERANG,,,,,40295,,40294,40294;40295,review_required,unresolved,yes,No automatic selection: Kodepos.dev does not corroborate exactly one local source.,no,,diskominfo:32.73.27.1001;open_data_jabar:32.73.27.1001;kodepos_dev:32.73.27.1001,diskominfo_jabar_village_2024_unreviewed;open_data_jabar_postal_2023;kodepos_dev_rest_api,diskominfo:5693;open_data_jabar:23673;kodepos_dev:5693,2026-08-11,source_disagreement,,No safe suggestion; compare all source values.,open_data_jabar_missing_api_diskominfo_different,DIST-8B5BA158EFF1,TRIP-7E2F66B25363,1,,,,,pending,,,,,,,,,not_started
32.09.21.2016,32,JAWA BARAT,32.09,KABUPATEN CIREBON,32.09.21,GUNUNG JATI,SAMBENG,,,,,45659,45151,45150,45150;45151;45659,review_required,unresolved,yes,No automatic selection: Kodepos.dev does not corroborate exactly one local source.,yes,32.09.39.2001,diskominfo:32.09.39.2001;open_data_jabar:32.09.39.2001;kodepos_dev:32.09.21.2016,diskominfo_jabar_village_2024_unreviewed;open_data_jabar_postal_2023;kodepos_dev_rest_api,diskominfo:3302;open_data_jabar:21015;kodepos_dev:3137,2026-08-11,source_disagreement,,No safe suggestion; compare all source values.,all_three_different,DIST-8D8E0B550D4D,TRIP-175636FE555C,2,,,,,pending,,,,,,,,,not_started
32.09.21.2017,32,JAWA BARAT,32.09,KABUPATEN CIREBON,32.09.21,GUNUNG JATI,SIRNABAYA,,,,,45659,45151,45150,45150;45151;45659,review_required,unresolved,yes,No automatic selection: Kodepos.dev does not corroborate exactly one local source.,yes,32.09.39.2002,diskominfo:32.09.39.2002;open_data_jabar:32.09.39.2002;kodepos_dev:32.09.21.2017,diskominfo_jabar_village_2024_unreviewed;open_data_jabar_postal_2023;kodepos_dev_rest_api,diskominfo:3303;open_data_jabar:21016;kodepos_dev:3138,2026-08-11,source_disagreement,,No safe suggestion; compare all source values.,all_three_different,DIST-8D8E0B550D4D,TRIP-175636FE555C,2,,,,,pending,,,,,,,,,not_started
32.15.03.2001,32,JAWA BARAT,32.15,KAB. KARAWANG,32.15.03,TELUKJAMBE TIMUR,TELUKJAMBE,,,,,41331,41361,41360,41331;41360;41361,review_required,unresolved,yes,No automatic selection: Kodepos.dev does not corroborate exactly one local source.,no,,diskominfo:32.15.03.2001;open_data_jabar:32.15.03.2001;kodepos_dev:32.15.03.2001,diskominfo_jabar_village_2024_unreviewed;open_data_jabar_postal_2023;kodepos_dev_rest_api,diskominfo:4719;open_data_jabar:22590;kodepos_dev:4719,2026-08-11,source_disagreement,,No safe suggestion; compare all source values.,all_three_different,DIST-8E4D96D8AC70,TRIP-1EEB579C3602,1,,,,,pending,,,,,,,,,not_started
32.15.03.2004,32,JAWA BARAT,32.15,KAB. KARAWANG,32.15.03,TELUKJAMBE TIMUR,PUSEURJAYA,,,,,41334,41361,41360,41334;41360;41361,review_required,unresolved,yes,No automatic selection: Kodepos.dev does not corroborate exactly one local source.,no,,diskominfo:32.15.03.2004;open_data_jabar:32.15.03.2004;kodepos_dev:32.15.03.2004,diskominfo_jabar_village_2024_unreviewed;open_data_jabar_postal_2023;kodepos_dev_rest_api,diskominfo:4722;open_data_jabar:22594;kodepos_dev:4722,2026-08-11,source_disagreement,,No safe suggestion; compare all source values.,all_three_different,DIST-8E4D96D8AC70,TRIP-20D90514E0A8,1,,,,,pending,,,,,,,,,not_started
32.15.03.2011,32,JAWA BARAT,32.15,KAB. KARAWANG,32.15.03,TELUKJAMBE TIMUR,PURWADANA,,,,,41338,41361,41360,41338;41360;41361,review_required,unresolved,yes,No automatic selection: Kodepos.dev does not corroborate exactly one local source.,no,,diskominfo:32.15.03.2011;open_data_jabar:32.15.03.2011;kodepos_dev:32.15.03.2011,diskominfo_jabar_village_2024_unreviewed;open_data_jabar_postal_2023;kodepos_dev_rest_api,diskominfo:4725;open_data_jabar:22597;kodepos_dev:4725,2026-08-11,source_disagreement,,No safe suggestion; compare all source values.,all_three_different,DIST-8E4D96D8AC70,TRIP-4598A2C31BD9,1,,,,,pending,,,,,,,,,not_started
32.15.03.2003,32,JAWA BARAT,32.15,KAB. KARAWANG,32.15.03,TELUKJAMBE TIMUR,SIRNABAYA,,,,,41333,41361,41360,41333;41360;41361,review_required,unresolved,yes,No automatic selection: Kodepos.dev does not corroborate exactly one local source.,no,,diskominfo:32.15.03.2003;open_data_jabar:32.15.03.2003;kodepos_dev:32.15.03.2003,diskominfo_jabar_village_2024_unreviewed;open_data_jabar_postal_2023;kodepos_dev_rest_api,diskominfo:4721;open_data_jabar:22592;kodepos_dev:4721,2026-08-11,source_disagreement,,No safe suggestion; compare all source values.,all_three_different,DIST-8E4D96D8AC70,TRIP-7980602C8D52,1,,,,,pending,,,,,,,,,not_started
32.15.03.2006,32,JAWA BARAT,32.15,KAB. KARAWANG,32.15.03,TELUKJAMBE TIMUR,WADAS,,,,,41337,41361,41360,41337;41360;41361,review_required,unresolved,yes,No automatic selection: Kodepos.dev does not corroborate exactly one local source.,no,,diskominfo:32.15.03.2006;open_data_jabar:32.15.03.2006;kodepos_dev:32.15.03.2006,diskominfo_jabar_village_2024_unreviewed;open_data_jabar_postal_2023;kodepos_dev_rest_api,diskominfo:4724;open_data_jabar:22596;kodepos_dev:4724,2026-08-11,source_disagreement,,No safe suggestion; compare all source values.,all_three_different,DIST-8E4D96D8AC70,TRIP-80DE470FAA12,1,,,,,pending,,,,,,,,,not_started
32.15.03.2012,32,JAWA BARAT,32.15,KAB. KARAWANG,32.15.03,TELUKJAMBE TIMUR,SUKAMAKMUR,,,,,41339,41361,41360,41339;41360;41361,review_required,unresolved,yes,No automatic selection: Kodepos.dev does not corroborate exactly one local source.,no,,diskominfo:32.15.03.2012;open_data_jabar:32.15.03.2012;kodepos_dev:32.15.03.2012,diskominfo_jabar_village_2024_unreviewed;open_data_jabar_postal_2023;kodepos_dev_rest_api,diskominfo:4726;open_data_jabar:22598;kodepos_dev:4726,2026-08-11,source_disagreement,,No safe suggestion; compare all source values.,all_three_different,DIST-8E4D96D8AC70,TRIP-85D380FE36FF,1,,,,,pending,,,,,,,,,not_started
32.15.03.2002,32,JAWA BARAT,32.15,KAB. KARAWANG,32.15.03,TELUKJAMBE TIMUR,SUKAHARJA,,,,,41336,41361,41360,41336;41360;41361,review_required,unresolved,yes,No automatic selection: Kodepos.dev does not corroborate exactly one local source.,no,,diskominfo:32.15.03.2002;open_data_jabar:32.15.03.2002;kodepos_dev:32.15.03.2002,diskominfo_jabar_village_2024_unreviewed;open_data_jabar_postal_2023;kodepos_dev_rest_api,diskominfo:4720;open_data_jabar:22591;kodepos_dev:4720,2026-08-11,source_disagreement,,No safe suggestion; compare all source values.,all_three_different,DIST-8E4D96D8AC70,TRIP-9412E6C98AE2,1,,,,,pending,,,,,,,,,not_started
32.15.03.2019,32,JAWA BARAT,32.15,KAB. KARAWANG,32.15.03,TELUKJAMBE TIMUR,PINAYUNGAN,,,,,41332,41361,41360,41332;41360;41361,review_required,unresolved,yes,No automatic selection: Kodepos.dev does not corroborate exactly one local source.,no,,diskominfo:32.15.03.2019;open_data_jabar:32.15.03.2019;kodepos_dev:32.15.03.2019,diskominfo_jabar_village_2024_unreviewed;open_data_jabar_postal_2023;kodepos_dev_rest_api,diskominfo:4727;open_data_jabar:22599;kodepos_dev:4727,2026-08-11,source_disagreement,,No safe suggestion; compare all source values.,all_three_different,DIST-8E4D96D8AC70,TRIP-CE93B76ED42C,1,,,,,pending,,,,,,,,,not_started
32.15.03.2005,32,JAWA BARAT,32.15,KAB. KARAWANG,32.15.03,TELUKJAMBE TIMUR,SUKALUYU,,,,,41335,41361,41360,41335;41360;41361,review_required,unresolved,yes,No automatic selection: Kodepos.dev does not corroborate exactly one local source.,no,,diskominfo:32.15.03.2005;open_data_jabar:32.15.03.2005;kodepos_dev:32.15.03.2005,diskominfo_jabar_village_2024_unreviewed;open_data_jabar_postal_2023;kodepos_dev_rest_api,diskominfo:4723;open_data_jabar:22595;kodepos_dev:4723,2026-08-11,source_disagreement,,No safe suggestion; compare all source values.,all_three_different,DIST-8E4D96D8AC70,TRIP-D05C4BC3A652,1,,,,,pending,,,,,,,,,not_started
32.01.35.2008,32,JAWA BARAT,32.01,KAB. BOGOR,32.01.35,SUKAJAYA,SUKAMULIH,,,,,16299,16660,16661,16299;16660;16661,review_required,unresolved,yes,No automatic selection: Kodepos.dev does not corroborate exactly one local source.,no,,diskominfo:32.01.35.2008;open_data_jabar:32.01.35.2008;kodepos_dev:32.01.35.2008,diskominfo_jabar_village_2024_unreviewed;open_data_jabar_postal_2023;kodepos_dev_rest_api,diskominfo:392;open_data_jabar:17783;kodepos_dev:392,2026-08-11,source_disagreement,,No safe suggestion; compare all source values.,all_three_different,DIST-8E5C43478AA9,TRIP-01FA8AAB56CD,1,,,,,pending,,,,,,,,,not_started
32.01.35.2003,32,JAWA BARAT,32.01,KAB. BOGOR,32.01.35,SUKAJAYA,SUKAJAYA,,,,,16291,16660,16661,16291;16660;16661,review_required,unresolved,yes,No automatic selection: Kodepos.dev does not corroborate exactly one local source.,no,,diskominfo:32.01.35.2003;open_data_jabar:32.01.35.2003;kodepos_dev:32.01.35.2003,diskominfo_jabar_village_2024_unreviewed;open_data_jabar_postal_2023;kodepos_dev_rest_api,diskominfo:387;open_data_jabar:17775;kodepos_dev:387,2026-08-11,source_disagreement,,No safe suggestion; compare all source values.,all_three_different,DIST-8E5C43478AA9,TRIP-071FA5C3BE4C,1,,,,,pending,,,,,,,,,not_started
32.01.35.2010,32,JAWA BARAT,32.01,KAB. BOGOR,32.01.35,SUKAJAYA,URUG,,,,,16141,16660,16661,16141;16660;16661,review_required,unresolved,yes,No automatic selection: Kodepos.dev does not corroborate exactly one local source.,no,,diskominfo:32.01.35.2010;open_data_jabar:32.01.35.2010;kodepos_dev:32.01.35.2010,diskominfo_jabar_village_2024_unreviewed;open_data_jabar_postal_2023;kodepos_dev_rest_api,diskominfo:394;open_data_jabar:17785;kodepos_dev:394,2026-08-11,source_disagreement,,No safe suggestion; compare all source values.,all_three_different,DIST-8E5C43478AA9,TRIP-08853BB7F01A,1,,,,,pending,,,,,,,,,not_started
32.01.35.2007,32,JAWA BARAT,32.01,KAB. BOGOR,32.01.35,SUKAJAYA,HARKATJAYA,,,,,16296,16660,16661,16296;16660;16661,review_required,unresolved,yes,No automatic selection: Kodepos.dev does not corroborate exactly one local source.,no,,diskominfo:32.01.35.2007;open_data_jabar:32.01.35.2007;kodepos_dev:32.01.35.2007,diskominfo_jabar_village_2024_unreviewed;open_data_jabar_postal_2023;kodepos_dev_rest_api,diskominfo:391;open_data_jabar:17779;kodepos_dev:391,2026-08-11,source_disagreement,,No safe suggestion; compare all source values.,all_three_different,DIST-8E5C43478AA9,TRIP-1BA19FBF84B1,1,,,,,pending,,,,,,,,,not_started
32.01.35.2011,32,JAWA BARAT,32.01,KAB. BOGOR,32.01.35,SUKAJAYA,JAYARAHARJA,,,,,16836,16660,16661,16660;16661;16836,review_required,unresolved,yes,No automatic selection: Kodepos.dev does not corroborate exactly one local source.,no,,diskominfo:32.01.35.2011;open_data_jabar:32.01.35.2011;kodepos_dev:32.01.35.2011,diskominfo_jabar_village_2024_unreviewed;open_data_jabar_postal_2023;kodepos_dev_rest_api,diskominfo:395;open_data_jabar:17786;kodepos_dev:395,2026-08-11,source_disagreement,,No safe suggestion; compare all source values.,all_three_different,DIST-8E5C43478AA9,TRIP-25F25E83BBD3,1,,,,,pending,,,,,,,,,not_started
32.01.35.2005,32,JAWA BARAT,32.01,KAB. BOGOR,32.01.35,SUKAJAYA,CILEUKSA,,,,,16292,16660,16661,16292;16660;16661,review_required,unresolved,yes,No automatic selection: Kodepos.dev does not corroborate exactly one local source.,no,,diskominfo:32.01.35.2005;open_data_jabar:32.01.35.2005;kodepos_dev:32.01.35.2005,diskominfo_jabar_village_2024_unreviewed;open_data_jabar_postal_2023;kodepos_dev_rest_api,diskominfo:389;open_data_jabar:17777;kodepos_dev:389,2026-08-11,source_disagreement,,No safe suggestion; compare all source values.,all_three_different,DIST-8E5C43478AA9,TRIP-5224C296E39C,1,,,,,pending,,,,,,,,,not_started
32.01.35.2001,32,JAWA BARAT,32.01,KAB. BOGOR,32.01.35,SUKAJAYA,CISARUA,,,,,16293,16660,16661,16293;16660;16661,review_required,unresolved,yes,No automatic selection: Kodepos.dev does not corroborate exactly one local source.,no,,diskominfo:32.01.35.2001;open_data_jabar:32.01.35.2001;kodepos_dev:32.01.35.2001,diskominfo_jabar_village_2024_unreviewed;open_data_jabar_postal_2023;kodepos_dev_rest_api,diskominfo:385;open_data_jabar:17773;kodepos_dev:385,2026-08-11,source_disagreement,,No safe suggestion; compare all source values.,all_three_different,DIST-8E5C43478AA9,TRIP-5EA6C7AE5D25,1,,,,,pending,,,,,,,,,not_started
32.01.35.2002,32,JAWA BARAT,32.01,KAB. BOGOR,32.01.35,SUKAJAYA,KIARASARI,,,,,16294,16660,16661,16294;16660;16661,review_required,unresolved,yes,No automatic selection: Kodepos.dev does not corroborate exactly one local source.,no,,diskominfo:32.01.35.2002;open_data_jabar:32.01.35.2002;kodepos_dev:32.01.35.2002,diskominfo_jabar_village_2024_unreviewed;open_data_jabar_postal_2023;kodepos_dev_rest_api,diskominfo:386;open_data_jabar:17774;kodepos_dev:386,2026-08-11,source_disagreement,,No safe suggestion; compare all source values.,all_three_different,DIST-8E5C43478AA9,TRIP-A5AC1090CEFE,1,,,,,pending,,,,,,,,,not_started
32.01.35.2009,32,JAWA BARAT,32.01,KAB. BOGOR,32.01.35,SUKAJAYA,PASIR MADANG,,,,,16298,16660,16661,16298;16660;16661,review_required,unresolved,yes,No automatic selection: Kodepos.dev does not corroborate exactly one local source.,no,,diskominfo:32.01.35.2009;open_data_jabar:32.01.35.2009;kodepos_dev:32.01.35.2009,diskominfo_jabar_village_2024_unreviewed;open_data_jabar_postal_2023;kodepos_dev_rest_api,diskominfo:393;open_data_jabar:17784;kodepos_dev:393,2026-08-11,source_disagreement,,No safe suggestion; compare all source values.,all_three_different,DIST-8E5C43478AA9,TRIP-FDF14F3B18C0,1,,,,,pending,,,,,,,,,not_started
32.13.29.2006,32,JAWA BARAT,32.13,KAB. SUBANG,32.13.29,CIATER,PALASARI,,,,,41288,41251,41280,41251;41280;41288,review_required,unresolved,yes,No automatic selection: Kodepos.dev does not corroborate exactly one local source.,no,,diskominfo:32.13.29.2006;open_data_jabar:32.13.29.2006;kodepos_dev:32.13.29.2006,diskominfo_jabar_village_2024_unreviewed;open_data_jabar_postal_2023;kodepos_dev_rest_api,diskominfo:4501;open_data_jabar:22348;kodepos_dev:4501,2026-08-11,source_disagreement,,No safe suggestion; compare all source values.,all_three_different,DIST-90BAF8338DAD,TRIP-2774564F61E3,1,,,,,pending,,,,,,,,,not_started
32.13.29.2001,32,JAWA BARAT,32.13,KAB. SUBANG,32.13.29,CIATER,CISAAT,,,,,41288,41281,41280,41280;41281;41288,review_required,unresolved,yes,No automatic selection: Kodepos.dev does not corroborate exactly one local source.,no,,diskominfo:32.13.29.2001;open_data_jabar:32.13.29.2001;kodepos_dev:32.13.29.2001,diskominfo_jabar_village_2024_unreviewed;open_data_jabar_postal_2023;kodepos_dev_rest_api,diskominfo:4496;open_data_jabar:22343;kodepos_dev:4496,2026-08-11,source_disagreement,,No safe suggestion; compare all source values.,all_three_different,DIST-90BAF8338DAD,TRIP-CA41C32A6C23,6,,,,,pending,,,,,,,,,not_started
32.13.29.2002,32,JAWA BARAT,32.13,KAB. SUBANG,32.13.29,CIATER,CIATER,,,,,41288,41281,41280,41280;41281;41288,review_required,unresolved,yes,No automatic selection: Kodepos.dev does not corroborate exactly one local source.,no,,diskominfo:32.13.29.2002;open_data_jabar:32.13.29.2002;kodepos_dev:32.13.29.2002,diskominfo_jabar_village_2024_unreviewed;open_data_jabar_postal_2023;kodepos_dev_rest_api,diskominfo:4497;open_data_jabar:22344;kodepos_dev:4497,2026-08-11,source_disagreement,,No safe suggestion; compare all source values.,all_three_different,DIST-90BAF8338DAD,TRIP-CA41C32A6C23,6,,,,,pending,,,,,,,,,not_started
32.13.29.2003,32,JAWA BARAT,32.13,KAB. SUBANG,32.13.29,CIATER,NAGRAK,,,,,41288,41281,41280,41280;41281;41288,review_required,unresolved,yes,No automatic selection: Kodepos.dev does not corroborate exactly one local source.,no,,diskominfo:32.13.29.2003;open_data_jabar:32.13.29.2003;kodepos_dev:32.13.29.2003,diskominfo_jabar_village_2024_unreviewed;open_data_jabar_postal_2023;kodepos_dev_rest_api,diskominfo:4498;open_data_jabar:22345;kodepos_dev:4498,2026-08-11,source_disagreement,,No safe suggestion; compare all source values.,all_three_different,DIST-90BAF8338DAD,TRIP-CA41C32A6C23,6,,,,,pending,,,,,,,,,not_started
32.13.29.2004,32,JAWA BARAT,32.13,KAB. SUBANG,32.13.29,CIATER,CIBEUSI,,,,,41288,41281,41280,41280;41281;41288,review_required,unresolved,yes,No automatic selection: Kodepos.dev does not corroborate exactly one local source.,no,,diskominfo:32.13.29.2004;open_data_jabar:32.13.29.2004;kodepos_dev:32.13.29.2004,diskominfo_jabar_village_2024_unreviewed;open_data_jabar_postal_2023;kodepos_dev_rest_api,diskominfo:4499;open_data_jabar:22346;kodepos_dev:4499,2026-08-11,source_disagreement,,No safe suggestion; compare all source values.,all_three_different,DIST-90BAF8338DAD,TRIP-CA41C32A6C23,6,,,,,pending,,,,,,,,,not_started
32.13.29.2005,32,JAWA BARAT,32.13,KAB. SUBANG,32.13.29,CIATER,CIBITUNG,,,,,41288,41281,41280,41280;41281;41288,review_required,unresolved,yes,No automatic selection: Kodepos.dev does not corroborate exactly one local source.,no,,diskominfo:32.13.29.2005;open_data_jabar:32.13.29.2005;kodepos_dev:32.13.29.2005,diskominfo_jabar_village_2024_unreviewed;open_data_jabar_postal_2023;kodepos_dev_rest_api,diskominfo:4500;open_data_jabar:22347;kodepos_dev:4500,2026-08-11,source_disagreement,,No safe suggestion; compare all source values.,all_three_different,DIST-90BAF8338DAD,TRIP-CA41C32A6C23,6,,,,,pending,,,,,,,,,not_started
32.13.29.2007,32,JAWA BARAT,32.13,KAB. SUBANG,32.13.29,CIATER,SANCA,,,,,41288,41281,41280,41280;41281;41288,review_required,unresolved,yes,No automatic selection: Kodepos.dev does not corroborate exactly one local source.,no,,diskominfo:32.13.29.2007;open_data_jabar:32.13.29.2007;kodepos_dev:32.13.29.2007,diskominfo_jabar_village_2024_unreviewed;open_data_jabar_postal_2023;kodepos_dev_rest_api,diskominfo:4502;open_data_jabar:22350;kodepos_dev:4502,2026-08-11,source_disagreement,,No safe suggestion; compare all source values.,all_three_different,DIST-90BAF8338DAD,TRIP-CA41C32A6C23,6,,,,,pending,,,,,,,,,not_started
32.16.09.2009,32,JAWA BARAT,32.16,KAB. BEKASI,32.16.09,CIKARANG UTARA,HAJARMEKAR,,,,,17835,,17534,17534;17835,review_required,unresolved,yes,No automatic selection: Kodepos.dev does not corroborate exactly one local source.,no,,diskominfo:32.16.09.2009;open_data_jabar:32.16.09.2009;kodepos_dev:32.16.09.2009,diskominfo_jabar_village_2024_unreviewed;open_data_jabar_postal_2023;kodepos_dev_rest_api,diskominfo:5087;open_data_jabar:22998;kodepos_dev:5087,2026-08-11,source_disagreement,,No safe suggestion; compare all source values.,open_data_jabar_missing_api_diskominfo_different,DIST-986FF375E59B,TRIP-7CCE27112FF7,1,,,,,pending,,,,,,,,,not_started
32.01.24.2012,32,JAWA BARAT,32.01,KAB. BOGOR,32.01.24,CIAWI,CIAWI,,,,,16721,46156,16720,16720;16721;46156,review_required,unresolved,yes,No automatic selection: Kodepos.dev does not corroborate exactly one local source.,no,,diskominfo:32.01.24.2012;open_data_jabar:32.01.24.2012;kodepos_dev:32.01.24.2012,diskominfo_jabar_village_2024_unreviewed;open_data_jabar_postal_2023;kodepos_dev_rest_api,diskominfo:285;open_data_jabar:17662;kodepos_dev:285,2026-08-11,source_disagreement,,No safe suggestion; compare all source values.,all_three_different,DIST-9C6055F53DED,TRIP-77282B7F3747,1,,,,,pending,,,,,,,,,not_started
32.09.39.2003,32,JAWA BARAT,32.09,KAB. CIREBON,32.09.39,SURANENGGALA,MUARA,,,,,45659,45152,45150,45150;45152;45659,review_required,unresolved,yes,No automatic selection: Kodepos.dev does not corroborate exactly one local source.,no,,diskominfo:32.09.39.2003;open_data_jabar:32.09.39.2003;kodepos_dev:32.09.39.2003,diskominfo_jabar_village_2024_unreviewed;open_data_jabar_postal_2023;kodepos_dev_rest_api,diskominfo:3304;open_data_jabar:21017;kodepos_dev:3304,2026-08-11,source_disagreement,,No safe suggestion; compare all source values.,all_three_different,DIST-9E2AACCAB0EE,TRIP-57E06AC9ED95,9,,,,,pending,,,,,,,,,not_started
32.09.39.2004,32,JAWA BARAT,32.09,KAB. CIREBON,32.09.39,SURANENGGALA,PURWAWINANGUN,,,,,45659,45152,45150,45150;45152;45659,review_required,unresolved,yes,No automatic selection: Kodepos.dev does not corroborate exactly one local source.,no,,diskominfo:32.09.39.2004;open_data_jabar:32.09.39.2004;kodepos_dev:32.09.39.2004,diskominfo_jabar_village_2024_unreviewed;open_data_jabar_postal_2023;kodepos_dev_rest_api,diskominfo:3305;open_data_jabar:21018;kodepos_dev:3305,2026-08-11,source_disagreement,,No safe suggestion; compare all source values.,all_three_different,DIST-9E2AACCAB0EE,TRIP-57E06AC9ED95,9,,,,,pending,,,,,,,,,not_started
32.09.39.2005,32,JAWA BARAT,32.09,KAB. CIREBON,32.09.39,SURANENGGALA,KERATON,,,,,45659,45152,45150,45150;45152;45659,review_required,unresolved,yes,No automatic selection: Kodepos.dev does not corroborate exactly one local source.,no,,diskominfo:32.09.39.2005;open_data_jabar:32.09.39.2005;kodepos_dev:32.09.39.2005,diskominfo_jabar_village_2024_unreviewed;open_data_jabar_postal_2023;kodepos_dev_rest_api,diskominfo:3306;open_data_jabar:21019;kodepos_dev:3306,2026-08-11,source_disagreement,,No safe suggestion; compare all source values.,all_three_different,DIST-9E2AACCAB0EE,TRIP-57E06AC9ED95,9,,,,,pending,,,,,,,,,not_started
32.09.39.2006,32,JAWA BARAT,32.09,KAB. CIREBON,32.09.39,SURANENGGALA,SURAKARTA,,,,,45659,45152,45150,45150;45152;45659,review_required,unresolved,yes,No automatic selection: Kodepos.dev does not corroborate exactly one local source.,no,,diskominfo:32.09.39.2006;open_data_jabar:32.09.39.2006;kodepos_dev:32.09.39.2006,diskominfo_jabar_village_2024_unreviewed;open_data_jabar_postal_2023;kodepos_dev_rest_api,diskominfo:3307;open_data_jabar:21020;kodepos_dev:3307,2026-08-11,source_disagreement,,No safe suggestion; compare all source values.,all_three_different,DIST-9E2AACCAB0EE,TRIP-57E06AC9ED95,9,,,,,pending,,,,,,,,,not_started
32.09.39.2007,32,JAWA BARAT,32.09,KAB. CIREBON,32.09.39,SURANENGGALA,KARANGREJA,,,,,45659,45152,45150,45150;45152;45659,review_required,unresolved,yes,No automatic selection: Kodepos.dev does not corroborate exactly one local source.,no,,diskominfo:32.09.39.2007;open_data_jabar:32.09.39.2007;kodepos_dev:32.09.39.2007,diskominfo_jabar_village_2024_unreviewed;open_data_jabar_postal_2023;kodepos_dev_rest_api,diskominfo:3308;open_data_jabar:21021;kodepos_dev:3308,2026-08-11,source_disagreement,,No safe suggestion; compare all source values.,all_three_different,DIST-9E2AACCAB0EE,TRIP-57E06AC9ED95,9,,,,,pending,,,,,,,,,not_started
32.09.39.2008,32,JAWA BARAT,32.09,KAB. CIREBON,32.09.39,SURANENGGALA,SURANENGGALA KIDUL,,,,,45659,45152,45150,45150;45152;45659,review_required,unresolved,yes,No automatic selection: Kodepos.dev does not corroborate exactly one local source.,no,,diskominfo:32.09.39.2008;open_data_jabar:32.09.39.2008;kodepos_dev:32.09.39.2008,diskominfo_jabar_village_2024_unreviewed;open_data_jabar_postal_2023;kodepos_dev_rest_api,diskominfo:3309;open_data_jabar:21022;kodepos_dev:3309,2026-08-11,source_disagreement,,No safe suggestion; compare all source values.,all_three_different,DIST-9E2AACCAB0EE,TRIP-57E06AC9ED95,9,,,,,pending,,,,,,,,,not_started
32.09.39.2009,32,JAWA BARAT,32.09,KAB. CIREBON,32.09.39,SURANENGGALA,SURANENGGALA KULON,,,,,45659,45152,45150,45150;45152;45659,review_required,unresolved,yes,No automatic selection: Kodepos.dev does not corroborate exactly one local source.,no,,diskominfo:32.09.39.2009;open_data_jabar:32.09.39.2009;kodepos_dev:32.09.39.2009,diskominfo_jabar_village_2024_unreviewed;open_data_jabar_postal_2023;kodepos_dev_rest_api,diskominfo:3310;open_data_jabar:21023;kodepos_dev:3310,2026-08-11,source_disagreement,,No safe suggestion; compare all source values.,all_three_different,DIST-9E2AACCAB0EE,TRIP-57E06AC9ED95,9,,,,,pending,,,,,,,,,not_started
32.09.39.2010,32,JAWA BARAT,32.09,KAB. CIREBON,32.09.39,SURANENGGALA,SURANENGGALA LOR,,,,,45659,45152,45150,45150;45152;45659,review_required,unresolved,yes,No automatic selection: Kodepos.dev does not corroborate exactly one local source.,no,,diskominfo:32.09.39.2010;open_data_jabar:32.09.39.2010;kodepos_dev:32.09.39.2010,diskominfo_jabar_village_2024_unreviewed;open_data_jabar_postal_2023;kodepos_dev_rest_api,diskominfo:3311;open_data_jabar:21024;kodepos_dev:3311,2026-08-11,source_disagreement,,No safe suggestion; compare all source values.,all_three_different,DIST-9E2AACCAB0EE,TRIP-57E06AC9ED95,9,,,,,pending,,,,,,,,,not_started
32.09.39.2011,32,JAWA BARAT,32.09,KAB. CIREBON,32.09.39,SURANENGGALA,SURANENGGALA,,,,,45659,45152,45150,45150;45152;45659,review_required,unresolved,yes,No automatic selection: Kodepos.dev does not corroborate exactly one local source.,no,,diskominfo:32.09.39.2011;open_data_jabar:32.09.39.2011;kodepos_dev:32.09.39.2011,diskominfo_jabar_village_2024_unreviewed;open_data_jabar_postal_2023;kodepos_dev_rest_api,diskominfo:3312;open_data_jabar:21026;kodepos_dev:3312,2026-08-11,source_disagreement,,No safe suggestion; compare all source values.,all_three_different,DIST-9E2AACCAB0EE,TRIP-57E06AC9ED95,9,,,,,pending,,,,,,,,,not_started
32.09.17.2002,32,JAWA BARAT,32.09,KAB. CIREBON,32.09.17,PALIMANAN,CILUKRAK,,,,,45661,45161,45160,45160;45161;45661,review_required,unresolved,yes,No automatic selection: Kodepos.dev does not corroborate exactly one local source.,no,,diskominfo:32.09.17.2002;open_data_jabar:32.09.17.2002;kodepos_dev:32.09.17.2002,diskominfo_jabar_village_2024_unreviewed;open_data_jabar_postal_2023;kodepos_dev_rest_api,diskominfo:3080;open_data_jabar:20767;kodepos_dev:3080,2026-08-11,source_disagreement,,No safe suggestion; compare all source values.,all_three_different,DIST-9F3BF3F19334,TRIP-8756886BCADF,12,,,,,pending,,,,,,,,,not_started
32.09.17.2003,32,JAWA BARAT,32.09,KAB. CIREBON,32.09.17,PALIMANAN,KEPUH,,,,,45661,45161,45160,45160;45161;45661,review_required,unresolved,yes,No automatic selection: Kodepos.dev does not corroborate exactly one local source.,no,,diskominfo:32.09.17.2003;open_data_jabar:32.09.17.2003;kodepos_dev:32.09.17.2003,diskominfo_jabar_village_2024_unreviewed;open_data_jabar_postal_2023;kodepos_dev_rest_api,diskominfo:3081;open_data_jabar:20768;kodepos_dev:3081,2026-08-11,source_disagreement,,No safe suggestion; compare all source values.,all_three_different,DIST-9F3BF3F19334,TRIP-8756886BCADF,12,,,,,pending,,,,,,,,,not_started
32.09.17.2004,32,JAWA BARAT,32.09,KAB. CIREBON,32.09.17,PALIMANAN,BALERANTE,,,,,45661,45161,45160,45160;45161;45661,review_required,unresolved,yes,No automatic selection: Kodepos.dev does not corroborate exactly one local source.,no,,diskominfo:32.09.17.2004;open_data_jabar:32.09.17.2004;kodepos_dev:32.09.17.2004,diskominfo_jabar_village_2024_unreviewed;open_data_jabar_postal_2023;kodepos_dev_rest_api,diskominfo:3082;open_data_jabar:20770;kodepos_dev:3082,2026-08-11,source_disagreement,,No safe suggestion; compare all source values.,all_three_different,DIST-9F3BF3F19334,TRIP-8756886BCADF,12,,,,,pending,,,,,,,,,not_started
32.09.17.2005,32,JAWA BARAT,32.09,KAB. CIREBON,32.09.17,PALIMANAN,PANONGAN,,,,,45661,45161,45160,45160;45161;45661,review_required,unresolved,yes,No automatic selection: Kodepos.dev does not corroborate exactly one local source.,no,,diskominfo:32.09.17.2005;open_data_jabar:32.09.17.2005;kodepos_dev:32.09.17.2005,diskominfo_jabar_village_2024_unreviewed;open_data_jabar_postal_2023;kodepos_dev_rest_api,diskominfo:3083;open_data_jabar:20771;kodepos_dev:3083,2026-08-11,source_disagreement,,No safe suggestion; compare all source values.,all_three_different,DIST-9F3BF3F19334,TRIP-8756886BCADF,12,,,,,pending,,,,,,,,,not_started
32.09.17.2006,32,JAWA BARAT,32.09,KAB. CIREBON,32.09.17,PALIMANAN,BEBERAN,,,,,45661,45161,45160,45160;45161;45661,review_required,unresolved,yes,No automatic selection: Kodepos.dev does not corroborate exactly one local source.,no,,diskominfo:32.09.17.2006;open_data_jabar:32.09.17.2006;kodepos_dev:32.09.17.2006,diskominfo_jabar_village_2024_unreviewed;open_data_jabar_postal_2023;kodepos_dev_rest_api,diskominfo:3084;open_data_jabar:20772;kodepos_dev:3084,2026-08-11,source_disagreement,,No safe suggestion; compare all source values.,all_three_different,DIST-9F3BF3F19334,TRIP-8756886BCADF,12,,,,,pending,,,,,,,,,not_started
32.09.17.2007,32,JAWA BARAT,32.09,KAB. CIREBON,32.09.17,PALIMANAN,SEMPLO,,,,,45661,45161,45160,45160;45161;45661,review_required,unresolved,yes,No automatic selection: Kodepos.dev does not corroborate exactly one local source.,no,,diskominfo:32.09.17.2007;open_data_jabar:32.09.17.2007;kodepos_dev:32.09.17.2007,diskominfo_jabar_village_2024_unreviewed;open_data_jabar_postal_2023;kodepos_dev_rest_api,diskominfo:3085;open_data_jabar:20773;kodepos_dev:3085,2026-08-11,source_disagreement,,No safe suggestion; compare all source values.,all_three_different,DIST-9F3BF3F19334,TRIP-8756886BCADF,12,,,,,pending,,,,,,,,,not_started
32.09.17.2008,32,JAWA BARAT,32.09,KAB. CIREBON,32.09.17,PALIMANAN,PALIMANAN TIMUR,,,,,45661,45161,45160,45160;45161;45661,review_required,unresolved,yes,No automatic selection: Kodepos.dev does not corroborate exactly one local source.,no,,diskominfo:32.09.17.2008;open_data_jabar:32.09.17.2008;kodepos_dev:32.09.17.2008,diskominfo_jabar_village_2024_unreviewed;open_data_jabar_postal_2023;kodepos_dev_rest_api,diskominfo:3086;open_data_jabar:20774;kodepos_dev:3086,2026-08-11,source_disagreement,,No safe suggestion; compare all source values.,all_three_different,DIST-9F3BF3F19334,TRIP-8756886BCADF,12,,,,,pending,,,,,,,,,not_started
32.09.17.2011,32,JAWA BARAT,32.09,KAB. CIREBON,32.09.17,PALIMANAN,PEGAGAN,,,,,45661,45161,45160,45160;45161;45661,review_required,unresolved,yes,No automatic selection: Kodepos.dev does not corroborate exactly one local source.,no,,diskominfo:32.09.17.2011;open_data_jabar:32.09.17.2011;kodepos_dev:32.09.17.2011,diskominfo_jabar_village_2024_unreviewed;open_data_jabar_postal_2023;kodepos_dev_rest_api,diskominfo:3087;open_data_jabar:20775;kodepos_dev:3087,2026-08-11,source_disagreement,,No safe suggestion; compare all source values.,all_three_different,DIST-9F3BF3F19334,TRIP-8756886BCADF,12,,,,,pending,,,,,,,,,not_started
32.09.17.2012,32,JAWA BARAT,32.09,KAB. CIREBON,32.09.17,PALIMANAN,LUNGBENDA,,,,,45661,45161,45160,45160;45161;45661,review_required,unresolved,yes,No automatic selection: Kodepos.dev does not corroborate exactly one local source.,no,,diskominfo:32.09.17.2012;open_data_jabar:32.09.17.2012;kodepos_dev:32.09.17.2012,diskominfo_jabar_village_2024_unreviewed;open_data_jabar_postal_2023;kodepos_dev_rest_api,diskominfo:3088;open_data_jabar:20776;kodepos_dev:3088,2026-08-11,source_disagreement,,No safe suggestion; compare all source values.,all_three_different,DIST-9F3BF3F19334,TRIP-8756886BCADF,12,,,,,pending,,,,,,,,,not_started
32.09.17.2013,32,JAWA BARAT,32.09,KAB. CIREBON,32.09.17,PALIMANAN,CIAWI,,,,,45661,45161,45160,45160;45161;45661,review_required,unresolved,yes,No automatic selection: Kodepos.dev does not corroborate exactly one local source.,no,,diskominfo:32.09.17.2013;open_data_jabar:32.09.17.2013;kodepos_dev:32.09.17.2013,diskominfo_jabar_village_2024_unreviewed;open_data_jabar_postal_2023;kodepos_dev_rest_api,diskominfo:3089;open_data_jabar:20777;kodepos_dev:3089,2026-08-11,source_disagreement,,No safe suggestion; compare all source values.,all_three_different,DIST-9F3BF3F19334,TRIP-8756886BCADF,12,,,,,pending,,,,,,,,,not_started
32.09.17.2014,32,JAWA BARAT,32.09,KAB. CIREBON,32.09.17,PALIMANAN,TEGALKARANG,,,,,45661,45161,45160,45160;45161;45661,review_required,unresolved,yes,No automatic selection: Kodepos.dev does not corroborate exactly one local source.,no,,diskominfo:32.09.17.2014;open_data_jabar:32.09.17.2014;kodepos_dev:32.09.17.2014,diskominfo_jabar_village_2024_unreviewed;open_data_jabar_postal_2023;kodepos_dev_rest_api,diskominfo:3090;open_data_jabar:20778;kodepos_dev:3090,2026-08-11,source_disagreement,,No safe suggestion; compare all source values.,all_three_different,DIST-9F3BF3F19334,TRIP-8756886BCADF,12,,,,,pending,,,,,,,,,not_started
32.09.17.2015,32,JAWA BARAT,32.09,KAB. CIREBON,32.09.17,PALIMANAN,CENGKUANG,,,,,45661,45161,45160,45160;45161;45661,review_required,unresolved,yes,No automatic selection: Kodepos.dev does not corroborate exactly one local source.,no,,diskominfo:32.09.17.2015;open_data_jabar:32.09.17.2015;kodepos_dev:32.09.17.2015,diskominfo_jabar_village_2024_unreviewed;open_data_jabar_postal_2023;kodepos_dev_rest_api,diskominfo:3091;open_data_jabar:20779;kodepos_dev:3091,2026-08-11,source_disagreement,,No safe suggestion; compare all source values.,all_three_different,DIST-9F3BF3F19334,TRIP-8756886BCADF,12,,,,,pending,,,,,,,,,not_started
32.72.05.1004,32,JAWA BARAT,32.72,KOTA SUKABUMI,32.72.05,BAROS,SUDAJAYA HILIR,,,,,43167,,43161,43161;43167,review_required,unresolved,yes,No automatic selection: Kodepos.dev does not corroborate exactly one local source.,no,,diskominfo:32.72.05.1004;open_data_jabar:32.72.05.1004;kodepos_dev:32.72.05.1004,diskominfo_jabar_village_2024_unreviewed;open_data_jabar_postal_2023;kodepos_dev_rest_api,diskominfo:5548;open_data_jabar:23511;kodepos_dev:5548,2026-08-11,source_disagreement,,No safe suggestion; compare all source values.,open_data_jabar_missing_api_diskominfo_different,DIST-9F812F5030E3,TRIP-AA0B5294AD14,1,,,,,pending,,,,,,,,,not_started
32.09.33.2001,32,JAWA BARAT,32.09,KAB. CIREBON,32.09.33,PABUARAN,SUKADANA,,,,,45696,45188,45194,45188;45194;45696,review_required,unresolved,yes,No automatic selection: Kodepos.dev does not corroborate exactly one local source.,no,,diskominfo:32.09.33.2001;open_data_jabar:32.09.33.2001;kodepos_dev:32.09.33.2001,diskominfo_jabar_village_2024_unreviewed;open_data_jabar_postal_2023;kodepos_dev_rest_api,diskominfo:3250;open_data_jabar:20956;kodepos_dev:3252,2026-08-11,source_disagreement,,No safe suggestion; compare all source values.,all_three_different,DIST-A30840415F3E,TRIP-9DFB145C3794,7,,,,,pending,,,,,,,,,not_started
32.09.33.2002,32,JAWA BARAT,32.09,KAB. CIREBON,32.09.33,PABUARAN,PABUARAN KIDUL,,,,,45696,45188,45194,45188;45194;45696,review_required,unresolved,yes,No automatic selection: Kodepos.dev does not corroborate exactly one local source.,no,,diskominfo:32.09.33.2002;open_data_jabar:32.09.33.2002;kodepos_dev:32.09.33.2002,diskominfo_jabar_village_2024_unreviewed;open_data_jabar_postal_2023;kodepos_dev_rest_api,diskominfo:3251;open_data_jabar:20957;kodepos_dev:3253,2026-08-11,source_disagreement,,No safe suggestion; compare all source values.,all_three_different,DIST-A30840415F3E,TRIP-9DFB145C3794,7,,,,,pending,,,,,,,,,not_started
32.09.33.2003,32,JAWA BARAT,32.09,KAB. CIREBON,32.09.33,PABUARAN,PABUARAN WETAN,,,,,45696,45188,45194,45188;45194;45696,review_required,unresolved,yes,No automatic selection: Kodepos.dev does not corroborate exactly one local source.,no,,diskominfo:32.09.33.2003;open_data_jabar:32.09.33.2003;kodepos_dev:32.09.33.2003,diskominfo_jabar_village_2024_unreviewed;open_data_jabar_postal_2023;kodepos_dev_rest_api,diskominfo:3252;open_data_jabar:20959;kodepos_dev:3254,2026-08-11,source_disagreement,,No safe suggestion; compare all source values.,all_three_different,DIST-A30840415F3E,TRIP-9DFB145C3794,7,,,,,pending,,,,,,,,,not_started
32.09.33.2004,32,JAWA BARAT,32.09,KAB. CIREBON,32.09.33,PABUARAN,PABUARAN LOR,,,,,45696,45188,45194,45188;45194;45696,review_required,unresolved,yes,No automatic selection: Kodepos.dev does not corroborate exactly one local source.,no,,diskominfo:32.09.33.2004;open_data_jabar:32.09.33.2004;kodepos_dev:32.09.33.2004,diskominfo_jabar_village_2024_unreviewed;open_data_jabar_postal_2023;kodepos_dev_rest_api,diskominfo:3253;open_data_jabar:20960;kodepos_dev:3255,2026-08-11,source_disagreement,,No safe suggestion; compare all source values.,all_three_different,DIST-A30840415F3E,TRIP-9DFB145C3794,7,,,,,pending,,,,,,,,,not_started
32.09.33.2005,32,JAWA BARAT,32.09,KAB. CIREBON,32.09.33,PABUARAN,JATIRENGGANG,,,,,45696,45188,45194,45188;45194;45696,review_required,unresolved,yes,No automatic selection: Kodepos.dev does not corroborate exactly one local source.,no,,diskominfo:32.09.33.2005;open_data_jabar:32.09.33.2005;kodepos_dev:32.09.33.2005,diskominfo_jabar_village_2024_unreviewed;open_data_jabar_postal_2023;kodepos_dev_rest_api,diskominfo:3254;open_data_jabar:20961;kodepos_dev:3256,2026-08-11,source_disagreement,,No safe suggestion; compare all source values.,all_three_different,DIST-A30840415F3E,TRIP-9DFB145C3794,7,,,,,pending,,,,,,,,,not_started
32.09.33.2006,32,JAWA BARAT,32.09,KAB. CIREBON,32.09.33,PABUARAN,HULUBANTENG,,,,,45696,45188,45194,45188;45194;45696,review_required,unresolved,yes,No automatic selection: Kodepos.dev does not corroborate exactly one local source.,no,,diskominfo:32.09.33.2006;open_data_jabar:32.09.33.2006;kodepos_dev:32.09.33.2006,diskominfo_jabar_village_2024_unreviewed;open_data_jabar_postal_2023;kodepos_dev_rest_api,diskominfo:3255;open_data_jabar:20962;kodepos_dev:3257,2026-08-11,source_disagreement,,No safe suggestion; compare all source values.,all_three_different,DIST-A30840415F3E,TRIP-9DFB145C3794,7,,,,,pending,,,,,,,,,not_started
32.09.33.2007,32,JAWA BARAT,32.09,KAB. CIREBON,32.09.33,PABUARAN,HULUBANTENG LOR,,,,,45696,45188,45194,45188;45194;45696,review_required,unresolved,yes,No automatic selection: Kodepos.dev does not corroborate exactly one local source.,no,,diskominfo:32.09.33.2007;open_data_jabar:32.09.33.2007;kodepos_dev:32.09.33.2007,diskominfo_jabar_village_2024_unreviewed;open_data_jabar_postal_2023;kodepos_dev_rest_api,diskominfo:3256;open_data_jabar:20963;kodepos_dev:3258,2026-08-11,source_disagreement,,No safe suggestion; compare all source values.,all_three_different,DIST-A30840415F3E,TRIP-9DFB145C3794,7,,,,,pending,,,,,,,,,not_started
32.01.21.2011,32,JAWA BARAT,32.01,KAB. BOGOR,32.01.21,NANGGUNG,BATU TULIS,,,,,16134,16657,16650,16134;16650;16657,review_required,unresolved,yes,No automatic selection: Kodepos.dev does not corroborate exactly one local source.,no,,diskominfo:32.01.21.2011;open_data_jabar:32.01.21.2011;kodepos_dev:32.01.21.2011,diskominfo_jabar_village_2024_unreviewed;open_data_jabar_postal_2023;kodepos_dev_rest_api,diskominfo:249;open_data_jabar:17622;kodepos_dev:249,2026-08-11,source_disagreement,,No safe suggestion; compare all source values.,all_three_different,DIST-A4A183225E11,TRIP-C483B144A733,1,,,,,pending,,,,,,,,,not_started
32.02.23.2007,32,JAWA BARAT,32.02,KAB. SUKABUMI,32.02.23,KALIBUNDER,MEKARWANGI,,,,,43261,43385,43185,43185;43261;43385,review_required,unresolved,yes,No automatic selection: Kodepos.dev does not corroborate exactly one local source.,no,,diskominfo:32.02.23.2007;open_data_jabar:32.02.23.2007;kodepos_dev:32.02.23.2007,diskominfo_jabar_village_2024_unreviewed;open_data_jabar_postal_2023;kodepos_dev_rest_api,diskominfo:638;open_data_jabar:18055;kodepos_dev:638,2026-08-11,source_disagreement,,No safe suggestion; compare all source values.,all_three_different,DIST-A57BED56330B,TRIP-07A6BDAA5CBF,1,,,,,pending,,,,,,,,,not_started
32.78.10.1001,32,JAWA BARAT,32.78,KOTA TASIKMALAYA,32.78.10,PURBARATU,SUKANAGARA,,,,,46118,46196,46190,46118;46190;46196,review_required,unresolved,yes,No automatic selection: Kodepos.dev does not corroborate exactly one local source.,no,,diskominfo:32.78.10.1001;open_data_jabar:32.78.10.1001;kodepos_dev:32.78.10.1001,diskominfo_jabar_village_2024_unreviewed;open_data_jabar_postal_2023;kodepos_dev_rest_api,diskominfo:5928;open_data_jabar:23933;kodepos_dev:5928,2026-08-11,source_disagreement,,No safe suggestion; compare all source values.,all_three_different,DIST-A6D7BF7A8A97,TRIP-A4D9D42E9DC9,3,,,,,pending,,,,,,,,,not_started
32.78.10.1002,32,JAWA BARAT,32.78,KOTA TASIKMALAYA,32.78.10,PURBARATU,SUKAMENAK,,,,,46118,46196,46190,46118;46190;46196,review_required,unresolved,yes,No automatic selection: Kodepos.dev does not corroborate exactly one local source.,no,,diskominfo:32.78.10.1002;open_data_jabar:32.78.10.1002;kodepos_dev:32.78.10.1002,diskominfo_jabar_village_2024_unreviewed;open_data_jabar_postal_2023;kodepos_dev_rest_api,diskominfo:5929;open_data_jabar:23934;kodepos_dev:5929,2026-08-11,source_disagreement,,No safe suggestion; compare all source values.,all_three_different,DIST-A6D7BF7A8A97,TRIP-A4D9D42E9DC9,3,,,,,pending,,,,,,,,,not_started
32.78.10.1003,32,JAWA BARAT,32.78,KOTA TASIKMALAYA,32.78.10,PURBARATU,PURBARATU,,,,,46118,46196,46190,46118;46190;46196,review_required,unresolved,yes,No automatic selection: Kodepos.dev does not corroborate exactly one local source.,no,,diskominfo:32.78.10.1003;open_data_jabar:32.78.10.1003;kodepos_dev:32.78.10.1003,diskominfo_jabar_village_2024_unreviewed;open_data_jabar_postal_2023;kodepos_dev_rest_api,diskominfo:5930;open_data_jabar:23935;kodepos_dev:5930,2026-08-11,source_disagreement,,No safe suggestion; compare all source values.,all_three_different,DIST-A6D7BF7A8A97,TRIP-A4D9D42E9DC9,3,,,,,pending,,,,,,,,,not_started
32.78.10.1004,32,JAWA BARAT,32.78,KOTA TASIKMALAYA,32.78.10,PURBARATU,SUKAASIH,,,,,46119,46196,46190,46119;46190;46196,review_required,unresolved,yes,No automatic selection: Kodepos.dev does not corroborate exactly one local source.,no,,diskominfo:32.78.10.1004;open_data_jabar:32.78.10.1004;kodepos_dev:32.78.10.1004,diskominfo_jabar_village_2024_unreviewed;open_data_jabar_postal_2023;kodepos_dev_rest_api,diskominfo:5931;open_data_jabar:23936;kodepos_dev:5931,2026-08-11,source_disagreement,,No safe suggestion; compare all source values.,all_three_different,DIST-A6D7BF7A8A97,TRIP-EFD052EF7D89,3,,,,,pending,,,,,,,,,not_started
32.78.10.1005,32,JAWA BARAT,32.78,KOTA TASIKMALAYA,32.78.10,PURBARATU,SUKAJAYA,,,,,46119,46196,46190,46119;46190;46196,review_required,unresolved,yes,No automatic selection: Kodepos.dev does not corroborate exactly one local source.,no,,diskominfo:32.78.10.1005;open_data_jabar:32.78.10.1005;kodepos_dev:32.78.10.1005,diskominfo_jabar_village_2024_unreviewed;open_data_jabar_postal_2023;kodepos_dev_rest_api,diskominfo:5932;open_data_jabar:23938;kodepos_dev:5932,2026-08-11,source_disagreement,,No safe suggestion; compare all source values.,all_three_different,DIST-A6D7BF7A8A97,TRIP-EFD052EF7D89,3,,,,,pending,,,,,,,,,not_started
32.78.10.1006,32,JAWA BARAT,32.78,KOTA TASIKMALAYA,32.78.10,PURBARATU,SINGKUP,,,,,46119,46196,46190,46119;46190;46196,review_required,unresolved,yes,No automatic selection: Kodepos.dev does not corroborate exactly one local source.,no,,diskominfo:32.78.10.1006;open_data_jabar:32.78.10.1006;kodepos_dev:32.78.10.1006,diskominfo_jabar_village_2024_unreviewed;open_data_jabar_postal_2023;kodepos_dev_rest_api,diskominfo:5933;open_data_jabar:23939;kodepos_dev:5933,2026-08-11,source_disagreement,,No safe suggestion; compare all source values.,all_three_different,DIST-A6D7BF7A8A97,TRIP-EFD052EF7D89,3,,,,,pending,,,,,,,,,not_started
32.79.01.2004,32,JAWA BARAT,32.79,KOTA BANJAR,32.79.01,BANJAR,CIBEUREUM,,,,,46314,42252,46313,42252;46313;46314,review_required,unresolved,yes,No automatic selection: Kodepos.dev does not corroborate exactly one local source.,no,,diskominfo:32.79.01.2004;open_data_jabar:32.79.01.2004;kodepos_dev:32.79.01.2004,diskominfo_jabar_village_2024_unreviewed;open_data_jabar_postal_2023;kodepos_dev_rest_api,diskominfo:5937;open_data_jabar:23944;kodepos_dev:5938,2026-08-11,source_disagreement,,No safe suggestion; compare all source values.,all_three_different,DIST-AAA5B36940DC,TRIP-8D7298AE3589,1,,,,,pending,,,,,,,,,not_started
32.16.14.2006,32,JAWA BARAT,32.16,KAB. BEKASI,32.16.14,SUKAKARYA,SUKAKARSA,,,,,17641,17646,17630,17630;17641;17646,review_required,unresolved,yes,No automatic selection: Kodepos.dev does not corroborate exactly one local source.,no,,diskominfo:32.16.14.2006;open_data_jabar:32.16.14.2006;kodepos_dev:32.16.14.2006,diskominfo_jabar_village_2024_unreviewed;open_data_jabar_postal_2023;kodepos_dev_rest_api,diskominfo:5131;open_data_jabar:23047;kodepos_dev:5131,2026-08-11,source_disagreement,,No safe suggestion; compare all source values.,all_three_different,DIST-AE22F13E615F,TRIP-E7FE4FA8A543,1,,,,,pending,,,,,,,,,not_started
32.06.23.2005,32,JAWA BARAT,32.06,KAB. TASIKMALAYA,32.06.23,GUNUNG TANJUNG,TANJUNGSARI,,,,,46496,46492,46418,46418;46492;46496,review_required,unresolved,yes,No automatic selection: Kodepos.dev does not corroborate exactly one local source.,no,,diskominfo:32.06.23.2005;open_data_jabar:32.06.23.2005;kodepos_dev:32.06.23.2005,diskominfo_jabar_village_2024_unreviewed;open_data_jabar_postal_2023;kodepos_dev_rest_api,diskominfo:2116;open_data_jabar:19697;kodepos_dev:2116,2026-08-11,source_disagreement,,No safe suggestion; compare all source values.,all_three_different,DIST-AE51F1E71F87,TRIP-3206895C5F19,1,,,,,pending,,,,,,,,,not_started
32.01.31.2005,32,JAWA BARAT,32.01,KAB. BOGOR,32.01.31,TAMANSARI,SUKALUYU,,,,,16262,16610,16611,16262;16610;16611,review_required,unresolved,yes,No automatic selection: Kodepos.dev does not corroborate exactly one local source.,no,,diskominfo:32.01.31.2005;open_data_jabar:32.01.31.2005;kodepos_dev:32.01.31.2005,diskominfo_jabar_village_2024_unreviewed;open_data_jabar_postal_2023;kodepos_dev_rest_api,diskominfo:355;open_data_jabar:17740;kodepos_dev:355,2026-08-11,source_disagreement,,No safe suggestion; compare all source values.,all_three_different,DIST-AF0B0D362115,TRIP-002CFA983109,1,,,,,pending,,,,,,,,,not_started
32.01.31.2001,32,JAWA BARAT,32.01,KAB. BOGOR,32.01.31,TAMANSARI,SUKAMANTRI,,,,,16265,16610,16611,16265;16610;16611,review_required,unresolved,yes,No automatic selection: Kodepos.dev does not corroborate exactly one local source.,no,,diskominfo:32.01.31.2001;open_data_jabar:32.01.31.2001;kodepos_dev:32.01.31.2001,diskominfo_jabar_village_2024_unreviewed;open_data_jabar_postal_2023;kodepos_dev_rest_api,diskominfo:351;open_data_jabar:17735;kodepos_dev:351,2026-08-11,source_disagreement,,No safe suggestion; compare all source values.,all_three_different,DIST-AF0B0D362115,TRIP-160075BC3EFB,1,,,,,pending,,,,,,,,,not_started
32.01.31.2007,32,JAWA BARAT,32.01,KAB. BOGOR,32.01.31,TAMANSARI,SUKAJAYA,,,,,16264,16610,16611,16264;16610;16611,review_required,unresolved,yes,No automatic selection: Kodepos.dev does not corroborate exactly one local source.,no,,diskominfo:32.01.31.2007;open_data_jabar:32.01.31.2007;kodepos_dev:32.01.31.2007,diskominfo_jabar_village_2024_unreviewed;open_data_jabar_postal_2023;kodepos_dev_rest_api,diskominfo:357;open_data_jabar:17742;kodepos_dev:357,2026-08-11,source_disagreement,,No safe suggestion; compare all source values.,all_three_different,DIST-AF0B0D362115,TRIP-3B4CFC557360,1,,,,,pending,,,,,,,,,not_started
32.01.31.2008,32,JAWA BARAT,32.01,KAB. BOGOR,32.01.31,TAMANSARI,SUKAJADI,,,,,16263,16610,16611,16263;16610;16611,review_required,unresolved,yes,No automatic selection: Kodepos.dev does not corroborate exactly one local source.,no,,diskominfo:32.01.31.2008;open_data_jabar:32.01.31.2008;kodepos_dev:32.01.31.2008,diskominfo_jabar_village_2024_unreviewed;open_data_jabar_postal_2023;kodepos_dev_rest_api,diskominfo:358;open_data_jabar:17743;kodepos_dev:358,2026-08-11,source_disagreement,,No safe suggestion; compare all source values.,all_three_different,DIST-AF0B0D362115,TRIP-700651E826EC,1,,,,,pending,,,,,,,,,not_started
32.01.31.2006,32,JAWA BARAT,32.01,KAB. BOGOR,32.01.31,TAMANSARI,SUKARESMI,,,,,16268,16610,16611,16268;16610;16611,review_required,unresolved,yes,No automatic selection: Kodepos.dev does not corroborate exactly one local source.,no,,diskominfo:32.01.31.2006;open_data_jabar:32.01.31.2006;kodepos_dev:32.01.31.2006,diskominfo_jabar_village_2024_unreviewed;open_data_jabar_postal_2023;kodepos_dev_rest_api,diskominfo:356;open_data_jabar:17741;kodepos_dev:356,2026-08-11,source_disagreement,,No safe suggestion; compare all source values.,all_three_different,DIST-AF0B0D362115,TRIP-C9E8706C609B,1,,,,,pending,,,,,,,,,not_started
32.15.22.2001,32,JAWA BARAT,32.15,KAB. KARAWANG,32.15.22,JAYAKERTA,JAYAMAKMUR,,,,,41359,41352,41351,41351;41352;41359,review_required,unresolved,yes,No automatic selection: Kodepos.dev does not corroborate exactly one local source.,no,,diskominfo:32.15.22.2001;open_data_jabar:32.15.22.2001;kodepos_dev:32.15.22.2001,diskominfo_jabar_village_2024_unreviewed;open_data_jabar_postal_2023;kodepos_dev_rest_api,diskominfo:4926;open_data_jabar:22820;kodepos_dev:4926,2026-08-11,source_disagreement,,No safe suggestion; compare all source values.,all_three_different,DIST-B53EBD95DADB,TRIP-8A1F30298FA1,8,,,,,pending,,,,,,,,,not_started
32.15.22.2002,32,JAWA BARAT,32.15,KAB. KARAWANG,32.15.22,JAYAKERTA,KEMIRI,,,,,41359,41352,41351,41351;41352;41359,review_required,unresolved,yes,No automatic selection: Kodepos.dev does not corroborate exactly one local source.,no,,diskominfo:32.15.22.2002;open_data_jabar:32.15.22.2002;kodepos_dev:32.15.22.2002,diskominfo_jabar_village_2024_unreviewed;open_data_jabar_postal_2023;kodepos_dev_rest_api,diskominfo:4927;open_data_jabar:22821;kodepos_dev:4927,2026-08-11,source_disagreement,,No safe suggestion; compare all source values.,all_three_different,DIST-B53EBD95DADB,TRIP-8A1F30298FA1,8,,,,,pending,,,,,,,,,not_started
32.15.22.2003,32,JAWA BARAT,32.15,KAB. KARAWANG,32.15.22,JAYAKERTA,MAKMURJAYA,,,,,41359,41352,41351,41351;41352;41359,review_required,unresolved,yes,No automatic selection: Kodepos.dev does not corroborate exactly one local source.,no,,diskominfo:32.15.22.2003;open_data_jabar:32.15.22.2003;kodepos_dev:32.15.22.2003,diskominfo_jabar_village_2024_unreviewed;open_data_jabar_postal_2023;kodepos_dev_rest_api,diskominfo:4928;open_data_jabar:22822;kodepos_dev:4928,2026-08-11,source_disagreement,,No safe suggestion; compare all source values.,all_three_different,DIST-B53EBD95DADB,TRIP-8A1F30298FA1,8,,,,,pending,,,,,,,,,not_started
32.15.22.2004,32,JAWA BARAT,32.15,KAB. KARAWANG,32.15.22,JAYAKERTA,KERTAJAYA,,,,,41359,41352,41351,41351;41352;41359,review_required,unresolved,yes,No automatic selection: Kodepos.dev does not corroborate exactly one local source.,no,,diskominfo:32.15.22.2004;open_data_jabar:32.15.22.2004;kodepos_dev:32.15.22.2004,diskominfo_jabar_village_2024_unreviewed;open_data_jabar_postal_2023;kodepos_dev_rest_api,diskominfo:4929;open_data_jabar:22823;kodepos_dev:4929,2026-08-11,source_disagreement,,No safe suggestion; compare all source values.,all_three_different,DIST-B53EBD95DADB,TRIP-8A1F30298FA1,8,,,,,pending,,,,,,,,,not_started
32.15.22.2005,32,JAWA BARAT,32.15,KAB. KARAWANG,32.15.22,JAYAKERTA,JAYAKERTA,,,,,41359,41352,41351,41351;41352;41359,review_required,unresolved,yes,No automatic selection: Kodepos.dev does not corroborate exactly one local source.,no,,diskominfo:32.15.22.2005;open_data_jabar:32.15.22.2005;kodepos_dev:32.15.22.2005,diskominfo_jabar_village_2024_unreviewed;open_data_jabar_postal_2023;kodepos_dev_rest_api,diskominfo:4930;open_data_jabar:22824;kodepos_dev:4930,2026-08-11,source_disagreement,,No safe suggestion; compare all source values.,all_three_different,DIST-B53EBD95DADB,TRIP-8A1F30298FA1,8,,,,,pending,,,,,,,,,not_started
32.15.22.2006,32,JAWA BARAT,32.15,KAB. KARAWANG,32.15.22,JAYAKERTA,MEDANGASEM,,,,,41359,41352,41351,41351;41352;41359,review_required,unresolved,yes,No automatic selection: Kodepos.dev does not corroborate exactly one local source.,no,,diskominfo:32.15.22.2006;open_data_jabar:32.15.22.2006;kodepos_dev:32.15.22.2006,diskominfo_jabar_village_2024_unreviewed;open_data_jabar_postal_2023;kodepos_dev_rest_api,diskominfo:4931;open_data_jabar:22825;kodepos_dev:4931,2026-08-11,source_disagreement,,No safe suggestion; compare all source values.,all_three_different,DIST-B53EBD95DADB,TRIP-8A1F30298FA1,8,,,,,pending,,,,,,,,,not_started
32.15.22.2007,32,JAWA BARAT,32.15,KAB. KARAWANG,32.15.22,JAYAKERTA,CIPTAMARGA,,,,,41359,41352,41351,41351;41352;41359,review_required,unresolved,yes,No automatic selection: Kodepos.dev does not corroborate exactly one local source.,no,,diskominfo:32.15.22.2007;open_data_jabar:32.15.22.2007;kodepos_dev:32.15.22.2007,diskominfo_jabar_village_2024_unreviewed;open_data_jabar_postal_2023;kodepos_dev_rest_api,diskominfo:4932;open_data_jabar:22827;kodepos_dev:4932,2026-08-11,source_disagreement,,No safe suggestion; compare all source values.,all_three_different,DIST-B53EBD95DADB,TRIP-8A1F30298FA1,8,,,,,pending,,,,,,,,,not_started
32.15.22.2008,32,JAWA BARAT,32.15,KAB. KARAWANG,32.15.22,JAYAKERTA,KAMPUNGSAWAH,,,,,41359,41352,41351,41351;41352;41359,review_required,unresolved,yes,No automatic selection: Kodepos.dev does not corroborate exactly one local source.,no,,diskominfo:32.15.22.2008;open_data_jabar:32.15.22.2008;kodepos_dev:32.15.22.2008,diskominfo_jabar_village_2024_unreviewed;open_data_jabar_postal_2023;kodepos_dev_rest_api,diskominfo:4933;open_data_jabar:22828;kodepos_dev:4933,2026-08-11,source_disagreement,,No safe suggestion; compare all source values.,all_three_different,DIST-B53EBD95DADB,TRIP-8A1F30298FA1,8,,,,,pending,,,,,,,,,not_started
32.16.15.2005,32,JAWA BARAT,32.16,KAB. BEKASI,32.16.15,SUKATANI,SUKARUKUN,,,,,17637,17630,17631,17630;17631;17637,review_required,unresolved,yes,No automatic selection: Kodepos.dev does not corroborate exactly one local source.,no,,diskominfo:32.16.15.2005;open_data_jabar:32.16.15.2005;kodepos_dev:32.16.15.2005,diskominfo_jabar_village_2024_unreviewed;open_data_jabar_postal_2023;kodepos_dev_rest_api,diskominfo:5137;open_data_jabar:23054;kodepos_dev:5137,2026-08-11,source_disagreement,,No safe suggestion; compare all source values.,all_three_different,DIST-B935FFBD562C,TRIP-14FBEE4A235F,1,,,,,pending,,,,,,,,,not_started
32.16.15.2007,32,JAWA BARAT,32.16,KAB. BEKASI,32.16.15,SUKATANI,SUKADARMA,,,,,17632,17630,17631,17630;17631;17632,review_required,unresolved,yes,No automatic selection: Kodepos.dev does not corroborate exactly one local source.,no,,diskominfo:32.16.15.2007;open_data_jabar:32.16.15.2007;kodepos_dev:32.16.15.2007,diskominfo_jabar_village_2024_unreviewed;open_data_jabar_postal_2023;kodepos_dev_rest_api,diskominfo:5139;open_data_jabar:23056;kodepos_dev:5139,2026-08-11,source_disagreement,,No safe suggestion; compare all source values.,all_three_different,DIST-B935FFBD562C,TRIP-30CA2DA3BDD9,1,,,,,pending,,,,,,,,,not_started
32.16.15.2003,32,JAWA BARAT,32.16,KAB. BEKASI,32.16.15,SUKATANI,SUKAHURIP,,,,,17634,17630,17631,17630;17631;17634,review_required,unresolved,yes,No automatic selection: Kodepos.dev does not corroborate exactly one local source.,no,,diskominfo:32.16.15.2003;open_data_jabar:32.16.15.2003;kodepos_dev:32.16.15.2003,diskominfo_jabar_village_2024_unreviewed;open_data_jabar_postal_2023;kodepos_dev_rest_api,diskominfo:5135;open_data_jabar:23052;kodepos_dev:5135,2026-08-11,source_disagreement,,No safe suggestion; compare all source values.,all_three_different,DIST-B935FFBD562C,TRIP-4204E1119385,1,,,,,pending,,,,,,,,,not_started
32.16.15.2002,32,JAWA BARAT,32.16,KAB. BEKASI,32.16.15,SUKATANI,SUKAMANAH,,,,,17633,17630,17631,17630;17631;17633,review_required,unresolved,yes,No automatic selection: Kodepos.dev does not corroborate exactly one local source.,no,,diskominfo:32.16.15.2002;open_data_jabar:32.16.15.2002;kodepos_dev:32.16.15.2002,diskominfo_jabar_village_2024_unreviewed;open_data_jabar_postal_2023;kodepos_dev_rest_api,diskominfo:5134;open_data_jabar:23051;kodepos_dev:5134,2026-08-11,source_disagreement,,No safe suggestion; compare all source values.,all_three_different,DIST-B935FFBD562C,TRIP-8EBB1E8ACC71,1,,,,,pending,,,,,,,,,not_started
32.13.22.2002,32,JAWA BARAT,32.13,KAB. SUBANG,32.13.22,CIKAUM,SINDANGSARI,,,,,41264,41253,41266,41253;41264;41266,review_required,unresolved,yes,No automatic selection: Kodepos.dev does not corroborate exactly one local source.,no,,diskominfo:32.13.22.2002;open_data_jabar:32.13.22.2002;kodepos_dev:32.13.22.2002,diskominfo_jabar_village_2024_unreviewed;open_data_jabar_postal_2023;kodepos_dev_rest_api,diskominfo:4439;open_data_jabar:22279;kodepos_dev:4439,2026-08-11,source_disagreement,,No safe suggestion; compare all source values.,all_three_different,DIST-B99CFB67C03E,TRIP-ACABCD1112FB,8,,,,,pending,,,,,,,,,not_started
32.13.22.2003,32,JAWA BARAT,32.13,KAB. SUBANG,32.13.22,CIKAUM,CIKAUM BARAT,,,,,41264,41253,41266,41253;41264;41266,review_required,unresolved,yes,No automatic selection: Kodepos.dev does not corroborate exactly one local source.,no,,diskominfo:32.13.22.2003;open_data_jabar:32.13.22.2003;kodepos_dev:32.13.22.2003,diskominfo_jabar_village_2024_unreviewed;open_data_jabar_postal_2023;kodepos_dev_rest_api,diskominfo:4440;open_data_jabar:22280;kodepos_dev:4440,2026-08-11,source_disagreement,,No safe suggestion; compare all source values.,all_three_different,DIST-B99CFB67C03E,TRIP-ACABCD1112FB,8,,,,,pending,,,,,,,,,not_started
32.13.22.2004,32,JAWA BARAT,32.13,KAB. SUBANG,32.13.22,CIKAUM,CIKAUM TIMUR,,,,,41264,41253,41266,41253;41264;41266,review_required,unresolved,yes,No automatic selection: Kodepos.dev does not corroborate exactly one local source.,no,,diskominfo:32.13.22.2004;open_data_jabar:32.13.22.2004;kodepos_dev:32.13.22.2004,diskominfo_jabar_village_2024_unreviewed;open_data_jabar_postal_2023;kodepos_dev_rest_api,diskominfo:4441;open_data_jabar:22281;kodepos_dev:4441,2026-08-11,source_disagreement,,No safe suggestion; compare all source values.,all_three_different,DIST-B99CFB67C03E,TRIP-ACABCD1112FB,8,,,,,pending,,,,,,,,,not_started
32.13.22.2005,32,JAWA BARAT,32.13,KAB. SUBANG,32.13.22,CIKAUM,TANJUNGSARI BARAT,,,,,41264,41253,41266,41253;41264;41266,review_required,unresolved,yes,No automatic selection: Kodepos.dev does not corroborate exactly one local source.,no,,diskominfo:32.13.22.2005;open_data_jabar:32.13.22.2005;kodepos_dev:32.13.22.2005,diskominfo_jabar_village_2024_unreviewed;open_data_jabar_postal_2023;kodepos_dev_rest_api,diskominfo:4442;open_data_jabar:22283;kodepos_dev:4442,2026-08-11,source_disagreement,,No safe suggestion; compare all source values.,all_three_different,DIST-B99CFB67C03E,TRIP-ACABCD1112FB,8,,,,,pending,,,,,,,,,not_started
32.13.22.2006,32,JAWA BARAT,32.13,KAB. SUBANG,32.13.22,CIKAUM,MEKARSARI,,,,,41264,41253,41266,41253;41264;41266,review_required,unresolved,yes,No automatic selection: Kodepos.dev does not corroborate exactly one local source.,no,,diskominfo:32.13.22.2006;open_data_jabar:32.13.22.2006;kodepos_dev:32.13.22.2006,diskominfo_jabar_village_2024_unreviewed;open_data_jabar_postal_2023;kodepos_dev_rest_api,diskominfo:4443;open_data_jabar:22284;kodepos_dev:4443,2026-08-11,source_disagreement,,No safe suggestion; compare all source values.,all_three_different,DIST-B99CFB67C03E,TRIP-ACABCD1112FB,8,,,,,pending,,,,,,,,,not_started
32.13.22.2007,32,JAWA BARAT,32.13,KAB. SUBANG,32.13.22,CIKAUM,TANJUNGSARI TIMUR,,,,,41264,41253,41266,41253;41264;41266,review_required,unresolved,yes,No automatic selection: Kodepos.dev does not corroborate exactly one local source.,no,,diskominfo:32.13.22.2007;open_data_jabar:32.13.22.2007;kodepos_dev:32.13.22.2007,diskominfo_jabar_village_2024_unreviewed;open_data_jabar_postal_2023;kodepos_dev_rest_api,diskominfo:4444;open_data_jabar:22285;kodepos_dev:4444,2026-08-11,source_disagreement,,No safe suggestion; compare all source values.,all_three_different,DIST-B99CFB67C03E,TRIP-ACABCD1112FB,8,,,,,pending,,,,,,,,,not_started
32.13.22.2008,32,JAWA BARAT,32.13,KAB. SUBANG,32.13.22,CIKAUM,GANDASARI,,,,,41264,41253,41266,41253;41264;41266,review_required,unresolved,yes,No automatic selection: Kodepos.dev does not corroborate exactly one local source.,no,,diskominfo:32.13.22.2008;open_data_jabar:32.13.22.2008;kodepos_dev:32.13.22.2008,diskominfo_jabar_village_2024_unreviewed;open_data_jabar_postal_2023;kodepos_dev_rest_api,diskominfo:4445;open_data_jabar:22286;kodepos_dev:4445,2026-08-11,source_disagreement,,No safe suggestion; compare all source values.,all_three_different,DIST-B99CFB67C03E,TRIP-ACABCD1112FB,8,,,,,pending,,,,,,,,,not_started
32.13.22.2009,32,JAWA BARAT,32.13,KAB. SUBANG,32.13.22,CIKAUM,PASIRMUNCANG,,,,,41264,41253,41266,41253;41264;41266,review_required,unresolved,yes,No automatic selection: Kodepos.dev does not corroborate exactly one local source.,no,,diskominfo:32.13.22.2009;open_data_jabar:32.13.22.2009;kodepos_dev:32.13.22.2009,diskominfo_jabar_village_2024_unreviewed;open_data_jabar_postal_2023;kodepos_dev_rest_api,diskominfo:4446;open_data_jabar:22287;kodepos_dev:4446,2026-08-11,source_disagreement,,No safe suggestion; compare all source values.,all_three_different,DIST-B99CFB67C03E,TRIP-ACABCD1112FB,8,,,,,pending,,,,,,,,,not_started
32.15.26.2007,32,JAWA BARAT,32.15,KAB. KARAWANG,32.15.26,KARAWANG TIMUR,KONDANGJAYA,,,,,41324,41371,41313,41313;41324;41371,review_required,unresolved,yes,No automatic selection: Kodepos.dev does not corroborate exactly one local source.,no,,diskominfo:32.15.26.2007;open_data_jabar:32.15.26.2007;kodepos_dev:32.15.26.2007,diskominfo_jabar_village_2024_unreviewed;open_data_jabar_postal_2023;kodepos_dev_rest_api,diskominfo:4973;open_data_jabar:22872;kodepos_dev:4973,2026-08-11,source_disagreement,,No safe suggestion; compare all source values.,all_three_different,DIST-BA8BADDEE46B,TRIP-27262047CC6E,1,,,,,pending,,,,,,,,,not_started
32.15.26.1004,32,JAWA BARAT,32.15,KAB. KARAWANG,32.15.26,KARAWANG TIMUR,PLAWAD,,,,,41326,41327,41314,41314;41326;41327,review_required,unresolved,yes,No automatic selection: Kodepos.dev does not corroborate exactly one local source.,no,,diskominfo:32.15.26.1004;open_data_jabar:32.15.26.1004;kodepos_dev:32.15.26.1004,diskominfo_jabar_village_2024_unreviewed;open_data_jabar_postal_2023;kodepos_dev_rest_api,diskominfo:4970;open_data_jabar:22868;kodepos_dev:4970,2026-08-11,source_disagreement,,No safe suggestion; compare all source values.,all_three_different,DIST-BA8BADDEE46B,TRIP-768E71D9B8A8,1,,,,,pending,,,,,,,,,not_started
32.15.26.2005,32,JAWA BARAT,32.15,KAB. KARAWANG,32.15.26,KARAWANG TIMUR,MARGASARI,,,,,41325,41371,41313,41313;41325;41371,review_required,unresolved,yes,No automatic selection: Kodepos.dev does not corroborate exactly one local source.,no,,diskominfo:32.15.26.2005;open_data_jabar:32.15.26.2005;kodepos_dev:32.15.26.2005,diskominfo_jabar_village_2024_unreviewed;open_data_jabar_postal_2023;kodepos_dev_rest_api,diskominfo:4971;open_data_jabar:22869;kodepos_dev:4971,2026-08-11,source_disagreement,,No safe suggestion; compare all source values.,all_three_different,DIST-BA8BADDEE46B,TRIP-7EEFD1B6D683,1,,,,,pending,,,,,,,,,not_started
32.15.26.2006,32,JAWA BARAT,32.15,KAB. KARAWANG,32.15.26,KARAWANG TIMUR,WARUNGBAMBU,,,,,41323,41371,41313,41313;41323;41371,review_required,unresolved,yes,No automatic selection: Kodepos.dev does not corroborate exactly one local source.,no,,diskominfo:32.15.26.2006;open_data_jabar:32.15.26.2006;kodepos_dev:32.15.26.2006,diskominfo_jabar_village_2024_unreviewed;open_data_jabar_postal_2023;kodepos_dev_rest_api,diskominfo:4972;open_data_jabar:22871;kodepos_dev:4972,2026-08-11,source_disagreement,,No safe suggestion; compare all source values.,all_three_different,DIST-BA8BADDEE46B,TRIP-9B6979408541,1,,,,,pending,,,,,,,,,not_started
32.02.46.2001,32,JAWA BARAT,32.02,KAB. SUKABUMI,32.02.46,CIMANGGU,CIMANGGU,,,,,43347,42284,43178,42284;43178;43347,review_required,unresolved,yes,No automatic selection: Kodepos.dev does not corroborate exactly one local source.,no,,diskominfo:32.02.46.2001;open_data_jabar:32.02.46.2001;kodepos_dev:32.02.46.2001,diskominfo_jabar_village_2024_unreviewed;open_data_jabar_postal_2023;kodepos_dev_rest_api,diskominfo:811;open_data_jabar:18247;kodepos_dev:811,2026-08-11,source_disagreement,,No safe suggestion; compare all source values.,all_three_different,DIST-BD5DC73D23BE,TRIP-70D8AEEE676E,1,,,,,pending,,,,,,,,,not_started
32.17.11.2001,32,JAWA BARAT,32.17,KAB. BANDUNG BARAT,32.17.11,CILILIN,CILILIN,,,,,40762,40562,40567,40562;40567;40762,review_required,unresolved,yes,No automatic selection: Kodepos.dev does not corroborate exactly one local source.,no,,diskominfo:32.17.11.2001;open_data_jabar:32.17.11.2001;kodepos_dev:32.17.11.2001,diskominfo_jabar_village_2024_unreviewed;open_data_jabar_postal_2023;kodepos_dev_rest_api,diskominfo:5305;open_data_jabar:23241;kodepos_dev:5305,2026-08-11,source_disagreement,,No safe suggestion; compare all source values.,all_three_different,DIST-BF2A178CAD8D,TRIP-7F462FC25FB9,11,,,,,pending,,,,,,,,,not_started
32.17.11.2002,32,JAWA BARAT,32.17,KAB. BANDUNG BARAT,32.17.11,CILILIN,BUDIHARJA,,,,,40762,40562,40567,40562;40567;40762,review_required,unresolved,yes,No automatic selection: Kodepos.dev does not corroborate exactly one local source.,no,,diskominfo:32.17.11.2002;open_data_jabar:32.17.11.2002;kodepos_dev:32.17.11.2002,diskominfo_jabar_village_2024_unreviewed;open_data_jabar_postal_2023;kodepos_dev_rest_api,diskominfo:5306;open_data_jabar:23242;kodepos_dev:5306,2026-08-11,source_disagreement,,No safe suggestion; compare all source values.,all_three_different,DIST-BF2A178CAD8D,TRIP-7F462FC25FB9,11,,,,,pending,,,,,,,,,not_started
32.17.11.2003,32,JAWA BARAT,32.17,KAB. BANDUNG BARAT,32.17.11,CILILIN,BATULAYANG,,,,,40762,40562,40567,40562;40567;40762,review_required,unresolved,yes,No automatic selection: Kodepos.dev does not corroborate exactly one local source.,no,,diskominfo:32.17.11.2003;open_data_jabar:32.17.11.2003;kodepos_dev:32.17.11.2003,diskominfo_jabar_village_2024_unreviewed;open_data_jabar_postal_2023;kodepos_dev_rest_api,diskominfo:5307;open_data_jabar:23243;kodepos_dev:5307,2026-08-11,source_disagreement,,No safe suggestion; compare all source values.,all_three_different,DIST-BF2A178CAD8D,TRIP-7F462FC25FB9,11,,,,,pending,,,,,,,,,not_started
32.17.11.2004,32,JAWA BARAT,32.17,KAB. BANDUNG BARAT,32.17.11,CILILIN,BONGAS,,,,,40762,40562,40567,40562;40567;40762,review_required,unresolved,yes,No automatic selection: Kodepos.dev does not corroborate exactly one local source.,no,,diskominfo:32.17.11.2004;open_data_jabar:32.17.11.2004;kodepos_dev:32.17.11.2004,diskominfo_jabar_village_2024_unreviewed;open_data_jabar_postal_2023;kodepos_dev_rest_api,diskominfo:5308;open_data_jabar:23244;kodepos_dev:5308,2026-08-11,source_disagreement,,No safe suggestion; compare all source values.,all_three_different,DIST-BF2A178CAD8D,TRIP-7F462FC25FB9,11,,,,,pending,,,,,,,,,not_started
32.17.11.2005,32,JAWA BARAT,32.17,KAB. BANDUNG BARAT,32.17.11,CILILIN,KARANGANYAR,,,,,40762,40562,40567,40562;40567;40762,review_required,unresolved,yes,No automatic selection: Kodepos.dev does not corroborate exactly one local source.,no,,diskominfo:32.17.11.2005;open_data_jabar:32.17.11.2005;kodepos_dev:32.17.11.2005,diskominfo_jabar_village_2024_unreviewed;open_data_jabar_postal_2023;kodepos_dev_rest_api,diskominfo:5309;open_data_jabar:23245;kodepos_dev:5309,2026-08-11,source_disagreement,,No safe suggestion; compare all source values.,all_three_different,DIST-BF2A178CAD8D,TRIP-7F462FC25FB9,11,,,,,pending,,,,,,,,,not_started
32.17.11.2006,32,JAWA BARAT,32.17,KAB. BANDUNG BARAT,32.17.11,CILILIN,KARANGTANJUNG,,,,,40762,40562,40567,40562;40567;40762,review_required,unresolved,yes,No automatic selection: Kodepos.dev does not corroborate exactly one local source.,no,,diskominfo:32.17.11.2006;open_data_jabar:32.17.11.2006;kodepos_dev:32.17.11.2006,diskominfo_jabar_village_2024_unreviewed;open_data_jabar_postal_2023;kodepos_dev_rest_api,diskominfo:5310;open_data_jabar:23246;kodepos_dev:5310,2026-08-11,source_disagreement,,No safe suggestion; compare all source values.,all_three_different,DIST-BF2A178CAD8D,TRIP-7F462FC25FB9,11,,,,,pending,,,,,,,,,not_started
32.17.11.2007,32,JAWA BARAT,32.17,KAB. BANDUNG BARAT,32.17.11,CILILIN,KARYAMUKTI,,,,,40762,40562,40567,40562;40567;40762,review_required,unresolved,yes,No automatic selection: Kodepos.dev does not corroborate exactly one local source.,no,,diskominfo:32.17.11.2007;open_data_jabar:32.17.11.2007;kodepos_dev:32.17.11.2007,diskominfo_jabar_village_2024_unreviewed;open_data_jabar_postal_2023;kodepos_dev_rest_api,diskominfo:5311;open_data_jabar:23247;kodepos_dev:5311,2026-08-11,source_disagreement,,No safe suggestion; compare all source values.,all_three_different,DIST-BF2A178CAD8D,TRIP-7F462FC25FB9,11,,,,,pending,,,,,,,,,not_started
32.17.11.2008,32,JAWA BARAT,32.17,KAB. BANDUNG BARAT,32.17.11,CILILIN,KIDANGPANANJUNG,,,,,40762,40562,40567,40562;40567;40762,review_required,unresolved,yes,No automatic selection: Kodepos.dev does not corroborate exactly one local source.,no,,diskominfo:32.17.11.2008;open_data_jabar:32.17.11.2008;kodepos_dev:32.17.11.2008,diskominfo_jabar_village_2024_unreviewed;open_data_jabar_postal_2023;kodepos_dev_rest_api,diskominfo:5312;open_data_jabar:23249;kodepos_dev:5312,2026-08-11,source_disagreement,,No safe suggestion; compare all source values.,all_three_different,DIST-BF2A178CAD8D,TRIP-7F462FC25FB9,11,,,,,pending,,,,,,,,,not_started
32.17.11.2009,32,JAWA BARAT,32.17,KAB. BANDUNG BARAT,32.17.11,CILILIN,MUKAPAYUNG,,,,,40762,40562,40567,40562;40567;40762,review_required,unresolved,yes,No automatic selection: Kodepos.dev does not corroborate exactly one local source.,no,,diskominfo:32.17.11.2009;open_data_jabar:32.17.11.2009;kodepos_dev:32.17.11.2009,diskominfo_jabar_village_2024_unreviewed;open_data_jabar_postal_2023;kodepos_dev_rest_api,diskominfo:5313;open_data_jabar:23250;kodepos_dev:5313,2026-08-11,source_disagreement,,No safe suggestion; compare all source values.,all_three_different,DIST-BF2A178CAD8D,TRIP-7F462FC25FB9,11,,,,,pending,,,,,,,,,not_started
32.17.11.2010,32,JAWA BARAT,32.17,KAB. BANDUNG BARAT,32.17.11,CILILIN,NANGGERANG,,,,,40762,40562,40567,40562;40567;40762,review_required,unresolved,yes,No automatic selection: Kodepos.dev does not corroborate exactly one local source.,no,,diskominfo:32.17.11.2010;open_data_jabar:32.17.11.2010;kodepos_dev:32.17.11.2010,diskominfo_jabar_village_2024_unreviewed;open_data_jabar_postal_2023;kodepos_dev_rest_api,diskominfo:5314;open_data_jabar:23251;kodepos_dev:5314,2026-08-11,source_disagreement,,No safe suggestion; compare all source values.,all_three_different,DIST-BF2A178CAD8D,TRIP-7F462FC25FB9,11,,,,,pending,,,,,,,,,not_started
32.17.11.2011,32,JAWA BARAT,32.17,KAB. BANDUNG BARAT,32.17.11,CILILIN,RANCAPANGGUNG,,,,,40762,40562,40567,40562;40567;40762,review_required,unresolved,yes,No automatic selection: Kodepos.dev does not corroborate exactly one local source.,no,,diskominfo:32.17.11.2011;open_data_jabar:32.17.11.2011;kodepos_dev:32.17.11.2011,diskominfo_jabar_village_2024_unreviewed;open_data_jabar_postal_2023;kodepos_dev_rest_api,diskominfo:5315;open_data_jabar:23252;kodepos_dev:5315,2026-08-11,source_disagreement,,No safe suggestion; compare all source values.,all_three_different,DIST-BF2A178CAD8D,TRIP-7F462FC25FB9,11,,,,,pending,,,,,,,,,not_started
32.06.07.2001,32,JAWA BARAT,32.06,KAB. TASIKMALAYA,32.06.07,PARUNGPONTENG,PARUNGPONTENG,,,,,46476,46185,46189,46185;46189;46476,review_required,unresolved,yes,No automatic selection: Kodepos.dev does not corroborate exactly one local source.,no,,diskominfo:32.06.07.2001;open_data_jabar:32.06.07.2001;kodepos_dev:32.06.07.2001,diskominfo_jabar_village_2024_unreviewed;open_data_jabar_postal_2023;kodepos_dev_rest_api,diskominfo:1973;open_data_jabar:19538;kodepos_dev:1973,2026-08-11,source_disagreement,,No safe suggestion; compare all source values.,all_three_different,DIST-BFC0AC299E94,TRIP-A3845057F505,7,,,,,pending,,,,,,,,,not_started
32.06.07.2002,32,JAWA BARAT,32.06,KAB. TASIKMALAYA,32.06.07,PARUNGPONTENG,CIGUNUNG,,,,,46476,46185,46189,46185;46189;46476,review_required,unresolved,yes,No automatic selection: Kodepos.dev does not corroborate exactly one local source.,no,,diskominfo:32.06.07.2002;open_data_jabar:32.06.07.2002;kodepos_dev:32.06.07.2002,diskominfo_jabar_village_2024_unreviewed;open_data_jabar_postal_2023;kodepos_dev_rest_api,diskominfo:1974;open_data_jabar:19539;kodepos_dev:1974,2026-08-11,source_disagreement,,No safe suggestion; compare all source values.,all_three_different,DIST-BFC0AC299E94,TRIP-A3845057F505,7,,,,,pending,,,,,,,,,not_started
32.06.07.2003,32,JAWA BARAT,32.06,KAB. TASIKMALAYA,32.06.07,PARUNGPONTENG,CIBANTENG,,,,,46476,46185,46189,46185;46189;46476,review_required,unresolved,yes,No automatic selection: Kodepos.dev does not corroborate exactly one local source.,no,,diskominfo:32.06.07.2003;open_data_jabar:32.06.07.2003;kodepos_dev:32.06.07.2003,diskominfo_jabar_village_2024_unreviewed;open_data_jabar_postal_2023;kodepos_dev_rest_api,diskominfo:1975;open_data_jabar:19540;kodepos_dev:1975,2026-08-11,source_disagreement,,No safe suggestion; compare all source values.,all_three_different,DIST-BFC0AC299E94,TRIP-A3845057F505,7,,,,,pending,,,,,,,,,not_started
32.06.07.2004,32,JAWA BARAT,32.06,KAB. TASIKMALAYA,32.06.07,PARUNGPONTENG,BARUMEKAR,,,,,46476,46185,46189,46185;46189;46476,review_required,unresolved,yes,No automatic selection: Kodepos.dev does not corroborate exactly one local source.,no,,diskominfo:32.06.07.2004;open_data_jabar:32.06.07.2004;kodepos_dev:32.06.07.2004,diskominfo_jabar_village_2024_unreviewed;open_data_jabar_postal_2023;kodepos_dev_rest_api,diskominfo:1976;open_data_jabar:19541;kodepos_dev:1976,2026-08-11,source_disagreement,,No safe suggestion; compare all source values.,all_three_different,DIST-BFC0AC299E94,TRIP-A3845057F505,7,,,,,pending,,,,,,,,,not_started
32.06.07.2005,32,JAWA BARAT,32.06,KAB. TASIKMALAYA,32.06.07,PARUNGPONTENG,CIBUNGUR,,,,,46476,46185,46189,46185;46189;46476,review_required,unresolved,yes,No automatic selection: Kodepos.dev does not corroborate exactly one local source.,no,,diskominfo:32.06.07.2005;open_data_jabar:32.06.07.2005;kodepos_dev:32.06.07.2005,diskominfo_jabar_village_2024_unreviewed;open_data_jabar_postal_2023;kodepos_dev_rest_api,diskominfo:1977;open_data_jabar:19542;kodepos_dev:1977,2026-08-11,source_disagreement,,No safe suggestion; compare all source values.,all_three_different,DIST-BFC0AC299E94,TRIP-A3845057F505,7,,,,,pending,,,,,,,,,not_started
32.06.07.2006,32,JAWA BARAT,32.06,KAB. TASIKMALAYA,32.06.07,PARUNGPONTENG,BURUJULJAYA,,,,,46476,46185,46189,46185;46189;46476,review_required,unresolved,yes,No automatic selection: Kodepos.dev does not corroborate exactly one local source.,no,,diskominfo:32.06.07.2006;open_data_jabar:32.06.07.2006;kodepos_dev:32.06.07.2006,diskominfo_jabar_village_2024_unreviewed;open_data_jabar_postal_2023;kodepos_dev_rest_api,diskominfo:1978;open_data_jabar:19543;kodepos_dev:1978,2026-08-11,source_disagreement,,No safe suggestion; compare all source values.,all_three_different,DIST-BFC0AC299E94,TRIP-A3845057F505,7,,,,,pending,,,,,,,,,not_started
32.06.07.2008,32,JAWA BARAT,32.06,KAB. TASIKMALAYA,32.06.07,PARUNGPONTENG,KARYABAKTI,,,,,46476,46185,46189,46185;46189;46476,review_required,unresolved,yes,No automatic selection: Kodepos.dev does not corroborate exactly one local source.,no,,diskominfo:32.06.07.2008;open_data_jabar:32.06.07.2008;kodepos_dev:32.06.07.2008,diskominfo_jabar_village_2024_unreviewed;open_data_jabar_postal_2023;kodepos_dev_rest_api,diskominfo:1980;open_data_jabar:19545;kodepos_dev:1980,2026-08-11,source_disagreement,,No safe suggestion; compare all source values.,all_three_different,DIST-BFC0AC299E94,TRIP-A3845057F505,7,,,,,pending,,,,,,,,,not_started
32.12.19.2001,32,JAWA BARAT,32.12,KAB. INDRAMAYU,32.12.19,ARAHAN,ARAHAN KIDUL,,,,,45259,45365,45267,45259;45267;45365,review_required,unresolved,yes,No automatic selection: Kodepos.dev does not corroborate exactly one local source.,no,,diskominfo:32.12.19.2001;open_data_jabar:32.12.19.2001;kodepos_dev:32.12.19.2001,diskominfo_jabar_village_2024_unreviewed;open_data_jabar_postal_2023;kodepos_dev_rest_api,diskominfo:4139;open_data_jabar:21944;kodepos_dev:4139,2026-08-11,source_disagreement,,No safe suggestion; compare all source values.,all_three_different,DIST-C878B7F58E7E,TRIP-34635F6F6FA5,8,,,,,pending,,,,,,,,,not_started
32.12.19.2002,32,JAWA BARAT,32.12,KAB. INDRAMAYU,32.12.19,ARAHAN,ARAHAN LOR,,,,,45259,45365,45267,45259;45267;45365,review_required,unresolved,yes,No automatic selection: Kodepos.dev does not corroborate exactly one local source.,no,,diskominfo:32.12.19.2002;open_data_jabar:32.12.19.2002;kodepos_dev:32.12.19.2002,diskominfo_jabar_village_2024_unreviewed;open_data_jabar_postal_2023;kodepos_dev_rest_api,diskominfo:4140;open_data_jabar:21945;kodepos_dev:4140,2026-08-11,source_disagreement,,No safe suggestion; compare all source values.,all_three_different,DIST-C878B7F58E7E,TRIP-34635F6F6FA5,8,,,,,pending,,,,,,,,,not_started
32.12.19.2003,32,JAWA BARAT,32.12,KAB. INDRAMAYU,32.12.19,ARAHAN,LINGGAJATI,,,,,45259,45365,45267,45259;45267;45365,review_required,unresolved,yes,No automatic selection: Kodepos.dev does not corroborate exactly one local source.,no,,diskominfo:32.12.19.2003;open_data_jabar:32.12.19.2003;kodepos_dev:32.12.19.2003,diskominfo_jabar_village_2024_unreviewed;open_data_jabar_postal_2023;kodepos_dev_rest_api,diskominfo:4141;open_data_jabar:21946;kodepos_dev:4141,2026-08-11,source_disagreement,,No safe suggestion; compare all source values.,all_three_different,DIST-C878B7F58E7E,TRIP-34635F6F6FA5,8,,,,,pending,,,,,,,,,not_started
32.12.19.2004,32,JAWA BARAT,32.12,KAB. INDRAMAYU,32.12.19,ARAHAN,CIDEMPET,,,,,45259,45365,45267,45259;45267;45365,review_required,unresolved,yes,No automatic selection: Kodepos.dev does not corroborate exactly one local source.,no,,diskominfo:32.12.19.2004;open_data_jabar:32.12.19.2004;kodepos_dev:32.12.19.2004,diskominfo_jabar_village_2024_unreviewed;open_data_jabar_postal_2023;kodepos_dev_rest_api,diskominfo:4142;open_data_jabar:21948;kodepos_dev:4142,2026-08-11,source_disagreement,,No safe suggestion; compare all source values.,all_three_different,DIST-C878B7F58E7E,TRIP-34635F6F6FA5,8,,,,,pending,,,,,,,,,not_started
32.12.19.2005,32,JAWA BARAT,32.12,KAB. INDRAMAYU,32.12.19,ARAHAN,SUKADADI,,,,,45259,45365,45267,45259;45267;45365,review_required,unresolved,yes,No automatic selection: Kodepos.dev does not corroborate exactly one local source.,no,,diskominfo:32.12.19.2005;open_data_jabar:32.12.19.2005;kodepos_dev:32.12.19.2005,diskominfo_jabar_village_2024_unreviewed;open_data_jabar_postal_2023;kodepos_dev_rest_api,diskominfo:4143;open_data_jabar:21949;kodepos_dev:4143,2026-08-11,source_disagreement,,No safe suggestion; compare all source values.,all_three_different,DIST-C878B7F58E7E,TRIP-34635F6F6FA5,8,,,,,pending,,,,,,,,,not_started
32.12.19.2006,32,JAWA BARAT,32.12,KAB. INDRAMAYU,32.12.19,ARAHAN,PRANGGONG,,,,,45259,45365,45267,45259;45267;45365,review_required,unresolved,yes,No automatic selection: Kodepos.dev does not corroborate exactly one local source.,no,,diskominfo:32.12.19.2006;open_data_jabar:32.12.19.2006;kodepos_dev:32.12.19.2006,diskominfo_jabar_village_2024_unreviewed;open_data_jabar_postal_2023;kodepos_dev_rest_api,diskominfo:4144;open_data_jabar:21950;kodepos_dev:4144,2026-08-11,source_disagreement,,No safe suggestion; compare all source values.,all_three_different,DIST-C878B7F58E7E,TRIP-34635F6F6FA5,8,,,,,pending,,,,,,,,,not_started
32.12.19.2007,32,JAWA BARAT,32.12,KAB. INDRAMAYU,32.12.19,ARAHAN,SUKASARI,,,,,45259,45365,45267,45259;45267;45365,review_required,unresolved,yes,No automatic selection: Kodepos.dev does not corroborate exactly one local source.,no,,diskominfo:32.12.19.2007;open_data_jabar:32.12.19.2007;kodepos_dev:32.12.19.2007,diskominfo_jabar_village_2024_unreviewed;open_data_jabar_postal_2023;kodepos_dev_rest_api,diskominfo:4145;open_data_jabar:21951;kodepos_dev:4145,2026-08-11,source_disagreement,,No safe suggestion; compare all source values.,all_three_different,DIST-C878B7F58E7E,TRIP-34635F6F6FA5,8,,,,,pending,,,,,,,,,not_started
32.12.19.2008,32,JAWA BARAT,32.12,KAB. INDRAMAYU,32.12.19,ARAHAN,TAWANGSARI,,,,,45259,45365,45267,45259;45267;45365,review_required,unresolved,yes,No automatic selection: Kodepos.dev does not corroborate exactly one local source.,no,,diskominfo:32.12.19.2008;open_data_jabar:32.12.19.2008;kodepos_dev:32.12.19.2008,diskominfo_jabar_village_2024_unreviewed;open_data_jabar_postal_2023;kodepos_dev_rest_api,diskominfo:4146;open_data_jabar:21952;kodepos_dev:4146,2026-08-11,source_disagreement,,No safe suggestion; compare all source values.,all_three_different,DIST-C878B7F58E7E,TRIP-34635F6F6FA5,8,,,,,pending,,,,,,,,,not_started
32.02.12.2010,32,JAWA BARAT,32.02,KAB. SUKABUMI,32.02.12,NAGRAK,BABAKAN PANJANG,,,,,43163,43356,43352,43163;43352;43356,review_required,unresolved,yes,No automatic selection: Kodepos.dev does not corroborate exactly one local source.,no,,diskominfo:32.02.12.2010;open_data_jabar:32.02.12.2010;kodepos_dev:32.02.12.2010,diskominfo_jabar_village_2024_unreviewed;open_data_jabar_postal_2023;kodepos_dev_rest_api,diskominfo:548;open_data_jabar:17955;kodepos_dev:548,2026-08-11,source_disagreement,,No safe suggestion; compare all source values.,all_three_different,DIST-CBD2CAF5D74F,TRIP-B9F0B0802B8E,1,,,,,pending,,,,,,,,,not_started
32.02.12.2001,32,JAWA BARAT,32.02,KAB. SUKABUMI,32.02.12,NAGRAK,KALAPAREA,,,,,43342,43356,43352,43342;43352;43356,review_required,unresolved,yes,No automatic selection: Kodepos.dev does not corroborate exactly one local source.,no,,diskominfo:32.02.12.2001;open_data_jabar:32.02.12.2001;kodepos_dev:32.02.12.2001,diskominfo_jabar_village_2024_unreviewed;open_data_jabar_postal_2023;kodepos_dev_rest_api,diskominfo:543;open_data_jabar:17950;kodepos_dev:543,2026-08-11,source_disagreement,,No safe suggestion; compare all source values.,all_three_different,DIST-CBD2CAF5D74F,TRIP-D8C0CA908C9C,5,,,,,pending,,,,,,,,,not_started
32.02.12.2002,32,JAWA BARAT,32.02,KAB. SUKABUMI,32.02.12,NAGRAK,PAWENANG,,,,,43342,43356,43352,43342;43352;43356,review_required,unresolved,yes,No automatic selection: Kodepos.dev does not corroborate exactly one local source.,no,,diskominfo:32.02.12.2002;open_data_jabar:32.02.12.2002;kodepos_dev:32.02.12.2002,diskominfo_jabar_village_2024_unreviewed;open_data_jabar_postal_2023;kodepos_dev_rest_api,diskominfo:544;open_data_jabar:17951;kodepos_dev:544,2026-08-11,source_disagreement,,No safe suggestion; compare all source values.,all_three_different,DIST-CBD2CAF5D74F,TRIP-D8C0CA908C9C,5,,,,,pending,,,,,,,,,not_started
32.02.12.2011,32,JAWA BARAT,32.02,KAB. SUKABUMI,32.02.12,NAGRAK,DARMAREJA,,,,,43342,43356,43352,43342;43352;43356,review_required,unresolved,yes,No automatic selection: Kodepos.dev does not corroborate exactly one local source.,no,,diskominfo:32.02.12.2011;open_data_jabar:32.02.12.2011;kodepos_dev:32.02.12.2011,diskominfo_jabar_village_2024_unreviewed;open_data_jabar_postal_2023;kodepos_dev_rest_api,diskominfo:549;open_data_jabar:17956;kodepos_dev:549,2026-08-11,source_disagreement,,No safe suggestion; compare all source values.,all_three_different,DIST-CBD2CAF5D74F,TRIP-D8C0CA908C9C,5,,,,,pending,,,,,,,,,not_started
32.02.12.2012,32,JAWA BARAT,32.02,KAB. SUKABUMI,32.02.12,NAGRAK,CIHANYAWAR,,,,,43342,43356,43352,43342;43352;43356,review_required,unresolved,yes,No automatic selection: Kodepos.dev does not corroborate exactly one local source.,no,,diskominfo:32.02.12.2012;open_data_jabar:32.02.12.2012;kodepos_dev:32.02.12.2012,diskominfo_jabar_village_2024_unreviewed;open_data_jabar_postal_2023;kodepos_dev_rest_api,diskominfo:550;open_data_jabar:17957;kodepos_dev:550,2026-08-11,source_disagreement,,No safe suggestion; compare all source values.,all_three_different,DIST-CBD2CAF5D74F,TRIP-D8C0CA908C9C,5,,,,,pending,,,,,,,,,not_started
32.02.12.2014,32,JAWA BARAT,32.02,KAB. SUKABUMI,32.02.12,NAGRAK,GIRIJAYA,,,,,43342,43356,43352,43342;43352;43356,review_required,unresolved,yes,No automatic selection: Kodepos.dev does not corroborate exactly one local source.,no,,diskominfo:32.02.12.2014;open_data_jabar:32.02.12.2014;kodepos_dev:32.02.12.2014,diskominfo_jabar_village_2024_unreviewed;open_data_jabar_postal_2023;kodepos_dev_rest_api,diskominfo:552;open_data_jabar:17960;kodepos_dev:552,2026-08-11,source_disagreement,,No safe suggestion; compare all source values.,all_three_different,DIST-CBD2CAF5D74F,TRIP-D8C0CA908C9C,5,,,,,pending,,,,,,,,,not_started
32.01.09.2006,32,JAWA BARAT,32.01,KAB. BOGOR,32.01.09,SUKAMAKMUR,SUKARESMI,,,,,16887,16830,16831,16830;16831;16887,review_required,unresolved,yes,No automatic selection: Kodepos.dev does not corroborate exactly one local source.,no,,diskominfo:32.01.09.2006;open_data_jabar:32.01.09.2006;kodepos_dev:32.01.09.2006,diskominfo_jabar_village_2024_unreviewed;open_data_jabar_postal_2023;kodepos_dev_rest_api,diskominfo:102;open_data_jabar:17460;kodepos_dev:102,2026-08-11,source_disagreement,,No safe suggestion; compare all source values.,all_three_different,DIST-CDECEF2B458C,TRIP-0FE8DED266CB,1,,,,,pending,,,,,,,,,not_started
32.01.09.2010,32,JAWA BARAT,32.01,KAB. BOGOR,32.01.09,SUKAMAKMUR,SUKAMAKMUR,,,,,16881,16830,16831,16830;16831;16881,review_required,unresolved,yes,No automatic selection: Kodepos.dev does not corroborate exactly one local source.,no,,diskominfo:32.01.09.2010;open_data_jabar:32.01.09.2010;kodepos_dev:32.01.09.2010,diskominfo_jabar_village_2024_unreviewed;open_data_jabar_postal_2023;kodepos_dev_rest_api,diskominfo:106;open_data_jabar:17464;kodepos_dev:106,2026-08-11,source_disagreement,,No safe suggestion; compare all source values.,all_three_different,DIST-CDECEF2B458C,TRIP-22840E8E3AF6,1,,,,,pending,,,,,,,,,not_started
32.01.09.2001,32,JAWA BARAT,32.01,KAB. BOGOR,32.01.09,SUKAMAKMUR,WARGAJAYA,,,,,16883,16830,16831,16830;16831;16883,review_required,unresolved,yes,No automatic selection: Kodepos.dev does not corroborate exactly one local source.,no,,diskominfo:32.01.09.2001;open_data_jabar:32.01.09.2001;kodepos_dev:32.01.09.2001,diskominfo_jabar_village_2024_unreviewed;open_data_jabar_postal_2023;kodepos_dev_rest_api,diskominfo:97;open_data_jabar:17454;kodepos_dev:97,2026-08-11,source_disagreement,,No safe suggestion; compare all source values.,all_three_different,DIST-CDECEF2B458C,TRIP-3CBA8366D19B,2,,,,,pending,,,,,,,,,not_started
32.01.09.2009,32,JAWA BARAT,32.01,KAB. BOGOR,32.01.09,SUKAMAKMUR,SIRNAJAYA,,,,,16883,16830,16831,16830;16831;16883,review_required,unresolved,yes,No automatic selection: Kodepos.dev does not corroborate exactly one local source.,no,,diskominfo:32.01.09.2009;open_data_jabar:32.01.09.2009;kodepos_dev:32.01.09.2009,diskominfo_jabar_village_2024_unreviewed;open_data_jabar_postal_2023;kodepos_dev_rest_api,diskominfo:105;open_data_jabar:17463;kodepos_dev:105,2026-08-11,source_disagreement,,No safe suggestion; compare all source values.,all_three_different,DIST-CDECEF2B458C,TRIP-3CBA8366D19B,2,,,,,pending,,,,,,,,,not_started
32.01.09.2005,32,JAWA BARAT,32.01,KAB. BOGOR,32.01.09,SUKAMAKMUR,CIBADAK,,,,,16882,16830,16831,16830;16831;16882,review_required,unresolved,yes,No automatic selection: Kodepos.dev does not corroborate exactly one local source.,no,,diskominfo:32.01.09.2005;open_data_jabar:32.01.09.2005;kodepos_dev:32.01.09.2005,diskominfo_jabar_village_2024_unreviewed;open_data_jabar_postal_2023;kodepos_dev_rest_api,diskominfo:101;open_data_jabar:17458;kodepos_dev:101,2026-08-11,source_disagreement,,No safe suggestion; compare all source values.,all_three_different,DIST-CDECEF2B458C,TRIP-69DDD7A9F05D,1,,,,,pending,,,,,,,,,not_started
32.01.09.2004,32,JAWA BARAT,32.01,KAB. BOGOR,32.01.09,SUKAMAKMUR,SUKAWANGI,,,,,16884,16830,16831,16830;16831;16884,review_required,unresolved,yes,No automatic selection: Kodepos.dev does not corroborate exactly one local source.,no,,diskominfo:32.01.09.2004;open_data_jabar:32.01.09.2004;kodepos_dev:32.01.09.2004,diskominfo_jabar_village_2024_unreviewed;open_data_jabar_postal_2023;kodepos_dev_rest_api,diskominfo:100;open_data_jabar:17457;kodepos_dev:100,2026-08-11,source_disagreement,,No safe suggestion; compare all source values.,all_three_different,DIST-CDECEF2B458C,TRIP-97ECC8306E43,1,,,,,pending,,,,,,,,,not_started
32.01.09.2003,32,JAWA BARAT,32.01,KAB. BOGOR,32.01.09,SUKAMAKMUR,SUKADAMAI,,,,,16886,16830,16831,16830;16831;16886,review_required,unresolved,yes,No automatic selection: Kodepos.dev does not corroborate exactly one local source.,no,,diskominfo:32.01.09.2003;open_data_jabar:32.01.09.2003;kodepos_dev:32.01.09.2003,diskominfo_jabar_village_2024_unreviewed;open_data_jabar_postal_2023;kodepos_dev_rest_api,diskominfo:99;open_data_jabar:17456;kodepos_dev:99,2026-08-11,source_disagreement,,No safe suggestion; compare all source values.,all_three_different,DIST-CDECEF2B458C,TRIP-AB9C747E005F,1,,,,,pending,,,,,,,,,not_started
32.01.09.2008,32,JAWA BARAT,32.01,KAB. BOGOR,32.01.09,SUKAMAKMUR,SUKAHARJA,,,,,16885,16830,16831,16830;16831;16885,review_required,unresolved,yes,No automatic selection: Kodepos.dev does not corroborate exactly one local source.,no,,diskominfo:32.01.09.2008;open_data_jabar:32.01.09.2008;kodepos_dev:32.01.09.2008,diskominfo_jabar_village_2024_unreviewed;open_data_jabar_postal_2023;kodepos_dev_rest_api,diskominfo:104;open_data_jabar:17462;kodepos_dev:104,2026-08-11,source_disagreement,,No safe suggestion; compare all source values.,all_three_different,DIST-CDECEF2B458C,TRIP-ABC22EBBC3D6,1,,,,,pending,,,,,,,,,not_started
32.01.09.2002,32,JAWA BARAT,32.01,KAB. BOGOR,32.01.09,SUKAMAKMUR,PABUARAN,,,,,16888,16830,16831,16830;16831;16888,review_required,unresolved,yes,No automatic selection: Kodepos.dev does not corroborate exactly one local source.,no,,diskominfo:32.01.09.2002;open_data_jabar:32.01.09.2002;kodepos_dev:32.01.09.2002,diskominfo_jabar_village_2024_unreviewed;open_data_jabar_postal_2023;kodepos_dev_rest_api,diskominfo:98;open_data_jabar:17455;kodepos_dev:98,2026-08-11,source_disagreement,,No safe suggestion; compare all source values.,all_three_different,DIST-CDECEF2B458C,TRIP-DC93B4AC757E,1,,,,,pending,,,,,,,,,not_started
32.01.09.2007,32,JAWA BARAT,32.01,KAB. BOGOR,32.01.09,SUKAMAKMUR,SUKAMULYA,,,,,16889,16830,16831,16830;16831;16889,review_required,unresolved,yes,No automatic selection: Kodepos.dev does not corroborate exactly one local source.,no,,diskominfo:32.01.09.2007;open_data_jabar:32.01.09.2007;kodepos_dev:32.01.09.2007,diskominfo_jabar_village_2024_unreviewed;open_data_jabar_postal_2023;kodepos_dev_rest_api,diskominfo:103;open_data_jabar:17461;kodepos_dev:103,2026-08-11,source_disagreement,,No safe suggestion; compare all source values.,all_three_different,DIST-CDECEF2B458C,TRIP-F2E942F7A4F5,1,,,,,pending,,,,,,,,,not_started
32.03.31.2005,32,JAWA BARAT,32.03,KAB. CIANJUR,32.03.31,HAURWANGI,MEKARWANGI,,,,,43286,43282,43280,43280;43282;43286,review_required,unresolved,yes,No automatic selection: Kodepos.dev does not corroborate exactly one local source.,no,,diskominfo:32.03.31.2005;open_data_jabar:32.03.31.2005;kodepos_dev:32.03.31.2005,diskominfo_jabar_village_2024_unreviewed;open_data_jabar_postal_2023;kodepos_dev_rest_api,diskominfo:1170;open_data_jabar:18645;kodepos_dev:1170,2026-08-11,source_disagreement,,No safe suggestion; compare all source values.,all_three_different,DIST-CF09B868EAED,TRIP-648D30160703,3,,,,,pending,,,,,,,,,not_started
32.03.31.2007,32,JAWA BARAT,32.03,KAB. CIANJUR,32.03.31,HAURWANGI,CIPEUYEUM,,,,,43286,43282,43280,43280;43282;43286,review_required,unresolved,yes,No automatic selection: Kodepos.dev does not corroborate exactly one local source.,no,,diskominfo:32.03.31.2007;open_data_jabar:32.03.31.2007;kodepos_dev:32.03.31.2007,diskominfo_jabar_village_2024_unreviewed;open_data_jabar_postal_2023;kodepos_dev_rest_api,diskominfo:1172;open_data_jabar:18648;kodepos_dev:1172,2026-08-11,source_disagreement,,No safe suggestion; compare all source values.,all_three_different,DIST-CF09B868EAED,TRIP-648D30160703,3,,,,,pending,,,,,,,,,not_started
32.03.31.2008,32,JAWA BARAT,32.03,KAB. CIANJUR,32.03.31,HAURWANGI,KERTAMUKTI,,,,,43286,43282,43280,43280;43282;43286,review_required,unresolved,yes,No automatic selection: Kodepos.dev does not corroborate exactly one local source.,no,,diskominfo:32.03.31.2008;open_data_jabar:32.03.31.2008;kodepos_dev:32.03.31.2008,diskominfo_jabar_village_2024_unreviewed;open_data_jabar_postal_2023;kodepos_dev_rest_api,diskominfo:1173;open_data_jabar:18649;kodepos_dev:1173,2026-08-11,source_disagreement,,No safe suggestion; compare all source values.,all_three_different,DIST-CF09B868EAED,TRIP-648D30160703,3,,,,,pending,,,,,,,,,not_started
32.03.31.2001,32,JAWA BARAT,32.03,KAB. CIANJUR,32.03.31,HAURWANGI,HAURWANGI,,,,,43286,43283,43280,43280;43283;43286,review_required,unresolved,yes,No automatic selection: Kodepos.dev does not corroborate exactly one local source.,no,,diskominfo:32.03.31.2001;open_data_jabar:32.03.31.2001;kodepos_dev:32.03.31.2001,diskominfo_jabar_village_2024_unreviewed;open_data_jabar_postal_2023;kodepos_dev_rest_api,diskominfo:1166;open_data_jabar:18641;kodepos_dev:1166,2026-08-11,source_disagreement,,No safe suggestion; compare all source values.,all_three_different,DIST-CF09B868EAED,TRIP-B69D7B1A3C6C,4,,,,,pending,,,,,,,,,not_started
32.03.31.2002,32,JAWA BARAT,32.03,KAB. CIANJUR,32.03.31,HAURWANGI,CIHEA,,,,,43286,43283,43280,43280;43283;43286,review_required,unresolved,yes,No automatic selection: Kodepos.dev does not corroborate exactly one local source.,no,,diskominfo:32.03.31.2002;open_data_jabar:32.03.31.2002;kodepos_dev:32.03.31.2002,diskominfo_jabar_village_2024_unreviewed;open_data_jabar_postal_2023;kodepos_dev_rest_api,diskominfo:1167;open_data_jabar:18642;kodepos_dev:1167,2026-08-11,source_disagreement,,No safe suggestion; compare all source values.,all_three_different,DIST-CF09B868EAED,TRIP-B69D7B1A3C6C,4,,,,,pending,,,,,,,,,not_started
32.03.31.2003,32,JAWA BARAT,32.03,KAB. CIANJUR,32.03.31,HAURWANGI,RAMASARI,,,,,43286,43283,43280,43280;43283;43286,review_required,unresolved,yes,No automatic selection: Kodepos.dev does not corroborate exactly one local source.,no,,diskominfo:32.03.31.2003;open_data_jabar:32.03.31.2003;kodepos_dev:32.03.31.2003,diskominfo_jabar_village_2024_unreviewed;open_data_jabar_postal_2023;kodepos_dev_rest_api,diskominfo:1168;open_data_jabar:18643;kodepos_dev:1168,2026-08-11,source_disagreement,,No safe suggestion; compare all source values.,all_three_different,DIST-CF09B868EAED,TRIP-B69D7B1A3C6C,4,,,,,pending,,,,,,,,,not_started
32.03.31.2006,32,JAWA BARAT,32.03,KAB. CIANJUR,32.03.31,HAURWANGI,KERTASARI,,,,,43286,43283,43280,43280;43283;43286,review_required,unresolved,yes,No automatic selection: Kodepos.dev does not corroborate exactly one local source.,no,,diskominfo:32.03.31.2006;open_data_jabar:32.03.31.2006;kodepos_dev:32.03.31.2006,diskominfo_jabar_village_2024_unreviewed;open_data_jabar_postal_2023;kodepos_dev_rest_api,diskominfo:1171;open_data_jabar:18646;kodepos_dev:1171,2026-08-11,source_disagreement,,No safe suggestion; compare all source values.,all_three_different,DIST-CF09B868EAED,TRIP-B69D7B1A3C6C,4,,,,,pending,,,,,,,,,not_started
32.01.04.2007,32,JAWA BARAT,32.01,KAB. BOGOR,32.01.04,SUKARAJA,SUKARAJA,,,,,16719,38877,16711,16711;16719;38877,review_required,unresolved,yes,No automatic selection: Kodepos.dev does not corroborate exactly one local source.,no,,diskominfo:32.01.04.2007;open_data_jabar:32.01.04.2007;kodepos_dev:32.01.04.2007,diskominfo_jabar_village_2024_unreviewed;open_data_jabar_postal_2023;kodepos_dev_rest_api,diskominfo:45;open_data_jabar:17396;kodepos_dev:45,2026-08-11,source_disagreement,,No safe suggestion; compare all source values.,all_three_different,DIST-CFE8F3C5001C,TRIP-090D4655C7D8,1,,,,,pending,,,,,,,,,not_started
32.01.04.2010,32,JAWA BARAT,32.01,KAB. BOGOR,32.01.04,SUKARAJA,CIMANDALA,,,,,16716,16710,16711,16710;16711;16716,review_required,unresolved,yes,No automatic selection: Kodepos.dev does not corroborate exactly one local source.,no,,diskominfo:32.01.04.2010;open_data_jabar:32.01.04.2010;kodepos_dev:32.01.04.2010,diskominfo_jabar_village_2024_unreviewed;open_data_jabar_postal_2023;kodepos_dev_rest_api,diskominfo:48;open_data_jabar:17399;kodepos_dev:48,2026-08-11,source_disagreement,,No safe suggestion; compare all source values.,all_three_different,DIST-CFE8F3C5001C,TRIP-57C9F601F394,2,,,,,pending,,,,,,,,,not_started
32.01.04.2011,32,JAWA BARAT,32.01,KAB. BOGOR,32.01.04,SUKARAJA,CIJUJUNG,,,,,16716,16710,16711,16710;16711;16716,review_required,unresolved,yes,No automatic selection: Kodepos.dev does not corroborate exactly one local source.,no,,diskominfo:32.01.04.2011;open_data_jabar:32.01.04.2011;kodepos_dev:32.01.04.2011,diskominfo_jabar_village_2024_unreviewed;open_data_jabar_postal_2023;kodepos_dev_rest_api,diskominfo:49;open_data_jabar:17400;kodepos_dev:49,2026-08-11,source_disagreement,,No safe suggestion; compare all source values.,all_three_different,DIST-CFE8F3C5001C,TRIP-57C9F601F394,2,,,,,pending,,,,,,,,,not_started
32.01.04.2002,32,JAWA BARAT,32.01,KAB. BOGOR,32.01.04,SUKARAJA,CILEBUT TIMUR,,,,,16718,16710,16711,16710;16711;16718,review_required,unresolved,yes,No automatic selection: Kodepos.dev does not corroborate exactly one local source.,no,,diskominfo:32.01.04.2002;open_data_jabar:32.01.04.2002;kodepos_dev:32.01.04.2002,diskominfo_jabar_village_2024_unreviewed;open_data_jabar_postal_2023;kodepos_dev_rest_api,diskominfo:40;open_data_jabar:17390;kodepos_dev:40,2026-08-11,source_disagreement,,No safe suggestion; compare all source values.,all_three_different,DIST-CFE8F3C5001C,TRIP-6FB52CE8494F,2,,,,,pending,,,,,,,,,not_started
32.01.04.2003,32,JAWA BARAT,32.01,KAB. BOGOR,32.01.04,SUKARAJA,CILEBUT BARAT,,,,,16718,16710,16711,16710;16711;16718,review_required,unresolved,yes,No automatic selection: Kodepos.dev does not corroborate exactly one local source.,no,,diskominfo:32.01.04.2003;open_data_jabar:32.01.04.2003;kodepos_dev:32.01.04.2003,diskominfo_jabar_village_2024_unreviewed;open_data_jabar_postal_2023;kodepos_dev_rest_api,diskominfo:41;open_data_jabar:17391;kodepos_dev:41,2026-08-11,source_disagreement,,No safe suggestion; compare all source values.,all_three_different,DIST-CFE8F3C5001C,TRIP-6FB52CE8494F,2,,,,,pending,,,,,,,,,not_started
32.01.04.2001,32,JAWA BARAT,32.01,KAB. BOGOR,32.01.04,SUKARAJA,GUNUNGGEULIS,,,,,16713,16710,16711,16710;16711;16713,review_required,unresolved,yes,No automatic selection: Kodepos.dev does not corroborate exactly one local source.,no,,diskominfo:32.01.04.2001;open_data_jabar:32.01.04.2001;kodepos_dev:32.01.04.2001,diskominfo_jabar_village_2024_unreviewed;open_data_jabar_postal_2023;kodepos_dev_rest_api,diskominfo:39;open_data_jabar:17389;kodepos_dev:39,2026-08-11,source_disagreement,,No safe suggestion; compare all source values.,all_three_different,DIST-CFE8F3C5001C,TRIP-8F5570BCC039,1,,,,,pending,,,,,,,,,not_started
32.01.04.2005,32,JAWA BARAT,32.01,KAB. BOGOR,32.01.04,SUKARAJA,NAGRAK,,,,,16714,16710,16711,16710;16711;16714,review_required,unresolved,yes,No automatic selection: Kodepos.dev does not corroborate exactly one local source.,no,,diskominfo:32.01.04.2005;open_data_jabar:32.01.04.2005;kodepos_dev:32.01.04.2005,diskominfo_jabar_village_2024_unreviewed;open_data_jabar_postal_2023;kodepos_dev_rest_api,diskominfo:43;open_data_jabar:17394;kodepos_dev:43,2026-08-11,source_disagreement,,No safe suggestion; compare all source values.,all_three_different,DIST-CFE8F3C5001C,TRIP-ADDF31DA92A1,3,,,,,pending,,,,,,,,,not_started
32.01.04.2008,32,JAWA BARAT,32.01,KAB. BOGOR,32.01.04,SUKARAJA,CIKEAS,,,,,16714,16710,16711,16710;16711;16714,review_required,unresolved,yes,No automatic selection: Kodepos.dev does not corroborate exactly one local source.,no,,diskominfo:32.01.04.2008;open_data_jabar:32.01.04.2008;kodepos_dev:32.01.04.2008,diskominfo_jabar_village_2024_unreviewed;open_data_jabar_postal_2023;kodepos_dev_rest_api,diskominfo:46;open_data_jabar:17397;kodepos_dev:46,2026-08-11,source_disagreement,,No safe suggestion; compare all source values.,all_three_different,DIST-CFE8F3C5001C,TRIP-ADDF31DA92A1,3,,,,,pending,,,,,,,,,not_started
32.01.04.2012,32,JAWA BARAT,32.01,KAB. BOGOR,32.01.04,SUKARAJA,CADASNGAMPAR,,,,,16714,16710,16711,16710;16711;16714,review_required,unresolved,yes,No automatic selection: Kodepos.dev does not corroborate exactly one local source.,no,,diskominfo:32.01.04.2012;open_data_jabar:32.01.04.2012;kodepos_dev:32.01.04.2012,diskominfo_jabar_village_2024_unreviewed;open_data_jabar_postal_2023;kodepos_dev_rest_api,diskominfo:50;open_data_jabar:17401;kodepos_dev:50,2026-08-11,source_disagreement,,No safe suggestion; compare all source values.,all_three_different,DIST-CFE8F3C5001C,TRIP-ADDF31DA92A1,3,,,,,pending,,,,,,,,,not_started
32.01.04.2006,32,JAWA BARAT,32.01,KAB. BOGOR,32.01.04,SUKARAJA,SUKATANI,,,,,16719,16710,16711,16710;16711;16719,review_required,unresolved,yes,No automatic selection: Kodepos.dev does not corroborate exactly one local source.,no,,diskominfo:32.01.04.2006;open_data_jabar:32.01.04.2006;kodepos_dev:32.01.04.2006,diskominfo_jabar_village_2024_unreviewed;open_data_jabar_postal_2023;kodepos_dev_rest_api,diskominfo:44;open_data_jabar:17395;kodepos_dev:44,2026-08-11,source_disagreement,,No safe suggestion; compare all source values.,all_three_different,DIST-CFE8F3C5001C,TRIP-BC079B728428,1,,,,,pending,,,,,,,,,not_started
32.01.04.2004,32,JAWA BARAT,32.01,KAB. BOGOR,32.01.04,SUKARAJA,CIBANON,,,,,16712,16710,16711,16710;16711;16712,review_required,unresolved,yes,No automatic selection: Kodepos.dev does not corroborate exactly one local source.,no,,diskominfo:32.01.04.2004;open_data_jabar:32.01.04.2004;kodepos_dev:32.01.04.2004,diskominfo_jabar_village_2024_unreviewed;open_data_jabar_postal_2023;kodepos_dev_rest_api,diskominfo:42;open_data_jabar:17393;kodepos_dev:42,2026-08-11,source_disagreement,,No safe suggestion; compare all source values.,all_three_different,DIST-CFE8F3C5001C,TRIP-CBDD40EAF17C,1,,,,,pending,,,,,,,,,not_started
32.01.04.2013,32,JAWA BARAT,32.01,KAB. BOGOR,32.01.04,SUKARAJA,PASIRLAJA,,,,,16715,16710,16711,16710;16711;16715,review_required,unresolved,yes,No automatic selection: Kodepos.dev does not corroborate exactly one local source.,no,,diskominfo:32.01.04.2013;open_data_jabar:32.01.04.2013;kodepos_dev:32.01.04.2013,diskominfo_jabar_village_2024_unreviewed;open_data_jabar_postal_2023;kodepos_dev_rest_api,diskominfo:51;open_data_jabar:17402;kodepos_dev:51,2026-08-11,source_disagreement,,No safe suggestion; compare all source values.,all_three_different,DIST-CFE8F3C5001C,TRIP-EC59EA55DB5A,1,,,,,pending,,,,,,,,,not_started
32.01.04.2009,32,JAWA BARAT,32.01,KAB. BOGOR,32.01.04,SUKARAJA,PASIR JAMBU,,,,,16717,16710,16711,16710;16711;16717,review_required,unresolved,yes,No automatic selection: Kodepos.dev does not corroborate exactly one local source.,no,,diskominfo:32.01.04.2009;open_data_jabar:32.01.04.2009;kodepos_dev:32.01.04.2009,diskominfo_jabar_village_2024_unreviewed;open_data_jabar_postal_2023;kodepos_dev_rest_api,diskominfo:47;open_data_jabar:17398;kodepos_dev:47,2026-08-11,source_disagreement,,No safe suggestion; compare all source values.,all_three_different,DIST-CFE8F3C5001C,TRIP-F57B604AF08F,1,,,,,pending,,,,,,,,,not_started
32.04.34.2001,32,JAWA BARAT,32.04,KAB. BANDUNG,32.04.34,SOLOKANJERUK,RANCAKASUMBA,,,,,40387,40376,40375,40375;40376;40387,review_required,unresolved,yes,No automatic selection: Kodepos.dev does not corroborate exactly one local source.,no,,diskominfo:32.04.34.2001;open_data_jabar:32.04.34.2001;kodepos_dev:32.04.34.2001,diskominfo_jabar_village_2024_unreviewed;open_data_jabar_postal_2023;kodepos_dev_rest_api,diskominfo:1382;open_data_jabar:18881;kodepos_dev:1382,2026-08-11,source_disagreement,,No safe suggestion; compare all source values.,all_three_different,DIST-D25F206106AD,TRIP-F71C1B4B6C67,6,,,,,pending,,,,,,,,,not_started
32.04.34.2003,32,JAWA BARAT,32.04,KAB. BANDUNG,32.04.34,SOLOKANJERUK,CIBODAS,,,,,40387,40376,40375,40375;40376;40387,review_required,unresolved,yes,No automatic selection: Kodepos.dev does not corroborate exactly one local source.,no,,diskominfo:32.04.34.2003;open_data_jabar:32.04.34.2003;kodepos_dev:32.04.34.2003,diskominfo_jabar_village_2024_unreviewed;open_data_jabar_postal_2023;kodepos_dev_rest_api,diskominfo:1384;open_data_jabar:18883;kodepos_dev:1384,2026-08-11,source_disagreement,,No safe suggestion; compare all source values.,all_three_different,DIST-D25F206106AD,TRIP-F71C1B4B6C67,6,,,,,pending,,,,,,,,,not_started
32.04.34.2004,32,JAWA BARAT,32.04,KAB. BANDUNG,32.04.34,SOLOKANJERUK,PANYADAP,,,,,40387,40376,40375,40375;40376;40387,review_required,unresolved,yes,No automatic selection: Kodepos.dev does not corroborate exactly one local source.,no,,diskominfo:32.04.34.2004;open_data_jabar:32.04.34.2004;kodepos_dev:32.04.34.2004,diskominfo_jabar_village_2024_unreviewed;open_data_jabar_postal_2023;kodepos_dev_rest_api,diskominfo:1385;open_data_jabar:18884;kodepos_dev:1385,2026-08-11,source_disagreement,,No safe suggestion; compare all source values.,all_three_different,DIST-D25F206106AD,TRIP-F71C1B4B6C67,6,,,,,pending,,,,,,,,,not_started
32.04.34.2005,32,JAWA BARAT,32.04,KAB. BANDUNG,32.04.34,SOLOKANJERUK,BOJONGEMAS,,,,,40387,40376,40375,40375;40376;40387,review_required,unresolved,yes,No automatic selection: Kodepos.dev does not corroborate exactly one local source.,no,,diskominfo:32.04.34.2005;open_data_jabar:32.04.34.2005;kodepos_dev:32.04.34.2005,diskominfo_jabar_village_2024_unreviewed;open_data_jabar_postal_2023;kodepos_dev_rest_api,diskominfo:1386;open_data_jabar:18885;kodepos_dev:1386,2026-08-11,source_disagreement,,No safe suggestion; compare all source values.,all_three_different,DIST-D25F206106AD,TRIP-F71C1B4B6C67,6,,,,,pending,,,,,,,,,not_started
32.04.34.2006,32,JAWA BARAT,32.04,KAB. BANDUNG,32.04.34,SOLOKANJERUK,PADAMUKTI,,,,,40387,40376,40375,40375;40376;40387,review_required,unresolved,yes,No automatic selection: Kodepos.dev does not corroborate exactly one local source.,no,,diskominfo:32.04.34.2006;open_data_jabar:32.04.34.2006;kodepos_dev:32.04.34.2006,diskominfo_jabar_village_2024_unreviewed;open_data_jabar_postal_2023;kodepos_dev_rest_api,diskominfo:1387;open_data_jabar:18886;kodepos_dev:1387,2026-08-11,source_disagreement,,No safe suggestion; compare all source values.,all_three_different,DIST-D25F206106AD,TRIP-F71C1B4B6C67,6,,,,,pending,,,,,,,,,not_started
32.04.34.2007,32,JAWA BARAT,32.04,KAB. BANDUNG,32.04.34,SOLOKANJERUK,LANGENSARI,,,,,40387,40376,40375,40375;40376;40387,review_required,unresolved,yes,No automatic selection: Kodepos.dev does not corroborate exactly one local source.,no,,diskominfo:32.04.34.2007;open_data_jabar:32.04.34.2007;kodepos_dev:32.04.34.2007,diskominfo_jabar_village_2024_unreviewed;open_data_jabar_postal_2023;kodepos_dev_rest_api,diskominfo:1388;open_data_jabar:18887;kodepos_dev:1388,2026-08-11,source_disagreement,,No safe suggestion; compare all source values.,all_three_different,DIST-D25F206106AD,TRIP-F71C1B4B6C67,6,,,,,pending,,,,,,,,,not_started
32.01.03.2014,32,JAWA BARAT,32.01,KAB. BOGOR,32.01.03,CITEUREUP,PASIRMUKTI,,,,,16818,16810,16811,16810;16811;16818,review_required,unresolved,yes,No automatic selection: Kodepos.dev does not corroborate exactly one local source.,no,,diskominfo:32.01.03.2014;open_data_jabar:32.01.03.2014;kodepos_dev:32.01.03.2014,diskominfo_jabar_village_2024_unreviewed;open_data_jabar_postal_2023;kodepos_dev_rest_api,diskominfo:38;open_data_jabar:17388;kodepos_dev:38,2026-08-11,source_disagreement,,No safe suggestion; compare all source values.,all_three_different,DIST-D5B42F5CB317,TRIP-31C743166D50,1,,,,,pending,,,,,,,,,not_started
32.01.03.2013,32,JAWA BARAT,32.01,KAB. BOGOR,32.01.03,CITEUREUP,HAMBALANG,,,,,16816,16810,16811,16810;16811;16816,review_required,unresolved,yes,No automatic selection: Kodepos.dev does not corroborate exactly one local source.,no,,diskominfo:32.01.03.2013;open_data_jabar:32.01.03.2013;kodepos_dev:32.01.03.2013,diskominfo_jabar_village_2024_unreviewed;open_data_jabar_postal_2023;kodepos_dev_rest_api,diskominfo:37;open_data_jabar:17387;kodepos_dev:37,2026-08-11,source_disagreement,,No safe suggestion; compare all source values.,all_three_different,DIST-D5B42F5CB317,TRIP-3B09927B15E2,1,,,,,pending,,,,,,,,,not_started
32.01.03.1007,32,JAWA BARAT,32.01,KAB. BOGOR,32.01.03,CITEUREUP,KARANG ASEM BARAT,,,,,16812,16810,16811,16810;16811;16812,review_required,unresolved,yes,No automatic selection: Kodepos.dev does not corroborate exactly one local source.,no,,diskominfo:32.01.03.1007;open_data_jabar:32.01.03.1007;kodepos_dev:32.01.03.1007,diskominfo_jabar_village_2024_unreviewed;open_data_jabar_postal_2023;kodepos_dev_rest_api,diskominfo:31;open_data_jabar:17375;kodepos_dev:26,2026-08-11,source_disagreement,,No safe suggestion; compare all source values.,all_three_different,DIST-D5B42F5CB317,TRIP-71286E38B37C,2,,,,,pending,,,,,,,,,not_started
32.01.03.2008,32,JAWA BARAT,32.01,KAB. BOGOR,32.01.03,CITEUREUP,KARANG ASEM TIMUR,,,,,16812,16810,16811,16810;16811;16812,review_required,unresolved,yes,No automatic selection: Kodepos.dev does not corroborate exactly one local source.,no,,diskominfo:32.01.03.2008;open_data_jabar:32.01.03.2008;kodepos_dev:32.01.03.2008,diskominfo_jabar_village_2024_unreviewed;open_data_jabar_postal_2023;kodepos_dev_rest_api,diskominfo:32;open_data_jabar:17382;kodepos_dev:32,2026-08-11,source_disagreement,,No safe suggestion; compare all source values.,all_three_different,DIST-D5B42F5CB317,TRIP-71286E38B37C,2,,,,,pending,,,,,,,,,not_started
32.01.03.2003,32,JAWA BARAT,32.01,KAB. BOGOR,32.01.03,CITEUREUP,LEUWINUTUG,,,,,16813,16810,16811,16810;16811;16813,review_required,unresolved,yes,No automatic selection: Kodepos.dev does not corroborate exactly one local source.,no,,diskominfo:32.01.03.2003;open_data_jabar:32.01.03.2003;kodepos_dev:32.01.03.2003,diskominfo_jabar_village_2024_unreviewed;open_data_jabar_postal_2023;kodepos_dev_rest_api,diskominfo:27;open_data_jabar:17378;kodepos_dev:29,2026-08-11,source_disagreement,,No safe suggestion; compare all source values.,all_three_different,DIST-D5B42F5CB317,TRIP-83DFC76C8ABB,1,,,,,pending,,,,,,,,,not_started
32.01.03.2011,32,JAWA BARAT,32.01,KAB. BOGOR,32.01.03,CITEUREUP,TANGKIL,,,,,16815,16810,16811,16810;16811;16815,review_required,unresolved,yes,No automatic selection: Kodepos.dev does not corroborate exactly one local source.,no,,diskominfo:32.01.03.2011;open_data_jabar:32.01.03.2011;kodepos_dev:32.01.03.2011,diskominfo_jabar_village_2024_unreviewed;open_data_jabar_postal_2023;kodepos_dev_rest_api,diskominfo:35;open_data_jabar:17385;kodepos_dev:35,2026-08-11,source_disagreement,,No safe suggestion; compare all source values.,all_three_different,DIST-D5B42F5CB317,TRIP-84070CF2C785,1,,,,,pending,,,,,,,,,not_started
32.01.03.2004,32,JAWA BARAT,32.01,KAB. BOGOR,32.01.03,CITEUREUP,TAJUR,,,,,16817,16810,16811,16810;16811;16817,review_required,unresolved,yes,No automatic selection: Kodepos.dev does not corroborate exactly one local source.,no,,diskominfo:32.01.03.2004;open_data_jabar:32.01.03.2004;kodepos_dev:32.01.03.2004,diskominfo_jabar_village_2024_unreviewed;open_data_jabar_postal_2023;kodepos_dev_rest_api,diskominfo:28;open_data_jabar:17379;kodepos_dev:30,2026-08-11,source_disagreement,,No safe suggestion; compare all source values.,all_three_different,DIST-D5B42F5CB317,TRIP-8678FD291DB7,1,,,,,pending,,,,,,,,,not_started
32.01.03.2005,32,JAWA BARAT,32.01,KAB. BOGOR,32.01.03,CITEUREUP,SANJA,,,,,16814,16810,16811,16810;16811;16814,review_required,unresolved,yes,No automatic selection: Kodepos.dev does not corroborate exactly one local source.,no,,diskominfo:32.01.03.2005;open_data_jabar:32.01.03.2005;kodepos_dev:32.01.03.2005,diskominfo_jabar_village_2024_unreviewed;open_data_jabar_postal_2023;kodepos_dev_rest_api,diskominfo:29;open_data_jabar:17380;kodepos_dev:31,2026-08-11,source_disagreement,,No safe suggestion; compare all source values.,all_three_different,DIST-D5B42F5CB317,TRIP-9B460AD07CBB,2,,,,,pending,,,,,,,,,not_started
32.01.03.2012,32,JAWA BARAT,32.01,KAB. BOGOR,32.01.03,CITEUREUP,SUKAHATI,,,,,16814,16810,16811,16810;16811;16814,review_required,unresolved,yes,No automatic selection: Kodepos.dev does not corroborate exactly one local source.,no,,diskominfo:32.01.03.2012;open_data_jabar:32.01.03.2012;kodepos_dev:32.01.03.2012,diskominfo_jabar_village_2024_unreviewed;open_data_jabar_postal_2023;kodepos_dev_rest_api,diskominfo:36;open_data_jabar:17386;kodepos_dev:36,2026-08-11,source_disagreement,,No safe suggestion; compare all source values.,all_three_different,DIST-D5B42F5CB317,TRIP-9B460AD07CBB,2,,,,,pending,,,,,,,,,not_started
32.01.03.2009,32,JAWA BARAT,32.01,KAB. BOGOR,32.01.03,CITEUREUP,TARIKOLOT,,,,,16819,16810,16811,16810;16811;16819,review_required,unresolved,yes,No automatic selection: Kodepos.dev does not corroborate exactly one local source.,no,,diskominfo:32.01.03.2009;open_data_jabar:32.01.03.2009;kodepos_dev:32.01.03.2009,diskominfo_jabar_village_2024_unreviewed;open_data_jabar_postal_2023;kodepos_dev_rest_api,diskominfo:33;open_data_jabar:17383;kodepos_dev:33,2026-08-11,source_disagreement,,No safe suggestion; compare all source values.,all_three_different,DIST-D5B42F5CB317,TRIP-FD535C2C7A21,2,,,,,pending,,,,,,,,,not_started
32.01.03.2010,32,JAWA BARAT,32.01,KAB. BOGOR,32.01.03,CITEUREUP,GUNUNGSARI,,,,,16819,16810,16811,16810;16811;16819,review_required,unresolved,yes,No automatic selection: Kodepos.dev does not corroborate exactly one local source.,no,,diskominfo:32.01.03.2010;open_data_jabar:32.01.03.2010;kodepos_dev:32.01.03.2010,diskominfo_jabar_village_2024_unreviewed;open_data_jabar_postal_2023;kodepos_dev_rest_api,diskominfo:34;open_data_jabar:17384;kodepos_dev:34,2026-08-11,source_disagreement,,No safe suggestion; compare all source values.,all_three_different,DIST-D5B42F5CB317,TRIP-FD535C2C7A21,2,,,,,pending,,,,,,,,,not_started
32.01.39.2004,32,JAWA BARAT,32.01,KAB. BOGOR,32.01.39,LEUWISADENG,WANGUNJAYA,,,,,16288,16640,16641,16288;16640;16641,review_required,unresolved,yes,No automatic selection: Kodepos.dev does not corroborate exactly one local source.,no,,diskominfo:32.01.39.2004;open_data_jabar:32.01.39.2004;kodepos_dev:32.01.39.2004,diskominfo_jabar_village_2024_unreviewed;open_data_jabar_postal_2023;kodepos_dev_rest_api,diskominfo:425;open_data_jabar:17819;kodepos_dev:425,2026-08-11,source_disagreement,,No safe suggestion; compare all source values.,all_three_different,DIST-DA3F67C90468,TRIP-0CF0AD4FBB0A,1,,,,,pending,,,,,,,,,not_started
32.01.39.2008,32,JAWA BARAT,32.01,KAB. BOGOR,32.01.39,LEUWISADENG,SIBANTENG,,,,,16284,16640,16641,16284;16640;16641,review_required,unresolved,yes,No automatic selection: Kodepos.dev does not corroborate exactly one local source.,no,,diskominfo:32.01.39.2008;open_data_jabar:32.01.39.2008;kodepos_dev:32.01.39.2008,diskominfo_jabar_village_2024_unreviewed;open_data_jabar_postal_2023;kodepos_dev_rest_api,diskominfo:429;open_data_jabar:17823;kodepos_dev:429,2026-08-11,source_disagreement,,No safe suggestion; compare all source values.,all_three_different,DIST-DA3F67C90468,TRIP-1FC3068E6CBE,1,,,,,pending,,,,,,,,,not_started
32.01.39.2002,32,JAWA BARAT,32.01,KAB. BOGOR,32.01.39,LEUWISADENG,BABAKAN SADENG,,,,,16283,16640,16641,16283;16640;16641,review_required,unresolved,yes,No automatic selection: Kodepos.dev does not corroborate exactly one local source.,no,,diskominfo:32.01.39.2002;open_data_jabar:32.01.39.2002;kodepos_dev:32.01.39.2002,diskominfo_jabar_village_2024_unreviewed;open_data_jabar_postal_2023;kodepos_dev_rest_api,diskominfo:423;open_data_jabar:17817;kodepos_dev:423,2026-08-11,source_disagreement,,No safe suggestion; compare all source values.,all_three_different,DIST-DA3F67C90468,TRIP-607A5951E2D8,1,,,,,pending,,,,,,,,,not_started
32.01.39.2003,32,JAWA BARAT,32.01,KAB. BOGOR,32.01.39,LEUWISADENG,SADENG KOLOT,,,,,16282,16640,16641,16282;16640;16641,review_required,unresolved,yes,No automatic selection: Kodepos.dev does not corroborate exactly one local source.,no,,diskominfo:32.01.39.2003;open_data_jabar:32.01.39.2003;kodepos_dev:32.01.39.2003,diskominfo_jabar_village_2024_unreviewed;open_data_jabar_postal_2023;kodepos_dev_rest_api,diskominfo:424;open_data_jabar:17818;kodepos_dev:424,2026-08-11,source_disagreement,,No safe suggestion; compare all source values.,all_three_different,DIST-DA3F67C90468,TRIP-CED57CC7E042,1,,,,,pending,,,,,,,,,not_started
32.01.39.2001,32,JAWA BARAT,32.01,KAB. BOGOR,32.01.39,LEUWISADENG,LEUWISADENG,,,,,16281,16640,16641,16281;16640;16641,review_required,unresolved,yes,No automatic selection: Kodepos.dev does not corroborate exactly one local source.,no,,diskominfo:32.01.39.2001;open_data_jabar:32.01.39.2001;kodepos_dev:32.01.39.2001,diskominfo_jabar_village_2024_unreviewed;open_data_jabar_postal_2023;kodepos_dev_rest_api,diskominfo:422;open_data_jabar:17816;kodepos_dev:422,2026-08-11,source_disagreement,,No safe suggestion; compare all source values.,all_three_different,DIST-DA3F67C90468,TRIP-D5C4E605BEA6,1,,,,,pending,,,,,,,,,not_started
32.01.39.2007,32,JAWA BARAT,32.01,KAB. BOGOR,32.01.39,LEUWISADENG,SADENG,,,,,16285,16640,16641,16285;16640;16641,review_required,unresolved,yes,No automatic selection: Kodepos.dev does not corroborate exactly one local source.,no,,diskominfo:32.01.39.2007;open_data_jabar:32.01.39.2007;kodepos_dev:32.01.39.2007,diskominfo_jabar_village_2024_unreviewed;open_data_jabar_postal_2023;kodepos_dev_rest_api,diskominfo:428;open_data_jabar:17822;kodepos_dev:428,2026-08-11,source_disagreement,,No safe suggestion; compare all source values.,all_three_different,DIST-DA3F67C90468,TRIP-EFF3AD5B8343,1,,,,,pending,,,,,,,,,not_started
32.09.35.2001,32,JAWA BARAT,32.09,KAB. CIREBON,32.09.35,TENGAH TANI,PALIR,,,,,45642,45153,45168,45153;45168;45642,review_required,unresolved,yes,No automatic selection: Kodepos.dev does not corroborate exactly one local source.,no,,diskominfo:32.09.35.2001;open_data_jabar:32.09.35.2001;kodepos_dev:32.09.35.2001,diskominfo_jabar_village_2024_unreviewed;open_data_jabar_postal_2023;kodepos_dev_rest_api,diskominfo:3266;open_data_jabar:20974;kodepos_dev:3268,2026-08-11,source_disagreement,,No safe suggestion; compare all source values.,all_three_different,DIST-E0CA4F73B585,TRIP-D1AFA1BAF260,7,,,,,pending,,,,,,,,,not_started
32.09.35.2002,32,JAWA BARAT,32.09,KAB. CIREBON,32.09.35,TENGAH TANI,ASTAPADA,,,,,45642,45153,45168,45153;45168;45642,review_required,unresolved,yes,No automatic selection: Kodepos.dev does not corroborate exactly one local source.,no,,diskominfo:32.09.35.2002;open_data_jabar:32.09.35.2002;kodepos_dev:32.09.35.2002,diskominfo_jabar_village_2024_unreviewed;open_data_jabar_postal_2023;kodepos_dev_rest_api,diskominfo:3267;open_data_jabar:20975;kodepos_dev:3269,2026-08-11,source_disagreement,,No safe suggestion; compare all source values.,all_three_different,DIST-E0CA4F73B585,TRIP-D1AFA1BAF260,7,,,,,pending,,,,,,,,,not_started
32.09.35.2003,32,JAWA BARAT,32.09,KAB. CIREBON,32.09.35,TENGAH TANI,GESIK,,,,,45642,45153,45168,45153;45168;45642,review_required,unresolved,yes,No automatic selection: Kodepos.dev does not corroborate exactly one local source.,no,,diskominfo:32.09.35.2003;open_data_jabar:32.09.35.2003;kodepos_dev:32.09.35.2003,diskominfo_jabar_village_2024_unreviewed;open_data_jabar_postal_2023;kodepos_dev_rest_api,diskominfo:3268;open_data_jabar:20976;kodepos_dev:3270,2026-08-11,source_disagreement,,No safe suggestion; compare all source values.,all_three_different,DIST-E0CA4F73B585,TRIP-D1AFA1BAF260,7,,,,,pending,,,,,,,,,not_started
32.09.35.2004,32,JAWA BARAT,32.09,KAB. CIREBON,32.09.35,TENGAH TANI,KEMLAKAGEDE,,,,,45642,45153,45168,45153;45168;45642,review_required,unresolved,yes,No automatic selection: Kodepos.dev does not corroborate exactly one local source.,no,,diskominfo:32.09.35.2004;open_data_jabar:32.09.35.2004;kodepos_dev:32.09.35.2004,diskominfo_jabar_village_2024_unreviewed;open_data_jabar_postal_2023;kodepos_dev_rest_api,diskominfo:3269;open_data_jabar:20977;kodepos_dev:3271,2026-08-11,source_disagreement,,No safe suggestion; compare all source values.,all_three_different,DIST-E0CA4F73B585,TRIP-D1AFA1BAF260,7,,,,,pending,,,,,,,,,not_started
32.09.35.2005,32,JAWA BARAT,32.09,KAB. CIREBON,32.09.35,TENGAH TANI,DAWUAN,,,,,45642,45153,45168,45153;45168;45642,review_required,unresolved,yes,No automatic selection: Kodepos.dev does not corroborate exactly one local source.,no,,diskominfo:32.09.35.2005;open_data_jabar:32.09.35.2005;kodepos_dev:32.09.35.2005,diskominfo_jabar_village_2024_unreviewed;open_data_jabar_postal_2023;kodepos_dev_rest_api,diskominfo:3270;open_data_jabar:20978;kodepos_dev:3272,2026-08-11,source_disagreement,,No safe suggestion; compare all source values.,all_three_different,DIST-E0CA4F73B585,TRIP-D1AFA1BAF260,7,,,,,pending,,,,,,,,,not_started
32.09.35.2007,32,JAWA BARAT,32.09,KAB. CIREBON,32.09.35,TENGAH TANI,KALIBARU,,,,,45642,45153,45168,45153;45168;45642,review_required,unresolved,yes,No automatic selection: Kodepos.dev does not corroborate exactly one local source.,no,,diskominfo:32.09.35.2007;open_data_jabar:32.09.35.2007;kodepos_dev:32.09.35.2007,diskominfo_jabar_village_2024_unreviewed;open_data_jabar_postal_2023;kodepos_dev_rest_api,diskominfo:3272;open_data_jabar:20981;kodepos_dev:3274,2026-08-11,source_disagreement,,No safe suggestion; compare all source values.,all_three_different,DIST-E0CA4F73B585,TRIP-D1AFA1BAF260,7,,,,,pending,,,,,,,,,not_started
32.09.35.2008,32,JAWA BARAT,32.09,KAB. CIREBON,32.09.35,TENGAH TANI,KALITENGAH,,,,,45642,45153,45168,45153;45168;45642,review_required,unresolved,yes,No automatic selection: Kodepos.dev does not corroborate exactly one local source.,no,,diskominfo:32.09.35.2008;open_data_jabar:32.09.35.2008;kodepos_dev:32.09.35.2008,diskominfo_jabar_village_2024_unreviewed;open_data_jabar_postal_2023;kodepos_dev_rest_api,diskominfo:3273;open_data_jabar:20982;kodepos_dev:3275,2026-08-11,source_disagreement,,No safe suggestion; compare all source values.,all_three_different,DIST-E0CA4F73B585,TRIP-D1AFA1BAF260,7,,,,,pending,,,,,,,,,not_started
32.09.01.2008,32,JAWA BARAT,32.09,KAB. CIREBON,32.09.01,WALED,WALED DESA,,,,,45687,45187,45180,45180;45187;45687,review_required,unresolved,yes,No automatic selection: Kodepos.dev does not corroborate exactly one local source.,no,,diskominfo:32.09.01.2008;open_data_jabar:32.09.01.2008;kodepos_dev:32.09.01.2008,diskominfo_jabar_village_2024_unreviewed;open_data_jabar_postal_2023;kodepos_dev_rest_api,diskominfo:2897;open_data_jabar:20565;kodepos_dev:2897,2026-08-11,source_disagreement,,No safe suggestion; compare all source values.,all_three_different,DIST-E1DCABF29DB3,TRIP-3887B8392F5D,12,,,,,pending,,,,,,,,,not_started
32.09.01.2009,32,JAWA BARAT,32.09,KAB. CIREBON,32.09.01,WALED,WALED KOTA,,,,,45687,45187,45180,45180;45187;45687,review_required,unresolved,yes,No automatic selection: Kodepos.dev does not corroborate exactly one local source.,no,,diskominfo:32.09.01.2009;open_data_jabar:32.09.01.2009;kodepos_dev:32.09.01.2009,diskominfo_jabar_village_2024_unreviewed;open_data_jabar_postal_2023;kodepos_dev_rest_api,diskominfo:2898;open_data_jabar:20566;kodepos_dev:2898,2026-08-11,source_disagreement,,No safe suggestion; compare all source values.,all_three_different,DIST-E1DCABF29DB3,TRIP-3887B8392F5D,12,,,,,pending,,,,,,,,,not_started
32.09.01.2010,32,JAWA BARAT,32.09,KAB. CIREBON,32.09.01,WALED,MEKARSARI,,,,,45687,45187,45180,45180;45187;45687,review_required,unresolved,yes,No automatic selection: Kodepos.dev does not corroborate exactly one local source.,no,,diskominfo:32.09.01.2010;open_data_jabar:32.09.01.2010;kodepos_dev:32.09.01.2010,diskominfo_jabar_village_2024_unreviewed;open_data_jabar_postal_2023;kodepos_dev_rest_api,diskominfo:2899;open_data_jabar:20567;kodepos_dev:2899,2026-08-11,source_disagreement,,No safe suggestion; compare all source values.,all_three_different,DIST-E1DCABF29DB3,TRIP-3887B8392F5D,12,,,,,pending,,,,,,,,,not_started
32.09.01.2011,32,JAWA BARAT,32.09,KAB. CIREBON,32.09.01,WALED,WALED ASEM,,,,,45687,45187,45180,45180;45187;45687,review_required,unresolved,yes,No automatic selection: Kodepos.dev does not corroborate exactly one local source.,no,,diskominfo:32.09.01.2011;open_data_jabar:32.09.01.2011;kodepos_dev:32.09.01.2011,diskominfo_jabar_village_2024_unreviewed;open_data_jabar_postal_2023;kodepos_dev_rest_api,diskominfo:2900;open_data_jabar:20568;kodepos_dev:2900,2026-08-11,source_disagreement,,No safe suggestion; compare all source values.,all_three_different,DIST-E1DCABF29DB3,TRIP-3887B8392F5D,12,,,,,pending,,,,,,,,,not_started
32.09.01.2012,32,JAWA BARAT,32.09,KAB. CIREBON,32.09.01,WALED,AMBIT,,,,,45687,45187,45180,45180;45187;45687,review_required,unresolved,yes,No automatic selection: Kodepos.dev does not corroborate exactly one local source.,no,,diskominfo:32.09.01.2012;open_data_jabar:32.09.01.2012;kodepos_dev:32.09.01.2012,diskominfo_jabar_village_2024_unreviewed;open_data_jabar_postal_2023;kodepos_dev_rest_api,diskominfo:2901;open_data_jabar:20569;kodepos_dev:2901,2026-08-11,source_disagreement,,No safe suggestion; compare all source values.,all_three_different,DIST-E1DCABF29DB3,TRIP-3887B8392F5D,12,,,,,pending,,,,,,,,,not_started
32.09.01.2013,32,JAWA BARAT,32.09,KAB. CIREBON,32.09.01,WALED,CIUYAH,,,,,45687,45187,45180,45180;45187;45687,review_required,unresolved,yes,No automatic selection: Kodepos.dev does not corroborate exactly one local source.,no,,diskominfo:32.09.01.2013;open_data_jabar:32.09.01.2013;kodepos_dev:32.09.01.2013,diskominfo_jabar_village_2024_unreviewed;open_data_jabar_postal_2023;kodepos_dev_rest_api,diskominfo:2902;open_data_jabar:20571;kodepos_dev:2902,2026-08-11,source_disagreement,,No safe suggestion; compare all source values.,all_three_different,DIST-E1DCABF29DB3,TRIP-3887B8392F5D,12,,,,,pending,,,,,,,,,not_started
32.09.01.2014,32,JAWA BARAT,32.09,KAB. CIREBON,32.09.01,WALED,GUNUNGSARI,,,,,45687,45187,45180,45180;45187;45687,review_required,unresolved,yes,No automatic selection: Kodepos.dev does not corroborate exactly one local source.,no,,diskominfo:32.09.01.2014;open_data_jabar:32.09.01.2014;kodepos_dev:32.09.01.2014,diskominfo_jabar_village_2024_unreviewed;open_data_jabar_postal_2023;kodepos_dev_rest_api,diskominfo:2903;open_data_jabar:20572;kodepos_dev:2903,2026-08-11,source_disagreement,,No safe suggestion; compare all source values.,all_three_different,DIST-E1DCABF29DB3,TRIP-3887B8392F5D,12,,,,,pending,,,,,,,,,not_started
32.09.01.2015,32,JAWA BARAT,32.09,KAB. CIREBON,32.09.01,WALED,KARANGSARI,,,,,45687,45187,45180,45180;45187;45687,review_required,unresolved,yes,No automatic selection: Kodepos.dev does not corroborate exactly one local source.,no,,diskominfo:32.09.01.2015;open_data_jabar:32.09.01.2015;kodepos_dev:32.09.01.2015,diskominfo_jabar_village_2024_unreviewed;open_data_jabar_postal_2023;kodepos_dev_rest_api,diskominfo:2904;open_data_jabar:20573;kodepos_dev:2904,2026-08-11,source_disagreement,,No safe suggestion; compare all source values.,all_three_different,DIST-E1DCABF29DB3,TRIP-3887B8392F5D,12,,,,,pending,,,,,,,,,not_started
32.09.01.2016,32,JAWA BARAT,32.09,KAB. CIREBON,32.09.01,WALED,CIKULAK KIDUL,,,,,45687,45187,45180,45180;45187;45687,review_required,unresolved,yes,No automatic selection: Kodepos.dev does not corroborate exactly one local source.,no,,diskominfo:32.09.01.2016;open_data_jabar:32.09.01.2016;kodepos_dev:32.09.01.2016,diskominfo_jabar_village_2024_unreviewed;open_data_jabar_postal_2023;kodepos_dev_rest_api,diskominfo:2905;open_data_jabar:20574;kodepos_dev:2905,2026-08-11,source_disagreement,,No safe suggestion; compare all source values.,all_three_different,DIST-E1DCABF29DB3,TRIP-3887B8392F5D,12,,,,,pending,,,,,,,,,not_started
32.09.01.2017,32,JAWA BARAT,32.09,KAB. CIREBON,32.09.01,WALED,CIKULAK,,,,,45687,45187,45180,45180;45187;45687,review_required,unresolved,yes,No automatic selection: Kodepos.dev does not corroborate exactly one local source.,no,,diskominfo:32.09.01.2017;open_data_jabar:32.09.01.2017;kodepos_dev:32.09.01.2017,diskominfo_jabar_village_2024_unreviewed;open_data_jabar_postal_2023;kodepos_dev_rest_api,diskominfo:2906;open_data_jabar:20575;kodepos_dev:2906,2026-08-11,source_disagreement,,No safe suggestion; compare all source values.,all_three_different,DIST-E1DCABF29DB3,TRIP-3887B8392F5D,12,,,,,pending,,,,,,,,,not_started
32.09.01.2018,32,JAWA BARAT,32.09,KAB. CIREBON,32.09.01,WALED,CIBOGO,,,,,45687,45187,45180,45180;45187;45687,review_required,unresolved,yes,No automatic selection: Kodepos.dev does not corroborate exactly one local source.,no,,diskominfo:32.09.01.2018;open_data_jabar:32.09.01.2018;kodepos_dev:32.09.01.2018,diskominfo_jabar_village_2024_unreviewed;open_data_jabar_postal_2023;kodepos_dev_rest_api,diskominfo:2907;open_data_jabar:20576;kodepos_dev:2907,2026-08-11,source_disagreement,,No safe suggestion; compare all source values.,all_three_different,DIST-E1DCABF29DB3,TRIP-3887B8392F5D,12,,,,,pending,,,,,,,,,not_started
32.09.01.2019,32,JAWA BARAT,32.09,KAB. CIREBON,32.09.01,WALED,CISAAT,,,,,45687,45187,45180,45180;45187;45687,review_required,unresolved,yes,No automatic selection: Kodepos.dev does not corroborate exactly one local source.,no,,diskominfo:32.09.01.2019;open_data_jabar:32.09.01.2019;kodepos_dev:32.09.01.2019,diskominfo_jabar_village_2024_unreviewed;open_data_jabar_postal_2023;kodepos_dev_rest_api,diskominfo:2908;open_data_jabar:20577;kodepos_dev:2908,2026-08-11,source_disagreement,,No safe suggestion; compare all source values.,all_three_different,DIST-E1DCABF29DB3,TRIP-3887B8392F5D,12,,,,,pending,,,,,,,,,not_started
32.16.10.2008,32,JAWA BARAT,32.16,KAB. BEKASI,32.16.10,KARANG BAHAGIA,KARANGMUKTI,,,,,17538,17530,17535,17530;17535;17538,review_required,unresolved,yes,No automatic selection: Kodepos.dev does not corroborate exactly one local source.,no,,diskominfo:32.16.10.2008;open_data_jabar:32.16.10.2008;kodepos_dev:32.16.10.2008,diskominfo_jabar_village_2024_unreviewed;open_data_jabar_postal_2023;kodepos_dev_rest_api,diskominfo:5097;open_data_jabar:23010;kodepos_dev:5097,2026-08-11,source_disagreement,,No safe suggestion; compare all source values.,all_three_different,DIST-E309C8A0434A,TRIP-12C285F6EF34,1,,,,,pending,,,,,,,,,not_started
32.16.10.2004,32,JAWA BARAT,32.16,KAB. BEKASI,32.16.10,KARANG BAHAGIA,KARANGANYAR,,,,,17533,17530,17535,17530;17533;17535,review_required,unresolved,yes,No automatic selection: Kodepos.dev does not corroborate exactly one local source.,no,,diskominfo:32.16.10.2004;open_data_jabar:32.16.10.2004;kodepos_dev:32.16.10.2004,diskominfo_jabar_village_2024_unreviewed;open_data_jabar_postal_2023;kodepos_dev_rest_api,diskominfo:5093;open_data_jabar:23006;kodepos_dev:5093,2026-08-11,source_disagreement,,No safe suggestion; compare all source values.,all_three_different,DIST-E309C8A0434A,TRIP-33D6B3A4114F,1,,,,,pending,,,,,,,,,not_started
32.16.10.2001,32,JAWA BARAT,32.16,KAB. BEKASI,32.16.10,KARANG BAHAGIA,SUKARAYA,,,,,17536,17530,17535,17530;17535;17536,review_required,unresolved,yes,No automatic selection: Kodepos.dev does not corroborate exactly one local source.,no,,diskominfo:32.16.10.2001;open_data_jabar:32.16.10.2001;kodepos_dev:32.16.10.2001,diskominfo_jabar_village_2024_unreviewed;open_data_jabar_postal_2023;kodepos_dev_rest_api,diskominfo:5090;open_data_jabar:23001;kodepos_dev:5090,2026-08-11,source_disagreement,,No safe suggestion; compare all source values.,all_three_different,DIST-E309C8A0434A,TRIP-D9CB139ECFD5,1,,,,,pending,,,,,,,,,not_started
32.15.25.2001,32,JAWA BARAT,32.15,KAB. KARAWANG,32.15.25,KOTA BARU,WANCIMEKAR,,,,,41377,41374,41376,41374;41376;41377,review_required,unresolved,yes,No automatic selection: Kodepos.dev does not corroborate exactly one local source.,no,,diskominfo:32.15.25.2001;open_data_jabar:32.15.25.2001;kodepos_dev:32.15.25.2001,diskominfo_jabar_village_2024_unreviewed;open_data_jabar_postal_2023;kodepos_dev_rest_api,diskominfo:4958;open_data_jabar:22855;kodepos_dev:4958,2026-08-11,source_disagreement,,No safe suggestion; compare all source values.,all_three_different,DIST-E3E4E12D73E6,TRIP-849C5EB973DB,9,,,,,pending,,,,,,,,,not_started
32.15.25.2002,32,JAWA BARAT,32.15,KAB. KARAWANG,32.15.25,KOTA BARU,PANGULAH SELATAN,,,,,41377,41374,41376,41374;41376;41377,review_required,unresolved,yes,No automatic selection: Kodepos.dev does not corroborate exactly one local source.,no,,diskominfo:32.15.25.2002;open_data_jabar:32.15.25.2002;kodepos_dev:32.15.25.2002,diskominfo_jabar_village_2024_unreviewed;open_data_jabar_postal_2023;kodepos_dev_rest_api,diskominfo:4959;open_data_jabar:22856;kodepos_dev:4959,2026-08-11,source_disagreement,,No safe suggestion; compare all source values.,all_three_different,DIST-E3E4E12D73E6,TRIP-849C5EB973DB,9,,,,,pending,,,,,,,,,not_started
32.15.25.2003,32,JAWA BARAT,32.15,KAB. KARAWANG,32.15.25,KOTA BARU,PANGULAH UTARA,,,,,41377,41374,41376,41374;41376;41377,review_required,unresolved,yes,No automatic selection: Kodepos.dev does not corroborate exactly one local source.,no,,diskominfo:32.15.25.2003;open_data_jabar:32.15.25.2003;kodepos_dev:32.15.25.2003,diskominfo_jabar_village_2024_unreviewed;open_data_jabar_postal_2023;kodepos_dev_rest_api,diskominfo:4960;open_data_jabar:22857;kodepos_dev:4960,2026-08-11,source_disagreement,,No safe suggestion; compare all source values.,all_three_different,DIST-E3E4E12D73E6,TRIP-849C5EB973DB,9,,,,,pending,,,,,,,,,not_started
32.15.25.2004,32,JAWA BARAT,32.15,KAB. KARAWANG,32.15.25,KOTA BARU,PANGULAH BARU,,,,,41377,41374,41376,41374;41376;41377,review_required,unresolved,yes,No automatic selection: Kodepos.dev does not corroborate exactly one local source.,no,,diskominfo:32.15.25.2004;open_data_jabar:32.15.25.2004;kodepos_dev:32.15.25.2004,diskominfo_jabar_village_2024_unreviewed;open_data_jabar_postal_2023;kodepos_dev_rest_api,diskominfo:4961;open_data_jabar:22858;kodepos_dev:4961,2026-08-11,source_disagreement,,No safe suggestion; compare all source values.,all_three_different,DIST-E3E4E12D73E6,TRIP-849C5EB973DB,9,,,,,pending,,,,,,,,,not_started
32.15.25.2005,32,JAWA BARAT,32.15,KAB. KARAWANG,32.15.25,KOTA BARU,PUCUNG,,,,,41377,41374,41376,41374;41376;41377,review_required,unresolved,yes,No automatic selection: Kodepos.dev does not corroborate exactly one local source.,no,,diskominfo:32.15.25.2005;open_data_jabar:32.15.25.2005;kodepos_dev:32.15.25.2005,diskominfo_jabar_village_2024_unreviewed;open_data_jabar_postal_2023;kodepos_dev_rest_api,diskominfo:4962;open_data_jabar:22860;kodepos_dev:4962,2026-08-11,source_disagreement,,No safe suggestion; compare all source values.,all_three_different,DIST-E3E4E12D73E6,TRIP-849C5EB973DB,9,,,,,pending,,,,,,,,,not_started
32.15.25.2006,32,JAWA BARAT,32.15,KAB. KARAWANG,32.15.25,KOTA BARU,JOMIN TIMUR,,,,,41377,41374,41376,41374;41376;41377,review_required,unresolved,yes,No automatic selection: Kodepos.dev does not corroborate exactly one local source.,no,,diskominfo:32.15.25.2006;open_data_jabar:32.15.25.2006;kodepos_dev:32.15.25.2006,diskominfo_jabar_village_2024_unreviewed;open_data_jabar_postal_2023;kodepos_dev_rest_api,diskominfo:4963;open_data_jabar:22861;kodepos_dev:4963,2026-08-11,source_disagreement,,No safe suggestion; compare all source values.,all_three_different,DIST-E3E4E12D73E6,TRIP-849C5EB973DB,9,,,,,pending,,,,,,,,,not_started
32.15.25.2007,32,JAWA BARAT,32.15,KAB. KARAWANG,32.15.25,KOTA BARU,JOMIN BARAT,,,,,41377,41374,41376,41374;41376;41377,review_required,unresolved,yes,No automatic selection: Kodepos.dev does not corroborate exactly one local source.,no,,diskominfo:32.15.25.2007;open_data_jabar:32.15.25.2007;kodepos_dev:32.15.25.2007,diskominfo_jabar_village_2024_unreviewed;open_data_jabar_postal_2023;kodepos_dev_rest_api,diskominfo:4964;open_data_jabar:22862;kodepos_dev:4964,2026-08-11,source_disagreement,,No safe suggestion; compare all source values.,all_three_different,DIST-E3E4E12D73E6,TRIP-849C5EB973DB,9,,,,,pending,,,,,,,,,not_started
32.15.25.2008,32,JAWA BARAT,32.15,KAB. KARAWANG,32.15.25,KOTA BARU,SARIMULYA,,,,,41377,41374,41376,41374;41376;41377,review_required,unresolved,yes,No automatic selection: Kodepos.dev does not corroborate exactly one local source.,no,,diskominfo:32.15.25.2008;open_data_jabar:32.15.25.2008;kodepos_dev:32.15.25.2008,diskominfo_jabar_village_2024_unreviewed;open_data_jabar_postal_2023;kodepos_dev_rest_api,diskominfo:4965;open_data_jabar:22863;kodepos_dev:4965,2026-08-11,source_disagreement,,No safe suggestion; compare all source values.,all_three_different,DIST-E3E4E12D73E6,TRIP-849C5EB973DB,9,,,,,pending,,,,,,,,,not_started
32.15.25.2009,32,JAWA BARAT,32.15,KAB. KARAWANG,32.15.25,KOTA BARU,CILKAMPEK UTARA,,,,,41377,41374,41376,41374;41376;41377,review_required,unresolved,yes,No automatic selection: Kodepos.dev does not corroborate exactly one local source.,no,,diskominfo:32.15.25.2009;open_data_jabar:32.15.25.2009;kodepos_dev:32.15.25.2009,diskominfo_jabar_village_2024_unreviewed;open_data_jabar_postal_2023;kodepos_dev_rest_api,diskominfo:4966;open_data_jabar:22864;kodepos_dev:4966,2026-08-11,source_disagreement,,No safe suggestion; compare all source values.,all_three_different,DIST-E3E4E12D73E6,TRIP-849C5EB973DB,9,,,,,pending,,,,,,,,,not_started
32.78.07.1003,32,JAWA BARAT,32.78,KOTA TASIKMALAYA,32.78.07,TAMANSARI,TAMANJAYA,,,,,46147,46196,46191,46147;46191;46196,review_required,unresolved,yes,No automatic selection: Kodepos.dev does not corroborate exactly one local source.,no,,diskominfo:32.78.07.1003;open_data_jabar:32.78.07.1003;kodepos_dev:32.78.07.1003,diskominfo_jabar_village_2024_unreviewed;open_data_jabar_postal_2023;kodepos_dev_rest_api,diskominfo:5907;open_data_jabar:23910;kodepos_dev:5907,2026-08-11,source_disagreement,,No safe suggestion; compare all source values.,all_three_different,DIST-E87E32CF8C7F,TRIP-2D17AF1AEB33,2,,,,,pending,,,,,,,,,not_started
32.78.07.1004,32,JAWA BARAT,32.78,KOTA TASIKMALAYA,32.78.07,TAMANSARI,SUMELAP,,,,,46147,46196,46191,46147;46191;46196,review_required,unresolved,yes,No automatic selection: Kodepos.dev does not corroborate exactly one local source.,no,,diskominfo:32.78.07.1004;open_data_jabar:32.78.07.1004;kodepos_dev:32.78.07.1004,diskominfo_jabar_village_2024_unreviewed;open_data_jabar_postal_2023;kodepos_dev_rest_api,diskominfo:5908;open_data_jabar:23911;kodepos_dev:5908,2026-08-11,source_disagreement,,No safe suggestion; compare all source values.,all_three_different,DIST-E87E32CF8C7F,TRIP-2D17AF1AEB33,2,,,,,pending,,,,,,,,,not_started
32.78.07.1005,32,JAWA BARAT,32.78,KOTA TASIKMALAYA,32.78.07,TAMANSARI,SETIAWARGI,,,,,46148,46196,46191,46148;46191;46196,review_required,unresolved,yes,No automatic selection: Kodepos.dev does not corroborate exactly one local source.,no,,diskominfo:32.78.07.1005;open_data_jabar:32.78.07.1005;kodepos_dev:32.78.07.1005,diskominfo_jabar_village_2024_unreviewed;open_data_jabar_postal_2023;kodepos_dev_rest_api,diskominfo:5909;open_data_jabar:23912;kodepos_dev:5909,2026-08-11,source_disagreement,,No safe suggestion; compare all source values.,all_three_different,DIST-E87E32CF8C7F,TRIP-55BE25C00ADA,2,,,,,pending,,,,,,,,,not_started
32.78.07.1008,32,JAWA BARAT,32.78,KOTA TASIKMALAYA,32.78.07,TAMANSARI,SETIAMULYA,,,,,46148,46196,46191,46148;46191;46196,review_required,unresolved,yes,No automatic selection: Kodepos.dev does not corroborate exactly one local source.,no,,diskominfo:32.78.07.1008;open_data_jabar:32.78.07.1008;kodepos_dev:32.78.07.1008,diskominfo_jabar_village_2024_unreviewed;open_data_jabar_postal_2023;kodepos_dev_rest_api,diskominfo:5912;open_data_jabar:23916;kodepos_dev:5912,2026-08-11,source_disagreement,,No safe suggestion; compare all source values.,all_three_different,DIST-E87E32CF8C7F,TRIP-55BE25C00ADA,2,,,,,pending,,,,,,,,,not_started
32.78.07.1001,32,JAWA BARAT,32.78,KOTA TASIKMALAYA,32.78.07,TAMANSARI,TAMANSARI,,,,,46146,46196,46191,46146;46191;46196,review_required,unresolved,yes,No automatic selection: Kodepos.dev does not corroborate exactly one local source.,no,,diskominfo:32.78.07.1001;open_data_jabar:32.78.07.1001;kodepos_dev:32.78.07.1001,diskominfo_jabar_village_2024_unreviewed;open_data_jabar_postal_2023;kodepos_dev_rest_api,diskominfo:5905;open_data_jabar:23908;kodepos_dev:5905,2026-08-11,source_disagreement,,No safe suggestion; compare all source values.,all_three_different,DIST-E87E32CF8C7F,TRIP-CDAAC22C6BA2,2,,,,,pending,,,,,,,,,not_started
32.78.07.1002,32,JAWA BARAT,32.78,KOTA TASIKMALAYA,32.78.07,TAMANSARI,MUGARSARI,,,,,46146,46196,46191,46146;46191;46196,review_required,unresolved,yes,No automatic selection: Kodepos.dev does not corroborate exactly one local source.,no,,diskominfo:32.78.07.1002;open_data_jabar:32.78.07.1002;kodepos_dev:32.78.07.1002,diskominfo_jabar_village_2024_unreviewed;open_data_jabar_postal_2023;kodepos_dev_rest_api,diskominfo:5906;open_data_jabar:23909;kodepos_dev:5906,2026-08-11,source_disagreement,,No safe suggestion; compare all source values.,all_three_different,DIST-E87E32CF8C7F,TRIP-CDAAC22C6BA2,2,,,,,pending,,,,,,,,,not_started
32.78.07.1006,32,JAWA BARAT,32.78,KOTA TASIKMALAYA,32.78.07,TAMANSARI,MULYASARI,,,,,46149,46196,46191,46149;46191;46196,review_required,unresolved,yes,No automatic selection: Kodepos.dev does not corroborate exactly one local source.,no,,diskominfo:32.78.07.1006;open_data_jabar:32.78.07.1006;kodepos_dev:32.78.07.1006,diskominfo_jabar_village_2024_unreviewed;open_data_jabar_postal_2023;kodepos_dev_rest_api,diskominfo:5910;open_data_jabar:23913;kodepos_dev:5910,2026-08-11,source_disagreement,,No safe suggestion; compare all source values.,all_three_different,DIST-E87E32CF8C7F,TRIP-D130F3F8778E,2,,,,,pending,,,,,,,,,not_started
32.78.07.1007,32,JAWA BARAT,32.78,KOTA TASIKMALAYA,32.78.07,TAMANSARI,SUKAHURIP,,,,,46149,46196,46191,46149;46191;46196,review_required,unresolved,yes,No automatic selection: Kodepos.dev does not corroborate exactly one local source.,no,,diskominfo:32.78.07.1007;open_data_jabar:32.78.07.1007;kodepos_dev:32.78.07.1007,diskominfo_jabar_village_2024_unreviewed;open_data_jabar_postal_2023;kodepos_dev_rest_api,diskominfo:5911;open_data_jabar:23914;kodepos_dev:5911,2026-08-11,source_disagreement,,No safe suggestion; compare all source values.,all_three_different,DIST-E87E32CF8C7F,TRIP-D130F3F8778E,2,,,,,pending,,,,,,,,,not_started
32.09.23.2001,32,JAWA BARAT,32.09,KAB. CIREBON,32.09.23,KLANGENAN,SERANG,,,,,45656,45156,45157,45156;45157;45656,review_required,unresolved,yes,No automatic selection: Kodepos.dev does not corroborate exactly one local source.,no,,diskominfo:32.09.23.2001;open_data_jabar:32.09.23.2001;kodepos_dev:32.09.23.2001,diskominfo_jabar_village_2024_unreviewed;open_data_jabar_postal_2023;kodepos_dev_rest_api,diskominfo:3146;open_data_jabar:20841;kodepos_dev:3148,2026-08-11,source_disagreement,,No safe suggestion; compare all source values.,all_three_different,DIST-E89963DE60B9,TRIP-CB7B097CE85B,9,,,,,pending,,,,,,,,,not_started
32.09.23.2002,32,JAWA BARAT,32.09,KAB. CIREBON,32.09.23,KLANGENAN,KLANGENAN,,,,,45656,45156,45157,45156;45157;45656,review_required,unresolved,yes,No automatic selection: Kodepos.dev does not corroborate exactly one local source.,no,,diskominfo:32.09.23.2002;open_data_jabar:32.09.23.2002;kodepos_dev:32.09.23.2002,diskominfo_jabar_village_2024_unreviewed;open_data_jabar_postal_2023;kodepos_dev_rest_api,diskominfo:3147;open_data_jabar:20842;kodepos_dev:3149,2026-08-11,source_disagreement,,No safe suggestion; compare all source values.,all_three_different,DIST-E89963DE60B9,TRIP-CB7B097CE85B,9,,,,,pending,,,,,,,,,not_started
32.09.23.2003,32,JAWA BARAT,32.09,KAB. CIREBON,32.09.23,KLANGENAN,DANAWINANGUN,,,,,45656,45156,45157,45156;45157;45656,review_required,unresolved,yes,No automatic selection: Kodepos.dev does not corroborate exactly one local source.,no,,diskominfo:32.09.23.2003;open_data_jabar:32.09.23.2003;kodepos_dev:32.09.23.2003,diskominfo_jabar_village_2024_unreviewed;open_data_jabar_postal_2023;kodepos_dev_rest_api,diskominfo:3148;open_data_jabar:20843;kodepos_dev:3150,2026-08-11,source_disagreement,,No safe suggestion; compare all source values.,all_three_different,DIST-E89963DE60B9,TRIP-CB7B097CE85B,9,,,,,pending,,,,,,,,,not_started
32.09.23.2007,32,JAWA BARAT,32.09,KAB. CIREBON,32.09.23,KLANGENAN,PAKANTINGAN,,,,,45656,45156,45157,45156;45157;45656,review_required,unresolved,yes,No automatic selection: Kodepos.dev does not corroborate exactly one local source.,no,,diskominfo:32.09.23.2007;open_data_jabar:32.09.23.2007;kodepos_dev:32.09.23.2007,diskominfo_jabar_village_2024_unreviewed;open_data_jabar_postal_2023;kodepos_dev_rest_api,diskominfo:3149;open_data_jabar:20844;kodepos_dev:3151,2026-08-11,source_disagreement,,No safe suggestion; compare all source values.,all_three_different,DIST-E89963DE60B9,TRIP-CB7B097CE85B,9,,,,,pending,,,,,,,,,not_started
32.09.23.2008,32,JAWA BARAT,32.09,KAB. CIREBON,32.09.23,KLANGENAN,JEMARAS KIDUL,,,,,45656,45156,45157,45156;45157;45656,review_required,unresolved,yes,No automatic selection: Kodepos.dev does not corroborate exactly one local source.,no,,diskominfo:32.09.23.2008;open_data_jabar:32.09.23.2008;kodepos_dev:32.09.23.2008,diskominfo_jabar_village_2024_unreviewed;open_data_jabar_postal_2023;kodepos_dev_rest_api,diskominfo:3150;open_data_jabar:20845;kodepos_dev:3152,2026-08-11,source_disagreement,,No safe suggestion; compare all source values.,all_three_different,DIST-E89963DE60B9,TRIP-CB7B097CE85B,9,,,,,pending,,,,,,,,,not_started
32.09.23.2009,32,JAWA BARAT,32.09,KAB. CIREBON,32.09.23,KLANGENAN,JEMARAS LOR,,,,,45656,45156,45157,45156;45157;45656,review_required,unresolved,yes,No automatic selection: Kodepos.dev does not corroborate exactly one local source.,no,,diskominfo:32.09.23.2009;open_data_jabar:32.09.23.2009;kodepos_dev:32.09.23.2009,diskominfo_jabar_village_2024_unreviewed;open_data_jabar_postal_2023;kodepos_dev_rest_api,diskominfo:3151;open_data_jabar:20846;kodepos_dev:3153,2026-08-11,source_disagreement,,No safe suggestion; compare all source values.,all_three_different,DIST-E89963DE60B9,TRIP-CB7B097CE85B,9,,,,,pending,,,,,,,,,not_started
32.09.23.2010,32,JAWA BARAT,32.09,KAB. CIREBON,32.09.23,KLANGENAN,SLANGIT,,,,,45656,45156,45157,45156;45157;45656,review_required,unresolved,yes,No automatic selection: Kodepos.dev does not corroborate exactly one local source.,no,,diskominfo:32.09.23.2010;open_data_jabar:32.09.23.2010;kodepos_dev:32.09.23.2010,diskominfo_jabar_village_2024_unreviewed;open_data_jabar_postal_2023;kodepos_dev_rest_api,diskominfo:3152;open_data_jabar:20848;kodepos_dev:3154,2026-08-11,source_disagreement,,No safe suggestion; compare all source values.,all_three_different,DIST-E89963DE60B9,TRIP-CB7B097CE85B,9,,,,,pending,,,,,,,,,not_started
32.09.23.2011,32,JAWA BARAT,32.09,KAB. CIREBON,32.09.23,KLANGENAN,KREYO,,,,,45656,45156,45157,45156;45157;45656,review_required,unresolved,yes,No automatic selection: Kodepos.dev does not corroborate exactly one local source.,no,,diskominfo:32.09.23.2011;open_data_jabar:32.09.23.2011;kodepos_dev:32.09.23.2011,diskominfo_jabar_village_2024_unreviewed;open_data_jabar_postal_2023;kodepos_dev_rest_api,diskominfo:3153;open_data_jabar:20849;kodepos_dev:3155,2026-08-11,source_disagreement,,No safe suggestion; compare all source values.,all_three_different,DIST-E89963DE60B9,TRIP-CB7B097CE85B,9,,,,,pending,,,,,,,,,not_started
32.09.23.2012,32,JAWA BARAT,32.09,KAB. CIREBON,32.09.23,KLANGENAN,BANGODUA,,,,,45656,45156,45157,45156;45157;45656,review_required,unresolved,yes,No automatic selection: Kodepos.dev does not corroborate exactly one local source.,no,,diskominfo:32.09.23.2012;open_data_jabar:32.09.23.2012;kodepos_dev:32.09.23.2012,diskominfo_jabar_village_2024_unreviewed;open_data_jabar_postal_2023;kodepos_dev_rest_api,diskominfo:3154;open_data_jabar:20850;kodepos_dev:3156,2026-08-11,source_disagreement,,No safe suggestion; compare all source values.,all_three_different,DIST-E89963DE60B9,TRIP-CB7B097CE85B,9,,,,,pending,,,,,,,,,not_started
32.02.21.1001,32,JAWA BARAT,32.02,KAB. SUKABUMI,32.02.21,JAMPANGKULON,JAMPANGKULON,,,,,43378,43178,43170,43170;43178;43378,review_required,unresolved,yes,No automatic selection: Kodepos.dev does not corroborate exactly one local source.,no,,diskominfo:32.02.21.1001;open_data_jabar:32.02.21.1001;kodepos_dev:32.02.21.1001,diskominfo_jabar_village_2024_unreviewed;open_data_jabar_postal_2023;kodepos_dev_rest_api,diskominfo:612;open_data_jabar:18027;kodepos_dev:612,2026-08-11,source_disagreement,,No safe suggestion; compare all source values.,all_three_different,DIST-E9D8298D91DC,TRIP-387289D1FAF8,11,,,,,pending,,,,,,,,,not_started
32.02.21.2002,32,JAWA BARAT,32.02,KAB. SUKABUMI,32.02.21,JAMPANGKULON,BOJONGGENTENG,,,,,43378,43178,43170,43170;43178;43378,review_required,unresolved,yes,No automatic selection: Kodepos.dev does not corroborate exactly one local source.,no,,diskominfo:32.02.21.2002;open_data_jabar:32.02.21.2002;kodepos_dev:32.02.21.2002,diskominfo_jabar_village_2024_unreviewed;open_data_jabar_postal_2023;kodepos_dev_rest_api,diskominfo:613;open_data_jabar:18028;kodepos_dev:613,2026-08-11,source_disagreement,,No safe suggestion; compare all source values.,all_three_different,DIST-E9D8298D91DC,TRIP-387289D1FAF8,11,,,,,pending,,,,,,,,,not_started
32.02.21.2003,32,JAWA BARAT,32.02,KAB. SUKABUMI,32.02.21,JAMPANGKULON,CIKARANG,,,,,43378,43178,43170,43170;43178;43378,review_required,unresolved,yes,No automatic selection: Kodepos.dev does not corroborate exactly one local source.,no,,diskominfo:32.02.21.2003;open_data_jabar:32.02.21.2003;kodepos_dev:32.02.21.2003,diskominfo_jabar_village_2024_unreviewed;open_data_jabar_postal_2023;kodepos_dev_rest_api,diskominfo:614;open_data_jabar:18029;kodepos_dev:614,2026-08-11,source_disagreement,,No safe suggestion; compare all source values.,all_three_different,DIST-E9D8298D91DC,TRIP-387289D1FAF8,11,,,,,pending,,,,,,,,,not_started
32.02.21.2005,32,JAWA BARAT,32.02,KAB. SUKABUMI,32.02.21,JAMPANGKULON,BOJONGSARI,,,,,43378,43178,43170,43170;43178;43378,review_required,unresolved,yes,No automatic selection: Kodepos.dev does not corroborate exactly one local source.,no,,diskominfo:32.02.21.2005;open_data_jabar:32.02.21.2005;kodepos_dev:32.02.21.2005,diskominfo_jabar_village_2024_unreviewed;open_data_jabar_postal_2023;kodepos_dev_rest_api,diskominfo:615;open_data_jabar:18030;kodepos_dev:615,2026-08-11,source_disagreement,,No safe suggestion; compare all source values.,all_three_different,DIST-E9D8298D91DC,TRIP-387289D1FAF8,11,,,,,pending,,,,,,,,,not_started
32.02.21.2007,32,JAWA BARAT,32.02,KAB. SUKABUMI,32.02.21,JAMPANGKULON,NAGRAKSARI,,,,,43378,43178,43170,43170;43178;43378,review_required,unresolved,yes,No automatic selection: Kodepos.dev does not corroborate exactly one local source.,no,,diskominfo:32.02.21.2007;open_data_jabar:32.02.21.2007;kodepos_dev:32.02.21.2007,diskominfo_jabar_village_2024_unreviewed;open_data_jabar_postal_2023;kodepos_dev_rest_api,diskominfo:616;open_data_jabar:18031;kodepos_dev:616,2026-08-11,source_disagreement,,No safe suggestion; compare all source values.,all_three_different,DIST-E9D8298D91DC,TRIP-387289D1FAF8,11,,,,,pending,,,,,,,,,not_started
32.02.21.2008,32,JAWA BARAT,32.02,KAB. SUKABUMI,32.02.21,JAMPANGKULON,MEKARJAYA,,,,,43378,43178,43170,43170;43178;43378,review_required,unresolved,yes,No automatic selection: Kodepos.dev does not corroborate exactly one local source.,no,,diskominfo:32.02.21.2008;open_data_jabar:32.02.21.2008;kodepos_dev:32.02.21.2008,diskominfo_jabar_village_2024_unreviewed;open_data_jabar_postal_2023;kodepos_dev_rest_api,diskominfo:617;open_data_jabar:18032;kodepos_dev:617,2026-08-11,source_disagreement,,No safe suggestion; compare all source values.,all_three_different,DIST-E9D8298D91DC,TRIP-387289D1FAF8,11,,,,,pending,,,,,,,,,not_started
32.02.21.2009,32,JAWA BARAT,32.02,KAB. SUKABUMI,32.02.21,JAMPANGKULON,TANJUNG,,,,,43378,43178,43170,43170;43178;43378,review_required,unresolved,yes,No automatic selection: Kodepos.dev does not corroborate exactly one local source.,no,,diskominfo:32.02.21.2009;open_data_jabar:32.02.21.2009;kodepos_dev:32.02.21.2009,diskominfo_jabar_village_2024_unreviewed;open_data_jabar_postal_2023;kodepos_dev_rest_api,diskominfo:618;open_data_jabar:18033;kodepos_dev:618,2026-08-11,source_disagreement,,No safe suggestion; compare all source values.,all_three_different,DIST-E9D8298D91DC,TRIP-387289D1FAF8,11,,,,,pending,,,,,,,,,not_started
32.02.21.2011,32,JAWA BARAT,32.02,KAB. SUKABUMI,32.02.21,JAMPANGKULON,CIPARAY,,,,,43378,43178,43170,43170;43178;43378,review_required,unresolved,yes,No automatic selection: Kodepos.dev does not corroborate exactly one local source.,no,,diskominfo:32.02.21.2011;open_data_jabar:32.02.21.2011;kodepos_dev:32.02.21.2011,diskominfo_jabar_village_2024_unreviewed;open_data_jabar_postal_2023;kodepos_dev_rest_api,diskominfo:619;open_data_jabar:18034;kodepos_dev:619,2026-08-11,source_disagreement,,No safe suggestion; compare all source values.,all_three_different,DIST-E9D8298D91DC,TRIP-387289D1FAF8,11,,,,,pending,,,,,,,,,not_started
32.02.21.2013,32,JAWA BARAT,32.02,KAB. SUKABUMI,32.02.21,JAMPANGKULON,PADAJAYA,,,,,43378,43178,43170,43170;43178;43378,review_required,unresolved,yes,No automatic selection: Kodepos.dev does not corroborate exactly one local source.,no,,diskominfo:32.02.21.2013;open_data_jabar:32.02.21.2013;kodepos_dev:32.02.21.2013,diskominfo_jabar_village_2024_unreviewed;open_data_jabar_postal_2023;kodepos_dev_rest_api,diskominfo:620;open_data_jabar:18035;kodepos_dev:620,2026-08-11,source_disagreement,,No safe suggestion; compare all source values.,all_three_different,DIST-E9D8298D91DC,TRIP-387289D1FAF8,11,,,,,pending,,,,,,,,,not_started
32.02.21.2014,32,JAWA BARAT,32.02,KAB. SUKABUMI,32.02.21,JAMPANGKULON,KARANGANYAR,,,,,43378,43178,43170,43170;43178;43378,review_required,unresolved,yes,No automatic selection: Kodepos.dev does not corroborate exactly one local source.,no,,diskominfo:32.02.21.2014;open_data_jabar:32.02.21.2014;kodepos_dev:32.02.21.2014,diskominfo_jabar_village_2024_unreviewed;open_data_jabar_postal_2023;kodepos_dev_rest_api,diskominfo:621;open_data_jabar:18036;kodepos_dev:621,2026-08-11,source_disagreement,,No safe suggestion; compare all source values.,all_three_different,DIST-E9D8298D91DC,TRIP-387289D1FAF8,11,,,,,pending,,,,,,,,,not_started
32.02.21.2016,32,JAWA BARAT,32.02,KAB. SUKABUMI,32.02.21,JAMPANGKULON,CIKARANGGEUSAN,,,,,43378,43178,43170,43170;43178;43378,review_required,unresolved,yes,No automatic selection: Kodepos.dev does not corroborate exactly one local source.,no,,diskominfo:32.02.21.2016;open_data_jabar:32.02.21.2016;kodepos_dev:32.02.21.2016,diskominfo_jabar_village_2024_unreviewed;open_data_jabar_postal_2023;kodepos_dev_rest_api,diskominfo:622;open_data_jabar:18038;kodepos_dev:622,2026-08-11,source_disagreement,,No safe suggestion; compare all source values.,all_three_different,DIST-E9D8298D91DC,TRIP-387289D1FAF8,11,,,,,pending,,,,,,,,,not_started
32.16.05.2006,32,JAWA BARAT,32.16,KAB. BEKASI,32.16.05,TAMBUN UTARA,SRIJAYA,,,,,17568,17510,17511,17510;17511;17568,review_required,unresolved,yes,No automatic selection: Kodepos.dev does not corroborate exactly one local source.,no,,diskominfo:32.16.05.2006;open_data_jabar:32.16.05.2006;kodepos_dev:32.16.05.2006,diskominfo_jabar_village_2024_unreviewed;open_data_jabar_postal_2023;kodepos_dev_rest_api,diskominfo:5048;open_data_jabar:22955;kodepos_dev:5048,2026-08-11,source_disagreement,,No safe suggestion; compare all source values.,all_three_different,DIST-EDAAED5E4C06,TRIP-2C4E3F24B6DA,1,,,,,pending,,,,,,,,,not_started
32.16.05.2005,32,JAWA BARAT,32.16,KAB. BEKASI,32.16.05,TAMBUN UTARA,SRIMUKTI,,,,,17565,17510,17511,17510;17511;17565,review_required,unresolved,yes,No automatic selection: Kodepos.dev does not corroborate exactly one local source.,no,,diskominfo:32.16.05.2005;open_data_jabar:32.16.05.2005;kodepos_dev:32.16.05.2005,diskominfo_jabar_village_2024_unreviewed;open_data_jabar_postal_2023;kodepos_dev_rest_api,diskominfo:5047;open_data_jabar:22954;kodepos_dev:5047,2026-08-11,source_disagreement,,No safe suggestion; compare all source values.,all_three_different,DIST-EDAAED5E4C06,TRIP-2C91B529FC45,1,,,,,pending,,,,,,,,,not_started
32.16.05.2003,32,JAWA BARAT,32.16,KAB. BEKASI,32.16.05,TAMBUN UTARA,SATRIAMEKAR,,,,,17562,17510,17511,17510;17511;17562,review_required,unresolved,yes,No automatic selection: Kodepos.dev does not corroborate exactly one local source.,no,,diskominfo:32.16.05.2003;open_data_jabar:32.16.05.2003;kodepos_dev:32.16.05.2003,diskominfo_jabar_village_2024_unreviewed;open_data_jabar_postal_2023;kodepos_dev_rest_api,diskominfo:5045;open_data_jabar:22952;kodepos_dev:5045,2026-08-11,source_disagreement,,No safe suggestion; compare all source values.,all_three_different,DIST-EDAAED5E4C06,TRIP-51D897AFBA32,1,,,,,pending,,,,,,,,,not_started
32.16.05.2001,32,JAWA BARAT,32.16,KAB. BEKASI,32.16.05,TAMBUN UTARA,SATRIAJAYA,,,,,17563,17510,17511,17510;17511;17563,review_required,unresolved,yes,No automatic selection: Kodepos.dev does not corroborate exactly one local source.,no,,diskominfo:32.16.05.2001;open_data_jabar:32.16.05.2001;kodepos_dev:32.16.05.2001,diskominfo_jabar_village_2024_unreviewed;open_data_jabar_postal_2023;kodepos_dev_rest_api,diskominfo:5043;open_data_jabar:22950;kodepos_dev:5043,2026-08-11,source_disagreement,,No safe suggestion; compare all source values.,all_three_different,DIST-EDAAED5E4C06,TRIP-6BF248271AB6,1,,,,,pending,,,,,,,,,not_started
32.16.05.2008,32,JAWA BARAT,32.16,KAB. BEKASI,32.16.05,TAMBUN UTARA,KARANGSATRIA,,,,,17564,17510,17511,17510;17511;17564,review_required,unresolved,yes,No automatic selection: Kodepos.dev does not corroborate exactly one local source.,no,,diskominfo:32.16.05.2008;open_data_jabar:32.16.05.2008;kodepos_dev:32.16.05.2008,diskominfo_jabar_village_2024_unreviewed;open_data_jabar_postal_2023;kodepos_dev_rest_api,diskominfo:5050;open_data_jabar:22957;kodepos_dev:5050,2026-08-11,source_disagreement,,No safe suggestion; compare all source values.,all_three_different,DIST-EDAAED5E4C06,TRIP-949D98FD3902,1,,,,,pending,,,,,,,,,not_started
32.16.05.2004,32,JAWA BARAT,32.16,KAB. BEKASI,32.16.05,TAMBUN UTARA,SRIAMUR,,,,,17561,17510,17511,17510;17511;17561,review_required,unresolved,yes,No automatic selection: Kodepos.dev does not corroborate exactly one local source.,no,,diskominfo:32.16.05.2004;open_data_jabar:32.16.05.2004;kodepos_dev:32.16.05.2004,diskominfo_jabar_village_2024_unreviewed;open_data_jabar_postal_2023;kodepos_dev_rest_api,diskominfo:5046;open_data_jabar:22953;kodepos_dev:5046,2026-08-11,source_disagreement,,No safe suggestion; compare all source values.,all_three_different,DIST-EDAAED5E4C06,TRIP-C522724A3904,1,,,,,pending,,,,,,,,,not_started
32.16.05.2007,32,JAWA BARAT,32.16,KAB. BEKASI,32.16.05,TAMBUN UTARA,SRIMAHI,,,,,17567,17510,17511,17510;17511;17567,review_required,unresolved,yes,No automatic selection: Kodepos.dev does not corroborate exactly one local source.,no,,diskominfo:32.16.05.2007;open_data_jabar:32.16.05.2007;kodepos_dev:32.16.05.2007,diskominfo_jabar_village_2024_unreviewed;open_data_jabar_postal_2023;kodepos_dev_rest_api,diskominfo:5049;open_data_jabar:22956;kodepos_dev:5049,2026-08-11,source_disagreement,,No safe suggestion; compare all source values.,all_three_different,DIST-EDAAED5E4C06,TRIP-F49D63373E79,1,,,,,pending,,,,,,,,,not_started
32.02.47.2003,32,JAWA BARAT,32.02,KAB. SUKABUMI,32.02.47,CIAMBAR,WANGUNJAYA,,,,,43391,43352,43356,43352;43356;43391,review_required,unresolved,yes,No automatic selection: Kodepos.dev does not corroborate exactly one local source.,no,,diskominfo:32.02.47.2003;open_data_jabar:32.02.47.2003;kodepos_dev:32.02.47.2003,diskominfo_jabar_village_2024_unreviewed;open_data_jabar_postal_2023;kodepos_dev_rest_api,diskominfo:819;open_data_jabar:18256;kodepos_dev:819,2026-08-11,source_disagreement,,No safe suggestion; compare all source values.,all_three_different,DIST-EF9F4D184FC1,TRIP-3845608B395C,1,,,,,pending,,,,,,,,,not_started
32.03.28.2001,32,JAWA BARAT,32.03,KAB. CIANJUR,32.03.28,CIPANAS,CIPANAS,,,,,43255,42372,43253,42372;43253;43255,review_required,unresolved,yes,No automatic selection: Kodepos.dev does not corroborate exactly one local source.,no,,diskominfo:32.03.28.2001;open_data_jabar:32.03.28.2001;kodepos_dev:32.03.28.2001,diskominfo_jabar_village_2024_unreviewed;open_data_jabar_postal_2023;kodepos_dev_rest_api,diskominfo:1137;open_data_jabar:18609;kodepos_dev:1137,2026-08-11,source_disagreement,,No safe suggestion; compare all source values.,all_three_different,DIST-F2254CC30AB5,TRIP-3DFD83D20484,1,,,,,pending,,,,,,,,,not_started
32.73.23.1004,32,JAWA BARAT,32.73,KOTA BANDUNG,32.73.23,RANCASARI,MEKARMULYA,,,,,40298,,40292,40292;40298,review_required,unresolved,yes,No automatic selection: Kodepos.dev does not corroborate exactly one local source.,no,,diskominfo:32.73.23.1004;open_data_jabar:32.73.23.1004;kodepos_dev:32.73.23.1004,diskominfo_jabar_village_2024_unreviewed;open_data_jabar_postal_2023;kodepos_dev_rest_api,diskominfo:5679;open_data_jabar:23656;kodepos_dev:5679,2026-08-11,source_disagreement,,No safe suggestion; compare all source values.,open_data_jabar_missing_api_diskominfo_different,DIST-F3C58EA188CD,TRIP-84C08C5F25FB,1,,,,,pending,,,,,,,,,not_started
32.13.24.2004,32,JAWA BARAT,32.13,KAB. SUBANG,32.13.24,SUKASARI,MANDALAWANGI,,,,,41268,41256,41250,41250;41256;41268,review_required,unresolved,yes,No automatic selection: Kodepos.dev does not corroborate exactly one local source.,no,,diskominfo:32.13.24.2004;open_data_jabar:32.13.24.2004;kodepos_dev:32.13.24.2004,diskominfo_jabar_village_2024_unreviewed;open_data_jabar_postal_2023;kodepos_dev_rest_api,diskominfo:4456;open_data_jabar:22298;kodepos_dev:4456,2026-08-11,source_disagreement,,No safe suggestion; compare all source values.,all_three_different,DIST-F68BEDF212F6,TRIP-4C19084936F5,1,,,,,pending,,,,,,,,,not_started
32.13.24.2007,32,JAWA BARAT,32.13,KAB. SUBANG,32.13.24,SUKASARI,SUKASARI,,,,,41268,45366,41250,41250;41268;45366,review_required,unresolved,yes,No automatic selection: Kodepos.dev does not corroborate exactly one local source.,no,,diskominfo:32.13.24.2007;open_data_jabar:32.13.24.2007;kodepos_dev:32.13.24.2007,diskominfo_jabar_village_2024_unreviewed;open_data_jabar_postal_2023;kodepos_dev_rest_api,diskominfo:4459;open_data_jabar:22301;kodepos_dev:4459,2026-08-11,source_disagreement,,No safe suggestion; compare all source values.,all_three_different,DIST-F68BEDF212F6,TRIP-74E84D7B446E,1,,,,,pending,,,,,,,,,not_started
32.13.24.2001,32,JAWA BARAT,32.13,KAB. SUBANG,32.13.24,SUKASARI,ANGGASARI,,,,,41268,41254,41250,41250;41254;41268,review_required,unresolved,yes,No automatic selection: Kodepos.dev does not corroborate exactly one local source.,no,,diskominfo:32.13.24.2001;open_data_jabar:32.13.24.2001;kodepos_dev:32.13.24.2001,diskominfo_jabar_village_2024_unreviewed;open_data_jabar_postal_2023;kodepos_dev_rest_api,diskominfo:4453;open_data_jabar:22295;kodepos_dev:4453,2026-08-11,source_disagreement,,No safe suggestion; compare all source values.,all_three_different,DIST-F68BEDF212F6,TRIP-D5674432D8B5,5,,,,,pending,,,,,,,,,not_started
32.13.24.2002,32,JAWA BARAT,32.13,KAB. SUBANG,32.13.24,SUKASARI,BATANGSARI,,,,,41268,41254,41250,41250;41254;41268,review_required,unresolved,yes,No automatic selection: Kodepos.dev does not corroborate exactly one local source.,no,,diskominfo:32.13.24.2002;open_data_jabar:32.13.24.2002;kodepos_dev:32.13.24.2002,diskominfo_jabar_village_2024_unreviewed;open_data_jabar_postal_2023;kodepos_dev_rest_api,diskominfo:4454;open_data_jabar:22296;kodepos_dev:4454,2026-08-11,source_disagreement,,No safe suggestion; compare all source values.,all_three_different,DIST-F68BEDF212F6,TRIP-D5674432D8B5,5,,,,,pending,,,,,,,,,not_started
32.13.24.2003,32,JAWA BARAT,32.13,KAB. SUBANG,32.13.24,SUKASARI,SUKAMAJU,,,,,41268,41254,41250,41250;41254;41268,review_required,unresolved,yes,No automatic selection: Kodepos.dev does not corroborate exactly one local source.,no,,diskominfo:32.13.24.2003;open_data_jabar:32.13.24.2003;kodepos_dev:32.13.24.2003,diskominfo_jabar_village_2024_unreviewed;open_data_jabar_postal_2023;kodepos_dev_rest_api,diskominfo:4455;open_data_jabar:22297;kodepos_dev:4455,2026-08-11,source_disagreement,,No safe suggestion; compare all source values.,all_three_different,DIST-F68BEDF212F6,TRIP-D5674432D8B5,5,,,,,pending,,,,,,,,,not_started
32.13.24.2005,32,JAWA BARAT,32.13,KAB. SUBANG,32.13.24,SUKASARI,CURUGREJA,,,,,41268,41254,41250,41250;41254;41268,review_required,unresolved,yes,No automatic selection: Kodepos.dev does not corroborate exactly one local source.,no,,diskominfo:32.13.24.2005;open_data_jabar:32.13.24.2005;kodepos_dev:32.13.24.2005,diskominfo_jabar_village_2024_unreviewed;open_data_jabar_postal_2023;kodepos_dev_rest_api,diskominfo:4457;open_data_jabar:22299;kodepos_dev:4457,2026-08-11,source_disagreement,,No safe suggestion; compare all source values.,all_three_different,DIST-F68BEDF212F6,TRIP-D5674432D8B5,5,,,,,pending,,,,,,,,,not_started
32.13.24.2006,32,JAWA BARAT,32.13,KAB. SUBANG,32.13.24,SUKASARI,SUKAREJA,,,,,41268,41254,41250,41250;41254;41268,review_required,unresolved,yes,No automatic selection: Kodepos.dev does not corroborate exactly one local source.,no,,diskominfo:32.13.24.2006;open_data_jabar:32.13.24.2006;kodepos_dev:32.13.24.2006,diskominfo_jabar_village_2024_unreviewed;open_data_jabar_postal_2023;kodepos_dev_rest_api,diskominfo:4458;open_data_jabar:22300;kodepos_dev:4458,2026-08-11,source_disagreement,,No safe suggestion; compare all source values.,all_three_different,DIST-F68BEDF212F6,TRIP-D5674432D8B5,5,,,,,pending,,,,,,,,,not_started
32.10.24.2001,32,JAWA BARAT,32.10,KAB. MAJALENGKA,32.10.24,KASOKANDEL,JATISAWIT,,,,,45477,45453,45451,45451;45453;45477,review_required,unresolved,yes,No automatic selection: Kodepos.dev does not corroborate exactly one local source.,no,,diskominfo:32.10.24.2001;open_data_jabar:32.10.24.2001;kodepos_dev:32.10.24.2001,diskominfo_jabar_village_2024_unreviewed;open_data_jabar_postal_2023;kodepos_dev_rest_api,diskominfo:3636;open_data_jabar:21386;kodepos_dev:3636,2026-08-11,source_disagreement,,No safe suggestion; compare all source values.,all_three_different,DIST-F78F139CEDDC,TRIP-E1B2DDFEDD1B,10,,,,,pending,,,,,,,,,not_started
32.10.24.2002,32,JAWA BARAT,32.10,KAB. MAJALENGKA,32.10.24,KASOKANDEL,LEUWIKIDANG,,,,,45477,45453,45451,45451;45453;45477,review_required,unresolved,yes,No automatic selection: Kodepos.dev does not corroborate exactly one local source.,no,,diskominfo:32.10.24.2002;open_data_jabar:32.10.24.2002;kodepos_dev:32.10.24.2002,diskominfo_jabar_village_2024_unreviewed;open_data_jabar_postal_2023;kodepos_dev_rest_api,diskominfo:3637;open_data_jabar:21387;kodepos_dev:3637,2026-08-11,source_disagreement,,No safe suggestion; compare all source values.,all_three_different,DIST-F78F139CEDDC,TRIP-E1B2DDFEDD1B,10,,,,,pending,,,,,,,,,not_started
32.10.24.2003,32,JAWA BARAT,32.10,KAB. MAJALENGKA,32.10.24,KASOKANDEL,RANJI KULON,,,,,45477,45453,45451,45451;45453;45477,review_required,unresolved,yes,No automatic selection: Kodepos.dev does not corroborate exactly one local source.,no,,diskominfo:32.10.24.2003;open_data_jabar:32.10.24.2003;kodepos_dev:32.10.24.2003,diskominfo_jabar_village_2024_unreviewed;open_data_jabar_postal_2023;kodepos_dev_rest_api,diskominfo:3638;open_data_jabar:21388;kodepos_dev:3638,2026-08-11,source_disagreement,,No safe suggestion; compare all source values.,all_three_different,DIST-F78F139CEDDC,TRIP-E1B2DDFEDD1B,10,,,,,pending,,,,,,,,,not_started
32.10.24.2004,32,JAWA BARAT,32.10,KAB. MAJALENGKA,32.10.24,KASOKANDEL,RANJI WETAN,,,,,45477,45453,45451,45451;45453;45477,review_required,unresolved,yes,No automatic selection: Kodepos.dev does not corroborate exactly one local source.,no,,diskominfo:32.10.24.2004;open_data_jabar:32.10.24.2004;kodepos_dev:32.10.24.2004,diskominfo_jabar_village_2024_unreviewed;open_data_jabar_postal_2023;kodepos_dev_rest_api,diskominfo:3639;open_data_jabar:21389;kodepos_dev:3639,2026-08-11,source_disagreement,,No safe suggestion; compare all source values.,all_three_different,DIST-F78F139CEDDC,TRIP-E1B2DDFEDD1B,10,,,,,pending,,,,,,,,,not_started
32.10.24.2005,32,JAWA BARAT,32.10,KAB. MAJALENGKA,32.10.24,KASOKANDEL,GUNUNGSARI,,,,,45477,45453,45451,45451;45453;45477,review_required,unresolved,yes,No automatic selection: Kodepos.dev does not corroborate exactly one local source.,no,,diskominfo:32.10.24.2005;open_data_jabar:32.10.24.2005;kodepos_dev:32.10.24.2005,diskominfo_jabar_village_2024_unreviewed;open_data_jabar_postal_2023;kodepos_dev_rest_api,diskominfo:3640;open_data_jabar:21390;kodepos_dev:3640,2026-08-11,source_disagreement,,No safe suggestion; compare all source values.,all_three_different,DIST-F78F139CEDDC,TRIP-E1B2DDFEDD1B,10,,,,,pending,,,,,,,,,not_started
32.10.24.2006,32,JAWA BARAT,32.10,KAB. MAJALENGKA,32.10.24,KASOKANDEL,KASOKANDEL,,,,,45477,45453,45451,45451;45453;45477,review_required,unresolved,yes,No automatic selection: Kodepos.dev does not corroborate exactly one local source.,no,,diskominfo:32.10.24.2006;open_data_jabar:32.10.24.2006;kodepos_dev:32.10.24.2006,diskominfo_jabar_village_2024_unreviewed;open_data_jabar_postal_2023;kodepos_dev_rest_api,diskominfo:3641;open_data_jabar:21391;kodepos_dev:3641,2026-08-11,source_disagreement,,No safe suggestion; compare all source values.,all_three_different,DIST-F78F139CEDDC,TRIP-E1B2DDFEDD1B,10,,,,,pending,,,,,,,,,not_started
32.10.24.2007,32,JAWA BARAT,32.10,KAB. MAJALENGKA,32.10.24,KASOKANDEL,GIRIMUKTI,,,,,45477,45453,45451,45451;45453;45477,review_required,unresolved,yes,No automatic selection: Kodepos.dev does not corroborate exactly one local source.,no,,diskominfo:32.10.24.2007;open_data_jabar:32.10.24.2007;kodepos_dev:32.10.24.2007,diskominfo_jabar_village_2024_unreviewed;open_data_jabar_postal_2023;kodepos_dev_rest_api,diskominfo:3642;open_data_jabar:21393;kodepos_dev:3642,2026-08-11,source_disagreement,,No safe suggestion; compare all source values.,all_three_different,DIST-F78F139CEDDC,TRIP-E1B2DDFEDD1B,10,,,,,pending,,,,,,,,,not_started
32.10.24.2008,32,JAWA BARAT,32.10,KAB. MAJALENGKA,32.10.24,KASOKANDEL,JATIMULYA,,,,,45477,45453,45451,45451;45453;45477,review_required,unresolved,yes,No automatic selection: Kodepos.dev does not corroborate exactly one local source.,no,,diskominfo:32.10.24.2008;open_data_jabar:32.10.24.2008;kodepos_dev:32.10.24.2008,diskominfo_jabar_village_2024_unreviewed;open_data_jabar_postal_2023;kodepos_dev_rest_api,diskominfo:3643;open_data_jabar:21394;kodepos_dev:3643,2026-08-11,source_disagreement,,No safe suggestion; compare all source values.,all_three_different,DIST-F78F139CEDDC,TRIP-E1B2DDFEDD1B,10,,,,,pending,,,,,,,,,not_started
32.10.24.2009,32,JAWA BARAT,32.10,KAB. MAJALENGKA,32.10.24,KASOKANDEL,WANAJAYA,,,,,45477,45453,45451,45451;45453;45477,review_required,unresolved,yes,No automatic selection: Kodepos.dev does not corroborate exactly one local source.,no,,diskominfo:32.10.24.2009;open_data_jabar:32.10.24.2009;kodepos_dev:32.10.24.2009,diskominfo_jabar_village_2024_unreviewed;open_data_jabar_postal_2023;kodepos_dev_rest_api,diskominfo:3644;open_data_jabar:21395;kodepos_dev:3644,2026-08-11,source_disagreement,,No safe suggestion; compare all source values.,all_three_different,DIST-F78F139CEDDC,TRIP-E1B2DDFEDD1B,10,,,,,pending,,,,,,,,,not_started
32.10.24.2010,32,JAWA BARAT,32.10,KAB. MAJALENGKA,32.10.24,KASOKANDEL,GANDASARI,,,,,45477,45453,45451,45451;45453;45477,review_required,unresolved,yes,No automatic selection: Kodepos.dev does not corroborate exactly one local source.,no,,diskominfo:32.10.24.2010;open_data_jabar:32.10.24.2010;kodepos_dev:32.10.24.2010,diskominfo_jabar_village_2024_unreviewed;open_data_jabar_postal_2023;kodepos_dev_rest_api,diskominfo:3645;open_data_jabar:21396;kodepos_dev:3645,2026-08-11,source_disagreement,,No safe suggestion; compare all source values.,all_three_different,DIST-F78F139CEDDC,TRIP-E1B2DDFEDD1B,10,,,,,pending,,,,,,,,,not_started
32.07.35.2001,32,JAWA BARAT,32.07,KAB. CIAMIS,32.07.35,PURWADADI,BANTARDAWA,,,,,46286,46385,46380,46286;46380;46385,review_required,unresolved,yes,No automatic selection: Kodepos.dev does not corroborate exactly one local source.,no,,diskominfo:32.07.35.2001;open_data_jabar:32.07.35.2001;kodepos_dev:32.07.35.2001,diskominfo_jabar_village_2024_unreviewed;open_data_jabar_postal_2023;kodepos_dev_rest_api,diskominfo:2502;open_data_jabar:20127;kodepos_dev:2502,2026-08-11,source_disagreement,,No safe suggestion; compare all source values.,all_three_different,DIST-F96FCC1F4A8A,TRIP-E14354C96C26,9,,,,,pending,,,,,,,,,not_started
32.07.35.2002,32,JAWA BARAT,32.07,KAB. CIAMIS,32.07.35,PURWADADI,PURWADADI,,,,,46286,46385,46380,46286;46380;46385,review_required,unresolved,yes,No automatic selection: Kodepos.dev does not corroborate exactly one local source.,no,,diskominfo:32.07.35.2002;open_data_jabar:32.07.35.2002;kodepos_dev:32.07.35.2002,diskominfo_jabar_village_2024_unreviewed;open_data_jabar_postal_2023;kodepos_dev_rest_api,diskominfo:2503;open_data_jabar:20128;kodepos_dev:2503,2026-08-11,source_disagreement,,No safe suggestion; compare all source values.,all_three_different,DIST-F96FCC1F4A8A,TRIP-E14354C96C26,9,,,,,pending,,,,,,,,,not_started
32.07.35.2003,32,JAWA BARAT,32.07,KAB. CIAMIS,32.07.35,PURWADADI,PURWAJAYA,,,,,46286,46385,46380,46286;46380;46385,review_required,unresolved,yes,No automatic selection: Kodepos.dev does not corroborate exactly one local source.,no,,diskominfo:32.07.35.2003;open_data_jabar:32.07.35.2003;kodepos_dev:32.07.35.2003,diskominfo_jabar_village_2024_unreviewed;open_data_jabar_postal_2023;kodepos_dev_rest_api,diskominfo:2504;open_data_jabar:20129;kodepos_dev:2504,2026-08-11,source_disagreement,,No safe suggestion; compare all source values.,all_three_different,DIST-F96FCC1F4A8A,TRIP-E14354C96C26,9,,,,,pending,,,,,,,,,not_started
32.07.35.2004,32,JAWA BARAT,32.07,KAB. CIAMIS,32.07.35,PURWADADI,KARANGPANINGAL,,,,,46286,46385,46380,46286;46380;46385,review_required,unresolved,yes,No automatic selection: Kodepos.dev does not corroborate exactly one local source.,no,,diskominfo:32.07.35.2004;open_data_jabar:32.07.35.2004;kodepos_dev:32.07.35.2004,diskominfo_jabar_village_2024_unreviewed;open_data_jabar_postal_2023;kodepos_dev_rest_api,diskominfo:2505;open_data_jabar:20130;kodepos_dev:2505,2026-08-11,source_disagreement,,No safe suggestion; compare all source values.,all_three_different,DIST-F96FCC1F4A8A,TRIP-E14354C96C26,9,,,,,pending,,,,,,,,,not_started
32.07.35.2005,32,JAWA BARAT,32.07,KAB. CIAMIS,32.07.35,PURWADADI,SIDARAHAYU,,,,,46286,46385,46380,46286;46380;46385,review_required,unresolved,yes,No automatic selection: Kodepos.dev does not corroborate exactly one local source.,no,,diskominfo:32.07.35.2005;open_data_jabar:32.07.35.2005;kodepos_dev:32.07.35.2005,diskominfo_jabar_village_2024_unreviewed;open_data_jabar_postal_2023;kodepos_dev_rest_api,diskominfo:2506;open_data_jabar:20131;kodepos_dev:2506,2026-08-11,source_disagreement,,No safe suggestion; compare all source values.,all_three_different,DIST-F96FCC1F4A8A,TRIP-E14354C96C26,9,,,,,pending,,,,,,,,,not_started
32.07.35.2006,32,JAWA BARAT,32.07,KAB. CIAMIS,32.07.35,PURWADADI,PADARINGAN,,,,,46286,46385,46380,46286;46380;46385,review_required,unresolved,yes,No automatic selection: Kodepos.dev does not corroborate exactly one local source.,no,,diskominfo:32.07.35.2006;open_data_jabar:32.07.35.2006;kodepos_dev:32.07.35.2006,diskominfo_jabar_village_2024_unreviewed;open_data_jabar_postal_2023;kodepos_dev_rest_api,diskominfo:2507;open_data_jabar:20132;kodepos_dev:2507,2026-08-11,source_disagreement,,No safe suggestion; compare all source values.,all_three_different,DIST-F96FCC1F4A8A,TRIP-E14354C96C26,9,,,,,pending,,,,,,,,,not_started
32.07.35.2007,32,JAWA BARAT,32.07,KAB. CIAMIS,32.07.35,PURWADADI,PASIRLAWANG,,,,,46286,46385,46380,46286;46380;46385,review_required,unresolved,yes,No automatic selection: Kodepos.dev does not corroborate exactly one local source.,no,,diskominfo:32.07.35.2007;open_data_jabar:32.07.35.2007;kodepos_dev:32.07.35.2007,diskominfo_jabar_village_2024_unreviewed;open_data_jabar_postal_2023;kodepos_dev_rest_api,diskominfo:2508;open_data_jabar:20133;kodepos_dev:2508,2026-08-11,source_disagreement,,No safe suggestion; compare all source values.,all_three_different,DIST-F96FCC1F4A8A,TRIP-E14354C96C26,9,,,,,pending,,,,,,,,,not_started
32.07.35.2008,32,JAWA BARAT,32.07,KAB. CIAMIS,32.07.35,PURWADADI,KUTAWARINGIN,,,,,46286,46385,46380,46286;46380;46385,review_required,unresolved,yes,No automatic selection: Kodepos.dev does not corroborate exactly one local source.,no,,diskominfo:32.07.35.2008;open_data_jabar:32.07.35.2008;kodepos_dev:32.07.35.2008,diskominfo_jabar_village_2024_unreviewed;open_data_jabar_postal_2023;kodepos_dev_rest_api,diskominfo:2509;open_data_jabar:20134;kodepos_dev:2509,2026-08-11,source_disagreement,,No safe suggestion; compare all source values.,all_three_different,DIST-F96FCC1F4A8A,TRIP-E14354C96C26,9,,,,,pending,,,,,,,,,not_started
32.07.35.2009,32,JAWA BARAT,32.07,KAB. CIAMIS,32.07.35,PURWADADI,SUKAMULYA,,,,,46286,46385,46380,46286;46380;46385,review_required,unresolved,yes,No automatic selection: Kodepos.dev does not corroborate exactly one local source.,no,,diskominfo:32.07.35.2009;open_data_jabar:32.07.35.2009;kodepos_dev:32.07.35.2009,diskominfo_jabar_village_2024_unreviewed;open_data_jabar_postal_2023;kodepos_dev_rest_api,diskominfo:2510;open_data_jabar:20135;kodepos_dev:2510,2026-08-11,source_disagreement,,No safe suggestion; compare all source values.,all_three_different,DIST-F96FCC1F4A8A,TRIP-E14354C96C26,9,,,,,pending,,,,,,,,,not_started
32.14.02.2001,32,JAWA BARAT,32.14,KAB. PURWAKARTA,32.14.02,CAMPAKA,CAMPAKA,,,,,41181,43263,41180,41180;41181;43263,review_required,unresolved,yes,No automatic selection: Kodepos.dev does not corroborate exactly one local source.,no,,diskominfo:32.14.02.2001;open_data_jabar:32.14.02.2001;kodepos_dev:32.14.02.2001,diskominfo_jabar_village_2024_unreviewed;open_data_jabar_postal_2023;kodepos_dev_rest_api,diskominfo:4521;open_data_jabar:22370;kodepos_dev:4521,2026-08-11,source_disagreement,,No safe suggestion; compare all source values.,all_three_different,DIST-FD8A702CF9FF,TRIP-1842A309DEEB,1,,,,,pending,,,,,,,,,not_started
