source_id,snapshot,province_code,province_name,city_code,city_name,district_code,district_name,village_code,village_name,postal_code_diskominfo,postal_code_candidate,official_postal_code,observation_status,matches_diskominfo,matches_candidate,search_term,search_result_count,exact_result_count,evidence_url,note
pos_indonesia_postcode_search,2026-08-11,32,JAWA BARAT,32.01,KAB. BOGOR,32.01.01,CIBINONG,32.01.01.1001,PONDOK RAJEG,16913,16914,16913,exact_match,true,false,PONDOK RAJEG,1,1,https://kodepos.posindonesia.co.id/CariKodepos,Rate-limited internal observation; exact hierarchy match; requires adjudication before promotion.
pos_indonesia_postcode_search,2026-08-11,32,JAWA BARAT,32.01,KAB. BOGOR,32.01.01,CIBINONG,32.01.01.1010,CIRIUNG,16919,16918,16919,exact_match,true,false,CIRIUNG,1,1,https://kodepos.posindonesia.co.id/CariKodepos,Rate-limited internal observation; exact hierarchy match; requires adjudication before promotion.
pos_indonesia_postcode_search,2026-08-11,32,JAWA BARAT,32.01,KAB. BOGOR,32.01.01,CIBINONG,32.01.01.1013,PABUARAN MEKAR,16916,16916,16916,exact_match,true,true,PABUARAN MEKAR,1,1,https://kodepos.posindonesia.co.id/CariKodepos,Rate-limited internal observation; exact hierarchy match; requires adjudication before promotion.
pos_indonesia_postcode_search,2026-08-11,32,JAWA BARAT,32.01,KAB. BOGOR,32.01.02,GUNUNG PUTRI,32.01.02.2010,KARANGGAN,16961,16960,16961,exact_match,true,false,KARANGGAN,2,1,https://kodepos.posindonesia.co.id/CariKodepos,Rate-limited internal observation; exact hierarchy match; requires adjudication before promotion.
pos_indonesia_postcode_search,2026-08-11,32,JAWA BARAT,32.01,KAB. BOGOR,32.01.03,CITEUREUP,32.01.03.1006,PUSPANEGARA,16811,16811,16811,exact_match,true,true,PUSPANEGARA,1,1,https://kodepos.posindonesia.co.id/CariKodepos,Rate-limited internal observation; exact hierarchy match; requires adjudication before promotion.
pos_indonesia_postcode_search,2026-08-11,32,JAWA BARAT,32.01,KAB. BOGOR,32.01.03,CITEUREUP,32.01.03.2001,PUSPASARI,16811,16811,16811,exact_match,true,true,PUSPASARI,3,1,https://kodepos.posindonesia.co.id/CariKodepos,Rate-limited internal observation; exact hierarchy match; requires adjudication before promotion.
pos_indonesia_postcode_search,2026-08-11,32,JAWA BARAT,32.01,KAB. BOGOR,32.01.03,CITEUREUP,32.01.03.2002,CITEUREUP,16811,16811,16811,exact_match,true,true,CITEUREUP,18,1,https://kodepos.posindonesia.co.id/CariKodepos,Rate-limited internal observation; exact hierarchy match; requires adjudication before promotion.
pos_indonesia_postcode_search,2026-08-11,32,JAWA BARAT,32.01,KAB. BOGOR,32.01.05,BABAKAN MADANG,32.01.05.2001,CIJAYANTI,16864,16810,16864,exact_match,true,false,CIJAYANTI,1,1,https://kodepos.posindonesia.co.id/CariKodepos,Rate-limited internal observation; exact hierarchy match; requires adjudication before promotion.
pos_indonesia_postcode_search,2026-08-11,32,JAWA BARAT,32.01,KAB. BOGOR,32.01.05,BABAKAN MADANG,32.01.05.2002,SUMURBATU,16866,16810,16866,exact_match,true,false,SUMURBATU,3,1,https://kodepos.posindonesia.co.id/CariKodepos,Rate-limited internal observation; exact hierarchy match; requires adjudication before promotion.
pos_indonesia_postcode_search,2026-08-11,32,JAWA BARAT,32.01,KAB. BOGOR,32.01.05,BABAKAN MADANG,32.01.05.2003,SENTUL,16863,16810,16863,exact_match,true,false,SENTUL,18,1,https://kodepos.posindonesia.co.id/CariKodepos,Rate-limited internal observation; exact hierarchy match; requires adjudication before promotion.
pos_indonesia_postcode_search,2026-08-11,32,JAWA BARAT,32.01,KAB. BOGOR,32.01.05,BABAKAN MADANG,32.01.05.2004,KARANGTENGAH,16867,16810,16867,exact_match,true,false,KARANGTENGAH,70,1,https://kodepos.posindonesia.co.id/CariKodepos,Rate-limited internal observation; exact hierarchy match; requires adjudication before promotion.
pos_indonesia_postcode_search,2026-08-11,32,JAWA BARAT,32.01,KAB. BOGOR,32.01.05,BABAKAN MADANG,32.01.05.2005,CIPAMBUAN,16869,16810,16869,exact_match,true,false,CIPAMBUAN,1,1,https://kodepos.posindonesia.co.id/CariKodepos,Rate-limited internal observation; exact hierarchy match; requires adjudication before promotion.
pos_indonesia_postcode_search,2026-08-11,32,JAWA BARAT,32.01,KAB. BOGOR,32.01.05,BABAKAN MADANG,32.01.05.2006,KADUMANGGU,16868,16810,16868,exact_match,true,false,KADUMANGGU,1,1,https://kodepos.posindonesia.co.id/CariKodepos,Rate-limited internal observation; exact hierarchy match; requires adjudication before promotion.
pos_indonesia_postcode_search,2026-08-11,32,JAWA BARAT,32.01,KAB. BOGOR,32.01.05,BABAKAN MADANG,32.01.05.2007,CITARINGGUL,16862,16810,16862,exact_match,true,false,CITARINGGUL,1,1,https://kodepos.posindonesia.co.id/CariKodepos,Rate-limited internal observation; exact hierarchy match; requires adjudication before promotion.
pos_indonesia_postcode_search,2026-08-11,32,JAWA BARAT,32.01,KAB. BOGOR,32.01.05,BABAKAN MADANG,32.01.05.2008,BABAKAN MADANG,16861,16810,16861,exact_match,true,false,BABAKAN MADANG,9,1,https://kodepos.posindonesia.co.id/CariKodepos,Rate-limited internal observation; exact hierarchy match; requires adjudication before promotion.
pos_indonesia_postcode_search,2026-08-11,32,JAWA BARAT,32.01,KAB. BOGOR,32.01.05,BABAKAN MADANG,32.01.05.2009,BOJONG KONENG,16865,16810,16865,exact_match,true,false,BOJONG KONENG,1,1,https://kodepos.posindonesia.co.id/CariKodepos,Rate-limited internal observation; exact hierarchy match; requires adjudication before promotion.
pos_indonesia_postcode_search,2026-08-11,32,JAWA BARAT,32.01,KAB. BOGOR,32.01.06,JONGGOL,32.01.06.2001,SUKAMAJU,16832,16830,16832,exact_match,true,false,SUKAMAJU,91,1,https://kodepos.posindonesia.co.id/CariKodepos,Rate-limited internal observation; exact hierarchy match; requires adjudication before promotion.
pos_indonesia_postcode_search,2026-08-11,32,JAWA BARAT,32.01,KAB. BOGOR,32.01.06,JONGGOL,32.01.06.2002,SIRNAGALIH,16839,16830,16839,exact_match,true,false,SIRNAGALIH,13,1,https://kodepos.posindonesia.co.id/CariKodepos,Rate-limited internal observation; exact hierarchy match; requires adjudication before promotion.
pos_indonesia_postcode_search,2026-08-11,32,JAWA BARAT,32.01,KAB. BOGOR,32.01.06,JONGGOL,32.01.06.2003,SINGAJAYA,16834,16830,16834,exact_match,true,false,SINGAJAYA,13,1,https://kodepos.posindonesia.co.id/CariKodepos,Rate-limited internal observation; exact hierarchy match; requires adjudication before promotion.
pos_indonesia_postcode_search,2026-08-11,32,JAWA BARAT,32.01,KAB. BOGOR,32.01.06,JONGGOL,32.01.06.2004,SUKASIRNA,16837,16830,16837,exact_match,true,false,SUKASIRNA,6,1,https://kodepos.posindonesia.co.id/CariKodepos,Rate-limited internal observation; exact hierarchy match; requires adjudication before promotion.
pos_indonesia_postcode_search,2026-08-11,32,JAWA BARAT,32.01,KAB. BOGOR,32.01.06,JONGGOL,32.01.06.2005,SUKANEGARA,16836,16830,16836,exact_match,true,false,SUKANEGARA,8,1,https://kodepos.posindonesia.co.id/CariKodepos,Rate-limited internal observation; exact hierarchy match; requires adjudication before promotion.
pos_indonesia_postcode_search,2026-08-11,32,JAWA BARAT,32.01,KAB. BOGOR,32.01.06,JONGGOL,32.01.06.2006,SUKAMANAH,16832,16830,16832,exact_match,true,false,SUKAMANAH,32,1,https://kodepos.posindonesia.co.id/CariKodepos,Rate-limited internal observation; exact hierarchy match; requires adjudication before promotion.
pos_indonesia_postcode_search,2026-08-11,32,JAWA BARAT,32.01,KAB. BOGOR,32.01.06,JONGGOL,32.01.06.2007,WENINGGALIH,16839,16830,16839,exact_match,true,false,WENINGGALIH,2,1,https://kodepos.posindonesia.co.id/CariKodepos,Rate-limited internal observation; exact hierarchy match; requires adjudication before promotion.
pos_indonesia_postcode_search,2026-08-11,32,JAWA BARAT,32.01,KAB. BOGOR,32.01.06,JONGGOL,32.01.06.2008,CIBODAS,16835,16830,16835,exact_match,true,false,CIBODAS,23,1,https://kodepos.posindonesia.co.id/CariKodepos,Rate-limited internal observation; exact hierarchy match; requires adjudication before promotion.
pos_indonesia_postcode_search,2026-08-11,32,JAWA BARAT,32.01,KAB. BOGOR,32.01.06,JONGGOL,32.01.06.2009,JONGGOL,16839,16830,16831,exact_match,false,false,JONGGOL,16,1,https://kodepos.posindonesia.co.id/CariKodepos,Rate-limited internal observation; exact hierarchy match; requires adjudication before promotion.
pos_indonesia_postcode_search,2026-08-11,32,JAWA BARAT,32.01,KAB. BOGOR,32.01.06,JONGGOL,32.01.06.2010,BENDUNGAN,16838,16830,16838,exact_match,true,false,BENDUNGAN,33,1,https://kodepos.posindonesia.co.id/CariKodepos,Rate-limited internal observation; exact hierarchy match; requires adjudication before promotion.
pos_indonesia_postcode_search,2026-08-11,32,JAWA BARAT,32.01,KAB. BOGOR,32.01.06,JONGGOL,32.01.06.2011,SINGASARI,16833,16830,16833,exact_match,true,false,SINGASARI,4,1,https://kodepos.posindonesia.co.id/CariKodepos,Rate-limited internal observation; exact hierarchy match; requires adjudication before promotion.
pos_indonesia_postcode_search,2026-08-11,32,JAWA BARAT,32.01,KAB. BOGOR,32.01.06,JONGGOL,32.01.06.2012,BALEKAMBANG,16837,16830,16837,exact_match,true,false,BALEKAMBANG,5,1,https://kodepos.posindonesia.co.id/CariKodepos,Rate-limited internal observation; exact hierarchy match; requires adjudication before promotion.
pos_indonesia_postcode_search,2026-08-11,32,JAWA BARAT,32.01,KAB. BOGOR,32.01.06,JONGGOL,32.01.06.2013,SUKAJAYA,16836,16830,16836,exact_match,true,false,SUKAJAYA,59,1,https://kodepos.posindonesia.co.id/CariKodepos,Rate-limited internal observation; exact hierarchy match; requires adjudication before promotion.
pos_indonesia_postcode_search,2026-08-11,32,JAWA BARAT,32.01,KAB. BOGOR,32.01.06,JONGGOL,32.01.06.2014,SUKAGALIH,16839,16830,16839,exact_match,true,false,SUKAGALIH,8,1,https://kodepos.posindonesia.co.id/CariKodepos,Rate-limited internal observation; exact hierarchy match; requires adjudication before promotion.
pos_indonesia_postcode_search,2026-08-11,32,JAWA BARAT,32.01,KAB. BOGOR,32.01.07,CILEUNGSI,32.01.07.2001,PASIRANGIN,16828,16820,16828,exact_match,true,false,PASIRANGIN,2,1,https://kodepos.posindonesia.co.id/CariKodepos,Rate-limited internal observation; exact hierarchy match; requires adjudication before promotion.
pos_indonesia_postcode_search,2026-08-11,32,JAWA BARAT,32.01,KAB. BOGOR,32.01.07,CILEUNGSI,32.01.07.2002,MEKARSARI,16826,16820,16826,exact_match,true,false,MEKARSARI,80,1,https://kodepos.posindonesia.co.id/CariKodepos,Rate-limited internal observation; exact hierarchy match; requires adjudication before promotion.
pos_indonesia_postcode_search,2026-08-11,32,JAWA BARAT,32.01,KAB. BOGOR,32.01.07,CILEUNGSI,32.01.07.2003,MAMPIR,16823,16820,16823,exact_match,true,false,MAMPIR,26,1,https://kodepos.posindonesia.co.id/CariKodepos,Rate-limited internal observation; exact hierarchy match; requires adjudication before promotion.
pos_indonesia_postcode_search,2026-08-11,32,JAWA BARAT,32.01,KAB. BOGOR,32.01.07,CILEUNGSI,32.01.07.2004,DAYEUH,16822,16820,16822,exact_match,true,false,DAYEUH,28,1,https://kodepos.posindonesia.co.id/CariKodepos,Rate-limited internal observation; exact hierarchy match; requires adjudication before promotion.
pos_indonesia_postcode_search,2026-08-11,32,JAWA BARAT,32.01,KAB. BOGOR,32.01.07,CILEUNGSI,32.01.07.2005,GANDOANG,16824,16820,16824,exact_match,true,false,GANDOANG,2,1,https://kodepos.posindonesia.co.id/CariKodepos,Rate-limited internal observation; exact hierarchy match; requires adjudication before promotion.
pos_indonesia_postcode_search,2026-08-11,32,JAWA BARAT,32.01,KAB. BOGOR,32.01.07,CILEUNGSI,32.01.07.2006,JATISARI,16825,16820,16825,exact_match,true,false,JATISARI,48,1,https://kodepos.posindonesia.co.id/CariKodepos,Rate-limited internal observation; exact hierarchy match; requires adjudication before promotion.
pos_indonesia_postcode_search,2026-08-11,32,JAWA BARAT,32.01,KAB. BOGOR,32.01.07,CILEUNGSI,32.01.07.2007,CILEUNGSI KIDUL,16821,16820,16821,exact_match,true,false,CILEUNGSI KIDUL,1,1,https://kodepos.posindonesia.co.id/CariKodepos,Rate-limited internal observation; exact hierarchy match; requires adjudication before promotion.
pos_indonesia_postcode_search,2026-08-11,32,JAWA BARAT,32.01,KAB. BOGOR,32.01.07,CILEUNGSI,32.01.07.2008,CIPEUCANG,16825,16820,16825,exact_match,true,false,CIPEUCANG,12,1,https://kodepos.posindonesia.co.id/CariKodepos,Rate-limited internal observation; exact hierarchy match; requires adjudication before promotion.
pos_indonesia_postcode_search,2026-08-11,32,JAWA BARAT,32.01,KAB. BOGOR,32.01.07,CILEUNGSI,32.01.07.2010,CIPENJO,16827,16820,16827,exact_match,true,false,CIPENJO,1,1,https://kodepos.posindonesia.co.id/CariKodepos,Rate-limited internal observation; exact hierarchy match; requires adjudication before promotion.
pos_indonesia_postcode_search,2026-08-11,32,JAWA BARAT,32.01,KAB. BOGOR,32.01.07,CILEUNGSI,32.01.07.2012,CILEUNGSI,16821,16820,16821,exact_match,true,false,CILEUNGSI,15,1,https://kodepos.posindonesia.co.id/CariKodepos,Rate-limited internal observation; exact hierarchy match; requires adjudication before promotion.
pos_indonesia_postcode_search,2026-08-11,32,JAWA BARAT,32.01,KAB. BOGOR,32.01.08,CARIU,32.01.08.2001,KARYAMEKAR,16843,16840,16843,exact_match,true,false,KARYAMEKAR,4,1,https://kodepos.posindonesia.co.id/CariKodepos,Rate-limited internal observation; exact hierarchy match; requires adjudication before promotion.
pos_indonesia_postcode_search,2026-08-11,32,JAWA BARAT,32.01,KAB. BOGOR,32.01.08,CARIU,32.01.08.2002,BABAKANRADEN,16848,16840,16848,exact_match,true,false,BABAKANRADEN,1,1,https://kodepos.posindonesia.co.id/CariKodepos,Rate-limited internal observation; exact hierarchy match; requires adjudication before promotion.
pos_indonesia_postcode_search,2026-08-11,32,JAWA BARAT,32.01,KAB. BOGOR,32.01.08,CARIU,32.01.08.2003,CIKUTAMAHI,16845,16840,16845,exact_match,true,false,CIKUTAMAHI,1,1,https://kodepos.posindonesia.co.id/CariKodepos,Rate-limited internal observation; exact hierarchy match; requires adjudication before promotion.
pos_indonesia_postcode_search,2026-08-11,32,JAWA BARAT,32.01,KAB. BOGOR,32.01.08,CARIU,32.01.08.2005,CARIU,16841,16840,16841,exact_match,true,false,CARIU,11,1,https://kodepos.posindonesia.co.id/CariKodepos,Rate-limited internal observation; exact hierarchy match; requires adjudication before promotion.
pos_indonesia_postcode_search,2026-08-11,32,JAWA BARAT,32.01,KAB. BOGOR,32.01.08,CARIU,32.01.08.2006,MEKARWANGI,16842,16840,16842,exact_match,true,false,MEKARWANGI,26,1,https://kodepos.posindonesia.co.id/CariKodepos,Rate-limited internal observation; exact hierarchy match; requires adjudication before promotion.
pos_indonesia_postcode_search,2026-08-11,32,JAWA BARAT,32.01,KAB. BOGOR,32.01.08,CARIU,32.01.08.2007,BANTARKUNING,16844,16840,16844,exact_match,true,false,BANTARKUNING,1,1,https://kodepos.posindonesia.co.id/CariKodepos,Rate-limited internal observation; exact hierarchy match; requires adjudication before promotion.
pos_indonesia_postcode_search,2026-08-11,32,JAWA BARAT,32.01,KAB. BOGOR,32.01.08,CARIU,32.01.08.2008,SUKAJADI,16847,16840,16847,exact_match,true,false,SUKAJADI,54,1,https://kodepos.posindonesia.co.id/CariKodepos,Rate-limited internal observation; exact hierarchy match; requires adjudication before promotion.
pos_indonesia_postcode_search,2026-08-11,32,JAWA BARAT,32.01,KAB. BOGOR,32.01.08,CARIU,32.01.08.2009,TEGALPANJANG,16849,16840,16849,exact_match,true,false,TEGALPANJANG,3,1,https://kodepos.posindonesia.co.id/CariKodepos,Rate-limited internal observation; exact hierarchy match; requires adjudication before promotion.
pos_indonesia_postcode_search,2026-08-11,32,JAWA BARAT,32.01,KAB. BOGOR,32.01.08,CARIU,32.01.08.2010,CIBATUTIGA,16844,16840,16844,exact_match,true,false,CIBATUTIGA,1,1,https://kodepos.posindonesia.co.id/CariKodepos,Rate-limited internal observation; exact hierarchy match; requires adjudication before promotion.
pos_indonesia_postcode_search,2026-08-11,32,JAWA BARAT,32.01,KAB. BOGOR,32.01.10,PARUNG,32.01.10.2001,PARUNG,16331,16330,16331,exact_match,true,false,PARUNG,58,1,https://kodepos.posindonesia.co.id/CariKodepos,Rate-limited internal observation; exact hierarchy match; requires adjudication before promotion.
pos_indonesia_postcode_search,2026-08-11,32,JAWA BARAT,32.01,KAB. BOGOR,32.01.10,PARUNG,32.01.10.2002,IWUL,16337,16330,16337,exact_match,true,false,IWUL,18,1,https://kodepos.posindonesia.co.id/CariKodepos,Rate-limited internal observation; exact hierarchy match; requires adjudication before promotion.
pos_indonesia_postcode_search,2026-08-11,32,JAWA BARAT,32.01,KAB. BOGOR,32.01.10,PARUNG,32.01.10.2003,BOJONGSEMPU,16336,16330,16336,exact_match,true,false,BOJONGSEMPU,1,1,https://kodepos.posindonesia.co.id/CariKodepos,Rate-limited internal observation; exact hierarchy match; requires adjudication before promotion.
pos_indonesia_postcode_search,2026-08-11,32,JAWA BARAT,32.01,KAB. BOGOR,32.01.10,PARUNG,32.01.10.2004,WARU,16336,16330,16336,exact_match,true,false,WARU,358,1,https://kodepos.posindonesia.co.id/CariKodepos,Rate-limited internal observation; exact hierarchy match; requires adjudication before promotion.
pos_indonesia_postcode_search,2026-08-11,32,JAWA BARAT,32.01,KAB. BOGOR,32.01.10,PARUNG,32.01.10.2005,COGREG,16334,16330,16334,exact_match,true,false,COGREG,2,1,https://kodepos.posindonesia.co.id/CariKodepos,Rate-limited internal observation; exact hierarchy match; requires adjudication before promotion.
pos_indonesia_postcode_search,2026-08-11,32,JAWA BARAT,32.01,KAB. BOGOR,32.01.10,PARUNG,32.01.10.2007,WARUJAYA,16333,16330,16333,exact_match,true,false,WARUJAYA,2,1,https://kodepos.posindonesia.co.id/CariKodepos,Rate-limited internal observation; exact hierarchy match; requires adjudication before promotion.
pos_indonesia_postcode_search,2026-08-11,32,JAWA BARAT,32.01,KAB. BOGOR,32.01.10,PARUNG,32.01.10.2008,BOJONGINDAH,16336,16330,16335,exact_match,false,false,BOJONGINDAH,1,1,https://kodepos.posindonesia.co.id/CariKodepos,Rate-limited internal observation; exact hierarchy match; requires adjudication before promotion.
pos_indonesia_postcode_search,2026-08-11,32,JAWA BARAT,32.01,KAB. BOGOR,32.01.10,PARUNG,32.01.10.2009,JABONMEKAR,16338,16330,16338,exact_match,true,false,JABONMEKAR,1,1,https://kodepos.posindonesia.co.id/CariKodepos,Rate-limited internal observation; exact hierarchy match; requires adjudication before promotion.
pos_indonesia_postcode_search,2026-08-11,32,JAWA BARAT,32.01,KAB. BOGOR,32.01.11,GUNUNG SINDUR,32.01.11.2001,CIDOKOM,16343,16340,16343,exact_match,true,false,CIDOKOM,2,1,https://kodepos.posindonesia.co.id/CariKodepos,Rate-limited internal observation; exact hierarchy match; requires adjudication before promotion.
pos_indonesia_postcode_search,2026-08-11,32,JAWA BARAT,32.01,KAB. BOGOR,32.01.11,GUNUNG SINDUR,32.01.11.2002,PADURENAN,16348,16340,16345,exact_match,false,false,PADURENAN,4,1,https://kodepos.posindonesia.co.id/CariKodepos,Rate-limited internal observation; exact hierarchy match; requires adjudication before promotion.
pos_indonesia_postcode_search,2026-08-11,32,JAWA BARAT,32.01,KAB. BOGOR,32.01.11,GUNUNG SINDUR,32.01.11.2003,PENGASINAN,16346,16340,16348,exact_match,false,false,PENGASINAN,3,1,https://kodepos.posindonesia.co.id/CariKodepos,Rate-limited internal observation; exact hierarchy match; requires adjudication before promotion.
pos_indonesia_postcode_search,2026-08-11,32,JAWA BARAT,32.01,KAB. BOGOR,32.01.11,GUNUNG SINDUR,32.01.11.2004,CURUG,16344,16340,16344,exact_match,true,false,CURUG,80,1,https://kodepos.posindonesia.co.id/CariKodepos,Rate-limited internal observation; exact hierarchy match; requires adjudication before promotion.
pos_indonesia_postcode_search,2026-08-11,32,JAWA BARAT,32.01,KAB. BOGOR,32.01.11,GUNUNG SINDUR,32.01.11.2005,GUNUNGSINDUR,16341,16340,16341,exact_match,true,false,GUNUNGSINDUR,1,1,https://kodepos.posindonesia.co.id/CariKodepos,Rate-limited internal observation; exact hierarchy match; requires adjudication before promotion.
pos_indonesia_postcode_search,2026-08-11,32,JAWA BARAT,32.01,KAB. BOGOR,32.01.11,GUNUNG SINDUR,32.01.11.2006,JAMPANG,16342,16340,16342,exact_match,true,false,JAMPANG,26,1,https://kodepos.posindonesia.co.id/CariKodepos,Rate-limited internal observation; exact hierarchy match; requires adjudication before promotion.
pos_indonesia_postcode_search,2026-08-11,32,JAWA BARAT,32.01,KAB. BOGOR,32.01.11,GUNUNG SINDUR,32.01.11.2007,CIBADUNG,16346,16340,16343,exact_match,false,false,CIBADUNG,1,1,https://kodepos.posindonesia.co.id/CariKodepos,Rate-limited internal observation; exact hierarchy match; requires adjudication before promotion.
pos_indonesia_postcode_search,2026-08-11,32,JAWA BARAT,32.01,KAB. BOGOR,32.01.11,GUNUNG SINDUR,32.01.11.2008,CIBINONG,16346,16340,16346,exact_match,true,false,CIBINONG,30,1,https://kodepos.posindonesia.co.id/CariKodepos,Rate-limited internal observation; exact hierarchy match; requires adjudication before promotion.
pos_indonesia_postcode_search,2026-08-11,32,JAWA BARAT,32.01,KAB. BOGOR,32.01.11,GUNUNG SINDUR,32.01.11.2009,RAWAKALONG,16347,16340,16347,exact_match,true,false,RAWAKALONG,1,1,https://kodepos.posindonesia.co.id/CariKodepos,Rate-limited internal observation; exact hierarchy match; requires adjudication before promotion.
pos_indonesia_postcode_search,2026-08-11,32,JAWA BARAT,32.01,KAB. BOGOR,32.01.11,GUNUNG SINDUR,32.01.11.2010,PABUARAN,16348,16340,16349,exact_match,false,false,PABUARAN,45,1,https://kodepos.posindonesia.co.id/CariKodepos,Rate-limited internal observation; exact hierarchy match; requires adjudication before promotion.
pos_indonesia_postcode_search,2026-08-11,32,JAWA BARAT,32.01,KAB. BOGOR,32.01.12,KEMANG,32.01.12.1006,ATANG SENJAYA,16318,16310,16318,exact_match,true,false,ATANG SENJAYA,1,1,https://kodepos.posindonesia.co.id/CariKodepos,Rate-limited internal observation; exact hierarchy match; requires adjudication before promotion.
pos_indonesia_postcode_search,2026-08-11,32,JAWA BARAT,32.01,KAB. BOGOR,32.01.12,KEMANG,32.01.12.2001,BOJONG,16316,16310,16316,exact_match,true,false,BOJONG,278,1,https://kodepos.posindonesia.co.id/CariKodepos,Rate-limited internal observation; exact hierarchy match; requires adjudication before promotion.
pos_indonesia_postcode_search,2026-08-11,32,JAWA BARAT,32.01,KAB. BOGOR,32.01.12,KEMANG,32.01.12.2002,PARAKANJAYA,16319,16310,16319,exact_match,true,false,PARAKANJAYA,1,1,https://kodepos.posindonesia.co.id/CariKodepos,Rate-limited internal observation; exact hierarchy match; requires adjudication before promotion.
pos_indonesia_postcode_search,2026-08-11,32,JAWA BARAT,32.01,KAB. BOGOR,32.01.12,KEMANG,32.01.12.2003,KEMANG,16311,16310,16311,exact_match,true,false,KEMANG,63,1,https://kodepos.posindonesia.co.id/CariKodepos,Rate-limited internal observation; exact hierarchy match; requires adjudication before promotion.
pos_indonesia_postcode_search,2026-08-11,32,JAWA BARAT,32.01,KAB. BOGOR,32.01.12,KEMANG,32.01.12.2004,PABUARAN,16312,16310,16312,exact_match,true,false,PABUARAN,45,1,https://kodepos.posindonesia.co.id/CariKodepos,Rate-limited internal observation; exact hierarchy match; requires adjudication before promotion.
pos_indonesia_postcode_search,2026-08-11,32,JAWA BARAT,32.01,KAB. BOGOR,32.01.12,KEMANG,32.01.12.2005,SEMPLAK BARAT,16317,16310,16317,exact_match,true,false,SEMPLAK BARAT,1,1,https://kodepos.posindonesia.co.id/CariKodepos,Rate-limited internal observation; exact hierarchy match; requires adjudication before promotion.
pos_indonesia_postcode_search,2026-08-11,32,JAWA BARAT,32.01,KAB. BOGOR,32.01.12,KEMANG,32.01.12.2007,JAMPANG,16314,16310,16314,exact_match,true,false,JAMPANG,26,1,https://kodepos.posindonesia.co.id/CariKodepos,Rate-limited internal observation; exact hierarchy match; requires adjudication before promotion.
pos_indonesia_postcode_search,2026-08-11,32,JAWA BARAT,32.01,KAB. BOGOR,32.01.12,KEMANG,32.01.12.2008,PONDOK UDIK,16313,16310,16313,exact_match,true,false,PONDOK UDIK,1,1,https://kodepos.posindonesia.co.id/CariKodepos,Rate-limited internal observation; exact hierarchy match; requires adjudication before promotion.
pos_indonesia_postcode_search,2026-08-11,32,JAWA BARAT,32.01,KAB. BOGOR,32.01.12,KEMANG,32.01.12.2009,TEGAL,16315,16310,16315,exact_match,true,false,TEGAL,638,1,https://kodepos.posindonesia.co.id/CariKodepos,Rate-limited internal observation; exact hierarchy match; requires adjudication before promotion.
pos_indonesia_postcode_search,2026-08-11,32,JAWA BARAT,32.01,KAB. BOGOR,32.01.13,BOJONG GEDE,32.01.13.2009,BOJONGGEDE,16925,16922,16922,exact_match,false,true,BOJONGGEDE,2,1,https://kodepos.posindonesia.co.id/CariKodepos,Rate-limited internal observation; exact hierarchy match; requires adjudication before promotion.
pos_indonesia_postcode_search,2026-08-11,32,JAWA BARAT,32.01,KAB. BOGOR,32.01.14,LEUWILIANG,32.01.14.2001,LEUWILIANG,16641,16640,16641,exact_match,true,false,LEUWILIANG,13,1,https://kodepos.posindonesia.co.id/CariKodepos,Rate-limited internal observation; exact hierarchy match; requires adjudication before promotion.
pos_indonesia_postcode_search,2026-08-11,32,JAWA BARAT,32.01,KAB. BOGOR,32.01.14,LEUWILIANG,32.01.14.2002,PURASARI,16644,16640,16644,exact_match,true,false,PURASARI,1,1,https://kodepos.posindonesia.co.id/CariKodepos,Rate-limited internal observation; exact hierarchy match; requires adjudication before promotion.
pos_indonesia_postcode_search,2026-08-11,32,JAWA BARAT,32.01,KAB. BOGOR,32.01.14,LEUWILIANG,32.01.14.2003,KARYASARI,16646,16640,16646,exact_match,true,false,KARYASARI,7,1,https://kodepos.posindonesia.co.id/CariKodepos,Rate-limited internal observation; exact hierarchy match; requires adjudication before promotion.
pos_indonesia_postcode_search,2026-08-11,32,JAWA BARAT,32.01,KAB. BOGOR,32.01.14,LEUWILIANG,32.01.14.2004,PABANGBON,16643,16640,16643,exact_match,true,false,PABANGBON,1,1,https://kodepos.posindonesia.co.id/CariKodepos,Rate-limited internal observation; exact hierarchy match; requires adjudication before promotion.
pos_indonesia_postcode_search,2026-08-11,32,JAWA BARAT,32.01,KAB. BOGOR,32.01.14,LEUWILIANG,32.01.14.2005,KARACAK,16646,16640,16646,exact_match,true,false,KARACAK,2,1,https://kodepos.posindonesia.co.id/CariKodepos,Rate-limited internal observation; exact hierarchy match; requires adjudication before promotion.
pos_indonesia_postcode_search,2026-08-11,32,JAWA BARAT,32.01,KAB. BOGOR,32.01.14,LEUWILIANG,32.01.14.2006,BARENGKOK,16647,16640,16647,exact_match,true,false,BARENGKOK,5,1,https://kodepos.posindonesia.co.id/CariKodepos,Rate-limited internal observation; exact hierarchy match; requires adjudication before promotion.
pos_indonesia_postcode_search,2026-08-11,32,JAWA BARAT,32.01,KAB. BOGOR,32.01.14,LEUWILIANG,32.01.14.2007,LEUWIMEKAR,16648,16640,16648,exact_match,true,false,LEUWIMEKAR,1,1,https://kodepos.posindonesia.co.id/CariKodepos,Rate-limited internal observation; exact hierarchy match; requires adjudication before promotion.
pos_indonesia_postcode_search,2026-08-11,32,JAWA BARAT,32.01,KAB. BOGOR,32.01.14,LEUWILIANG,32.01.14.2008,PURASEDA,16645,16640,16645,exact_match,true,false,PURASEDA,1,1,https://kodepos.posindonesia.co.id/CariKodepos,Rate-limited internal observation; exact hierarchy match; requires adjudication before promotion.
pos_indonesia_postcode_search,2026-08-11,32,JAWA BARAT,32.01,KAB. BOGOR,32.01.14,LEUWILIANG,32.01.14.2011,KAREHKEL,16649,16640,16649,exact_match,true,false,KAREHKEL,1,1,https://kodepos.posindonesia.co.id/CariKodepos,Rate-limited internal observation; exact hierarchy match; requires adjudication before promotion.
pos_indonesia_postcode_search,2026-08-11,32,JAWA BARAT,32.01,KAB. BOGOR,32.01.15,CIAMPEA,32.01.15.2001,CIAMPEA,16625,16620,16625,exact_match,true,false,CIAMPEA,13,1,https://kodepos.posindonesia.co.id/CariKodepos,Rate-limited internal observation; exact hierarchy match; requires adjudication before promotion.
pos_indonesia_postcode_search,2026-08-11,32,JAWA BARAT,32.01,KAB. BOGOR,32.01.15,CIAMPEA,32.01.15.2002,CINANGKA,16626,16620,16626,exact_match,true,false,CINANGKA,17,1,https://kodepos.posindonesia.co.id/CariKodepos,Rate-limited internal observation; exact hierarchy match; requires adjudication before promotion.
pos_indonesia_postcode_search,2026-08-11,32,JAWA BARAT,32.01,KAB. BOGOR,32.01.15,CIAMPEA,32.01.15.2003,CIHIDEUNGUDIK,16627,16620,16627,exact_match,true,false,CIHIDEUNGUDIK,1,1,https://kodepos.posindonesia.co.id/CariKodepos,Rate-limited internal observation; exact hierarchy match; requires adjudication before promotion.
pos_indonesia_postcode_search,2026-08-11,32,JAWA BARAT,32.01,KAB. BOGOR,32.01.15,CIAMPEA,32.01.15.2004,BOJONGJENGKOL,16623,16620,16623,exact_match,true,false,BOJONGJENGKOL,2,1,https://kodepos.posindonesia.co.id/CariKodepos,Rate-limited internal observation; exact hierarchy match; requires adjudication before promotion.
pos_indonesia_postcode_search,2026-08-11,32,JAWA BARAT,32.01,KAB. BOGOR,32.01.15,CIAMPEA,32.01.15.2005,TEGALWARU,16623,16620,16623,exact_match,true,false,TEGALWARU,25,1,https://kodepos.posindonesia.co.id/CariKodepos,Rate-limited internal observation; exact hierarchy match; requires adjudication before promotion.
pos_indonesia_postcode_search,2026-08-11,32,JAWA BARAT,32.01,KAB. BOGOR,32.01.15,CIAMPEA,32.01.15.2006,CIBUNTU,16624,16620,16624,exact_match,true,false,CIBUNTU,7,1,https://kodepos.posindonesia.co.id/CariKodepos,Rate-limited internal observation; exact hierarchy match; requires adjudication before promotion.
pos_indonesia_postcode_search,2026-08-11,32,JAWA BARAT,32.01,KAB. BOGOR,32.01.15,CIAMPEA,32.01.15.2007,CICADAS,16622,16620,16622,exact_match,true,false,CICADAS,9,1,https://kodepos.posindonesia.co.id/CariKodepos,Rate-limited internal observation; exact hierarchy match; requires adjudication before promotion.
pos_indonesia_postcode_search,2026-08-11,32,JAWA BARAT,32.01,KAB. BOGOR,32.01.15,CIAMPEA,32.01.15.2008,CIBADAK,16628,16620,16628,exact_match,true,false,CIBADAK,37,1,https://kodepos.posindonesia.co.id/CariKodepos,Rate-limited internal observation; exact hierarchy match; requires adjudication before promotion.
pos_indonesia_postcode_search,2026-08-11,32,JAWA BARAT,32.01,KAB. BOGOR,32.01.15,CIAMPEA,32.01.15.2009,BOJONGRANGKAS,16621,16620,16621,exact_match,true,false,BOJONGRANGKAS,1,1,https://kodepos.posindonesia.co.id/CariKodepos,Rate-limited internal observation; exact hierarchy match; requires adjudication before promotion.
pos_indonesia_postcode_search,2026-08-11,32,JAWA BARAT,32.01,KAB. BOGOR,32.01.15,CIAMPEA,32.01.15.2010,CIHIDEUNGHILIR,16627,16620,16627,exact_match,true,false,CIHIDEUNGHILIR,1,1,https://kodepos.posindonesia.co.id/CariKodepos,Rate-limited internal observation; exact hierarchy match; requires adjudication before promotion.
pos_indonesia_postcode_search,2026-08-11,32,JAWA BARAT,32.01,KAB. BOGOR,32.01.15,CIAMPEA,32.01.15.2011,CIBANTENG,16628,16620,16628,exact_match,true,false,CIBANTENG,3,1,https://kodepos.posindonesia.co.id/CariKodepos,Rate-limited internal observation; exact hierarchy match; requires adjudication before promotion.
pos_indonesia_postcode_search,2026-08-11,32,JAWA BARAT,32.01,KAB. BOGOR,32.01.15,CIAMPEA,32.01.15.2012,BENTENG,16629,16620,16629,exact_match,true,false,BENTENG,101,1,https://kodepos.posindonesia.co.id/CariKodepos,Rate-limited internal observation; exact hierarchy match; requires adjudication before promotion.
pos_indonesia_postcode_search,2026-08-11,32,JAWA BARAT,32.01,KAB. BOGOR,32.01.15,CIAMPEA,32.01.15.2013,CIAMPEA UDIK,16625,16620,16625,exact_match,true,false,CIAMPEA UDIK,1,1,https://kodepos.posindonesia.co.id/CariKodepos,Rate-limited internal observation; exact hierarchy match; requires adjudication before promotion.
pos_indonesia_postcode_search,2026-08-11,32,JAWA BARAT,32.01,KAB. BOGOR,32.01.16,CIBUNGBULANG,32.01.16.2001,SITU UDIK,16636,16630,16636,exact_match,true,false,SITU UDIK,1,1,https://kodepos.posindonesia.co.id/CariKodepos,Rate-limited internal observation; exact hierarchy match; requires adjudication before promotion.
pos_indonesia_postcode_search,2026-08-11,32,JAWA BARAT,32.01,KAB. BOGOR,32.01.16,CIBUNGBULANG,32.01.16.2002,SITU ILIR,16636,16630,16636,exact_match,true,false,SITU ILIR,1,1,https://kodepos.posindonesia.co.id/CariKodepos,Rate-limited internal observation; exact hierarchy match; requires adjudication before promotion.
pos_indonesia_postcode_search,2026-08-11,32,JAWA BARAT,32.01,KAB. BOGOR,32.01.16,CIBUNGBULANG,32.01.16.2003,CEMPLANG,16633,16630,16633,exact_match,true,false,CEMPLANG,3,1,https://kodepos.posindonesia.co.id/CariKodepos,Rate-limited internal observation; exact hierarchy match; requires adjudication before promotion.
pos_indonesia_postcode_search,2026-08-11,32,JAWA BARAT,32.01,KAB. BOGOR,32.01.16,CIBUNGBULANG,32.01.16.2006,LEUWEUNGKOLOT,16638,16630,16638,exact_match,true,false,LEUWEUNGKOLOT,1,1,https://kodepos.posindonesia.co.id/CariKodepos,Rate-limited internal observation; exact hierarchy match; requires adjudication before promotion.
pos_indonesia_postcode_search,2026-08-11,32,JAWA BARAT,32.01,KAB. BOGOR,32.01.16,CIBUNGBULANG,32.01.16.2009,DUKUH,16632,16630,16632,exact_match,true,false,DUKUH,134,1,https://kodepos.posindonesia.co.id/CariKodepos,Rate-limited internal observation; exact hierarchy match; requires adjudication before promotion.
pos_indonesia_postcode_search,2026-08-11,32,JAWA BARAT,32.01,KAB. BOGOR,32.01.16,CIBUNGBULANG,32.01.16.2010,CIJUJUNG,16639,16630,16639,exact_match,true,false,CIJUJUNG,2,1,https://kodepos.posindonesia.co.id/CariKodepos,Rate-limited internal observation; exact hierarchy match; requires adjudication before promotion.
pos_indonesia_postcode_search,2026-08-11,32,JAWA BARAT,32.01,KAB. BOGOR,32.01.16,CIBUNGBULANG,32.01.16.2013,SUKAMAJU,16634,16630,16634,exact_match,true,false,SUKAMAJU,91,1,https://kodepos.posindonesia.co.id/CariKodepos,Rate-limited internal observation; exact hierarchy match; requires adjudication before promotion.
pos_indonesia_postcode_search,2026-08-11,32,JAWA BARAT,32.01,KAB. BOGOR,32.01.16,CIBUNGBULANG,32.01.16.2014,GALUGA,16632,16630,16632,exact_match,true,false,GALUGA,2,1,https://kodepos.posindonesia.co.id/CariKodepos,Rate-limited internal observation; exact hierarchy match; requires adjudication before promotion.
pos_indonesia_postcode_search,2026-08-11,32,JAWA BARAT,32.01,KAB. BOGOR,32.01.16,CIBUNGBULANG,32.01.16.2015,GIRIMULYA,16638,16630,16638,exact_match,true,false,GIRIMULYA,5,1,https://kodepos.posindonesia.co.id/CariKodepos,Rate-limited internal observation; exact hierarchy match; requires adjudication before promotion.
pos_indonesia_postcode_search,2026-08-11,32,JAWA BARAT,32.01,KAB. BOGOR,32.01.18,RUMPIN,32.01.18.2001,RUMPIN,16351,16350,16351,exact_match,true,false,RUMPIN,15,1,https://kodepos.posindonesia.co.id/CariKodepos,Rate-limited internal observation; exact hierarchy match; requires adjudication before promotion.
pos_indonesia_postcode_search,2026-08-11,32,JAWA BARAT,32.01,KAB. BOGOR,32.01.18,RUMPIN,32.01.18.2002,LEUWIBATU,16357,16350,16357,exact_match,true,false,LEUWIBATU,1,1,https://kodepos.posindonesia.co.id/CariKodepos,Rate-limited internal observation; exact hierarchy match; requires adjudication before promotion.
pos_indonesia_postcode_search,2026-08-11,32,JAWA BARAT,32.01,KAB. BOGOR,32.01.18,RUMPIN,32.01.18.2003,CIDOKOM,16358,16350,16358,exact_match,true,false,CIDOKOM,2,1,https://kodepos.posindonesia.co.id/CariKodepos,Rate-limited internal observation; exact hierarchy match; requires adjudication before promotion.
pos_indonesia_postcode_search,2026-08-11,32,JAWA BARAT,32.01,KAB. BOGOR,32.01.18,RUMPIN,32.01.18.2004,GOBANG,16358,16350,16358,exact_match,true,false,GOBANG,5,1,https://kodepos.posindonesia.co.id/CariKodepos,Rate-limited internal observation; exact hierarchy match; requires adjudication before promotion.
pos_indonesia_postcode_search,2026-08-11,32,JAWA BARAT,32.01,KAB. BOGOR,32.01.18,RUMPIN,32.01.18.2005,CIBODAS,16359,16350,16359,exact_match,true,false,CIBODAS,23,1,https://kodepos.posindonesia.co.id/CariKodepos,Rate-limited internal observation; exact hierarchy match; requires adjudication before promotion.
pos_indonesia_postcode_search,2026-08-11,32,JAWA BARAT,32.01,KAB. BOGOR,32.01.18,RUMPIN,32.01.18.2006,RABAK,16356,16350,16356,exact_match,true,false,RABAK,8,1,https://kodepos.posindonesia.co.id/CariKodepos,Rate-limited internal observation; exact hierarchy match; requires adjudication before promotion.
pos_indonesia_postcode_search,2026-08-11,32,JAWA BARAT,32.01,KAB. BOGOR,32.01.18,RUMPIN,32.01.18.2007,KAMPUNGSAWAH,16355,16350,16355,exact_match,true,false,KAMPUNGSAWAH,2,1,https://kodepos.posindonesia.co.id/CariKodepos,Rate-limited internal observation; exact hierarchy match; requires adjudication before promotion.
pos_indonesia_postcode_search,2026-08-11,32,JAWA BARAT,32.01,KAB. BOGOR,32.01.18,RUMPIN,32.01.18.2008,CIPINANG,16355,16350,16355,exact_match,true,false,CIPINANG,12,1,https://kodepos.posindonesia.co.id/CariKodepos,Rate-limited internal observation; exact hierarchy match; requires adjudication before promotion.
pos_indonesia_postcode_search,2026-08-11,32,JAWA BARAT,32.01,KAB. BOGOR,32.01.18,RUMPIN,32.01.18.2009,SUKASARI,16352,16350,16352,exact_match,true,false,SUKASARI,54,1,https://kodepos.posindonesia.co.id/CariKodepos,Rate-limited internal observation; exact hierarchy match; requires adjudication before promotion.
pos_indonesia_postcode_search,2026-08-11,32,JAWA BARAT,32.01,KAB. BOGOR,32.01.18,RUMPIN,32.01.18.2012,SUKAMULYA,16353,16350,16353,exact_match,true,false,SUKAMULYA,56,1,https://kodepos.posindonesia.co.id/CariKodepos,Rate-limited internal observation; exact hierarchy match; requires adjudication before promotion.
pos_indonesia_postcode_search,2026-08-11,32,JAWA BARAT,32.01,KAB. BOGOR,32.01.18,RUMPIN,32.01.18.2014,MEKARJAYA,16668,16350,16358,exact_match,false,false,MEKARJAYA,55,1,https://kodepos.posindonesia.co.id/CariKodepos,Rate-limited internal observation; exact hierarchy match; requires adjudication before promotion.
pos_indonesia_postcode_search,2026-08-11,32,JAWA BARAT,32.01,KAB. BOGOR,32.01.19,JASINGA,32.01.19.2001,CURUG,16673,16670,16673,exact_match,true,false,CURUG,80,1,https://kodepos.posindonesia.co.id/CariKodepos,Rate-limited internal observation; exact hierarchy match; requires adjudication before promotion.
pos_indonesia_postcode_search,2026-08-11,32,JAWA BARAT,32.01,KAB. BOGOR,32.01.19,JASINGA,32.01.19.2002,PANGRADIN,16675,16670,16675,exact_match,true,false,PANGRADIN,1,1,https://kodepos.posindonesia.co.id/CariKodepos,Rate-limited internal observation; exact hierarchy match; requires adjudication before promotion.
pos_indonesia_postcode_search,2026-08-11,32,JAWA BARAT,32.01,KAB. BOGOR,32.01.19,JASINGA,32.01.19.2003,KALONGSAWAH,16676,16670,16676,exact_match,true,false,KALONGSAWAH,1,1,https://kodepos.posindonesia.co.id/CariKodepos,Rate-limited internal observation; exact hierarchy match; requires adjudication before promotion.
pos_indonesia_postcode_search,2026-08-11,32,JAWA BARAT,32.01,KAB. BOGOR,32.01.19,JASINGA,32.01.19.2004,SIPAK,16677,16670,16677,exact_match,true,false,SIPAK,7,1,https://kodepos.posindonesia.co.id/CariKodepos,Rate-limited internal observation; exact hierarchy match; requires adjudication before promotion.
pos_indonesia_postcode_search,2026-08-11,32,JAWA BARAT,32.01,KAB. BOGOR,32.01.19,JASINGA,32.01.19.2005,JASINGA,16676,16670,16671,exact_match,false,false,JASINGA,17,1,https://kodepos.posindonesia.co.id/CariKodepos,Rate-limited internal observation; exact hierarchy match; requires adjudication before promotion.
pos_indonesia_postcode_search,2026-08-11,32,JAWA BARAT,32.01,KAB. BOGOR,32.01.19,JASINGA,32.01.19.2006,KOLEANG,16672,16670,16672,exact_match,true,false,KOLEANG,1,1,https://kodepos.posindonesia.co.id/CariKodepos,Rate-limited internal observation; exact hierarchy match; requires adjudication before promotion.
pos_indonesia_postcode_search,2026-08-11,32,JAWA BARAT,32.01,KAB. BOGOR,32.01.19,JASINGA,32.01.19.2007,CIKOPOMAYAK,16679,16670,16679,exact_match,true,false,CIKOPOMAYAK,1,1,https://kodepos.posindonesia.co.id/CariKodepos,Rate-limited internal observation; exact hierarchy match; requires adjudication before promotion.
pos_indonesia_postcode_search,2026-08-11,32,JAWA BARAT,32.01,KAB. BOGOR,32.01.19,JASINGA,32.01.19.2008,SETU,16671,16670,16677,exact_match,false,false,SETU,35,1,https://kodepos.posindonesia.co.id/CariKodepos,Rate-limited internal observation; exact hierarchy match; requires adjudication before promotion.
pos_indonesia_postcode_search,2026-08-11,32,JAWA BARAT,32.01,KAB. BOGOR,32.01.19,JASINGA,32.01.19.2009,BARENGKOK,16677,16670,16677,exact_match,true,false,BARENGKOK,5,1,https://kodepos.posindonesia.co.id/CariKodepos,Rate-limited internal observation; exact hierarchy match; requires adjudication before promotion.
pos_indonesia_postcode_search,2026-08-11,32,JAWA BARAT,32.01,KAB. BOGOR,32.01.19,JASINGA,32.01.19.2010,BAGOANG,16678,16670,16678,exact_match,true,false,BAGOANG,1,1,https://kodepos.posindonesia.co.id/CariKodepos,Rate-limited internal observation; exact hierarchy match; requires adjudication before promotion.
pos_indonesia_postcode_search,2026-08-11,32,JAWA BARAT,32.01,KAB. BOGOR,32.01.19,JASINGA,32.01.19.2011,PANGAUR,16678,16670,16678,exact_match,true,false,PANGAUR,1,1,https://kodepos.posindonesia.co.id/CariKodepos,Rate-limited internal observation; exact hierarchy match; requires adjudication before promotion.
pos_indonesia_postcode_search,2026-08-11,32,JAWA BARAT,32.01,KAB. BOGOR,32.01.19,JASINGA,32.01.19.2012,PAMAGERSARI,16676,16670,16676,exact_match,true,false,PAMAGERSARI,1,1,https://kodepos.posindonesia.co.id/CariKodepos,Rate-limited internal observation; exact hierarchy match; requires adjudication before promotion.
pos_indonesia_postcode_search,2026-08-11,32,JAWA BARAT,32.01,KAB. BOGOR,32.01.19,JASINGA,32.01.19.2015,NEGLASARI,16677,16670,16677,exact_match,true,false,NEGLASARI,38,1,https://kodepos.posindonesia.co.id/CariKodepos,Rate-limited internal observation; exact hierarchy match; requires adjudication before promotion.
pos_indonesia_postcode_search,2026-08-11,32,JAWA BARAT,32.01,KAB. BOGOR,32.01.20,PARUNG PANJANG,32.01.20.2001,JAGABAYA,16365,16360,16365,exact_match,true,false,JAGABAYA,8,1,https://kodepos.posindonesia.co.id/CariKodepos,Rate-limited internal observation; exact hierarchy match; requires adjudication before promotion.
pos_indonesia_postcode_search,2026-08-11,32,JAWA BARAT,32.01,KAB. BOGOR,32.01.20,PARUNG PANJANG,32.01.20.2002,GOROWONG,16366,16360,16366,exact_match,true,false,GOROWONG,1,1,https://kodepos.posindonesia.co.id/CariKodepos,Rate-limited internal observation; exact hierarchy match; requires adjudication before promotion.
pos_indonesia_postcode_search,2026-08-11,32,JAWA BARAT,32.01,KAB. BOGOR,32.01.20,PARUNG PANJANG,32.01.20.2003,DAGO,16367,16360,16367,exact_match,true,false,DAGO,8,1,https://kodepos.posindonesia.co.id/CariKodepos,Rate-limited internal observation; exact hierarchy match; requires adjudication before promotion.
pos_indonesia_postcode_search,2026-08-11,32,JAWA BARAT,32.01,KAB. BOGOR,32.01.20,PARUNG PANJANG,32.01.20.2004,PINGKU,16368,16360,16368,exact_match,true,false,PINGKU,3,1,https://kodepos.posindonesia.co.id/CariKodepos,Rate-limited internal observation; exact hierarchy match; requires adjudication before promotion.
pos_indonesia_postcode_search,2026-08-11,32,JAWA BARAT,32.01,KAB. BOGOR,32.01.20,PARUNG PANJANG,32.01.20.2005,CIKUDA,16369,16360,16369,exact_match,true,false,CIKUDA,1,1,https://kodepos.posindonesia.co.id/CariKodepos,Rate-limited internal observation; exact hierarchy match; requires adjudication before promotion.
pos_indonesia_postcode_search,2026-08-11,32,JAWA BARAT,32.01,KAB. BOGOR,32.01.20,PARUNG PANJANG,32.01.20.2007,LUMPANG,16363,16360,16363,exact_match,true,false,LUMPANG,233,1,https://kodepos.posindonesia.co.id/CariKodepos,Rate-limited internal observation; exact hierarchy match; requires adjudication before promotion.
pos_indonesia_postcode_search,2026-08-11,32,JAWA BARAT,32.01,KAB. BOGOR,32.01.20,PARUNG PANJANG,32.01.20.2008,CIBUNAR,16362,16360,16362,exact_match,true,false,CIBUNAR,7,1,https://kodepos.posindonesia.co.id/CariKodepos,Rate-limited internal observation; exact hierarchy match; requires adjudication before promotion.
pos_indonesia_postcode_search,2026-08-11,32,JAWA BARAT,32.01,KAB. BOGOR,32.01.20,PARUNG PANJANG,32.01.20.2009,JAGABITA,16362,16360,16362,exact_match,true,false,JAGABITA,1,1,https://kodepos.posindonesia.co.id/CariKodepos,Rate-limited internal observation; exact hierarchy match; requires adjudication before promotion.
pos_indonesia_postcode_search,2026-08-11,32,JAWA BARAT,32.01,KAB. BOGOR,32.01.20,PARUNG PANJANG,32.01.20.2010,GINTUNGCILEJET,16364,16360,16364,exact_match,true,false,GINTUNGCILEJET,1,1,https://kodepos.posindonesia.co.id/CariKodepos,Rate-limited internal observation; exact hierarchy match; requires adjudication before promotion.
pos_indonesia_postcode_search,2026-08-11,32,JAWA BARAT,32.01,KAB. BOGOR,32.01.20,PARUNG PANJANG,32.01.20.2011,KABASIRAN,16369,16360,16369,exact_match,true,false,KABASIRAN,1,1,https://kodepos.posindonesia.co.id/CariKodepos,Rate-limited internal observation; exact hierarchy match; requires adjudication before promotion.
pos_indonesia_postcode_search,2026-08-11,32,JAWA BARAT,32.01,KAB. BOGOR,32.01.21,NANGGUNG,32.01.21.2001,MALASARI,16653,16650,16653,exact_match,true,false,MALASARI,2,1,https://kodepos.posindonesia.co.id/CariKodepos,Rate-limited internal observation; exact hierarchy match; requires adjudication before promotion.
pos_indonesia_postcode_search,2026-08-11,32,JAWA BARAT,32.01,KAB. BOGOR,32.01.21,NANGGUNG,32.01.21.2002,CURUGBITUNG,16655,16650,16655,exact_match,true,false,CURUGBITUNG,2,1,https://kodepos.posindonesia.co.id/CariKodepos,Rate-limited internal observation; exact hierarchy match; requires adjudication before promotion.
pos_indonesia_postcode_search,2026-08-11,32,JAWA BARAT,32.01,KAB. BOGOR,32.01.21,NANGGUNG,32.01.21.2003,CISARUA,16652,16650,16652,exact_match,true,false,CISARUA,34,1,https://kodepos.posindonesia.co.id/CariKodepos,Rate-limited internal observation; exact hierarchy match; requires adjudication before promotion.
pos_indonesia_postcode_search,2026-08-11,32,JAWA BARAT,32.01,KAB. BOGOR,32.01.21,NANGGUNG,32.01.21.2004,BANTARKARET,16654,16650,16654,exact_match,true,false,BANTARKARET,1,1,https://kodepos.posindonesia.co.id/CariKodepos,Rate-limited internal observation; exact hierarchy match; requires adjudication before promotion.
pos_indonesia_postcode_search,2026-08-11,32,JAWA BARAT,32.01,KAB. BOGOR,32.01.21,NANGGUNG,32.01.21.2005,HAMBARO,16656,16650,16656,exact_match,true,false,HAMBARO,1,1,https://kodepos.posindonesia.co.id/CariKodepos,Rate-limited internal observation; exact hierarchy match; requires adjudication before promotion.
pos_indonesia_postcode_search,2026-08-11,32,JAWA BARAT,32.01,KAB. BOGOR,32.01.21,NANGGUNG,32.01.21.2006,KALONGLIUD,16656,16650,16656,exact_match,true,false,KALONGLIUD,1,1,https://kodepos.posindonesia.co.id/CariKodepos,Rate-limited internal observation; exact hierarchy match; requires adjudication before promotion.
pos_indonesia_postcode_search,2026-08-11,32,JAWA BARAT,32.01,KAB. BOGOR,32.01.21,NANGGUNG,32.01.21.2007,NANGGUNG,16651,16650,16651,exact_match,true,false,NANGGUNG,24,1,https://kodepos.posindonesia.co.id/CariKodepos,Rate-limited internal observation; exact hierarchy match; requires adjudication before promotion.
pos_indonesia_postcode_search,2026-08-11,32,JAWA BARAT,32.01,KAB. BOGOR,32.01.21,NANGGUNG,32.01.21.2008,PARAKANMUNCANG,16657,16650,16657,exact_match,true,false,PARAKANMUNCANG,1,1,https://kodepos.posindonesia.co.id/CariKodepos,Rate-limited internal observation; exact hierarchy match; requires adjudication before promotion.
pos_indonesia_postcode_search,2026-08-11,32,JAWA BARAT,32.01,KAB. BOGOR,32.01.21,NANGGUNG,32.01.21.2009,PANGKALJAYA,16659,16650,16659,exact_match,true,false,PANGKALJAYA,1,1,https://kodepos.posindonesia.co.id/CariKodepos,Rate-limited internal observation; exact hierarchy match; requires adjudication before promotion.
pos_indonesia_postcode_search,2026-08-11,32,JAWA BARAT,32.01,KAB. BOGOR,32.01.21,NANGGUNG,32.01.21.2010,SUKALUYU,16658,16650,16658,exact_match,true,false,SUKALUYU,21,1,https://kodepos.posindonesia.co.id/CariKodepos,Rate-limited internal observation; exact hierarchy match; requires adjudication before promotion.
pos_indonesia_postcode_search,2026-08-11,32,JAWA BARAT,32.01,KAB. BOGOR,32.01.22,CIGUDEG,32.01.22.2001,SUKAMAJU,16662,16660,16662,exact_match,true,false,SUKAMAJU,91,1,https://kodepos.posindonesia.co.id/CariKodepos,Rate-limited internal observation; exact hierarchy match; requires adjudication before promotion.
pos_indonesia_postcode_search,2026-08-11,32,JAWA BARAT,32.01,KAB. BOGOR,32.01.22,CIGUDEG,32.01.22.2002,CIGUDEG,16661,16660,16661,exact_match,true,false,CIGUDEG,15,1,https://kodepos.posindonesia.co.id/CariKodepos,Rate-limited internal observation; exact hierarchy match; requires adjudication before promotion.
pos_indonesia_postcode_search,2026-08-11,32,JAWA BARAT,32.01,KAB. BOGOR,32.01.22,CIGUDEG,32.01.22.2003,BUNAR,16669,16660,16669,exact_match,true,false,BUNAR,10,1,https://kodepos.posindonesia.co.id/CariKodepos,Rate-limited internal observation; exact hierarchy match; requires adjudication before promotion.
pos_indonesia_postcode_search,2026-08-11,32,JAWA BARAT,32.01,KAB. BOGOR,32.01.22,CIGUDEG,32.01.22.2005,CINTAMANIK,16665,16660,16665,exact_match,true,false,CINTAMANIK,3,1,https://kodepos.posindonesia.co.id/CariKodepos,Rate-limited internal observation; exact hierarchy match; requires adjudication before promotion.
pos_indonesia_postcode_search,2026-08-11,32,JAWA BARAT,32.01,KAB. BOGOR,32.01.22,CIGUDEG,32.01.22.2006,ARGAPURA,16668,16660,16668,exact_match,true,false,ARGAPURA,17,1,https://kodepos.posindonesia.co.id/CariKodepos,Rate-limited internal observation; exact hierarchy match; requires adjudication before promotion.
pos_indonesia_postcode_search,2026-08-11,32,JAWA BARAT,32.01,KAB. BOGOR,32.01.22,CIGUDEG,32.01.22.2007,BANGUNJAYA,16668,16660,16668,exact_match,true,false,BANGUNJAYA,6,1,https://kodepos.posindonesia.co.id/CariKodepos,Rate-limited internal observation; exact hierarchy match; requires adjudication before promotion.
pos_indonesia_postcode_search,2026-08-11,32,JAWA BARAT,32.01,KAB. BOGOR,32.01.22,CIGUDEG,32.01.22.2008,RENGASJAJAR,16667,16660,16667,exact_match,true,false,RENGASJAJAR,1,1,https://kodepos.posindonesia.co.id/CariKodepos,Rate-limited internal observation; exact hierarchy match; requires adjudication before promotion.
pos_indonesia_postcode_search,2026-08-11,32,JAWA BARAT,32.01,KAB. BOGOR,32.01.22,CIGUDEG,32.01.22.2010,WARGAJAYA,16665,16660,16665,exact_match,true,false,WARGAJAYA,2,1,https://kodepos.posindonesia.co.id/CariKodepos,Rate-limited internal observation; exact hierarchy match; requires adjudication before promotion.
pos_indonesia_postcode_search,2026-08-11,32,JAWA BARAT,32.01,KAB. BOGOR,32.01.22,CIGUDEG,32.01.22.2011,SUKARAKSA,16663,16660,16663,exact_match,true,false,SUKARAKSA,1,1,https://kodepos.posindonesia.co.id/CariKodepos,Rate-limited internal observation; exact hierarchy match; requires adjudication before promotion.
pos_indonesia_postcode_search,2026-08-11,32,JAWA BARAT,32.01,KAB. BOGOR,32.01.22,CIGUDEG,32.01.22.2014,MEKARJAYA,16668,16660,16668,exact_match,true,false,MEKARJAYA,55,1,https://kodepos.posindonesia.co.id/CariKodepos,Rate-limited internal observation; exact hierarchy match; requires adjudication before promotion.
pos_indonesia_postcode_search,2026-08-11,32,JAWA BARAT,32.01,KAB. BOGOR,32.01.22,CIGUDEG,32.01.22.2015,TEGALLEGA,16666,16660,16666,exact_match,true,false,TEGALLEGA,7,1,https://kodepos.posindonesia.co.id/CariKodepos,Rate-limited internal observation; exact hierarchy match; requires adjudication before promotion.
pos_indonesia_postcode_search,2026-08-11,32,JAWA BARAT,32.01,KAB. BOGOR,32.01.23,TENJO,32.01.23.2001,TAPOS,16375,16370,16375,exact_match,true,false,TAPOS,12,1,https://kodepos.posindonesia.co.id/CariKodepos,Rate-limited internal observation; exact hierarchy match; requires adjudication before promotion.
pos_indonesia_postcode_search,2026-08-11,32,JAWA BARAT,32.01,KAB. BOGOR,32.01.23,TENJO,32.01.23.2002,CIOMAS,16376,16370,16376,exact_match,true,false,CIOMAS,28,1,https://kodepos.posindonesia.co.id/CariKodepos,Rate-limited internal observation; exact hierarchy match; requires adjudication before promotion.
pos_indonesia_postcode_search,2026-08-11,32,JAWA BARAT,32.01,KAB. BOGOR,32.01.23,TENJO,32.01.23.2003,BATOK,16377,16370,16377,exact_match,true,false,BATOK,10,1,https://kodepos.posindonesia.co.id/CariKodepos,Rate-limited internal observation; exact hierarchy match; requires adjudication before promotion.
pos_indonesia_postcode_search,2026-08-11,32,JAWA BARAT,32.01,KAB. BOGOR,32.01.23,TENJO,32.01.23.2004,BABAKAN,16374,16370,16374,exact_match,true,false,BABAKAN,104,1,https://kodepos.posindonesia.co.id/CariKodepos,Rate-limited internal observation; exact hierarchy match; requires adjudication before promotion.
pos_indonesia_postcode_search,2026-08-11,32,JAWA BARAT,32.01,KAB. BOGOR,32.01.23,TENJO,32.01.23.2005,TENJO,16371,16370,16371,exact_match,true,false,TENJO,34,1,https://kodepos.posindonesia.co.id/CariKodepos,Rate-limited internal observation; exact hierarchy match; requires adjudication before promotion.
pos_indonesia_postcode_search,2026-08-11,32,JAWA BARAT,32.01,KAB. BOGOR,32.01.23,TENJO,32.01.23.2006,CILAKU,16378,16370,16378,exact_match,true,false,CILAKU,12,1,https://kodepos.posindonesia.co.id/CariKodepos,Rate-limited internal observation; exact hierarchy match; requires adjudication before promotion.
pos_indonesia_postcode_search,2026-08-11,32,JAWA BARAT,32.01,KAB. BOGOR,32.01.23,TENJO,32.01.23.2007,SINGABRAJA,16372,16370,16372,exact_match,true,false,SINGABRAJA,1,1,https://kodepos.posindonesia.co.id/CariKodepos,Rate-limited internal observation; exact hierarchy match; requires adjudication before promotion.
pos_indonesia_postcode_search,2026-08-11,32,JAWA BARAT,32.01,KAB. BOGOR,32.01.23,TENJO,32.01.23.2008,SINGABANGSA,16379,16370,16379,exact_match,true,false,SINGABANGSA,1,1,https://kodepos.posindonesia.co.id/CariKodepos,Rate-limited internal observation; exact hierarchy match; requires adjudication before promotion.
pos_indonesia_postcode_search,2026-08-11,32,JAWA BARAT,32.01,KAB. BOGOR,32.01.23,TENJO,32.01.23.2009,BOJONG,16373,16370,16373,exact_match,true,false,BOJONG,278,1,https://kodepos.posindonesia.co.id/CariKodepos,Rate-limited internal observation; exact hierarchy match; requires adjudication before promotion.
pos_indonesia_postcode_search,2026-08-11,32,JAWA BARAT,32.01,KAB. BOGOR,32.01.24,CIAWI,32.01.24.2001,CILEUNGSI,16725,16720,16725,exact_match,true,false,CILEUNGSI,15,1,https://kodepos.posindonesia.co.id/CariKodepos,Rate-limited internal observation; exact hierarchy match; requires adjudication before promotion.
pos_indonesia_postcode_search,2026-08-11,32,JAWA BARAT,32.01,KAB. BOGOR,32.01.24,CIAWI,32.01.24.2002,CITAPEN,16725,16720,16725,exact_match,true,false,CITAPEN,4,1,https://kodepos.posindonesia.co.id/CariKodepos,Rate-limited internal observation; exact hierarchy match; requires adjudication before promotion.
pos_indonesia_postcode_search,2026-08-11,32,JAWA BARAT,32.01,KAB. BOGOR,32.01.24,CIAWI,32.01.24.2003,CIBEDUG,16726,16720,16726,exact_match,true,false,CIBEDUG,2,1,https://kodepos.posindonesia.co.id/CariKodepos,Rate-limited internal observation; exact hierarchy match; requires adjudication before promotion.
pos_indonesia_postcode_search,2026-08-11,32,JAWA BARAT,32.01,KAB. BOGOR,32.01.24,CIAWI,32.01.24.2004,JAMBULUWUK,16726,16720,16726,exact_match,true,false,JAMBULUWUK,1,1,https://kodepos.posindonesia.co.id/CariKodepos,Rate-limited internal observation; exact hierarchy match; requires adjudication before promotion.
pos_indonesia_postcode_search,2026-08-11,32,JAWA BARAT,32.01,KAB. BOGOR,32.01.24,CIAWI,32.01.24.2006,TELUK PINANG,16722,16720,16722,exact_match,true,false,TELUK PINANG,1,1,https://kodepos.posindonesia.co.id/CariKodepos,Rate-limited internal observation; exact hierarchy match; requires adjudication before promotion.
pos_indonesia_postcode_search,2026-08-11,32,JAWA BARAT,32.01,KAB. BOGOR,32.01.24,CIAWI,32.01.24.2007,BANJAR WARU,16723,16720,16723,exact_match,true,false,BANJAR WARU,1,1,https://kodepos.posindonesia.co.id/CariKodepos,Rate-limited internal observation; exact hierarchy match; requires adjudication before promotion.
pos_indonesia_postcode_search,2026-08-11,32,JAWA BARAT,32.01,KAB. BOGOR,32.01.24,CIAWI,32.01.24.2008,BENDUNGAN,16727,16720,16727,exact_match,true,false,BENDUNGAN,33,1,https://kodepos.posindonesia.co.id/CariKodepos,Rate-limited internal observation; exact hierarchy match; requires adjudication before promotion.
pos_indonesia_postcode_search,2026-08-11,32,JAWA BARAT,32.01,KAB. BOGOR,32.01.24,CIAWI,32.01.24.2009,PANDAN SARI,16728,16720,16728,exact_match,true,false,PANDAN SARI,16,1,https://kodepos.posindonesia.co.id/CariKodepos,Rate-limited internal observation; exact hierarchy match; requires adjudication before promotion.
pos_indonesia_postcode_search,2026-08-11,32,JAWA BARAT,32.01,KAB. BOGOR,32.01.24,CIAWI,32.01.24.2010,BOJONG MURNI,16729,16720,16729,exact_match,true,false,BOJONG MURNI,1,1,https://kodepos.posindonesia.co.id/CariKodepos,Rate-limited internal observation; exact hierarchy match; requires adjudication before promotion.
pos_indonesia_postcode_search,2026-08-11,32,JAWA BARAT,32.01,KAB. BOGOR,32.01.24,CIAWI,32.01.24.2011,BANJAR WANGI,16723,16720,16723,exact_match,true,false,BANJAR WANGI,2,1,https://kodepos.posindonesia.co.id/CariKodepos,Rate-limited internal observation; exact hierarchy match; requires adjudication before promotion.
pos_indonesia_postcode_search,2026-08-11,32,JAWA BARAT,32.01,KAB. BOGOR,32.01.24,CIAWI,32.01.24.2013,BITUNGSARI,16724,16720,16724,exact_match,true,false,BITUNGSARI,1,1,https://kodepos.posindonesia.co.id/CariKodepos,Rate-limited internal observation; exact hierarchy match; requires adjudication before promotion.
pos_indonesia_postcode_search,2026-08-11,32,JAWA BARAT,32.01,KAB. BOGOR,32.01.25,CISARUA,32.01.25.2001,BATULAYANG,16755,16750,16755,exact_match,true,false,BATULAYANG,3,1,https://kodepos.posindonesia.co.id/CariKodepos,Rate-limited internal observation; exact hierarchy match; requires adjudication before promotion.
pos_indonesia_postcode_search,2026-08-11,32,JAWA BARAT,32.01,KAB. BOGOR,32.01.25,CISARUA,32.01.25.2002,JOGJOGAN,16756,16750,16756,exact_match,true,false,JOGJOGAN,1,1,https://kodepos.posindonesia.co.id/CariKodepos,Rate-limited internal observation; exact hierarchy match; requires adjudication before promotion.
pos_indonesia_postcode_search,2026-08-11,32,JAWA BARAT,32.01,KAB. BOGOR,32.01.25,CISARUA,32.01.25.2003,CIBEUREUM,16753,16750,16753,exact_match,true,false,CIBEUREUM,34,1,https://kodepos.posindonesia.co.id/CariKodepos,Rate-limited internal observation; exact hierarchy match; requires adjudication before promotion.
pos_indonesia_postcode_search,2026-08-11,32,JAWA BARAT,32.01,KAB. BOGOR,32.01.25,CISARUA,32.01.25.2004,CILEMBER,16756,16750,16757,exact_match,false,false,CILEMBER,1,1,https://kodepos.posindonesia.co.id/CariKodepos,Rate-limited internal observation; exact hierarchy match; requires adjudication before promotion.
pos_indonesia_postcode_search,2026-08-11,32,JAWA BARAT,32.01,KAB. BOGOR,32.01.25,CISARUA,32.01.25.2005,CITEKO,16752,16750,16752,exact_match,true,false,CITEKO,3,1,https://kodepos.posindonesia.co.id/CariKodepos,Rate-limited internal observation; exact hierarchy match; requires adjudication before promotion.
pos_indonesia_postcode_search,2026-08-11,32,JAWA BARAT,32.01,KAB. BOGOR,32.01.25,CISARUA,32.01.25.2006,TUGU SELATAN,16754,16750,16754,exact_match,true,false,TUGU SELATAN,2,1,https://kodepos.posindonesia.co.id/CariKodepos,Rate-limited internal observation; exact hierarchy match; requires adjudication before promotion.
pos_indonesia_postcode_search,2026-08-11,32,JAWA BARAT,32.01,KAB. BOGOR,32.01.25,CISARUA,32.01.25.2007,LEUWIMALANG,16751,16750,16751,exact_match,true,false,LEUWIMALANG,1,1,https://kodepos.posindonesia.co.id/CariKodepos,Rate-limited internal observation; exact hierarchy match; requires adjudication before promotion.
pos_indonesia_postcode_search,2026-08-11,32,JAWA BARAT,32.01,KAB. BOGOR,32.01.25,CISARUA,32.01.25.2008,KOPO,16758,16750,16758,exact_match,true,false,KOPO,23,1,https://kodepos.posindonesia.co.id/CariKodepos,Rate-limited internal observation; exact hierarchy match; requires adjudication before promotion.
pos_indonesia_postcode_search,2026-08-11,32,JAWA BARAT,32.01,KAB. BOGOR,32.01.25,CISARUA,32.01.25.2009,TUGU UTARA,16754,16750,16754,exact_match,true,false,TUGU UTARA,2,1,https://kodepos.posindonesia.co.id/CariKodepos,Rate-limited internal observation; exact hierarchy match; requires adjudication before promotion.
pos_indonesia_postcode_search,2026-08-11,32,JAWA BARAT,32.01,KAB. BOGOR,32.01.26,MEGAMENDUNG,32.01.26.2001,SUKAMAJU,16775,16770,16775,exact_match,true,false,SUKAMAJU,91,1,https://kodepos.posindonesia.co.id/CariKodepos,Rate-limited internal observation; exact hierarchy match; requires adjudication before promotion.
pos_indonesia_postcode_search,2026-08-11,32,JAWA BARAT,32.01,KAB. BOGOR,32.01.26,MEGAMENDUNG,32.01.26.2002,KUTA,16779,16770,16779,exact_match,true,false,KUTA,1081,1,https://kodepos.posindonesia.co.id/CariKodepos,Rate-limited internal observation; exact hierarchy match; requires adjudication before promotion.
pos_indonesia_postcode_search,2026-08-11,32,JAWA BARAT,32.01,KAB. BOGOR,32.01.26,MEGAMENDUNG,32.01.26.2003,GADOG,16773,16770,16773,exact_match,true,false,GADOG,6,1,https://kodepos.posindonesia.co.id/CariKodepos,Rate-limited internal observation; exact hierarchy match; requires adjudication before promotion.
pos_indonesia_postcode_search,2026-08-11,32,JAWA BARAT,32.01,KAB. BOGOR,32.01.26,MEGAMENDUNG,32.01.26.2004,SUKAKARYA,16774,16770,16774,exact_match,true,false,SUKAKARYA,19,1,https://kodepos.posindonesia.co.id/CariKodepos,Rate-limited internal observation; exact hierarchy match; requires adjudication before promotion.
pos_indonesia_postcode_search,2026-08-11,32,JAWA BARAT,32.01,KAB. BOGOR,32.01.26,MEGAMENDUNG,32.01.26.2005,MEGAMENDUNG,16771,16770,16771,exact_match,true,false,MEGAMENDUNG,12,1,https://kodepos.posindonesia.co.id/CariKodepos,Rate-limited internal observation; exact hierarchy match; requires adjudication before promotion.
pos_indonesia_postcode_search,2026-08-11,32,JAWA BARAT,32.01,KAB. BOGOR,32.01.26,MEGAMENDUNG,32.01.26.2007,SUKAMANAH,16777,16770,16777,exact_match,true,false,SUKAMANAH,32,1,https://kodepos.posindonesia.co.id/CariKodepos,Rate-limited internal observation; exact hierarchy match; requires adjudication before promotion.
pos_indonesia_postcode_search,2026-08-11,32,JAWA BARAT,32.01,KAB. BOGOR,32.01.26,MEGAMENDUNG,32.01.26.2008,SUKAGALIH,16776,16770,16776,exact_match,true,false,SUKAGALIH,8,1,https://kodepos.posindonesia.co.id/CariKodepos,Rate-limited internal observation; exact hierarchy match; requires adjudication before promotion.
pos_indonesia_postcode_search,2026-08-11,32,JAWA BARAT,32.01,KAB. BOGOR,32.01.26,MEGAMENDUNG,32.01.26.2009,CIPAYUNG GIRANG,16772,16770,16772,exact_match,true,false,CIPAYUNG GIRANG,1,1,https://kodepos.posindonesia.co.id/CariKodepos,Rate-limited internal observation; exact hierarchy match; requires adjudication before promotion.
pos_indonesia_postcode_search,2026-08-11,32,JAWA BARAT,32.01,KAB. BOGOR,32.01.26,MEGAMENDUNG,32.01.26.2010,SUKAMAHI,16775,16770,16774,exact_match,false,false,SUKAMAHI,5,1,https://kodepos.posindonesia.co.id/CariKodepos,Rate-limited internal observation; exact hierarchy match; requires adjudication before promotion.
pos_indonesia_postcode_search,2026-08-11,32,JAWA BARAT,32.01,KAB. BOGOR,32.01.26,MEGAMENDUNG,32.01.26.2011,SUKARESMI,16778,16770,16778,exact_match,true,false,SUKARESMI,38,1,https://kodepos.posindonesia.co.id/CariKodepos,Rate-limited internal observation; exact hierarchy match; requires adjudication before promotion.
pos_indonesia_postcode_search,2026-08-11,32,JAWA BARAT,32.01,KAB. BOGOR,32.01.26,MEGAMENDUNG,32.01.26.2012,PASIR ANGIN,16772,16770,16772,exact_match,true,false,PASIR ANGIN,1,1,https://kodepos.posindonesia.co.id/CariKodepos,Rate-limited internal observation; exact hierarchy match; requires adjudication before promotion.
pos_indonesia_postcode_search,2026-08-11,32,JAWA BARAT,32.01,KAB. BOGOR,32.01.27,CARINGIN,32.01.27.2001,PASIR MUNCANG,16733,16730,16733,exact_match,true,false,PASIR MUNCANG,2,1,https://kodepos.posindonesia.co.id/CariKodepos,Rate-limited internal observation; exact hierarchy match; requires adjudication before promotion.
pos_indonesia_postcode_search,2026-08-11,32,JAWA BARAT,32.01,KAB. BOGOR,32.01.27,CARINGIN,32.01.27.2002,CIMANDE HILIR,16731,16730,16731,exact_match,true,false,CIMANDE HILIR,1,1,https://kodepos.posindonesia.co.id/CariKodepos,Rate-limited internal observation; exact hierarchy match; requires adjudication before promotion.
pos_indonesia_postcode_search,2026-08-11,32,JAWA BARAT,32.01,KAB. BOGOR,32.01.27,CARINGIN,32.01.27.2003,CIDERUM,16737,16730,16737,exact_match,true,false,CIDERUM,1,1,https://kodepos.posindonesia.co.id/CariKodepos,Rate-limited internal observation; exact hierarchy match; requires adjudication before promotion.
pos_indonesia_postcode_search,2026-08-11,32,JAWA BARAT,32.01,KAB. BOGOR,32.01.27,CARINGIN,32.01.27.2005,CIHERANG PONDOK,16738,16730,16738,exact_match,true,false,CIHERANG PONDOK,1,1,https://kodepos.posindonesia.co.id/CariKodepos,Rate-limited internal observation; exact hierarchy match; requires adjudication before promotion.
pos_indonesia_postcode_search,2026-08-11,32,JAWA BARAT,32.01,KAB. BOGOR,32.01.27,CARINGIN,32.01.27.2006,CINAGARA,16734,16730,16734,exact_match,true,false,CINAGARA,3,1,https://kodepos.posindonesia.co.id/CariKodepos,Rate-limited internal observation; exact hierarchy match; requires adjudication before promotion.
pos_indonesia_postcode_search,2026-08-11,32,JAWA BARAT,32.01,KAB. BOGOR,32.01.27,CARINGIN,32.01.27.2007,CIMANDE,16736,16730,16736,exact_match,true,false,CIMANDE,2,1,https://kodepos.posindonesia.co.id/CariKodepos,Rate-limited internal observation; exact hierarchy match; requires adjudication before promotion.
pos_indonesia_postcode_search,2026-08-11,32,JAWA BARAT,32.01,KAB. BOGOR,32.01.27,CARINGIN,32.01.27.2008,PANCAWATI,16736,16730,16736,exact_match,true,false,PANCAWATI,2,1,https://kodepos.posindonesia.co.id/CariKodepos,Rate-limited internal observation; exact hierarchy match; requires adjudication before promotion.
pos_indonesia_postcode_search,2026-08-11,32,JAWA BARAT,32.01,KAB. BOGOR,32.01.27,CARINGIN,32.01.27.2010,BASIR BUNCIR,16735,16730,16735,exact_match,true,false,BASIR BUNCIR,1,1,https://kodepos.posindonesia.co.id/CariKodepos,Rate-limited internal observation; exact hierarchy match; requires adjudication before promotion.
pos_indonesia_postcode_search,2026-08-11,32,JAWA BARAT,32.01,KAB. BOGOR,32.01.27,CARINGIN,32.01.27.2011,LEMAH DUHUR,16737,16730,16737,exact_match,true,false,LEMAH DUHUR,1,1,https://kodepos.posindonesia.co.id/CariKodepos,Rate-limited internal observation; exact hierarchy match; requires adjudication before promotion.
pos_indonesia_postcode_search,2026-08-11,32,JAWA BARAT,32.01,KAB. BOGOR,32.01.27,CARINGIN,32.01.27.2012,TANGKIL,16737,16730,16737,exact_match,true,false,TANGKIL,23,1,https://kodepos.posindonesia.co.id/CariKodepos,Rate-limited internal observation; exact hierarchy match; requires adjudication before promotion.
pos_indonesia_postcode_search,2026-08-11,32,JAWA BARAT,32.01,KAB. BOGOR,32.01.28,CIJERUK,32.01.28.2001,CIJERUK,16782,16740,16782,exact_match,true,false,CIJERUK,13,1,https://kodepos.posindonesia.co.id/CariKodepos,Rate-limited internal observation; exact hierarchy match; requires adjudication before promotion.
pos_indonesia_postcode_search,2026-08-11,32,JAWA BARAT,32.01,KAB. BOGOR,32.01.28,CIJERUK,32.01.28.2002,CIPELANG,16781,16740,16781,exact_match,true,false,CIPELANG,2,1,https://kodepos.posindonesia.co.id/CariKodepos,Rate-limited internal observation; exact hierarchy match; requires adjudication before promotion.
pos_indonesia_postcode_search,2026-08-11,32,JAWA BARAT,32.01,KAB. BOGOR,32.01.28,CIJERUK,32.01.28.2003,WARUNG MENTENG,16783,16740,16783,exact_match,true,false,WARUNG MENTENG,1,1,https://kodepos.posindonesia.co.id/CariKodepos,Rate-limited internal observation; exact hierarchy match; requires adjudication before promotion.
pos_indonesia_postcode_search,2026-08-11,32,JAWA BARAT,32.01,KAB. BOGOR,32.01.28,CIJERUK,32.01.28.2004,TAJUR HALANG,16788,16740,16788,exact_match,true,false,TAJUR HALANG,1,1,https://kodepos.posindonesia.co.id/CariKodepos,Rate-limited internal observation; exact hierarchy match; requires adjudication before promotion.
pos_indonesia_postcode_search,2026-08-11,32,JAWA BARAT,32.01,KAB. BOGOR,32.01.28,CIJERUK,32.01.28.2005,CIPICUNG,16785,16740,16785,exact_match,true,false,CIPICUNG,17,1,https://kodepos.posindonesia.co.id/CariKodepos,Rate-limited internal observation; exact hierarchy match; requires adjudication before promotion.
pos_indonesia_postcode_search,2026-08-11,32,JAWA BARAT,32.01,KAB. BOGOR,32.01.28,CIJERUK,32.01.28.2006,CIBALUNG,16784,16740,16784,exact_match,true,false,CIBALUNG,2,1,https://kodepos.posindonesia.co.id/CariKodepos,Rate-limited internal observation; exact hierarchy match; requires adjudication before promotion.
pos_indonesia_postcode_search,2026-08-11,32,JAWA BARAT,32.01,KAB. BOGOR,32.01.28,CIJERUK,32.01.28.2007,SUKAHARJA,16787,16740,16787,exact_match,true,false,SUKAHARJA,11,1,https://kodepos.posindonesia.co.id/CariKodepos,Rate-limited internal observation; exact hierarchy match; requires adjudication before promotion.
pos_indonesia_postcode_search,2026-08-11,32,JAWA BARAT,32.01,KAB. BOGOR,32.01.28,CIJERUK,32.01.28.2008,PALASARI,16786,16740,16786,exact_match,true,false,PALASARI,8,1,https://kodepos.posindonesia.co.id/CariKodepos,Rate-limited internal observation; exact hierarchy match; requires adjudication before promotion.
pos_indonesia_postcode_search,2026-08-11,32,JAWA BARAT,32.01,KAB. BOGOR,32.01.28,CIJERUK,32.01.28.2009,TANJUNGSARI,16789,16740,16789,exact_match,true,false,TANJUNGSARI,85,1,https://kodepos.posindonesia.co.id/CariKodepos,Rate-limited internal observation; exact hierarchy match; requires adjudication before promotion.
pos_indonesia_postcode_search,2026-08-11,32,JAWA BARAT,32.01,KAB. BOGOR,32.01.29,CIOMAS,32.01.29.1003,PADASUKA,16611,16610,16611,exact_match,true,false,PADASUKA,16,1,https://kodepos.posindonesia.co.id/CariKodepos,Rate-limited internal observation; exact hierarchy match; requires adjudication before promotion.
pos_indonesia_postcode_search,2026-08-11,32,JAWA BARAT,32.01,KAB. BOGOR,32.01.29,CIOMAS,32.01.29.2001,MEKARJAYA,16619,16610,16619,exact_match,true,false,MEKARJAYA,55,1,https://kodepos.posindonesia.co.id/CariKodepos,Rate-limited internal observation; exact hierarchy match; requires adjudication before promotion.
pos_indonesia_postcode_search,2026-08-11,32,JAWA BARAT,32.01,KAB. BOGOR,32.01.29,CIOMAS,32.01.29.2002,SUKAHARJA,16615,16610,16615,exact_match,true,false,SUKAHARJA,11,1,https://kodepos.posindonesia.co.id/CariKodepos,Rate-limited internal observation; exact hierarchy match; requires adjudication before promotion.
pos_indonesia_postcode_search,2026-08-11,32,JAWA BARAT,32.01,KAB. BOGOR,32.01.29,CIOMAS,32.01.29.2004,PARAKAN,16616,16610,16616,exact_match,true,false,PARAKAN,50,1,https://kodepos.posindonesia.co.id/CariKodepos,Rate-limited internal observation; exact hierarchy match; requires adjudication before promotion.
pos_indonesia_postcode_search,2026-08-11,32,JAWA BARAT,32.01,KAB. BOGOR,32.01.29,CIOMAS,32.01.29.2005,CIOMAS,16612,16610,16612,exact_match,true,false,CIOMAS,28,1,https://kodepos.posindonesia.co.id/CariKodepos,Rate-limited internal observation; exact hierarchy match; requires adjudication before promotion.
pos_indonesia_postcode_search,2026-08-11,32,JAWA BARAT,32.01,KAB. BOGOR,32.01.29,CIOMAS,32.01.29.2006,PAGELARAN,16617,16610,16617,exact_match,true,false,PAGELARAN,73,1,https://kodepos.posindonesia.co.id/CariKodepos,Rate-limited internal observation; exact hierarchy match; requires adjudication before promotion.
pos_indonesia_postcode_search,2026-08-11,32,JAWA BARAT,32.01,KAB. BOGOR,32.01.29,CIOMAS,32.01.29.2007,SUKAMAKMUR,16615,16610,16615,exact_match,true,false,SUKAMAKMUR,52,1,https://kodepos.posindonesia.co.id/CariKodepos,Rate-limited internal observation; exact hierarchy match; requires adjudication before promotion.
pos_indonesia_postcode_search,2026-08-11,32,JAWA BARAT,32.01,KAB. BOGOR,32.01.29,CIOMAS,32.01.29.2008,CIAPUS,40377,16610,16614,exact_match,false,false,CIAPUS,3,1,https://kodepos.posindonesia.co.id/CariKodepos,Rate-limited internal observation; exact hierarchy match; requires adjudication before promotion.
pos_indonesia_postcode_search,2026-08-11,32,JAWA BARAT,32.01,KAB. BOGOR,32.01.29,CIOMAS,32.01.29.2009,KOTA BATU,16618,16610,16618,exact_match,true,false,KOTA BATU,31,1,https://kodepos.posindonesia.co.id/CariKodepos,Rate-limited internal observation; exact hierarchy match; requires adjudication before promotion.
pos_indonesia_postcode_search,2026-08-11,32,JAWA BARAT,32.01,KAB. BOGOR,32.01.29,CIOMAS,32.01.29.2010,LALADON,16613,16610,16613,exact_match,true,false,LALADON,1,1,https://kodepos.posindonesia.co.id/CariKodepos,Rate-limited internal observation; exact hierarchy match; requires adjudication before promotion.
pos_indonesia_postcode_search,2026-08-11,32,JAWA BARAT,32.01,KAB. BOGOR,32.01.29,CIOMAS,32.01.29.2011,CIOMAS RAHAYU,16612,16610,16612,exact_match,true,false,CIOMAS RAHAYU,1,1,https://kodepos.posindonesia.co.id/CariKodepos,Rate-limited internal observation; exact hierarchy match; requires adjudication before promotion.
pos_indonesia_postcode_search,2026-08-11,32,JAWA BARAT,32.01,KAB. BOGOR,32.01.30,DRAMAGA,32.01.30.2001,SUKADAMAI,16685,16680,16685,exact_match,true,false,SUKADAMAI,11,1,https://kodepos.posindonesia.co.id/CariKodepos,Rate-limited internal observation; exact hierarchy match; requires adjudication before promotion.
pos_indonesia_postcode_search,2026-08-11,32,JAWA BARAT,32.01,KAB. BOGOR,32.01.30,DRAMAGA,32.01.30.2002,CIHERANG,16687,16680,16687,exact_match,true,false,CIHERANG,15,1,https://kodepos.posindonesia.co.id/CariKodepos,Rate-limited internal observation; exact hierarchy match; requires adjudication before promotion.
pos_indonesia_postcode_search,2026-08-11,32,JAWA BARAT,32.01,KAB. BOGOR,32.01.30,DRAMAGA,32.01.30.2004,SUKAWENING,16686,16680,16686,exact_match,true,false,SUKAWENING,15,1,https://kodepos.posindonesia.co.id/CariKodepos,Rate-limited internal observation; exact hierarchy match; requires adjudication before promotion.
pos_indonesia_postcode_search,2026-08-11,32,JAWA BARAT,32.01,KAB. BOGOR,32.01.30,DRAMAGA,32.01.30.2005,PETIR,16683,16680,16683,exact_match,true,false,PETIR,34,1,https://kodepos.posindonesia.co.id/CariKodepos,Rate-limited internal observation; exact hierarchy match; requires adjudication before promotion.
pos_indonesia_postcode_search,2026-08-11,32,JAWA BARAT,32.01,KAB. BOGOR,32.01.30,DRAMAGA,32.01.30.2006,PURWASARI,16684,16680,16684,exact_match,true,false,PURWASARI,16,1,https://kodepos.posindonesia.co.id/CariKodepos,Rate-limited internal observation; exact hierarchy match; requires adjudication before promotion.
pos_indonesia_postcode_search,2026-08-11,32,JAWA BARAT,32.01,KAB. BOGOR,32.01.30,DRAMAGA,32.01.30.2007,CIKARAWANG,16688,16680,16688,exact_match,true,false,CIKARAWANG,1,1,https://kodepos.posindonesia.co.id/CariKodepos,Rate-limited internal observation; exact hierarchy match; requires adjudication before promotion.
pos_indonesia_postcode_search,2026-08-11,32,JAWA BARAT,32.01,KAB. BOGOR,32.01.30,DRAMAGA,32.01.30.2008,BABAKAN,16689,16680,16689,exact_match,true,false,BABAKAN,104,1,https://kodepos.posindonesia.co.id/CariKodepos,Rate-limited internal observation; exact hierarchy match; requires adjudication before promotion.
pos_indonesia_postcode_search,2026-08-11,32,JAWA BARAT,32.01,KAB. BOGOR,32.01.30,DRAMAGA,32.01.30.2009,DRAMAGA,16681,16680,16681,exact_match,true,false,DRAMAGA,10,1,https://kodepos.posindonesia.co.id/CariKodepos,Rate-limited internal observation; exact hierarchy match; requires adjudication before promotion.
pos_indonesia_postcode_search,2026-08-11,32,JAWA BARAT,32.01,KAB. BOGOR,32.01.30,DRAMAGA,32.01.30.2010,NEGLASARI,16682,16680,16682,exact_match,true,false,NEGLASARI,38,1,https://kodepos.posindonesia.co.id/CariKodepos,Rate-limited internal observation; exact hierarchy match; requires adjudication before promotion.
pos_indonesia_postcode_search,2026-08-11,32,JAWA BARAT,32.01,KAB. BOGOR,32.01.33,CISEENG,32.01.33.2001,PUTAT NUTUG,16384,16120,16384,exact_match,true,false,PUTAT NUTUG,1,1,https://kodepos.posindonesia.co.id/CariKodepos,Rate-limited internal observation; exact hierarchy match; requires adjudication before promotion.
pos_indonesia_postcode_search,2026-08-11,32,JAWA BARAT,32.01,KAB. BOGOR,32.01.33,CISEENG,32.01.33.2002,CISEENG,16387,16120,16387,exact_match,true,false,CISEENG,10,1,https://kodepos.posindonesia.co.id/CariKodepos,Rate-limited internal observation; exact hierarchy match; requires adjudication before promotion.
pos_indonesia_postcode_search,2026-08-11,32,JAWA BARAT,32.01,KAB. BOGOR,32.01.33,CISEENG,32.01.33.2003,PARIGI MEKAR,16388,16120,16388,exact_match,true,false,PARIGI MEKAR,1,1,https://kodepos.posindonesia.co.id/CariKodepos,Rate-limited internal observation; exact hierarchy match; requires adjudication before promotion.
pos_indonesia_postcode_search,2026-08-11,32,JAWA BARAT,32.01,KAB. BOGOR,32.01.33,CISEENG,32.01.33.2004,CIBENTANG,16387,16120,16381,exact_match,false,false,CIBENTANG,4,1,https://kodepos.posindonesia.co.id/CariKodepos,Rate-limited internal observation; exact hierarchy match; requires adjudication before promotion.
pos_indonesia_postcode_search,2026-08-11,32,JAWA BARAT,32.01,KAB. BOGOR,32.01.33,CISEENG,32.01.33.2005,CIBEUTEUNG UDIK,16383,16120,16383,exact_match,true,false,CIBEUTEUNG UDIK,1,1,https://kodepos.posindonesia.co.id/CariKodepos,Rate-limited internal observation; exact hierarchy match; requires adjudication before promotion.
pos_indonesia_postcode_search,2026-08-11,32,JAWA BARAT,32.01,KAB. BOGOR,32.01.33,CISEENG,32.01.33.2006,KARIHKIL,16385,16120,16385,exact_match,true,false,KARIHKIL,1,1,https://kodepos.posindonesia.co.id/CariKodepos,Rate-limited internal observation; exact hierarchy match; requires adjudication before promotion.
pos_indonesia_postcode_search,2026-08-11,32,JAWA BARAT,32.01,KAB. BOGOR,32.01.33,CISEENG,32.01.33.2007,BABAKAN,16386,16120,16386,exact_match,true,false,BABAKAN,104,1,https://kodepos.posindonesia.co.id/CariKodepos,Rate-limited internal observation; exact hierarchy match; requires adjudication before promotion.
pos_indonesia_postcode_search,2026-08-11,32,JAWA BARAT,32.01,KAB. BOGOR,32.01.33,CISEENG,32.01.33.2009,CIBEUTEUNG MUARA,16383,16120,16383,exact_match,true,false,CIBEUTEUNG MUARA,1,1,https://kodepos.posindonesia.co.id/CariKodepos,Rate-limited internal observation; exact hierarchy match; requires adjudication before promotion.
pos_indonesia_postcode_search,2026-08-11,32,JAWA BARAT,32.01,KAB. BOGOR,32.01.33,CISEENG,32.01.33.2010,KURIPAN,16382,16120,16382,exact_match,true,false,KURIPAN,49,1,https://kodepos.posindonesia.co.id/CariKodepos,Rate-limited internal observation; exact hierarchy match; requires adjudication before promotion.
pos_indonesia_postcode_search,2026-08-11,32,JAWA BARAT,32.01,KAB. BOGOR,32.01.38,CIGOMBONG,32.01.38.2001,CIGOMBONG,16741,16110,16741,exact_match,true,false,CIGOMBONG,9,1,https://kodepos.posindonesia.co.id/CariKodepos,Rate-limited internal observation; exact hierarchy match; requires adjudication before promotion.
pos_indonesia_postcode_search,2026-08-11,32,JAWA BARAT,32.01,KAB. BOGOR,32.01.38,CIGOMBONG,32.01.38.2002,WATESJAYA,16742,16110,16742,exact_match,true,false,WATESJAYA,1,1,https://kodepos.posindonesia.co.id/CariKodepos,Rate-limited internal observation; exact hierarchy match; requires adjudication before promotion.
pos_indonesia_postcode_search,2026-08-11,32,JAWA BARAT,32.01,KAB. BOGOR,32.01.38,CIGOMBONG,32.01.38.2003,CIBURUY,16745,16110,16745,exact_match,true,false,CIBURUY,4,1,https://kodepos.posindonesia.co.id/CariKodepos,Rate-limited internal observation; exact hierarchy match; requires adjudication before promotion.
pos_indonesia_postcode_search,2026-08-11,32,JAWA BARAT,32.01,KAB. BOGOR,32.01.38,CIGOMBONG,32.01.38.2004,SROGOL,16743,16110,16743,exact_match,true,false,SROGOL,1,1,https://kodepos.posindonesia.co.id/CariKodepos,Rate-limited internal observation; exact hierarchy match; requires adjudication before promotion.
pos_indonesia_postcode_search,2026-08-11,32,JAWA BARAT,32.01,KAB. BOGOR,32.01.38,CIGOMBONG,32.01.38.2005,CISALADA,16748,16110,16748,exact_match,true,false,CISALADA,2,1,https://kodepos.posindonesia.co.id/CariKodepos,Rate-limited internal observation; exact hierarchy match; requires adjudication before promotion.
pos_indonesia_postcode_search,2026-08-11,32,JAWA BARAT,32.01,KAB. BOGOR,32.01.38,CIGOMBONG,32.01.38.2008,CIBURAYUT,16746,16110,16746,exact_match,true,false,CIBURAYUT,1,1,https://kodepos.posindonesia.co.id/CariKodepos,Rate-limited internal observation; exact hierarchy match; requires adjudication before promotion.
pos_indonesia_postcode_search,2026-08-11,32,JAWA BARAT,32.01,KAB. BOGOR,32.01.38,CIGOMBONG,32.01.38.2009,CIADEG,16741,16110,16744,exact_match,false,false,CIADEG,1,1,https://kodepos.posindonesia.co.id/CariKodepos,Rate-limited internal observation; exact hierarchy match; requires adjudication before promotion.
pos_indonesia_postcode_search,2026-08-11,32,JAWA BARAT,32.02,KAB. SUKABUMI,32.02.03,CIKAKAK,32.02.03.2004,SUKAMAJU,43391,43365,43365,exact_match,false,true,SUKAMAJU,91,1,https://kodepos.posindonesia.co.id/CariKodepos,Rate-limited internal observation; exact hierarchy match; requires adjudication before promotion.
pos_indonesia_postcode_search,2026-08-11,32,JAWA BARAT,32.02,KAB. SUKABUMI,32.02.07,LENGKONG,32.02.07.2001,LENGKONG,43374,43174,43374,exact_match,true,false,LENGKONG,91,1,https://kodepos.posindonesia.co.id/CariKodepos,Rate-limited internal observation; exact hierarchy match; requires adjudication before promotion.
pos_indonesia_postcode_search,2026-08-11,32,JAWA BARAT,32.02,KAB. SUKABUMI,32.02.07,LENGKONG,32.02.07.2002,CILANGKAP,43374,43174,43374,exact_match,true,false,CILANGKAP,10,1,https://kodepos.posindonesia.co.id/CariKodepos,Rate-limited internal observation; exact hierarchy match; requires adjudication before promotion.
pos_indonesia_postcode_search,2026-08-11,32,JAWA BARAT,32.02,KAB. SUKABUMI,32.02.07,LENGKONG,32.02.07.2003,TEGALLEGA,43374,43174,43374,exact_match,true,false,TEGALLEGA,7,1,https://kodepos.posindonesia.co.id/CariKodepos,Rate-limited internal observation; exact hierarchy match; requires adjudication before promotion.
pos_indonesia_postcode_search,2026-08-11,32,JAWA BARAT,32.02,KAB. SUKABUMI,32.02.07,LENGKONG,32.02.07.2004,NEGLASARI,43374,43174,43374,exact_match,true,false,NEGLASARI,38,1,https://kodepos.posindonesia.co.id/CariKodepos,Rate-limited internal observation; exact hierarchy match; requires adjudication before promotion.
pos_indonesia_postcode_search,2026-08-11,32,JAWA BARAT,32.02,KAB. SUKABUMI,32.02.07,LENGKONG,32.02.07.2005,LANGKAPJAYA,43374,43174,43374,exact_match,true,false,LANGKAPJAYA,1,1,https://kodepos.posindonesia.co.id/CariKodepos,Rate-limited internal observation; exact hierarchy match; requires adjudication before promotion.
pos_indonesia_postcode_search,2026-08-11,32,JAWA BARAT,32.02,KAB. SUKABUMI,32.02.08,JAMPANGTENGAH,32.02.08.2001,JAMPANGTENGAH,43371,43171,43371,exact_match,true,false,JAMPANGTENGAH,11,1,https://kodepos.posindonesia.co.id/CariKodepos,Rate-limited internal observation; exact hierarchy match; requires adjudication before promotion.
pos_indonesia_postcode_search,2026-08-11,32,JAWA BARAT,32.02,KAB. SUKABUMI,32.02.08,JAMPANGTENGAH,32.02.08.2002,PADABEUNGHAR,43371,43171,43371,exact_match,true,false,PADABEUNGHAR,2,1,https://kodepos.posindonesia.co.id/CariKodepos,Rate-limited internal observation; exact hierarchy match; requires adjudication before promotion.
pos_indonesia_postcode_search,2026-08-11,32,JAWA BARAT,32.02,KAB. SUKABUMI,32.02.08,JAMPANGTENGAH,32.02.08.2003,BANTARPANJANG,43371,43171,43371,exact_match,true,false,BANTARPANJANG,3,1,https://kodepos.posindonesia.co.id/CariKodepos,Rate-limited internal observation; exact hierarchy match; requires adjudication before promotion.
pos_indonesia_postcode_search,2026-08-11,32,JAWA BARAT,32.02,KAB. SUKABUMI,32.02.08,JAMPANGTENGAH,32.02.08.2004,BOJONGJENGKOL,43371,43171,43371,exact_match,true,false,BOJONGJENGKOL,2,1,https://kodepos.posindonesia.co.id/CariKodepos,Rate-limited internal observation; exact hierarchy match; requires adjudication before promotion.
pos_indonesia_postcode_search,2026-08-11,32,JAWA BARAT,32.02,KAB. SUKABUMI,32.02.08,JAMPANGTENGAH,32.02.08.2005,NANGERANG,43371,43171,43371,exact_match,true,false,NANGERANG,3,1,https://kodepos.posindonesia.co.id/CariKodepos,Rate-limited internal observation; exact hierarchy match; requires adjudication before promotion.
pos_indonesia_postcode_search,2026-08-11,32,JAWA BARAT,32.02,KAB. SUKABUMI,32.02.08,JAMPANGTENGAH,32.02.08.2006,TANJUNGSARI,43371,43171,43371,exact_match,true,false,TANJUNGSARI,85,1,https://kodepos.posindonesia.co.id/CariKodepos,Rate-limited internal observation; exact hierarchy match; requires adjudication before promotion.
pos_indonesia_postcode_search,2026-08-11,32,JAWA BARAT,32.02,KAB. SUKABUMI,32.02.08,JAMPANGTENGAH,32.02.08.2007,SINDANGRESMI,43371,43171,43371,exact_match,true,false,SINDANGRESMI,11,1,https://kodepos.posindonesia.co.id/CariKodepos,Rate-limited internal observation; exact hierarchy match; requires adjudication before promotion.
pos_indonesia_postcode_search,2026-08-11,32,JAWA BARAT,32.02,KAB. SUKABUMI,32.02.08,JAMPANGTENGAH,32.02.08.2008,PANUMBANGAN,43371,43171,43371,exact_match,true,false,PANUMBANGAN,15,1,https://kodepos.posindonesia.co.id/CariKodepos,Rate-limited internal observation; exact hierarchy match; requires adjudication before promotion.
pos_indonesia_postcode_search,2026-08-11,32,JAWA BARAT,32.02,KAB. SUKABUMI,32.02.08,JAMPANGTENGAH,32.02.08.2009,CIJULANG,43371,43171,43371,exact_match,true,false,CIJULANG,10,1,https://kodepos.posindonesia.co.id/CariKodepos,Rate-limited internal observation; exact hierarchy match; requires adjudication before promotion.
pos_indonesia_postcode_search,2026-08-11,32,JAWA BARAT,32.02,KAB. SUKABUMI,32.02.08,JAMPANGTENGAH,32.02.08.2010,BANTARAGUNG,43371,43171,43371,exact_match,true,false,BANTARAGUNG,2,1,https://kodepos.posindonesia.co.id/CariKodepos,Rate-limited internal observation; exact hierarchy match; requires adjudication before promotion.
pos_indonesia_postcode_search,2026-08-11,32,JAWA BARAT,32.02,KAB. SUKABUMI,32.02.08,JAMPANGTENGAH,32.02.08.2011,BOJONGTIPAR,43371,43171,43371,exact_match,true,false,BOJONGTIPAR,1,1,https://kodepos.posindonesia.co.id/CariKodepos,Rate-limited internal observation; exact hierarchy match; requires adjudication before promotion.
pos_indonesia_postcode_search,2026-08-11,32,JAWA BARAT,32.02,KAB. SUKABUMI,32.02.10,CIKEMBAR,32.02.10.2001,CIKEMBAR,43347,43157,43347,exact_match,true,false,CIKEMBAR,10,1,https://kodepos.posindonesia.co.id/CariKodepos,Rate-limited internal observation; exact hierarchy match; requires adjudication before promotion.
pos_indonesia_postcode_search,2026-08-11,32,JAWA BARAT,32.02,KAB. SUKABUMI,32.02.10,CIKEMBAR,32.02.10.2002,PARAKANLIMA,43347,43157,43347,exact_match,true,false,PARAKANLIMA,3,1,https://kodepos.posindonesia.co.id/CariKodepos,Rate-limited internal observation; exact hierarchy match; requires adjudication before promotion.
pos_indonesia_postcode_search,2026-08-11,32,JAWA BARAT,32.02,KAB. SUKABUMI,32.02.10,CIKEMBAR,32.02.10.2003,BOJONG,43347,43157,43347,exact_match,true,false,BOJONG,278,1,https://kodepos.posindonesia.co.id/CariKodepos,Rate-limited internal observation; exact hierarchy match; requires adjudication before promotion.
pos_indonesia_postcode_search,2026-08-11,32,JAWA BARAT,32.02,KAB. SUKABUMI,32.02.10,CIKEMBAR,32.02.10.2004,CIMANGGU,43347,43157,43347,exact_match,true,false,CIMANGGU,55,1,https://kodepos.posindonesia.co.id/CariKodepos,Rate-limited internal observation; exact hierarchy match; requires adjudication before promotion.
pos_indonesia_postcode_search,2026-08-11,32,JAWA BARAT,32.02,KAB. SUKABUMI,32.02.10,CIKEMBAR,32.02.10.2005,BOJONGKEMBAR,43347,43157,43347,exact_match,true,false,BOJONGKEMBAR,1,1,https://kodepos.posindonesia.co.id/CariKodepos,Rate-limited internal observation; exact hierarchy match; requires adjudication before promotion.
pos_indonesia_postcode_search,2026-08-11,32,JAWA BARAT,32.02,KAB. SUKABUMI,32.02.10,CIKEMBAR,32.02.10.2006,SUKAMAJU,43347,43157,43347,exact_match,true,false,SUKAMAJU,91,1,https://kodepos.posindonesia.co.id/CariKodepos,Rate-limited internal observation; exact hierarchy match; requires adjudication before promotion.
pos_indonesia_postcode_search,2026-08-11,32,JAWA BARAT,32.02,KAB. SUKABUMI,32.02.10,CIKEMBAR,32.02.10.2007,CIBATU,43347,43157,43347,exact_match,true,false,CIBATU,28,1,https://kodepos.posindonesia.co.id/CariKodepos,Rate-limited internal observation; exact hierarchy match; requires adjudication before promotion.
pos_indonesia_postcode_search,2026-08-11,32,JAWA BARAT,32.02,KAB. SUKABUMI,32.02.10,CIKEMBAR,32.02.10.2008,KERTARAHARJA,43347,43157,43347,exact_match,true,false,KERTARAHARJA,8,1,https://kodepos.posindonesia.co.id/CariKodepos,Rate-limited internal observation; exact hierarchy match; requires adjudication before promotion.
pos_indonesia_postcode_search,2026-08-11,32,JAWA BARAT,32.02,KAB. SUKABUMI,32.02.10,CIKEMBAR,32.02.10.2009,SUKAMULYA,43347,43157,43347,exact_match,true,false,SUKAMULYA,56,1,https://kodepos.posindonesia.co.id/CariKodepos,Rate-limited internal observation; exact hierarchy match; requires adjudication before promotion.
pos_indonesia_postcode_search,2026-08-11,32,JAWA BARAT,32.02,KAB. SUKABUMI,32.02.10,CIKEMBAR,32.02.10.2010,BOJONGRAHARJA,43347,43157,43347,exact_match,true,false,BOJONGRAHARJA,1,1,https://kodepos.posindonesia.co.id/CariKodepos,Rate-limited internal observation; exact hierarchy match; requires adjudication before promotion.
pos_indonesia_postcode_search,2026-08-11,32,JAWA BARAT,32.02,KAB. SUKABUMI,32.02.11,CIBADAK,32.02.11.1001,CIBADAK,43351,43351,43351,exact_match,true,true,CIBADAK,37,1,https://kodepos.posindonesia.co.id/CariKodepos,Rate-limited internal observation; exact hierarchy match; requires adjudication before promotion.
pos_indonesia_postcode_search,2026-08-11,32,JAWA BARAT,32.02,KAB. SUKABUMI,32.02.11,CIBADAK,32.02.11.2005,NEGLASARI,43376,43351,43351,exact_match,false,true,NEGLASARI,38,1,https://kodepos.posindonesia.co.id/CariKodepos,Rate-limited internal observation; exact hierarchy match; requires adjudication before promotion.
pos_indonesia_postcode_search,2026-08-11,32,JAWA BARAT,32.02,KAB. SUKABUMI,32.02.11,CIBADAK,32.02.11.2007,TENJOJAYA,43373,43351,43351,exact_match,false,true,TENJOJAYA,1,1,https://kodepos.posindonesia.co.id/CariKodepos,Rate-limited internal observation; exact hierarchy match; requires adjudication before promotion.
pos_indonesia_postcode_search,2026-08-11,32,JAWA BARAT,32.02,KAB. SUKABUMI,32.02.14,BOJONGGENTENG,32.02.14.2004,CIPANENGAH,43378,43353,43353,exact_match,false,true,CIPANENGAH,2,1,https://kodepos.posindonesia.co.id/CariKodepos,Rate-limited internal observation; exact hierarchy match; requires adjudication before promotion.
pos_indonesia_postcode_search,2026-08-11,32,JAWA BARAT,32.02,KAB. SUKABUMI,32.02.16,CICURUG,32.02.16.2006,CISAAT,43342,43359,43359,exact_match,false,true,CISAAT,21,1,https://kodepos.posindonesia.co.id/CariKodepos,Rate-limited internal observation; exact hierarchy match; requires adjudication before promotion.
pos_indonesia_postcode_search,2026-08-11,32,JAWA BARAT,32.02,KAB. SUKABUMI,32.02.16,CICURUG,32.02.16.2008,CARINGIN,43397,43359,43359,exact_match,false,true,CARINGIN,39,1,https://kodepos.posindonesia.co.id/CariKodepos,Rate-limited internal observation; exact hierarchy match; requires adjudication before promotion.
pos_indonesia_postcode_search,2026-08-11,32,JAWA BARAT,32.02,KAB. SUKABUMI,32.02.16,CICURUG,32.02.16.2011,MEKARSARI,43396,43359,43359,exact_match,false,true,MEKARSARI,80,1,https://kodepos.posindonesia.co.id/CariKodepos,Rate-limited internal observation; exact hierarchy match; requires adjudication before promotion.
pos_indonesia_postcode_search,2026-08-11,32,JAWA BARAT,32.02,KAB. SUKABUMI,32.02.16,CICURUG,32.02.16.2012,BANGBAYANG,43287,43359,43359,exact_match,false,true,BANGBAYANG,7,1,https://kodepos.posindonesia.co.id/CariKodepos,Rate-limited internal observation; exact hierarchy match; requires adjudication before promotion.
pos_indonesia_postcode_search,2026-08-11,32,JAWA BARAT,32.02,KAB. SUKABUMI,32.02.17,CIDAHU,32.02.17.2001,PONDOKASO TONGGOH,43372,43358,43358,exact_match,false,true,PONDOKASO TONGGOH,1,1,https://kodepos.posindonesia.co.id/CariKodepos,Rate-limited internal observation; exact hierarchy match; requires adjudication before promotion.
pos_indonesia_postcode_search,2026-08-11,32,JAWA BARAT,32.02,KAB. SUKABUMI,32.02.17,CIDAHU,32.02.17.2002,BABAKANPARI,43372,43358,43358,exact_match,false,true,BABAKANPARI,1,1,https://kodepos.posindonesia.co.id/CariKodepos,Rate-limited internal observation; exact hierarchy match; requires adjudication before promotion.
pos_indonesia_postcode_search,2026-08-11,32,JAWA BARAT,32.02,KAB. SUKABUMI,32.02.17,CIDAHU,32.02.17.2003,PONDOKASO TENGAH,43372,43358,43358,exact_match,false,true,PONDOKASO TENGAH,1,1,https://kodepos.posindonesia.co.id/CariKodepos,Rate-limited internal observation; exact hierarchy match; requires adjudication before promotion.
pos_indonesia_postcode_search,2026-08-11,32,JAWA BARAT,32.02,KAB. SUKABUMI,32.02.17,CIDAHU,32.02.17.2005,TANGKIL,43372,43358,43358,exact_match,false,true,TANGKIL,23,1,https://kodepos.posindonesia.co.id/CariKodepos,Rate-limited internal observation; exact hierarchy match; requires adjudication before promotion.
pos_indonesia_postcode_search,2026-08-11,32,JAWA BARAT,32.02,KAB. SUKABUMI,32.02.17,CIDAHU,32.02.17.2006,JAYABAKTI,43372,43358,43358,exact_match,false,true,JAYABAKTI,3,1,https://kodepos.posindonesia.co.id/CariKodepos,Rate-limited internal observation; exact hierarchy match; requires adjudication before promotion.
pos_indonesia_postcode_search,2026-08-11,32,JAWA BARAT,32.02,KAB. SUKABUMI,32.02.17,CIDAHU,32.02.17.2007,GIRIJAYA,43372,43358,43358,exact_match,false,true,GIRIJAYA,9,1,https://kodepos.posindonesia.co.id/CariKodepos,Rate-limited internal observation; exact hierarchy match; requires adjudication before promotion.
pos_indonesia_postcode_search,2026-08-11,32,JAWA BARAT,32.02,KAB. SUKABUMI,32.02.17,CIDAHU,32.02.17.2008,PASIRDOTON,43372,43358,43358,exact_match,false,true,PASIRDOTON,1,1,https://kodepos.posindonesia.co.id/CariKodepos,Rate-limited internal observation; exact hierarchy match; requires adjudication before promotion.
pos_indonesia_postcode_search,2026-08-11,32,JAWA BARAT,32.02,KAB. SUKABUMI,32.02.20,WALURAN,32.02.20.2001,WALURAN,43375,43175,43375,exact_match,true,false,WALURAN,6,1,https://kodepos.posindonesia.co.id/CariKodepos,Rate-limited internal observation; exact hierarchy match; requires adjudication before promotion.
pos_indonesia_postcode_search,2026-08-11,32,JAWA BARAT,32.02,KAB. SUKABUMI,32.02.20,WALURAN,32.02.20.2002,SUKAMUKTI,43375,43175,43375,exact_match,true,false,SUKAMUKTI,19,1,https://kodepos.posindonesia.co.id/CariKodepos,Rate-limited internal observation; exact hierarchy match; requires adjudication before promotion.
pos_indonesia_postcode_search,2026-08-11,32,JAWA BARAT,32.02,KAB. SUKABUMI,32.02.20,WALURAN,32.02.20.2003,CARINGINNUNGGAL,43375,43175,43375,exact_match,true,false,CARINGINNUNGGAL,1,1,https://kodepos.posindonesia.co.id/CariKodepos,Rate-limited internal observation; exact hierarchy match; requires adjudication before promotion.
pos_indonesia_postcode_search,2026-08-11,32,JAWA BARAT,32.02,KAB. SUKABUMI,32.02.20,WALURAN,32.02.20.2004,MEKARMUKTI,43375,43175,43375,exact_match,true,false,MEKARMUKTI,14,1,https://kodepos.posindonesia.co.id/CariKodepos,Rate-limited internal observation; exact hierarchy match; requires adjudication before promotion.
pos_indonesia_postcode_search,2026-08-11,32,JAWA BARAT,32.02,KAB. SUKABUMI,32.02.20,WALURAN,32.02.20.2006,WALURAN MANDIRI,43375,43175,43375,exact_match,true,false,WALURAN MANDIRI,1,1,https://kodepos.posindonesia.co.id/CariKodepos,Rate-limited internal observation; exact hierarchy match; requires adjudication before promotion.
pos_indonesia_postcode_search,2026-08-11,32,JAWA BARAT,32.02,KAB. SUKABUMI,32.02.22,CIEMAS,32.02.22.2001,CIEMAS,43377,43177,43377,exact_match,true,false,CIEMAS,9,1,https://kodepos.posindonesia.co.id/CariKodepos,Rate-limited internal observation; exact hierarchy match; requires adjudication before promotion.
pos_indonesia_postcode_search,2026-08-11,32,JAWA BARAT,32.02,KAB. SUKABUMI,32.02.22,CIEMAS,32.02.22.2002,CIBENDA,43377,43177,43377,exact_match,true,false,CIBENDA,3,1,https://kodepos.posindonesia.co.id/CariKodepos,Rate-limited internal observation; exact hierarchy match; requires adjudication before promotion.
pos_indonesia_postcode_search,2026-08-11,32,JAWA BARAT,32.02,KAB. SUKABUMI,32.02.22,CIEMAS,32.02.22.2003,CIWARU,43377,43177,43377,exact_match,true,false,CIWARU,14,1,https://kodepos.posindonesia.co.id/CariKodepos,Rate-limited internal observation; exact hierarchy match; requires adjudication before promotion.
pos_indonesia_postcode_search,2026-08-11,32,JAWA BARAT,32.02,KAB. SUKABUMI,32.02.22,CIEMAS,32.02.22.2004,MEKARJAYA,43378,43177,43377,exact_match,false,false,MEKARJAYA,55,1,https://kodepos.posindonesia.co.id/CariKodepos,Rate-limited internal observation; exact hierarchy match; requires adjudication before promotion.
pos_indonesia_postcode_search,2026-08-11,32,JAWA BARAT,32.02,KAB. SUKABUMI,32.02.22,CIEMAS,32.02.22.2005,GIRIMUKTI,43377,43177,43377,exact_match,true,false,GIRIMUKTI,17,1,https://kodepos.posindonesia.co.id/CariKodepos,Rate-limited internal observation; exact hierarchy match; requires adjudication before promotion.
pos_indonesia_postcode_search,2026-08-11,32,JAWA BARAT,32.02,KAB. SUKABUMI,32.02.22,CIEMAS,32.02.22.2006,TAMANJAYA,43377,43177,43377,exact_match,true,false,TAMANJAYA,5,1,https://kodepos.posindonesia.co.id/CariKodepos,Rate-limited internal observation; exact hierarchy match; requires adjudication before promotion.
pos_indonesia_postcode_search,2026-08-11,32,JAWA BARAT,32.02,KAB. SUKABUMI,32.02.22,CIEMAS,32.02.22.2007,MANDRAJAYA,43377,43177,43377,exact_match,true,false,MANDRAJAYA,1,1,https://kodepos.posindonesia.co.id/CariKodepos,Rate-limited internal observation; exact hierarchy match; requires adjudication before promotion.
pos_indonesia_postcode_search,2026-08-11,32,JAWA BARAT,32.02,KAB. SUKABUMI,32.02.22,CIEMAS,32.02.22.2009,MEKARSAKTI,43377,43177,43377,exact_match,true,false,MEKARSAKTI,1,1,https://kodepos.posindonesia.co.id/CariKodepos,Rate-limited internal observation; exact hierarchy match; requires adjudication before promotion.
pos_indonesia_postcode_search,2026-08-11,32,JAWA BARAT,32.02,KAB. SUKABUMI,32.02.23,KALIBUNDER,32.02.23.2001,KALIBUNDER,43341,43185,43385,exact_match,false,false,KALIBUNDER,7,1,https://kodepos.posindonesia.co.id/CariKodepos,Rate-limited internal observation; exact hierarchy match; requires adjudication before promotion.
pos_indonesia_postcode_search,2026-08-11,32,JAWA BARAT,32.02,KAB. SUKABUMI,32.02.23,KALIBUNDER,32.02.23.2002,BOJONG,43347,43185,43385,exact_match,false,false,BOJONG,278,1,https://kodepos.posindonesia.co.id/CariKodepos,Rate-limited internal observation; exact hierarchy match; requires adjudication before promotion.
pos_indonesia_postcode_search,2026-08-11,32,JAWA BARAT,32.02,KAB. SUKABUMI,32.02.23,KALIBUNDER,32.02.23.2003,CIMAHPAR,43341,43185,43385,exact_match,false,false,CIMAHPAR,2,1,https://kodepos.posindonesia.co.id/CariKodepos,Rate-limited internal observation; exact hierarchy match; requires adjudication before promotion.
pos_indonesia_postcode_search,2026-08-11,32,JAWA BARAT,32.02,KAB. SUKABUMI,32.02.23,KALIBUNDER,32.02.23.2004,SEKARSARI,43341,43185,43385,exact_match,false,false,SEKARSARI,2,1,https://kodepos.posindonesia.co.id/CariKodepos,Rate-limited internal observation; exact hierarchy match; requires adjudication before promotion.
pos_indonesia_postcode_search,2026-08-11,32,JAWA BARAT,32.02,KAB. SUKABUMI,32.02.23,KALIBUNDER,32.02.23.2005,SUKALUYU,,43185,43385,exact_match,false,false,SUKALUYU,21,1,https://kodepos.posindonesia.co.id/CariKodepos,Rate-limited internal observation; exact hierarchy match; requires adjudication before promotion.
pos_indonesia_postcode_search,2026-08-11,32,JAWA BARAT,32.02,KAB. SUKABUMI,32.02.23,KALIBUNDER,32.02.23.2006,BALEKAMBANG,43356,43185,43385,exact_match,false,false,BALEKAMBANG,5,1,https://kodepos.posindonesia.co.id/CariKodepos,Rate-limited internal observation; exact hierarchy match; requires adjudication before promotion.
pos_indonesia_postcode_search,2026-08-11,32,JAWA BARAT,32.02,KAB. SUKABUMI,32.02.24,SURADE,32.02.24.2001,JAGAMUKTI,43379,43179,43379,exact_match,true,false,JAGAMUKTI,1,1,https://kodepos.posindonesia.co.id/CariKodepos,Rate-limited internal observation; exact hierarchy match; requires adjudication before promotion.
pos_indonesia_postcode_search,2026-08-11,32,JAWA BARAT,32.02,KAB. SUKABUMI,32.02.24,SURADE,32.02.24.2002,CITANGLAR,43379,43179,43379,exact_match,true,false,CITANGLAR,1,1,https://kodepos.posindonesia.co.id/CariKodepos,Rate-limited internal observation; exact hierarchy match; requires adjudication before promotion.
pos_indonesia_postcode_search,2026-08-11,32,JAWA BARAT,32.02,KAB. SUKABUMI,32.02.24,SURADE,32.02.24.2003,WANASARI,43379,43179,43379,exact_match,true,false,WANASARI,38,1,https://kodepos.posindonesia.co.id/CariKodepos,Rate-limited internal observation; exact hierarchy match; requires adjudication before promotion.
pos_indonesia_postcode_search,2026-08-11,32,JAWA BARAT,32.02,KAB. SUKABUMI,32.02.24,SURADE,32.02.24.2005,SIRNASARI,43373,43179,43379,exact_match,false,false,SIRNASARI,7,1,https://kodepos.posindonesia.co.id/CariKodepos,Rate-limited internal observation; exact hierarchy match; requires adjudication before promotion.
pos_indonesia_postcode_search,2026-08-11,32,JAWA BARAT,32.02,KAB. SUKABUMI,32.02.24,SURADE,32.02.24.2006,KADALEMAN,43379,43179,43379,exact_match,true,false,KADALEMAN,1,1,https://kodepos.posindonesia.co.id/CariKodepos,Rate-limited internal observation; exact hierarchy match; requires adjudication before promotion.
pos_indonesia_postcode_search,2026-08-11,32,JAWA BARAT,32.02,KAB. SUKABUMI,32.02.24,SURADE,32.02.24.2007,GUNUNGSUNGGING,43379,43179,43379,exact_match,true,false,GUNUNGSUNGGING,1,1,https://kodepos.posindonesia.co.id/CariKodepos,Rate-limited internal observation; exact hierarchy match; requires adjudication before promotion.
pos_indonesia_postcode_search,2026-08-11,32,JAWA BARAT,32.02,KAB. SUKABUMI,32.02.24,SURADE,32.02.24.2008,CIPEUNDEUY,43379,43179,43379,exact_match,true,false,CIPEUNDEUY,25,1,https://kodepos.posindonesia.co.id/CariKodepos,Rate-limited internal observation; exact hierarchy match; requires adjudication before promotion.
pos_indonesia_postcode_search,2026-08-11,32,JAWA BARAT,32.02,KAB. SUKABUMI,32.02.24,SURADE,32.02.24.2009,PASIRIPIS,43379,43179,43379,exact_match,true,false,PASIRIPIS,2,1,https://kodepos.posindonesia.co.id/CariKodepos,Rate-limited internal observation; exact hierarchy match; requires adjudication before promotion.
pos_indonesia_postcode_search,2026-08-11,32,JAWA BARAT,32.02,KAB. SUKABUMI,32.02.24,SURADE,32.02.24.2010,BUNIWANGI,43379,43179,43379,exact_match,true,false,BUNIWANGI,6,1,https://kodepos.posindonesia.co.id/CariKodepos,Rate-limited internal observation; exact hierarchy match; requires adjudication before promotion.
pos_indonesia_postcode_search,2026-08-11,32,JAWA BARAT,32.02,KAB. SUKABUMI,32.02.24,SURADE,32.02.24.2011,SUKATANI,43379,43179,43379,exact_match,true,false,SUKATANI,39,1,https://kodepos.posindonesia.co.id/CariKodepos,Rate-limited internal observation; exact hierarchy match; requires adjudication before promotion.
pos_indonesia_postcode_search,2026-08-11,32,JAWA BARAT,32.02,KAB. SUKABUMI,32.02.24,SURADE,32.02.24.2012,KADEMANGAN,43379,43179,43379,exact_match,true,false,KADEMANGAN,27,1,https://kodepos.posindonesia.co.id/CariKodepos,Rate-limited internal observation; exact hierarchy match; requires adjudication before promotion.
pos_indonesia_postcode_search,2026-08-11,32,JAWA BARAT,32.02,KAB. SUKABUMI,32.02.25,CIBITUNG,32.02.25.2001,TALAGAMURNI,43372,43172,43372,exact_match,true,false,TALAGAMURNI,1,1,https://kodepos.posindonesia.co.id/CariKodepos,Rate-limited internal observation; exact hierarchy match; requires adjudication before promotion.
pos_indonesia_postcode_search,2026-08-11,32,JAWA BARAT,32.02,KAB. SUKABUMI,32.02.25,CIBITUNG,32.02.25.2002,BANYUMURNI,43372,43172,43372,exact_match,true,false,BANYUMURNI,1,1,https://kodepos.posindonesia.co.id/CariKodepos,Rate-limited internal observation; exact hierarchy match; requires adjudication before promotion.
pos_indonesia_postcode_search,2026-08-11,32,JAWA BARAT,32.02,KAB. SUKABUMI,32.02.25,CIBITUNG,32.02.25.2003,CIBITUNG,43372,43172,43372,exact_match,true,false,CIBITUNG,31,1,https://kodepos.posindonesia.co.id/CariKodepos,Rate-limited internal observation; exact hierarchy match; requires adjudication before promotion.
pos_indonesia_postcode_search,2026-08-11,32,JAWA BARAT,32.02,KAB. SUKABUMI,32.02.25,CIBITUNG,32.02.25.2004,CIDAHU,43372,43172,43372,exact_match,true,false,CIDAHU,26,1,https://kodepos.posindonesia.co.id/CariKodepos,Rate-limited internal observation; exact hierarchy match; requires adjudication before promotion.
pos_indonesia_postcode_search,2026-08-11,32,JAWA BARAT,32.02,KAB. SUKABUMI,32.02.25,CIBITUNG,32.02.25.2005,CIBODAS,43372,43172,43372,exact_match,true,false,CIBODAS,23,1,https://kodepos.posindonesia.co.id/CariKodepos,Rate-limited internal observation; exact hierarchy match; requires adjudication before promotion.
pos_indonesia_postcode_search,2026-08-11,32,JAWA BARAT,32.02,KAB. SUKABUMI,32.02.25,CIBITUNG,32.02.25.2006,BANYUWANGI,43372,43172,43372,exact_match,true,false,BANYUWANGI,224,1,https://kodepos.posindonesia.co.id/CariKodepos,Rate-limited internal observation; exact hierarchy match; requires adjudication before promotion.
pos_indonesia_postcode_search,2026-08-11,32,JAWA BARAT,32.02,KAB. SUKABUMI,32.02.26,CIRACAP,32.02.26.2001,CIRACAP,43376,43176,43376,exact_match,true,false,CIRACAP,8,1,https://kodepos.posindonesia.co.id/CariKodepos,Rate-limited internal observation; exact hierarchy match; requires adjudication before promotion.
pos_indonesia_postcode_search,2026-08-11,32,JAWA BARAT,32.02,KAB. SUKABUMI,32.02.26,CIRACAP,32.02.26.2002,CIKANGKUNG,43376,43176,43376,exact_match,true,false,CIKANGKUNG,1,1,https://kodepos.posindonesia.co.id/CariKodepos,Rate-limited internal observation; exact hierarchy match; requires adjudication before promotion.
pos_indonesia_postcode_search,2026-08-11,32,JAWA BARAT,32.02,KAB. SUKABUMI,32.02.26,CIRACAP,32.02.26.2003,GUNUNGBATU,43376,43176,43376,exact_match,true,false,GUNUNGBATU,5,1,https://kodepos.posindonesia.co.id/CariKodepos,Rate-limited internal observation; exact hierarchy match; requires adjudication before promotion.
pos_indonesia_postcode_search,2026-08-11,32,JAWA BARAT,32.02,KAB. SUKABUMI,32.02.26,CIRACAP,32.02.26.2004,PURWASEDAR,43376,43176,43376,exact_match,true,false,PURWASEDAR,1,1,https://kodepos.posindonesia.co.id/CariKodepos,Rate-limited internal observation; exact hierarchy match; requires adjudication before promotion.
pos_indonesia_postcode_search,2026-08-11,32,JAWA BARAT,32.02,KAB. SUKABUMI,32.02.26,CIRACAP,32.02.26.2005,PASIRPANJANG,43376,43176,43376,exact_match,true,false,PASIRPANJANG,4,1,https://kodepos.posindonesia.co.id/CariKodepos,Rate-limited internal observation; exact hierarchy match; requires adjudication before promotion.
pos_indonesia_postcode_search,2026-08-11,32,JAWA BARAT,32.02,KAB. SUKABUMI,32.02.26,CIRACAP,32.02.26.2006,MEKARSARI,43396,43176,43376,exact_match,false,false,MEKARSARI,80,1,https://kodepos.posindonesia.co.id/CariKodepos,Rate-limited internal observation; exact hierarchy match; requires adjudication before promotion.
pos_indonesia_postcode_search,2026-08-11,32,JAWA BARAT,32.02,KAB. SUKABUMI,32.02.28,CICANTAYAN,32.02.28.2001,CICANTAYAN,43345,43155,43353,exact_match,false,false,CICANTAYAN,8,1,https://kodepos.posindonesia.co.id/CariKodepos,Rate-limited internal observation; exact hierarchy match; requires adjudication before promotion.
pos_indonesia_postcode_search,2026-08-11,32,JAWA BARAT,32.02,KAB. SUKABUMI,32.02.28,CICANTAYAN,32.02.28.2002,LEMBURSAWAH,43345,43155,43353,exact_match,false,false,LEMBURSAWAH,1,1,https://kodepos.posindonesia.co.id/CariKodepos,Rate-limited internal observation; exact hierarchy match; requires adjudication before promotion.
pos_indonesia_postcode_search,2026-08-11,32,JAWA BARAT,32.02,KAB. SUKABUMI,32.02.28,CICANTAYAN,32.02.28.2003,CIJALINGAN,43345,43155,43353,exact_match,false,false,CIJALINGAN,1,1,https://kodepos.posindonesia.co.id/CariKodepos,Rate-limited internal observation; exact hierarchy match; requires adjudication before promotion.
pos_indonesia_postcode_search,2026-08-11,32,JAWA BARAT,32.02,KAB. SUKABUMI,32.02.28,CICANTAYAN,32.02.28.2004,CISANDE,43345,43155,43353,exact_match,false,false,CISANDE,1,1,https://kodepos.posindonesia.co.id/CariKodepos,Rate-limited internal observation; exact hierarchy match; requires adjudication before promotion.
pos_indonesia_postcode_search,2026-08-11,32,JAWA BARAT,32.02,KAB. SUKABUMI,32.02.28,CICANTAYAN,32.02.28.2005,CIMAHI,43345,43155,43353,exact_match,false,false,CIMAHI,30,1,https://kodepos.posindonesia.co.id/CariKodepos,Rate-limited internal observation; exact hierarchy match; requires adjudication before promotion.
pos_indonesia_postcode_search,2026-08-11,32,JAWA BARAT,32.02,KAB. SUKABUMI,32.02.28,CICANTAYAN,32.02.28.2006,HEGARMANAH,43381,43155,43353,exact_match,false,false,HEGARMANAH,19,1,https://kodepos.posindonesia.co.id/CariKodepos,Rate-limited internal observation; exact hierarchy match; requires adjudication before promotion.
pos_indonesia_postcode_search,2026-08-11,32,JAWA BARAT,32.02,KAB. SUKABUMI,32.02.28,CICANTAYAN,32.02.28.2007,SIKADAMAI,43345,43155,43353,exact_match,false,false,SIKADAMAI,1,1,https://kodepos.posindonesia.co.id/CariKodepos,Rate-limited internal observation; exact hierarchy match; requires adjudication before promotion.
pos_indonesia_postcode_search,2026-08-11,32,JAWA BARAT,32.02,KAB. SUKABUMI,32.02.28,CICANTAYAN,32.02.28.2008,CIMANGGIS,43345,43155,43353,exact_match,false,false,CIMANGGIS,8,1,https://kodepos.posindonesia.co.id/CariKodepos,Rate-limited internal observation; exact hierarchy match; requires adjudication before promotion.
pos_indonesia_postcode_search,2026-08-11,32,JAWA BARAT,32.02,KAB. SUKABUMI,32.02.29,CISAAT,32.02.29.2001,GUNUNGJAYA,43342,43152,43352,exact_match,false,false,GUNUNGJAYA,4,1,https://kodepos.posindonesia.co.id/CariKodepos,Rate-limited internal observation; exact hierarchy match; requires adjudication before promotion.
pos_indonesia_postcode_search,2026-08-11,32,JAWA BARAT,32.02,KAB. SUKABUMI,32.02.29,CISAAT,32.02.29.2002,SUKASARI,43342,43134,43352,exact_match,false,false,SUKASARI,54,1,https://kodepos.posindonesia.co.id/CariKodepos,Rate-limited internal observation; exact hierarchy match; requires adjudication before promotion.
pos_indonesia_postcode_search,2026-08-11,32,JAWA BARAT,32.02,KAB. SUKABUMI,32.02.29,CISAAT,32.02.29.2003,SUKAMANAH,43342,43152,43352,exact_match,false,false,SUKAMANAH,32,1,https://kodepos.posindonesia.co.id/CariKodepos,Rate-limited internal observation; exact hierarchy match; requires adjudication before promotion.
pos_indonesia_postcode_search,2026-08-11,32,JAWA BARAT,32.02,KAB. SUKABUMI,32.02.29,CISAAT,32.02.29.2004,CISAAT,43342,43152,43352,exact_match,false,false,CISAAT,21,1,https://kodepos.posindonesia.co.id/CariKodepos,Rate-limited internal observation; exact hierarchy match; requires adjudication before promotion.
pos_indonesia_postcode_search,2026-08-11,32,JAWA BARAT,32.02,KAB. SUKABUMI,32.02.29,CISAAT,32.02.29.2005,NAGRAK,43342,43132,43352,exact_match,false,false,NAGRAK,21,1,https://kodepos.posindonesia.co.id/CariKodepos,Rate-limited internal observation; exact hierarchy match; requires adjudication before promotion.
pos_indonesia_postcode_search,2026-08-11,32,JAWA BARAT,32.02,KAB. SUKABUMI,32.02.29,CISAAT,32.02.29.2006,BABAKAN,43342,43152,43352,exact_match,false,false,BABAKAN,104,1,https://kodepos.posindonesia.co.id/CariKodepos,Rate-limited internal observation; exact hierarchy match; requires adjudication before promotion.
pos_indonesia_postcode_search,2026-08-11,32,JAWA BARAT,32.02,KAB. SUKABUMI,32.02.29,CISAAT,32.02.29.2007,SUKAMANTRI,43342,43152,43352,exact_match,false,false,SUKAMANTRI,13,1,https://kodepos.posindonesia.co.id/CariKodepos,Rate-limited internal observation; exact hierarchy match; requires adjudication before promotion.
pos_indonesia_postcode_search,2026-08-11,32,JAWA BARAT,32.02,KAB. SUKABUMI,32.02.29,CISAAT,32.02.29.2008,CIBATU,43342,43152,43352,exact_match,false,false,CIBATU,28,1,https://kodepos.posindonesia.co.id/CariKodepos,Rate-limited internal observation; exact hierarchy match; requires adjudication before promotion.
pos_indonesia_postcode_search,2026-08-11,32,JAWA BARAT,32.02,KAB. SUKABUMI,32.02.29,CISAAT,32.02.29.2009,SELAJAMBE,43342,43152,43352,exact_match,false,false,SELAJAMBE,9,1,https://kodepos.posindonesia.co.id/CariKodepos,Rate-limited internal observation; exact hierarchy match; requires adjudication before promotion.
pos_indonesia_postcode_search,2026-08-11,32,JAWA BARAT,32.02,KAB. SUKABUMI,32.02.29,CISAAT,32.02.29.2010,PADAASIH,43342,43152,43352,exact_match,false,false,PADAASIH,6,1,https://kodepos.posindonesia.co.id/CariKodepos,Rate-limited internal observation; exact hierarchy match; requires adjudication before promotion.
pos_indonesia_postcode_search,2026-08-11,32,JAWA BARAT,32.02,KAB. SUKABUMI,32.02.29,CISAAT,32.02.29.2011,CIBOLANG KALER,43342,43152,43352,exact_match,false,false,CIBOLANG KALER,1,1,https://kodepos.posindonesia.co.id/CariKodepos,Rate-limited internal observation; exact hierarchy match; requires adjudication before promotion.
pos_indonesia_postcode_search,2026-08-11,32,JAWA BARAT,32.02,KAB. SUKABUMI,32.02.29,CISAAT,32.02.29.2012,KUTASIRNA,43342,43152,43352,exact_match,false,false,KUTASIRNA,1,1,https://kodepos.posindonesia.co.id/CariKodepos,Rate-limited internal observation; exact hierarchy match; requires adjudication before promotion.
pos_indonesia_postcode_search,2026-08-11,32,JAWA BARAT,32.02,KAB. SUKABUMI,32.02.29,CISAAT,32.02.29.2013,SUKARESMI,43342,43152,43352,exact_match,false,false,SUKARESMI,38,1,https://kodepos.posindonesia.co.id/CariKodepos,Rate-limited internal observation; exact hierarchy match; requires adjudication before promotion.
pos_indonesia_postcode_search,2026-08-11,32,JAWA BARAT,32.02,KAB. SUKABUMI,32.02.30,KADUDAMPIT,32.02.30.2001,KADUDAMPIT,43343,43153,43352,exact_match,false,false,KADUDAMPIT,10,1,https://kodepos.posindonesia.co.id/CariKodepos,Rate-limited internal observation; exact hierarchy match; requires adjudication before promotion.
pos_indonesia_postcode_search,2026-08-11,32,JAWA BARAT,32.02,KAB. SUKABUMI,32.02.30,KADUDAMPIT,32.02.30.2002,CITAMIANG,43343,43153,43352,exact_match,false,false,CITAMIANG,8,1,https://kodepos.posindonesia.co.id/CariKodepos,Rate-limited internal observation; exact hierarchy match; requires adjudication before promotion.
pos_indonesia_postcode_search,2026-08-11,32,JAWA BARAT,32.02,KAB. SUKABUMI,32.02.30,KADUDAMPIT,32.02.30.2003,MUARADUA,43343,43153,43352,exact_match,false,false,MUARADUA,4,1,https://kodepos.posindonesia.co.id/CariKodepos,Rate-limited internal observation; exact hierarchy match; requires adjudication before promotion.
pos_indonesia_postcode_search,2026-08-11,32,JAWA BARAT,32.02,KAB. SUKABUMI,32.02.30,KADUDAMPIT,32.02.30.2004,GEDEPANGRANGO,43343,43153,43352,exact_match,false,false,GEDEPANGRANGO,1,1,https://kodepos.posindonesia.co.id/CariKodepos,Rate-limited internal observation; exact hierarchy match; requires adjudication before promotion.
pos_indonesia_postcode_search,2026-08-11,32,JAWA BARAT,32.02,KAB. SUKABUMI,32.02.30,KADUDAMPIT,32.02.30.2005,SUKAMANIS,43343,43153,43352,exact_match,false,false,SUKAMANIS,2,1,https://kodepos.posindonesia.co.id/CariKodepos,Rate-limited internal observation; exact hierarchy match; requires adjudication before promotion.
pos_indonesia_postcode_search,2026-08-11,32,JAWA BARAT,32.02,KAB. SUKABUMI,32.02.30,KADUDAMPIT,32.02.30.2006,UNDRUSBINANGUN,43343,43153,43352,exact_match,false,false,UNDRUSBINANGUN,1,1,https://kodepos.posindonesia.co.id/CariKodepos,Rate-limited internal observation; exact hierarchy match; requires adjudication before promotion.
pos_indonesia_postcode_search,2026-08-11,32,JAWA BARAT,32.02,KAB. SUKABUMI,32.02.30,KADUDAMPIT,32.02.30.2007,CIPETIR,43343,43153,43352,exact_match,false,false,CIPETIR,3,1,https://kodepos.posindonesia.co.id/CariKodepos,Rate-limited internal observation; exact hierarchy match; requires adjudication before promotion.
pos_indonesia_postcode_search,2026-08-11,32,JAWA BARAT,32.02,KAB. SUKABUMI,32.02.30,KADUDAMPIT,32.02.30.2008,SUKAMAJU,43343,43153,43352,exact_match,false,false,SUKAMAJU,91,1,https://kodepos.posindonesia.co.id/CariKodepos,Rate-limited internal observation; exact hierarchy match; requires adjudication before promotion.
pos_indonesia_postcode_search,2026-08-11,32,JAWA BARAT,32.02,KAB. SUKABUMI,32.02.30,KADUDAMPIT,32.02.30.2009,CIKAHURIPAN,43366,43153,43352,exact_match,false,false,CIKAHURIPAN,7,1,https://kodepos.posindonesia.co.id/CariKodepos,Rate-limited internal observation; exact hierarchy match; requires adjudication before promotion.
pos_indonesia_postcode_search,2026-08-11,32,JAWA BARAT,32.02,KAB. SUKABUMI,32.02.31,CARINGIN,32.02.31.2001,CARINGIN WETAN,43397,43154,43344,exact_match,false,false,CARINGIN WETAN,1,1,https://kodepos.posindonesia.co.id/CariKodepos,Rate-limited internal observation; exact hierarchy match; requires adjudication before promotion.
pos_indonesia_postcode_search,2026-08-11,32,JAWA BARAT,32.02,KAB. SUKABUMI,32.02.31,CARINGIN,32.02.31.2002,SUKAMULYA,43347,43154,43344,exact_match,false,false,SUKAMULYA,56,1,https://kodepos.posindonesia.co.id/CariKodepos,Rate-limited internal observation; exact hierarchy match; requires adjudication before promotion.
pos_indonesia_postcode_search,2026-08-11,32,JAWA BARAT,32.02,KAB. SUKABUMI,32.02.31,CARINGIN,32.02.31.2003,CARINGIN KULON,43397,43154,43344,exact_match,false,false,CARINGIN KULON,1,1,https://kodepos.posindonesia.co.id/CariKodepos,Rate-limited internal observation; exact hierarchy match; requires adjudication before promotion.
pos_indonesia_postcode_search,2026-08-11,32,JAWA BARAT,32.02,KAB. SUKABUMI,32.02.31,CARINGIN,32.02.31.2004,SEUSEUPAN,43397,43154,43344,exact_match,false,false,SEUSEUPAN,3,1,https://kodepos.posindonesia.co.id/CariKodepos,Rate-limited internal observation; exact hierarchy match; requires adjudication before promotion.
pos_indonesia_postcode_search,2026-08-11,32,JAWA BARAT,32.02,KAB. SUKABUMI,32.02.31,CARINGIN,32.02.31.2005,CIJENGKOL,43397,43154,43344,exact_match,false,false,CIJENGKOL,4,1,https://kodepos.posindonesia.co.id/CariKodepos,Rate-limited internal observation; exact hierarchy match; requires adjudication before promotion.
pos_indonesia_postcode_search,2026-08-11,32,JAWA BARAT,32.02,KAB. SUKABUMI,32.02.31,CARINGIN,32.02.31.2006,MEKARJAYA,43378,43154,43344,exact_match,false,false,MEKARJAYA,55,1,https://kodepos.posindonesia.co.id/CariKodepos,Rate-limited internal observation; exact hierarchy match; requires adjudication before promotion.
pos_indonesia_postcode_search,2026-08-11,32,JAWA BARAT,32.02,KAB. SUKABUMI,32.02.31,CARINGIN,32.02.31.2007,TALAGA,43344,43154,43344,exact_match,true,false,TALAGA,63,1,https://kodepos.posindonesia.co.id/CariKodepos,Rate-limited internal observation; exact hierarchy match; requires adjudication before promotion.
pos_indonesia_postcode_search,2026-08-11,32,JAWA BARAT,32.02,KAB. SUKABUMI,32.02.31,CARINGIN,32.02.31.2008,CIKEMBANG,43397,43154,43344,exact_match,false,false,CIKEMBANG,2,1,https://kodepos.posindonesia.co.id/CariKodepos,Rate-limited internal observation; exact hierarchy match; requires adjudication before promotion.
pos_indonesia_postcode_search,2026-08-11,32,JAWA BARAT,32.02,KAB. SUKABUMI,32.02.32,SUKABUMI,32.02.32.2001,PARUNGSEAH,43341,43151,43341,exact_match,true,false,PARUNGSEAH,1,1,https://kodepos.posindonesia.co.id/CariKodepos,Rate-limited internal observation; exact hierarchy match; requires adjudication before promotion.
pos_indonesia_postcode_search,2026-08-11,32,JAWA BARAT,32.02,KAB. SUKABUMI,32.02.32,SUKABUMI,32.02.32.2002,SUNDAJAYAGIRANG,43341,43151,43341,exact_match,true,false,SUNDAJAYAGIRANG,1,1,https://kodepos.posindonesia.co.id/CariKodepos,Rate-limited internal observation; exact hierarchy match; requires adjudication before promotion.
pos_indonesia_postcode_search,2026-08-11,32,JAWA BARAT,32.02,KAB. SUKABUMI,32.02.32,SUKABUMI,32.02.32.2003,KARAWANG,43341,43151,43341,exact_match,true,false,KARAWANG,311,1,https://kodepos.posindonesia.co.id/CariKodepos,Rate-limited internal observation; exact hierarchy match; requires adjudication before promotion.
pos_indonesia_postcode_search,2026-08-11,32,JAWA BARAT,32.02,KAB. SUKABUMI,32.02.32,SUKABUMI,32.02.32.2004,WARNASARI,43341,43151,43341,exact_match,true,false,WARNASARI,4,1,https://kodepos.posindonesia.co.id/CariKodepos,Rate-limited internal observation; exact hierarchy match; requires adjudication before promotion.
pos_indonesia_postcode_search,2026-08-11,32,JAWA BARAT,32.02,KAB. SUKABUMI,32.02.32,SUKABUMI,32.02.32.2005,SUKAJAYA,43341,43151,43341,exact_match,true,false,SUKAJAYA,59,1,https://kodepos.posindonesia.co.id/CariKodepos,Rate-limited internal observation; exact hierarchy match; requires adjudication before promotion.
pos_indonesia_postcode_search,2026-08-11,32,JAWA BARAT,32.02,KAB. SUKABUMI,32.02.33,SUKARAJA,32.02.33.2001,PASIRHALANG,43392,43192,43392,exact_match,true,false,PASIRHALANG,2,1,https://kodepos.posindonesia.co.id/CariKodepos,Rate-limited internal observation; exact hierarchy match; requires adjudication before promotion.
pos_indonesia_postcode_search,2026-08-11,32,JAWA BARAT,32.02,KAB. SUKABUMI,32.02.33,SUKARAJA,32.02.33.2005,LIMBANGAN,43392,43192,43392,exact_match,true,false,LIMBANGAN,48,1,https://kodepos.posindonesia.co.id/CariKodepos,Rate-limited internal observation; exact hierarchy match; requires adjudication before promotion.
pos_indonesia_postcode_search,2026-08-11,32,JAWA BARAT,32.02,KAB. SUKABUMI,32.02.33,SUKARAJA,32.02.33.2006,CISARUA,43392,43192,43392,exact_match,true,false,CISARUA,34,1,https://kodepos.posindonesia.co.id/CariKodepos,Rate-limited internal observation; exact hierarchy match; requires adjudication before promotion.
pos_indonesia_postcode_search,2026-08-11,32,JAWA BARAT,32.02,KAB. SUKABUMI,32.02.33,SUKARAJA,32.02.33.2007,SUKAMEKAR,43392,43192,43392,exact_match,true,false,SUKAMEKAR,6,1,https://kodepos.posindonesia.co.id/CariKodepos,Rate-limited internal observation; exact hierarchy match; requires adjudication before promotion.
pos_indonesia_postcode_search,2026-08-11,32,JAWA BARAT,32.02,KAB. SUKABUMI,32.02.33,SUKARAJA,32.02.33.2008,SELAWANGI,43392,43192,43392,exact_match,true,false,SELAWANGI,3,1,https://kodepos.posindonesia.co.id/CariKodepos,Rate-limited internal observation; exact hierarchy match; requires adjudication before promotion.
pos_indonesia_postcode_search,2026-08-11,32,JAWA BARAT,32.02,KAB. SUKABUMI,32.02.33,SUKARAJA,32.02.33.2009,MARGALUYU,43392,43192,43392,exact_match,true,false,MARGALUYU,17,1,https://kodepos.posindonesia.co.id/CariKodepos,Rate-limited internal observation; exact hierarchy match; requires adjudication before promotion.
pos_indonesia_postcode_search,2026-08-11,32,JAWA BARAT,32.02,KAB. SUKABUMI,32.02.34,KEBONPEDES,32.02.34.2001,KEBONPEDES,43394,43194,43394,exact_match,true,false,KEBONPEDES,5,1,https://kodepos.posindonesia.co.id/CariKodepos,Rate-limited internal observation; exact hierarchy match; requires adjudication before promotion.
pos_indonesia_postcode_search,2026-08-11,32,JAWA BARAT,32.02,KAB. SUKABUMI,32.02.34,KEBONPEDES,32.02.34.2002,CIKARET,43394,43194,43394,exact_match,true,false,CIKARET,3,1,https://kodepos.posindonesia.co.id/CariKodepos,Rate-limited internal observation; exact hierarchy match; requires adjudication before promotion.
pos_indonesia_postcode_search,2026-08-11,32,JAWA BARAT,32.02,KAB. SUKABUMI,32.02.34,KEBONPEDES,32.02.34.2003,BOJONGSAWAH,43394,43194,43394,exact_match,true,false,BOJONGSAWAH,1,1,https://kodepos.posindonesia.co.id/CariKodepos,Rate-limited internal observation; exact hierarchy match; requires adjudication before promotion.
pos_indonesia_postcode_search,2026-08-11,32,JAWA BARAT,32.02,KAB. SUKABUMI,32.02.34,KEBONPEDES,32.02.34.2004,SASAGARAN,43394,43194,43394,exact_match,true,false,SASAGARAN,1,1,https://kodepos.posindonesia.co.id/CariKodepos,Rate-limited internal observation; exact hierarchy match; requires adjudication before promotion.
pos_indonesia_postcode_search,2026-08-11,32,JAWA BARAT,32.02,KAB. SUKABUMI,32.02.34,KEBONPEDES,32.02.34.2005,JAMBENENGGANG,43394,43194,43394,exact_match,true,false,JAMBENENGGANG,1,1,https://kodepos.posindonesia.co.id/CariKodepos,Rate-limited internal observation; exact hierarchy match; requires adjudication before promotion.
pos_indonesia_postcode_search,2026-08-11,32,JAWA BARAT,32.02,KAB. SUKABUMI,32.02.35,CIREUNGHAS,32.02.35.2001,CIREUNGHAS,43393,43193,43393,exact_match,true,false,CIREUNGHAS,5,1,https://kodepos.posindonesia.co.id/CariKodepos,Rate-limited internal observation; exact hierarchy match; requires adjudication before promotion.
pos_indonesia_postcode_search,2026-08-11,32,JAWA BARAT,32.02,KAB. SUKABUMI,32.02.35,CIREUNGHAS,32.02.35.2002,CIPURUT,43393,43193,43393,exact_match,true,false,CIPURUT,1,1,https://kodepos.posindonesia.co.id/CariKodepos,Rate-limited internal observation; exact hierarchy match; requires adjudication before promotion.
pos_indonesia_postcode_search,2026-08-11,32,JAWA BARAT,32.02,KAB. SUKABUMI,32.02.35,CIREUNGHAS,32.02.35.2003,BENCOY,43393,43193,43393,exact_match,true,false,BENCOY,1,1,https://kodepos.posindonesia.co.id/CariKodepos,Rate-limited internal observation; exact hierarchy match; requires adjudication before promotion.
pos_indonesia_postcode_search,2026-08-11,32,JAWA BARAT,32.02,KAB. SUKABUMI,32.02.35,CIREUNGHAS,32.02.35.2004,CIKURUTUG,43393,43193,43393,exact_match,true,false,CIKURUTUG,1,1,https://kodepos.posindonesia.co.id/CariKodepos,Rate-limited internal observation; exact hierarchy match; requires adjudication before promotion.
pos_indonesia_postcode_search,2026-08-11,32,JAWA BARAT,32.02,KAB. SUKABUMI,32.02.35,CIREUNGHAS,32.02.35.2005,TEGALPANJANG,43393,43193,43393,exact_match,true,false,TEGALPANJANG,3,1,https://kodepos.posindonesia.co.id/CariKodepos,Rate-limited internal observation; exact hierarchy match; requires adjudication before promotion.
pos_indonesia_postcode_search,2026-08-11,32,JAWA BARAT,32.02,KAB. SUKABUMI,32.02.36,SUKALARANG,32.02.36.2001,SUKALARANG,43391,43191,43391,exact_match,true,false,SUKALARANG,6,1,https://kodepos.posindonesia.co.id/CariKodepos,Rate-limited internal observation; exact hierarchy match; requires adjudication before promotion.
pos_indonesia_postcode_search,2026-08-11,32,JAWA BARAT,32.02,KAB. SUKABUMI,32.02.36,SUKALARANG,32.02.36.2002,SUKAMAJU,43391,43191,43391,exact_match,true,false,SUKAMAJU,91,1,https://kodepos.posindonesia.co.id/CariKodepos,Rate-limited internal observation; exact hierarchy match; requires adjudication before promotion.
pos_indonesia_postcode_search,2026-08-11,32,JAWA BARAT,32.02,KAB. SUKABUMI,32.02.36,SUKALARANG,32.02.36.2003,CIMANGKOK,43391,43191,43391,exact_match,true,false,CIMANGKOK,1,1,https://kodepos.posindonesia.co.id/CariKodepos,Rate-limited internal observation; exact hierarchy match; requires adjudication before promotion.
pos_indonesia_postcode_search,2026-08-11,32,JAWA BARAT,32.02,KAB. SUKABUMI,32.02.36,SUKALARANG,32.02.36.2004,TITISAN,43391,43191,43391,exact_match,true,false,TITISAN,1,1,https://kodepos.posindonesia.co.id/CariKodepos,Rate-limited internal observation; exact hierarchy match; requires adjudication before promotion.
pos_indonesia_postcode_search,2026-08-11,32,JAWA BARAT,32.02,KAB. SUKABUMI,32.02.36,SUKALARANG,32.02.36.2005,SEMPLAK,43391,43191,43391,exact_match,true,false,SEMPLAK,3,1,https://kodepos.posindonesia.co.id/CariKodepos,Rate-limited internal observation; exact hierarchy match; requires adjudication before promotion.
pos_indonesia_postcode_search,2026-08-11,32,JAWA BARAT,32.02,KAB. SUKABUMI,32.02.36,SUKALARANG,32.02.36.2006,PRIANGANJAYA,43391,43191,43391,exact_match,true,false,PRIANGANJAYA,1,1,https://kodepos.posindonesia.co.id/CariKodepos,Rate-limited internal observation; exact hierarchy match; requires adjudication before promotion.
pos_indonesia_postcode_search,2026-08-11,32,JAWA BARAT,32.02,KAB. SUKABUMI,32.02.37,PABUARAN,32.02.37.2002,CIWALAT,43373,43173,43373,exact_match,true,false,CIWALAT,1,1,https://kodepos.posindonesia.co.id/CariKodepos,Rate-limited internal observation; exact hierarchy match; requires adjudication before promotion.
pos_indonesia_postcode_search,2026-08-11,32,JAWA BARAT,32.02,KAB. SUKABUMI,32.02.37,PABUARAN,32.02.37.2003,SIRNASARI,43373,43173,43373,exact_match,true,false,SIRNASARI,7,1,https://kodepos.posindonesia.co.id/CariKodepos,Rate-limited internal observation; exact hierarchy match; requires adjudication before promotion.
pos_indonesia_postcode_search,2026-08-11,32,JAWA BARAT,32.02,KAB. SUKABUMI,32.02.37,PABUARAN,32.02.37.2004,BANTARSARI,43373,43173,43373,exact_match,true,false,BANTARSARI,14,1,https://kodepos.posindonesia.co.id/CariKodepos,Rate-limited internal observation; exact hierarchy match; requires adjudication before promotion.
pos_indonesia_postcode_search,2026-08-11,32,JAWA BARAT,32.02,KAB. SUKABUMI,32.02.37,PABUARAN,32.02.37.2005,SUKAJAYA,43341,43173,43373,exact_match,false,false,SUKAJAYA,59,1,https://kodepos.posindonesia.co.id/CariKodepos,Rate-limited internal observation; exact hierarchy match; requires adjudication before promotion.
pos_indonesia_postcode_search,2026-08-11,32,JAWA BARAT,32.02,KAB. SUKABUMI,32.02.37,PABUARAN,32.02.37.2006,CIBADAK,43373,43173,43373,exact_match,true,false,CIBADAK,37,1,https://kodepos.posindonesia.co.id/CariKodepos,Rate-limited internal observation; exact hierarchy match; requires adjudication before promotion.
pos_indonesia_postcode_search,2026-08-11,32,JAWA BARAT,32.02,KAB. SUKABUMI,32.02.38,PURABAYA,32.02.38.2001,PURABAYA,43387,43187,43387,exact_match,true,false,PURABAYA,8,1,https://kodepos.posindonesia.co.id/CariKodepos,Rate-limited internal observation; exact hierarchy match; requires adjudication before promotion.
pos_indonesia_postcode_search,2026-08-11,32,JAWA BARAT,32.02,KAB. SUKABUMI,32.02.38,PURABAYA,32.02.38.2002,NEGLASARI,43387,43187,43387,exact_match,true,false,NEGLASARI,38,1,https://kodepos.posindonesia.co.id/CariKodepos,Rate-limited internal observation; exact hierarchy match; requires adjudication before promotion.
pos_indonesia_postcode_search,2026-08-11,32,JAWA BARAT,32.02,KAB. SUKABUMI,32.02.38,PURABAYA,32.02.38.2003,PAGELARAN,43387,43187,43387,exact_match,true,false,PAGELARAN,73,1,https://kodepos.posindonesia.co.id/CariKodepos,Rate-limited internal observation; exact hierarchy match; requires adjudication before promotion.
pos_indonesia_postcode_search,2026-08-11,32,JAWA BARAT,32.02,KAB. SUKABUMI,32.02.38,PURABAYA,32.02.38.2004,CIMERANG,43387,43187,43387,exact_match,true,false,CIMERANG,2,1,https://kodepos.posindonesia.co.id/CariKodepos,Rate-limited internal observation; exact hierarchy match; requires adjudication before promotion.
pos_indonesia_postcode_search,2026-08-11,32,JAWA BARAT,32.02,KAB. SUKABUMI,32.02.38,PURABAYA,32.02.38.2005,CITAMIANG,43144,43187,43387,exact_match,false,false,CITAMIANG,8,1,https://kodepos.posindonesia.co.id/CariKodepos,Rate-limited internal observation; exact hierarchy match; requires adjudication before promotion.
pos_indonesia_postcode_search,2026-08-11,32,JAWA BARAT,32.02,KAB. SUKABUMI,32.02.38,PURABAYA,32.02.38.2006,MARGALUYU,43392,43187,43387,exact_match,false,false,MARGALUYU,17,1,https://kodepos.posindonesia.co.id/CariKodepos,Rate-limited internal observation; exact hierarchy match; requires adjudication before promotion.
pos_indonesia_postcode_search,2026-08-11,32,JAWA BARAT,32.02,KAB. SUKABUMI,32.02.38,PURABAYA,32.02.38.2007,CICUKANG,43371,43187,43387,exact_match,false,false,CICUKANG,1,1,https://kodepos.posindonesia.co.id/CariKodepos,Rate-limited internal observation; exact hierarchy match; requires adjudication before promotion.
pos_indonesia_postcode_search,2026-08-11,32,JAWA BARAT,32.02,KAB. SUKABUMI,32.02.39,NYALINDUNG,32.02.39.2001,NYALINDUNG,43396,43196,43396,exact_match,true,false,NYALINDUNG,14,1,https://kodepos.posindonesia.co.id/CariKodepos,Rate-limited internal observation; exact hierarchy match; requires adjudication before promotion.
pos_indonesia_postcode_search,2026-08-11,32,JAWA BARAT,32.02,KAB. SUKABUMI,32.02.39,NYALINDUNG,32.02.39.2002,NEGLASARI,43396,43196,43396,exact_match,true,false,NEGLASARI,38,1,https://kodepos.posindonesia.co.id/CariKodepos,Rate-limited internal observation; exact hierarchy match; requires adjudication before promotion.
pos_indonesia_postcode_search,2026-08-11,32,JAWA BARAT,32.02,KAB. SUKABUMI,32.02.39,NYALINDUNG,32.02.39.2003,SUKAMAJU,43396,43196,43396,exact_match,true,false,SUKAMAJU,91,1,https://kodepos.posindonesia.co.id/CariKodepos,Rate-limited internal observation; exact hierarchy match; requires adjudication before promotion.
pos_indonesia_postcode_search,2026-08-11,32,JAWA BARAT,32.02,KAB. SUKABUMI,32.02.39,NYALINDUNG,32.02.39.2004,BOJONGKALONG,43396,43196,43396,exact_match,true,false,BOJONGKALONG,1,1,https://kodepos.posindonesia.co.id/CariKodepos,Rate-limited internal observation; exact hierarchy match; requires adjudication before promotion.
pos_indonesia_postcode_search,2026-08-11,32,JAWA BARAT,32.02,KAB. SUKABUMI,32.02.39,NYALINDUNG,32.02.39.2005,CIJANGKAR,43396,43196,43396,exact_match,true,false,CIJANGKAR,1,1,https://kodepos.posindonesia.co.id/CariKodepos,Rate-limited internal observation; exact hierarchy match; requires adjudication before promotion.
pos_indonesia_postcode_search,2026-08-11,32,JAWA BARAT,32.02,KAB. SUKABUMI,32.02.39,NYALINDUNG,32.02.39.2006,MEKARSARI,43396,43196,43396,exact_match,true,false,MEKARSARI,80,1,https://kodepos.posindonesia.co.id/CariKodepos,Rate-limited internal observation; exact hierarchy match; requires adjudication before promotion.
pos_indonesia_postcode_search,2026-08-11,32,JAWA BARAT,32.02,KAB. SUKABUMI,32.02.39,NYALINDUNG,32.02.39.2007,WANGUNREJA,43396,43196,43396,exact_match,true,false,WANGUNREJA,1,1,https://kodepos.posindonesia.co.id/CariKodepos,Rate-limited internal observation; exact hierarchy match; requires adjudication before promotion.
pos_indonesia_postcode_search,2026-08-11,32,JAWA BARAT,32.02,KAB. SUKABUMI,32.02.39,NYALINDUNG,32.02.39.2008,CISITU,43396,43196,43396,exact_match,true,false,CISITU,13,1,https://kodepos.posindonesia.co.id/CariKodepos,Rate-limited internal observation; exact hierarchy match; requires adjudication before promotion.
pos_indonesia_postcode_search,2026-08-11,32,JAWA BARAT,32.02,KAB. SUKABUMI,32.02.39,NYALINDUNG,32.02.39.2009,BOJONGSARI,43378,43196,43396,exact_match,false,false,BOJONGSARI,33,1,https://kodepos.posindonesia.co.id/CariKodepos,Rate-limited internal observation; exact hierarchy match; requires adjudication before promotion.
pos_indonesia_postcode_search,2026-08-11,32,JAWA BARAT,32.02,KAB. SUKABUMI,32.02.39,NYALINDUNG,32.02.39.2010,KERTAANGSANA,43396,43196,43396,exact_match,true,false,KERTAANGSANA,1,1,https://kodepos.posindonesia.co.id/CariKodepos,Rate-limited internal observation; exact hierarchy match; requires adjudication before promotion.
pos_indonesia_postcode_search,2026-08-11,32,JAWA BARAT,32.02,KAB. SUKABUMI,32.02.40,GEGERBITUNG,32.02.40.2001,GEGERBITUNG,43397,43197,43397,exact_match,true,false,GEGERBITUNG,7,1,https://kodepos.posindonesia.co.id/CariKodepos,Rate-limited internal observation; exact hierarchy match; requires adjudication before promotion.
pos_indonesia_postcode_search,2026-08-11,32,JAWA BARAT,32.02,KAB. SUKABUMI,32.02.40,GEGERBITUNG,32.02.40.2002,CIJUREY,43397,43197,43397,exact_match,true,false,CIJUREY,2,1,https://kodepos.posindonesia.co.id/CariKodepos,Rate-limited internal observation; exact hierarchy match; requires adjudication before promotion.
pos_indonesia_postcode_search,2026-08-11,32,JAWA BARAT,32.02,KAB. SUKABUMI,32.02.40,GEGERBITUNG,32.02.40.2003,CIENGANG,43397,43197,43397,exact_match,true,false,CIENGANG,1,1,https://kodepos.posindonesia.co.id/CariKodepos,Rate-limited internal observation; exact hierarchy match; requires adjudication before promotion.
pos_indonesia_postcode_search,2026-08-11,32,JAWA BARAT,32.02,KAB. SUKABUMI,32.02.40,GEGERBITUNG,32.02.40.2004,KARANGJAYA,43397,43197,43397,exact_match,true,false,KARANGJAYA,5,1,https://kodepos.posindonesia.co.id/CariKodepos,Rate-limited internal observation; exact hierarchy match; requires adjudication before promotion.
pos_indonesia_postcode_search,2026-08-11,32,JAWA BARAT,32.02,KAB. SUKABUMI,32.02.40,GEGERBITUNG,32.02.40.2005,CARINGIN,43397,43154,43397,exact_match,true,false,CARINGIN,39,1,https://kodepos.posindonesia.co.id/CariKodepos,Rate-limited internal observation; exact hierarchy match; requires adjudication before promotion.
pos_indonesia_postcode_search,2026-08-11,32,JAWA BARAT,32.02,KAB. SUKABUMI,32.02.40,GEGERBITUNG,32.02.40.2006,SUKAMANAH,43397,43197,43397,exact_match,true,false,SUKAMANAH,32,1,https://kodepos.posindonesia.co.id/CariKodepos,Rate-limited internal observation; exact hierarchy match; requires adjudication before promotion.
pos_indonesia_postcode_search,2026-08-11,32,JAWA BARAT,32.02,KAB. SUKABUMI,32.02.40,GEGERBITUNG,32.02.40.2007,BUNIWANGI,43397,43197,43397,exact_match,true,false,BUNIWANGI,6,1,https://kodepos.posindonesia.co.id/CariKodepos,Rate-limited internal observation; exact hierarchy match; requires adjudication before promotion.
pos_indonesia_postcode_search,2026-08-11,32,JAWA BARAT,32.02,KAB. SUKABUMI,32.02.41,SAGARANTEN,32.02.41.2001,SAGARANTEN,43381,43181,43381,exact_match,true,false,SAGARANTEN,13,1,https://kodepos.posindonesia.co.id/CariKodepos,Rate-limited internal observation; exact hierarchy match; requires adjudication before promotion.
pos_indonesia_postcode_search,2026-08-11,32,JAWA BARAT,32.02,KAB. SUKABUMI,32.02.41,SAGARANTEN,32.02.41.2002,CURUGLUHUR,43381,43181,43381,exact_match,true,false,CURUGLUHUR,1,1,https://kodepos.posindonesia.co.id/CariKodepos,Rate-limited internal observation; exact hierarchy match; requires adjudication before promotion.
pos_indonesia_postcode_search,2026-08-11,32,JAWA BARAT,32.02,KAB. SUKABUMI,32.02.41,SAGARANTEN,32.02.41.2003,CIBAREGBEG,43381,43181,43381,exact_match,true,false,CIBAREGBEG,2,1,https://kodepos.posindonesia.co.id/CariKodepos,Rate-limited internal observation; exact hierarchy match; requires adjudication before promotion.
pos_indonesia_postcode_search,2026-08-11,32,JAWA BARAT,32.02,KAB. SUKABUMI,32.02.41,SAGARANTEN,32.02.41.2004,PASANGGRAHAN,43381,43181,43381,exact_match,true,false,PASANGGRAHAN,13,1,https://kodepos.posindonesia.co.id/CariKodepos,Rate-limited internal observation; exact hierarchy match; requires adjudication before promotion.
pos_indonesia_postcode_search,2026-08-11,32,JAWA BARAT,32.02,KAB. SUKABUMI,32.02.41,SAGARANTEN,32.02.41.2005,DATARNANGKA,43381,43181,43381,exact_match,true,false,DATARNANGKA,1,1,https://kodepos.posindonesia.co.id/CariKodepos,Rate-limited internal observation; exact hierarchy match; requires adjudication before promotion.
pos_indonesia_postcode_search,2026-08-11,32,JAWA BARAT,32.02,KAB. SUKABUMI,32.02.41,SAGARANTEN,32.02.41.2006,PUNCAKMANGGIS,43381,43181,43381,exact_match,true,false,PUNCAKMANGGIS,1,1,https://kodepos.posindonesia.co.id/CariKodepos,Rate-limited internal observation; exact hierarchy match; requires adjudication before promotion.
pos_indonesia_postcode_search,2026-08-11,32,JAWA BARAT,32.02,KAB. SUKABUMI,32.02.41,SAGARANTEN,32.02.41.2007,HEGARMANAH,43381,43181,43381,exact_match,true,false,HEGARMANAH,19,1,https://kodepos.posindonesia.co.id/CariKodepos,Rate-limited internal observation; exact hierarchy match; requires adjudication before promotion.
pos_indonesia_postcode_search,2026-08-11,32,JAWA BARAT,32.02,KAB. SUKABUMI,32.02.41,SAGARANTEN,32.02.41.2008,GUNUNGBENTANG,43381,43181,43381,exact_match,true,false,GUNUNGBENTANG,1,1,https://kodepos.posindonesia.co.id/CariKodepos,Rate-limited internal observation; exact hierarchy match; requires adjudication before promotion.
pos_indonesia_postcode_search,2026-08-11,32,JAWA BARAT,32.02,KAB. SUKABUMI,32.02.41,SAGARANTEN,32.02.41.2009,SINARBENTANG,43381,43181,43381,exact_match,true,false,SINARBENTANG,1,1,https://kodepos.posindonesia.co.id/CariKodepos,Rate-limited internal observation; exact hierarchy match; requires adjudication before promotion.
pos_indonesia_postcode_search,2026-08-11,32,JAWA BARAT,32.02,KAB. SUKABUMI,32.02.41,SAGARANTEN,32.02.41.2010,CIBITUNG,43381,43181,43381,exact_match,true,false,CIBITUNG,31,1,https://kodepos.posindonesia.co.id/CariKodepos,Rate-limited internal observation; exact hierarchy match; requires adjudication before promotion.
pos_indonesia_postcode_search,2026-08-11,32,JAWA BARAT,32.02,KAB. SUKABUMI,32.02.41,SAGARANTEN,32.02.41.2011,MARGALUYU,43381,43181,43381,exact_match,true,false,MARGALUYU,17,1,https://kodepos.posindonesia.co.id/CariKodepos,Rate-limited internal observation; exact hierarchy match; requires adjudication before promotion.
pos_indonesia_postcode_search,2026-08-11,32,JAWA BARAT,32.02,KAB. SUKABUMI,32.02.41,SAGARANTEN,32.02.41.2012,MEKARSARI,43381,43181,43381,exact_match,true,false,MEKARSARI,80,1,https://kodepos.posindonesia.co.id/CariKodepos,Rate-limited internal observation; exact hierarchy match; requires adjudication before promotion.
pos_indonesia_postcode_search,2026-08-11,32,JAWA BARAT,32.02,KAB. SUKABUMI,32.02.42,CURUGKEMBAR,32.02.42.2001,CURUGKEMBAR,43382,43182,43382,exact_match,true,false,CURUGKEMBAR,7,1,https://kodepos.posindonesia.co.id/CariKodepos,Rate-limited internal observation; exact hierarchy match; requires adjudication before promotion.
pos_indonesia_postcode_search,2026-08-11,32,JAWA BARAT,32.02,KAB. SUKABUMI,32.02.42,CURUGKEMBAR,32.02.42.2002,CIMENTENG,43382,43182,43382,exact_match,true,false,CIMENTENG,4,1,https://kodepos.posindonesia.co.id/CariKodepos,Rate-limited internal observation; exact hierarchy match; requires adjudication before promotion.
pos_indonesia_postcode_search,2026-08-11,32,JAWA BARAT,32.02,KAB. SUKABUMI,32.02.42,CURUGKEMBAR,32.02.42.2003,TANJUNGSARI,43382,43182,43382,exact_match,true,false,TANJUNGSARI,85,1,https://kodepos.posindonesia.co.id/CariKodepos,Rate-limited internal observation; exact hierarchy match; requires adjudication before promotion.
pos_indonesia_postcode_search,2026-08-11,32,JAWA BARAT,32.02,KAB. SUKABUMI,32.02.42,CURUGKEMBAR,32.02.42.2004,SINDANGRAJA,43382,43182,43382,exact_match,true,false,SINDANGRAJA,2,1,https://kodepos.posindonesia.co.id/CariKodepos,Rate-limited internal observation; exact hierarchy match; requires adjudication before promotion.
pos_indonesia_postcode_search,2026-08-11,32,JAWA BARAT,32.02,KAB. SUKABUMI,32.02.42,CURUGKEMBAR,32.02.42.2005,MEKARTANJUNG,43382,43182,43382,exact_match,true,false,MEKARTANJUNG,1,1,https://kodepos.posindonesia.co.id/CariKodepos,Rate-limited internal observation; exact hierarchy match; requires adjudication before promotion.
pos_indonesia_postcode_search,2026-08-11,32,JAWA BARAT,32.02,KAB. SUKABUMI,32.02.42,CURUGKEMBAR,32.02.42.2007,BOJONG TUGU,43382,43182,43382,exact_match,true,false,BOJONG TUGU,1,1,https://kodepos.posindonesia.co.id/CariKodepos,Rate-limited internal observation; exact hierarchy match; requires adjudication before promotion.
pos_indonesia_postcode_search,2026-08-11,32,JAWA BARAT,32.02,KAB. SUKABUMI,32.02.43,CIDOLOG,32.02.43.2002,CIPAMINGKIS,43384,43184,43384,exact_match,true,false,CIPAMINGKIS,1,1,https://kodepos.posindonesia.co.id/CariKodepos,Rate-limited internal observation; exact hierarchy match; requires adjudication before promotion.
pos_indonesia_postcode_search,2026-08-11,32,JAWA BARAT,32.02,KAB. SUKABUMI,32.02.43,CIDOLOG,32.02.43.2003,CIKARANG,43384,43184,43384,exact_match,true,false,CIKARANG,50,1,https://kodepos.posindonesia.co.id/CariKodepos,Rate-limited internal observation; exact hierarchy match; requires adjudication before promotion.
pos_indonesia_postcode_search,2026-08-11,32,JAWA BARAT,32.02,KAB. SUKABUMI,32.02.43,CIDOLOG,32.02.43.2004,TEGALLEGA,43384,43184,43384,exact_match,true,false,TEGALLEGA,7,1,https://kodepos.posindonesia.co.id/CariKodepos,Rate-limited internal observation; exact hierarchy match; requires adjudication before promotion.
pos_indonesia_postcode_search,2026-08-11,32,JAWA BARAT,32.02,KAB. SUKABUMI,32.02.43,CIDOLOG,32.02.43.2005,MEKARJAYA,43384,43184,43384,exact_match,true,false,MEKARJAYA,55,1,https://kodepos.posindonesia.co.id/CariKodepos,Rate-limited internal observation; exact hierarchy match; requires adjudication before promotion.
pos_indonesia_postcode_search,2026-08-11,32,JAWA BARAT,32.02,KAB. SUKABUMI,32.02.44,CIDADAP,32.02.44.2001,PADASENANG,43383,43183,43383,exact_match,true,false,PADASENANG,1,1,https://kodepos.posindonesia.co.id/CariKodepos,Rate-limited internal observation; exact hierarchy match; requires adjudication before promotion.
pos_indonesia_postcode_search,2026-08-11,32,JAWA BARAT,32.02,KAB. SUKABUMI,32.02.44,CIDADAP,32.02.44.2002,CIDADAP,43383,43183,43383,exact_match,true,false,CIDADAP,16,1,https://kodepos.posindonesia.co.id/CariKodepos,Rate-limited internal observation; exact hierarchy match; requires adjudication before promotion.
pos_indonesia_postcode_search,2026-08-11,32,JAWA BARAT,32.02,KAB. SUKABUMI,32.02.44,CIDADAP,32.02.44.2003,BANJARSARI,43383,43183,43383,exact_match,true,false,BANJARSARI,105,1,https://kodepos.posindonesia.co.id/CariKodepos,Rate-limited internal observation; exact hierarchy match; requires adjudication before promotion.
pos_indonesia_postcode_search,2026-08-11,32,JAWA BARAT,32.02,KAB. SUKABUMI,32.02.44,CIDADAP,32.02.44.2004,HEGARMULYA,43383,43183,43383,exact_match,true,false,HEGARMULYA,1,1,https://kodepos.posindonesia.co.id/CariKodepos,Rate-limited internal observation; exact hierarchy match; requires adjudication before promotion.
pos_indonesia_postcode_search,2026-08-11,32,JAWA BARAT,32.02,KAB. SUKABUMI,32.02.44,CIDADAP,32.02.44.2005,TENJOLAUT,43383,43183,43383,exact_match,true,false,TENJOLAUT,2,1,https://kodepos.posindonesia.co.id/CariKodepos,Rate-limited internal observation; exact hierarchy match; requires adjudication before promotion.
pos_indonesia_postcode_search,2026-08-11,32,JAWA BARAT,32.02,KAB. SUKABUMI,32.02.44,CIDADAP,32.02.44.2006,MEKARTANI,43383,43183,43383,exact_match,true,false,MEKARTANI,2,1,https://kodepos.posindonesia.co.id/CariKodepos,Rate-limited internal observation; exact hierarchy match; requires adjudication before promotion.
pos_indonesia_postcode_search,2026-08-11,32,JAWA BARAT,32.02,KAB. SUKABUMI,32.02.45,TEGALBULEUD,32.02.45.2001,TEGALBULEUD,43386,43186,43386,exact_match,true,false,TEGALBULEUD,8,1,https://kodepos.posindonesia.co.id/CariKodepos,Rate-limited internal observation; exact hierarchy match; requires adjudication before promotion.
pos_indonesia_postcode_search,2026-08-11,32,JAWA BARAT,32.02,KAB. SUKABUMI,32.02.45,TEGALBULEUD,32.02.45.2002,BANGBAYANG,43386,43186,43386,exact_match,true,false,BANGBAYANG,7,1,https://kodepos.posindonesia.co.id/CariKodepos,Rate-limited internal observation; exact hierarchy match; requires adjudication before promotion.
pos_indonesia_postcode_search,2026-08-11,32,JAWA BARAT,32.02,KAB. SUKABUMI,32.02.45,TEGALBULEUD,32.02.45.2003,SUMBERJAYA,43386,43186,43386,exact_match,true,false,SUMBERJAYA,23,1,https://kodepos.posindonesia.co.id/CariKodepos,Rate-limited internal observation; exact hierarchy match; requires adjudication before promotion.
pos_indonesia_postcode_search,2026-08-11,32,JAWA BARAT,32.02,KAB. SUKABUMI,32.02.45,TEGALBULEUD,32.02.45.2004,CALINGCING,43386,43186,43386,exact_match,true,false,CALINGCING,1,1,https://kodepos.posindonesia.co.id/CariKodepos,Rate-limited internal observation; exact hierarchy match; requires adjudication before promotion.
pos_indonesia_postcode_search,2026-08-11,32,JAWA BARAT,32.02,KAB. SUKABUMI,32.02.45,TEGALBULEUD,32.02.45.2005,NANGELA,43386,43186,43386,exact_match,true,false,NANGELA,2,1,https://kodepos.posindonesia.co.id/CariKodepos,Rate-limited internal observation; exact hierarchy match; requires adjudication before promotion.
pos_indonesia_postcode_search,2026-08-11,32,JAWA BARAT,32.02,KAB. SUKABUMI,32.02.45,TEGALBULEUD,32.02.45.2006,RAMBAY,43386,43186,43386,exact_match,true,false,RAMBAY,4,1,https://kodepos.posindonesia.co.id/CariKodepos,Rate-limited internal observation; exact hierarchy match; requires adjudication before promotion.
pos_indonesia_postcode_search,2026-08-11,32,JAWA BARAT,32.02,KAB. SUKABUMI,32.02.45,TEGALBULEUD,32.02.45.2007,BUNIASIH,43386,43186,43386,exact_match,true,false,BUNIASIH,4,1,https://kodepos.posindonesia.co.id/CariKodepos,Rate-limited internal observation; exact hierarchy match; requires adjudication before promotion.
pos_indonesia_postcode_search,2026-08-11,32,JAWA BARAT,32.02,KAB. SUKABUMI,32.02.46,CIMANGGU,32.02.46.2002,SUKAMAJU,43347,43178,43388,exact_match,false,false,SUKAMAJU,91,1,https://kodepos.posindonesia.co.id/CariKodepos,Rate-limited internal observation; exact hierarchy match; requires adjudication before promotion.
pos_indonesia_postcode_search,2026-08-11,32,JAWA BARAT,32.02,KAB. SUKABUMI,32.02.46,CIMANGGU,32.02.46.2003,SUKAJADI,43347,43178,43388,exact_match,false,false,SUKAJADI,54,1,https://kodepos.posindonesia.co.id/CariKodepos,Rate-limited internal observation; exact hierarchy match; requires adjudication before promotion.
pos_indonesia_postcode_search,2026-08-11,32,JAWA BARAT,32.02,KAB. SUKABUMI,32.02.46,CIMANGGU,32.02.46.2004,KARANGMEKAR,43347,43178,43388,exact_match,false,false,KARANGMEKAR,5,1,https://kodepos.posindonesia.co.id/CariKodepos,Rate-limited internal observation; exact hierarchy match; requires adjudication before promotion.
pos_indonesia_postcode_search,2026-08-11,32,JAWA BARAT,32.02,KAB. SUKABUMI,32.02.46,CIMANGGU,32.02.46.2005,BOREGAHINDAH,43388,43178,43388,exact_match,true,false,BOREGAHINDAH,1,1,https://kodepos.posindonesia.co.id/CariKodepos,Rate-limited internal observation; exact hierarchy match; requires adjudication before promotion.
pos_indonesia_postcode_search,2026-08-11,32,JAWA BARAT,32.02,KAB. SUKABUMI,32.02.46,CIMANGGU,32.02.46.2006,SUKAMANAH,43342,43178,43388,exact_match,false,false,SUKAMANAH,32,1,https://kodepos.posindonesia.co.id/CariKodepos,Rate-limited internal observation; exact hierarchy match; requires adjudication before promotion.
pos_indonesia_postcode_search,2026-08-11,32,JAWA BARAT,32.02,KAB. SUKABUMI,32.02.47,CIAMBAR,32.02.47.2001,CIAMBAR,43341,43356,43352,exact_match,false,false,CIAMBAR,6,1,https://kodepos.posindonesia.co.id/CariKodepos,Rate-limited internal observation; exact hierarchy match; requires adjudication before promotion.
pos_indonesia_postcode_search,2026-08-11,32,JAWA BARAT,32.02,KAB. SUKABUMI,32.02.47,CIAMBAR,32.02.47.2002,GINANJAR,43341,43356,43352,exact_match,false,false,GINANJAR,1,1,https://kodepos.posindonesia.co.id/CariKodepos,Rate-limited internal observation; exact hierarchy match; requires adjudication before promotion.
pos_indonesia_postcode_search,2026-08-11,32,JAWA BARAT,32.02,KAB. SUKABUMI,32.02.47,CIAMBAR,32.02.47.2004,MUNJUL,43341,43356,43352,exact_match,false,false,MUNJUL,19,1,https://kodepos.posindonesia.co.id/CariKodepos,Rate-limited internal observation; exact hierarchy match; requires adjudication before promotion.
pos_indonesia_postcode_search,2026-08-11,32,JAWA BARAT,32.02,KAB. SUKABUMI,32.02.47,CIAMBAR,32.02.47.2005,AMBARJAYA,43341,43356,43352,exact_match,false,false,AMBARJAYA,1,1,https://kodepos.posindonesia.co.id/CariKodepos,Rate-limited internal observation; exact hierarchy match; requires adjudication before promotion.
pos_indonesia_postcode_search,2026-08-11,32,JAWA BARAT,32.02,KAB. SUKABUMI,32.02.47,CIAMBAR,32.02.47.2006,CIBUNARJAYA,43341,43356,43352,exact_match,false,false,CIBUNARJAYA,1,1,https://kodepos.posindonesia.co.id/CariKodepos,Rate-limited internal observation; exact hierarchy match; requires adjudication before promotion.
pos_indonesia_postcode_search,2026-08-11,32,JAWA BARAT,32.03,KAB. CIANJUR,32.03.01,CIANJUR,32.03.01.2001,BABAKAN KARET,43217,43211,43217,exact_match,true,false,BABAKAN KARET,1,1,https://kodepos.posindonesia.co.id/CariKodepos,Rate-limited internal observation; exact hierarchy match; requires adjudication before promotion.
pos_indonesia_postcode_search,2026-08-11,32,JAWA BARAT,32.03,KAB. CIANJUR,32.03.01,CIANJUR,32.03.01.2002,NAGRAK,43219,43215,43219,exact_match,true,false,NAGRAK,21,1,https://kodepos.posindonesia.co.id/CariKodepos,Rate-limited internal observation; exact hierarchy match; requires adjudication before promotion.
pos_indonesia_postcode_search,2026-08-11,32,JAWA BARAT,32.03,KAB. CIANJUR,32.03.01,CIANJUR,32.03.01.2003,SUKAMAJU,43219,43211,43219,exact_match,true,false,SUKAMAJU,91,1,https://kodepos.posindonesia.co.id/CariKodepos,Rate-limited internal observation; exact hierarchy match; requires adjudication before promotion.
pos_indonesia_postcode_search,2026-08-11,32,JAWA BARAT,32.03,KAB. CIANJUR,32.03.01,CIANJUR,32.03.01.2004,MEKARSARI,43218,43211,43218,exact_match,true,false,MEKARSARI,80,1,https://kodepos.posindonesia.co.id/CariKodepos,Rate-limited internal observation; exact hierarchy match; requires adjudication before promotion.
pos_indonesia_postcode_search,2026-08-11,32,JAWA BARAT,32.03,KAB. CIANJUR,32.03.10,PACET,32.03.10.2003,CIBODAS,43254,43253,43253,exact_match,false,true,CIBODAS,23,1,https://kodepos.posindonesia.co.id/CariKodepos,Rate-limited internal observation; exact hierarchy match; requires adjudication before promotion.
pos_indonesia_postcode_search,2026-08-11,32,JAWA BARAT,32.03,KAB. CIANJUR,32.03.10,PACET,32.03.10.2010,CIPUTRI,43253,43281,43253,exact_match,true,false,CIPUTRI,2,1,https://kodepos.posindonesia.co.id/CariKodepos,Rate-limited internal observation; exact hierarchy match; requires adjudication before promotion.
pos_indonesia_postcode_search,2026-08-11,32,JAWA BARAT,32.03,KAB. CIANJUR,32.03.13,SUKARESMI,32.03.13.2007,SUKARESMI,43254,43254,43254,exact_match,true,true,SUKARESMI,38,1,https://kodepos.posindonesia.co.id/CariKodepos,Rate-limited internal observation; exact hierarchy match; requires adjudication before promotion.
pos_indonesia_postcode_search,2026-08-11,32,JAWA BARAT,32.03,KAB. CIANJUR,32.03.18,PAGELARAN,32.03.18.2001,PAGELARAN,43266,43266,43266,exact_match,true,true,PAGELARAN,73,1,https://kodepos.posindonesia.co.id/CariKodepos,Rate-limited internal observation; exact hierarchy match; requires adjudication before promotion.
pos_indonesia_postcode_search,2026-08-11,32,JAWA BARAT,32.03,KAB. CIANJUR,32.03.27,GEKBRONG,32.03.27.2001,BANGBAYANG,43287,43261,43287,exact_match,true,false,BANGBAYANG,7,1,https://kodepos.posindonesia.co.id/CariKodepos,Rate-limited internal observation; exact hierarchy match; requires adjudication before promotion.
pos_indonesia_postcode_search,2026-08-11,32,JAWA BARAT,32.03,KAB. CIANJUR,32.03.27,GEKBRONG,32.03.27.2002,SONGGOM,43287,43261,43287,exact_match,true,false,SONGGOM,12,1,https://kodepos.posindonesia.co.id/CariKodepos,Rate-limited internal observation; exact hierarchy match; requires adjudication before promotion.
pos_indonesia_postcode_search,2026-08-11,32,JAWA BARAT,32.03,KAB. CIANJUR,32.03.27,GEKBRONG,32.03.27.2003,SUKARATU,43287,43261,43287,exact_match,true,false,SUKARATU,19,1,https://kodepos.posindonesia.co.id/CariKodepos,Rate-limited internal observation; exact hierarchy match; requires adjudication before promotion.
pos_indonesia_postcode_search,2026-08-11,32,JAWA BARAT,32.03,KAB. CIANJUR,32.03.27,GEKBRONG,32.03.27.2004,CIKANCANA,43287,43261,43287,exact_match,true,false,CIKANCANA,2,1,https://kodepos.posindonesia.co.id/CariKodepos,Rate-limited internal observation; exact hierarchy match; requires adjudication before promotion.
pos_indonesia_postcode_search,2026-08-11,32,JAWA BARAT,32.03,KAB. CIANJUR,32.03.27,GEKBRONG,32.03.27.2005,KEBONPEUTEUY,43287,43261,43287,exact_match,true,false,KEBONPEUTEUY,1,1,https://kodepos.posindonesia.co.id/CariKodepos,Rate-limited internal observation; exact hierarchy match; requires adjudication before promotion.
pos_indonesia_postcode_search,2026-08-11,32,JAWA BARAT,32.03,KAB. CIANJUR,32.03.27,GEKBRONG,32.03.27.2006,GEKBRONG,43287,43261,43287,exact_match,true,false,GEKBRONG,8,1,https://kodepos.posindonesia.co.id/CariKodepos,Rate-limited internal observation; exact hierarchy match; requires adjudication before promotion.
pos_indonesia_postcode_search,2026-08-11,32,JAWA BARAT,32.03,KAB. CIANJUR,32.03.27,GEKBRONG,32.03.27.2007,CIKAHURIPAN,43287,43261,43287,exact_match,true,false,CIKAHURIPAN,7,1,https://kodepos.posindonesia.co.id/CariKodepos,Rate-limited internal observation; exact hierarchy match; requires adjudication before promotion.
pos_indonesia_postcode_search,2026-08-11,32,JAWA BARAT,32.03,KAB. CIANJUR,32.03.27,GEKBRONG,32.03.27.2008,CINTAASIH,43287,43261,43287,exact_match,true,false,CINTAASIH,6,1,https://kodepos.posindonesia.co.id/CariKodepos,Rate-limited internal observation; exact hierarchy match; requires adjudication before promotion.
pos_indonesia_postcode_search,2026-08-11,32,JAWA BARAT,32.03,KAB. CIANJUR,32.03.28,CIPANAS,32.03.28.2002,CIMACAN,43255,43253,43255,exact_match,true,false,CIMACAN,1,1,https://kodepos.posindonesia.co.id/CariKodepos,Rate-limited internal observation; exact hierarchy match; requires adjudication before promotion.
pos_indonesia_postcode_search,2026-08-11,32,JAWA BARAT,32.03,KAB. CIANJUR,32.03.28,CIPANAS,32.03.28.2003,CILOTO,43255,43253,43255,exact_match,true,false,CILOTO,1,1,https://kodepos.posindonesia.co.id/CariKodepos,Rate-limited internal observation; exact hierarchy match; requires adjudication before promotion.
pos_indonesia_postcode_search,2026-08-11,32,JAWA BARAT,32.03,KAB. CIANJUR,32.03.28,CIPANAS,32.03.28.2004,SINDANGLAYA,43255,43253,43255,exact_match,true,false,SINDANGLAYA,9,1,https://kodepos.posindonesia.co.id/CariKodepos,Rate-limited internal observation; exact hierarchy match; requires adjudication before promotion.
pos_indonesia_postcode_search,2026-08-11,32,JAWA BARAT,32.03,KAB. CIANJUR,32.03.28,CIPANAS,32.03.28.2005,BATULAWANG,43255,43253,43255,exact_match,true,false,BATULAWANG,3,1,https://kodepos.posindonesia.co.id/CariKodepos,Rate-limited internal observation; exact hierarchy match; requires adjudication before promotion.
pos_indonesia_postcode_search,2026-08-11,32,JAWA BARAT,32.03,KAB. CIANJUR,32.03.28,CIPANAS,32.03.28.2006,PALASARI,43255,43253,43255,exact_match,true,false,PALASARI,8,1,https://kodepos.posindonesia.co.id/CariKodepos,Rate-limited internal observation; exact hierarchy match; requires adjudication before promotion.
pos_indonesia_postcode_search,2026-08-11,32,JAWA BARAT,32.03,KAB. CIANJUR,32.03.28,CIPANAS,32.03.28.2007,SINDANGJAYA,43255,43253,43255,exact_match,true,false,SINDANGJAYA,8,1,https://kodepos.posindonesia.co.id/CariKodepos,Rate-limited internal observation; exact hierarchy match; requires adjudication before promotion.
pos_indonesia_postcode_search,2026-08-11,32,JAWA BARAT,32.03,KAB. CIANJUR,32.03.29,CIJATI,32.03.29.2001,PARAKANTUGU,43269,43284,43269,exact_match,true,false,PARAKANTUGU,1,1,https://kodepos.posindonesia.co.id/CariKodepos,Rate-limited internal observation; exact hierarchy match; requires adjudication before promotion.
pos_indonesia_postcode_search,2026-08-11,32,JAWA BARAT,32.03,KAB. CIANJUR,32.03.29,CIJATI,32.03.29.2002,CIJATI,43269,43284,43269,exact_match,true,false,CIJATI,14,1,https://kodepos.posindonesia.co.id/CariKodepos,Rate-limited internal observation; exact hierarchy match; requires adjudication before promotion.
pos_indonesia_postcode_search,2026-08-11,32,JAWA BARAT,32.03,KAB. CIANJUR,32.03.29,CIJATI,32.03.29.2003,BOJONGLARANG,43269,43284,43269,exact_match,true,false,BOJONGLARANG,1,1,https://kodepos.posindonesia.co.id/CariKodepos,Rate-limited internal observation; exact hierarchy match; requires adjudication before promotion.
pos_indonesia_postcode_search,2026-08-11,32,JAWA BARAT,32.03,KAB. CIANJUR,32.03.29,CIJATI,32.03.29.2004,PADAASIH,43269,43284,43269,exact_match,true,false,PADAASIH,6,1,https://kodepos.posindonesia.co.id/CariKodepos,Rate-limited internal observation; exact hierarchy match; requires adjudication before promotion.
pos_indonesia_postcode_search,2026-08-11,32,JAWA BARAT,32.03,KAB. CIANJUR,32.03.29,CIJATI,32.03.29.2005,CIBODAS,43269,43284,43269,exact_match,true,false,CIBODAS,23,1,https://kodepos.posindonesia.co.id/CariKodepos,Rate-limited internal observation; exact hierarchy match; requires adjudication before promotion.
pos_indonesia_postcode_search,2026-08-11,32,JAWA BARAT,32.03,KAB. CIANJUR,32.03.29,CIJATI,32.03.29.2006,SUKAMAHI,43269,43284,43269,exact_match,true,false,SUKAMAHI,5,1,https://kodepos.posindonesia.co.id/CariKodepos,Rate-limited internal observation; exact hierarchy match; requires adjudication before promotion.
pos_indonesia_postcode_search,2026-08-11,32,JAWA BARAT,32.03,KAB. CIANJUR,32.03.29,CIJATI,32.03.29.2007,SUKALUYU,43269,43284,43269,exact_match,true,false,SUKALUYU,21,1,https://kodepos.posindonesia.co.id/CariKodepos,Rate-limited internal observation; exact hierarchy match; requires adjudication before promotion.
pos_indonesia_postcode_search,2026-08-11,32,JAWA BARAT,32.03,KAB. CIANJUR,32.03.29,CIJATI,32.03.29.2008,CARINGIN,43269,43284,43269,exact_match,true,false,CARINGIN,39,1,https://kodepos.posindonesia.co.id/CariKodepos,Rate-limited internal observation; exact hierarchy match; requires adjudication before promotion.
pos_indonesia_postcode_search,2026-08-11,32,JAWA BARAT,32.03,KAB. CIANJUR,32.03.29,CIJATI,32.03.29.2009,SINARBAKTI,43269,43284,43269,exact_match,true,false,SINARBAKTI,1,1,https://kodepos.posindonesia.co.id/CariKodepos,Rate-limited internal observation; exact hierarchy match; requires adjudication before promotion.
pos_indonesia_postcode_search,2026-08-11,32,JAWA BARAT,32.03,KAB. CIANJUR,32.03.29,CIJATI,32.03.29.2010,SUKAMAJU,43269,43284,43269,exact_match,true,false,SUKAMAJU,91,1,https://kodepos.posindonesia.co.id/CariKodepos,Rate-limited internal observation; exact hierarchy match; requires adjudication before promotion.
pos_indonesia_postcode_search,2026-08-11,32,JAWA BARAT,32.03,KAB. CIANJUR,32.03.30,LELES,32.03.30.2001,PUSAKASARI,43277,43273,43277,exact_match,true,false,PUSAKASARI,2,1,https://kodepos.posindonesia.co.id/CariKodepos,Rate-limited internal observation; exact hierarchy match; requires adjudication before promotion.
pos_indonesia_postcode_search,2026-08-11,32,JAWA BARAT,32.03,KAB. CIANJUR,32.03.30,LELES,32.03.30.2002,WALAHIR,43277,43273,43277,exact_match,true,false,WALAHIR,1,1,https://kodepos.posindonesia.co.id/CariKodepos,Rate-limited internal observation; exact hierarchy match; requires adjudication before promotion.
pos_indonesia_postcode_search,2026-08-11,32,JAWA BARAT,32.03,KAB. CIANJUR,32.03.30,LELES,32.03.30.2003,PURABAYA,43277,43273,43277,exact_match,true,false,PURABAYA,8,1,https://kodepos.posindonesia.co.id/CariKodepos,Rate-limited internal observation; exact hierarchy match; requires adjudication before promotion.
pos_indonesia_postcode_search,2026-08-11,32,JAWA BARAT,32.03,KAB. CIANJUR,32.03.30,LELES,32.03.30.2004,PUNCAKWANGI,43277,43273,43277,exact_match,true,false,PUNCAKWANGI,2,1,https://kodepos.posindonesia.co.id/CariKodepos,Rate-limited internal observation; exact hierarchy match; requires adjudication before promotion.
pos_indonesia_postcode_search,2026-08-11,32,JAWA BARAT,32.03,KAB. CIANJUR,32.03.30,LELES,32.03.30.2005,SUKAJAYA,43277,43273,43277,exact_match,true,false,SUKAJAYA,59,1,https://kodepos.posindonesia.co.id/CariKodepos,Rate-limited internal observation; exact hierarchy match; requires adjudication before promotion.
pos_indonesia_postcode_search,2026-08-11,32,JAWA BARAT,32.03,KAB. CIANJUR,32.03.30,LELES,32.03.30.2006,NAGASARI,43277,43273,43277,exact_match,true,false,NAGASARI,11,1,https://kodepos.posindonesia.co.id/CariKodepos,Rate-limited internal observation; exact hierarchy match; requires adjudication before promotion.
pos_indonesia_postcode_search,2026-08-11,32,JAWA BARAT,32.03,KAB. CIANJUR,32.03.30,LELES,32.03.30.2007,SUKASIRNA,43277,43273,43277,exact_match,true,false,SUKASIRNA,6,1,https://kodepos.posindonesia.co.id/CariKodepos,Rate-limited internal observation; exact hierarchy match; requires adjudication before promotion.
pos_indonesia_postcode_search,2026-08-11,32,JAWA BARAT,32.03,KAB. CIANJUR,32.03.30,LELES,32.03.30.2008,SUKAMULYA,43277,43273,43277,exact_match,true,false,SUKAMULYA,56,1,https://kodepos.posindonesia.co.id/CariKodepos,Rate-limited internal observation; exact hierarchy match; requires adjudication before promotion.
pos_indonesia_postcode_search,2026-08-11,32,JAWA BARAT,32.03,KAB. CIANJUR,32.03.30,LELES,32.03.30.2009,SIRNASARI,43277,43273,43277,exact_match,true,false,SIRNASARI,7,1,https://kodepos.posindonesia.co.id/CariKodepos,Rate-limited internal observation; exact hierarchy match; requires adjudication before promotion.
pos_indonesia_postcode_search,2026-08-11,32,JAWA BARAT,32.03,KAB. CIANJUR,32.03.30,LELES,32.03.30.2010,KARYAMUKTI,43277,43273,43277,exact_match,true,false,KARYAMUKTI,13,1,https://kodepos.posindonesia.co.id/CariKodepos,Rate-limited internal observation; exact hierarchy match; requires adjudication before promotion.
pos_indonesia_postcode_search,2026-08-11,32,JAWA BARAT,32.03,KAB. CIANJUR,32.03.30,LELES,32.03.30.2011,MANDALAWANGI,43277,43273,43277,exact_match,true,false,MANDALAWANGI,20,1,https://kodepos.posindonesia.co.id/CariKodepos,Rate-limited internal observation; exact hierarchy match; requires adjudication before promotion.
pos_indonesia_postcode_search,2026-08-11,32,JAWA BARAT,32.03,KAB. CIANJUR,32.03.30,LELES,32.03.30.2012,SINDANGSARI,43277,43273,43277,exact_match,true,false,SINDANGSARI,31,1,https://kodepos.posindonesia.co.id/CariKodepos,Rate-limited internal observation; exact hierarchy match; requires adjudication before promotion.
pos_indonesia_postcode_search,2026-08-11,32,JAWA BARAT,32.03,KAB. CIANJUR,32.03.32,PASIRKUDA,32.03.32.2001,SIMPANG,43279,43266,43279,exact_match,true,false,SIMPANG,619,1,https://kodepos.posindonesia.co.id/CariKodepos,Rate-limited internal observation; exact hierarchy match; requires adjudication before promotion.
pos_indonesia_postcode_search,2026-08-11,32,JAWA BARAT,32.03,KAB. CIANJUR,32.03.32,PASIRKUDA,32.03.32.2002,KALIBARU,43279,43266,43279,exact_match,true,false,KALIBARU,13,1,https://kodepos.posindonesia.co.id/CariKodepos,Rate-limited internal observation; exact hierarchy match; requires adjudication before promotion.
pos_indonesia_postcode_search,2026-08-11,32,JAWA BARAT,32.03,KAB. CIANJUR,32.03.32,PASIRKUDA,32.03.32.2003,PUSAKAJAYA,43279,43266,43279,exact_match,true,false,PUSAKAJAYA,11,1,https://kodepos.posindonesia.co.id/CariKodepos,Rate-limited internal observation; exact hierarchy match; requires adjudication before promotion.
pos_indonesia_postcode_search,2026-08-11,32,JAWA BARAT,32.03,KAB. CIANJUR,32.03.32,PASIRKUDA,32.03.32.2004,KUBANG,43279,43267,43279,exact_match,true,false,KUBANG,59,1,https://kodepos.posindonesia.co.id/CariKodepos,Rate-limited internal observation; exact hierarchy match; requires adjudication before promotion.
pos_indonesia_postcode_search,2026-08-11,32,JAWA BARAT,32.03,KAB. CIANJUR,32.03.32,PASIRKUDA,32.03.32.2005,GIRIMUKTI,43279,43267,43279,exact_match,true,false,GIRIMUKTI,17,1,https://kodepos.posindonesia.co.id/CariKodepos,Rate-limited internal observation; exact hierarchy match; requires adjudication before promotion.
pos_indonesia_postcode_search,2026-08-11,32,JAWA BARAT,32.03,KAB. CIANJUR,32.03.32,PASIRKUDA,32.03.32.2006,KARANGJAYA,43279,43266,43279,exact_match,true,false,KARANGJAYA,5,1,https://kodepos.posindonesia.co.id/CariKodepos,Rate-limited internal observation; exact hierarchy match; requires adjudication before promotion.
pos_indonesia_postcode_search,2026-08-11,32,JAWA BARAT,32.03,KAB. CIANJUR,32.03.32,PASIRKUDA,32.03.32.2007,MEKARMULYA,43279,43267,43279,exact_match,true,false,MEKARMULYA,12,1,https://kodepos.posindonesia.co.id/CariKodepos,Rate-limited internal observation; exact hierarchy match; requires adjudication before promotion.
pos_indonesia_postcode_search,2026-08-11,32,JAWA BARAT,32.03,KAB. CIANJUR,32.03.32,PASIRKUDA,32.03.32.2008,GIRIJAYA,43279,43267,43279,exact_match,true,false,GIRIJAYA,9,1,https://kodepos.posindonesia.co.id/CariKodepos,Rate-limited internal observation; exact hierarchy match; requires adjudication before promotion.
pos_indonesia_postcode_search,2026-08-11,32,JAWA BARAT,32.03,KAB. CIANJUR,32.03.32,PASIRKUDA,32.03.32.2009,PADAMULYA,43279,43267,43279,exact_match,true,false,PADAMULYA,7,1,https://kodepos.posindonesia.co.id/CariKodepos,Rate-limited internal observation; exact hierarchy match; requires adjudication before promotion.
pos_indonesia_postcode_search,2026-08-11,32,JAWA BARAT,32.04,KAB. BANDUNG,32.04.05,CILEUNYI,32.04.05.2001,CILEUNYI KULON,40393,40621,40393,exact_match,true,false,CILEUNYI KULON,1,1,https://kodepos.posindonesia.co.id/CariKodepos,Rate-limited internal observation; exact hierarchy match; requires adjudication before promotion.
pos_indonesia_postcode_search,2026-08-11,32,JAWA BARAT,32.04,KAB. BANDUNG,32.04.05,CILEUNYI,32.04.05.2002,CILEUNYI WETAN,40393,40622,40393,exact_match,true,false,CILEUNYI WETAN,1,1,https://kodepos.posindonesia.co.id/CariKodepos,Rate-limited internal observation; exact hierarchy match; requires adjudication before promotion.
pos_indonesia_postcode_search,2026-08-11,32,JAWA BARAT,32.04,KAB. BANDUNG,32.04.05,CILEUNYI,32.04.05.2003,CIMEKAR,40393,40623,40393,exact_match,true,false,CIMEKAR,2,1,https://kodepos.posindonesia.co.id/CariKodepos,Rate-limited internal observation; exact hierarchy match; requires adjudication before promotion.
pos_indonesia_postcode_search,2026-08-11,32,JAWA BARAT,32.04,KAB. BANDUNG,32.04.05,CILEUNYI,32.04.05.2004,CINUNUK,40393,40624,40393,exact_match,true,false,CINUNUK,2,1,https://kodepos.posindonesia.co.id/CariKodepos,Rate-limited internal observation; exact hierarchy match; requires adjudication before promotion.
pos_indonesia_postcode_search,2026-08-11,32,JAWA BARAT,32.04,KAB. BANDUNG,32.04.05,CILEUNYI,32.04.05.2005,CIBIRU HILIR,40393,40626,40393,exact_match,true,false,CIBIRU HILIR,1,1,https://kodepos.posindonesia.co.id/CariKodepos,Rate-limited internal observation; exact hierarchy match; requires adjudication before promotion.
pos_indonesia_postcode_search,2026-08-11,32,JAWA BARAT,32.04,KAB. BANDUNG,32.04.05,CILEUNYI,32.04.05.2006,CIBIRU WETAN,40393,40625,40393,exact_match,true,false,CIBIRU WETAN,1,1,https://kodepos.posindonesia.co.id/CariKodepos,Rate-limited internal observation; exact hierarchy match; requires adjudication before promotion.
pos_indonesia_postcode_search,2026-08-11,32,JAWA BARAT,32.04,KAB. BANDUNG,32.04.07,CILENGKRANG,32.04.07.2001,JATIENDAH,40392,40616,40392,exact_match,true,false,JATIENDAH,1,1,https://kodepos.posindonesia.co.id/CariKodepos,Rate-limited internal observation; exact hierarchy match; requires adjudication before promotion.
pos_indonesia_postcode_search,2026-08-11,32,JAWA BARAT,32.04,KAB. BANDUNG,32.04.07,CILENGKRANG,32.04.07.2002,CILENGKRANG,40392,40615,40392,exact_match,true,false,CILENGKRANG,9,1,https://kodepos.posindonesia.co.id/CariKodepos,Rate-limited internal observation; exact hierarchy match; requires adjudication before promotion.
pos_indonesia_postcode_search,2026-08-11,32,JAWA BARAT,32.04,KAB. BANDUNG,32.04.07,CILENGKRANG,32.04.07.2003,CIPANJALU,40392,40618,40392,exact_match,true,false,CIPANJALU,1,1,https://kodepos.posindonesia.co.id/CariKodepos,Rate-limited internal observation; exact hierarchy match; requires adjudication before promotion.
pos_indonesia_postcode_search,2026-08-11,32,JAWA BARAT,32.04,KAB. BANDUNG,32.04.07,CILENGKRANG,32.04.07.2004,MELATIWANGI,40392,40618,40392,exact_match,true,false,MELATIWANGI,1,1,https://kodepos.posindonesia.co.id/CariKodepos,Rate-limited internal observation; exact hierarchy match; requires adjudication before promotion.
pos_indonesia_postcode_search,2026-08-11,32,JAWA BARAT,32.04,KAB. BANDUNG,32.04.07,CILENGKRANG,32.04.07.2005,CIPOREAT,40392,40617,40392,exact_match,true,false,CIPOREAT,1,1,https://kodepos.posindonesia.co.id/CariKodepos,Rate-limited internal observation; exact hierarchy match; requires adjudication before promotion.
pos_indonesia_postcode_search,2026-08-11,32,JAWA BARAT,32.04,KAB. BANDUNG,32.04.07,CILENGKRANG,32.04.07.2006,GIRIMEKAR,40392,40619,40392,exact_match,true,false,GIRIMEKAR,1,1,https://kodepos.posindonesia.co.id/CariKodepos,Rate-limited internal observation; exact hierarchy match; requires adjudication before promotion.
pos_indonesia_postcode_search,2026-08-11,32,JAWA BARAT,32.04,KAB. BANDUNG,32.04.08,BOJONGSOANG,32.04.08.2001,LENGKONG,40354,40287,40354,exact_match,true,false,LENGKONG,91,1,https://kodepos.posindonesia.co.id/CariKodepos,Rate-limited internal observation; exact hierarchy match; requires adjudication before promotion.
pos_indonesia_postcode_search,2026-08-11,32,JAWA BARAT,32.04,KAB. BANDUNG,32.04.08,BOJONGSOANG,32.04.08.2002,BOJONGSOANG,40354,40288,40354,exact_match,true,false,BOJONGSOANG,6,1,https://kodepos.posindonesia.co.id/CariKodepos,Rate-limited internal observation; exact hierarchy match; requires adjudication before promotion.
pos_indonesia_postcode_search,2026-08-11,32,JAWA BARAT,32.04,KAB. BANDUNG,32.04.08,BOJONGSOANG,32.04.08.2003,BUAHBATU,40354,40287,40354,exact_match,true,false,BUAHBATU,5,1,https://kodepos.posindonesia.co.id/CariKodepos,Rate-limited internal observation; exact hierarchy match; requires adjudication before promotion.
pos_indonesia_postcode_search,2026-08-11,32,JAWA BARAT,32.04,KAB. BANDUNG,32.04.08,BOJONGSOANG,32.04.08.2004,CIPAGALO,40354,40287,40354,exact_match,true,false,CIPAGALO,1,1,https://kodepos.posindonesia.co.id/CariKodepos,Rate-limited internal observation; exact hierarchy match; requires adjudication before promotion.
pos_indonesia_postcode_search,2026-08-11,32,JAWA BARAT,32.04,KAB. BANDUNG,32.04.08,BOJONGSOANG,32.04.08.2005,BOJONGSARI,40354,40288,40354,exact_match,true,false,BOJONGSARI,33,1,https://kodepos.posindonesia.co.id/CariKodepos,Rate-limited internal observation; exact hierarchy match; requires adjudication before promotion.
pos_indonesia_postcode_search,2026-08-11,32,JAWA BARAT,32.04,KAB. BANDUNG,32.04.08,BOJONGSOANG,32.04.08.2006,TEGALLUAR,40354,40287,40354,exact_match,true,false,TEGALLUAR,1,1,https://kodepos.posindonesia.co.id/CariKodepos,Rate-limited internal observation; exact hierarchy match; requires adjudication before promotion.
pos_indonesia_postcode_search,2026-08-11,32,JAWA BARAT,32.04,KAB. BANDUNG,32.04.09,MARGAHAYU,32.04.09.1004,SULAIMAN,40352,40229,40229,exact_match,false,true,SULAIMAN,2,1,https://kodepos.posindonesia.co.id/CariKodepos,Rate-limited internal observation; exact hierarchy match; requires adjudication before promotion.
pos_indonesia_postcode_search,2026-08-11,32,JAWA BARAT,32.04,KAB. BANDUNG,32.04.09,MARGAHAYU,32.04.09.2001,MARGAHAYU TENGAH,40352,40225,40225,exact_match,false,true,MARGAHAYU TENGAH,1,1,https://kodepos.posindonesia.co.id/CariKodepos,Rate-limited internal observation; exact hierarchy match; requires adjudication before promotion.
pos_indonesia_postcode_search,2026-08-11,32,JAWA BARAT,32.04,KAB. BANDUNG,32.04.09,MARGAHAYU,32.04.09.2002,MAGAHAYU SELATAN,40352,40226,40225,exact_match,false,false,MAGAHAYU SELATAN,1,1,https://kodepos.posindonesia.co.id/CariKodepos,Rate-limited internal observation; exact hierarchy match; requires adjudication before promotion.
pos_indonesia_postcode_search,2026-08-11,32,JAWA BARAT,32.04,KAB. BANDUNG,32.04.09,MARGAHAYU,32.04.09.2003,SUKAMENAK,40352,40227,40227,exact_match,false,true,SUKAMENAK,9,1,https://kodepos.posindonesia.co.id/CariKodepos,Rate-limited internal observation; exact hierarchy match; requires adjudication before promotion.
pos_indonesia_postcode_search,2026-08-11,32,JAWA BARAT,32.04,KAB. BANDUNG,32.04.09,MARGAHAYU,32.04.09.2005,SAYATI,40352,40228,40228,exact_match,false,true,SAYATI,11,1,https://kodepos.posindonesia.co.id/CariKodepos,Rate-limited internal observation; exact hierarchy match; requires adjudication before promotion.
pos_indonesia_postcode_search,2026-08-11,32,JAWA BARAT,32.04,KAB. BANDUNG,32.04.10,MARGAASIH,32.04.10.2001,MARGAASIH,40351,40215,40215,exact_match,false,true,MARGAASIH,7,1,https://kodepos.posindonesia.co.id/CariKodepos,Rate-limited internal observation; exact hierarchy match; requires adjudication before promotion.
pos_indonesia_postcode_search,2026-08-11,32,JAWA BARAT,32.04,KAB. BANDUNG,32.04.10,MARGAASIH,32.04.10.2002,LAGADAR,40351,40216,40215,exact_match,false,false,LAGADAR,1,1,https://kodepos.posindonesia.co.id/CariKodepos,Rate-limited internal observation; exact hierarchy match; requires adjudication before promotion.
pos_indonesia_postcode_search,2026-08-11,32,JAWA BARAT,32.04,KAB. BANDUNG,32.04.10,MARGAASIH,32.04.10.2003,NANJUNG,40351,40217,40215,exact_match,false,false,NANJUNG,34,1,https://kodepos.posindonesia.co.id/CariKodepos,Rate-limited internal observation; exact hierarchy match; requires adjudication before promotion.
pos_indonesia_postcode_search,2026-08-11,32,JAWA BARAT,32.04,KAB. BANDUNG,32.04.10,MARGAASIH,32.04.10.2004,MEKARRAHAYU,40351,40218,40219,exact_match,false,false,MEKARRAHAYU,1,1,https://kodepos.posindonesia.co.id/CariKodepos,Rate-limited internal observation; exact hierarchy match; requires adjudication before promotion.
pos_indonesia_postcode_search,2026-08-11,32,JAWA BARAT,32.04,KAB. BANDUNG,32.04.10,MARGAASIH,32.04.10.2005,RAHAYU,40351,40218,40215,exact_match,false,false,RAHAYU,70,1,https://kodepos.posindonesia.co.id/CariKodepos,Rate-limited internal observation; exact hierarchy match; requires adjudication before promotion.
pos_indonesia_postcode_search,2026-08-11,32,JAWA BARAT,32.04,KAB. BANDUNG,32.04.10,MARGAASIH,32.04.10.2006,CIGONDEWAH HILIR,40351,40214,40215,exact_match,false,false,CIGONDEWAH HILIR,1,1,https://kodepos.posindonesia.co.id/CariKodepos,Rate-limited internal observation; exact hierarchy match; requires adjudication before promotion.
pos_indonesia_postcode_search,2026-08-11,32,JAWA BARAT,32.04,KAB. BANDUNG,32.04.11,KATAPANG,32.04.11.2001,SANGKANHURIP,40355,40921,40355,exact_match,true,false,SANGKANHURIP,3,1,https://kodepos.posindonesia.co.id/CariKodepos,Rate-limited internal observation; exact hierarchy match; requires adjudication before promotion.
pos_indonesia_postcode_search,2026-08-11,32,JAWA BARAT,32.04,KAB. BANDUNG,32.04.11,KATAPANG,32.04.11.2002,KATAPANG,40355,40921,40355,exact_match,true,false,KATAPANG,8,1,https://kodepos.posindonesia.co.id/CariKodepos,Rate-limited internal observation; exact hierarchy match; requires adjudication before promotion.
pos_indonesia_postcode_search,2026-08-11,32,JAWA BARAT,32.04,KAB. BANDUNG,32.04.11,KATAPANG,32.04.11.2004,GANDASARI,40355,40921,40355,exact_match,true,false,GANDASARI,8,1,https://kodepos.posindonesia.co.id/CariKodepos,Rate-limited internal observation; exact hierarchy match; requires adjudication before promotion.
pos_indonesia_postcode_search,2026-08-11,32,JAWA BARAT,32.04,KAB. BANDUNG,32.04.11,KATAPANG,32.04.11.2006,SUKAMUKTI,40355,40921,40355,exact_match,true,false,SUKAMUKTI,19,1,https://kodepos.posindonesia.co.id/CariKodepos,Rate-limited internal observation; exact hierarchy match; requires adjudication before promotion.
pos_indonesia_postcode_search,2026-08-11,32,JAWA BARAT,32.04,KAB. BANDUNG,32.04.11,KATAPANG,32.04.11.2007,CILAMPENI,40355,40921,40355,exact_match,true,false,CILAMPENI,1,1,https://kodepos.posindonesia.co.id/CariKodepos,Rate-limited internal observation; exact hierarchy match; requires adjudication before promotion.
pos_indonesia_postcode_search,2026-08-11,32,JAWA BARAT,32.04,KAB. BANDUNG,32.04.11,KATAPANG,32.04.11.2008,PANGAUBAN,40355,40921,40355,exact_match,true,false,PANGAUBAN,5,1,https://kodepos.posindonesia.co.id/CariKodepos,Rate-limited internal observation; exact hierarchy match; requires adjudication before promotion.
pos_indonesia_postcode_search,2026-08-11,32,JAWA BARAT,32.04,KAB. BANDUNG,32.04.11,KATAPANG,32.04.11.2009,BANYUSARI,40355,40921,40355,exact_match,true,false,BANYUSARI,17,1,https://kodepos.posindonesia.co.id/CariKodepos,Rate-limited internal observation; exact hierarchy match; requires adjudication before promotion.
pos_indonesia_postcode_search,2026-08-11,32,JAWA BARAT,32.04,KAB. BANDUNG,32.04.12,DAYEUHKOLOT,32.04.12.1001,PASAWAHAN,40353,40256,40353,exact_match,true,false,PASAWAHAN,28,1,https://kodepos.posindonesia.co.id/CariKodepos,Rate-limited internal observation; exact hierarchy match; requires adjudication before promotion.
pos_indonesia_postcode_search,2026-08-11,32,JAWA BARAT,32.04,KAB. BANDUNG,32.04.12,DAYEUHKOLOT,32.04.12.2002,DAYEUHKOLOT,40353,40258,40353,exact_match,true,false,DAYEUHKOLOT,6,1,https://kodepos.posindonesia.co.id/CariKodepos,Rate-limited internal observation; exact hierarchy match; requires adjudication before promotion.
pos_indonesia_postcode_search,2026-08-11,32,JAWA BARAT,32.04,KAB. BANDUNG,32.04.12,DAYEUHKOLOT,32.04.12.2003,CANGKUANG WETAN,40353,40238,40353,exact_match,true,false,CANGKUANG WETAN,1,1,https://kodepos.posindonesia.co.id/CariKodepos,Rate-limited internal observation; exact hierarchy match; requires adjudication before promotion.
pos_indonesia_postcode_search,2026-08-11,32,JAWA BARAT,32.04,KAB. BANDUNG,32.04.12,DAYEUHKOLOT,32.04.12.2004,CANGKUANG KULON,40353,40239,40353,exact_match,true,false,CANGKUANG KULON,1,1,https://kodepos.posindonesia.co.id/CariKodepos,Rate-limited internal observation; exact hierarchy match; requires adjudication before promotion.
pos_indonesia_postcode_search,2026-08-11,32,JAWA BARAT,32.04,KAB. BANDUNG,32.04.12,DAYEUHKOLOT,32.04.12.2005,SUKAPURA,40353,40267,40353,exact_match,true,false,SUKAPURA,23,1,https://kodepos.posindonesia.co.id/CariKodepos,Rate-limited internal observation; exact hierarchy match; requires adjudication before promotion.
pos_indonesia_postcode_search,2026-08-11,32,JAWA BARAT,32.04,KAB. BANDUNG,32.04.12,DAYEUHKOLOT,32.04.12.2006,CITEUREUP,40353,40257,40353,exact_match,true,false,CITEUREUP,18,1,https://kodepos.posindonesia.co.id/CariKodepos,Rate-limited internal observation; exact hierarchy match; requires adjudication before promotion.
pos_indonesia_postcode_search,2026-08-11,32,JAWA BARAT,32.04,KAB. BANDUNG,32.04.17,CIMAUNG,32.04.17.2006,MEKARSARI,40374,40375,40374,exact_match,true,false,MEKARSARI,80,1,https://kodepos.posindonesia.co.id/CariKodepos,Rate-limited internal observation; exact hierarchy match; requires adjudication before promotion.
pos_indonesia_postcode_search,2026-08-11,32,JAWA BARAT,32.04,KAB. BANDUNG,32.04.26,NAGREG,32.04.26.2001,NAGREG,40397,40215,40397,exact_match,true,false,NAGREG,8,1,https://kodepos.posindonesia.co.id/CariKodepos,Rate-limited internal observation; exact hierarchy match; requires adjudication before promotion.
pos_indonesia_postcode_search,2026-08-11,32,JAWA BARAT,32.04,KAB. BANDUNG,32.04.26,NAGREG,32.04.26.2002,BOJONG,40397,40215,40397,exact_match,true,false,BOJONG,278,1,https://kodepos.posindonesia.co.id/CariKodepos,Rate-limited internal observation; exact hierarchy match; requires adjudication before promotion.
pos_indonesia_postcode_search,2026-08-11,32,JAWA BARAT,32.04,KAB. BANDUNG,32.04.26,NAGREG,32.04.26.2003,CIARO,40397,40215,40397,exact_match,true,false,CIARO,1,1,https://kodepos.posindonesia.co.id/CariKodepos,Rate-limited internal observation; exact hierarchy match; requires adjudication before promotion.
pos_indonesia_postcode_search,2026-08-11,32,JAWA BARAT,32.04,KAB. BANDUNG,32.04.26,NAGREG,32.04.26.2004,CIHERANG,40397,40215,40397,exact_match,true,false,CIHERANG,15,1,https://kodepos.posindonesia.co.id/CariKodepos,Rate-limited internal observation; exact hierarchy match; requires adjudication before promotion.
pos_indonesia_postcode_search,2026-08-11,32,JAWA BARAT,32.04,KAB. BANDUNG,32.04.26,NAGREG,32.04.26.2005,CITAMAN,40397,40215,40397,exact_match,true,false,CITAMAN,4,1,https://kodepos.posindonesia.co.id/CariKodepos,Rate-limited internal observation; exact hierarchy match; requires adjudication before promotion.
pos_indonesia_postcode_search,2026-08-11,32,JAWA BARAT,32.04,KAB. BANDUNG,32.04.26,NAGREG,32.04.26.2006,MANDALAWANGI,40397,40215,40397,exact_match,true,false,MANDALAWANGI,20,1,https://kodepos.posindonesia.co.id/CariKodepos,Rate-limited internal observation; exact hierarchy match; requires adjudication before promotion.
pos_indonesia_postcode_search,2026-08-11,32,JAWA BARAT,32.04,KAB. BANDUNG,32.04.26,NAGREG,32.04.26.2007,NAGREG KENDAN,40397,40215,40397,exact_match,true,false,NAGREG KENDAN,1,1,https://kodepos.posindonesia.co.id/CariKodepos,Rate-limited internal observation; exact hierarchy match; requires adjudication before promotion.
pos_indonesia_postcode_search,2026-08-11,32,JAWA BARAT,32.04,KAB. BANDUNG,32.04.26,NAGREG,32.04.26.2008,GANJAR SABAR,40397,40215,40397,exact_match,true,false,GANJAR SABAR,1,1,https://kodepos.posindonesia.co.id/CariKodepos,Rate-limited internal observation; exact hierarchy match; requires adjudication before promotion.
pos_indonesia_postcode_search,2026-08-11,32,JAWA BARAT,32.04,KAB. BANDUNG,32.04.32,BALEENDAH,32.04.32.2007,MALAKASARI,40375,40258,40375,exact_match,true,false,MALAKASARI,1,1,https://kodepos.posindonesia.co.id/CariKodepos,Rate-limited internal observation; exact hierarchy match; requires adjudication before promotion.
pos_indonesia_postcode_search,2026-08-11,32,JAWA BARAT,32.04,KAB. BANDUNG,32.04.33,MAJALAYA,32.04.33.2001,MAJALAYA,40382,40382,40382,exact_match,true,true,MAJALAYA,19,1,https://kodepos.posindonesia.co.id/CariKodepos,Rate-limited internal observation; exact hierarchy match; requires adjudication before promotion.
pos_indonesia_postcode_search,2026-08-11,32,JAWA BARAT,32.04,KAB. BANDUNG,32.04.35,PASEH,32.04.35.2006,SINDANGSARI,40761,40383,40383,exact_match,false,true,SINDANGSARI,31,1,https://kodepos.posindonesia.co.id/CariKodepos,Rate-limited internal observation; exact hierarchy match; requires adjudication before promotion.
pos_indonesia_postcode_search,2026-08-11,32,JAWA BARAT,32.04,KAB. BANDUNG,32.04.37,SOREANG,32.04.37.2001,SOREANG,40317,40911,40311,exact_match,false,false,SOREANG,20,1,https://kodepos.posindonesia.co.id/CariKodepos,Rate-limited internal observation; exact hierarchy match; requires adjudication before promotion.
pos_indonesia_postcode_search,2026-08-11,32,JAWA BARAT,32.04,KAB. BANDUNG,32.04.37,SOREANG,32.04.37.2002,SADU,40313,40913,40313,exact_match,true,false,SADU,5,1,https://kodepos.posindonesia.co.id/CariKodepos,Rate-limited internal observation; exact hierarchy match; requires adjudication before promotion.
pos_indonesia_postcode_search,2026-08-11,32,JAWA BARAT,32.04,KAB. BANDUNG,32.04.37,SOREANG,32.04.37.2004,PANYIRAPAN,40315,40915,40315,exact_match,true,false,PANYIRAPAN,2,1,https://kodepos.posindonesia.co.id/CariKodepos,Rate-limited internal observation; exact hierarchy match; requires adjudication before promotion.
pos_indonesia_postcode_search,2026-08-11,32,JAWA BARAT,32.04,KAB. BANDUNG,32.04.37,SOREANG,32.04.37.2010,SUKAJADI,40311,40911,40311,exact_match,true,false,SUKAJADI,54,1,https://kodepos.posindonesia.co.id/CariKodepos,Rate-limited internal observation; exact hierarchy match; requires adjudication before promotion.
pos_indonesia_postcode_search,2026-08-11,32,JAWA BARAT,32.04,KAB. BANDUNG,32.04.37,SOREANG,32.04.37.2011,PAMEKARAN,40312,40912,40312,exact_match,true,false,PAMEKARAN,3,1,https://kodepos.posindonesia.co.id/CariKodepos,Rate-limited internal observation; exact hierarchy match; requires adjudication before promotion.
pos_indonesia_postcode_search,2026-08-11,32,JAWA BARAT,32.04,KAB. BANDUNG,32.04.37,SOREANG,32.04.37.2017,KARAMATMULYA,40314,40914,40314,exact_match,true,false,KARAMATMULYA,2,1,https://kodepos.posindonesia.co.id/CariKodepos,Rate-limited internal observation; exact hierarchy match; requires adjudication before promotion.
pos_indonesia_postcode_search,2026-08-11,32,JAWA BARAT,32.04,KAB. BANDUNG,32.04.37,SOREANG,32.04.37.2018,SUKANAGARA,40311,40911,40311,exact_match,true,false,SUKANAGARA,20,1,https://kodepos.posindonesia.co.id/CariKodepos,Rate-limited internal observation; exact hierarchy match; requires adjudication before promotion.
pos_indonesia_postcode_search,2026-08-11,32,JAWA BARAT,32.04,KAB. BANDUNG,32.04.37,SOREANG,32.04.37.2019,CINGCIN,40317,40914,40317,exact_match,true,false,CINGCIN,1,1,https://kodepos.posindonesia.co.id/CariKodepos,Rate-limited internal observation; exact hierarchy match; requires adjudication before promotion.
pos_indonesia_postcode_search,2026-08-11,32,JAWA BARAT,32.04,KAB. BANDUNG,32.04.37,SOREANG,32.04.37.2020,PARUNGSERAB,40319,40914,40319,exact_match,true,false,PARUNGSERAB,1,1,https://kodepos.posindonesia.co.id/CariKodepos,Rate-limited internal observation; exact hierarchy match; requires adjudication before promotion.
pos_indonesia_postcode_search,2026-08-11,32,JAWA BARAT,32.04,KAB. BANDUNG,32.04.37,SOREANG,32.04.37.2021,SEKARWANGI,40318,40914,40318,exact_match,true,false,SEKARWANGI,6,1,https://kodepos.posindonesia.co.id/CariKodepos,Rate-limited internal observation; exact hierarchy match; requires adjudication before promotion.
pos_indonesia_postcode_search,2026-08-11,32,JAWA BARAT,32.04,KAB. BANDUNG,32.04.38,PASIRJAMBU,32.04.38.2001,PASIRJAMBU,40364,40972,40364,exact_match,true,false,PASIRJAMBU,12,1,https://kodepos.posindonesia.co.id/CariKodepos,Rate-limited internal observation; exact hierarchy match; requires adjudication before promotion.
pos_indonesia_postcode_search,2026-08-11,32,JAWA BARAT,32.04,KAB. BANDUNG,32.04.38,PASIRJAMBU,32.04.38.2002,CIBODAS,40364,40972,40364,exact_match,true,false,CIBODAS,23,1,https://kodepos.posindonesia.co.id/CariKodepos,Rate-limited internal observation; exact hierarchy match; requires adjudication before promotion.
pos_indonesia_postcode_search,2026-08-11,32,JAWA BARAT,32.04,KAB. BANDUNG,32.04.38,PASIRJAMBU,32.04.38.2003,CIKONENG,40364,40972,40364,exact_match,true,false,CIKONENG,16,1,https://kodepos.posindonesia.co.id/CariKodepos,Rate-limited internal observation; exact hierarchy match; requires adjudication before promotion.
pos_indonesia_postcode_search,2026-08-11,32,JAWA BARAT,32.04,KAB. BANDUNG,32.04.38,PASIRJAMBU,32.04.38.2004,CUKANGGENTENG,40364,40972,40364,exact_match,true,false,CUKANGGENTENG,1,1,https://kodepos.posindonesia.co.id/CariKodepos,Rate-limited internal observation; exact hierarchy match; requires adjudication before promotion.
pos_indonesia_postcode_search,2026-08-11,32,JAWA BARAT,32.04,KAB. BANDUNG,32.04.38,PASIRJAMBU,32.04.38.2005,CISONDARI,40364,40972,40364,exact_match,true,false,CISONDARI,1,1,https://kodepos.posindonesia.co.id/CariKodepos,Rate-limited internal observation; exact hierarchy match; requires adjudication before promotion.
pos_indonesia_postcode_search,2026-08-11,32,JAWA BARAT,32.04,KAB. BANDUNG,32.04.38,PASIRJAMBU,32.04.38.2006,MARGAMULYA,40364,40972,40364,exact_match,true,false,MARGAMULYA,11,1,https://kodepos.posindonesia.co.id/CariKodepos,Rate-limited internal observation; exact hierarchy match; requires adjudication before promotion.
pos_indonesia_postcode_search,2026-08-11,32,JAWA BARAT,32.04,KAB. BANDUNG,32.04.38,PASIRJAMBU,32.04.38.2007,MEKARSARI,40364,40972,40364,exact_match,true,false,MEKARSARI,80,1,https://kodepos.posindonesia.co.id/CariKodepos,Rate-limited internal observation; exact hierarchy match; requires adjudication before promotion.
pos_indonesia_postcode_search,2026-08-11,32,JAWA BARAT,32.04,KAB. BANDUNG,32.04.38,PASIRJAMBU,32.04.38.2008,MEKARMAJU,40364,40972,40364,exact_match,true,false,MEKARMAJU,1,1,https://kodepos.posindonesia.co.id/CariKodepos,Rate-limited internal observation; exact hierarchy match; requires adjudication before promotion.
pos_indonesia_postcode_search,2026-08-11,32,JAWA BARAT,32.04,KAB. BANDUNG,32.04.38,PASIRJAMBU,32.04.38.2009,SUGIHMUKTI,40364,40972,40364,exact_match,true,false,SUGIHMUKTI,1,1,https://kodepos.posindonesia.co.id/CariKodepos,Rate-limited internal observation; exact hierarchy match; requires adjudication before promotion.
pos_indonesia_postcode_search,2026-08-11,32,JAWA BARAT,32.04,KAB. BANDUNG,32.04.38,PASIRJAMBU,32.04.38.2010,TENJOLAYA,40364,40972,40364,exact_match,true,false,TENJOLAYA,13,1,https://kodepos.posindonesia.co.id/CariKodepos,Rate-limited internal observation; exact hierarchy match; requires adjudication before promotion.
pos_indonesia_postcode_search,2026-08-11,32,JAWA BARAT,32.04,KAB. BANDUNG,32.04.39,CIWIDEY,32.04.39.2001,LEBAKMUNCANG,40362,40973,40362,exact_match,true,false,LEBAKMUNCANG,1,1,https://kodepos.posindonesia.co.id/CariKodepos,Rate-limited internal observation; exact hierarchy match; requires adjudication before promotion.
pos_indonesia_postcode_search,2026-08-11,32,JAWA BARAT,32.04,KAB. BANDUNG,32.04.39,CIWIDEY,32.04.39.2002,CIWIDEY,40362,40973,40362,exact_match,true,false,CIWIDEY,7,1,https://kodepos.posindonesia.co.id/CariKodepos,Rate-limited internal observation; exact hierarchy match; requires adjudication before promotion.
pos_indonesia_postcode_search,2026-08-11,32,JAWA BARAT,32.04,KAB. BANDUNG,32.04.39,CIWIDEY,32.04.39.2003,NENGKELAN,40362,40973,40362,exact_match,true,false,NENGKELAN,1,1,https://kodepos.posindonesia.co.id/CariKodepos,Rate-limited internal observation; exact hierarchy match; requires adjudication before promotion.
pos_indonesia_postcode_search,2026-08-11,32,JAWA BARAT,32.04,KAB. BANDUNG,32.04.39,CIWIDEY,32.04.39.2004,PANUNDAAN,40362,40973,40362,exact_match,true,false,PANUNDAAN,1,1,https://kodepos.posindonesia.co.id/CariKodepos,Rate-limited internal observation; exact hierarchy match; requires adjudication before promotion.
pos_indonesia_postcode_search,2026-08-11,32,JAWA BARAT,32.04,KAB. BANDUNG,32.04.39,CIWIDEY,32.04.39.2005,PANYOCOKAN,40362,40973,40362,exact_match,true,false,PANYOCOKAN,1,1,https://kodepos.posindonesia.co.id/CariKodepos,Rate-limited internal observation; exact hierarchy match; requires adjudication before promotion.
pos_indonesia_postcode_search,2026-08-11,32,JAWA BARAT,32.04,KAB. BANDUNG,32.04.39,CIWIDEY,32.04.39.2006,RAWABOGO,40362,40973,40362,exact_match,true,false,RAWABOGO,1,1,https://kodepos.posindonesia.co.id/CariKodepos,Rate-limited internal observation; exact hierarchy match; requires adjudication before promotion.
pos_indonesia_postcode_search,2026-08-11,32,JAWA BARAT,32.04,KAB. BANDUNG,32.04.39,CIWIDEY,32.04.39.2007,SUKAWENING,40362,40973,40362,exact_match,true,false,SUKAWENING,15,1,https://kodepos.posindonesia.co.id/CariKodepos,Rate-limited internal observation; exact hierarchy match; requires adjudication before promotion.
pos_indonesia_postcode_search,2026-08-11,32,JAWA BARAT,32.04,KAB. BANDUNG,32.04.44,CANGKUANG,32.04.44.2001,CANGKUANG,40361,40238,40361,exact_match,true,false,CANGKUANG,12,1,https://kodepos.posindonesia.co.id/CariKodepos,Rate-limited internal observation; exact hierarchy match; requires adjudication before promotion.
pos_indonesia_postcode_search,2026-08-11,32,JAWA BARAT,32.04,KAB. BANDUNG,32.04.44,CANGKUANG,32.04.44.2002,CILUNCAT,40361,40238,40361,exact_match,true,false,CILUNCAT,1,1,https://kodepos.posindonesia.co.id/CariKodepos,Rate-limited internal observation; exact hierarchy match; requires adjudication before promotion.
pos_indonesia_postcode_search,2026-08-11,32,JAWA BARAT,32.04,KAB. BANDUNG,32.04.44,CANGKUANG,32.04.44.2003,NAGRAK,40361,40238,40361,exact_match,true,false,NAGRAK,21,1,https://kodepos.posindonesia.co.id/CariKodepos,Rate-limited internal observation; exact hierarchy match; requires adjudication before promotion.
pos_indonesia_postcode_search,2026-08-11,32,JAWA BARAT,32.04,KAB. BANDUNG,32.04.44,CANGKUANG,32.04.44.2004,BANDASARI,40361,40238,40361,exact_match,true,false,BANDASARI,2,1,https://kodepos.posindonesia.co.id/CariKodepos,Rate-limited internal observation; exact hierarchy match; requires adjudication before promotion.
pos_indonesia_postcode_search,2026-08-11,32,JAWA BARAT,32.04,KAB. BANDUNG,32.04.44,CANGKUANG,32.04.44.2005,PANANJUNG,40361,40238,40361,exact_match,true,false,PANANJUNG,5,1,https://kodepos.posindonesia.co.id/CariKodepos,Rate-limited internal observation; exact hierarchy match; requires adjudication before promotion.
pos_indonesia_postcode_search,2026-08-11,32,JAWA BARAT,32.04,KAB. BANDUNG,32.04.44,CANGKUANG,32.04.44.2006,JATISARI,40361,40238,40361,exact_match,true,false,JATISARI,48,1,https://kodepos.posindonesia.co.id/CariKodepos,Rate-limited internal observation; exact hierarchy match; requires adjudication before promotion.
pos_indonesia_postcode_search,2026-08-11,32,JAWA BARAT,32.04,KAB. BANDUNG,32.04.44,CANGKUANG,32.04.44.2007,TANJUNGSARI,40361,40238,40361,exact_match,true,false,TANJUNGSARI,85,1,https://kodepos.posindonesia.co.id/CariKodepos,Rate-limited internal observation; exact hierarchy match; requires adjudication before promotion.
pos_indonesia_postcode_search,2026-08-11,32,JAWA BARAT,32.04,KAB. BANDUNG,32.04.46,KUTAWARINGIN,32.04.46.2001,JELEGONG,40356,40911,40356,exact_match,true,false,JELEGONG,3,1,https://kodepos.posindonesia.co.id/CariKodepos,Rate-limited internal observation; exact hierarchy match; requires adjudication before promotion.
pos_indonesia_postcode_search,2026-08-11,32,JAWA BARAT,32.04,KAB. BANDUNG,32.04.46,KUTAWARINGIN,32.04.46.2002,JATISARI,40356,40911,40356,exact_match,true,false,JATISARI,48,1,https://kodepos.posindonesia.co.id/CariKodepos,Rate-limited internal observation; exact hierarchy match; requires adjudication before promotion.
pos_indonesia_postcode_search,2026-08-11,32,JAWA BARAT,32.04,KAB. BANDUNG,32.04.46,KUTAWARINGIN,32.04.46.2003,PAMEUNTASAN,40356,40911,40356,exact_match,true,false,PAMEUNTASAN,1,1,https://kodepos.posindonesia.co.id/CariKodepos,Rate-limited internal observation; exact hierarchy match; requires adjudication before promotion.
pos_indonesia_postcode_search,2026-08-11,32,JAWA BARAT,32.04,KAB. BANDUNG,32.04.46,KUTAWARINGIN,32.04.46.2004,KOPO,40356,40911,40356,exact_match,true,false,KOPO,23,1,https://kodepos.posindonesia.co.id/CariKodepos,Rate-limited internal observation; exact hierarchy match; requires adjudication before promotion.
pos_indonesia_postcode_search,2026-08-11,32,JAWA BARAT,32.04,KAB. BANDUNG,32.04.46,KUTAWARINGIN,32.04.46.2005,CIBODAS,40356,40911,40356,exact_match,true,false,CIBODAS,23,1,https://kodepos.posindonesia.co.id/CariKodepos,Rate-limited internal observation; exact hierarchy match; requires adjudication before promotion.
pos_indonesia_postcode_search,2026-08-11,32,JAWA BARAT,32.04,KAB. BANDUNG,32.04.46,KUTAWARINGIN,32.04.46.2006,KUTAWARINGIN,40356,40911,40356,exact_match,true,false,KUTAWARINGIN,15,1,https://kodepos.posindonesia.co.id/CariKodepos,Rate-limited internal observation; exact hierarchy match; requires adjudication before promotion.
pos_indonesia_postcode_search,2026-08-11,32,JAWA BARAT,32.04,KAB. BANDUNG,32.04.46,KUTAWARINGIN,32.04.46.2007,SUKAMULYA,40356,40911,40356,exact_match,true,false,SUKAMULYA,56,1,https://kodepos.posindonesia.co.id/CariKodepos,Rate-limited internal observation; exact hierarchy match; requires adjudication before promotion.
pos_indonesia_postcode_search,2026-08-11,32,JAWA BARAT,32.04,KAB. BANDUNG,32.04.46,KUTAWARINGIN,32.04.46.2008,PADASUKA,40356,40911,40356,exact_match,true,false,PADASUKA,16,1,https://kodepos.posindonesia.co.id/CariKodepos,Rate-limited internal observation; exact hierarchy match; requires adjudication before promotion.
pos_indonesia_postcode_search,2026-08-11,32,JAWA BARAT,32.04,KAB. BANDUNG,32.04.46,KUTAWARINGIN,32.04.46.2009,BUNINAGARA,40356,40911,40356,exact_match,true,false,BUNINAGARA,3,1,https://kodepos.posindonesia.co.id/CariKodepos,Rate-limited internal observation; exact hierarchy match; requires adjudication before promotion.
pos_indonesia_postcode_search,2026-08-11,32,JAWA BARAT,32.04,KAB. BANDUNG,32.04.46,KUTAWARINGIN,32.04.46.2010,GAJAH MEKAR,40356,40911,40356,exact_match,true,false,GAJAH MEKAR,1,1,https://kodepos.posindonesia.co.id/CariKodepos,Rate-limited internal observation; exact hierarchy match; requires adjudication before promotion.
pos_indonesia_postcode_search,2026-08-11,32,JAWA BARAT,32.04,KAB. BANDUNG,32.04.46,KUTAWARINGIN,32.04.46.2011,CILAME,40356,40911,40356,exact_match,true,false,CILAME,2,1,https://kodepos.posindonesia.co.id/CariKodepos,Rate-limited internal observation; exact hierarchy match; requires adjudication before promotion.
pos_indonesia_postcode_search,2026-08-11,32,JAWA BARAT,32.05,KAB. GARUT,32.05.01,GARUT KOTA,32.05.01.1003,MARGAWATI,44119,44113,44119,exact_match,true,false,MARGAWATI,1,1,https://kodepos.posindonesia.co.id/CariKodepos,Rate-limited internal observation; exact hierarchy match; requires adjudication before promotion.
pos_indonesia_postcode_search,2026-08-11,32,JAWA BARAT,32.05,KAB. GARUT,32.05.01,GARUT KOTA,32.05.01.1010,SUKANEGLA,44119,44111,44119,exact_match,true,false,SUKANEGLA,1,1,https://kodepos.posindonesia.co.id/CariKodepos,Rate-limited internal observation; exact hierarchy match; requires adjudication before promotion.
pos_indonesia_postcode_search,2026-08-11,32,JAWA BARAT,32.05,KAB. GARUT,32.05.04,TAROGONG KALER,32.05.04.1012,PANANJUNG,44135,44151,44135,exact_match,true,false,PANANJUNG,5,1,https://kodepos.posindonesia.co.id/CariKodepos,Rate-limited internal observation; exact hierarchy match; requires adjudication before promotion.
pos_indonesia_postcode_search,2026-08-11,32,JAWA BARAT,32.05,KAB. GARUT,32.05.04,TAROGONG KALER,32.05.04.2001,SUKAJADI,44138,44151,44138,exact_match,true,false,SUKAJADI,54,1,https://kodepos.posindonesia.co.id/CariKodepos,Rate-limited internal observation; exact hierarchy match; requires adjudication before promotion.
pos_indonesia_postcode_search,2026-08-11,32,JAWA BARAT,32.05,KAB. GARUT,32.05.04,TAROGONG KALER,32.05.04.2002,CIMANGANTEN,44131,44151,44131,exact_match,true,false,CIMANGANTEN,1,1,https://kodepos.posindonesia.co.id/CariKodepos,Rate-limited internal observation; exact hierarchy match; requires adjudication before promotion.
pos_indonesia_postcode_search,2026-08-11,32,JAWA BARAT,32.05,KAB. GARUT,32.05.04,TAROGONG KALER,32.05.04.2003,JATI,44132,44151,44132,exact_match,true,false,JATI,932,1,https://kodepos.posindonesia.co.id/CariKodepos,Rate-limited internal observation; exact hierarchy match; requires adjudication before promotion.
pos_indonesia_postcode_search,2026-08-11,32,JAWA BARAT,32.05,KAB. GARUT,32.05.04,TAROGONG KALER,32.05.04.2004,RANCABANGO,44136,44151,44136,exact_match,true,false,RANCABANGO,2,1,https://kodepos.posindonesia.co.id/CariKodepos,Rate-limited internal observation; exact hierarchy match; requires adjudication before promotion.
pos_indonesia_postcode_search,2026-08-11,32,JAWA BARAT,32.05,KAB. GARUT,32.05.04,TAROGONG KALER,32.05.04.2005,SUKAWANGI,44138,44151,44138,exact_match,true,false,SUKAWANGI,13,1,https://kodepos.posindonesia.co.id/CariKodepos,Rate-limited internal observation; exact hierarchy match; requires adjudication before promotion.
pos_indonesia_postcode_search,2026-08-11,32,JAWA BARAT,32.05,KAB. GARUT,32.05.04,TAROGONG KALER,32.05.04.2006,SIRNAJAYA,44139,44151,44139,exact_match,true,false,SIRNAJAYA,11,1,https://kodepos.posindonesia.co.id/CariKodepos,Rate-limited internal observation; exact hierarchy match; requires adjudication before promotion.
pos_indonesia_postcode_search,2026-08-11,32,JAWA BARAT,32.05,KAB. GARUT,32.05.04,TAROGONG KALER,32.05.04.2007,TANJUNG KAMUNING,44137,44151,44137,exact_match,true,false,TANJUNG KAMUNING,1,1,https://kodepos.posindonesia.co.id/CariKodepos,Rate-limited internal observation; exact hierarchy match; requires adjudication before promotion.
pos_indonesia_postcode_search,2026-08-11,32,JAWA BARAT,32.05,KAB. GARUT,32.05.04,TAROGONG KALER,32.05.04.2008,MEKARJAYA,44139,44151,44139,exact_match,true,false,MEKARJAYA,55,1,https://kodepos.posindonesia.co.id/CariKodepos,Rate-limited internal observation; exact hierarchy match; requires adjudication before promotion.
pos_indonesia_postcode_search,2026-08-11,32,JAWA BARAT,32.05,KAB. GARUT,32.05.04,TAROGONG KALER,32.05.04.2009,LANGENSARI,44134,44151,44134,exact_match,true,false,LANGENSARI,17,1,https://kodepos.posindonesia.co.id/CariKodepos,Rate-limited internal observation; exact hierarchy match; requires adjudication before promotion.
pos_indonesia_postcode_search,2026-08-11,32,JAWA BARAT,32.05,KAB. GARUT,32.05.04,TAROGONG KALER,32.05.04.2010,MEKARWANGI,44139,44151,44139,exact_match,true,false,MEKARWANGI,26,1,https://kodepos.posindonesia.co.id/CariKodepos,Rate-limited internal observation; exact hierarchy match; requires adjudication before promotion.
pos_indonesia_postcode_search,2026-08-11,32,JAWA BARAT,32.05,KAB. GARUT,32.05.04,TAROGONG KALER,32.05.04.2011,PASAWAHAN,44133,44151,44133,exact_match,true,false,PASAWAHAN,28,1,https://kodepos.posindonesia.co.id/CariKodepos,Rate-limited internal observation; exact hierarchy match; requires adjudication before promotion.
pos_indonesia_postcode_search,2026-08-11,32,JAWA BARAT,32.05,KAB. GARUT,32.05.04,TAROGONG KALER,32.05.04.2013,PANJIWANGI,44138,44151,44138,exact_match,true,false,PANJIWANGI,1,1,https://kodepos.posindonesia.co.id/CariKodepos,Rate-limited internal observation; exact hierarchy match; requires adjudication before promotion.
pos_indonesia_postcode_search,2026-08-11,32,JAWA BARAT,32.05,KAB. GARUT,32.05.08,PASIRWANGI,32.05.08.2001,PASIRWANGI,44154,44161,44154,exact_match,true,false,PASIRWANGI,13,1,https://kodepos.posindonesia.co.id/CariKodepos,Rate-limited internal observation; exact hierarchy match; requires adjudication before promotion.
pos_indonesia_postcode_search,2026-08-11,32,JAWA BARAT,32.05,KAB. GARUT,32.05.08,PASIRWANGI,32.05.08.2002,PASIRKIAMIS,44154,44161,44154,exact_match,true,false,PASIRKIAMIS,1,1,https://kodepos.posindonesia.co.id/CariKodepos,Rate-limited internal observation; exact hierarchy match; requires adjudication before promotion.
pos_indonesia_postcode_search,2026-08-11,32,JAWA BARAT,32.05,KAB. GARUT,32.05.08,PASIRWANGI,32.05.08.2003,PADASUKA,44154,44161,44154,exact_match,true,false,PADASUKA,16,1,https://kodepos.posindonesia.co.id/CariKodepos,Rate-limited internal observation; exact hierarchy match; requires adjudication before promotion.
pos_indonesia_postcode_search,2026-08-11,32,JAWA BARAT,32.05,KAB. GARUT,32.05.08,PASIRWANGI,32.05.08.2004,KARYAMEKAR,44154,44161,44154,exact_match,true,false,KARYAMEKAR,4,1,https://kodepos.posindonesia.co.id/CariKodepos,Rate-limited internal observation; exact hierarchy match; requires adjudication before promotion.
pos_indonesia_postcode_search,2026-08-11,32,JAWA BARAT,32.05,KAB. GARUT,32.05.08,PASIRWANGI,32.05.08.2005,PADAWAAS,44154,44161,44154,exact_match,true,false,PADAWAAS,1,1,https://kodepos.posindonesia.co.id/CariKodepos,Rate-limited internal observation; exact hierarchy match; requires adjudication before promotion.
pos_indonesia_postcode_search,2026-08-11,32,JAWA BARAT,32.05,KAB. GARUT,32.05.08,PASIRWANGI,32.05.08.2006,PADAASIH,44154,44161,44154,exact_match,true,false,PADAASIH,6,1,https://kodepos.posindonesia.co.id/CariKodepos,Rate-limited internal observation; exact hierarchy match; requires adjudication before promotion.
pos_indonesia_postcode_search,2026-08-11,32,JAWA BARAT,32.05,KAB. GARUT,32.05.08,PASIRWANGI,32.05.08.2007,BARUSARI,44154,44161,44154,exact_match,true,false,BARUSARI,2,1,https://kodepos.posindonesia.co.id/CariKodepos,Rate-limited internal observation; exact hierarchy match; requires adjudication before promotion.
pos_indonesia_postcode_search,2026-08-11,32,JAWA BARAT,32.05,KAB. GARUT,32.05.08,PASIRWANGI,32.05.08.2008,TALAGA,44154,44161,44154,exact_match,true,false,TALAGA,63,1,https://kodepos.posindonesia.co.id/CariKodepos,Rate-limited internal observation; exact hierarchy match; requires adjudication before promotion.
pos_indonesia_postcode_search,2026-08-11,32,JAWA BARAT,32.05,KAB. GARUT,32.05.08,PASIRWANGI,32.05.08.2009,PADAMUKTI,44154,44161,44154,exact_match,true,false,PADAMUKTI,3,1,https://kodepos.posindonesia.co.id/CariKodepos,Rate-limited internal observation; exact hierarchy match; requires adjudication before promotion.
pos_indonesia_postcode_search,2026-08-11,32,JAWA BARAT,32.05,KAB. GARUT,32.05.08,PASIRWANGI,32.05.08.2011,SARIMUKTI,44154,44161,44154,exact_match,true,false,SARIMUKTI,5,1,https://kodepos.posindonesia.co.id/CariKodepos,Rate-limited internal observation; exact hierarchy match; requires adjudication before promotion.
pos_indonesia_postcode_search,2026-08-11,32,JAWA BARAT,32.05,KAB. GARUT,32.05.08,PASIRWANGI,32.05.08.2012,PADAMULYA,44154,44161,44154,exact_match,true,false,PADAMULYA,7,1,https://kodepos.posindonesia.co.id/CariKodepos,Rate-limited internal observation; exact hierarchy match; requires adjudication before promotion.
pos_indonesia_postcode_search,2026-08-11,32,JAWA BARAT,32.05,KAB. GARUT,32.05.09,LELES,32.05.09.2006,CANGKUANG,44152,44119,44152,exact_match,true,false,CANGKUANG,12,1,https://kodepos.posindonesia.co.id/CariKodepos,Rate-limited internal observation; exact hierarchy match; requires adjudication before promotion.
pos_indonesia_postcode_search,2026-08-11,32,JAWA BARAT,32.05,KAB. GARUT,32.05.16,KARANGTENGAH,32.05.16.2001,CARINGIN,44189,44184,44189,exact_match,true,false,CARINGIN,39,1,https://kodepos.posindonesia.co.id/CariKodepos,Rate-limited internal observation; exact hierarchy match; requires adjudication before promotion.
pos_indonesia_postcode_search,2026-08-11,32,JAWA BARAT,32.05,KAB. GARUT,32.05.16,KARANGTENGAH,32.05.16.2002,CINTAMANIK,44189,44184,44189,exact_match,true,false,CINTAMANIK,3,1,https://kodepos.posindonesia.co.id/CariKodepos,Rate-limited internal observation; exact hierarchy match; requires adjudication before promotion.
pos_indonesia_postcode_search,2026-08-11,32,JAWA BARAT,32.05,KAB. GARUT,32.05.16,KARANGTENGAH,32.05.16.2003,CINTA,44189,44184,44189,exact_match,true,false,CINTA,88,1,https://kodepos.posindonesia.co.id/CariKodepos,Rate-limited internal observation; exact hierarchy match; requires adjudication before promotion.
pos_indonesia_postcode_search,2026-08-11,32,JAWA BARAT,32.05,KAB. GARUT,32.05.16,KARANGTENGAH,32.05.16.2004,SINDANGGALIH,44189,44184,44189,exact_match,true,false,SINDANGGALIH,3,1,https://kodepos.posindonesia.co.id/CariKodepos,Rate-limited internal observation; exact hierarchy match; requires adjudication before promotion.
pos_indonesia_postcode_search,2026-08-11,32,JAWA BARAT,32.05,KAB. GARUT,32.05.17,BAYONGBONG,32.05.17.2018,SUKAMANAH,44188,44162,44162,exact_match,false,true,SUKAMANAH,32,1,https://kodepos.posindonesia.co.id/CariKodepos,Rate-limited internal observation; exact hierarchy match; requires adjudication before promotion.
pos_indonesia_postcode_search,2026-08-11,32,JAWA BARAT,32.05,KAB. GARUT,32.05.18,CIGEDUG,32.05.18.2001,CIGEDUG,44156,44116,44156,exact_match,true,false,CIGEDUG,5,1,https://kodepos.posindonesia.co.id/CariKodepos,Rate-limited internal observation; exact hierarchy match; requires adjudication before promotion.
pos_indonesia_postcode_search,2026-08-11,32,JAWA BARAT,32.05,KAB. GARUT,32.05.18,CIGEDUG,32.05.18.2002,BARUSUDA,44156,44116,44156,exact_match,true,false,BARUSUDA,1,1,https://kodepos.posindonesia.co.id/CariKodepos,Rate-limited internal observation; exact hierarchy match; requires adjudication before promotion.
pos_indonesia_postcode_search,2026-08-11,32,JAWA BARAT,32.05,KAB. GARUT,32.05.18,CIGEDUG,32.05.18.2003,SUKAHURIP,44156,44116,44156,exact_match,true,false,SUKAHURIP,10,1,https://kodepos.posindonesia.co.id/CariKodepos,Rate-limited internal observation; exact hierarchy match; requires adjudication before promotion.
pos_indonesia_postcode_search,2026-08-11,32,JAWA BARAT,32.05,KAB. GARUT,32.05.18,CIGEDUG,32.05.18.2004,SINDANGSARI,44156,44116,44156,exact_match,true,false,SINDANGSARI,31,1,https://kodepos.posindonesia.co.id/CariKodepos,Rate-limited internal observation; exact hierarchy match; requires adjudication before promotion.
pos_indonesia_postcode_search,2026-08-11,32,JAWA BARAT,32.05,KAB. GARUT,32.05.18,CIGEDUG,32.05.18.2005,CINTANAGARA,44156,44116,44156,exact_match,true,false,CINTANAGARA,2,1,https://kodepos.posindonesia.co.id/CariKodepos,Rate-limited internal observation; exact hierarchy match; requires adjudication before promotion.
pos_indonesia_postcode_search,2026-08-11,32,JAWA BARAT,32.05,KAB. GARUT,32.05.22,CIKAJANG,32.05.22.2012,KRAMATWANGI,44163,44171,44171,exact_match,false,true,KRAMATWANGI,2,1,https://kodepos.posindonesia.co.id/CariKodepos,Rate-limited internal observation; exact hierarchy match; requires adjudication before promotion.
pos_indonesia_postcode_search,2026-08-11,32,JAWA BARAT,32.05,KAB. GARUT,32.05.25,CIHURIP,32.05.25.2001,CIHURIP,44179,44173,44179,exact_match,true,false,CIHURIP,4,1,https://kodepos.posindonesia.co.id/CariKodepos,Rate-limited internal observation; exact hierarchy match; requires adjudication before promotion.
pos_indonesia_postcode_search,2026-08-11,32,JAWA BARAT,32.05,KAB. GARUT,32.05.25,CIHURIP,32.05.25.2002,CISANGKAL,44179,44173,44179,exact_match,true,false,CISANGKAL,1,1,https://kodepos.posindonesia.co.id/CariKodepos,Rate-limited internal observation; exact hierarchy match; requires adjudication before promotion.
pos_indonesia_postcode_search,2026-08-11,32,JAWA BARAT,32.05,KAB. GARUT,32.05.25,CIHURIP,32.05.25.2003,MEKARWANGI,44179,44173,44179,exact_match,true,false,MEKARWANGI,26,1,https://kodepos.posindonesia.co.id/CariKodepos,Rate-limited internal observation; exact hierarchy match; requires adjudication before promotion.
pos_indonesia_postcode_search,2026-08-11,32,JAWA BARAT,32.05,KAB. GARUT,32.05.25,CIHURIP,32.05.25.2004,JAYAMUKTI,44179,44173,44179,exact_match,true,false,JAYAMUKTI,6,1,https://kodepos.posindonesia.co.id/CariKodepos,Rate-limited internal observation; exact hierarchy match; requires adjudication before promotion.
pos_indonesia_postcode_search,2026-08-11,32,JAWA BARAT,32.05,KAB. GARUT,32.05.28,CISOMPET,32.05.28.2003,MARGAMULYA,44171,44174,44174,exact_match,false,true,MARGAMULYA,11,1,https://kodepos.posindonesia.co.id/CariKodepos,Rate-limited internal observation; exact hierarchy match; requires adjudication before promotion.
pos_indonesia_postcode_search,2026-08-11,32,JAWA BARAT,32.05,KAB. GARUT,32.05.29,CIBALONG,32.05.29.2002,MAROKO,,44176,44176,exact_match,false,true,MAROKO,3,1,https://kodepos.posindonesia.co.id/CariKodepos,Rate-limited internal observation; exact hierarchy match; requires adjudication before promotion.
pos_indonesia_postcode_search,2026-08-11,32,JAWA BARAT,32.05,KAB. GARUT,32.05.29,CIBALONG,32.05.29.2008,MEKAR MUKTI,44199,44176,44176,exact_match,false,true,MEKAR MUKTI,4,1,https://kodepos.posindonesia.co.id/CariKodepos,Rate-limited internal observation; exact hierarchy match; requires adjudication before promotion.
pos_indonesia_postcode_search,2026-08-11,32,JAWA BARAT,32.05,KAB. GARUT,32.05.30,CIKELET,32.05.30.2008,GIRIMUKTI,44166,44177,44177,exact_match,false,true,GIRIMUKTI,17,1,https://kodepos.posindonesia.co.id/CariKodepos,Rate-limited internal observation; exact hierarchy match; requires adjudication before promotion.
pos_indonesia_postcode_search,2026-08-11,32,JAWA BARAT,32.05,KAB. GARUT,32.05.31,BUNGBULANG,32.05.31.2006,MARGALAKSANA,44181,44165,44165,exact_match,false,true,MARGALAKSANA,7,1,https://kodepos.posindonesia.co.id/CariKodepos,Rate-limited internal observation; exact hierarchy match; requires adjudication before promotion.
pos_indonesia_postcode_search,2026-08-11,32,JAWA BARAT,32.05,KAB. GARUT,32.05.33,PAKENJENG,32.05.33.2003,TANJUNGMULYA,44168,44164,44164,exact_match,false,true,TANJUNGMULYA,4,1,https://kodepos.posindonesia.co.id/CariKodepos,Rate-limited internal observation; exact hierarchy match; requires adjudication before promotion.
pos_indonesia_postcode_search,2026-08-11,32,JAWA BARAT,32.05,KAB. GARUT,32.05.33,PAKENJENG,32.05.33.2010,TEGALGEDE,44168,44164,44164,exact_match,false,true,TEGALGEDE,3,1,https://kodepos.posindonesia.co.id/CariKodepos,Rate-limited internal observation; exact hierarchy match; requires adjudication before promotion.
pos_indonesia_postcode_search,2026-08-11,32,JAWA BARAT,32.05,KAB. GARUT,32.05.34,PAMULIHAN,32.05.34.2001,PAKENJENG,44168,44168,44168,exact_match,true,true,PAKENJENG,14,1,https://kodepos.posindonesia.co.id/CariKodepos,Rate-limited internal observation; exact hierarchy match; requires adjudication before promotion.
pos_indonesia_postcode_search,2026-08-11,32,JAWA BARAT,32.05,KAB. GARUT,32.05.34,PAMULIHAN,32.05.34.2002,GARUMUKTI,44163,44168,44168,exact_match,false,true,GARUMUKTI,1,1,https://kodepos.posindonesia.co.id/CariKodepos,Rate-limited internal observation; exact hierarchy match; requires adjudication before promotion.
pos_indonesia_postcode_search,2026-08-11,32,JAWA BARAT,32.05,KAB. GARUT,32.05.34,PAMULIHAN,32.05.34.2003,PANAWA,44163,44168,44168,exact_match,false,true,PANAWA,22,1,https://kodepos.posindonesia.co.id/CariKodepos,Rate-limited internal observation; exact hierarchy match; requires adjudication before promotion.
pos_indonesia_postcode_search,2026-08-11,32,JAWA BARAT,32.05,KAB. GARUT,32.05.34,PAMULIHAN,32.05.34.2005,LINGGARJATI,44163,44168,44168,exact_match,false,true,LINGGARJATI,2,1,https://kodepos.posindonesia.co.id/CariKodepos,Rate-limited internal observation; exact hierarchy match; requires adjudication before promotion.
pos_indonesia_postcode_search,2026-08-11,32,JAWA BARAT,32.05,KAB. GARUT,32.05.36,CARINGIN,32.05.36.2001,CARINGIN,44169,44166,44169,exact_match,true,false,CARINGIN,39,1,https://kodepos.posindonesia.co.id/CariKodepos,Rate-limited internal observation; exact hierarchy match; requires adjudication before promotion.
pos_indonesia_postcode_search,2026-08-11,32,JAWA BARAT,32.05,KAB. GARUT,32.05.36,CARINGIN,32.05.36.2002,INDRALAYANG,44169,44166,44169,exact_match,true,false,INDRALAYANG,1,1,https://kodepos.posindonesia.co.id/CariKodepos,Rate-limited internal observation; exact hierarchy match; requires adjudication before promotion.
pos_indonesia_postcode_search,2026-08-11,32,JAWA BARAT,32.05,KAB. GARUT,32.05.36,CARINGIN,32.05.36.2003,CIMAHI,44169,44166,44169,exact_match,true,false,CIMAHI,30,1,https://kodepos.posindonesia.co.id/CariKodepos,Rate-limited internal observation; exact hierarchy match; requires adjudication before promotion.
pos_indonesia_postcode_search,2026-08-11,32,JAWA BARAT,32.05,KAB. GARUT,32.05.36,CARINGIN,32.05.36.2004,SUKARAME,44169,44166,44169,exact_match,true,false,SUKARAME,35,1,https://kodepos.posindonesia.co.id/CariKodepos,Rate-limited internal observation; exact hierarchy match; requires adjudication before promotion.
pos_indonesia_postcode_search,2026-08-11,32,JAWA BARAT,32.05,KAB. GARUT,32.05.36,CARINGIN,32.05.36.2005,PURBAYANI,44169,44166,44169,exact_match,true,false,PURBAYANI,1,1,https://kodepos.posindonesia.co.id/CariKodepos,Rate-limited internal observation; exact hierarchy match; requires adjudication before promotion.
pos_indonesia_postcode_search,2026-08-11,32,JAWA BARAT,32.05,KAB. GARUT,32.05.37,TALEGONG,32.05.37.2003,MEKARMUKTI,44199,44167,44167,exact_match,false,true,MEKARMUKTI,14,1,https://kodepos.posindonesia.co.id/CariKodepos,Rate-limited internal observation; exact hierarchy match; requires adjudication before promotion.
pos_indonesia_postcode_search,2026-08-11,32,JAWA BARAT,32.05,KAB. GARUT,32.05.37,TALEGONG,32.05.37.2004,MEKARMULYA,44188,44167,44167,exact_match,false,true,MEKARMULYA,12,1,https://kodepos.posindonesia.co.id/CariKodepos,Rate-limited internal observation; exact hierarchy match; requires adjudication before promotion.
pos_indonesia_postcode_search,2026-08-11,32,JAWA BARAT,32.05,KAB. GARUT,32.05.41,PANGATIKAN,32.05.41.2001,CITANGTU,44195,44183,44195,exact_match,true,false,CITANGTU,2,1,https://kodepos.posindonesia.co.id/CariKodepos,Rate-limited internal observation; exact hierarchy match; requires adjudication before promotion.
pos_indonesia_postcode_search,2026-08-11,32,JAWA BARAT,32.05,KAB. GARUT,32.05.41,PANGATIKAN,32.05.41.2002,CIMARABAS,44195,44183,44195,exact_match,true,false,CIMARABAS,1,1,https://kodepos.posindonesia.co.id/CariKodepos,Rate-limited internal observation; exact hierarchy match; requires adjudication before promotion.
pos_indonesia_postcode_search,2026-08-11,32,JAWA BARAT,32.05,KAB. GARUT,32.05.41,PANGATIKAN,32.05.41.2003,BABAKAN LOA,44195,44183,44195,exact_match,true,false,BABAKAN LOA,2,1,https://kodepos.posindonesia.co.id/CariKodepos,Rate-limited internal observation; exact hierarchy match; requires adjudication before promotion.
pos_indonesia_postcode_search,2026-08-11,32,JAWA BARAT,32.05,KAB. GARUT,32.05.41,PANGATIKAN,32.05.41.2004,SUKAHURIP,44195,44183,44195,exact_match,true,false,SUKAHURIP,10,1,https://kodepos.posindonesia.co.id/CariKodepos,Rate-limited internal observation; exact hierarchy match; requires adjudication before promotion.
pos_indonesia_postcode_search,2026-08-11,32,JAWA BARAT,32.05,KAB. GARUT,32.05.41,PANGATIKAN,32.05.41.2005,SUKAMULYA,44195,44183,44195,exact_match,true,false,SUKAMULYA,56,1,https://kodepos.posindonesia.co.id/CariKodepos,Rate-limited internal observation; exact hierarchy match; requires adjudication before promotion.
pos_indonesia_postcode_search,2026-08-11,32,JAWA BARAT,32.05,KAB. GARUT,32.05.41,PANGATIKAN,32.05.41.2006,CIHUNI,44195,44183,44195,exact_match,true,false,CIHUNI,3,1,https://kodepos.posindonesia.co.id/CariKodepos,Rate-limited internal observation; exact hierarchy match; requires adjudication before promotion.
pos_indonesia_postcode_search,2026-08-11,32,JAWA BARAT,32.05,KAB. GARUT,32.05.41,PANGATIKAN,32.05.41.2007,SUKARASA,44195,44183,44195,exact_match,true,false,SUKARASA,8,1,https://kodepos.posindonesia.co.id/CariKodepos,Rate-limited internal observation; exact hierarchy match; requires adjudication before promotion.
pos_indonesia_postcode_search,2026-08-11,32,JAWA BARAT,32.05,KAB. GARUT,32.05.41,PANGATIKAN,32.05.41.2008,KARANGSARI,44195,44183,44195,exact_match,true,false,KARANGSARI,50,1,https://kodepos.posindonesia.co.id/CariKodepos,Rate-limited internal observation; exact hierarchy match; requires adjudication before promotion.
pos_indonesia_postcode_search,2026-08-11,32,JAWA BARAT,32.05,KAB. GARUT,32.05.42,SUCINARAJA,32.05.42.2001,SADANG,44196,44115,44196,exact_match,true,false,SADANG,15,1,https://kodepos.posindonesia.co.id/CariKodepos,Rate-limited internal observation; exact hierarchy match; requires adjudication before promotion.
pos_indonesia_postcode_search,2026-08-11,32,JAWA BARAT,32.05,KAB. GARUT,32.05.42,SUCINARAJA,32.05.42.2002,SUKARATU,44196,44115,44196,exact_match,true,false,SUKARATU,19,1,https://kodepos.posindonesia.co.id/CariKodepos,Rate-limited internal observation; exact hierarchy match; requires adjudication before promotion.
pos_indonesia_postcode_search,2026-08-11,32,JAWA BARAT,32.05,KAB. GARUT,32.05.42,SUCINARAJA,32.05.42.2003,TENJONAGARA,44196,44115,44196,exact_match,true,false,TENJONAGARA,2,1,https://kodepos.posindonesia.co.id/CariKodepos,Rate-limited internal observation; exact hierarchy match; requires adjudication before promotion.
pos_indonesia_postcode_search,2026-08-11,32,JAWA BARAT,32.05,KAB. GARUT,32.05.42,SUCINARAJA,32.05.42.2004,TEGALPANJANG,44196,44115,44196,exact_match,true,false,TEGALPANJANG,3,1,https://kodepos.posindonesia.co.id/CariKodepos,Rate-limited internal observation; exact hierarchy match; requires adjudication before promotion.
pos_indonesia_postcode_search,2026-08-11,32,JAWA BARAT,32.05,KAB. GARUT,32.05.42,SUCINARAJA,32.05.42.2005,CIGADOG,44196,44115,44196,exact_match,true,false,CIGADOG,3,1,https://kodepos.posindonesia.co.id/CariKodepos,Rate-limited internal observation; exact hierarchy match; requires adjudication before promotion.
pos_indonesia_postcode_search,2026-08-11,32,JAWA BARAT,32.05,KAB. GARUT,32.05.42,SUCINARAJA,32.05.42.2006,LINGGAMUKTI,44196,44115,44196,exact_match,true,false,LINGGAMUKTI,2,1,https://kodepos.posindonesia.co.id/CariKodepos,Rate-limited internal observation; exact hierarchy match; requires adjudication before promotion.
pos_indonesia_postcode_search,2026-08-11,32,JAWA BARAT,32.05,KAB. GARUT,32.05.42,SUCINARAJA,32.05.42.2007,SUKALAKSANA,44196,44115,44196,exact_match,true,false,SUKALAKSANA,8,1,https://kodepos.posindonesia.co.id/CariKodepos,Rate-limited internal observation; exact hierarchy match; requires adjudication before promotion.
pos_indonesia_postcode_search,2026-08-11,32,JAWA BARAT,32.06,KAB. TASIKMALAYA,32.06.01,CIPATUJAH,32.06.01.2005,BANTARKALONG,46489,46187,46489,exact_match,true,false,BANTARKALONG,10,1,https://kodepos.posindonesia.co.id/CariKodepos,Rate-limited internal observation; exact hierarchy match; requires adjudication before promotion.
pos_indonesia_postcode_search,2026-08-11,32,JAWA BARAT,32.06,KAB. TASIKMALAYA,32.06.02,KARANGNUNGGAL,32.06.02.2001,CIDADAP,46486,46186,46486,exact_match,true,false,CIDADAP,16,1,https://kodepos.posindonesia.co.id/CariKodepos,Rate-limited internal observation; exact hierarchy match; requires adjudication before promotion.
pos_indonesia_postcode_search,2026-08-11,32,JAWA BARAT,32.06,KAB. TASIKMALAYA,32.06.02,KARANGNUNGGAL,32.06.02.2002,CIAWI,46486,46186,46486,exact_match,true,false,CIAWI,57,1,https://kodepos.posindonesia.co.id/CariKodepos,Rate-limited internal observation; exact hierarchy match; requires adjudication before promotion.
pos_indonesia_postcode_search,2026-08-11,32,JAWA BARAT,32.06,KAB. TASIKMALAYA,32.06.02,KARANGNUNGGAL,32.06.02.2003,CIKUPA,46486,46186,46486,exact_match,true,false,CIKUPA,18,1,https://kodepos.posindonesia.co.id/CariKodepos,Rate-limited internal observation; exact hierarchy match; requires adjudication before promotion.
pos_indonesia_postcode_search,2026-08-11,32,JAWA BARAT,32.06,KAB. TASIKMALAYA,32.06.02,KARANGNUNGGAL,32.06.02.2004,KARANGNUNGGAL,46486,46186,46486,exact_match,true,false,KARANGNUNGGAL,16,1,https://kodepos.posindonesia.co.id/CariKodepos,Rate-limited internal observation; exact hierarchy match; requires adjudication before promotion.
pos_indonesia_postcode_search,2026-08-11,32,JAWA BARAT,32.06,KAB. TASIKMALAYA,32.06.02,KARANGNUNGGAL,32.06.02.2005,KARANGMEKAR,46486,46186,46486,exact_match,true,false,KARANGMEKAR,5,1,https://kodepos.posindonesia.co.id/CariKodepos,Rate-limited internal observation; exact hierarchy match; requires adjudication before promotion.
pos_indonesia_postcode_search,2026-08-11,32,JAWA BARAT,32.06,KAB. TASIKMALAYA,32.06.02,KARANGNUNGGAL,32.06.02.2006,CIKUKULU,46486,46186,46486,exact_match,true,false,CIKUKULU,1,1,https://kodepos.posindonesia.co.id/CariKodepos,Rate-limited internal observation; exact hierarchy match; requires adjudication before promotion.
pos_indonesia_postcode_search,2026-08-11,32,JAWA BARAT,32.06,KAB. TASIKMALAYA,32.06.02,KARANGNUNGGAL,32.06.02.2007,CIBATUIRENG,46486,46186,46486,exact_match,true,false,CIBATUIRENG,1,1,https://kodepos.posindonesia.co.id/CariKodepos,Rate-limited internal observation; exact hierarchy match; requires adjudication before promotion.
pos_indonesia_postcode_search,2026-08-11,32,JAWA BARAT,32.06,KAB. TASIKMALAYA,32.06.02,KARANGNUNGGAL,32.06.02.2008,CIBATU,46486,46186,46486,exact_match,true,false,CIBATU,28,1,https://kodepos.posindonesia.co.id/CariKodepos,Rate-limited internal observation; exact hierarchy match; requires adjudication before promotion.
pos_indonesia_postcode_search,2026-08-11,32,JAWA BARAT,32.06,KAB. TASIKMALAYA,32.06.02,KARANGNUNGGAL,32.06.02.2009,SARIMANGGU,46486,46186,46486,exact_match,true,false,SARIMANGGU,1,1,https://kodepos.posindonesia.co.id/CariKodepos,Rate-limited internal observation; exact hierarchy match; requires adjudication before promotion.
pos_indonesia_postcode_search,2026-08-11,32,JAWA BARAT,32.06,KAB. TASIKMALAYA,32.06.02,KARANGNUNGGAL,32.06.02.2010,SUKAWANGUN,46483,46186,46486,exact_match,false,false,SUKAWANGUN,1,1,https://kodepos.posindonesia.co.id/CariKodepos,Rate-limited internal observation; exact hierarchy match; requires adjudication before promotion.
pos_indonesia_postcode_search,2026-08-11,32,JAWA BARAT,32.06,KAB. TASIKMALAYA,32.06.02,KARANGNUNGGAL,32.06.02.2011,CINTAWANGI,46486,46186,46486,exact_match,true,false,CINTAWANGI,1,1,https://kodepos.posindonesia.co.id/CariKodepos,Rate-limited internal observation; exact hierarchy match; requires adjudication before promotion.
pos_indonesia_postcode_search,2026-08-11,32,JAWA BARAT,32.06,KAB. TASIKMALAYA,32.06.02,KARANGNUNGGAL,32.06.02.2012,CIKAPINIS,46486,46186,46486,exact_match,true,false,CIKAPINIS,1,1,https://kodepos.posindonesia.co.id/CariKodepos,Rate-limited internal observation; exact hierarchy match; requires adjudication before promotion.
pos_indonesia_postcode_search,2026-08-11,32,JAWA BARAT,32.06,KAB. TASIKMALAYA,32.06.02,KARANGNUNGGAL,32.06.02.2013,SARIMUKTI,46486,46186,46486,exact_match,true,false,SARIMUKTI,5,1,https://kodepos.posindonesia.co.id/CariKodepos,Rate-limited internal observation; exact hierarchy match; requires adjudication before promotion.
pos_indonesia_postcode_search,2026-08-11,32,JAWA BARAT,32.06,KAB. TASIKMALAYA,32.06.02,KARANGNUNGGAL,32.06.02.2014,KUJANG,46486,46186,46486,exact_match,true,false,KUJANG,12,1,https://kodepos.posindonesia.co.id/CariKodepos,Rate-limited internal observation; exact hierarchy match; requires adjudication before promotion.
pos_indonesia_postcode_search,2026-08-11,32,JAWA BARAT,32.06,KAB. TASIKMALAYA,32.06.03,CIKALONG,32.06.03.2001,CIKALONG,46495,46195,46495,exact_match,true,false,CIKALONG,51,1,https://kodepos.posindonesia.co.id/CariKodepos,Rate-limited internal observation; exact hierarchy match; requires adjudication before promotion.
pos_indonesia_postcode_search,2026-08-11,32,JAWA BARAT,32.06,KAB. TASIKMALAYA,32.06.03,CIKALONG,32.06.03.2002,KALAPAGENEP,46495,46195,46495,exact_match,true,false,KALAPAGENEP,1,1,https://kodepos.posindonesia.co.id/CariKodepos,Rate-limited internal observation; exact hierarchy match; requires adjudication before promotion.
pos_indonesia_postcode_search,2026-08-11,32,JAWA BARAT,32.06,KAB. TASIKMALAYA,32.06.03,CIKALONG,32.06.03.2003,CIKANCRA,46495,46195,46495,exact_match,true,false,CIKANCRA,1,1,https://kodepos.posindonesia.co.id/CariKodepos,Rate-limited internal observation; exact hierarchy match; requires adjudication before promotion.
pos_indonesia_postcode_search,2026-08-11,32,JAWA BARAT,32.06,KAB. TASIKMALAYA,32.06.03,CIKALONG,32.06.03.2004,SINGKIR,46495,46195,46495,exact_match,true,false,SINGKIR,1,1,https://kodepos.posindonesia.co.id/CariKodepos,Rate-limited internal observation; exact hierarchy match; requires adjudication before promotion.
pos_indonesia_postcode_search,2026-08-11,32,JAWA BARAT,32.06,KAB. TASIKMALAYA,32.06.03,CIKALONG,32.06.03.2005,PANYIARAN,46495,46195,46495,exact_match,true,false,PANYIARAN,1,1,https://kodepos.posindonesia.co.id/CariKodepos,Rate-limited internal observation; exact hierarchy match; requires adjudication before promotion.
pos_indonesia_postcode_search,2026-08-11,32,JAWA BARAT,32.06,KAB. TASIKMALAYA,32.06.03,CIKALONG,32.06.03.2006,CIBEBER,46495,46195,46495,exact_match,true,false,CIBEBER,53,1,https://kodepos.posindonesia.co.id/CariKodepos,Rate-limited internal observation; exact hierarchy match; requires adjudication before promotion.
pos_indonesia_postcode_search,2026-08-11,32,JAWA BARAT,32.06,KAB. TASIKMALAYA,32.06.03,CIKALONG,32.06.03.2007,CIKADU,46495,46195,46495,exact_match,true,false,CIKADU,25,1,https://kodepos.posindonesia.co.id/CariKodepos,Rate-limited internal observation; exact hierarchy match; requires adjudication before promotion.
pos_indonesia_postcode_search,2026-08-11,32,JAWA BARAT,32.06,KAB. TASIKMALAYA,32.06.03,CIKALONG,32.06.03.2008,MANDALAJAYA,46495,46195,46495,exact_match,true,false,MANDALAJAYA,2,1,https://kodepos.posindonesia.co.id/CariKodepos,Rate-limited internal observation; exact hierarchy match; requires adjudication before promotion.
pos_indonesia_postcode_search,2026-08-11,32,JAWA BARAT,32.06,KAB. TASIKMALAYA,32.06.03,CIKALONG,32.06.03.2009,CIDADALI,46495,46195,46495,exact_match,true,false,CIDADALI,1,1,https://kodepos.posindonesia.co.id/CariKodepos,Rate-limited internal observation; exact hierarchy match; requires adjudication before promotion.
pos_indonesia_postcode_search,2026-08-11,32,JAWA BARAT,32.06,KAB. TASIKMALAYA,32.06.03,CIKALONG,32.06.03.2010,CIMANUK,46495,46195,46495,exact_match,true,false,CIMANUK,13,1,https://kodepos.posindonesia.co.id/CariKodepos,Rate-limited internal observation; exact hierarchy match; requires adjudication before promotion.
pos_indonesia_postcode_search,2026-08-11,32,JAWA BARAT,32.06,KAB. TASIKMALAYA,32.06.03,CIKALONG,32.06.03.2011,SINDANGJAYA,46495,46195,46495,exact_match,true,false,SINDANGJAYA,8,1,https://kodepos.posindonesia.co.id/CariKodepos,Rate-limited internal observation; exact hierarchy match; requires adjudication before promotion.
pos_indonesia_postcode_search,2026-08-11,32,JAWA BARAT,32.06,KAB. TASIKMALAYA,32.06.03,CIKALONG,32.06.03.2012,KUBANGSARI,46495,46195,46495,exact_match,true,false,KUBANGSARI,4,1,https://kodepos.posindonesia.co.id/CariKodepos,Rate-limited internal observation; exact hierarchy match; requires adjudication before promotion.
pos_indonesia_postcode_search,2026-08-11,32,JAWA BARAT,32.06,KAB. TASIKMALAYA,32.06.03,CIKALONG,32.06.03.2013,TONJONGSARI,46495,46195,46495,exact_match,true,false,TONJONGSARI,1,1,https://kodepos.posindonesia.co.id/CariKodepos,Rate-limited internal observation; exact hierarchy match; requires adjudication before promotion.
pos_indonesia_postcode_search,2026-08-11,32,JAWA BARAT,32.06,KAB. TASIKMALAYA,32.06.04,PANCATENGAH,32.06.04.2001,CIBUNIASIH,46494,46194,46494,exact_match,true,false,CIBUNIASIH,1,1,https://kodepos.posindonesia.co.id/CariKodepos,Rate-limited internal observation; exact hierarchy match; requires adjudication before promotion.
pos_indonesia_postcode_search,2026-08-11,32,JAWA BARAT,32.06,KAB. TASIKMALAYA,32.06.04,PANCATENGAH,32.06.04.2002,PANGLIARAN,46494,46194,46494,exact_match,true,false,PANGLIARAN,1,1,https://kodepos.posindonesia.co.id/CariKodepos,Rate-limited internal observation; exact hierarchy match; requires adjudication before promotion.
pos_indonesia_postcode_search,2026-08-11,32,JAWA BARAT,32.06,KAB. TASIKMALAYA,32.06.04,PANCATENGAH,32.06.04.2003,TONJONG,46494,46194,46494,exact_match,true,false,TONJONG,22,1,https://kodepos.posindonesia.co.id/CariKodepos,Rate-limited internal observation; exact hierarchy match; requires adjudication before promotion.
pos_indonesia_postcode_search,2026-08-11,32,JAWA BARAT,32.06,KAB. TASIKMALAYA,32.06.04,PANCATENGAH,32.06.04.2004,CIBONGAS,46494,46194,46494,exact_match,true,false,CIBONGAS,1,1,https://kodepos.posindonesia.co.id/CariKodepos,Rate-limited internal observation; exact hierarchy match; requires adjudication before promotion.
pos_indonesia_postcode_search,2026-08-11,32,JAWA BARAT,32.06,KAB. TASIKMALAYA,32.06.04,PANCATENGAH,32.06.04.2005,TAWANG,46494,46194,46494,exact_match,true,false,TAWANG,123,1,https://kodepos.posindonesia.co.id/CariKodepos,Rate-limited internal observation; exact hierarchy match; requires adjudication before promotion.
pos_indonesia_postcode_search,2026-08-11,32,JAWA BARAT,32.06,KAB. TASIKMALAYA,32.06.04,PANCATENGAH,32.06.04.2006,NEGLASARI,46471,46194,46494,exact_match,false,false,NEGLASARI,38,1,https://kodepos.posindonesia.co.id/CariKodepos,Rate-limited internal observation; exact hierarchy match; requires adjudication before promotion.
pos_indonesia_postcode_search,2026-08-11,32,JAWA BARAT,32.06,KAB. TASIKMALAYA,32.06.04,PANCATENGAH,32.06.04.2007,CIKAWUNG,46494,46194,46494,exact_match,true,false,CIKAWUNG,5,1,https://kodepos.posindonesia.co.id/CariKodepos,Rate-limited internal observation; exact hierarchy match; requires adjudication before promotion.
pos_indonesia_postcode_search,2026-08-11,32,JAWA BARAT,32.06,KAB. TASIKMALAYA,32.06.04,PANCATENGAH,32.06.04.2008,JAYAMUKTI,46464,46194,46494,exact_match,false,false,JAYAMUKTI,6,1,https://kodepos.posindonesia.co.id/CariKodepos,Rate-limited internal observation; exact hierarchy match; requires adjudication before promotion.
pos_indonesia_postcode_search,2026-08-11,32,JAWA BARAT,32.06,KAB. TASIKMALAYA,32.06.04,PANCATENGAH,32.06.04.2009,MARGALUYU,46497,46194,46494,exact_match,false,false,MARGALUYU,17,1,https://kodepos.posindonesia.co.id/CariKodepos,Rate-limited internal observation; exact hierarchy match; requires adjudication before promotion.
pos_indonesia_postcode_search,2026-08-11,32,JAWA BARAT,32.06,KAB. TASIKMALAYA,32.06.04,PANCATENGAH,32.06.04.2010,MEKARSARI,46494,46194,46494,exact_match,true,false,MEKARSARI,80,1,https://kodepos.posindonesia.co.id/CariKodepos,Rate-limited internal observation; exact hierarchy match; requires adjudication before promotion.
pos_indonesia_postcode_search,2026-08-11,32,JAWA BARAT,32.06,KAB. TASIKMALAYA,32.06.04,PANCATENGAH,32.06.04.2011,PANCAWANGI,46494,46194,46494,exact_match,true,false,PANCAWANGI,1,1,https://kodepos.posindonesia.co.id/CariKodepos,Rate-limited internal observation; exact hierarchy match; requires adjudication before promotion.
pos_indonesia_postcode_search,2026-08-11,32,JAWA BARAT,32.06,KAB. TASIKMALAYA,32.06.05,CIKATOMAS,32.06.05.2001,GUNUNGSARI,46493,46193,46493,exact_match,true,false,GUNUNGSARI,57,1,https://kodepos.posindonesia.co.id/CariKodepos,Rate-limited internal observation; exact hierarchy match; requires adjudication before promotion.
pos_indonesia_postcode_search,2026-08-11,32,JAWA BARAT,32.06,KAB. TASIKMALAYA,32.06.05,CIKATOMAS,32.06.05.2002,CILUMBA,46493,46193,46493,exact_match,true,false,CILUMBA,1,1,https://kodepos.posindonesia.co.id/CariKodepos,Rate-limited internal observation; exact hierarchy match; requires adjudication before promotion.
pos_indonesia_postcode_search,2026-08-11,32,JAWA BARAT,32.06,KAB. TASIKMALAYA,32.06.05,CIKATOMAS,32.06.05.2003,PAKEMITAN,46493,46193,46493,exact_match,true,false,PAKEMITAN,3,1,https://kodepos.posindonesia.co.id/CariKodepos,Rate-limited internal observation; exact hierarchy match; requires adjudication before promotion.
pos_indonesia_postcode_search,2026-08-11,32,JAWA BARAT,32.06,KAB. TASIKMALAYA,32.06.05,CIKATOMAS,32.06.05.2004,COGREG,46493,46193,46493,exact_match,true,false,COGREG,2,1,https://kodepos.posindonesia.co.id/CariKodepos,Rate-limited internal observation; exact hierarchy match; requires adjudication before promotion.
pos_indonesia_postcode_search,2026-08-11,32,JAWA BARAT,32.06,KAB. TASIKMALAYA,32.06.05,CIKATOMAS,32.06.05.2005,CAYUR,46493,46193,46493,exact_match,true,false,CAYUR,1,1,https://kodepos.posindonesia.co.id/CariKodepos,Rate-limited internal observation; exact hierarchy match; requires adjudication before promotion.
pos_indonesia_postcode_search,2026-08-11,32,JAWA BARAT,32.06,KAB. TASIKMALAYA,32.06.05,CIKATOMAS,32.06.05.2006,LENGKONGBARANG,46493,46193,46493,exact_match,true,false,LENGKONGBARANG,1,1,https://kodepos.posindonesia.co.id/CariKodepos,Rate-limited internal observation; exact hierarchy match; requires adjudication before promotion.
pos_indonesia_postcode_search,2026-08-11,32,JAWA BARAT,32.06,KAB. TASIKMALAYA,32.06.05,CIKATOMAS,32.06.05.2007,SINDANGASIH,46493,46193,46493,exact_match,true,false,SINDANGASIH,4,1,https://kodepos.posindonesia.co.id/CariKodepos,Rate-limited internal observation; exact hierarchy match; requires adjudication before promotion.
pos_indonesia_postcode_search,2026-08-11,32,JAWA BARAT,32.06,KAB. TASIKMALAYA,32.06.05,CIKATOMAS,32.06.05.2008,TANJUNGBARANG,46493,46193,46493,exact_match,true,false,TANJUNGBARANG,1,1,https://kodepos.posindonesia.co.id/CariKodepos,Rate-limited internal observation; exact hierarchy match; requires adjudication before promotion.
pos_indonesia_postcode_search,2026-08-11,32,JAWA BARAT,32.06,KAB. TASIKMALAYA,32.06.05,CIKATOMAS,32.06.05.2009,LINGGALAKSANA,46493,46193,46493,exact_match,true,false,LINGGALAKSANA,1,1,https://kodepos.posindonesia.co.id/CariKodepos,Rate-limited internal observation; exact hierarchy match; requires adjudication before promotion.
pos_indonesia_postcode_search,2026-08-11,32,JAWA BARAT,32.06,KAB. TASIKMALAYA,32.06.06,CIBALONG,32.06.06.2001,CISEMPUR,46485,46185,46485,exact_match,true,false,CISEMPUR,2,1,https://kodepos.posindonesia.co.id/CariKodepos,Rate-limited internal observation; exact hierarchy match; requires adjudication before promotion.
pos_indonesia_postcode_search,2026-08-11,32,JAWA BARAT,32.06,KAB. TASIKMALAYA,32.06.06,CIBALONG,32.06.06.2002,SETIAWARAS,46485,46185,46485,exact_match,true,false,SETIAWARAS,1,1,https://kodepos.posindonesia.co.id/CariKodepos,Rate-limited internal observation; exact hierarchy match; requires adjudication before promotion.
pos_indonesia_postcode_search,2026-08-11,32,JAWA BARAT,32.06,KAB. TASIKMALAYA,32.06.06,CIBALONG,32.06.06.2003,EUREUNPALAY,46485,46185,46485,exact_match,true,false,EUREUNPALAY,1,1,https://kodepos.posindonesia.co.id/CariKodepos,Rate-limited internal observation; exact hierarchy match; requires adjudication before promotion.
pos_indonesia_postcode_search,2026-08-11,32,JAWA BARAT,32.06,KAB. TASIKMALAYA,32.06.06,CIBALONG,32.06.06.2004,CIBALONG,46485,46185,46485,exact_match,true,false,CIBALONG,18,1,https://kodepos.posindonesia.co.id/CariKodepos,Rate-limited internal observation; exact hierarchy match; requires adjudication before promotion.
pos_indonesia_postcode_search,2026-08-11,32,JAWA BARAT,32.06,KAB. TASIKMALAYA,32.06.06,CIBALONG,32.06.06.2005,SINGAJAYA,46485,46185,46485,exact_match,true,false,SINGAJAYA,13,1,https://kodepos.posindonesia.co.id/CariKodepos,Rate-limited internal observation; exact hierarchy match; requires adjudication before promotion.
pos_indonesia_postcode_search,2026-08-11,32,JAWA BARAT,32.06,KAB. TASIKMALAYA,32.06.06,CIBALONG,32.06.06.2006,PARUNG,46485,46185,46485,exact_match,true,false,PARUNG,58,1,https://kodepos.posindonesia.co.id/CariKodepos,Rate-limited internal observation; exact hierarchy match; requires adjudication before promotion.
pos_indonesia_postcode_search,2026-08-11,32,JAWA BARAT,32.06,KAB. TASIKMALAYA,32.06.08,BANTARKALONG,32.06.08.2001,SIMPANG,46487,46187,46487,exact_match,true,false,SIMPANG,619,1,https://kodepos.posindonesia.co.id/CariKodepos,Rate-limited internal observation; exact hierarchy match; requires adjudication before promotion.
pos_indonesia_postcode_search,2026-08-11,32,JAWA BARAT,32.06,KAB. TASIKMALAYA,32.06.08,BANTARKALONG,32.06.08.2002,PARAKANHONJE,46487,46187,46487,exact_match,true,false,PARAKANHONJE,1,1,https://kodepos.posindonesia.co.id/CariKodepos,Rate-limited internal observation; exact hierarchy match; requires adjudication before promotion.
pos_indonesia_postcode_search,2026-08-11,32,JAWA BARAT,32.06,KAB. TASIKMALAYA,32.06.08,BANTARKALONG,32.06.08.2003,PAMIJAHAN,46487,46187,46487,exact_match,true,false,PAMIJAHAN,18,1,https://kodepos.posindonesia.co.id/CariKodepos,Rate-limited internal observation; exact hierarchy match; requires adjudication before promotion.
pos_indonesia_postcode_search,2026-08-11,32,JAWA BARAT,32.06,KAB. TASIKMALAYA,32.06.08,BANTARKALONG,32.06.08.2004,SUKAMAJU,46487,46188,46487,exact_match,true,false,SUKAMAJU,91,1,https://kodepos.posindonesia.co.id/CariKodepos,Rate-limited internal observation; exact hierarchy match; requires adjudication before promotion.
pos_indonesia_postcode_search,2026-08-11,32,JAWA BARAT,32.06,KAB. TASIKMALAYA,32.06.08,BANTARKALONG,32.06.08.2005,WANGUNSARI,46487,46187,46487,exact_match,true,false,WANGUNSARI,6,1,https://kodepos.posindonesia.co.id/CariKodepos,Rate-limited internal observation; exact hierarchy match; requires adjudication before promotion.
pos_indonesia_postcode_search,2026-08-11,32,JAWA BARAT,32.06,KAB. TASIKMALAYA,32.06.08,BANTARKALONG,32.06.08.2006,HEGARWANGI,46487,46187,46487,exact_match,true,false,HEGARWANGI,1,1,https://kodepos.posindonesia.co.id/CariKodepos,Rate-limited internal observation; exact hierarchy match; requires adjudication before promotion.
pos_indonesia_postcode_search,2026-08-11,32,JAWA BARAT,32.06,KAB. TASIKMALAYA,32.06.08,BANTARKALONG,32.06.08.2007,WAKAP,46487,46168,46487,exact_match,true,false,WAKAP,3,1,https://kodepos.posindonesia.co.id/CariKodepos,Rate-limited internal observation; exact hierarchy match; requires adjudication before promotion.
pos_indonesia_postcode_search,2026-08-11,32,JAWA BARAT,32.06,KAB. TASIKMALAYA,32.06.08,BANTARKALONG,32.06.08.2008,SIRNAGALIH,46487,46187,46487,exact_match,true,false,SIRNAGALIH,13,1,https://kodepos.posindonesia.co.id/CariKodepos,Rate-limited internal observation; exact hierarchy match; requires adjudication before promotion.
pos_indonesia_postcode_search,2026-08-11,32,JAWA BARAT,32.06,KAB. TASIKMALAYA,32.06.09,BOJONGASIH,32.06.09.2001,MERTAJAYA,46477,46475,46477,exact_match,true,false,MERTAJAYA,1,1,https://kodepos.posindonesia.co.id/CariKodepos,Rate-limited internal observation; exact hierarchy match; requires adjudication before promotion.
pos_indonesia_postcode_search,2026-08-11,32,JAWA BARAT,32.06,KAB. TASIKMALAYA,32.06.09,BOJONGASIH,32.06.09.2002,CIKADONGDONG,46477,46475,46477,exact_match,true,false,CIKADONGDONG,3,1,https://kodepos.posindonesia.co.id/CariKodepos,Rate-limited internal observation; exact hierarchy match; requires adjudication before promotion.
pos_indonesia_postcode_search,2026-08-11,32,JAWA BARAT,32.06,KAB. TASIKMALAYA,32.06.09,BOJONGASIH,32.06.09.2003,BOJONGASIH,46477,46475,46477,exact_match,true,false,BOJONGASIH,7,1,https://kodepos.posindonesia.co.id/CariKodepos,Rate-limited internal observation; exact hierarchy match; requires adjudication before promotion.
pos_indonesia_postcode_search,2026-08-11,32,JAWA BARAT,32.06,KAB. TASIKMALAYA,32.06.09,BOJONGASIH,32.06.09.2004,SINDANGSARI,46477,46475,46477,exact_match,true,false,SINDANGSARI,31,1,https://kodepos.posindonesia.co.id/CariKodepos,Rate-limited internal observation; exact hierarchy match; requires adjudication before promotion.
pos_indonesia_postcode_search,2026-08-11,32,JAWA BARAT,32.06,KAB. TASIKMALAYA,32.06.09,BOJONGASIH,32.06.09.2005,GIRIJAYA,46477,46475,46477,exact_match,true,false,GIRIJAYA,9,1,https://kodepos.posindonesia.co.id/CariKodepos,Rate-limited internal observation; exact hierarchy match; requires adjudication before promotion.
pos_indonesia_postcode_search,2026-08-11,32,JAWA BARAT,32.06,KAB. TASIKMALAYA,32.06.09,BOJONGASIH,32.06.09.2006,TOBLONGAN,46477,46475,46477,exact_match,true,false,TOBLONGAN,1,1,https://kodepos.posindonesia.co.id/CariKodepos,Rate-limited internal observation; exact hierarchy match; requires adjudication before promotion.
pos_indonesia_postcode_search,2026-08-11,32,JAWA BARAT,32.06,KAB. TASIKMALAYA,32.06.10,CULAMEGA,32.06.10.2001,CIKUYA,46488,46188,46488,exact_match,true,false,CIKUYA,5,1,https://kodepos.posindonesia.co.id/CariKodepos,Rate-limited internal observation; exact hierarchy match; requires adjudication before promotion.
pos_indonesia_postcode_search,2026-08-11,32,JAWA BARAT,32.06,KAB. TASIKMALAYA,32.06.10,CULAMEGA,32.06.10.2002,CINTABODAS,46488,46188,46488,exact_match,true,false,CINTABODAS,1,1,https://kodepos.posindonesia.co.id/CariKodepos,Rate-limited internal observation; exact hierarchy match; requires adjudication before promotion.
pos_indonesia_postcode_search,2026-08-11,32,JAWA BARAT,32.06,KAB. TASIKMALAYA,32.06.10,CULAMEGA,32.06.10.2003,CIPICUNG,46488,46188,46488,exact_match,true,false,CIPICUNG,17,1,https://kodepos.posindonesia.co.id/CariKodepos,Rate-limited internal observation; exact hierarchy match; requires adjudication before promotion.
pos_indonesia_postcode_search,2026-08-11,32,JAWA BARAT,32.06,KAB. TASIKMALAYA,32.06.10,CULAMEGA,32.06.10.2004,BOJONGSARI,46488,46188,46488,exact_match,true,false,BOJONGSARI,33,1,https://kodepos.posindonesia.co.id/CariKodepos,Rate-limited internal observation; exact hierarchy match; requires adjudication before promotion.
pos_indonesia_postcode_search,2026-08-11,32,JAWA BARAT,32.06,KAB. TASIKMALAYA,32.06.10,CULAMEGA,32.06.10.2005,MEKARLAKSANA,46488,46188,46488,exact_match,true,false,MEKARLAKSANA,5,1,https://kodepos.posindonesia.co.id/CariKodepos,Rate-limited internal observation; exact hierarchy match; requires adjudication before promotion.
pos_indonesia_postcode_search,2026-08-11,32,JAWA BARAT,32.06,KAB. TASIKMALAYA,32.06.13,TARAJU,32.06.13.2009,PAGERALAM,46462,46474,46474,exact_match,false,true,PAGERALAM,1,1,https://kodepos.posindonesia.co.id/CariKodepos,Rate-limited internal observation; exact hierarchy match; requires adjudication before promotion.
pos_indonesia_postcode_search,2026-08-11,32,JAWA BARAT,32.06,KAB. TASIKMALAYA,32.06.15,PUSPAHIANG,32.06.15.2001,MANDALASARI,46472,46471,46472,exact_match,true,false,MANDALASARI,7,1,https://kodepos.posindonesia.co.id/CariKodepos,Rate-limited internal observation; exact hierarchy match; requires adjudication before promotion.
pos_indonesia_postcode_search,2026-08-11,32,JAWA BARAT,32.06,KAB. TASIKMALAYA,32.06.15,PUSPAHIANG,32.06.15.2002,SUKASARI,46472,46471,46472,exact_match,true,false,SUKASARI,54,1,https://kodepos.posindonesia.co.id/CariKodepos,Rate-limited internal observation; exact hierarchy match; requires adjudication before promotion.
pos_indonesia_postcode_search,2026-08-11,32,JAWA BARAT,32.06,KAB. TASIKMALAYA,32.06.15,PUSPAHIANG,32.06.15.2003,PUSPASARI,46472,46471,46472,exact_match,true,false,PUSPASARI,3,1,https://kodepos.posindonesia.co.id/CariKodepos,Rate-limited internal observation; exact hierarchy match; requires adjudication before promotion.
pos_indonesia_postcode_search,2026-08-11,32,JAWA BARAT,32.06,KAB. TASIKMALAYA,32.06.15,PUSPAHIANG,32.06.15.2004,PUSPAHIANG,46472,46471,46472,exact_match,true,false,PUSPAHIANG,8,1,https://kodepos.posindonesia.co.id/CariKodepos,Rate-limited internal observation; exact hierarchy match; requires adjudication before promotion.
pos_indonesia_postcode_search,2026-08-11,32,JAWA BARAT,32.06,KAB. TASIKMALAYA,32.06.15,PUSPAHIANG,32.06.15.2005,LUYUBAKTI,46472,46471,46472,exact_match,true,false,LUYUBAKTI,1,1,https://kodepos.posindonesia.co.id/CariKodepos,Rate-limited internal observation; exact hierarchy match; requires adjudication before promotion.
pos_indonesia_postcode_search,2026-08-11,32,JAWA BARAT,32.06,KAB. TASIKMALAYA,32.06.15,PUSPAHIANG,32.06.15.2006,PUSPARAHAYU,46472,46471,46472,exact_match,true,false,PUSPARAHAYU,1,1,https://kodepos.posindonesia.co.id/CariKodepos,Rate-limited internal observation; exact hierarchy match; requires adjudication before promotion.
pos_indonesia_postcode_search,2026-08-11,32,JAWA BARAT,32.06,KAB. TASIKMALAYA,32.06.15,PUSPAHIANG,32.06.15.2007,CIMANGGU,46472,46471,46472,exact_match,true,false,CIMANGGU,55,1,https://kodepos.posindonesia.co.id/CariKodepos,Rate-limited internal observation; exact hierarchy match; requires adjudication before promotion.
pos_indonesia_postcode_search,2026-08-11,32,JAWA BARAT,32.06,KAB. TASIKMALAYA,32.06.15,PUSPAHIANG,32.06.15.2008,PUSPAJAYA,46472,46471,46472,exact_match,true,false,PUSPAJAYA,1,1,https://kodepos.posindonesia.co.id/CariKodepos,Rate-limited internal observation; exact hierarchy match; requires adjudication before promotion.
pos_indonesia_postcode_search,2026-08-11,32,JAWA BARAT,32.06,KAB. TASIKMALAYA,32.06.16,TANJUNGJAYA,32.06.16.2001,CIKEUSAL,46484,46184,46484,exact_match,true,false,CIKEUSAL,23,1,https://kodepos.posindonesia.co.id/CariKodepos,Rate-limited internal observation; exact hierarchy match; requires adjudication before promotion.
pos_indonesia_postcode_search,2026-08-11,32,JAWA BARAT,32.06,KAB. TASIKMALAYA,32.06.16,TANJUNGJAYA,32.06.16.2002,CIBALANARIK,46484,46184,46484,exact_match,true,false,CIBALANARIK,1,1,https://kodepos.posindonesia.co.id/CariKodepos,Rate-limited internal observation; exact hierarchy match; requires adjudication before promotion.
pos_indonesia_postcode_search,2026-08-11,32,JAWA BARAT,32.06,KAB. TASIKMALAYA,32.06.16,TANJUNGJAYA,32.06.16.2003,SUKANAGARA,46484,46184,46484,exact_match,true,false,SUKANAGARA,20,1,https://kodepos.posindonesia.co.id/CariKodepos,Rate-limited internal observation; exact hierarchy match; requires adjudication before promotion.
pos_indonesia_postcode_search,2026-08-11,32,JAWA BARAT,32.06,KAB. TASIKMALAYA,32.06.16,TANJUNGJAYA,32.06.16.2004,TANJUNGJAYA,46484,46184,46484,exact_match,true,false,TANJUNGJAYA,14,1,https://kodepos.posindonesia.co.id/CariKodepos,Rate-limited internal observation; exact hierarchy match; requires adjudication before promotion.
pos_indonesia_postcode_search,2026-08-11,32,JAWA BARAT,32.06,KAB. TASIKMALAYA,32.06.16,TANJUNGJAYA,32.06.16.2005,CILOLOHAN,46484,46184,46484,exact_match,true,false,CILOLOHAN,1,1,https://kodepos.posindonesia.co.id/CariKodepos,Rate-limited internal observation; exact hierarchy match; requires adjudication before promotion.
pos_indonesia_postcode_search,2026-08-11,32,JAWA BARAT,32.06,KAB. TASIKMALAYA,32.06.16,TANJUNGJAYA,32.06.16.2006,CINTAJAYA,46484,46184,46484,exact_match,true,false,CINTAJAYA,3,1,https://kodepos.posindonesia.co.id/CariKodepos,Rate-limited internal observation; exact hierarchy match; requires adjudication before promotion.
pos_indonesia_postcode_search,2026-08-11,32,JAWA BARAT,32.06,KAB. TASIKMALAYA,32.06.16,TANJUNGJAYA,32.06.16.2007,SUKASENANG,46484,46184,46484,exact_match,true,false,SUKASENANG,5,1,https://kodepos.posindonesia.co.id/CariKodepos,Rate-limited internal observation; exact hierarchy match; requires adjudication before promotion.
pos_indonesia_postcode_search,2026-08-11,32,JAWA BARAT,32.06,KAB. TASIKMALAYA,32.06.17,SUKARAJA,32.06.17.2001,SUKAPURA,46483,46183,46483,exact_match,true,false,SUKAPURA,23,1,https://kodepos.posindonesia.co.id/CariKodepos,Rate-limited internal observation; exact hierarchy match; requires adjudication before promotion.
pos_indonesia_postcode_search,2026-08-11,32,JAWA BARAT,32.06,KAB. TASIKMALAYA,32.06.17,SUKARAJA,32.06.17.2002,LEUWIBUDAH,46483,46183,46483,exact_match,true,false,LEUWIBUDAH,1,1,https://kodepos.posindonesia.co.id/CariKodepos,Rate-limited internal observation; exact hierarchy match; requires adjudication before promotion.
pos_indonesia_postcode_search,2026-08-11,32,JAWA BARAT,32.06,KAB. TASIKMALAYA,32.06.17,SUKARAJA,32.06.17.2003,SIRNAJAYA,46483,46183,46483,exact_match,true,false,SIRNAJAYA,11,1,https://kodepos.posindonesia.co.id/CariKodepos,Rate-limited internal observation; exact hierarchy match; requires adjudication before promotion.
pos_indonesia_postcode_search,2026-08-11,32,JAWA BARAT,32.06,KAB. TASIKMALAYA,32.06.17,SUKARAJA,32.06.17.2004,MEKARJAYA,46466,46183,46483,exact_match,false,false,MEKARJAYA,55,1,https://kodepos.posindonesia.co.id/CariKodepos,Rate-limited internal observation; exact hierarchy match; requires adjudication before promotion.
pos_indonesia_postcode_search,2026-08-11,32,JAWA BARAT,32.06,KAB. TASIKMALAYA,32.06.17,SUKARAJA,32.06.17.2005,LINGGARAJA,46483,46183,46483,exact_match,true,false,LINGGARAJA,1,1,https://kodepos.posindonesia.co.id/CariKodepos,Rate-limited internal observation; exact hierarchy match; requires adjudication before promotion.
pos_indonesia_postcode_search,2026-08-11,32,JAWA BARAT,32.06,KAB. TASIKMALAYA,32.06.17,SUKARAJA,32.06.17.2006,JANGGALA,46483,46183,46483,exact_match,true,false,JANGGALA,3,1,https://kodepos.posindonesia.co.id/CariKodepos,Rate-limited internal observation; exact hierarchy match; requires adjudication before promotion.
pos_indonesia_postcode_search,2026-08-11,32,JAWA BARAT,32.06,KAB. TASIKMALAYA,32.06.17,SUKARAJA,32.06.17.2007,MARGALAKSANA,46483,46183,46483,exact_match,true,false,MARGALAKSANA,7,1,https://kodepos.posindonesia.co.id/CariKodepos,Rate-limited internal observation; exact hierarchy match; requires adjudication before promotion.
pos_indonesia_postcode_search,2026-08-11,32,JAWA BARAT,32.06,KAB. TASIKMALAYA,32.06.17,SUKARAJA,32.06.17.2008,TARUNAJAYA,46483,46183,46483,exact_match,true,false,TARUNAJAYA,2,1,https://kodepos.posindonesia.co.id/CariKodepos,Rate-limited internal observation; exact hierarchy match; requires adjudication before promotion.
pos_indonesia_postcode_search,2026-08-11,32,JAWA BARAT,32.06,KAB. TASIKMALAYA,32.06.18,SALOPA,32.06.18.2001,MANDALAHAYU,46492,46192,46492,exact_match,true,false,MANDALAHAYU,1,1,https://kodepos.posindonesia.co.id/CariKodepos,Rate-limited internal observation; exact hierarchy match; requires adjudication before promotion.
pos_indonesia_postcode_search,2026-08-11,32,JAWA BARAT,32.06,KAB. TASIKMALAYA,32.06.18,SALOPA,32.06.18.2002,MULYASARI,46149,46192,46492,exact_match,false,false,MULYASARI,18,1,https://kodepos.posindonesia.co.id/CariKodepos,Rate-limited internal observation; exact hierarchy match; requires adjudication before promotion.
pos_indonesia_postcode_search,2026-08-11,32,JAWA BARAT,32.06,KAB. TASIKMALAYA,32.06.18,SALOPA,32.06.18.2003,KAWITAN,46492,46192,46492,exact_match,true,false,KAWITAN,1,1,https://kodepos.posindonesia.co.id/CariKodepos,Rate-limited internal observation; exact hierarchy match; requires adjudication before promotion.
pos_indonesia_postcode_search,2026-08-11,32,JAWA BARAT,32.06,KAB. TASIKMALAYA,32.06.18,SALOPA,32.06.18.2004,MANDALAWANGI,46492,46192,46492,exact_match,true,false,MANDALAWANGI,20,1,https://kodepos.posindonesia.co.id/CariKodepos,Rate-limited internal observation; exact hierarchy match; requires adjudication before promotion.
pos_indonesia_postcode_search,2026-08-11,32,JAWA BARAT,32.06,KAB. TASIKMALAYA,32.06.18,SALOPA,32.06.18.2005,KARYAWANGI,46492,46192,46492,exact_match,true,false,KARYAWANGI,3,1,https://kodepos.posindonesia.co.id/CariKodepos,Rate-limited internal observation; exact hierarchy match; requires adjudication before promotion.
pos_indonesia_postcode_search,2026-08-11,32,JAWA BARAT,32.06,KAB. TASIKMALAYA,32.06.18,SALOPA,32.06.18.2006,TANJUNGSARI,46471,46192,46492,exact_match,false,false,TANJUNGSARI,85,1,https://kodepos.posindonesia.co.id/CariKodepos,Rate-limited internal observation; exact hierarchy match; requires adjudication before promotion.
pos_indonesia_postcode_search,2026-08-11,32,JAWA BARAT,32.06,KAB. TASIKMALAYA,32.06.18,SALOPA,32.06.18.2007,MANDALAGUNA,46492,46192,46492,exact_match,true,false,MANDALAGUNA,1,1,https://kodepos.posindonesia.co.id/CariKodepos,Rate-limited internal observation; exact hierarchy match; requires adjudication before promotion.
pos_indonesia_postcode_search,2026-08-11,32,JAWA BARAT,32.06,KAB. TASIKMALAYA,32.06.18,SALOPA,32.06.18.2008,KARYAMANDALA,46492,46192,46492,exact_match,true,false,KARYAMANDALA,1,1,https://kodepos.posindonesia.co.id/CariKodepos,Rate-limited internal observation; exact hierarchy match; requires adjudication before promotion.
pos_indonesia_postcode_search,2026-08-11,32,JAWA BARAT,32.06,KAB. TASIKMALAYA,32.06.18,SALOPA,32.06.18.2009,BANJARWARINGIN,46492,46192,46492,exact_match,true,false,BANJARWARINGIN,1,1,https://kodepos.posindonesia.co.id/CariKodepos,Rate-limited internal observation; exact hierarchy match; requires adjudication before promotion.
pos_indonesia_postcode_search,2026-08-11,32,JAWA BARAT,32.06,KAB. TASIKMALAYA,32.06.20,CINEAM,32.06.20.2001,CISARUA,46498,46198,46498,exact_match,true,false,CISARUA,34,1,https://kodepos.posindonesia.co.id/CariKodepos,Rate-limited internal observation; exact hierarchy match; requires adjudication before promotion.
pos_indonesia_postcode_search,2026-08-11,32,JAWA BARAT,32.06,KAB. TASIKMALAYA,32.06.20,CINEAM,32.06.20.2002,CIKONDANG,46496,46198,46498,exact_match,false,false,CIKONDANG,8,1,https://kodepos.posindonesia.co.id/CariKodepos,Rate-limited internal observation; exact hierarchy match; requires adjudication before promotion.
pos_indonesia_postcode_search,2026-08-11,32,JAWA BARAT,32.06,KAB. TASIKMALAYA,32.06.20,CINEAM,32.06.20.2003,CIJULANG,46262,46198,46498,exact_match,false,false,CIJULANG,10,1,https://kodepos.posindonesia.co.id/CariKodepos,Rate-limited internal observation; exact hierarchy match; requires adjudication before promotion.
pos_indonesia_postcode_search,2026-08-11,32,JAWA BARAT,32.06,KAB. TASIKMALAYA,32.06.20,CINEAM,32.06.20.2004,CIAMPANAN,46498,46198,46498,exact_match,true,false,CIAMPANAN,1,1,https://kodepos.posindonesia.co.id/CariKodepos,Rate-limited internal observation; exact hierarchy match; requires adjudication before promotion.
pos_indonesia_postcode_search,2026-08-11,32,JAWA BARAT,32.06,KAB. TASIKMALAYA,32.06.20,CINEAM,32.06.20.2005,CINEAM,46498,46198,46498,exact_match,true,false,CINEAM,10,1,https://kodepos.posindonesia.co.id/CariKodepos,Rate-limited internal observation; exact hierarchy match; requires adjudication before promotion.
pos_indonesia_postcode_search,2026-08-11,32,JAWA BARAT,32.06,KAB. TASIKMALAYA,32.06.20,CINEAM,32.06.20.2006,RAJADATU,46498,46198,46498,exact_match,true,false,RAJADATU,1,1,https://kodepos.posindonesia.co.id/CariKodepos,Rate-limited internal observation; exact hierarchy match; requires adjudication before promotion.
pos_indonesia_postcode_search,2026-08-11,32,JAWA BARAT,32.06,KAB. TASIKMALAYA,32.06.20,CINEAM,32.06.20.2007,ANCOL,46498,46198,46498,exact_match,true,false,ANCOL,5,1,https://kodepos.posindonesia.co.id/CariKodepos,Rate-limited internal observation; exact hierarchy match; requires adjudication before promotion.
pos_indonesia_postcode_search,2026-08-11,32,JAWA BARAT,32.06,KAB. TASIKMALAYA,32.06.20,CINEAM,32.06.20.2008,NAGARATENGAH,46498,46198,46498,exact_match,true,false,NAGARATENGAH,1,1,https://kodepos.posindonesia.co.id/CariKodepos,Rate-limited internal observation; exact hierarchy match; requires adjudication before promotion.
pos_indonesia_postcode_search,2026-08-11,32,JAWA BARAT,32.06,KAB. TASIKMALAYA,32.06.20,CINEAM,32.06.20.2009,PASIRMUKTI,46498,46198,46498,exact_match,true,false,PASIRMUKTI,3,1,https://kodepos.posindonesia.co.id/CariKodepos,Rate-limited internal observation; exact hierarchy match; requires adjudication before promotion.
pos_indonesia_postcode_search,2026-08-11,32,JAWA BARAT,32.06,KAB. TASIKMALAYA,32.06.20,CINEAM,32.06.20.2010,MADIASARI,46498,46198,46498,exact_match,true,false,MADIASARI,1,1,https://kodepos.posindonesia.co.id/CariKodepos,Rate-limited internal observation; exact hierarchy match; requires adjudication before promotion.
pos_indonesia_postcode_search,2026-08-11,32,JAWA BARAT,32.06,KAB. TASIKMALAYA,32.06.22,MANONJAYA,32.06.22.2001,CIHAUR,46497,46197,46497,exact_match,true,false,CIHAUR,20,1,https://kodepos.posindonesia.co.id/CariKodepos,Rate-limited internal observation; exact hierarchy match; requires adjudication before promotion.
pos_indonesia_postcode_search,2026-08-11,32,JAWA BARAT,32.06,KAB. TASIKMALAYA,32.06.22,MANONJAYA,32.06.22.2002,CILANGKAP,46497,46197,46497,exact_match,true,false,CILANGKAP,10,1,https://kodepos.posindonesia.co.id/CariKodepos,Rate-limited internal observation; exact hierarchy match; requires adjudication before promotion.
pos_indonesia_postcode_search,2026-08-11,32,JAWA BARAT,32.06,KAB. TASIKMALAYA,32.06.22,MANONJAYA,32.06.22.2003,PASIRPANJANG,46497,46197,46497,exact_match,true,false,PASIRPANJANG,4,1,https://kodepos.posindonesia.co.id/CariKodepos,Rate-limited internal observation; exact hierarchy match; requires adjudication before promotion.
pos_indonesia_postcode_search,2026-08-11,32,JAWA BARAT,32.06,KAB. TASIKMALAYA,32.06.22,MANONJAYA,32.06.22.2004,CIBEBER,46497,46197,46497,exact_match,true,false,CIBEBER,53,1,https://kodepos.posindonesia.co.id/CariKodepos,Rate-limited internal observation; exact hierarchy match; requires adjudication before promotion.
pos_indonesia_postcode_search,2026-08-11,32,JAWA BARAT,32.06,KAB. TASIKMALAYA,32.06.22,MANONJAYA,32.06.22.2005,KAMULYAN,46497,46197,46497,exact_match,true,false,KAMULYAN,10,1,https://kodepos.posindonesia.co.id/CariKodepos,Rate-limited internal observation; exact hierarchy match; requires adjudication before promotion.
pos_indonesia_postcode_search,2026-08-11,32,JAWA BARAT,32.06,KAB. TASIKMALAYA,32.06.22,MANONJAYA,32.06.22.2006,MANONJAYA,46497,46197,46497,exact_match,true,false,MANONJAYA,12,1,https://kodepos.posindonesia.co.id/CariKodepos,Rate-limited internal observation; exact hierarchy match; requires adjudication before promotion.
pos_indonesia_postcode_search,2026-08-11,32,JAWA BARAT,32.06,KAB. TASIKMALAYA,32.06.22,MANONJAYA,32.06.22.2007,MARGALUYU,46497,46197,46497,exact_match,true,false,MARGALUYU,17,1,https://kodepos.posindonesia.co.id/CariKodepos,Rate-limited internal observation; exact hierarchy match; requires adjudication before promotion.
pos_indonesia_postcode_search,2026-08-11,32,JAWA BARAT,32.06,KAB. TASIKMALAYA,32.06.22,MANONJAYA,32.06.22.2008,PASIRBATANG,46497,46197,46497,exact_match,true,false,PASIRBATANG,1,1,https://kodepos.posindonesia.co.id/CariKodepos,Rate-limited internal observation; exact hierarchy match; requires adjudication before promotion.
pos_indonesia_postcode_search,2026-08-11,32,JAWA BARAT,32.06,KAB. TASIKMALAYA,32.06.22,MANONJAYA,32.06.22.2009,KALIMANGGIS,46497,46197,46497,exact_match,true,false,KALIMANGGIS,9,1,https://kodepos.posindonesia.co.id/CariKodepos,Rate-limited internal observation; exact hierarchy match; requires adjudication before promotion.
pos_indonesia_postcode_search,2026-08-11,32,JAWA BARAT,32.06,KAB. TASIKMALAYA,32.06.22,MANONJAYA,32.06.22.2010,MARGAHAYU,46497,46197,46497,exact_match,true,false,MARGAHAYU,12,1,https://kodepos.posindonesia.co.id/CariKodepos,Rate-limited internal observation; exact hierarchy match; requires adjudication before promotion.
pos_indonesia_postcode_search,2026-08-11,32,JAWA BARAT,32.06,KAB. TASIKMALAYA,32.06.22,MANONJAYA,32.06.22.2011,BATUSUMUR,46497,46197,46497,exact_match,true,false,BATUSUMUR,1,1,https://kodepos.posindonesia.co.id/CariKodepos,Rate-limited internal observation; exact hierarchy match; requires adjudication before promotion.
pos_indonesia_postcode_search,2026-08-11,32,JAWA BARAT,32.06,KAB. TASIKMALAYA,32.06.22,MANONJAYA,32.06.22.2012,GUNAJAYA,46497,46197,46497,exact_match,true,false,GUNAJAYA,1,1,https://kodepos.posindonesia.co.id/CariKodepos,Rate-limited internal observation; exact hierarchy match; requires adjudication before promotion.
pos_indonesia_postcode_search,2026-08-11,32,JAWA BARAT,32.06,KAB. TASIKMALAYA,32.06.31,SUKARATU,32.06.31.2001,LINGGAJATI,46452,46415,46452,exact_match,true,false,LINGGAJATI,2,1,https://kodepos.posindonesia.co.id/CariKodepos,Rate-limited internal observation; exact hierarchy match; requires adjudication before promotion.
pos_indonesia_postcode_search,2026-08-11,32,JAWA BARAT,32.06,KAB. TASIKMALAYA,32.06.31,SUKARATU,32.06.31.2002,TAWANGBANTENG,46452,46415,46452,exact_match,true,false,TAWANGBANTENG,1,1,https://kodepos.posindonesia.co.id/CariKodepos,Rate-limited internal observation; exact hierarchy match; requires adjudication before promotion.
pos_indonesia_postcode_search,2026-08-11,32,JAWA BARAT,32.06,KAB. TASIKMALAYA,32.06.31,SUKARATU,32.06.31.2003,SINAGAR,46452,46415,46452,exact_match,true,false,SINAGAR,1,1,https://kodepos.posindonesia.co.id/CariKodepos,Rate-limited internal observation; exact hierarchy match; requires adjudication before promotion.
pos_indonesia_postcode_search,2026-08-11,32,JAWA BARAT,32.06,KAB. TASIKMALAYA,32.06.31,SUKARATU,32.06.31.2004,GUNUNGSARI,46452,46415,46452,exact_match,true,false,GUNUNGSARI,57,1,https://kodepos.posindonesia.co.id/CariKodepos,Rate-limited internal observation; exact hierarchy match; requires adjudication before promotion.
pos_indonesia_postcode_search,2026-08-11,32,JAWA BARAT,32.06,KAB. TASIKMALAYA,32.06.31,SUKARATU,32.06.31.2005,SUKAMAHI,46452,46415,46452,exact_match,true,false,SUKAMAHI,5,1,https://kodepos.posindonesia.co.id/CariKodepos,Rate-limited internal observation; exact hierarchy match; requires adjudication before promotion.
pos_indonesia_postcode_search,2026-08-11,32,JAWA BARAT,32.06,KAB. TASIKMALAYA,32.06.31,SUKARATU,32.06.31.2006,SUKAGALIH,46452,46415,46452,exact_match,true,false,SUKAGALIH,8,1,https://kodepos.posindonesia.co.id/CariKodepos,Rate-limited internal observation; exact hierarchy match; requires adjudication before promotion.
pos_indonesia_postcode_search,2026-08-11,32,JAWA BARAT,32.06,KAB. TASIKMALAYA,32.06.31,SUKARATU,32.06.31.2007,SUKARATU,46452,46415,46452,exact_match,true,false,SUKARATU,19,1,https://kodepos.posindonesia.co.id/CariKodepos,Rate-limited internal observation; exact hierarchy match; requires adjudication before promotion.
pos_indonesia_postcode_search,2026-08-11,32,JAWA BARAT,32.06,KAB. TASIKMALAYA,32.06.31,SUKARATU,32.06.31.2008,INDRAJAYA,46452,46415,46452,exact_match,true,false,INDRAJAYA,2,1,https://kodepos.posindonesia.co.id/CariKodepos,Rate-limited internal observation; exact hierarchy match; requires adjudication before promotion.
pos_indonesia_postcode_search,2026-08-11,32,JAWA BARAT,32.06,KAB. TASIKMALAYA,32.06.32,CISAYONG,32.06.32.2001,CISAYONG,46453,46153,46453,exact_match,true,false,CISAYONG,13,1,https://kodepos.posindonesia.co.id/CariKodepos,Rate-limited internal observation; exact hierarchy match; requires adjudication before promotion.
pos_indonesia_postcode_search,2026-08-11,32,JAWA BARAT,32.06,KAB. TASIKMALAYA,32.06.32,CISAYONG,32.06.32.2002,SUKAJADI,46453,46153,46453,exact_match,true,false,SUKAJADI,54,1,https://kodepos.posindonesia.co.id/CariKodepos,Rate-limited internal observation; exact hierarchy match; requires adjudication before promotion.
pos_indonesia_postcode_search,2026-08-11,32,JAWA BARAT,32.06,KAB. TASIKMALAYA,32.06.32,CISAYONG,32.06.32.2003,SUKASUKUR,46453,46153,46453,exact_match,true,false,SUKASUKUR,2,1,https://kodepos.posindonesia.co.id/CariKodepos,Rate-limited internal observation; exact hierarchy match; requires adjudication before promotion.
pos_indonesia_postcode_search,2026-08-11,32,JAWA BARAT,32.06,KAB. TASIKMALAYA,32.06.32,CISAYONG,32.06.32.2004,SUKAMUKTI,46453,46153,46453,exact_match,true,false,SUKAMUKTI,19,1,https://kodepos.posindonesia.co.id/CariKodepos,Rate-limited internal observation; exact hierarchy match; requires adjudication before promotion.
pos_indonesia_postcode_search,2026-08-11,32,JAWA BARAT,32.06,KAB. TASIKMALAYA,32.06.32,CISAYONG,32.06.32.2005,NUSAWANGI,46453,46153,46453,exact_match,true,false,NUSAWANGI,1,1,https://kodepos.posindonesia.co.id/CariKodepos,Rate-limited internal observation; exact hierarchy match; requires adjudication before promotion.
pos_indonesia_postcode_search,2026-08-11,32,JAWA BARAT,32.06,KAB. TASIKMALAYA,32.06.32,CISAYONG,32.06.32.2006,CIKADU,46453,46153,46453,exact_match,true,false,CIKADU,25,1,https://kodepos.posindonesia.co.id/CariKodepos,Rate-limited internal observation; exact hierarchy match; requires adjudication before promotion.
pos_indonesia_postcode_search,2026-08-11,32,JAWA BARAT,32.06,KAB. TASIKMALAYA,32.06.32,CISAYONG,32.06.32.2007,CILEULEUS,46453,46153,46453,exact_match,true,false,CILEULEUS,1,1,https://kodepos.posindonesia.co.id/CariKodepos,Rate-limited internal observation; exact hierarchy match; requires adjudication before promotion.
pos_indonesia_postcode_search,2026-08-11,32,JAWA BARAT,32.06,KAB. TASIKMALAYA,32.06.32,CISAYONG,32.06.32.2008,JATIHURIP,46453,46153,46453,exact_match,true,false,JATIHURIP,2,1,https://kodepos.posindonesia.co.id/CariKodepos,Rate-limited internal observation; exact hierarchy match; requires adjudication before promotion.
pos_indonesia_postcode_search,2026-08-11,32,JAWA BARAT,32.06,KAB. TASIKMALAYA,32.06.32,CISAYONG,32.06.32.2009,SUKASETIA,46453,46153,46453,exact_match,true,false,SUKASETIA,2,1,https://kodepos.posindonesia.co.id/CariKodepos,Rate-limited internal observation; exact hierarchy match; requires adjudication before promotion.
pos_indonesia_postcode_search,2026-08-11,32,JAWA BARAT,32.06,KAB. TASIKMALAYA,32.06.32,CISAYONG,32.06.32.2010,PURWASARI,46453,46153,46453,exact_match,true,false,PURWASARI,16,1,https://kodepos.posindonesia.co.id/CariKodepos,Rate-limited internal observation; exact hierarchy match; requires adjudication before promotion.
pos_indonesia_postcode_search,2026-08-11,32,JAWA BARAT,32.06,KAB. TASIKMALAYA,32.06.32,CISAYONG,32.06.32.2011,SUKARAHARJA,46453,46153,46453,exact_match,true,false,SUKARAHARJA,4,1,https://kodepos.posindonesia.co.id/CariKodepos,Rate-limited internal observation; exact hierarchy match; requires adjudication before promotion.
pos_indonesia_postcode_search,2026-08-11,32,JAWA BARAT,32.06,KAB. TASIKMALAYA,32.06.32,CISAYONG,32.06.32.2012,MEKARWANGI,46453,46153,46453,exact_match,true,false,MEKARWANGI,26,1,https://kodepos.posindonesia.co.id/CariKodepos,Rate-limited internal observation; exact hierarchy match; requires adjudication before promotion.
pos_indonesia_postcode_search,2026-08-11,32,JAWA BARAT,32.06,KAB. TASIKMALAYA,32.06.32,CISAYONG,32.06.32.2013,SANTANAMEKAR,46453,46153,46453,exact_match,true,false,SANTANAMEKAR,1,1,https://kodepos.posindonesia.co.id/CariKodepos,Rate-limited internal observation; exact hierarchy match; requires adjudication before promotion.
pos_indonesia_postcode_search,2026-08-11,32,JAWA BARAT,32.06,KAB. TASIKMALAYA,32.06.33,SUKAHENING,32.06.33.2001,BANYURASA,46454,46155,46454,exact_match,true,false,BANYURASA,1,1,https://kodepos.posindonesia.co.id/CariKodepos,Rate-limited internal observation; exact hierarchy match; requires adjudication before promotion.
pos_indonesia_postcode_search,2026-08-11,32,JAWA BARAT,32.06,KAB. TASIKMALAYA,32.06.33,SUKAHENING,32.06.33.2002,CALINCING,46454,46155,46454,exact_match,true,false,CALINCING,1,1,https://kodepos.posindonesia.co.id/CariKodepos,Rate-limited internal observation; exact hierarchy match; requires adjudication before promotion.
pos_indonesia_postcode_search,2026-08-11,32,JAWA BARAT,32.06,KAB. TASIKMALAYA,32.06.33,SUKAHENING,32.06.33.2003,SUKAHENING,46454,46155,46454,exact_match,true,false,SUKAHENING,7,1,https://kodepos.posindonesia.co.id/CariKodepos,Rate-limited internal observation; exact hierarchy match; requires adjudication before promotion.
pos_indonesia_postcode_search,2026-08-11,32,JAWA BARAT,32.06,KAB. TASIKMALAYA,32.06.33,SUKAHENING,32.06.33.2004,KIARAJANGKUNG,46454,46155,46454,exact_match,true,false,KIARAJANGKUNG,2,1,https://kodepos.posindonesia.co.id/CariKodepos,Rate-limited internal observation; exact hierarchy match; requires adjudication before promotion.
pos_indonesia_postcode_search,2026-08-11,32,JAWA BARAT,32.06,KAB. TASIKMALAYA,32.06.33,SUKAHENING,32.06.33.2005,KUDADEPA,46454,46155,46454,exact_match,true,false,KUDADEPA,1,1,https://kodepos.posindonesia.co.id/CariKodepos,Rate-limited internal observation; exact hierarchy match; requires adjudication before promotion.
pos_indonesia_postcode_search,2026-08-11,32,JAWA BARAT,32.06,KAB. TASIKMALAYA,32.06.33,SUKAHENING,32.06.33.2006,BANYURESMI,46454,46155,46454,exact_match,true,false,BANYURESMI,19,1,https://kodepos.posindonesia.co.id/CariKodepos,Rate-limited internal observation; exact hierarchy match; requires adjudication before promotion.
pos_indonesia_postcode_search,2026-08-11,32,JAWA BARAT,32.06,KAB. TASIKMALAYA,32.06.33,SUKAHENING,32.06.33.2007,SUNDAKERTA,46454,46155,46454,exact_match,true,false,SUNDAKERTA,1,1,https://kodepos.posindonesia.co.id/CariKodepos,Rate-limited internal observation; exact hierarchy match; requires adjudication before promotion.
pos_indonesia_postcode_search,2026-08-11,32,JAWA BARAT,32.06,KAB. TASIKMALAYA,32.06.34,RAJAPOLAH,32.06.34.2001,DAWAGUNG,46455,46155,46455,exact_match,true,false,DAWAGUNG,1,1,https://kodepos.posindonesia.co.id/CariKodepos,Rate-limited internal observation; exact hierarchy match; requires adjudication before promotion.
pos_indonesia_postcode_search,2026-08-11,32,JAWA BARAT,32.06,KAB. TASIKMALAYA,32.06.34,RAJAPOLAH,32.06.34.2002,RAJAPOLAH,46455,46155,46455,exact_match,true,false,RAJAPOLAH,8,1,https://kodepos.posindonesia.co.id/CariKodepos,Rate-limited internal observation; exact hierarchy match; requires adjudication before promotion.
pos_indonesia_postcode_search,2026-08-11,32,JAWA BARAT,32.06,KAB. TASIKMALAYA,32.06.34,RAJAPOLAH,32.06.34.2003,MANGGUNGJAYA,46455,46155,46455,exact_match,true,false,MANGGUNGJAYA,3,1,https://kodepos.posindonesia.co.id/CariKodepos,Rate-limited internal observation; exact hierarchy match; requires adjudication before promotion.
pos_indonesia_postcode_search,2026-08-11,32,JAWA BARAT,32.06,KAB. TASIKMALAYA,32.06.34,RAJAPOLAH,32.06.34.2004,MANGGUNGSARI,46455,46155,46455,exact_match,true,false,MANGGUNGSARI,2,1,https://kodepos.posindonesia.co.id/CariKodepos,Rate-limited internal observation; exact hierarchy match; requires adjudication before promotion.
pos_indonesia_postcode_search,2026-08-11,32,JAWA BARAT,32.06,KAB. TASIKMALAYA,32.06.34,RAJAPOLAH,32.06.34.2005,SUKARAJA,46455,46183,46455,exact_match,true,false,SUKARAJA,108,1,https://kodepos.posindonesia.co.id/CariKodepos,Rate-limited internal observation; exact hierarchy match; requires adjudication before promotion.
pos_indonesia_postcode_search,2026-08-11,32,JAWA BARAT,32.06,KAB. TASIKMALAYA,32.06.34,RAJAPOLAH,32.06.34.2006,RAJAMANDALA,46455,46155,46455,exact_match,true,false,RAJAMANDALA,2,1,https://kodepos.posindonesia.co.id/CariKodepos,Rate-limited internal observation; exact hierarchy match; requires adjudication before promotion.
pos_indonesia_postcode_search,2026-08-11,32,JAWA BARAT,32.06,KAB. TASIKMALAYA,32.06.34,RAJAPOLAH,32.06.34.2007,SUKANAGALIH,46455,46155,46455,exact_match,true,false,SUKANAGALIH,2,1,https://kodepos.posindonesia.co.id/CariKodepos,Rate-limited internal observation; exact hierarchy match; requires adjudication before promotion.
pos_indonesia_postcode_search,2026-08-11,32,JAWA BARAT,32.06,KAB. TASIKMALAYA,32.06.34,RAJAPOLAH,32.06.34.2008,TANJUNGPURA,46455,46155,46455,exact_match,true,false,TANJUNGPURA,3,1,https://kodepos.posindonesia.co.id/CariKodepos,Rate-limited internal observation; exact hierarchy match; requires adjudication before promotion.
pos_indonesia_postcode_search,2026-08-11,32,JAWA BARAT,32.06,KAB. TASIKMALAYA,32.06.35,JAMANIS,32.06.35.2001,CONDONG,46451,46175,46451,exact_match,true,false,CONDONG,22,1,https://kodepos.posindonesia.co.id/CariKodepos,Rate-limited internal observation; exact hierarchy match; requires adjudication before promotion.
pos_indonesia_postcode_search,2026-08-11,32,JAWA BARAT,32.06,KAB. TASIKMALAYA,32.06.35,JAMANIS,32.06.35.2002,BOJONGGAOK,46451,46175,46451,exact_match,true,false,BOJONGGAOK,1,1,https://kodepos.posindonesia.co.id/CariKodepos,Rate-limited internal observation; exact hierarchy match; requires adjudication before promotion.
pos_indonesia_postcode_search,2026-08-11,32,JAWA BARAT,32.06,KAB. TASIKMALAYA,32.06.35,JAMANIS,32.06.35.2003,SINDANGRAJA,46451,46175,46451,exact_match,true,false,SINDANGRAJA,2,1,https://kodepos.posindonesia.co.id/CariKodepos,Rate-limited internal observation; exact hierarchy match; requires adjudication before promotion.
pos_indonesia_postcode_search,2026-08-11,32,JAWA BARAT,32.06,KAB. TASIKMALAYA,32.06.35,JAMANIS,32.06.35.2004,KARANGMULYA,46451,46175,46451,exact_match,true,false,KARANGMULYA,12,1,https://kodepos.posindonesia.co.id/CariKodepos,Rate-limited internal observation; exact hierarchy match; requires adjudication before promotion.
pos_indonesia_postcode_search,2026-08-11,32,JAWA BARAT,32.06,KAB. TASIKMALAYA,32.06.35,JAMANIS,32.06.35.2005,GERESIK,46451,46175,46451,exact_match,true,false,GERESIK,2,1,https://kodepos.posindonesia.co.id/CariKodepos,Rate-limited internal observation; exact hierarchy match; requires adjudication before promotion.
pos_indonesia_postcode_search,2026-08-11,32,JAWA BARAT,32.06,KAB. TASIKMALAYA,32.06.35,JAMANIS,32.06.35.2006,KARANGSEMBUNG,46451,46175,46451,exact_match,true,false,KARANGSEMBUNG,11,1,https://kodepos.posindonesia.co.id/CariKodepos,Rate-limited internal observation; exact hierarchy match; requires adjudication before promotion.
pos_indonesia_postcode_search,2026-08-11,32,JAWA BARAT,32.06,KAB. TASIKMALAYA,32.06.35,JAMANIS,32.06.35.2007,TANJUNGMEKAR,46451,46175,46451,exact_match,true,false,TANJUNGMEKAR,4,1,https://kodepos.posindonesia.co.id/CariKodepos,Rate-limited internal observation; exact hierarchy match; requires adjudication before promotion.
pos_indonesia_postcode_search,2026-08-11,32,JAWA BARAT,32.06,KAB. TASIKMALAYA,32.06.35,JAMANIS,32.06.35.2008,KARANGRESIK,46451,46175,46451,exact_match,true,false,KARANGRESIK,1,1,https://kodepos.posindonesia.co.id/CariKodepos,Rate-limited internal observation; exact hierarchy match; requires adjudication before promotion.
pos_indonesia_postcode_search,2026-08-11,32,JAWA BARAT,32.06,KAB. TASIKMALAYA,32.06.36,CIAWI,32.06.36.2001,GOMBONG,46456,46156,46456,exact_match,true,false,GOMBONG,31,1,https://kodepos.posindonesia.co.id/CariKodepos,Rate-limited internal observation; exact hierarchy match; requires adjudication before promotion.
pos_indonesia_postcode_search,2026-08-11,32,JAWA BARAT,32.06,KAB. TASIKMALAYA,32.06.36,CIAWI,32.06.36.2002,BUGEL,46456,46156,46456,exact_match,true,false,BUGEL,23,1,https://kodepos.posindonesia.co.id/CariKodepos,Rate-limited internal observation; exact hierarchy match; requires adjudication before promotion.
pos_indonesia_postcode_search,2026-08-11,32,JAWA BARAT,32.06,KAB. TASIKMALAYA,32.06.36,CIAWI,32.06.36.2003,MARGASARI,46456,46156,46456,exact_match,true,false,MARGASARI,30,1,https://kodepos.posindonesia.co.id/CariKodepos,Rate-limited internal observation; exact hierarchy match; requires adjudication before promotion.
pos_indonesia_postcode_search,2026-08-11,32,JAWA BARAT,32.06,KAB. TASIKMALAYA,32.06.36,CIAWI,32.06.36.2004,PAKEMITAN,46456,46156,46456,exact_match,true,false,PAKEMITAN,3,1,https://kodepos.posindonesia.co.id/CariKodepos,Rate-limited internal observation; exact hierarchy match; requires adjudication before promotion.
pos_indonesia_postcode_search,2026-08-11,32,JAWA BARAT,32.06,KAB. TASIKMALAYA,32.06.36,CIAWI,32.06.36.2005,CIAWI,46456,46156,46456,exact_match,true,false,CIAWI,57,1,https://kodepos.posindonesia.co.id/CariKodepos,Rate-limited internal observation; exact hierarchy match; requires adjudication before promotion.
pos_indonesia_postcode_search,2026-08-11,32,JAWA BARAT,32.06,KAB. TASIKMALAYA,32.06.36,CIAWI,32.06.36.2006,SUKAMANTRI,46456,46156,46456,exact_match,true,false,SUKAMANTRI,13,1,https://kodepos.posindonesia.co.id/CariKodepos,Rate-limited internal observation; exact hierarchy match; requires adjudication before promotion.
pos_indonesia_postcode_search,2026-08-11,32,JAWA BARAT,32.06,KAB. TASIKMALAYA,32.06.36,CIAWI,32.06.36.2007,PASIRHUNI,46456,46156,46456,exact_match,true,false,PASIRHUNI,2,1,https://kodepos.posindonesia.co.id/CariKodepos,Rate-limited internal observation; exact hierarchy match; requires adjudication before promotion.
pos_indonesia_postcode_search,2026-08-11,32,JAWA BARAT,32.06,KAB. TASIKMALAYA,32.06.36,CIAWI,32.06.36.2008,CITAMBA,46456,46156,46456,exact_match,true,false,CITAMBA,1,1,https://kodepos.posindonesia.co.id/CariKodepos,Rate-limited internal observation; exact hierarchy match; requires adjudication before promotion.
pos_indonesia_postcode_search,2026-08-11,32,JAWA BARAT,32.06,KAB. TASIKMALAYA,32.06.36,CIAWI,32.06.36.2009,KERTAMUKTI,46456,46156,46456,exact_match,true,false,KERTAMUKTI,13,1,https://kodepos.posindonesia.co.id/CariKodepos,Rate-limited internal observation; exact hierarchy match; requires adjudication before promotion.
pos_indonesia_postcode_search,2026-08-11,32,JAWA BARAT,32.06,KAB. TASIKMALAYA,32.06.36,CIAWI,32.06.36.2010,KURNIABAKTI,46456,46156,46456,exact_match,true,false,KURNIABAKTI,1,1,https://kodepos.posindonesia.co.id/CariKodepos,Rate-limited internal observation; exact hierarchy match; requires adjudication before promotion.
pos_indonesia_postcode_search,2026-08-11,32,JAWA BARAT,32.06,KAB. TASIKMALAYA,32.06.36,CIAWI,32.06.36.2011,PAKAMITANKIDUL,46456,46156,46456,exact_match,true,false,PAKAMITANKIDUL,1,1,https://kodepos.posindonesia.co.id/CariKodepos,Rate-limited internal observation; exact hierarchy match; requires adjudication before promotion.
pos_indonesia_postcode_search,2026-08-11,32,JAWA BARAT,32.06,KAB. TASIKMALAYA,32.06.38,PAGERAGEUNG,32.06.38.2001,CIPACING,46458,46158,46458,exact_match,true,false,CIPACING,2,1,https://kodepos.posindonesia.co.id/CariKodepos,Rate-limited internal observation; exact hierarchy match; requires adjudication before promotion.
pos_indonesia_postcode_search,2026-08-11,32,JAWA BARAT,32.06,KAB. TASIKMALAYA,32.06.38,PAGERAGEUNG,32.06.38.2002,PAGERAGEUNG,46458,46158,46458,exact_match,true,false,PAGERAGEUNG,10,1,https://kodepos.posindonesia.co.id/CariKodepos,Rate-limited internal observation; exact hierarchy match; requires adjudication before promotion.
pos_indonesia_postcode_search,2026-08-11,32,JAWA BARAT,32.06,KAB. TASIKMALAYA,32.06.38,PAGERAGEUNG,32.06.38.2003,SUKAMAJU,46458,46158,46458,exact_match,true,false,SUKAMAJU,91,1,https://kodepos.posindonesia.co.id/CariKodepos,Rate-limited internal observation; exact hierarchy match; requires adjudication before promotion.
pos_indonesia_postcode_search,2026-08-11,32,JAWA BARAT,32.06,KAB. TASIKMALAYA,32.06.38,PAGERAGEUNG,32.06.38.2004,TANJUNGKERTA,46458,46158,46458,exact_match,true,false,TANJUNGKERTA,15,1,https://kodepos.posindonesia.co.id/CariKodepos,Rate-limited internal observation; exact hierarchy match; requires adjudication before promotion.
pos_indonesia_postcode_search,2026-08-11,32,JAWA BARAT,32.06,KAB. TASIKMALAYA,32.06.38,PAGERAGEUNG,32.06.38.2005,PUTERAN,46458,46158,46458,exact_match,true,false,PUTERAN,2,1,https://kodepos.posindonesia.co.id/CariKodepos,Rate-limited internal observation; exact hierarchy match; requires adjudication before promotion.
pos_indonesia_postcode_search,2026-08-11,32,JAWA BARAT,32.06,KAB. TASIKMALAYA,32.06.38,PAGERAGEUNG,32.06.38.2006,GURANTENG,46458,46158,46458,exact_match,true,false,GURANTENG,1,1,https://kodepos.posindonesia.co.id/CariKodepos,Rate-limited internal observation; exact hierarchy match; requires adjudication before promotion.
pos_indonesia_postcode_search,2026-08-11,32,JAWA BARAT,32.06,KAB. TASIKMALAYA,32.06.38,PAGERAGEUNG,32.06.38.2007,NANGGEWER,46458,46158,46458,exact_match,true,false,NANGGEWER,4,1,https://kodepos.posindonesia.co.id/CariKodepos,Rate-limited internal observation; exact hierarchy match; requires adjudication before promotion.
pos_indonesia_postcode_search,2026-08-11,32,JAWA BARAT,32.06,KAB. TASIKMALAYA,32.06.38,PAGERAGEUNG,32.06.38.2008,SUKAPADA,46458,46158,46458,exact_match,true,false,SUKAPADA,2,1,https://kodepos.posindonesia.co.id/CariKodepos,Rate-limited internal observation; exact hierarchy match; requires adjudication before promotion.
pos_indonesia_postcode_search,2026-08-11,32,JAWA BARAT,32.06,KAB. TASIKMALAYA,32.06.38,PAGERAGEUNG,32.06.38.2009,PAGERSARI,46458,46158,46458,exact_match,true,false,PAGERSARI,7,1,https://kodepos.posindonesia.co.id/CariKodepos,Rate-limited internal observation; exact hierarchy match; requires adjudication before promotion.
pos_indonesia_postcode_search,2026-08-11,32,JAWA BARAT,32.06,KAB. TASIKMALAYA,32.06.38,PAGERAGEUNG,32.06.38.2010,SUKADANA,46458,46413,46458,exact_match,true,false,SUKADANA,62,1,https://kodepos.posindonesia.co.id/CariKodepos,Rate-limited internal observation; exact hierarchy match; requires adjudication before promotion.
pos_indonesia_postcode_search,2026-08-11,32,JAWA BARAT,32.07,KAB. CIAMIS,32.07.01,CIAMIS,32.07.01.2012,PANYINGKIRAN,46218,46211,46218,exact_match,true,false,PANYINGKIRAN,16,1,https://kodepos.posindonesia.co.id/CariKodepos,Rate-limited internal observation; exact hierarchy match; requires adjudication before promotion.
pos_indonesia_postcode_search,2026-08-11,32,JAWA BARAT,32.07,KAB. CIAMIS,32.07.05,CIDOLOG,32.07.05.2001,CIDOLOG,43384,46352,46287,exact_match,false,false,CIDOLOG,11,1,https://kodepos.posindonesia.co.id/CariKodepos,Rate-limited internal observation; exact hierarchy match; requires adjudication before promotion.
pos_indonesia_postcode_search,2026-08-11,32,JAWA BARAT,32.07,KAB. CIAMIS,32.07.05,CIDOLOG,32.07.05.2002,JANGGALA,46483,46352,46287,exact_match,false,false,JANGGALA,3,1,https://kodepos.posindonesia.co.id/CariKodepos,Rate-limited internal observation; exact hierarchy match; requires adjudication before promotion.
pos_indonesia_postcode_search,2026-08-11,32,JAWA BARAT,32.07,KAB. CIAMIS,32.07.05,CIDOLOG,32.07.05.2003,HEGARMANAH,45367,46352,46287,exact_match,false,false,HEGARMANAH,19,1,https://kodepos.posindonesia.co.id/CariKodepos,Rate-limited internal observation; exact hierarchy match; requires adjudication before promotion.
pos_indonesia_postcode_search,2026-08-11,32,JAWA BARAT,32.07,KAB. CIAMIS,32.07.05,CIDOLOG,32.07.05.2004,JELEGONG,40356,46352,46287,exact_match,false,false,JELEGONG,3,1,https://kodepos.posindonesia.co.id/CariKodepos,Rate-limited internal observation; exact hierarchy match; requires adjudication before promotion.
pos_indonesia_postcode_search,2026-08-11,32,JAWA BARAT,32.07,KAB. CIAMIS,32.07.05,CIDOLOG,32.07.05.2005,CIPARAY,43384,46352,46287,exact_match,false,false,CIPARAY,23,1,https://kodepos.posindonesia.co.id/CariKodepos,Rate-limited internal observation; exact hierarchy match; requires adjudication before promotion.
pos_indonesia_postcode_search,2026-08-11,32,JAWA BARAT,32.07,KAB. CIAMIS,32.07.05,CIDOLOG,32.07.05.2006,SUKASARI,46293,46352,46287,exact_match,false,false,SUKASARI,54,1,https://kodepos.posindonesia.co.id/CariKodepos,Rate-limited internal observation; exact hierarchy match; requires adjudication before promotion.
pos_indonesia_postcode_search,2026-08-11,32,JAWA BARAT,32.07,KAB. CIAMIS,32.07.09,KAWALI,32.07.09.2014,SINDANGSARI,46595,46253,46253,exact_match,false,true,SINDANGSARI,31,1,https://kodepos.posindonesia.co.id/CariKodepos,Rate-limited internal observation; exact hierarchy match; requires adjudication before promotion.
pos_indonesia_postcode_search,2026-08-11,32,JAWA BARAT,32.07,KAB. CIAMIS,32.07.09,KAWALI,32.07.09.2016,SELASARI,46252,46253,46253,exact_match,false,true,SELASARI,2,1,https://kodepos.posindonesia.co.id/CariKodepos,Rate-limited internal observation; exact hierarchy match; requires adjudication before promotion.
pos_indonesia_postcode_search,2026-08-11,32,JAWA BARAT,32.07,KAB. CIAMIS,32.07.10,PANAWANGAN,32.07.10.2012,KARANGPANINGAL,46286,46255,46255,exact_match,false,true,KARANGPANINGAL,3,1,https://kodepos.posindonesia.co.id/CariKodepos,Rate-limited internal observation; exact hierarchy match; requires adjudication before promotion.
pos_indonesia_postcode_search,2026-08-11,32,JAWA BARAT,32.07,KAB. CIAMIS,32.07.13,RAJADESA,32.07.13.2003,TANJUNGSARI,46256,46254,46254,exact_match,false,true,TANJUNGSARI,85,1,https://kodepos.posindonesia.co.id/CariKodepos,Rate-limited internal observation; exact hierarchy match; requires adjudication before promotion.
pos_indonesia_postcode_search,2026-08-11,32,JAWA BARAT,32.07,KAB. CIAMIS,32.07.13,RAJADESA,32.07.13.2007,SUKAJAYA,46286,46254,46254,exact_match,false,true,SUKAJAYA,59,1,https://kodepos.posindonesia.co.id/CariKodepos,Rate-limited internal observation; exact hierarchy match; requires adjudication before promotion.
pos_indonesia_postcode_search,2026-08-11,32,JAWA BARAT,32.07,KAB. CIAMIS,32.07.15,RANCAH,32.07.15.2001,RANCAH,46292,46387,46292,exact_match,true,false,RANCAH,17,1,https://kodepos.posindonesia.co.id/CariKodepos,Rate-limited internal observation; exact hierarchy match; requires adjudication before promotion.
pos_indonesia_postcode_search,2026-08-11,32,JAWA BARAT,32.07,KAB. CIAMIS,32.07.15,RANCAH,32.07.15.2002,KIARAPAYUNG,46292,46387,46292,exact_match,true,false,KIARAPAYUNG,3,1,https://kodepos.posindonesia.co.id/CariKodepos,Rate-limited internal observation; exact hierarchy match; requires adjudication before promotion.
pos_indonesia_postcode_search,2026-08-11,32,JAWA BARAT,32.07,KAB. CIAMIS,32.07.15,RANCAH,32.07.15.2003,CILEUNGSIR,46292,46387,46292,exact_match,true,false,CILEUNGSIR,1,1,https://kodepos.posindonesia.co.id/CariKodepos,Rate-limited internal observation; exact hierarchy match; requires adjudication before promotion.
pos_indonesia_postcode_search,2026-08-11,32,JAWA BARAT,32.07,KAB. CIAMIS,32.07.15,RANCAH,32.07.15.2004,CISONTROL,46292,46387,46292,exact_match,true,false,CISONTROL,1,1,https://kodepos.posindonesia.co.id/CariKodepos,Rate-limited internal observation; exact hierarchy match; requires adjudication before promotion.
pos_indonesia_postcode_search,2026-08-11,32,JAWA BARAT,32.07,KAB. CIAMIS,32.07.15,RANCAH,32.07.15.2005,SITUMANDALA,46292,46387,46292,exact_match,true,false,SITUMANDALA,1,1,https://kodepos.posindonesia.co.id/CariKodepos,Rate-limited internal observation; exact hierarchy match; requires adjudication before promotion.
pos_indonesia_postcode_search,2026-08-11,32,JAWA BARAT,32.07,KAB. CIAMIS,32.07.15,RANCAH,32.07.15.2006,KAWUNGLARANG,46292,46387,46292,exact_match,true,false,KAWUNGLARANG,1,1,https://kodepos.posindonesia.co.id/CariKodepos,Rate-limited internal observation; exact hierarchy match; requires adjudication before promotion.
pos_indonesia_postcode_search,2026-08-11,32,JAWA BARAT,32.07,KAB. CIAMIS,32.07.15,RANCAH,32.07.15.2007,PATAKAHARJA,46292,46387,46292,exact_match,true,false,PATAKAHARJA,1,1,https://kodepos.posindonesia.co.id/CariKodepos,Rate-limited internal observation; exact hierarchy match; requires adjudication before promotion.
pos_indonesia_postcode_search,2026-08-11,32,JAWA BARAT,32.07,KAB. CIAMIS,32.07.15,RANCAH,32.07.15.2008,BOJONGGEDANG,46292,46387,46292,exact_match,true,false,BOJONGGEDANG,1,1,https://kodepos.posindonesia.co.id/CariKodepos,Rate-limited internal observation; exact hierarchy match; requires adjudication before promotion.
pos_indonesia_postcode_search,2026-08-11,32,JAWA BARAT,32.07,KAB. CIAMIS,32.07.15,RANCAH,32.07.15.2009,KARANGPARI,46292,46387,46292,exact_match,true,false,KARANGPARI,2,1,https://kodepos.posindonesia.co.id/CariKodepos,Rate-limited internal observation; exact hierarchy match; requires adjudication before promotion.
pos_indonesia_postcode_search,2026-08-11,32,JAWA BARAT,32.07,KAB. CIAMIS,32.07.15,RANCAH,32.07.15.2010,DADIHARJA,46292,46387,46292,exact_match,true,false,DADIHARJA,1,1,https://kodepos.posindonesia.co.id/CariKodepos,Rate-limited internal observation; exact hierarchy match; requires adjudication before promotion.
pos_indonesia_postcode_search,2026-08-11,32,JAWA BARAT,32.07,KAB. CIAMIS,32.07.15,RANCAH,32.07.15.2011,JANGALAHARJA,46292,46387,46292,exact_match,true,false,JANGALAHARJA,1,1,https://kodepos.posindonesia.co.id/CariKodepos,Rate-limited internal observation; exact hierarchy match; requires adjudication before promotion.
pos_indonesia_postcode_search,2026-08-11,32,JAWA BARAT,32.07,KAB. CIAMIS,32.07.15,RANCAH,32.07.15.2012,GIRIHARJA,46292,46387,46292,exact_match,true,false,GIRIHARJA,2,1,https://kodepos.posindonesia.co.id/CariKodepos,Rate-limited internal observation; exact hierarchy match; requires adjudication before promotion.
pos_indonesia_postcode_search,2026-08-11,32,JAWA BARAT,32.07,KAB. CIAMIS,32.07.15,RANCAH,32.07.15.2013,WANGUNSARI,46292,46387,46292,exact_match,true,false,WANGUNSARI,6,1,https://kodepos.posindonesia.co.id/CariKodepos,Rate-limited internal observation; exact hierarchy match; requires adjudication before promotion.
pos_indonesia_postcode_search,2026-08-11,32,JAWA BARAT,32.07,KAB. CIAMIS,32.07.16,TAMBAKSARI,32.07.16.2001,TAMBAKSARI,46293,46388,46293,exact_match,true,false,TAMBAKSARI,24,1,https://kodepos.posindonesia.co.id/CariKodepos,Rate-limited internal observation; exact hierarchy match; requires adjudication before promotion.
pos_indonesia_postcode_search,2026-08-11,32,JAWA BARAT,32.07,KAB. CIAMIS,32.07.16,TAMBAKSARI,32.07.16.2002,MEKARSARI,46293,46388,46293,exact_match,true,false,MEKARSARI,80,1,https://kodepos.posindonesia.co.id/CariKodepos,Rate-limited internal observation; exact hierarchy match; requires adjudication before promotion.
pos_indonesia_postcode_search,2026-08-11,32,JAWA BARAT,32.07,KAB. CIAMIS,32.07.16,TAMBAKSARI,32.07.16.2003,KASO,46293,46388,46293,exact_match,true,false,KASO,33,1,https://kodepos.posindonesia.co.id/CariKodepos,Rate-limited internal observation; exact hierarchy match; requires adjudication before promotion.
pos_indonesia_postcode_search,2026-08-11,32,JAWA BARAT,32.07,KAB. CIAMIS,32.07.16,TAMBAKSARI,32.07.16.2004,KADUPANDAK,46293,46388,46293,exact_match,true,false,KADUPANDAK,16,1,https://kodepos.posindonesia.co.id/CariKodepos,Rate-limited internal observation; exact hierarchy match; requires adjudication before promotion.
pos_indonesia_postcode_search,2026-08-11,32,JAWA BARAT,32.07,KAB. CIAMIS,32.07.16,TAMBAKSARI,32.07.16.2005,SUKASARI,46293,46388,46293,exact_match,true,false,SUKASARI,54,1,https://kodepos.posindonesia.co.id/CariKodepos,Rate-limited internal observation; exact hierarchy match; requires adjudication before promotion.
pos_indonesia_postcode_search,2026-08-11,32,JAWA BARAT,32.07,KAB. CIAMIS,32.07.16,TAMBAKSARI,32.07.16.2006,KARANGPANINGAL,46293,46388,46293,exact_match,true,false,KARANGPANINGAL,3,1,https://kodepos.posindonesia.co.id/CariKodepos,Rate-limited internal observation; exact hierarchy match; requires adjudication before promotion.
pos_indonesia_postcode_search,2026-08-11,32,JAWA BARAT,32.07,KAB. CIAMIS,32.07.17,LAKBOK,32.07.17.2006,SIDAHARJA,46285,46385,46285,exact_match,true,false,SIDAHARJA,3,1,https://kodepos.posindonesia.co.id/CariKodepos,Rate-limited internal observation; exact hierarchy match; requires adjudication before promotion.
pos_indonesia_postcode_search,2026-08-11,32,JAWA BARAT,32.07,KAB. CIAMIS,32.07.17,LAKBOK,32.07.17.2007,KERTAJAYA,46285,46385,46285,exact_match,true,false,KERTAJAYA,19,1,https://kodepos.posindonesia.co.id/CariKodepos,Rate-limited internal observation; exact hierarchy match; requires adjudication before promotion.
pos_indonesia_postcode_search,2026-08-11,32,JAWA BARAT,32.07,KAB. CIAMIS,32.07.17,LAKBOK,32.07.17.2009,SUKANAGARA,46285,46385,46285,exact_match,true,false,SUKANAGARA,20,1,https://kodepos.posindonesia.co.id/CariKodepos,Rate-limited internal observation; exact hierarchy match; requires adjudication before promotion.
pos_indonesia_postcode_search,2026-08-11,32,JAWA BARAT,32.07,KAB. CIAMIS,32.07.17,LAKBOK,32.07.17.2010,CINTAJAYA,46285,46385,46285,exact_match,true,false,CINTAJAYA,3,1,https://kodepos.posindonesia.co.id/CariKodepos,Rate-limited internal observation; exact hierarchy match; requires adjudication before promotion.
pos_indonesia_postcode_search,2026-08-11,32,JAWA BARAT,32.07,KAB. CIAMIS,32.07.17,LAKBOK,32.07.17.2011,CINTARATU,46285,46385,46285,exact_match,true,false,CINTARATU,2,1,https://kodepos.posindonesia.co.id/CariKodepos,Rate-limited internal observation; exact hierarchy match; requires adjudication before promotion.
pos_indonesia_postcode_search,2026-08-11,32,JAWA BARAT,32.07,KAB. CIAMIS,32.07.17,LAKBOK,32.07.17.2012,SINDANGANGIN,46285,46385,46285,exact_match,true,false,SINDANGANGIN,1,1,https://kodepos.posindonesia.co.id/CariKodepos,Rate-limited internal observation; exact hierarchy match; requires adjudication before promotion.
pos_indonesia_postcode_search,2026-08-11,32,JAWA BARAT,32.07,KAB. CIAMIS,32.07.17,LAKBOK,32.07.17.2013,TAMBAKREJA,46285,46385,46285,exact_match,true,false,TAMBAKREJA,3,1,https://kodepos.posindonesia.co.id/CariKodepos,Rate-limited internal observation; exact hierarchy match; requires adjudication before promotion.
pos_indonesia_postcode_search,2026-08-11,32,JAWA BARAT,32.07,KAB. CIAMIS,32.07.17,LAKBOK,32.07.17.2017,BAREGBEG,46285,46385,46285,exact_match,true,false,BAREGBEG,12,1,https://kodepos.posindonesia.co.id/CariKodepos,Rate-limited internal observation; exact hierarchy match; requires adjudication before promotion.
pos_indonesia_postcode_search,2026-08-11,32,JAWA BARAT,32.07,KAB. CIAMIS,32.07.17,LAKBOK,32.07.17.2018,KALAPASAWIT,46285,46385,46285,exact_match,true,false,KALAPASAWIT,1,1,https://kodepos.posindonesia.co.id/CariKodepos,Rate-limited internal observation; exact hierarchy match; requires adjudication before promotion.
pos_indonesia_postcode_search,2026-08-11,32,JAWA BARAT,32.07,KAB. CIAMIS,32.07.17,LAKBOK,32.07.17.2019,PULOERANG,46285,46385,46285,exact_match,true,false,PULOERANG,1,1,https://kodepos.posindonesia.co.id/CariKodepos,Rate-limited internal observation; exact hierarchy match; requires adjudication before promotion.
pos_indonesia_postcode_search,2026-08-11,32,JAWA BARAT,32.07,KAB. CIAMIS,32.07.18,BANJARSARI,32.07.18.2005,KAWASEN,46283,46383,46283,exact_match,true,false,KAWASEN,1,1,https://kodepos.posindonesia.co.id/CariKodepos,Rate-limited internal observation; exact hierarchy match; requires adjudication before promotion.
pos_indonesia_postcode_search,2026-08-11,32,JAWA BARAT,32.07,KAB. CIAMIS,32.07.18,BANJARSARI,32.07.18.2006,CICAPAR,46283,46383,46283,exact_match,true,false,CICAPAR,1,1,https://kodepos.posindonesia.co.id/CariKodepos,Rate-limited internal observation; exact hierarchy match; requires adjudication before promotion.
pos_indonesia_postcode_search,2026-08-11,32,JAWA BARAT,32.07,KAB. CIAMIS,32.07.18,BANJARSARI,32.07.18.2007,CIBADAK,46283,46383,46283,exact_match,true,false,CIBADAK,37,1,https://kodepos.posindonesia.co.id/CariKodepos,Rate-limited internal observation; exact hierarchy match; requires adjudication before promotion.
pos_indonesia_postcode_search,2026-08-11,32,JAWA BARAT,32.07,KAB. CIAMIS,32.07.18,BANJARSARI,32.07.18.2008,BANJARSARI,46283,46383,46283,exact_match,true,false,BANJARSARI,105,1,https://kodepos.posindonesia.co.id/CariKodepos,Rate-limited internal observation; exact hierarchy match; requires adjudication before promotion.
pos_indonesia_postcode_search,2026-08-11,32,JAWA BARAT,32.07,KAB. CIAMIS,32.07.18,BANJARSARI,32.07.18.2009,SINDANGHAYU,46283,46383,46283,exact_match,true,false,SINDANGHAYU,4,1,https://kodepos.posindonesia.co.id/CariKodepos,Rate-limited internal observation; exact hierarchy match; requires adjudication before promotion.
pos_indonesia_postcode_search,2026-08-11,32,JAWA BARAT,32.07,KAB. CIAMIS,32.07.18,BANJARSARI,32.07.18.2010,SINDANGASIH,46283,46383,46283,exact_match,true,false,SINDANGASIH,4,1,https://kodepos.posindonesia.co.id/CariKodepos,Rate-limited internal observation; exact hierarchy match; requires adjudication before promotion.
pos_indonesia_postcode_search,2026-08-11,32,JAWA BARAT,32.07,KAB. CIAMIS,32.07.18,BANJARSARI,32.07.18.2012,SINDANGSARI,46283,46383,46283,exact_match,true,false,SINDANGSARI,31,1,https://kodepos.posindonesia.co.id/CariKodepos,Rate-limited internal observation; exact hierarchy match; requires adjudication before promotion.
pos_indonesia_postcode_search,2026-08-11,32,JAWA BARAT,32.07,KAB. CIAMIS,32.07.18,BANJARSARI,32.07.18.2013,CIHERANG,46283,46383,46283,exact_match,true,false,CIHERANG,15,1,https://kodepos.posindonesia.co.id/CariKodepos,Rate-limited internal observation; exact hierarchy match; requires adjudication before promotion.
pos_indonesia_postcode_search,2026-08-11,32,JAWA BARAT,32.07,KAB. CIAMIS,32.07.18,BANJARSARI,32.07.18.2014,PURWASARI,46283,46383,46283,exact_match,true,false,PURWASARI,16,1,https://kodepos.posindonesia.co.id/CariKodepos,Rate-limited internal observation; exact hierarchy match; requires adjudication before promotion.
pos_indonesia_postcode_search,2026-08-11,32,JAWA BARAT,32.07,KAB. CIAMIS,32.07.18,BANJARSARI,32.07.18.2015,RATAWANGI,46283,46383,46283,exact_match,true,false,RATAWANGI,1,1,https://kodepos.posindonesia.co.id/CariKodepos,Rate-limited internal observation; exact hierarchy match; requires adjudication before promotion.
pos_indonesia_postcode_search,2026-08-11,32,JAWA BARAT,32.07,KAB. CIAMIS,32.07.18,BANJARSARI,32.07.18.2016,CIULU,46283,46383,46283,exact_match,true,false,CIULU,1,1,https://kodepos.posindonesia.co.id/CariKodepos,Rate-limited internal observation; exact hierarchy match; requires adjudication before promotion.
pos_indonesia_postcode_search,2026-08-11,32,JAWA BARAT,32.07,KAB. CIAMIS,32.07.18,BANJARSARI,32.07.18.2018,SUKASARI,46283,46383,46283,exact_match,true,false,SUKASARI,54,1,https://kodepos.posindonesia.co.id/CariKodepos,Rate-limited internal observation; exact hierarchy match; requires adjudication before promotion.
pos_indonesia_postcode_search,2026-08-11,32,JAWA BARAT,32.07,KAB. CIAMIS,32.07.19,PAMARICAN,32.07.19.2001,PAMARICAN,46282,46382,46282,exact_match,true,false,PAMARICAN,14,1,https://kodepos.posindonesia.co.id/CariKodepos,Rate-limited internal observation; exact hierarchy match; requires adjudication before promotion.
pos_indonesia_postcode_search,2026-08-11,32,JAWA BARAT,32.07,KAB. CIAMIS,32.07.19,PAMARICAN,32.07.19.2002,SIDAMULIH,46565,46365,46282,exact_match,false,false,SIDAMULIH,9,1,https://kodepos.posindonesia.co.id/CariKodepos,Rate-limited internal observation; exact hierarchy match; requires adjudication before promotion.
pos_indonesia_postcode_search,2026-08-11,32,JAWA BARAT,32.07,KAB. CIAMIS,32.07.19,PAMARICAN,32.07.19.2003,KERTAHAYU,46282,46361,46282,exact_match,true,false,KERTAHAYU,3,1,https://kodepos.posindonesia.co.id/CariKodepos,Rate-limited internal observation; exact hierarchy match; requires adjudication before promotion.
pos_indonesia_postcode_search,2026-08-11,32,JAWA BARAT,32.07,KAB. CIAMIS,32.07.19,PAMARICAN,32.07.19.2004,SUKAMUKTI,46282,46382,46282,exact_match,true,false,SUKAMUKTI,19,1,https://kodepos.posindonesia.co.id/CariKodepos,Rate-limited internal observation; exact hierarchy match; requires adjudication before promotion.
pos_indonesia_postcode_search,2026-08-11,32,JAWA BARAT,32.07,KAB. CIAMIS,32.07.19,PAMARICAN,32.07.19.2005,BANGUNSARI,46282,46382,46282,exact_match,true,false,BANGUNSARI,10,1,https://kodepos.posindonesia.co.id/CariKodepos,Rate-limited internal observation; exact hierarchy match; requires adjudication before promotion.
pos_indonesia_postcode_search,2026-08-11,32,JAWA BARAT,32.07,KAB. CIAMIS,32.07.19,PAMARICAN,32.07.19.2006,NEGLASARI,46282,46382,46282,exact_match,true,false,NEGLASARI,38,1,https://kodepos.posindonesia.co.id/CariKodepos,Rate-limited internal observation; exact hierarchy match; requires adjudication before promotion.
pos_indonesia_postcode_search,2026-08-11,32,JAWA BARAT,32.07,KAB. CIAMIS,32.07.19,PAMARICAN,32.07.19.2007,BANTARSARI,46282,46382,46282,exact_match,true,false,BANTARSARI,14,1,https://kodepos.posindonesia.co.id/CariKodepos,Rate-limited internal observation; exact hierarchy match; requires adjudication before promotion.
pos_indonesia_postcode_search,2026-08-11,32,JAWA BARAT,32.07,KAB. CIAMIS,32.07.19,PAMARICAN,32.07.19.2008,MARGAJAYA,46282,46382,46282,exact_match,true,false,MARGAJAYA,9,1,https://kodepos.posindonesia.co.id/CariKodepos,Rate-limited internal observation; exact hierarchy match; requires adjudication before promotion.
pos_indonesia_postcode_search,2026-08-11,32,JAWA BARAT,32.07,KAB. CIAMIS,32.07.19,PAMARICAN,32.07.19.2009,SUKAJAYA,46282,46382,46282,exact_match,true,false,SUKAJAYA,59,1,https://kodepos.posindonesia.co.id/CariKodepos,Rate-limited internal observation; exact hierarchy match; requires adjudication before promotion.
pos_indonesia_postcode_search,2026-08-11,32,JAWA BARAT,32.07,KAB. CIAMIS,32.07.19,PAMARICAN,32.07.19.2010,SUKAHURIP,46282,46382,46282,exact_match,true,false,SUKAHURIP,10,1,https://kodepos.posindonesia.co.id/CariKodepos,Rate-limited internal observation; exact hierarchy match; requires adjudication before promotion.
pos_indonesia_postcode_search,2026-08-11,32,JAWA BARAT,32.07,KAB. CIAMIS,32.07.19,PAMARICAN,32.07.19.2011,SUKAJADI,46282,46382,46282,exact_match,true,false,SUKAJADI,54,1,https://kodepos.posindonesia.co.id/CariKodepos,Rate-limited internal observation; exact hierarchy match; requires adjudication before promotion.
pos_indonesia_postcode_search,2026-08-11,32,JAWA BARAT,32.07,KAB. CIAMIS,32.07.19,PAMARICAN,32.07.19.2012,SIDAHARJA,46282,46382,46282,exact_match,true,false,SIDAHARJA,3,1,https://kodepos.posindonesia.co.id/CariKodepos,Rate-limited internal observation; exact hierarchy match; requires adjudication before promotion.
pos_indonesia_postcode_search,2026-08-11,32,JAWA BARAT,32.07,KAB. CIAMIS,32.07.19,PAMARICAN,32.07.19.2013,PASIRNAGARA,46282,46382,46282,exact_match,true,false,PASIRNAGARA,1,1,https://kodepos.posindonesia.co.id/CariKodepos,Rate-limited internal observation; exact hierarchy match; requires adjudication before promotion.
pos_indonesia_postcode_search,2026-08-11,32,JAWA BARAT,32.07,KAB. CIAMIS,32.07.19,PAMARICAN,32.07.19.2014,MEKARMULYA,46282,46382,46282,exact_match,true,false,MEKARMULYA,12,1,https://kodepos.posindonesia.co.id/CariKodepos,Rate-limited internal observation; exact hierarchy match; requires adjudication before promotion.
pos_indonesia_postcode_search,2026-08-11,32,JAWA BARAT,32.07,KAB. CIAMIS,32.07.29,CIMARAGAS,32.07.29.2001,CIMARAGAS,46281,46381,46281,exact_match,true,false,CIMARAGAS,5,1,https://kodepos.posindonesia.co.id/CariKodepos,Rate-limited internal observation; exact hierarchy match; requires adjudication before promotion.
pos_indonesia_postcode_search,2026-08-11,32,JAWA BARAT,32.07,KAB. CIAMIS,32.07.29,CIMARAGAS,32.07.29.2002,BEBER,46281,46381,46281,exact_match,true,false,BEBER,70,1,https://kodepos.posindonesia.co.id/CariKodepos,Rate-limited internal observation; exact hierarchy match; requires adjudication before promotion.
pos_indonesia_postcode_search,2026-08-11,32,JAWA BARAT,32.07,KAB. CIAMIS,32.07.29,CIMARAGAS,32.07.29.2003,RAKSABAYA,46281,46381,46281,exact_match,true,false,RAKSABAYA,1,1,https://kodepos.posindonesia.co.id/CariKodepos,Rate-limited internal observation; exact hierarchy match; requires adjudication before promotion.
pos_indonesia_postcode_search,2026-08-11,32,JAWA BARAT,32.07,KAB. CIAMIS,32.07.29,CIMARAGAS,32.07.29.2004,BOJONGMALANG,46281,46381,46281,exact_match,true,false,BOJONGMALANG,1,1,https://kodepos.posindonesia.co.id/CariKodepos,Rate-limited internal observation; exact hierarchy match; requires adjudication before promotion.
pos_indonesia_postcode_search,2026-08-11,32,JAWA BARAT,32.07,KAB. CIAMIS,32.07.29,CIMARAGAS,32.07.29.2005,JAYARAKSA,46281,46381,46281,exact_match,true,false,JAYARAKSA,2,1,https://kodepos.posindonesia.co.id/CariKodepos,Rate-limited internal observation; exact hierarchy match; requires adjudication before promotion.
pos_indonesia_postcode_search,2026-08-11,32,JAWA BARAT,32.07,KAB. CIAMIS,32.07.30,CISAGA,32.07.30.2001,CISAGA,46291,46386,46291,exact_match,true,false,CISAGA,12,1,https://kodepos.posindonesia.co.id/CariKodepos,Rate-limited internal observation; exact hierarchy match; requires adjudication before promotion.
pos_indonesia_postcode_search,2026-08-11,32,JAWA BARAT,32.07,KAB. CIAMIS,32.07.30,CISAGA,32.07.30.2002,SIDAMULYA,46291,46386,46291,exact_match,true,false,SIDAMULYA,13,1,https://kodepos.posindonesia.co.id/CariKodepos,Rate-limited internal observation; exact hierarchy match; requires adjudication before promotion.
pos_indonesia_postcode_search,2026-08-11,32,JAWA BARAT,32.07,KAB. CIAMIS,32.07.30,CISAGA,32.07.30.2003,KEPEL,46291,46386,46291,exact_match,true,false,KEPEL,4,1,https://kodepos.posindonesia.co.id/CariKodepos,Rate-limited internal observation; exact hierarchy match; requires adjudication before promotion.
pos_indonesia_postcode_search,2026-08-11,32,JAWA BARAT,32.07,KAB. CIAMIS,32.07.30,CISAGA,32.07.30.2004,WANGUNJAYA,46291,46386,46291,exact_match,true,false,WANGUNJAYA,12,1,https://kodepos.posindonesia.co.id/CariKodepos,Rate-limited internal observation; exact hierarchy match; requires adjudication before promotion.
pos_indonesia_postcode_search,2026-08-11,32,JAWA BARAT,32.07,KAB. CIAMIS,32.07.30,CISAGA,32.07.30.2005,SUKAHURIP,46291,46386,46291,exact_match,true,false,SUKAHURIP,10,1,https://kodepos.posindonesia.co.id/CariKodepos,Rate-limited internal observation; exact hierarchy match; requires adjudication before promotion.
pos_indonesia_postcode_search,2026-08-11,32,JAWA BARAT,32.07,KAB. CIAMIS,32.07.30,CISAGA,32.07.30.2006,BANGUNHARJA,46291,46386,46291,exact_match,true,false,BANGUNHARJA,1,1,https://kodepos.posindonesia.co.id/CariKodepos,Rate-limited internal observation; exact hierarchy match; requires adjudication before promotion.
pos_indonesia_postcode_search,2026-08-11,32,JAWA BARAT,32.07,KAB. CIAMIS,32.07.30,CISAGA,32.07.30.2007,TANJUNGJAYA,46291,46386,46291,exact_match,true,false,TANJUNGJAYA,14,1,https://kodepos.posindonesia.co.id/CariKodepos,Rate-limited internal observation; exact hierarchy match; requires adjudication before promotion.
pos_indonesia_postcode_search,2026-08-11,32,JAWA BARAT,32.07,KAB. CIAMIS,32.07.30,CISAGA,32.07.30.2008,MEKARMUKTI,46291,46386,46291,exact_match,true,false,MEKARMUKTI,14,1,https://kodepos.posindonesia.co.id/CariKodepos,Rate-limited internal observation; exact hierarchy match; requires adjudication before promotion.
pos_indonesia_postcode_search,2026-08-11,32,JAWA BARAT,32.07,KAB. CIAMIS,32.07.30,CISAGA,32.07.30.2009,DANASARI,46291,46386,46291,exact_match,true,false,DANASARI,4,1,https://kodepos.posindonesia.co.id/CariKodepos,Rate-limited internal observation; exact hierarchy match; requires adjudication before promotion.
pos_indonesia_postcode_search,2026-08-11,32,JAWA BARAT,32.07,KAB. CIAMIS,32.07.30,CISAGA,32.07.30.2010,GIRIMUKTI,46291,46386,46291,exact_match,true,false,GIRIMUKTI,17,1,https://kodepos.posindonesia.co.id/CariKodepos,Rate-limited internal observation; exact hierarchy match; requires adjudication before promotion.
pos_indonesia_postcode_search,2026-08-11,32,JAWA BARAT,32.07,KAB. CIAMIS,32.07.30,CISAGA,32.07.30.2011,KARYAMULYA,46291,46386,46291,exact_match,true,false,KARYAMULYA,3,1,https://kodepos.posindonesia.co.id/CariKodepos,Rate-limited internal observation; exact hierarchy match; requires adjudication before promotion.
pos_indonesia_postcode_search,2026-08-11,32,JAWA BARAT,32.07,KAB. CIAMIS,32.07.33,SUKAMANTRI,32.07.33.2001,SUKAMANTRI,46265,46265,46265,exact_match,true,true,SUKAMANTRI,13,1,https://kodepos.posindonesia.co.id/CariKodepos,Rate-limited internal observation; exact hierarchy match; requires adjudication before promotion.
pos_indonesia_postcode_search,2026-08-11,32,JAWA BARAT,32.07,KAB. CIAMIS,32.07.33,SUKAMANTRI,32.07.33.2002,TENGGERRAHARJA,46265,46265,46265,exact_match,true,true,TENGGERRAHARJA,1,1,https://kodepos.posindonesia.co.id/CariKodepos,Rate-limited internal observation; exact hierarchy match; requires adjudication before promotion.
pos_indonesia_postcode_search,2026-08-11,32,JAWA BARAT,32.07,KAB. CIAMIS,32.07.33,SUKAMANTRI,32.07.33.2003,CIBEUREUM,46265,46265,46265,exact_match,true,true,CIBEUREUM,34,1,https://kodepos.posindonesia.co.id/CariKodepos,Rate-limited internal observation; exact hierarchy match; requires adjudication before promotion.
pos_indonesia_postcode_search,2026-08-11,32,JAWA BARAT,32.07,KAB. CIAMIS,32.07.33,SUKAMANTRI,32.07.33.2004,SINDANGLAYA,46265,46265,46265,exact_match,true,true,SINDANGLAYA,9,1,https://kodepos.posindonesia.co.id/CariKodepos,Rate-limited internal observation; exact hierarchy match; requires adjudication before promotion.
pos_indonesia_postcode_search,2026-08-11,32,JAWA BARAT,32.07,KAB. CIAMIS,32.07.33,SUKAMANTRI,32.07.33.2005,MEKARWANGI,46265,46265,46265,exact_match,true,true,MEKARWANGI,26,1,https://kodepos.posindonesia.co.id/CariKodepos,Rate-limited internal observation; exact hierarchy match; requires adjudication before promotion.
pos_indonesia_postcode_search,2026-08-11,32,JAWA BARAT,32.08,KAB. KUNINGAN,32.08.05,CIBINGBIN,32.08.05.2002,SINDANGJAWA,45561,45587,45587,exact_match,false,true,SINDANGJAWA,3,1,https://kodepos.posindonesia.co.id/CariKodepos,Rate-limited internal observation; exact hierarchy match; requires adjudication before promotion.
pos_indonesia_postcode_search,2026-08-11,32,JAWA BARAT,32.08,KAB. KUNINGAN,32.08.06,LURAGUNG,32.08.06.2015,BENDA,45581,45582,45581,exact_match,true,false,BENDA,71,1,https://kodepos.posindonesia.co.id/CariKodepos,Rate-limited internal observation; exact hierarchy match; requires adjudication before promotion.
pos_indonesia_postcode_search,2026-08-11,32,JAWA BARAT,32.08,KAB. KUNINGAN,32.08.06,LURAGUNG,32.08.06.2016,CIKADUWETAN,45581,45582,45582,exact_match,false,true,CIKADUWETAN,1,1,https://kodepos.posindonesia.co.id/CariKodepos,Rate-limited internal observation; exact hierarchy match; requires adjudication before promotion.
pos_indonesia_postcode_search,2026-08-11,32,JAWA BARAT,32.08,KAB. KUNINGAN,32.08.07,LEBAKWANGI,32.08.07.2013,CIPEUTIR,40379,45574,,no_exact_match,false,false,CIPEUTIR,0,0,https://kodepos.posindonesia.co.id/CariKodepos,Rate-limited internal observation; exact hierarchy match; requires adjudication before promotion.
pos_indonesia_postcode_search,2026-08-11,32,JAWA BARAT,32.08,KAB. KUNINGAN,32.08.08,GARAWANGI,32.08.08.2003,PAKEMBANGAN,45571,45572,45571,exact_match,true,false,PAKEMBANGAN,2,1,https://kodepos.posindonesia.co.id/CariKodepos,Rate-limited internal observation; exact hierarchy match; requires adjudication before promotion.
pos_indonesia_postcode_search,2026-08-11,32,JAWA BARAT,32.08,KAB. KUNINGAN,32.08.09,KUNINGAN,32.08.09.1008,CIRENDANG,45521,45518,45518,exact_match,false,true,CIRENDANG,2,1,https://kodepos.posindonesia.co.id/CariKodepos,Rate-limited internal observation; exact hierarchy match; requires adjudication before promotion.
pos_indonesia_postcode_search,2026-08-11,32,JAWA BARAT,32.08,KAB. KUNINGAN,32.08.09,KUNINGAN,32.08.09.2016,PADAREK,45553,45553,45553,exact_match,true,true,PADAREK,2,1,https://kodepos.posindonesia.co.id/CariKodepos,Rate-limited internal observation; exact hierarchy match; requires adjudication before promotion.
pos_indonesia_postcode_search,2026-08-11,32,JAWA BARAT,32.08,KAB. KUNINGAN,32.08.10,CIAWIGEBANG,32.08.10.2016,CIHIRUP,45591,45593,45591,exact_match,true,false,CIHIRUP,1,1,https://kodepos.posindonesia.co.id/CariKodepos,Rate-limited internal observation; exact hierarchy match; requires adjudication before promotion.
pos_indonesia_postcode_search,2026-08-11,32,JAWA BARAT,32.08,KAB. KUNINGAN,32.08.12,JALAKSANA,32.08.12.2015,NANGGERANG,45554,45553,45554,exact_match,true,false,NANGGERANG,10,1,https://kodepos.posindonesia.co.id/CariKodepos,Rate-limited internal observation; exact hierarchy match; requires adjudication before promotion.
pos_indonesia_postcode_search,2026-08-11,32,JAWA BARAT,32.08,KAB. KUNINGAN,32.08.14,MANDIRANCAN,32.08.14.2008,KERTAWINANGUN,45595,45558,45558,exact_match,false,true,KERTAWINANGUN,5,1,https://kodepos.posindonesia.co.id/CariKodepos,Rate-limited internal observation; exact hierarchy match; requires adjudication before promotion.
pos_indonesia_postcode_search,2026-08-11,32,JAWA BARAT,32.08,KAB. KUNINGAN,32.08.15,SELAJAMBE,32.08.15.2001,SELAJAMBE,43284,45566,45566,exact_match,false,true,SELAJAMBE,9,1,https://kodepos.posindonesia.co.id/CariKodepos,Rate-limited internal observation; exact hierarchy match; requires adjudication before promotion.
pos_indonesia_postcode_search,2026-08-11,32,JAWA BARAT,32.08,KAB. KUNINGAN,32.08.15,SELAJAMBE,32.08.15.2002,CANTILAN,43284,45566,45566,exact_match,false,true,CANTILAN,1,1,https://kodepos.posindonesia.co.id/CariKodepos,Rate-limited internal observation; exact hierarchy match; requires adjudication before promotion.
pos_indonesia_postcode_search,2026-08-11,32,JAWA BARAT,32.08,KAB. KUNINGAN,32.08.15,SELAJAMBE,32.08.15.2003,CIBERUNG,43284,45566,45566,exact_match,false,true,CIBERUNG,2,1,https://kodepos.posindonesia.co.id/CariKodepos,Rate-limited internal observation; exact hierarchy match; requires adjudication before promotion.
pos_indonesia_postcode_search,2026-08-11,32,JAWA BARAT,32.08,KAB. KUNINGAN,32.08.15,SELAJAMBE,32.08.15.2004,KUTAWARINGIN,46471,45566,45566,exact_match,false,true,KUTAWARINGIN,15,1,https://kodepos.posindonesia.co.id/CariKodepos,Rate-limited internal observation; exact hierarchy match; requires adjudication before promotion.
pos_indonesia_postcode_search,2026-08-11,32,JAWA BARAT,32.08,KAB. KUNINGAN,32.08.15,SELAJAMBE,32.08.15.2005,JAMBERAMA,43284,45566,45566,exact_match,false,true,JAMBERAMA,1,1,https://kodepos.posindonesia.co.id/CariKodepos,Rate-limited internal observation; exact hierarchy match; requires adjudication before promotion.
pos_indonesia_postcode_search,2026-08-11,32,JAWA BARAT,32.08,KAB. KUNINGAN,32.08.15,SELAJAMBE,32.08.15.2006,BAGAWAT,43284,45566,45566,exact_match,false,true,BAGAWAT,1,1,https://kodepos.posindonesia.co.id/CariKodepos,Rate-limited internal observation; exact hierarchy match; requires adjudication before promotion.
pos_indonesia_postcode_search,2026-08-11,32,JAWA BARAT,32.08,KAB. KUNINGAN,32.08.15,SELAJAMBE,32.08.15.2007,PADAHURIP,44172,45566,45566,exact_match,false,true,PADAHURIP,2,1,https://kodepos.posindonesia.co.id/CariKodepos,Rate-limited internal observation; exact hierarchy match; requires adjudication before promotion.
pos_indonesia_postcode_search,2026-08-11,32,JAWA BARAT,32.08,KAB. KUNINGAN,32.08.18,CIGUGUR,32.08.18.1001,CIGUGUR,45552,45552,45552,exact_match,true,true,CIGUGUR,21,1,https://kodepos.posindonesia.co.id/CariKodepos,Rate-limited internal observation; exact hierarchy match; requires adjudication before promotion.
pos_indonesia_postcode_search,2026-08-11,32,JAWA BARAT,32.08,KAB. KUNINGAN,32.08.21,CIPICUNG,32.08.21.2010,MEKARSARI,45592,45576,45592,exact_match,true,false,MEKARSARI,80,1,https://kodepos.posindonesia.co.id/CariKodepos,Rate-limited internal observation; exact hierarchy match; requires adjudication before promotion.
pos_indonesia_postcode_search,2026-08-11,32,JAWA BARAT,32.08,KAB. KUNINGAN,32.08.26,HANTARA,32.08.26.2001,CITAPEN,45555,45564,45564,exact_match,false,true,CITAPEN,4,1,https://kodepos.posindonesia.co.id/CariKodepos,Rate-limited internal observation; exact hierarchy match; requires adjudication before promotion.
pos_indonesia_postcode_search,2026-08-11,32,JAWA BARAT,32.08,KAB. KUNINGAN,32.08.26,HANTARA,32.08.26.2002,PASIRAGUNG,45512,45564,45564,exact_match,false,true,PASIRAGUNG,1,1,https://kodepos.posindonesia.co.id/CariKodepos,Rate-limited internal observation; exact hierarchy match; requires adjudication before promotion.
pos_indonesia_postcode_search,2026-08-11,32,JAWA BARAT,32.08,KAB. KUNINGAN,32.08.26,HANTARA,32.08.26.2003,TUNDAGAN,45512,45564,45564,exact_match,false,true,TUNDAGAN,2,1,https://kodepos.posindonesia.co.id/CariKodepos,Rate-limited internal observation; exact hierarchy match; requires adjudication before promotion.
pos_indonesia_postcode_search,2026-08-11,32,JAWA BARAT,32.08,KAB. KUNINGAN,32.08.26,HANTARA,32.08.26.2004,BUNIGEULIS,45512,45564,45564,exact_match,false,true,BUNIGEULIS,3,1,https://kodepos.posindonesia.co.id/CariKodepos,Rate-limited internal observation; exact hierarchy match; requires adjudication before promotion.
pos_indonesia_postcode_search,2026-08-11,32,JAWA BARAT,32.08,KAB. KUNINGAN,32.08.26,HANTARA,32.08.26.2005,HANTARA,45512,45564,45564,exact_match,false,true,HANTARA,8,1,https://kodepos.posindonesia.co.id/CariKodepos,Rate-limited internal observation; exact hierarchy match; requires adjudication before promotion.
pos_indonesia_postcode_search,2026-08-11,32,JAWA BARAT,32.08,KAB. KUNINGAN,32.08.26,HANTARA,32.08.26.2006,PAKAPASAN GIRANG,45512,45564,45564,exact_match,false,true,PAKAPASAN GIRANG,1,1,https://kodepos.posindonesia.co.id/CariKodepos,Rate-limited internal observation; exact hierarchy match; requires adjudication before promotion.
pos_indonesia_postcode_search,2026-08-11,32,JAWA BARAT,32.08,KAB. KUNINGAN,32.08.26,HANTARA,32.08.26.2007,CIKONDANG,40393,45564,45564,exact_match,false,true,CIKONDANG,8,1,https://kodepos.posindonesia.co.id/CariKodepos,Rate-limited internal observation; exact hierarchy match; requires adjudication before promotion.
pos_indonesia_postcode_search,2026-08-11,32,JAWA BARAT,32.08,KAB. KUNINGAN,32.08.26,HANTARA,32.08.26.2008,PAKAPASAN HILIR,45512,45564,45564,exact_match,false,true,PAKAPASAN HILIR,1,1,https://kodepos.posindonesia.co.id/CariKodepos,Rate-limited internal observation; exact hierarchy match; requires adjudication before promotion.
pos_indonesia_postcode_search,2026-08-11,32,JAWA BARAT,32.08,KAB. KUNINGAN,32.08.28,CIBEUREUM,32.08.28.2006,SUKADANA,45587,45588,45588,exact_match,false,true,SUKADANA,62,1,https://kodepos.posindonesia.co.id/CariKodepos,Rate-limited internal observation; exact hierarchy match; requires adjudication before promotion.
pos_indonesia_postcode_search,2026-08-11,32,JAWA BARAT,32.08,KAB. KUNINGAN,32.08.28,CIBEUREUM,32.08.28.2008,SUKARAPIH,45587,45588,45588,exact_match,false,true,SUKARAPIH,4,1,https://kodepos.posindonesia.co.id/CariKodepos,Rate-limited internal observation; exact hierarchy match; requires adjudication before promotion.
pos_indonesia_postcode_search,2026-08-11,32,JAWA BARAT,32.08,KAB. KUNINGAN,32.08.30,MALEBER,32.08.30.2006,KUTARAJA,45575,45574,45575,exact_match,true,false,KUTARAJA,3,1,https://kodepos.posindonesia.co.id/CariKodepos,Rate-limited internal observation; exact hierarchy match; requires adjudication before promotion.
pos_indonesia_postcode_search,2026-08-11,32,JAWA BARAT,32.08,KAB. KUNINGAN,32.08.30,MALEBER,32.08.30.2007,CIPORANG,45575,45574,45575,exact_match,true,false,CIPORANG,2,1,https://kodepos.posindonesia.co.id/CariKodepos,Rate-limited internal observation; exact hierarchy match; requires adjudication before promotion.
pos_indonesia_postcode_search,2026-08-11,32,JAWA BARAT,32.08,KAB. KUNINGAN,32.08.30,MALEBER,32.08.30.2014,MANDALAJAYA,45575,45574,45575,exact_match,true,false,MANDALAJAYA,2,1,https://kodepos.posindonesia.co.id/CariKodepos,Rate-limited internal observation; exact hierarchy match; requires adjudication before promotion.
pos_indonesia_postcode_search,2026-08-11,32,JAWA BARAT,32.08,KAB. KUNINGAN,32.08.32,CIGANDAMEKAR,32.08.32.2001,BUNIGEULIS,45596,45556,45556,exact_match,false,true,BUNIGEULIS,3,1,https://kodepos.posindonesia.co.id/CariKodepos,Rate-limited internal observation; exact hierarchy match; requires adjudication before promotion.
pos_indonesia_postcode_search,2026-08-11,32,JAWA BARAT,32.08,KAB. KUNINGAN,32.08.32,CIGANDAMEKAR,32.08.32.2002,JAMBUGEULIS,45596,45556,45556,exact_match,false,true,JAMBUGEULIS,1,1,https://kodepos.posindonesia.co.id/CariKodepos,Rate-limited internal observation; exact hierarchy match; requires adjudication before promotion.
pos_indonesia_postcode_search,2026-08-11,32,JAWA BARAT,32.08,KAB. KUNINGAN,32.08.32,CIGANDAMEKAR,32.08.32.2003,KOREAK,45596,45556,45556,exact_match,false,true,KOREAK,1,1,https://kodepos.posindonesia.co.id/CariKodepos,Rate-limited internal observation; exact hierarchy match; requires adjudication before promotion.
pos_indonesia_postcode_search,2026-08-11,32,JAWA BARAT,32.08,KAB. KUNINGAN,32.08.32,CIGANDAMEKAR,32.08.32.2004,KARANGMUNCANG,45596,45556,45556,exact_match,false,true,KARANGMUNCANG,1,1,https://kodepos.posindonesia.co.id/CariKodepos,Rate-limited internal observation; exact hierarchy match; requires adjudication before promotion.
pos_indonesia_postcode_search,2026-08-11,32,JAWA BARAT,32.08,KAB. KUNINGAN,32.08.32,CIGANDAMEKAR,32.08.32.2005,SANGKANHURIP,45596,45556,45556,exact_match,false,true,SANGKANHURIP,3,1,https://kodepos.posindonesia.co.id/CariKodepos,Rate-limited internal observation; exact hierarchy match; requires adjudication before promotion.
pos_indonesia_postcode_search,2026-08-11,32,JAWA BARAT,32.08,KAB. KUNINGAN,32.08.32,CIGANDAMEKAR,32.08.32.2006,PANAWUAN,45596,45556,45556,exact_match,false,true,PANAWUAN,1,1,https://kodepos.posindonesia.co.id/CariKodepos,Rate-limited internal observation; exact hierarchy match; requires adjudication before promotion.
pos_indonesia_postcode_search,2026-08-11,32,JAWA BARAT,32.08,KAB. KUNINGAN,32.08.32,CIGANDAMEKAR,32.08.32.2007,TIMBANG,45596,45556,45556,exact_match,false,true,TIMBANG,22,1,https://kodepos.posindonesia.co.id/CariKodepos,Rate-limited internal observation; exact hierarchy match; requires adjudication before promotion.
pos_indonesia_postcode_search,2026-08-11,32,JAWA BARAT,32.08,KAB. KUNINGAN,32.08.32,CIGANDAMEKAR,32.08.32.2008,BABAKANJATI,45596,45556,45556,exact_match,false,true,BABAKANJATI,1,1,https://kodepos.posindonesia.co.id/CariKodepos,Rate-limited internal observation; exact hierarchy match; requires adjudication before promotion.
pos_indonesia_postcode_search,2026-08-11,32,JAWA BARAT,32.08,KAB. KUNINGAN,32.08.32,CIGANDAMEKAR,32.08.32.2009,INDAPATRA,45596,45556,45556,exact_match,false,true,INDAPATRA,1,1,https://kodepos.posindonesia.co.id/CariKodepos,Rate-limited internal observation; exact hierarchy match; requires adjudication before promotion.
pos_indonesia_postcode_search,2026-08-11,32,JAWA BARAT,32.08,KAB. KUNINGAN,32.08.32,CIGANDAMEKAR,32.08.32.2010,CIBUNTU,45596,45556,45556,exact_match,false,true,CIBUNTU,7,1,https://kodepos.posindonesia.co.id/CariKodepos,Rate-limited internal observation; exact hierarchy match; requires adjudication before promotion.
pos_indonesia_postcode_search,2026-08-11,32,JAWA BARAT,32.08,KAB. KUNINGAN,32.08.32,CIGANDAMEKAR,32.08.32.2011,SANGKANMULYA,45596,45556,45556,exact_match,false,true,SANGKANMULYA,1,1,https://kodepos.posindonesia.co.id/CariKodepos,Rate-limited internal observation; exact hierarchy match; requires adjudication before promotion.
pos_indonesia_postcode_search,2026-08-11,32,JAWA BARAT,32.09,KAB. CIREBON,32.09.02,CILEDUG,32.09.02.2008,LEUWEUNGGAJAH,45688,45188,45688,exact_match,true,false,LEUWEUNGGAJAH,1,1,https://kodepos.posindonesia.co.id/CariKodepos,Rate-limited internal observation; exact hierarchy match; requires adjudication before promotion.
pos_indonesia_postcode_search,2026-08-11,32,JAWA BARAT,32.09,KAB. CIREBON,32.09.02,CILEDUG,32.09.02.2009,TENJOMAYA,45688,45188,45688,exact_match,true,false,TENJOMAYA,1,1,https://kodepos.posindonesia.co.id/CariKodepos,Rate-limited internal observation; exact hierarchy match; requires adjudication before promotion.
pos_indonesia_postcode_search,2026-08-11,32,JAWA BARAT,32.09,KAB. CIREBON,32.09.02,CILEDUG,32.09.02.2010,DAMARGUNA,45688,45188,45688,exact_match,true,false,DAMARGUNA,1,1,https://kodepos.posindonesia.co.id/CariKodepos,Rate-limited internal observation; exact hierarchy match; requires adjudication before promotion.
pos_indonesia_postcode_search,2026-08-11,32,JAWA BARAT,32.09,KAB. CIREBON,32.09.02,CILEDUG,32.09.02.2011,JATISEENG,45688,45188,45688,exact_match,true,false,JATISEENG,2,1,https://kodepos.posindonesia.co.id/CariKodepos,Rate-limited internal observation; exact hierarchy match; requires adjudication before promotion.
pos_indonesia_postcode_search,2026-08-11,32,JAWA BARAT,32.09,KAB. CIREBON,32.09.02,CILEDUG,32.09.02.2012,JATISEENG KIDUL,45688,45188,45688,exact_match,true,false,JATISEENG KIDUL,1,1,https://kodepos.posindonesia.co.id/CariKodepos,Rate-limited internal observation; exact hierarchy match; requires adjudication before promotion.
pos_indonesia_postcode_search,2026-08-11,32,JAWA BARAT,32.09,KAB. CIREBON,32.09.02,CILEDUG,32.09.02.2013,CILEDUG KULON,45688,45188,45688,exact_match,true,false,CILEDUG KULON,1,1,https://kodepos.posindonesia.co.id/CariKodepos,Rate-limited internal observation; exact hierarchy match; requires adjudication before promotion.
pos_indonesia_postcode_search,2026-08-11,32,JAWA BARAT,32.09,KAB. CIREBON,32.09.02,CILEDUG,32.09.02.2014,CILEDUG WETAN,45688,45188,45688,exact_match,true,false,CILEDUG WETAN,1,1,https://kodepos.posindonesia.co.id/CariKodepos,Rate-limited internal observation; exact hierarchy match; requires adjudication before promotion.
pos_indonesia_postcode_search,2026-08-11,32,JAWA BARAT,32.09,KAB. CIREBON,32.09.02,CILEDUG,32.09.02.2015,CILEDUG LOR,45688,45188,45688,exact_match,true,false,CILEDUG LOR,1,1,https://kodepos.posindonesia.co.id/CariKodepos,Rate-limited internal observation; exact hierarchy match; requires adjudication before promotion.
pos_indonesia_postcode_search,2026-08-11,32,JAWA BARAT,32.09,KAB. CIREBON,32.09.02,CILEDUG,32.09.02.2016,CILEDUG TENGAH,45688,45188,45688,exact_match,true,false,CILEDUG TENGAH,1,1,https://kodepos.posindonesia.co.id/CariKodepos,Rate-limited internal observation; exact hierarchy match; requires adjudication before promotion.
pos_indonesia_postcode_search,2026-08-11,32,JAWA BARAT,32.09,KAB. CIREBON,32.09.02,CILEDUG,32.09.02.2017,BOJONGNEGARA,45688,45188,45688,exact_match,true,false,BOJONGNEGARA,1,1,https://kodepos.posindonesia.co.id/CariKodepos,Rate-limited internal observation; exact hierarchy match; requires adjudication before promotion.
pos_indonesia_postcode_search,2026-08-11,32,JAWA BARAT,32.09,KAB. CIREBON,32.09.03,LOSARI,32.09.03.2001,ASTANALANGGAR,45692,45192,45692,exact_match,true,false,ASTANALANGGAR,1,1,https://kodepos.posindonesia.co.id/CariKodepos,Rate-limited internal observation; exact hierarchy match; requires adjudication before promotion.
pos_indonesia_postcode_search,2026-08-11,32,JAWA BARAT,32.09,KAB. CIREBON,32.09.03,LOSARI,32.09.03.2002,BARISAN,45692,45192,45692,exact_match,true,false,BARISAN,9,1,https://kodepos.posindonesia.co.id/CariKodepos,Rate-limited internal observation; exact hierarchy match; requires adjudication before promotion.
pos_indonesia_postcode_search,2026-08-11,32,JAWA BARAT,32.09,KAB. CIREBON,32.09.03,LOSARI,32.09.03.2003,LOSARI KIDUL,45692,45192,45692,exact_match,true,false,LOSARI KIDUL,2,1,https://kodepos.posindonesia.co.id/CariKodepos,Rate-limited internal observation; exact hierarchy match; requires adjudication before promotion.
pos_indonesia_postcode_search,2026-08-11,32,JAWA BARAT,32.09,KAB. CIREBON,32.09.03,LOSARI,32.09.03.2004,PANGGANGSARI,45692,45192,45692,exact_match,true,false,PANGGANGSARI,1,1,https://kodepos.posindonesia.co.id/CariKodepos,Rate-limited internal observation; exact hierarchy match; requires adjudication before promotion.
pos_indonesia_postcode_search,2026-08-11,32,JAWA BARAT,32.09,KAB. CIREBON,32.09.03,LOSARI,32.09.03.2005,LOSARI LOR,45692,45192,45692,exact_match,true,false,LOSARI LOR,3,1,https://kodepos.posindonesia.co.id/CariKodepos,Rate-limited internal observation; exact hierarchy match; requires adjudication before promotion.
pos_indonesia_postcode_search,2026-08-11,32,JAWA BARAT,32.09,KAB. CIREBON,32.09.03,LOSARI,32.09.03.2006,MULYASARI,45692,45192,45692,exact_match,true,false,MULYASARI,18,1,https://kodepos.posindonesia.co.id/CariKodepos,Rate-limited internal observation; exact hierarchy match; requires adjudication before promotion.
pos_indonesia_postcode_search,2026-08-11,32,JAWA BARAT,32.09,KAB. CIREBON,32.09.03,LOSARI,32.09.03.2007,KALIRAHAYU,45692,45192,45692,exact_match,true,false,KALIRAHAYU,1,1,https://kodepos.posindonesia.co.id/CariKodepos,Rate-limited internal observation; exact hierarchy match; requires adjudication before promotion.
pos_indonesia_postcode_search,2026-08-11,32,JAWA BARAT,32.09,KAB. CIREBON,32.09.03,LOSARI,32.09.03.2008,KALISARI,45692,45192,45692,exact_match,true,false,KALISARI,17,1,https://kodepos.posindonesia.co.id/CariKodepos,Rate-limited internal observation; exact hierarchy match; requires adjudication before promotion.
pos_indonesia_postcode_search,2026-08-11,32,JAWA BARAT,32.09,KAB. CIREBON,32.09.03,LOSARI,32.09.03.2009,AMBULU,45692,45192,45692,exact_match,true,false,AMBULU,25,1,https://kodepos.posindonesia.co.id/CariKodepos,Rate-limited internal observation; exact hierarchy match; requires adjudication before promotion.
pos_indonesia_postcode_search,2026-08-11,32,JAWA BARAT,32.09,KAB. CIREBON,32.09.03,LOSARI,32.09.03.2010,TAWANGSARI,45692,45192,45692,exact_match,true,false,TAWANGSARI,28,1,https://kodepos.posindonesia.co.id/CariKodepos,Rate-limited internal observation; exact hierarchy match; requires adjudication before promotion.
pos_indonesia_postcode_search,2026-08-11,32,JAWA BARAT,32.09,KAB. CIREBON,32.09.04,PABEDILAN,32.09.04.2001,PABEDILAN KIDUL,45693,45193,45693,exact_match,true,false,PABEDILAN KIDUL,1,1,https://kodepos.posindonesia.co.id/CariKodepos,Rate-limited internal observation; exact hierarchy match; requires adjudication before promotion.
pos_indonesia_postcode_search,2026-08-11,32,JAWA BARAT,32.09,KAB. CIREBON,32.09.04,PABEDILAN,32.09.04.2002,PABEDILAN WETAN,45693,45193,45693,exact_match,true,false,PABEDILAN WETAN,1,1,https://kodepos.posindonesia.co.id/CariKodepos,Rate-limited internal observation; exact hierarchy match; requires adjudication before promotion.
pos_indonesia_postcode_search,2026-08-11,32,JAWA BARAT,32.09,KAB. CIREBON,32.09.04,PABEDILAN,32.09.04.2003,PABEDILAN KULON,45693,45193,45693,exact_match,true,false,PABEDILAN KULON,1,1,https://kodepos.posindonesia.co.id/CariKodepos,Rate-limited internal observation; exact hierarchy match; requires adjudication before promotion.
pos_indonesia_postcode_search,2026-08-11,32,JAWA BARAT,32.09,KAB. CIREBON,32.09.04,PABEDILAN,32.09.04.2004,PABEDILAN KALER,45693,45193,45693,exact_match,true,false,PABEDILAN KALER,1,1,https://kodepos.posindonesia.co.id/CariKodepos,Rate-limited internal observation; exact hierarchy match; requires adjudication before promotion.
pos_indonesia_postcode_search,2026-08-11,32,JAWA BARAT,32.09,KAB. CIREBON,32.09.04,PABEDILAN,32.09.04.2005,SILIH ASIH,45693,45193,45693,exact_match,true,false,SILIH ASIH,1,1,https://kodepos.posindonesia.co.id/CariKodepos,Rate-limited internal observation; exact hierarchy match; requires adjudication before promotion.
pos_indonesia_postcode_search,2026-08-11,32,JAWA BARAT,32.09,KAB. CIREBON,32.09.04,PABEDILAN,32.09.04.2006,TERSANA,45693,45193,45693,exact_match,true,false,TERSANA,2,1,https://kodepos.posindonesia.co.id/CariKodepos,Rate-limited internal observation; exact hierarchy match; requires adjudication before promotion.
pos_indonesia_postcode_search,2026-08-11,32,JAWA BARAT,32.09,KAB. CIREBON,32.09.04,PABEDILAN,32.09.04.2007,PASURUAN,45693,45193,45693,exact_match,true,false,PASURUAN,402,1,https://kodepos.posindonesia.co.id/CariKodepos,Rate-limited internal observation; exact hierarchy match; requires adjudication before promotion.
pos_indonesia_postcode_search,2026-08-11,32,JAWA BARAT,32.09,KAB. CIREBON,32.09.04,PABEDILAN,32.09.04.2008,DUKUHWIDARA,45693,45193,45693,exact_match,true,false,DUKUHWIDARA,1,1,https://kodepos.posindonesia.co.id/CariKodepos,Rate-limited internal observation; exact hierarchy match; requires adjudication before promotion.
pos_indonesia_postcode_search,2026-08-11,32,JAWA BARAT,32.09,KAB. CIREBON,32.09.04,PABEDILAN,32.09.04.2009,KALIBUNTU,45693,45193,45693,exact_match,true,false,KALIBUNTU,3,1,https://kodepos.posindonesia.co.id/CariKodepos,Rate-limited internal observation; exact hierarchy match; requires adjudication before promotion.
pos_indonesia_postcode_search,2026-08-11,32,JAWA BARAT,32.09,KAB. CIREBON,32.09.04,PABEDILAN,32.09.04.2010,KALIMUKTI,45693,45193,45693,exact_match,true,false,KALIMUKTI,1,1,https://kodepos.posindonesia.co.id/CariKodepos,Rate-limited internal observation; exact hierarchy match; requires adjudication before promotion.
pos_indonesia_postcode_search,2026-08-11,32,JAWA BARAT,32.09,KAB. CIREBON,32.09.04,PABEDILAN,32.09.04.2011,SIDARESMI,45693,45193,45693,exact_match,true,false,SIDARESMI,1,1,https://kodepos.posindonesia.co.id/CariKodepos,Rate-limited internal observation; exact hierarchy match; requires adjudication before promotion.
pos_indonesia_postcode_search,2026-08-11,32,JAWA BARAT,32.09,KAB. CIREBON,32.09.04,PABEDILAN,32.09.04.2012,BABAKAN LOSARI,45693,45193,45693,exact_match,true,false,BABAKAN LOSARI,2,1,https://kodepos.posindonesia.co.id/CariKodepos,Rate-limited internal observation; exact hierarchy match; requires adjudication before promotion.
pos_indonesia_postcode_search,2026-08-11,32,JAWA BARAT,32.09,KAB. CIREBON,32.09.04,PABEDILAN,32.09.04.2013,BABAKAN LOSARI LOR,45693,45193,45693,exact_match,true,false,BABAKAN LOSARI LOR,1,1,https://kodepos.posindonesia.co.id/CariKodepos,Rate-limited internal observation; exact hierarchy match; requires adjudication before promotion.
pos_indonesia_postcode_search,2026-08-11,32,JAWA BARAT,32.09,KAB. CIREBON,32.09.05,BABAKAN,32.09.05.2001,CANGKUANG,45691,45191,45691,exact_match,true,false,CANGKUANG,12,1,https://kodepos.posindonesia.co.id/CariKodepos,Rate-limited internal observation; exact hierarchy match; requires adjudication before promotion.
pos_indonesia_postcode_search,2026-08-11,32,JAWA BARAT,32.09,KAB. CIREBON,32.09.05,BABAKAN,32.09.05.2002,SERANG WETAN,45691,45191,45691,exact_match,true,false,SERANG WETAN,1,1,https://kodepos.posindonesia.co.id/CariKodepos,Rate-limited internal observation; exact hierarchy match; requires adjudication before promotion.
pos_indonesia_postcode_search,2026-08-11,32,JAWA BARAT,32.09,KAB. CIREBON,32.09.05,BABAKAN,32.09.05.2003,SERANG KULON,45691,45191,45691,exact_match,true,false,SERANG KULON,1,1,https://kodepos.posindonesia.co.id/CariKodepos,Rate-limited internal observation; exact hierarchy match; requires adjudication before promotion.
pos_indonesia_postcode_search,2026-08-11,32,JAWA BARAT,32.09,KAB. CIREBON,32.09.05,BABAKAN,32.09.05.2005,GEMBONGAN,45691,45191,45691,exact_match,true,false,GEMBONGAN,7,1,https://kodepos.posindonesia.co.id/CariKodepos,Rate-limited internal observation; exact hierarchy match; requires adjudication before promotion.
pos_indonesia_postcode_search,2026-08-11,32,JAWA BARAT,32.09,KAB. CIREBON,32.09.05,BABAKAN,32.09.05.2007,BABAKAN,45691,45191,45691,exact_match,true,false,BABAKAN,104,1,https://kodepos.posindonesia.co.id/CariKodepos,Rate-limited internal observation; exact hierarchy match; requires adjudication before promotion.
pos_indonesia_postcode_search,2026-08-11,32,JAWA BARAT,32.09,KAB. CIREBON,32.09.05,BABAKAN,32.09.05.2008,BOJONGGEBANG,45691,45191,45691,exact_match,true,false,BOJONGGEBANG,1,1,https://kodepos.posindonesia.co.id/CariKodepos,Rate-limited internal observation; exact hierarchy match; requires adjudication before promotion.
pos_indonesia_postcode_search,2026-08-11,32,JAWA BARAT,32.09,KAB. CIREBON,32.09.05,BABAKAN,32.09.05.2009,SUMBER KIDUL,45691,45191,45691,exact_match,true,false,SUMBER KIDUL,1,1,https://kodepos.posindonesia.co.id/CariKodepos,Rate-limited internal observation; exact hierarchy match; requires adjudication before promotion.
pos_indonesia_postcode_search,2026-08-11,32,JAWA BARAT,32.09,KAB. CIREBON,32.09.05,BABAKAN,32.09.05.2010,SUMBER LOR,45691,45191,45691,exact_match,true,false,SUMBER LOR,1,1,https://kodepos.posindonesia.co.id/CariKodepos,Rate-limited internal observation; exact hierarchy match; requires adjudication before promotion.
pos_indonesia_postcode_search,2026-08-11,32,JAWA BARAT,32.09,KAB. CIREBON,32.09.05,BABAKAN,32.09.05.2011,KUDUMULYA,45691,45191,45691,exact_match,true,false,KUDUMULYA,1,1,https://kodepos.posindonesia.co.id/CariKodepos,Rate-limited internal observation; exact hierarchy match; requires adjudication before promotion.
pos_indonesia_postcode_search,2026-08-11,32,JAWA BARAT,32.09,KAB. CIREBON,32.09.05,BABAKAN,32.09.05.2012,KUDUKERAS,45691,45191,45691,exact_match,true,false,KUDUKERAS,2,1,https://kodepos.posindonesia.co.id/CariKodepos,Rate-limited internal observation; exact hierarchy match; requires adjudication before promotion.
pos_indonesia_postcode_search,2026-08-11,32,JAWA BARAT,32.09,KAB. CIREBON,32.09.05,BABAKAN,32.09.05.2013,PAKUSAMBEN,45691,45191,45691,exact_match,true,false,PAKUSAMBEN,1,1,https://kodepos.posindonesia.co.id/CariKodepos,Rate-limited internal observation; exact hierarchy match; requires adjudication before promotion.
pos_indonesia_postcode_search,2026-08-11,32,JAWA BARAT,32.09,KAB. CIREBON,32.09.05,BABAKAN,32.09.05.2014,KARANGWANGUN,45691,45191,45691,exact_match,true,false,KARANGWANGUN,1,1,https://kodepos.posindonesia.co.id/CariKodepos,Rate-limited internal observation; exact hierarchy match; requires adjudication before promotion.
pos_indonesia_postcode_search,2026-08-11,32,JAWA BARAT,32.09,KAB. CIREBON,32.09.06,KARANGSEMBUNG,32.09.06.2006,TAMBELANG,45686,45186,45686,exact_match,true,false,TAMBELANG,21,1,https://kodepos.posindonesia.co.id/CariKodepos,Rate-limited internal observation; exact hierarchy match; requires adjudication before promotion.
pos_indonesia_postcode_search,2026-08-11,32,JAWA BARAT,32.09,KAB. CIREBON,32.09.06,KARANGSEMBUNG,32.09.06.2011,KARANGSUWUNG,45686,45186,45686,exact_match,true,false,KARANGSUWUNG,2,1,https://kodepos.posindonesia.co.id/CariKodepos,Rate-limited internal observation; exact hierarchy match; requires adjudication before promotion.
pos_indonesia_postcode_search,2026-08-11,32,JAWA BARAT,32.09,KAB. CIREBON,32.09.06,KARANGSEMBUNG,32.09.06.2012,KARANGTENGAH,45686,45186,45686,exact_match,true,false,KARANGTENGAH,70,1,https://kodepos.posindonesia.co.id/CariKodepos,Rate-limited internal observation; exact hierarchy match; requires adjudication before promotion.
pos_indonesia_postcode_search,2026-08-11,32,JAWA BARAT,32.09,KAB. CIREBON,32.09.06,KARANGSEMBUNG,32.09.06.2013,KALIMEANG,45686,45186,45686,exact_match,true,false,KALIMEANG,1,1,https://kodepos.posindonesia.co.id/CariKodepos,Rate-limited internal observation; exact hierarchy match; requires adjudication before promotion.
pos_indonesia_postcode_search,2026-08-11,32,JAWA BARAT,32.09,KAB. CIREBON,32.09.06,KARANGSEMBUNG,32.09.06.2014,KARANGMALANG,45686,45186,45686,exact_match,true,false,KARANGMALANG,20,1,https://kodepos.posindonesia.co.id/CariKodepos,Rate-limited internal observation; exact hierarchy match; requires adjudication before promotion.
pos_indonesia_postcode_search,2026-08-11,32,JAWA BARAT,32.09,KAB. CIREBON,32.09.06,KARANGSEMBUNG,32.09.06.2015,KARANGMEKAR,45686,45186,45686,exact_match,true,false,KARANGMEKAR,5,1,https://kodepos.posindonesia.co.id/CariKodepos,Rate-limited internal observation; exact hierarchy match; requires adjudication before promotion.
pos_indonesia_postcode_search,2026-08-11,32,JAWA BARAT,32.09,KAB. CIREBON,32.09.06,KARANGSEMBUNG,32.09.06.2016,KUBANGKARANG,45686,45186,45686,exact_match,true,false,KUBANGKARANG,1,1,https://kodepos.posindonesia.co.id/CariKodepos,Rate-limited internal observation; exact hierarchy match; requires adjudication before promotion.
pos_indonesia_postcode_search,2026-08-11,32,JAWA BARAT,32.09,KAB. CIREBON,32.09.06,KARANGSEMBUNG,32.09.06.2017,KARANGSEMBUNG,45686,45186,45686,exact_match,true,false,KARANGSEMBUNG,11,1,https://kodepos.posindonesia.co.id/CariKodepos,Rate-limited internal observation; exact hierarchy match; requires adjudication before promotion.
pos_indonesia_postcode_search,2026-08-11,32,JAWA BARAT,32.09,KAB. CIREBON,32.09.07,LEMAHABANG,32.09.07.2001,LEUWIDINGDING,45683,45183,45683,exact_match,true,false,LEUWIDINGDING,1,1,https://kodepos.posindonesia.co.id/CariKodepos,Rate-limited internal observation; exact hierarchy match; requires adjudication before promotion.
pos_indonesia_postcode_search,2026-08-11,32,JAWA BARAT,32.09,KAB. CIREBON,32.09.07,LEMAHABANG,32.09.07.2002,ASEM,45683,45183,45683,exact_match,true,false,ASEM,308,1,https://kodepos.posindonesia.co.id/CariKodepos,Rate-limited internal observation; exact hierarchy match; requires adjudication before promotion.
pos_indonesia_postcode_search,2026-08-11,32,JAWA BARAT,32.09,KAB. CIREBON,32.09.07,LEMAHABANG,32.09.07.2003,CIPEUJEUH KULON,45683,45183,45683,exact_match,true,false,CIPEUJEUH KULON,1,1,https://kodepos.posindonesia.co.id/CariKodepos,Rate-limited internal observation; exact hierarchy match; requires adjudication before promotion.
pos_indonesia_postcode_search,2026-08-11,32,JAWA BARAT,32.09,KAB. CIREBON,32.09.07,LEMAHABANG,32.09.07.2004,CIPEUJEUH WETAN,45683,45183,45683,exact_match,true,false,CIPEUJEUH WETAN,1,1,https://kodepos.posindonesia.co.id/CariKodepos,Rate-limited internal observation; exact hierarchy match; requires adjudication before promotion.
pos_indonesia_postcode_search,2026-08-11,32,JAWA BARAT,32.09,KAB. CIREBON,32.09.07,LEMAHABANG,32.09.07.2005,SINDANGLAUT,45683,45183,45683,exact_match,true,false,SINDANGLAUT,2,1,https://kodepos.posindonesia.co.id/CariKodepos,Rate-limited internal observation; exact hierarchy match; requires adjudication before promotion.
pos_indonesia_postcode_search,2026-08-11,32,JAWA BARAT,32.09,KAB. CIREBON,32.09.07,LEMAHABANG,32.09.07.2007,LEMAHABANG,45683,45183,45683,exact_match,true,false,LEMAHABANG,27,1,https://kodepos.posindonesia.co.id/CariKodepos,Rate-limited internal observation; exact hierarchy match; requires adjudication before promotion.
pos_indonesia_postcode_search,2026-08-11,32,JAWA BARAT,32.09,KAB. CIREBON,32.09.07,LEMAHABANG,32.09.07.2008,SIGONG,45683,45183,45683,exact_match,true,false,SIGONG,1,1,https://kodepos.posindonesia.co.id/CariKodepos,Rate-limited internal observation; exact hierarchy match; requires adjudication before promotion.
pos_indonesia_postcode_search,2026-08-11,32,JAWA BARAT,32.09,KAB. CIREBON,32.09.07,LEMAHABANG,32.09.07.2009,SARAJAYA,45683,45183,45683,exact_match,true,false,SARAJAYA,1,1,https://kodepos.posindonesia.co.id/CariKodepos,Rate-limited internal observation; exact hierarchy match; requires adjudication before promotion.
pos_indonesia_postcode_search,2026-08-11,32,JAWA BARAT,32.09,KAB. CIREBON,32.09.07,LEMAHABANG,32.09.07.2010,PICUNGPUGUR,45683,45183,45683,exact_match,true,false,PICUNGPUGUR,1,1,https://kodepos.posindonesia.co.id/CariKodepos,Rate-limited internal observation; exact hierarchy match; requires adjudication before promotion.
pos_indonesia_postcode_search,2026-08-11,32,JAWA BARAT,32.09,KAB. CIREBON,32.09.07,LEMAHABANG,32.09.07.2011,TUK KARANGSUWUNG,45683,45183,45683,exact_match,true,false,TUK KARANGSUWUNG,1,1,https://kodepos.posindonesia.co.id/CariKodepos,Rate-limited internal observation; exact hierarchy match; requires adjudication before promotion.
pos_indonesia_postcode_search,2026-08-11,32,JAWA BARAT,32.09,KAB. CIREBON,32.09.07,LEMAHABANG,32.09.07.2012,BELAWA,45683,45183,45683,exact_match,true,false,BELAWA,37,1,https://kodepos.posindonesia.co.id/CariKodepos,Rate-limited internal observation; exact hierarchy match; requires adjudication before promotion.
pos_indonesia_postcode_search,2026-08-11,32,JAWA BARAT,32.09,KAB. CIREBON,32.09.07,LEMAHABANG,32.09.07.2013,WANGKELANG,45683,45183,45683,exact_match,true,false,WANGKELANG,4,1,https://kodepos.posindonesia.co.id/CariKodepos,Rate-limited internal observation; exact hierarchy match; requires adjudication before promotion.
pos_indonesia_postcode_search,2026-08-11,32,JAWA BARAT,32.09,KAB. CIREBON,32.09.09,SEDONG,32.09.09.2001,KARANGWUNI,45689,45189,45689,exact_match,true,false,KARANGWUNI,6,1,https://kodepos.posindonesia.co.id/CariKodepos,Rate-limited internal observation; exact hierarchy match; requires adjudication before promotion.
pos_indonesia_postcode_search,2026-08-11,32,JAWA BARAT,32.09,KAB. CIREBON,32.09.09,SEDONG,32.09.09.2002,SEDONG KIDUL,45689,45189,45689,exact_match,true,false,SEDONG KIDUL,1,1,https://kodepos.posindonesia.co.id/CariKodepos,Rate-limited internal observation; exact hierarchy match; requires adjudication before promotion.
pos_indonesia_postcode_search,2026-08-11,32,JAWA BARAT,32.09,KAB. CIREBON,32.09.09,SEDONG,32.09.09.2003,SEDONG LOR,45689,45189,45689,exact_match,true,false,SEDONG LOR,1,1,https://kodepos.posindonesia.co.id/CariKodepos,Rate-limited internal observation; exact hierarchy match; requires adjudication before promotion.
pos_indonesia_postcode_search,2026-08-11,32,JAWA BARAT,32.09,KAB. CIREBON,32.09.09,SEDONG,32.09.09.2004,WINDUJAYA,45689,45189,45689,exact_match,true,false,WINDUJAYA,2,1,https://kodepos.posindonesia.co.id/CariKodepos,Rate-limited internal observation; exact hierarchy match; requires adjudication before promotion.
pos_indonesia_postcode_search,2026-08-11,32,JAWA BARAT,32.09,KAB. CIREBON,32.09.09,SEDONG,32.09.09.2005,WINDUHAJI,45689,45189,45689,exact_match,true,false,WINDUHAJI,2,1,https://kodepos.posindonesia.co.id/CariKodepos,Rate-limited internal observation; exact hierarchy match; requires adjudication before promotion.
pos_indonesia_postcode_search,2026-08-11,32,JAWA BARAT,32.09,KAB. CIREBON,32.09.09,SEDONG,32.09.09.2006,KERTAWANGUN,45689,45189,45689,exact_match,true,false,KERTAWANGUN,2,1,https://kodepos.posindonesia.co.id/CariKodepos,Rate-limited internal observation; exact hierarchy match; requires adjudication before promotion.
pos_indonesia_postcode_search,2026-08-11,32,JAWA BARAT,32.09,KAB. CIREBON,32.09.09,SEDONG,32.09.09.2007,PENAMBANGAN,45689,45189,45689,exact_match,true,false,PENAMBANGAN,4,1,https://kodepos.posindonesia.co.id/CariKodepos,Rate-limited internal observation; exact hierarchy match; requires adjudication before promotion.
pos_indonesia_postcode_search,2026-08-11,32,JAWA BARAT,32.09,KAB. CIREBON,32.09.09,SEDONG,32.09.09.2008,PUTAT,45689,45189,45689,exact_match,true,false,PUTAT,42,1,https://kodepos.posindonesia.co.id/CariKodepos,Rate-limited internal observation; exact hierarchy match; requires adjudication before promotion.
pos_indonesia_postcode_search,2026-08-11,32,JAWA BARAT,32.09,KAB. CIREBON,32.09.09,SEDONG,32.09.09.2009,PANONGAN,45689,45189,45689,exact_match,true,false,PANONGAN,12,1,https://kodepos.posindonesia.co.id/CariKodepos,Rate-limited internal observation; exact hierarchy match; requires adjudication before promotion.
pos_indonesia_postcode_search,2026-08-11,32,JAWA BARAT,32.09,KAB. CIREBON,32.09.09,SEDONG,32.09.09.2010,PANONGAN LOR,45689,45189,45689,exact_match,true,false,PANONGAN LOR,1,1,https://kodepos.posindonesia.co.id/CariKodepos,Rate-limited internal observation; exact hierarchy match; requires adjudication before promotion.
pos_indonesia_postcode_search,2026-08-11,32,JAWA BARAT,32.09,KAB. CIREBON,32.09.10,ASTANAJAPURA,32.09.10.2004,MUNJUL,45681,45181,45681,exact_match,true,false,MUNJUL,19,1,https://kodepos.posindonesia.co.id/CariKodepos,Rate-limited internal observation; exact hierarchy match; requires adjudication before promotion.
pos_indonesia_postcode_search,2026-08-11,32,JAWA BARAT,32.09,KAB. CIREBON,32.09.10,ASTANAJAPURA,32.09.10.2005,SIDAMULYA,45681,45181,45681,exact_match,true,false,SIDAMULYA,13,1,https://kodepos.posindonesia.co.id/CariKodepos,Rate-limited internal observation; exact hierarchy match; requires adjudication before promotion.
pos_indonesia_postcode_search,2026-08-11,32,JAWA BARAT,32.09,KAB. CIREBON,32.09.10,ASTANAJAPURA,32.09.10.2006,MERTAPADA KULON,45681,45181,45681,exact_match,true,false,MERTAPADA KULON,1,1,https://kodepos.posindonesia.co.id/CariKodepos,Rate-limited internal observation; exact hierarchy match; requires adjudication before promotion.
pos_indonesia_postcode_search,2026-08-11,32,JAWA BARAT,32.09,KAB. CIREBON,32.09.10,ASTANAJAPURA,32.09.10.2007,MERTAPADA WETAN,45681,45181,45681,exact_match,true,false,MERTAPADA WETAN,1,1,https://kodepos.posindonesia.co.id/CariKodepos,Rate-limited internal observation; exact hierarchy match; requires adjudication before promotion.
pos_indonesia_postcode_search,2026-08-11,32,JAWA BARAT,32.09,KAB. CIREBON,32.09.10,ASTANAJAPURA,32.09.10.2008,BUNTET,45681,45181,45681,exact_match,true,false,BUNTET,1,1,https://kodepos.posindonesia.co.id/CariKodepos,Rate-limited internal observation; exact hierarchy match; requires adjudication before promotion.
pos_indonesia_postcode_search,2026-08-11,32,JAWA BARAT,32.09,KAB. CIREBON,32.09.10,ASTANAJAPURA,32.09.10.2009,KANCI KULON,45681,45181,45681,exact_match,true,false,KANCI KULON,1,1,https://kodepos.posindonesia.co.id/CariKodepos,Rate-limited internal observation; exact hierarchy match; requires adjudication before promotion.
pos_indonesia_postcode_search,2026-08-11,32,JAWA BARAT,32.09,KAB. CIREBON,32.09.10,ASTANAJAPURA,32.09.10.2010,KANCI,45681,45181,45681,exact_match,true,false,KANCI,18,1,https://kodepos.posindonesia.co.id/CariKodepos,Rate-limited internal observation; exact hierarchy match; requires adjudication before promotion.
pos_indonesia_postcode_search,2026-08-11,32,JAWA BARAT,32.09,KAB. CIREBON,32.09.10,ASTANAJAPURA,32.09.10.2011,ASTANAJAPURA,45681,45181,45681,exact_match,true,false,ASTANAJAPURA,11,1,https://kodepos.posindonesia.co.id/CariKodepos,Rate-limited internal observation; exact hierarchy match; requires adjudication before promotion.
pos_indonesia_postcode_search,2026-08-11,32,JAWA BARAT,32.09,KAB. CIREBON,32.09.10,ASTANAJAPURA,32.09.10.2012,KENDAL,45681,45181,45681,exact_match,true,false,KENDAL,326,1,https://kodepos.posindonesia.co.id/CariKodepos,Rate-limited internal observation; exact hierarchy match; requires adjudication before promotion.
pos_indonesia_postcode_search,2026-08-11,32,JAWA BARAT,32.09,KAB. CIREBON,32.09.10,ASTANAJAPURA,32.09.10.2013,JAPURA KIDUL,45681,45181,45681,exact_match,true,false,JAPURA KIDUL,1,1,https://kodepos.posindonesia.co.id/CariKodepos,Rate-limited internal observation; exact hierarchy match; requires adjudication before promotion.
pos_indonesia_postcode_search,2026-08-11,32,JAWA BARAT,32.09,KAB. CIREBON,32.09.10,ASTANAJAPURA,32.09.10.2014,JAPURA BAKTI,45681,45181,45681,exact_match,true,false,JAPURA BAKTI,1,1,https://kodepos.posindonesia.co.id/CariKodepos,Rate-limited internal observation; exact hierarchy match; requires adjudication before promotion.
pos_indonesia_postcode_search,2026-08-11,32,JAWA BARAT,32.09,KAB. CIREBON,32.09.11,PANGENAN,32.09.11.2001,GETRAKMOYAN,45682,45182,45682,exact_match,true,false,GETRAKMOYAN,1,1,https://kodepos.posindonesia.co.id/CariKodepos,Rate-limited internal observation; exact hierarchy match; requires adjudication before promotion.
pos_indonesia_postcode_search,2026-08-11,32,JAWA BARAT,32.09,KAB. CIREBON,32.09.11,PANGENAN,32.09.11.2002,ENDER,45682,45182,45682,exact_match,true,false,ENDER,20,1,https://kodepos.posindonesia.co.id/CariKodepos,Rate-limited internal observation; exact hierarchy match; requires adjudication before promotion.
pos_indonesia_postcode_search,2026-08-11,32,JAWA BARAT,32.09,KAB. CIREBON,32.09.11,PANGENAN,32.09.11.2003,PANGENAN,45682,45182,45682,exact_match,true,false,PANGENAN,9,1,https://kodepos.posindonesia.co.id/CariKodepos,Rate-limited internal observation; exact hierarchy match; requires adjudication before promotion.
pos_indonesia_postcode_search,2026-08-11,32,JAWA BARAT,32.09,KAB. CIREBON,32.09.11,PANGENAN,32.09.11.2004,BENDUNGAN,45682,45182,45682,exact_match,true,false,BENDUNGAN,33,1,https://kodepos.posindonesia.co.id/CariKodepos,Rate-limited internal observation; exact hierarchy match; requires adjudication before promotion.
pos_indonesia_postcode_search,2026-08-11,32,JAWA BARAT,32.09,KAB. CIREBON,32.09.11,PANGENAN,32.09.11.2005,RAWAURIP,45682,45182,45682,exact_match,true,false,RAWAURIP,1,1,https://kodepos.posindonesia.co.id/CariKodepos,Rate-limited internal observation; exact hierarchy match; requires adjudication before promotion.
pos_indonesia_postcode_search,2026-08-11,32,JAWA BARAT,32.09,KAB. CIREBON,32.09.11,PANGENAN,32.09.11.2006,BERINGIN,45682,45182,45682,exact_match,true,false,BERINGIN,169,1,https://kodepos.posindonesia.co.id/CariKodepos,Rate-limited internal observation; exact hierarchy match; requires adjudication before promotion.
pos_indonesia_postcode_search,2026-08-11,32,JAWA BARAT,32.09,KAB. CIREBON,32.09.11,PANGENAN,32.09.11.2007,JAPURA LOR,45682,45182,45682,exact_match,true,false,JAPURA LOR,1,1,https://kodepos.posindonesia.co.id/CariKodepos,Rate-limited internal observation; exact hierarchy match; requires adjudication before promotion.
pos_indonesia_postcode_search,2026-08-11,32,JAWA BARAT,32.09,KAB. CIREBON,32.09.11,PANGENAN,32.09.11.2009,ASTANA MUKTI,45682,45182,45682,exact_match,true,false,ASTANA MUKTI,1,1,https://kodepos.posindonesia.co.id/CariKodepos,Rate-limited internal observation; exact hierarchy match; requires adjudication before promotion.
pos_indonesia_postcode_search,2026-08-11,32,JAWA BARAT,32.09,KAB. CIREBON,32.09.12,MUNDU,32.09.12.2001,SETUPATOK,45673,45173,45673,exact_match,true,false,SETUPATOK,1,1,https://kodepos.posindonesia.co.id/CariKodepos,Rate-limited internal observation; exact hierarchy match; requires adjudication before promotion.
pos_indonesia_postcode_search,2026-08-11,32,JAWA BARAT,32.09,KAB. CIREBON,32.09.12,MUNDU,32.09.12.2002,PENPEN,45673,45173,45673,exact_match,true,false,PENPEN,1,1,https://kodepos.posindonesia.co.id/CariKodepos,Rate-limited internal observation; exact hierarchy match; requires adjudication before promotion.
pos_indonesia_postcode_search,2026-08-11,32,JAWA BARAT,32.09,KAB. CIREBON,32.09.12,MUNDU,32.09.12.2004,LUWUNG,45673,45173,45673,exact_match,true,false,LUWUNG,11,1,https://kodepos.posindonesia.co.id/CariKodepos,Rate-limited internal observation; exact hierarchy match; requires adjudication before promotion.
pos_indonesia_postcode_search,2026-08-11,32,JAWA BARAT,32.09,KAB. CIREBON,32.09.12,MUNDU,32.09.12.2005,WARUDUWUR,45673,45173,45673,exact_match,true,false,WARUDUWUR,1,1,https://kodepos.posindonesia.co.id/CariKodepos,Rate-limited internal observation; exact hierarchy match; requires adjudication before promotion.
pos_indonesia_postcode_search,2026-08-11,32,JAWA BARAT,32.09,KAB. CIREBON,32.09.12,MUNDU,32.09.12.2006,CITEMU,45673,45173,45673,exact_match,true,false,CITEMU,1,1,https://kodepos.posindonesia.co.id/CariKodepos,Rate-limited internal observation; exact hierarchy match; requires adjudication before promotion.
pos_indonesia_postcode_search,2026-08-11,32,JAWA BARAT,32.09,KAB. CIREBON,32.09.12,MUNDU,32.09.12.2007,BANDENGAN,45673,45173,45673,exact_match,true,false,BANDENGAN,4,1,https://kodepos.posindonesia.co.id/CariKodepos,Rate-limited internal observation; exact hierarchy match; requires adjudication before promotion.
pos_indonesia_postcode_search,2026-08-11,32,JAWA BARAT,32.09,KAB. CIREBON,32.09.12,MUNDU,32.09.12.2009,SUCI,45673,45173,45673,exact_match,true,false,SUCI,17,1,https://kodepos.posindonesia.co.id/CariKodepos,Rate-limited internal observation; exact hierarchy match; requires adjudication before promotion.
pos_indonesia_postcode_search,2026-08-11,32,JAWA BARAT,32.09,KAB. CIREBON,32.09.12,MUNDU,32.09.12.2010,BANJARWANGUNAN,45673,45173,45673,exact_match,true,false,BANJARWANGUNAN,1,1,https://kodepos.posindonesia.co.id/CariKodepos,Rate-limited internal observation; exact hierarchy match; requires adjudication before promotion.
pos_indonesia_postcode_search,2026-08-11,32,JAWA BARAT,32.09,KAB. CIREBON,32.09.12,MUNDU,32.09.12.2011,PAMENGKANG,45673,45173,45673,exact_match,true,false,PAMENGKANG,2,1,https://kodepos.posindonesia.co.id/CariKodepos,Rate-limited internal observation; exact hierarchy match; requires adjudication before promotion.
pos_indonesia_postcode_search,2026-08-11,32,JAWA BARAT,32.09,KAB. CIREBON,32.09.13,BEBER,32.09.13.2001,WANAYASA,45672,45172,45672,exact_match,true,false,WANAYASA,35,1,https://kodepos.posindonesia.co.id/CariKodepos,Rate-limited internal observation; exact hierarchy match; requires adjudication before promotion.
pos_indonesia_postcode_search,2026-08-11,32,JAWA BARAT,32.09,KAB. CIREBON,32.09.13,BEBER,32.09.13.2002,SINDANGKASIH,45672,45172,45672,exact_match,true,false,SINDANGKASIH,12,1,https://kodepos.posindonesia.co.id/CariKodepos,Rate-limited internal observation; exact hierarchy match; requires adjudication before promotion.
pos_indonesia_postcode_search,2026-08-11,32,JAWA BARAT,32.09,KAB. CIREBON,32.09.13,BEBER,32.09.13.2003,SINDANGHAYU,45672,45172,45672,exact_match,true,false,SINDANGHAYU,4,1,https://kodepos.posindonesia.co.id/CariKodepos,Rate-limited internal observation; exact hierarchy match; requires adjudication before promotion.
pos_indonesia_postcode_search,2026-08-11,32,JAWA BARAT,32.09,KAB. CIREBON,32.09.13,BEBER,32.09.13.2004,CIAWIGAJAH,45672,45172,45672,exact_match,true,false,CIAWIGAJAH,1,1,https://kodepos.posindonesia.co.id/CariKodepos,Rate-limited internal observation; exact hierarchy match; requires adjudication before promotion.
pos_indonesia_postcode_search,2026-08-11,32,JAWA BARAT,32.09,KAB. CIREBON,32.09.13,BEBER,32.09.13.2008,CIKANCAS,45672,45172,45672,exact_match,true,false,CIKANCAS,1,1,https://kodepos.posindonesia.co.id/CariKodepos,Rate-limited internal observation; exact hierarchy match; requires adjudication before promotion.
pos_indonesia_postcode_search,2026-08-11,32,JAWA BARAT,32.09,KAB. CIREBON,32.09.13,BEBER,32.09.13.2009,HALIMPU,45672,45172,45672,exact_match,true,false,HALIMPU,1,1,https://kodepos.posindonesia.co.id/CariKodepos,Rate-limited internal observation; exact hierarchy match; requires adjudication before promotion.
pos_indonesia_postcode_search,2026-08-11,32,JAWA BARAT,32.09,KAB. CIREBON,32.09.13,BEBER,32.09.13.2010,CIPINANG,45672,45172,45672,exact_match,true,false,CIPINANG,12,1,https://kodepos.posindonesia.co.id/CariKodepos,Rate-limited internal observation; exact hierarchy match; requires adjudication before promotion.
pos_indonesia_postcode_search,2026-08-11,32,JAWA BARAT,32.09,KAB. CIREBON,32.09.13,BEBER,32.09.13.2011,BEBER,45672,45172,45672,exact_match,true,false,BEBER,70,1,https://kodepos.posindonesia.co.id/CariKodepos,Rate-limited internal observation; exact hierarchy match; requires adjudication before promotion.
pos_indonesia_postcode_search,2026-08-11,32,JAWA BARAT,32.09,KAB. CIREBON,32.09.13,BEBER,32.09.13.2012,PATAPAN,45672,45172,45672,exact_match,true,false,PATAPAN,2,1,https://kodepos.posindonesia.co.id/CariKodepos,Rate-limited internal observation; exact hierarchy match; requires adjudication before promotion.
pos_indonesia_postcode_search,2026-08-11,32,JAWA BARAT,32.09,KAB. CIREBON,32.09.13,BEBER,32.09.13.2013,KONDANGSARI,45672,45172,45672,exact_match,true,false,KONDANGSARI,1,1,https://kodepos.posindonesia.co.id/CariKodepos,Rate-limited internal observation; exact hierarchy match; requires adjudication before promotion.
pos_indonesia_postcode_search,2026-08-11,32,JAWA BARAT,32.09,KAB. CIREBON,32.09.15,SUMBER,32.09.15.1006,KALIWADAS,45616,45611,45616,exact_match,true,false,KALIWADAS,3,1,https://kodepos.posindonesia.co.id/CariKodepos,Rate-limited internal observation; exact hierarchy match; requires adjudication before promotion.
pos_indonesia_postcode_search,2026-08-11,32,JAWA BARAT,32.09,KAB. CIREBON,32.09.15,SUMBER,32.09.15.1007,PASALAKAN,45616,45611,45616,exact_match,true,false,PASALAKAN,1,1,https://kodepos.posindonesia.co.id/CariKodepos,Rate-limited internal observation; exact hierarchy match; requires adjudication before promotion.
pos_indonesia_postcode_search,2026-08-11,32,JAWA BARAT,32.09,KAB. CIREBON,32.09.15,SUMBER,32.09.15.1008,WATUBELAH,45615,45611,45615,exact_match,true,false,WATUBELAH,1,1,https://kodepos.posindonesia.co.id/CariKodepos,Rate-limited internal observation; exact hierarchy match; requires adjudication before promotion.
pos_indonesia_postcode_search,2026-08-11,32,JAWA BARAT,32.09,KAB. CIREBON,32.09.15,SUMBER,32.09.15.1009,PEJAMBON,45615,45611,45615,exact_match,true,false,PEJAMBON,4,1,https://kodepos.posindonesia.co.id/CariKodepos,Rate-limited internal observation; exact hierarchy match; requires adjudication before promotion.
pos_indonesia_postcode_search,2026-08-11,32,JAWA BARAT,32.09,KAB. CIREBON,32.09.15,SUMBER,32.09.15.1010,GEGUNUNG,45613,45611,45613,exact_match,true,false,GEGUNUNG,3,1,https://kodepos.posindonesia.co.id/CariKodepos,Rate-limited internal observation; exact hierarchy match; requires adjudication before promotion.
pos_indonesia_postcode_search,2026-08-11,32,JAWA BARAT,32.09,KAB. CIREBON,32.09.15,SUMBER,32.09.15.1011,KEMANTREN,45614,45611,45614,exact_match,true,false,KEMANTREN,8,1,https://kodepos.posindonesia.co.id/CariKodepos,Rate-limited internal observation; exact hierarchy match; requires adjudication before promotion.
pos_indonesia_postcode_search,2026-08-11,32,JAWA BARAT,32.09,KAB. CIREBON,32.09.15,SUMBER,32.09.15.1012,SENDANG,45614,45611,45614,exact_match,true,false,SENDANG,115,1,https://kodepos.posindonesia.co.id/CariKodepos,Rate-limited internal observation; exact hierarchy match; requires adjudication before promotion.
pos_indonesia_postcode_search,2026-08-11,32,JAWA BARAT,32.09,KAB. CIREBON,32.09.15,SUMBER,32.09.15.1013,TUKMUDAL,45617,45611,45617,exact_match,true,false,TUKMUDAL,1,1,https://kodepos.posindonesia.co.id/CariKodepos,Rate-limited internal observation; exact hierarchy match; requires adjudication before promotion.
pos_indonesia_postcode_search,2026-08-11,32,JAWA BARAT,32.09,KAB. CIREBON,32.09.15,SUMBER,32.09.15.1014,KENANGA,45617,45611,45617,exact_match,true,false,KENANGA,28,1,https://kodepos.posindonesia.co.id/CariKodepos,Rate-limited internal observation; exact hierarchy match; requires adjudication before promotion.
pos_indonesia_postcode_search,2026-08-11,32,JAWA BARAT,32.09,KAB. CIREBON,32.09.15,SUMBER,32.09.15.2001,MATANGAJI,45619,45611,45619,exact_match,true,false,MATANGAJI,1,1,https://kodepos.posindonesia.co.id/CariKodepos,Rate-limited internal observation; exact hierarchy match; requires adjudication before promotion.
pos_indonesia_postcode_search,2026-08-11,32,JAWA BARAT,32.09,KAB. CIREBON,32.09.15,SUMBER,32.09.15.2002,SIDAWANGI,45618,45611,45618,exact_match,true,false,SIDAWANGI,1,1,https://kodepos.posindonesia.co.id/CariKodepos,Rate-limited internal observation; exact hierarchy match; requires adjudication before promotion.
pos_indonesia_postcode_search,2026-08-11,32,JAWA BARAT,32.09,KAB. CIREBON,32.09.20,KEDAWUNG,32.09.20.2004,KEDUNGDAWA,45653,45153,45653,exact_match,true,false,KEDUNGDAWA,1,1,https://kodepos.posindonesia.co.id/CariKodepos,Rate-limited internal observation; exact hierarchy match; requires adjudication before promotion.
pos_indonesia_postcode_search,2026-08-11,32,JAWA BARAT,32.09,KAB. CIREBON,32.09.20,KEDAWUNG,32.09.20.2005,KALIKOA,45653,45153,45653,exact_match,true,false,KALIKOA,1,1,https://kodepos.posindonesia.co.id/CariKodepos,Rate-limited internal observation; exact hierarchy match; requires adjudication before promotion.
pos_indonesia_postcode_search,2026-08-11,32,JAWA BARAT,32.09,KAB. CIREBON,32.09.20,KEDAWUNG,32.09.20.2006,TUK,45653,45153,45653,exact_match,true,false,TUK,387,1,https://kodepos.posindonesia.co.id/CariKodepos,Rate-limited internal observation; exact hierarchy match; requires adjudication before promotion.
pos_indonesia_postcode_search,2026-08-11,32,JAWA BARAT,32.09,KAB. CIREBON,32.09.20,KEDAWUNG,32.09.20.2007,KEDUNGJAYA,45653,45153,45653,exact_match,true,false,KEDUNGJAYA,3,1,https://kodepos.posindonesia.co.id/CariKodepos,Rate-limited internal observation; exact hierarchy match; requires adjudication before promotion.
pos_indonesia_postcode_search,2026-08-11,32,JAWA BARAT,32.09,KAB. CIREBON,32.09.20,KEDAWUNG,32.09.20.2008,KEDAWUNG,45653,45153,45653,exact_match,true,false,KEDAWUNG,37,1,https://kodepos.posindonesia.co.id/CariKodepos,Rate-limited internal observation; exact hierarchy match; requires adjudication before promotion.
pos_indonesia_postcode_search,2026-08-11,32,JAWA BARAT,32.09,KAB. CIREBON,32.09.20,KEDAWUNG,32.09.20.2009,KERTAWINANGUN,45653,45153,45653,exact_match,true,false,KERTAWINANGUN,5,1,https://kodepos.posindonesia.co.id/CariKodepos,Rate-limited internal observation; exact hierarchy match; requires adjudication before promotion.
pos_indonesia_postcode_search,2026-08-11,32,JAWA BARAT,32.09,KAB. CIREBON,32.09.20,KEDAWUNG,32.09.20.2010,SUTAWINANGUN,45653,45153,45653,exact_match,true,false,SUTAWINANGUN,1,1,https://kodepos.posindonesia.co.id/CariKodepos,Rate-limited internal observation; exact hierarchy match; requires adjudication before promotion.
pos_indonesia_postcode_search,2026-08-11,32,JAWA BARAT,32.09,KAB. CIREBON,32.09.20,KEDAWUNG,32.09.20.2011,PILANGSARI,45653,45153,45653,exact_match,true,false,PILANGSARI,7,1,https://kodepos.posindonesia.co.id/CariKodepos,Rate-limited internal observation; exact hierarchy match; requires adjudication before promotion.
pos_indonesia_postcode_search,2026-08-11,32,JAWA BARAT,32.09,KAB. CIREBON,32.09.22,KAPETAKAN,32.09.22.2010,KERTASURA,45658,45152,45658,exact_match,true,false,KERTASURA,1,1,https://kodepos.posindonesia.co.id/CariKodepos,Rate-limited internal observation; exact hierarchy match; requires adjudication before promotion.
pos_indonesia_postcode_search,2026-08-11,32,JAWA BARAT,32.09,KAB. CIREBON,32.09.22,KAPETAKAN,32.09.22.2011,PEGAGAN KIDUL,45658,45152,45658,exact_match,true,false,PEGAGAN KIDUL,1,1,https://kodepos.posindonesia.co.id/CariKodepos,Rate-limited internal observation; exact hierarchy match; requires adjudication before promotion.
pos_indonesia_postcode_search,2026-08-11,32,JAWA BARAT,32.09,KAB. CIREBON,32.09.22,KAPETAKAN,32.09.22.2012,PEGAAN LOR,45658,45152,45658,exact_match,true,false,PEGAAN LOR,1,1,https://kodepos.posindonesia.co.id/CariKodepos,Rate-limited internal observation; exact hierarchy match; requires adjudication before promotion.
pos_indonesia_postcode_search,2026-08-11,32,JAWA BARAT,32.09,KAB. CIREBON,32.09.22,KAPETAKAN,32.09.22.2013,DUKUH,45658,45152,45658,exact_match,true,false,DUKUH,134,1,https://kodepos.posindonesia.co.id/CariKodepos,Rate-limited internal observation; exact hierarchy match; requires adjudication before promotion.
pos_indonesia_postcode_search,2026-08-11,32,JAWA BARAT,32.09,KAB. CIREBON,32.09.22,KAPETAKAN,32.09.22.2014,KARANGKENDAL,45658,45152,45658,exact_match,true,false,KARANGKENDAL,2,1,https://kodepos.posindonesia.co.id/CariKodepos,Rate-limited internal observation; exact hierarchy match; requires adjudication before promotion.
pos_indonesia_postcode_search,2026-08-11,32,JAWA BARAT,32.09,KAB. CIREBON,32.09.22,KAPETAKAN,32.09.22.2015,GROGOL,45658,45152,45658,exact_match,true,false,GROGOL,52,1,https://kodepos.posindonesia.co.id/CariKodepos,Rate-limited internal observation; exact hierarchy match; requires adjudication before promotion.
pos_indonesia_postcode_search,2026-08-11,32,JAWA BARAT,32.09,KAB. CIREBON,32.09.22,KAPETAKAN,32.09.22.2016,KAPETAKAN,45658,45152,45658,exact_match,true,false,KAPETAKAN,9,1,https://kodepos.posindonesia.co.id/CariKodepos,Rate-limited internal observation; exact hierarchy match; requires adjudication before promotion.
pos_indonesia_postcode_search,2026-08-11,32,JAWA BARAT,32.09,KAB. CIREBON,32.09.22,KAPETAKAN,32.09.22.2017,BUNGKO,45658,45152,45658,exact_match,true,false,BUNGKO,10,1,https://kodepos.posindonesia.co.id/CariKodepos,Rate-limited internal observation; exact hierarchy match; requires adjudication before promotion.
pos_indonesia_postcode_search,2026-08-11,32,JAWA BARAT,32.09,KAB. CIREBON,32.09.22,KAPETAKAN,32.09.22.2018,BUNGKO LOR,45658,45152,45658,exact_match,true,false,BUNGKO LOR,1,1,https://kodepos.posindonesia.co.id/CariKodepos,Rate-limited internal observation; exact hierarchy match; requires adjudication before promotion.
pos_indonesia_postcode_search,2026-08-11,32,JAWA BARAT,32.09,KAB. CIREBON,32.09.24,ARJAWINANGUN,32.09.24.2001,SENDE,45662,45162,45662,exact_match,true,false,SENDE,17,1,https://kodepos.posindonesia.co.id/CariKodepos,Rate-limited internal observation; exact hierarchy match; requires adjudication before promotion.
pos_indonesia_postcode_search,2026-08-11,32,JAWA BARAT,32.09,KAB. CIREBON,32.09.24,ARJAWINANGUN,32.09.24.2002,JUNGJANG WETAN,45662,45162,45662,exact_match,true,false,JUNGJANG WETAN,1,1,https://kodepos.posindonesia.co.id/CariKodepos,Rate-limited internal observation; exact hierarchy match; requires adjudication before promotion.
pos_indonesia_postcode_search,2026-08-11,32,JAWA BARAT,32.09,KAB. CIREBON,32.09.24,ARJAWINANGUN,32.09.24.2003,JUNGJANG,45662,45162,45662,exact_match,true,false,JUNGJANG,2,1,https://kodepos.posindonesia.co.id/CariKodepos,Rate-limited internal observation; exact hierarchy match; requires adjudication before promotion.
pos_indonesia_postcode_search,2026-08-11,32,JAWA BARAT,32.09,KAB. CIREBON,32.09.24,ARJAWINANGUN,32.09.24.2004,ARJAWINANGUN,45662,45162,45662,exact_match,true,false,ARJAWINANGUN,11,1,https://kodepos.posindonesia.co.id/CariKodepos,Rate-limited internal observation; exact hierarchy match; requires adjudication before promotion.
pos_indonesia_postcode_search,2026-08-11,32,JAWA BARAT,32.09,KAB. CIREBON,32.09.24,ARJAWINANGUN,32.09.24.2005,TEGALGUBUG,45662,45162,45662,exact_match,true,false,TEGALGUBUG,1,1,https://kodepos.posindonesia.co.id/CariKodepos,Rate-limited internal observation; exact hierarchy match; requires adjudication before promotion.
pos_indonesia_postcode_search,2026-08-11,32,JAWA BARAT,32.09,KAB. CIREBON,32.09.24,ARJAWINANGUN,32.09.24.2006,TEGAL GUBUG LOR,45662,45162,45662,exact_match,true,false,TEGAL GUBUG LOR,1,1,https://kodepos.posindonesia.co.id/CariKodepos,Rate-limited internal observation; exact hierarchy match; requires adjudication before promotion.
pos_indonesia_postcode_search,2026-08-11,32,JAWA BARAT,32.09,KAB. CIREBON,32.09.24,ARJAWINANGUN,32.09.24.2007,RAWAGATEL,45662,45162,45662,exact_match,true,false,RAWAGATEL,1,1,https://kodepos.posindonesia.co.id/CariKodepos,Rate-limited internal observation; exact hierarchy match; requires adjudication before promotion.
pos_indonesia_postcode_search,2026-08-11,32,JAWA BARAT,32.09,KAB. CIREBON,32.09.24,ARJAWINANGUN,32.09.24.2008,KARANGSAMBUNG,45662,45162,45662,exact_match,true,false,KARANGSAMBUNG,19,1,https://kodepos.posindonesia.co.id/CariKodepos,Rate-limited internal observation; exact hierarchy match; requires adjudication before promotion.
pos_indonesia_postcode_search,2026-08-11,32,JAWA BARAT,32.09,KAB. CIREBON,32.09.24,ARJAWINANGUN,32.09.24.2009,BULAK,45662,45162,45662,exact_match,true,false,BULAK,58,1,https://kodepos.posindonesia.co.id/CariKodepos,Rate-limited internal observation; exact hierarchy match; requires adjudication before promotion.
pos_indonesia_postcode_search,2026-08-11,32,JAWA BARAT,32.09,KAB. CIREBON,32.09.24,ARJAWINANGUN,32.09.24.2010,GEYONGAN,45662,45162,45662,exact_match,true,false,GEYONGAN,1,1,https://kodepos.posindonesia.co.id/CariKodepos,Rate-limited internal observation; exact hierarchy match; requires adjudication before promotion.
pos_indonesia_postcode_search,2026-08-11,32,JAWA BARAT,32.09,KAB. CIREBON,32.09.24,ARJAWINANGUN,32.09.24.2011,KEBONTURI,45662,45162,45662,exact_match,true,false,KEBONTURI,2,1,https://kodepos.posindonesia.co.id/CariKodepos,Rate-limited internal observation; exact hierarchy match; requires adjudication before promotion.
pos_indonesia_postcode_search,2026-08-11,32,JAWA BARAT,32.09,KAB. CIREBON,32.09.25,PANGURAGAN,32.09.25.2001,KALIANYAR,45663,45163,45663,exact_match,true,false,KALIANYAR,11,1,https://kodepos.posindonesia.co.id/CariKodepos,Rate-limited internal observation; exact hierarchy match; requires adjudication before promotion.
pos_indonesia_postcode_search,2026-08-11,32,JAWA BARAT,32.09,KAB. CIREBON,32.09.25,PANGURAGAN,32.09.25.2002,PANGURANGAN KULON,45663,45163,45663,exact_match,true,false,PANGURANGAN KULON,1,1,https://kodepos.posindonesia.co.id/CariKodepos,Rate-limited internal observation; exact hierarchy match; requires adjudication before promotion.
pos_indonesia_postcode_search,2026-08-11,32,JAWA BARAT,32.09,KAB. CIREBON,32.09.25,PANGURAGAN,32.09.25.2003,PANGURANGAN WETAN,45663,45163,45663,exact_match,true,false,PANGURANGAN WETAN,1,1,https://kodepos.posindonesia.co.id/CariKodepos,Rate-limited internal observation; exact hierarchy match; requires adjudication before promotion.
pos_indonesia_postcode_search,2026-08-11,32,JAWA BARAT,32.09,KAB. CIREBON,32.09.25,PANGURAGAN,32.09.25.2004,PANGURANGAN LOR,45663,45163,45663,exact_match,true,false,PANGURANGAN LOR,1,1,https://kodepos.posindonesia.co.id/CariKodepos,Rate-limited internal observation; exact hierarchy match; requires adjudication before promotion.
pos_indonesia_postcode_search,2026-08-11,32,JAWA BARAT,32.09,KAB. CIREBON,32.09.25,PANGURAGAN,32.09.25.2005,PANGURANGAN,45663,45163,45663,exact_match,true,false,PANGURANGAN,4,1,https://kodepos.posindonesia.co.id/CariKodepos,Rate-limited internal observation; exact hierarchy match; requires adjudication before promotion.
pos_indonesia_postcode_search,2026-08-11,32,JAWA BARAT,32.09,KAB. CIREBON,32.09.25,PANGURAGAN,32.09.25.2006,GUJEG,45663,45163,45663,exact_match,true,false,GUJEG,1,1,https://kodepos.posindonesia.co.id/CariKodepos,Rate-limited internal observation; exact hierarchy match; requires adjudication before promotion.
pos_indonesia_postcode_search,2026-08-11,32,JAWA BARAT,32.09,KAB. CIREBON,32.09.25,PANGURAGAN,32.09.25.2007,LEMAHTAMBA,45663,45163,45663,exact_match,true,false,LEMAHTAMBA,1,1,https://kodepos.posindonesia.co.id/CariKodepos,Rate-limited internal observation; exact hierarchy match; requires adjudication before promotion.
pos_indonesia_postcode_search,2026-08-11,32,JAWA BARAT,32.09,KAB. CIREBON,32.09.25,PANGURAGAN,32.09.25.2008,KARANGANYAR,45663,45163,45663,exact_match,true,false,KARANGANYAR,307,1,https://kodepos.posindonesia.co.id/CariKodepos,Rate-limited internal observation; exact hierarchy match; requires adjudication before promotion.
pos_indonesia_postcode_search,2026-08-11,32,JAWA BARAT,32.09,KAB. CIREBON,32.09.25,PANGURAGAN,32.09.25.2009,KROYA,45663,45163,45663,exact_match,true,false,KROYA,28,1,https://kodepos.posindonesia.co.id/CariKodepos,Rate-limited internal observation; exact hierarchy match; requires adjudication before promotion.
pos_indonesia_postcode_search,2026-08-11,32,JAWA BARAT,32.09,KAB. CIREBON,32.09.26,CIWARINGIN,32.09.26.2004,BUDUR,45667,45167,45667,exact_match,true,false,BUDUR,39,1,https://kodepos.posindonesia.co.id/CariKodepos,Rate-limited internal observation; exact hierarchy match; requires adjudication before promotion.
pos_indonesia_postcode_search,2026-08-11,32,JAWA BARAT,32.09,KAB. CIREBON,32.09.26,CIWARINGIN,32.09.26.2005,BABAKAN,45667,45167,45667,exact_match,true,false,BABAKAN,104,1,https://kodepos.posindonesia.co.id/CariKodepos,Rate-limited internal observation; exact hierarchy match; requires adjudication before promotion.
pos_indonesia_postcode_search,2026-08-11,32,JAWA BARAT,32.09,KAB. CIREBON,32.09.26,CIWARINGIN,32.09.26.2006,CIWARINGIN,45667,45167,45667,exact_match,true,false,CIWARINGIN,10,1,https://kodepos.posindonesia.co.id/CariKodepos,Rate-limited internal observation; exact hierarchy match; requires adjudication before promotion.
pos_indonesia_postcode_search,2026-08-11,32,JAWA BARAT,32.09,KAB. CIREBON,32.09.26,CIWARINGIN,32.09.26.2007,GINTUNGRANJENG,45667,45167,45667,exact_match,true,false,GINTUNGRANJENG,1,1,https://kodepos.posindonesia.co.id/CariKodepos,Rate-limited internal observation; exact hierarchy match; requires adjudication before promotion.
pos_indonesia_postcode_search,2026-08-11,32,JAWA BARAT,32.09,KAB. CIREBON,32.09.26,CIWARINGIN,32.09.26.2008,GINTUNG KIDUL,45667,45167,45667,exact_match,true,false,GINTUNG KIDUL,1,1,https://kodepos.posindonesia.co.id/CariKodepos,Rate-limited internal observation; exact hierarchy match; requires adjudication before promotion.
pos_indonesia_postcode_search,2026-08-11,32,JAWA BARAT,32.09,KAB. CIREBON,32.09.26,CIWARINGIN,32.09.26.2009,GINTUNG TENGAH,45667,45167,45667,exact_match,true,false,GINTUNG TENGAH,1,1,https://kodepos.posindonesia.co.id/CariKodepos,Rate-limited internal observation; exact hierarchy match; requires adjudication before promotion.
pos_indonesia_postcode_search,2026-08-11,32,JAWA BARAT,32.09,KAB. CIREBON,32.09.26,CIWARINGIN,32.09.26.2010,BRINGIN,45667,45167,45667,exact_match,true,false,BRINGIN,44,1,https://kodepos.posindonesia.co.id/CariKodepos,Rate-limited internal observation; exact hierarchy match; requires adjudication before promotion.
pos_indonesia_postcode_search,2026-08-11,32,JAWA BARAT,32.09,KAB. CIREBON,32.09.26,CIWARINGIN,32.09.26.2011,GALAGAMBA,45667,45167,45667,exact_match,true,false,GALAGAMBA,1,1,https://kodepos.posindonesia.co.id/CariKodepos,Rate-limited internal observation; exact hierarchy match; requires adjudication before promotion.
pos_indonesia_postcode_search,2026-08-11,32,JAWA BARAT,32.09,KAB. CIREBON,32.09.27,SUSUKAN,32.09.27.2001,TANGKIL,45666,45166,45666,exact_match,true,false,TANGKIL,23,1,https://kodepos.posindonesia.co.id/CariKodepos,Rate-limited internal observation; exact hierarchy match; requires adjudication before promotion.
pos_indonesia_postcode_search,2026-08-11,32,JAWA BARAT,32.09,KAB. CIREBON,32.09.27,SUSUKAN,32.09.27.2002,WIYONG,45666,45166,45666,exact_match,true,false,WIYONG,1,1,https://kodepos.posindonesia.co.id/CariKodepos,Rate-limited internal observation; exact hierarchy match; requires adjudication before promotion.
pos_indonesia_postcode_search,2026-08-11,32,JAWA BARAT,32.09,KAB. CIREBON,32.09.27,SUSUKAN,32.09.27.2003,KEDONGDONG,45666,45166,45666,exact_match,true,false,KEDONGDONG,2,1,https://kodepos.posindonesia.co.id/CariKodepos,Rate-limited internal observation; exact hierarchy match; requires adjudication before promotion.
pos_indonesia_postcode_search,2026-08-11,32,JAWA BARAT,32.09,KAB. CIREBON,32.09.27,SUSUKAN,32.09.27.2004,GINTUNG LOR,45666,45166,45666,exact_match,true,false,GINTUNG LOR,1,1,https://kodepos.posindonesia.co.id/CariKodepos,Rate-limited internal observation; exact hierarchy match; requires adjudication before promotion.
pos_indonesia_postcode_search,2026-08-11,32,JAWA BARAT,32.09,KAB. CIREBON,32.09.27,SUSUKAN,32.09.27.2005,BOJONG KULON,45666,45166,45666,exact_match,true,false,BOJONG KULON,1,1,https://kodepos.posindonesia.co.id/CariKodepos,Rate-limited internal observation; exact hierarchy match; requires adjudication before promotion.
pos_indonesia_postcode_search,2026-08-11,32,JAWA BARAT,32.09,KAB. CIREBON,32.09.27,SUSUKAN,32.09.27.2006,KEJIWAN,45666,45166,45666,exact_match,true,false,KEJIWAN,2,1,https://kodepos.posindonesia.co.id/CariKodepos,Rate-limited internal observation; exact hierarchy match; requires adjudication before promotion.
pos_indonesia_postcode_search,2026-08-11,32,JAWA BARAT,32.09,KAB. CIREBON,32.09.27,SUSUKAN,32.09.27.2007,SUSUKAN,45666,45166,45666,exact_match,true,false,SUSUKAN,64,1,https://kodepos.posindonesia.co.id/CariKodepos,Rate-limited internal observation; exact hierarchy match; requires adjudication before promotion.
pos_indonesia_postcode_search,2026-08-11,32,JAWA BARAT,32.09,KAB. CIREBON,32.09.27,SUSUKAN,32.09.27.2008,LUWUNG KENCANA,45666,45166,45666,exact_match,true,false,LUWUNG KENCANA,1,1,https://kodepos.posindonesia.co.id/CariKodepos,Rate-limited internal observation; exact hierarchy match; requires adjudication before promotion.
pos_indonesia_postcode_search,2026-08-11,32,JAWA BARAT,32.09,KAB. CIREBON,32.09.27,SUSUKAN,32.09.27.2009,BUNDER,45666,45166,45666,exact_match,true,false,BUNDER,32,1,https://kodepos.posindonesia.co.id/CariKodepos,Rate-limited internal observation; exact hierarchy match; requires adjudication before promotion.
pos_indonesia_postcode_search,2026-08-11,32,JAWA BARAT,32.09,KAB. CIREBON,32.09.27,SUSUKAN,32.09.27.2010,JATIPURA,45666,45166,45666,exact_match,true,false,JATIPURA,1,1,https://kodepos.posindonesia.co.id/CariKodepos,Rate-limited internal observation; exact hierarchy match; requires adjudication before promotion.
pos_indonesia_postcode_search,2026-08-11,32,JAWA BARAT,32.09,KAB. CIREBON,32.09.27,SUSUKAN,32.09.27.2011,UJUNGGEBANG,45666,45166,45666,exact_match,true,false,UJUNGGEBANG,2,1,https://kodepos.posindonesia.co.id/CariKodepos,Rate-limited internal observation; exact hierarchy match; requires adjudication before promotion.
pos_indonesia_postcode_search,2026-08-11,32,JAWA BARAT,32.09,KAB. CIREBON,32.09.27,SUSUKAN,32.09.27.2012,JATIANOM,45666,45166,45666,exact_match,true,false,JATIANOM,1,1,https://kodepos.posindonesia.co.id/CariKodepos,Rate-limited internal observation; exact hierarchy match; requires adjudication before promotion.
pos_indonesia_postcode_search,2026-08-11,32,JAWA BARAT,32.09,KAB. CIREBON,32.09.28,GEGESIK,32.09.28.2001,KEDUNGDALEM,45664,45164,45664,exact_match,true,false,KEDUNGDALEM,2,1,https://kodepos.posindonesia.co.id/CariKodepos,Rate-limited internal observation; exact hierarchy match; requires adjudication before promotion.
pos_indonesia_postcode_search,2026-08-11,32,JAWA BARAT,32.09,KAB. CIREBON,32.09.28,GEGESIK,32.09.28.2002,PANUNGGUL,45664,45164,45664,exact_match,true,false,PANUNGGUL,3,1,https://kodepos.posindonesia.co.id/CariKodepos,Rate-limited internal observation; exact hierarchy match; requires adjudication before promotion.
pos_indonesia_postcode_search,2026-08-11,32,JAWA BARAT,32.09,KAB. CIREBON,32.09.28,GEGESIK,32.09.28.2003,GEGESIK WETAN,45664,45164,45664,exact_match,true,false,GEGESIK WETAN,1,1,https://kodepos.posindonesia.co.id/CariKodepos,Rate-limited internal observation; exact hierarchy match; requires adjudication before promotion.
pos_indonesia_postcode_search,2026-08-11,32,JAWA BARAT,32.09,KAB. CIREBON,32.09.28,GEGESIK,32.09.28.2004,GEGESIK KIDUL,45664,45164,45664,exact_match,true,false,GEGESIK KIDUL,1,1,https://kodepos.posindonesia.co.id/CariKodepos,Rate-limited internal observation; exact hierarchy match; requires adjudication before promotion.
pos_indonesia_postcode_search,2026-08-11,32,JAWA BARAT,32.09,KAB. CIREBON,32.09.28,GEGESIK,32.09.28.2005,GEGESIK LOR,45664,45164,45664,exact_match,true,false,GEGESIK LOR,1,1,https://kodepos.posindonesia.co.id/CariKodepos,Rate-limited internal observation; exact hierarchy match; requires adjudication before promotion.
pos_indonesia_postcode_search,2026-08-11,32,JAWA BARAT,32.09,KAB. CIREBON,32.09.28,GEGESIK,32.09.28.2006,GEGESIK KULON,45664,45164,45664,exact_match,true,false,GEGESIK KULON,1,1,https://kodepos.posindonesia.co.id/CariKodepos,Rate-limited internal observation; exact hierarchy match; requires adjudication before promotion.
pos_indonesia_postcode_search,2026-08-11,32,JAWA BARAT,32.09,KAB. CIREBON,32.09.28,GEGESIK,32.09.28.2007,SLENDRA,45664,45164,45664,exact_match,true,false,SLENDRA,1,1,https://kodepos.posindonesia.co.id/CariKodepos,Rate-limited internal observation; exact hierarchy match; requires adjudication before promotion.
pos_indonesia_postcode_search,2026-08-11,32,JAWA BARAT,32.09,KAB. CIREBON,32.09.28,GEGESIK,32.09.28.2008,JAGAPURA KIDUL,45664,45164,45664,exact_match,true,false,JAGAPURA KIDUL,1,1,https://kodepos.posindonesia.co.id/CariKodepos,Rate-limited internal observation; exact hierarchy match; requires adjudication before promotion.
pos_indonesia_postcode_search,2026-08-11,32,JAWA BARAT,32.09,KAB. CIREBON,32.09.28,GEGESIK,32.09.28.2009,JAGAPURA WETAN,45664,45164,45664,exact_match,true,false,JAGAPURA WETAN,1,1,https://kodepos.posindonesia.co.id/CariKodepos,Rate-limited internal observation; exact hierarchy match; requires adjudication before promotion.
pos_indonesia_postcode_search,2026-08-11,32,JAWA BARAT,32.09,KAB. CIREBON,32.09.28,GEGESIK,32.09.28.2010,JAGAPURA KULON,45664,45164,45664,exact_match,true,false,JAGAPURA KULON,1,1,https://kodepos.posindonesia.co.id/CariKodepos,Rate-limited internal observation; exact hierarchy match; requires adjudication before promotion.
pos_indonesia_postcode_search,2026-08-11,32,JAWA BARAT,32.09,KAB. CIREBON,32.09.28,GEGESIK,32.09.28.2011,JAGAPURA LOR,45664,45164,45664,exact_match,true,false,JAGAPURA LOR,1,1,https://kodepos.posindonesia.co.id/CariKodepos,Rate-limited internal observation; exact hierarchy match; requires adjudication before promotion.
pos_indonesia_postcode_search,2026-08-11,32,JAWA BARAT,32.09,KAB. CIREBON,32.09.28,GEGESIK,32.09.28.2012,SIBUBUT,45664,45164,45664,exact_match,true,false,SIBUBUT,1,1,https://kodepos.posindonesia.co.id/CariKodepos,Rate-limited internal observation; exact hierarchy match; requires adjudication before promotion.
pos_indonesia_postcode_search,2026-08-11,32,JAWA BARAT,32.09,KAB. CIREBON,32.09.28,GEGESIK,32.09.28.2013,BAYALANGU LOR,45664,45164,45664,exact_match,true,false,BAYALANGU LOR,1,1,https://kodepos.posindonesia.co.id/CariKodepos,Rate-limited internal observation; exact hierarchy match; requires adjudication before promotion.
pos_indonesia_postcode_search,2026-08-11,32,JAWA BARAT,32.09,KAB. CIREBON,32.09.28,GEGESIK,32.09.28.2014,BAYALANGU KIDUL,45664,45164,45664,exact_match,true,false,BAYALANGU KIDUL,1,1,https://kodepos.posindonesia.co.id/CariKodepos,Rate-limited internal observation; exact hierarchy match; requires adjudication before promotion.
pos_indonesia_postcode_search,2026-08-11,32,JAWA BARAT,32.09,KAB. CIREBON,32.09.29,KALIWEDI,32.09.29.2001,KALIDERES,45665,45165,45665,exact_match,true,false,KALIDERES,6,1,https://kodepos.posindonesia.co.id/CariKodepos,Rate-limited internal observation; exact hierarchy match; requires adjudication before promotion.
pos_indonesia_postcode_search,2026-08-11,32,JAWA BARAT,32.09,KAB. CIREBON,32.09.29,KALIWEDI,32.09.29.2002,PRAJAWINANGUN KULON,45665,45165,45665,exact_match,true,false,PRAJAWINANGUN KULON,1,1,https://kodepos.posindonesia.co.id/CariKodepos,Rate-limited internal observation; exact hierarchy match; requires adjudication before promotion.
pos_indonesia_postcode_search,2026-08-11,32,JAWA BARAT,32.09,KAB. CIREBON,32.09.29,KALIWEDI,32.09.29.2003,PRAJAWINANGUN WETAN,45665,45165,45665,exact_match,true,false,PRAJAWINANGUN WETAN,1,1,https://kodepos.posindonesia.co.id/CariKodepos,Rate-limited internal observation; exact hierarchy match; requires adjudication before promotion.
pos_indonesia_postcode_search,2026-08-11,32,JAWA BARAT,32.09,KAB. CIREBON,32.09.29,KALIWEDI,32.09.29.2004,UJUNGSEMI,45665,45165,45665,exact_match,true,false,UJUNGSEMI,1,1,https://kodepos.posindonesia.co.id/CariKodepos,Rate-limited internal observation; exact hierarchy match; requires adjudication before promotion.
pos_indonesia_postcode_search,2026-08-11,32,JAWA BARAT,32.09,KAB. CIREBON,32.09.29,KALIWEDI,32.09.29.2005,WARGABINANGUN,45665,45165,45665,exact_match,true,false,WARGABINANGUN,1,1,https://kodepos.posindonesia.co.id/CariKodepos,Rate-limited internal observation; exact hierarchy match; requires adjudication before promotion.
pos_indonesia_postcode_search,2026-08-11,32,JAWA BARAT,32.09,KAB. CIREBON,32.09.29,KALIWEDI,32.09.29.2006,KALIWEDI LOR,45665,45165,45665,exact_match,true,false,KALIWEDI LOR,1,1,https://kodepos.posindonesia.co.id/CariKodepos,Rate-limited internal observation; exact hierarchy match; requires adjudication before promotion.
pos_indonesia_postcode_search,2026-08-11,32,JAWA BARAT,32.09,KAB. CIREBON,32.09.29,KALIWEDI,32.09.29.2007,KALIWEDI KIDUL,45665,45165,45665,exact_match,true,false,KALIWEDI KIDUL,1,1,https://kodepos.posindonesia.co.id/CariKodepos,Rate-limited internal observation; exact hierarchy match; requires adjudication before promotion.
pos_indonesia_postcode_search,2026-08-11,32,JAWA BARAT,32.09,KAB. CIREBON,32.09.29,KALIWEDI,32.09.29.2008,GUWA KIDUL,45665,45165,45665,exact_match,true,false,GUWA KIDUL,1,1,https://kodepos.posindonesia.co.id/CariKodepos,Rate-limited internal observation; exact hierarchy match; requires adjudication before promotion.
pos_indonesia_postcode_search,2026-08-11,32,JAWA BARAT,32.09,KAB. CIREBON,32.09.29,KALIWEDI,32.09.29.2009,GUWA LOR,45665,45165,45665,exact_match,true,false,GUWA LOR,1,1,https://kodepos.posindonesia.co.id/CariKodepos,Rate-limited internal observation; exact hierarchy match; requires adjudication before promotion.
pos_indonesia_postcode_search,2026-08-11,32,JAWA BARAT,32.09,KAB. CIREBON,32.09.31,DEPOK,32.09.31.2001,CIKEDUK,45641,45155,45641,exact_match,true,false,CIKEDUK,1,1,https://kodepos.posindonesia.co.id/CariKodepos,Rate-limited internal observation; exact hierarchy match; requires adjudication before promotion.
pos_indonesia_postcode_search,2026-08-11,32,JAWA BARAT,32.09,KAB. CIREBON,32.09.31,DEPOK,32.09.31.2002,WARUJAYA,45641,45155,45641,exact_match,true,false,WARUJAYA,2,1,https://kodepos.posindonesia.co.id/CariKodepos,Rate-limited internal observation; exact hierarchy match; requires adjudication before promotion.
pos_indonesia_postcode_search,2026-08-11,32,JAWA BARAT,32.09,KAB. CIREBON,32.09.31,DEPOK,32.09.31.2003,WARUKAWUNG,45641,45155,45641,exact_match,true,false,WARUKAWUNG,1,1,https://kodepos.posindonesia.co.id/CariKodepos,Rate-limited internal observation; exact hierarchy match; requires adjudication before promotion.
pos_indonesia_postcode_search,2026-08-11,32,JAWA BARAT,32.09,KAB. CIREBON,32.09.31,DEPOK,32.09.31.2004,WARUGEDE,45641,45155,45641,exact_match,true,false,WARUGEDE,1,1,https://kodepos.posindonesia.co.id/CariKodepos,Rate-limited internal observation; exact hierarchy match; requires adjudication before promotion.
pos_indonesia_postcode_search,2026-08-11,32,JAWA BARAT,32.09,KAB. CIREBON,32.09.31,DEPOK,32.09.31.2005,WARUROYOM,45641,45155,45641,exact_match,true,false,WARUROYOM,1,1,https://kodepos.posindonesia.co.id/CariKodepos,Rate-limited internal observation; exact hierarchy match; requires adjudication before promotion.
pos_indonesia_postcode_search,2026-08-11,32,JAWA BARAT,32.09,KAB. CIREBON,32.09.31,DEPOK,32.09.31.2006,DEPOK,45641,45155,45641,exact_match,true,false,DEPOK,97,1,https://kodepos.posindonesia.co.id/CariKodepos,Rate-limited internal observation; exact hierarchy match; requires adjudication before promotion.
pos_indonesia_postcode_search,2026-08-11,32,JAWA BARAT,32.09,KAB. CIREBON,32.09.31,DEPOK,32.09.31.2007,KASUGENGAN KIDUL,45641,45155,45641,exact_match,true,false,KASUGENGAN KIDUL,1,1,https://kodepos.posindonesia.co.id/CariKodepos,Rate-limited internal observation; exact hierarchy match; requires adjudication before promotion.
pos_indonesia_postcode_search,2026-08-11,32,JAWA BARAT,32.09,KAB. CIREBON,32.09.31,DEPOK,32.09.31.2008,KASUGENGAN LOR,45641,45155,45641,exact_match,true,false,KASUGENGAN LOR,1,1,https://kodepos.posindonesia.co.id/CariKodepos,Rate-limited internal observation; exact hierarchy match; requires adjudication before promotion.
pos_indonesia_postcode_search,2026-08-11,32,JAWA BARAT,32.09,KAB. CIREBON,32.09.31,DEPOK,32.09.31.2009,KEDUANAN,45641,45155,45641,exact_match,true,false,KEDUANAN,1,1,https://kodepos.posindonesia.co.id/CariKodepos,Rate-limited internal observation; exact hierarchy match; requires adjudication before promotion.
pos_indonesia_postcode_search,2026-08-11,32,JAWA BARAT,32.09,KAB. CIREBON,32.09.31,DEPOK,32.09.31.2010,KEJUDEN,45641,45155,45641,exact_match,true,false,KEJUDEN,1,1,https://kodepos.posindonesia.co.id/CariKodepos,Rate-limited internal observation; exact hierarchy match; requires adjudication before promotion.
pos_indonesia_postcode_search,2026-08-11,32,JAWA BARAT,32.09,KAB. CIREBON,32.09.31,DEPOK,32.09.31.2011,GETASAN,45641,45155,45641,exact_match,true,false,GETASAN,16,1,https://kodepos.posindonesia.co.id/CariKodepos,Rate-limited internal observation; exact hierarchy match; requires adjudication before promotion.
pos_indonesia_postcode_search,2026-08-11,32,JAWA BARAT,32.09,KAB. CIREBON,32.09.31,DEPOK,32.09.31.2012,KARANGWANGI,45641,45155,45641,exact_match,true,false,KARANGWANGI,6,1,https://kodepos.posindonesia.co.id/CariKodepos,Rate-limited internal observation; exact hierarchy match; requires adjudication before promotion.
pos_indonesia_postcode_search,2026-08-11,32,JAWA BARAT,32.09,KAB. CIREBON,32.09.32,PASALEMAN,32.09.32.2001,TONJONG,45697,45187,45697,exact_match,true,false,TONJONG,22,1,https://kodepos.posindonesia.co.id/CariKodepos,Rate-limited internal observation; exact hierarchy match; requires adjudication before promotion.
pos_indonesia_postcode_search,2026-08-11,32,JAWA BARAT,32.09,KAB. CIREBON,32.09.32,PASALEMAN,32.09.32.2002,TANJUNGANOM,45697,45187,45697,exact_match,true,false,TANJUNGANOM,26,1,https://kodepos.posindonesia.co.id/CariKodepos,Rate-limited internal observation; exact hierarchy match; requires adjudication before promotion.
pos_indonesia_postcode_search,2026-08-11,32,JAWA BARAT,32.09,KAB. CIREBON,32.09.32,PASALEMAN,32.09.32.2003,CILENGKRANG GIRANG,45697,45187,45697,exact_match,true,false,CILENGKRANG GIRANG,1,1,https://kodepos.posindonesia.co.id/CariKodepos,Rate-limited internal observation; exact hierarchy match; requires adjudication before promotion.
pos_indonesia_postcode_search,2026-08-11,32,JAWA BARAT,32.09,KAB. CIREBON,32.09.32,PASALEMAN,32.09.32.2004,CILENGKRANG,45697,45187,45697,exact_match,true,false,CILENGKRANG,9,1,https://kodepos.posindonesia.co.id/CariKodepos,Rate-limited internal observation; exact hierarchy match; requires adjudication before promotion.
pos_indonesia_postcode_search,2026-08-11,32,JAWA BARAT,32.09,KAB. CIREBON,32.09.32,PASALEMAN,32.09.32.2005,PASALEMAN,45697,45187,45697,exact_match,true,false,PASALEMAN,7,1,https://kodepos.posindonesia.co.id/CariKodepos,Rate-limited internal observation; exact hierarchy match; requires adjudication before promotion.
pos_indonesia_postcode_search,2026-08-11,32,JAWA BARAT,32.09,KAB. CIREBON,32.09.32,PASALEMAN,32.09.32.2007,CIGOBANG,45697,45187,45697,exact_match,true,false,CIGOBANG,2,1,https://kodepos.posindonesia.co.id/CariKodepos,Rate-limited internal observation; exact hierarchy match; requires adjudication before promotion.
pos_indonesia_postcode_search,2026-08-11,32,JAWA BARAT,32.09,KAB. CIREBON,32.09.36,PLERED,32.09.36.2001,TEGALSARI,45654,45154,45654,exact_match,true,false,TEGALSARI,36,1,https://kodepos.posindonesia.co.id/CariKodepos,Rate-limited internal observation; exact hierarchy match; requires adjudication before promotion.
pos_indonesia_postcode_search,2026-08-11,32,JAWA BARAT,32.09,KAB. CIREBON,32.09.36,PLERED,32.09.36.2002,KALIWULU,45654,45154,45654,exact_match,true,false,KALIWULU,3,1,https://kodepos.posindonesia.co.id/CariKodepos,Rate-limited internal observation; exact hierarchy match; requires adjudication before promotion.
pos_indonesia_postcode_search,2026-08-11,32,JAWA BARAT,32.09,KAB. CIREBON,32.09.36,PLERED,32.09.36.2003,PANEMBAHAN,45654,45154,45654,exact_match,true,false,PANEMBAHAN,2,1,https://kodepos.posindonesia.co.id/CariKodepos,Rate-limited internal observation; exact hierarchy match; requires adjudication before promotion.
pos_indonesia_postcode_search,2026-08-11,32,JAWA BARAT,32.09,KAB. CIREBON,32.09.36,PLERED,32.09.36.2004,TRUSMI WETAN,45654,45154,45654,exact_match,true,false,TRUSMI WETAN,1,1,https://kodepos.posindonesia.co.id/CariKodepos,Rate-limited internal observation; exact hierarchy match; requires adjudication before promotion.
pos_indonesia_postcode_search,2026-08-11,32,JAWA BARAT,32.09,KAB. CIREBON,32.09.36,PLERED,32.09.36.2005,TRUSMI KULON,45654,45154,45654,exact_match,true,false,TRUSMI KULON,1,1,https://kodepos.posindonesia.co.id/CariKodepos,Rate-limited internal observation; exact hierarchy match; requires adjudication before promotion.
pos_indonesia_postcode_search,2026-08-11,32,JAWA BARAT,32.09,KAB. CIREBON,32.09.36,PLERED,32.09.36.2006,WOTGALI,45654,45154,45654,exact_match,true,false,WOTGALI,4,1,https://kodepos.posindonesia.co.id/CariKodepos,Rate-limited internal observation; exact hierarchy match; requires adjudication before promotion.
pos_indonesia_postcode_search,2026-08-11,32,JAWA BARAT,32.09,KAB. CIREBON,32.09.36,PLERED,32.09.36.2010,PANGKALAN,45654,45154,45654,exact_match,true,false,PANGKALAN,205,1,https://kodepos.posindonesia.co.id/CariKodepos,Rate-limited internal observation; exact hierarchy match; requires adjudication before promotion.
pos_indonesia_postcode_search,2026-08-11,32,JAWA BARAT,32.09,KAB. CIREBON,32.09.37,GEMPOL,32.09.37.2001,CIKEUSAL,45668,45161,45668,exact_match,true,false,CIKEUSAL,23,1,https://kodepos.posindonesia.co.id/CariKodepos,Rate-limited internal observation; exact hierarchy match; requires adjudication before promotion.
pos_indonesia_postcode_search,2026-08-11,32,JAWA BARAT,32.09,KAB. CIREBON,32.09.37,GEMPOL,32.09.37.2002,PALIMANAN BARAT,45668,45161,45668,exact_match,true,false,PALIMANAN BARAT,1,1,https://kodepos.posindonesia.co.id/CariKodepos,Rate-limited internal observation; exact hierarchy match; requires adjudication before promotion.
pos_indonesia_postcode_search,2026-08-11,32,JAWA BARAT,32.09,KAB. CIREBON,32.09.37,GEMPOL,32.09.37.2003,KEDUNGBUNDER,45668,45161,45668,exact_match,true,false,KEDUNGBUNDER,2,1,https://kodepos.posindonesia.co.id/CariKodepos,Rate-limited internal observation; exact hierarchy match; requires adjudication before promotion.
pos_indonesia_postcode_search,2026-08-11,32,JAWA BARAT,32.09,KAB. CIREBON,32.09.37,GEMPOL,32.09.37.2004,CUPANG,45668,45161,45668,exact_match,true,false,CUPANG,3,1,https://kodepos.posindonesia.co.id/CariKodepos,Rate-limited internal observation; exact hierarchy match; requires adjudication before promotion.
pos_indonesia_postcode_search,2026-08-11,32,JAWA BARAT,32.09,KAB. CIREBON,32.09.37,GEMPOL,32.09.37.2005,GEMPOL,45668,45161,45668,exact_match,true,false,GEMPOL,74,1,https://kodepos.posindonesia.co.id/CariKodepos,Rate-limited internal observation; exact hierarchy match; requires adjudication before promotion.
pos_indonesia_postcode_search,2026-08-11,32,JAWA BARAT,32.09,KAB. CIREBON,32.09.37,GEMPOL,32.09.37.2006,WALAHAR,45668,45161,45668,exact_match,true,false,WALAHAR,3,1,https://kodepos.posindonesia.co.id/CariKodepos,Rate-limited internal observation; exact hierarchy match; requires adjudication before promotion.
pos_indonesia_postcode_search,2026-08-11,32,JAWA BARAT,32.09,KAB. CIREBON,32.09.37,GEMPOL,32.09.37.2007,KEMPEK,45668,45161,45668,exact_match,true,false,KEMPEK,1,1,https://kodepos.posindonesia.co.id/CariKodepos,Rate-limited internal observation; exact hierarchy match; requires adjudication before promotion.
pos_indonesia_postcode_search,2026-08-11,32,JAWA BARAT,32.09,KAB. CIREBON,32.09.37,GEMPOL,32.09.37.2008,WINONG,45668,45161,45668,exact_match,true,false,WINONG,71,1,https://kodepos.posindonesia.co.id/CariKodepos,Rate-limited internal observation; exact hierarchy match; requires adjudication before promotion.
pos_indonesia_postcode_search,2026-08-11,32,JAWA BARAT,32.09,KAB. CIREBON,32.09.40,JAMBLANG,32.09.40.2001,JAMBLANG,45657,45156,45657,exact_match,true,false,JAMBLANG,8,1,https://kodepos.posindonesia.co.id/CariKodepos,Rate-limited internal observation; exact hierarchy match; requires adjudication before promotion.
pos_indonesia_postcode_search,2026-08-11,32,JAWA BARAT,32.09,KAB. CIREBON,32.09.40,JAMBLANG,32.09.40.2002,SITIWINANGUN,45657,45156,45657,exact_match,true,false,SITIWINANGUN,1,1,https://kodepos.posindonesia.co.id/CariKodepos,Rate-limited internal observation; exact hierarchy match; requires adjudication before promotion.
pos_indonesia_postcode_search,2026-08-11,32,JAWA BARAT,32.09,KAB. CIREBON,32.09.40,JAMBLANG,32.09.40.2003,WANGUNHARJA,45657,45156,45657,exact_match,true,false,WANGUNHARJA,3,1,https://kodepos.posindonesia.co.id/CariKodepos,Rate-limited internal observation; exact hierarchy match; requires adjudication before promotion.
pos_indonesia_postcode_search,2026-08-11,32,JAWA BARAT,32.09,KAB. CIREBON,32.09.40,JAMBLANG,32.09.40.2004,BOJONG WETAN,45657,45156,45657,exact_match,true,false,BOJONG WETAN,1,1,https://kodepos.posindonesia.co.id/CariKodepos,Rate-limited internal observation; exact hierarchy match; requires adjudication before promotion.
pos_indonesia_postcode_search,2026-08-11,32,JAWA BARAT,32.09,KAB. CIREBON,32.09.40,JAMBLANG,32.09.40.2005,BOJONG LOR,45657,45156,45657,exact_match,true,false,BOJONG LOR,1,1,https://kodepos.posindonesia.co.id/CariKodepos,Rate-limited internal observation; exact hierarchy match; requires adjudication before promotion.
pos_indonesia_postcode_search,2026-08-11,32,JAWA BARAT,32.09,KAB. CIREBON,32.09.40,JAMBLANG,32.09.40.2006,ORIMALANG,45657,45156,45657,exact_match,true,false,ORIMALANG,1,1,https://kodepos.posindonesia.co.id/CariKodepos,Rate-limited internal observation; exact hierarchy match; requires adjudication before promotion.
pos_indonesia_postcode_search,2026-08-11,32,JAWA BARAT,32.09,KAB. CIREBON,32.09.40,JAMBLANG,32.09.40.2007,BAKUNG KIDUL,45657,45156,45657,exact_match,true,false,BAKUNG KIDUL,1,1,https://kodepos.posindonesia.co.id/CariKodepos,Rate-limited internal observation; exact hierarchy match; requires adjudication before promotion.
pos_indonesia_postcode_search,2026-08-11,32,JAWA BARAT,32.09,KAB. CIREBON,32.09.40,JAMBLANG,32.09.40.2008,BAKUNG LOR,45657,45156,45657,exact_match,true,false,BAKUNG LOR,1,1,https://kodepos.posindonesia.co.id/CariKodepos,Rate-limited internal observation; exact hierarchy match; requires adjudication before promotion.
pos_indonesia_postcode_search,2026-08-11,32,JAWA BARAT,32.10,KAB. MAJALENGKA,32.10.03,CIKIJING,32.10.03.2015,CILANCANG,45463,45466,45466,exact_match,false,true,CILANCANG,1,1,https://kodepos.posindonesia.co.id/CariKodepos,Rate-limited internal observation; exact hierarchy match; requires adjudication before promotion.
pos_indonesia_postcode_search,2026-08-11,32,JAWA BARAT,32.10,KAB. MAJALENGKA,32.10.06,MAJA,32.10.06.2018,NUNUK BARU,45412,45461,45461,exact_match,false,true,NUNUK BARU,1,1,https://kodepos.posindonesia.co.id/CariKodepos,Rate-limited internal observation; exact hierarchy match; requires adjudication before promotion.
pos_indonesia_postcode_search,2026-08-11,32,JAWA BARAT,32.10,KAB. MAJALENGKA,32.10.07,MAJALENGKA,32.10.07.1004,SINDANGKASIH,45412,45411,45412,exact_match,true,false,SINDANGKASIH,12,1,https://kodepos.posindonesia.co.id/CariKodepos,Rate-limited internal observation; exact hierarchy match; requires adjudication before promotion.
pos_indonesia_postcode_search,2026-08-11,32,JAWA BARAT,32.10,KAB. MAJALENGKA,32.10.07,MAJALENGKA,32.10.07.2005,KULUR,45412,45411,45412,exact_match,true,false,KULUR,31,1,https://kodepos.posindonesia.co.id/CariKodepos,Rate-limited internal observation; exact hierarchy match; requires adjudication before promotion.
pos_indonesia_postcode_search,2026-08-11,32,JAWA BARAT,32.10,KAB. MAJALENGKA,32.10.07,MAJALENGKA,32.10.07.2006,KAWUNGGIRANG,45412,45411,45412,exact_match,true,false,KAWUNGGIRANG,1,1,https://kodepos.posindonesia.co.id/CariKodepos,Rate-limited internal observation; exact hierarchy match; requires adjudication before promotion.
pos_indonesia_postcode_search,2026-08-11,32,JAWA BARAT,32.10,KAB. MAJALENGKA,32.10.07,MAJALENGKA,32.10.07.2012,SIDAMUKTI,45417,45411,45417,exact_match,true,false,SIDAMUKTI,4,1,https://kodepos.posindonesia.co.id/CariKodepos,Rate-limited internal observation; exact hierarchy match; requires adjudication before promotion.
pos_indonesia_postcode_search,2026-08-11,32,JAWA BARAT,32.10,KAB. MAJALENGKA,32.10.07,MAJALENGKA,32.10.07.2014,CIBODAS,45412,45411,45412,exact_match,true,false,CIBODAS,23,1,https://kodepos.posindonesia.co.id/CariKodepos,Rate-limited internal observation; exact hierarchy match; requires adjudication before promotion.
pos_indonesia_postcode_search,2026-08-11,32,JAWA BARAT,32.10,KAB. MAJALENGKA,32.10.13,KADIPATEN,32.10.13.2002,KADIPATEN,45452,45452,45452,exact_match,true,true,KADIPATEN,20,1,https://kodepos.posindonesia.co.id/CariKodepos,Rate-limited internal observation; exact hierarchy match; requires adjudication before promotion.
pos_indonesia_postcode_search,2026-08-11,32,JAWA BARAT,32.10,KAB. MAJALENGKA,32.10.17,SUMBERJAYA,32.10.17.2005,BANJARAN,45455,45468,45455,exact_match,true,false,BANJARAN,71,1,https://kodepos.posindonesia.co.id/CariKodepos,Rate-limited internal observation; exact hierarchy match; requires adjudication before promotion.
pos_indonesia_postcode_search,2026-08-11,32,JAWA BARAT,32.10,KAB. MAJALENGKA,32.10.18,PANYINGKIRAN,32.10.18.2001,CIJUREY,45437,45459,45459,exact_match,false,true,CIJUREY,2,1,https://kodepos.posindonesia.co.id/CariKodepos,Rate-limited internal observation; exact hierarchy match; requires adjudication before promotion.
pos_indonesia_postcode_search,2026-08-11,32,JAWA BARAT,32.10,KAB. MAJALENGKA,32.10.18,PANYINGKIRAN,32.10.18.2002,PASIRMUNCANG,45438,45459,45459,exact_match,false,true,PASIRMUNCANG,3,1,https://kodepos.posindonesia.co.id/CariKodepos,Rate-limited internal observation; exact hierarchy match; requires adjudication before promotion.
pos_indonesia_postcode_search,2026-08-11,32,JAWA BARAT,32.10,KAB. MAJALENGKA,32.10.18,PANYINGKIRAN,32.10.18.2003,JATIPAMOR,45431,45459,45459,exact_match,false,true,JATIPAMOR,2,1,https://kodepos.posindonesia.co.id/CariKodepos,Rate-limited internal observation; exact hierarchy match; requires adjudication before promotion.
pos_indonesia_postcode_search,2026-08-11,32,JAWA BARAT,32.10,KAB. MAJALENGKA,32.10.18,PANYINGKIRAN,32.10.18.2004,BANTRANGSANA,45439,45459,45459,exact_match,false,true,BANTRANGSANA,1,1,https://kodepos.posindonesia.co.id/CariKodepos,Rate-limited internal observation; exact hierarchy match; requires adjudication before promotion.
pos_indonesia_postcode_search,2026-08-11,32,JAWA BARAT,32.10,KAB. MAJALENGKA,32.10.18,PANYINGKIRAN,32.10.18.2005,JATISERANG,45436,45459,45459,exact_match,false,true,JATISERANG,1,1,https://kodepos.posindonesia.co.id/CariKodepos,Rate-limited internal observation; exact hierarchy match; requires adjudication before promotion.
pos_indonesia_postcode_search,2026-08-11,32,JAWA BARAT,32.10,KAB. MAJALENGKA,32.10.18,PANYINGKIRAN,32.10.18.2006,BONANG,45435,45459,45459,exact_match,false,true,BONANG,26,1,https://kodepos.posindonesia.co.id/CariKodepos,Rate-limited internal observation; exact hierarchy match; requires adjudication before promotion.
pos_indonesia_postcode_search,2026-08-11,32,JAWA BARAT,32.10,KAB. MAJALENGKA,32.10.18,PANYINGKIRAN,32.10.18.2007,LEUWISEENG,45434,45459,45459,exact_match,false,true,LEUWISEENG,1,1,https://kodepos.posindonesia.co.id/CariKodepos,Rate-limited internal observation; exact hierarchy match; requires adjudication before promotion.
pos_indonesia_postcode_search,2026-08-11,32,JAWA BARAT,32.10,KAB. MAJALENGKA,32.10.18,PANYINGKIRAN,32.10.18.2008,PANYINGKIRAN,45432,45459,45459,exact_match,false,true,PANYINGKIRAN,16,1,https://kodepos.posindonesia.co.id/CariKodepos,Rate-limited internal observation; exact hierarchy match; requires adjudication before promotion.
pos_indonesia_postcode_search,2026-08-11,32,JAWA BARAT,32.10,KAB. MAJALENGKA,32.10.18,PANYINGKIRAN,32.10.18.2009,KARYAMUKTI,45433,45459,45459,exact_match,false,true,KARYAMUKTI,13,1,https://kodepos.posindonesia.co.id/CariKodepos,Rate-limited internal observation; exact hierarchy match; requires adjudication before promotion.
pos_indonesia_postcode_search,2026-08-11,32,JAWA BARAT,32.10,KAB. MAJALENGKA,32.10.20,CIGASONG,32.10.20.1004,CIGASONG,45423,45476,45423,exact_match,true,false,CIGASONG,10,1,https://kodepos.posindonesia.co.id/CariKodepos,Rate-limited internal observation; exact hierarchy match; requires adjudication before promotion.
pos_indonesia_postcode_search,2026-08-11,32,JAWA BARAT,32.10,KAB. MAJALENGKA,32.10.20,CIGASONG,32.10.20.1005,SIMPEUREUM,45422,45476,45422,exact_match,true,false,SIMPEUREUM,1,1,https://kodepos.posindonesia.co.id/CariKodepos,Rate-limited internal observation; exact hierarchy match; requires adjudication before promotion.
pos_indonesia_postcode_search,2026-08-11,32,JAWA BARAT,32.10,KAB. MAJALENGKA,32.10.20,CIGASONG,32.10.20.1006,CICENANG,45424,45476,45424,exact_match,true,false,CICENANG,1,1,https://kodepos.posindonesia.co.id/CariKodepos,Rate-limited internal observation; exact hierarchy match; requires adjudication before promotion.
pos_indonesia_postcode_search,2026-08-11,32,JAWA BARAT,32.10,KAB. MAJALENGKA,32.10.20,CIGASONG,32.10.20.2001,KAWUNGHILIR,45429,45476,45429,exact_match,true,false,KAWUNGHILIR,1,1,https://kodepos.posindonesia.co.id/CariKodepos,Rate-limited internal observation; exact hierarchy match; requires adjudication before promotion.
pos_indonesia_postcode_search,2026-08-11,32,JAWA BARAT,32.10,KAB. MAJALENGKA,32.10.20,CIGASONG,32.10.20.2002,TAJUR,45429,45476,45429,exact_match,true,false,TAJUR,18,1,https://kodepos.posindonesia.co.id/CariKodepos,Rate-limited internal observation; exact hierarchy match; requires adjudication before promotion.
pos_indonesia_postcode_search,2026-08-11,32,JAWA BARAT,32.10,KAB. MAJALENGKA,32.10.20,CIGASONG,32.10.20.2003,TENJOLAYAR,45421,45476,45421,exact_match,true,false,TENJOLAYAR,2,1,https://kodepos.posindonesia.co.id/CariKodepos,Rate-limited internal observation; exact hierarchy match; requires adjudication before promotion.
pos_indonesia_postcode_search,2026-08-11,32,JAWA BARAT,32.10,KAB. MAJALENGKA,32.10.20,CIGASONG,32.10.20.2007,BARIBIS,45425,45476,45425,exact_match,true,false,BARIBIS,1,1,https://kodepos.posindonesia.co.id/CariKodepos,Rate-limited internal observation; exact hierarchy match; requires adjudication before promotion.
pos_indonesia_postcode_search,2026-08-11,32,JAWA BARAT,32.10,KAB. MAJALENGKA,32.10.20,CIGASONG,32.10.20.2008,BATUJAYA,45426,45476,45426,exact_match,true,false,BATUJAYA,12,1,https://kodepos.posindonesia.co.id/CariKodepos,Rate-limited internal observation; exact hierarchy match; requires adjudication before promotion.
pos_indonesia_postcode_search,2026-08-11,32,JAWA BARAT,32.10,KAB. MAJALENGKA,32.10.20,CIGASONG,32.10.20.2009,KUTAMANGGU,45427,45476,45427,exact_match,true,false,KUTAMANGGU,1,1,https://kodepos.posindonesia.co.id/CariKodepos,Rate-limited internal observation; exact hierarchy match; requires adjudication before promotion.
pos_indonesia_postcode_search,2026-08-11,32,JAWA BARAT,32.10,KAB. MAJALENGKA,32.10.20,CIGASONG,32.10.20.2010,KARAYUNAN,45428,45476,45428,exact_match,true,false,KARAYUNAN,1,1,https://kodepos.posindonesia.co.id/CariKodepos,Rate-limited internal observation; exact hierarchy match; requires adjudication before promotion.
pos_indonesia_postcode_search,2026-08-11,32,JAWA BARAT,32.10,KAB. MAJALENGKA,32.10.25,SINDANG,32.10.25.2001,PASIRAYU,45478,45471,45478,exact_match,true,false,PASIRAYU,1,1,https://kodepos.posindonesia.co.id/CariKodepos,Rate-limited internal observation; exact hierarchy match; requires adjudication before promotion.
pos_indonesia_postcode_search,2026-08-11,32,JAWA BARAT,32.10,KAB. MAJALENGKA,32.10.25,SINDANG,32.10.25.2002,SINDANG,45478,45471,45478,exact_match,true,false,SINDANG,282,1,https://kodepos.posindonesia.co.id/CariKodepos,Rate-limited internal observation; exact hierarchy match; requires adjudication before promotion.
pos_indonesia_postcode_search,2026-08-11,32,JAWA BARAT,32.10,KAB. MAJALENGKA,32.10.25,SINDANG,32.10.25.2003,GARAWASTU,45478,45471,45478,exact_match,true,false,GARAWASTU,1,1,https://kodepos.posindonesia.co.id/CariKodepos,Rate-limited internal observation; exact hierarchy match; requires adjudication before promotion.
pos_indonesia_postcode_search,2026-08-11,32,JAWA BARAT,32.10,KAB. MAJALENGKA,32.10.25,SINDANG,32.10.25.2004,INDRAKILA,45478,45471,45478,exact_match,true,false,INDRAKILA,1,1,https://kodepos.posindonesia.co.id/CariKodepos,Rate-limited internal observation; exact hierarchy match; requires adjudication before promotion.
pos_indonesia_postcode_search,2026-08-11,32,JAWA BARAT,32.10,KAB. MAJALENGKA,32.10.25,SINDANG,32.10.25.2005,GUNUNGKUNING,45478,45471,45478,exact_match,true,false,GUNUNGKUNING,1,1,https://kodepos.posindonesia.co.id/CariKodepos,Rate-limited internal observation; exact hierarchy match; requires adjudication before promotion.
pos_indonesia_postcode_search,2026-08-11,32,JAWA BARAT,32.10,KAB. MAJALENGKA,32.10.25,SINDANG,32.10.25.2007,SANGKANHURIP,45478,45471,45478,exact_match,true,false,SANGKANHURIP,3,1,https://kodepos.posindonesia.co.id/CariKodepos,Rate-limited internal observation; exact hierarchy match; requires adjudication before promotion.
pos_indonesia_postcode_search,2026-08-11,32,JAWA BARAT,32.10,KAB. MAJALENGKA,32.10.25,SINDANG,32.10.25.2008,BAYUREJA,45478,45471,45478,exact_match,true,false,BAYUREJA,1,1,https://kodepos.posindonesia.co.id/CariKodepos,Rate-limited internal observation; exact hierarchy match; requires adjudication before promotion.
pos_indonesia_postcode_search,2026-08-11,32,JAWA BARAT,32.11,KAB. SUMEDANG,32.11.05,CISITU,32.11.05.2001,CISITU,45377,45363,45377,exact_match,true,false,CISITU,13,1,https://kodepos.posindonesia.co.id/CariKodepos,Rate-limited internal observation; exact hierarchy match; requires adjudication before promotion.
pos_indonesia_postcode_search,2026-08-11,32,JAWA BARAT,32.11,KAB. SUMEDANG,32.11.05,CISITU,32.11.05.2002,SITUMEKAR,45377,45363,45377,exact_match,true,false,SITUMEKAR,2,1,https://kodepos.posindonesia.co.id/CariKodepos,Rate-limited internal observation; exact hierarchy match; requires adjudication before promotion.
pos_indonesia_postcode_search,2026-08-11,32,JAWA BARAT,32.11,KAB. SUMEDANG,32.11.05,CISITU,32.11.05.2003,PAJAGAN,45377,45363,45377,exact_match,true,false,PAJAGAN,2,1,https://kodepos.posindonesia.co.id/CariKodepos,Rate-limited internal observation; exact hierarchy match; requires adjudication before promotion.
pos_indonesia_postcode_search,2026-08-11,32,JAWA BARAT,32.11,KAB. SUMEDANG,32.11.05,CISITU,32.11.05.2004,CIGINTUNG,45377,45363,45377,exact_match,true,false,CIGINTUNG,4,1,https://kodepos.posindonesia.co.id/CariKodepos,Rate-limited internal observation; exact hierarchy match; requires adjudication before promotion.
pos_indonesia_postcode_search,2026-08-11,32,JAWA BARAT,32.11,KAB. SUMEDANG,32.11.05,CISITU,32.11.05.2005,SUNDAMEKAR,45377,45363,45377,exact_match,true,false,SUNDAMEKAR,1,1,https://kodepos.posindonesia.co.id/CariKodepos,Rate-limited internal observation; exact hierarchy match; requires adjudication before promotion.
pos_indonesia_postcode_search,2026-08-11,32,JAWA BARAT,32.11,KAB. SUMEDANG,32.11.05,CISITU,32.11.05.2006,LINGGAJAYA,45377,45363,45377,exact_match,true,false,LINGGAJAYA,3,1,https://kodepos.posindonesia.co.id/CariKodepos,Rate-limited internal observation; exact hierarchy match; requires adjudication before promotion.
pos_indonesia_postcode_search,2026-08-11,32,JAWA BARAT,32.11,KAB. SUMEDANG,32.11.05,CISITU,32.11.05.2007,RANJENG,45377,45363,45377,exact_match,true,false,RANJENG,5,1,https://kodepos.posindonesia.co.id/CariKodepos,Rate-limited internal observation; exact hierarchy match; requires adjudication before promotion.
pos_indonesia_postcode_search,2026-08-11,32,JAWA BARAT,32.11,KAB. SUMEDANG,32.11.05,CISITU,32.11.05.2008,CILOPANG,45377,45363,45377,exact_match,true,false,CILOPANG,1,1,https://kodepos.posindonesia.co.id/CariKodepos,Rate-limited internal observation; exact hierarchy match; requires adjudication before promotion.
pos_indonesia_postcode_search,2026-08-11,32,JAWA BARAT,32.11,KAB. SUMEDANG,32.11.05,CISITU,32.11.05.2009,CIMARGA,45357,45363,45377,exact_match,false,false,CIMARGA,18,1,https://kodepos.posindonesia.co.id/CariKodepos,Rate-limited internal observation; exact hierarchy match; requires adjudication before promotion.
pos_indonesia_postcode_search,2026-08-11,32,JAWA BARAT,32.11,KAB. SUMEDANG,32.11.05,CISITU,32.11.05.2010,CINANGSI,45377,45363,45377,exact_match,true,false,CINANGSI,4,1,https://kodepos.posindonesia.co.id/CariKodepos,Rate-limited internal observation; exact hierarchy match; requires adjudication before promotion.
pos_indonesia_postcode_search,2026-08-11,32,JAWA BARAT,32.11,KAB. SUMEDANG,32.11.06,SITURAJA,32.11.06.2012,PAMULIHAN,45365,45371,45371,exact_match,false,true,PAMULIHAN,23,1,https://kodepos.posindonesia.co.id/CariKodepos,Rate-limited internal observation; exact hierarchy match; requires adjudication before promotion.
pos_indonesia_postcode_search,2026-08-11,32,JAWA BARAT,32.11,KAB. SUMEDANG,32.11.06,SITURAJA,32.11.06.2015,CICARIMANAH,45382,45371,45371,exact_match,false,true,CICARIMANAH,1,1,https://kodepos.posindonesia.co.id/CariKodepos,Rate-limited internal observation; exact hierarchy match; requires adjudication before promotion.
pos_indonesia_postcode_search,2026-08-11,32,JAWA BARAT,32.11,KAB. SUMEDANG,32.11.17,SUMEDANG SELATAN,32.11.17.1002,KOTAKULON,45312,45311,45312,exact_match,true,false,KOTAKULON,2,1,https://kodepos.posindonesia.co.id/CariKodepos,Rate-limited internal observation; exact hierarchy match; requires adjudication before promotion.
pos_indonesia_postcode_search,2026-08-11,32,JAWA BARAT,32.11,KAB. SUMEDANG,32.11.17,SUMEDANG SELATAN,32.11.17.2005,SUKAGALIH,45316,45311,45316,exact_match,true,false,SUKAGALIH,8,1,https://kodepos.posindonesia.co.id/CariKodepos,Rate-limited internal observation; exact hierarchy match; requires adjudication before promotion.
pos_indonesia_postcode_search,2026-08-11,32,JAWA BARAT,32.11,KAB. SUMEDANG,32.11.17,SUMEDANG SELATAN,32.11.17.2006,BAGINDA,45317,45311,45317,exact_match,true,false,BAGINDA,2,1,https://kodepos.posindonesia.co.id/CariKodepos,Rate-limited internal observation; exact hierarchy match; requires adjudication before promotion.
pos_indonesia_postcode_search,2026-08-11,32,JAWA BARAT,32.11,KAB. SUMEDANG,32.11.17,SUMEDANG SELATAN,32.11.17.2007,CIPANCAR,45317,45311,45317,exact_match,true,false,CIPANCAR,3,1,https://kodepos.posindonesia.co.id/CariKodepos,Rate-limited internal observation; exact hierarchy match; requires adjudication before promotion.
pos_indonesia_postcode_search,2026-08-11,32,JAWA BARAT,32.11,KAB. SUMEDANG,32.11.17,SUMEDANG SELATAN,32.11.17.2008,CITENGAH,45318,45311,45318,exact_match,true,false,CITENGAH,1,1,https://kodepos.posindonesia.co.id/CariKodepos,Rate-limited internal observation; exact hierarchy match; requires adjudication before promotion.
pos_indonesia_postcode_search,2026-08-11,32,JAWA BARAT,32.11,KAB. SUMEDANG,32.11.17,SUMEDANG SELATAN,32.11.17.2009,GUNASARI,45316,45311,45316,exact_match,true,false,GUNASARI,1,1,https://kodepos.posindonesia.co.id/CariKodepos,Rate-limited internal observation; exact hierarchy match; requires adjudication before promotion.
pos_indonesia_postcode_search,2026-08-11,32,JAWA BARAT,32.11,KAB. SUMEDANG,32.11.17,SUMEDANG SELATAN,32.11.17.2010,SUKAJAYA,45311,45314,45314,exact_match,false,true,SUKAJAYA,59,1,https://kodepos.posindonesia.co.id/CariKodepos,Rate-limited internal observation; exact hierarchy match; requires adjudication before promotion.
pos_indonesia_postcode_search,2026-08-11,32,JAWA BARAT,32.11,KAB. SUMEDANG,32.11.17,SUMEDANG SELATAN,32.11.17.2011,MARGAMEKAR,45314,45311,45314,exact_match,true,false,MARGAMEKAR,2,1,https://kodepos.posindonesia.co.id/CariKodepos,Rate-limited internal observation; exact hierarchy match; requires adjudication before promotion.
pos_indonesia_postcode_search,2026-08-11,32,JAWA BARAT,32.11,KAB. SUMEDANG,32.11.17,SUMEDANG SELATAN,32.11.17.2012,CIHERANG,45319,45311,45319,exact_match,true,false,CIHERANG,15,1,https://kodepos.posindonesia.co.id/CariKodepos,Rate-limited internal observation; exact hierarchy match; requires adjudication before promotion.
pos_indonesia_postcode_search,2026-08-11,32,JAWA BARAT,32.11,KAB. SUMEDANG,32.11.17,SUMEDANG SELATAN,32.11.17.2013,MARGALAKSANA,45313,45311,45313,exact_match,true,false,MARGALAKSANA,7,1,https://kodepos.posindonesia.co.id/CariKodepos,Rate-limited internal observation; exact hierarchy match; requires adjudication before promotion.
pos_indonesia_postcode_search,2026-08-11,32,JAWA BARAT,32.11,KAB. SUMEDANG,32.11.18,SUMEDANG UTARA,32.11.18.2004,PADASUKA,45325,45321,45325,exact_match,true,false,PADASUKA,16,1,https://kodepos.posindonesia.co.id/CariKodepos,Rate-limited internal observation; exact hierarchy match; requires adjudication before promotion.
pos_indonesia_postcode_search,2026-08-11,32,JAWA BARAT,32.11,KAB. SUMEDANG,32.11.18,SUMEDANG UTARA,32.11.18.2005,MULYASARI,45326,45321,45326,exact_match,true,false,MULYASARI,18,1,https://kodepos.posindonesia.co.id/CariKodepos,Rate-limited internal observation; exact hierarchy match; requires adjudication before promotion.
pos_indonesia_postcode_search,2026-08-11,32,JAWA BARAT,32.11,KAB. SUMEDANG,32.11.18,SUMEDANG UTARA,32.11.18.2006,GIRIMUKTI,45325,45321,45325,exact_match,true,false,GIRIMUKTI,17,1,https://kodepos.posindonesia.co.id/CariKodepos,Rate-limited internal observation; exact hierarchy match; requires adjudication before promotion.
pos_indonesia_postcode_search,2026-08-11,32,JAWA BARAT,32.11,KAB. SUMEDANG,32.11.18,SUMEDANG UTARA,32.11.18.2007,MEKARJAYA,45323,45321,45328,exact_match,false,false,MEKARJAYA,55,1,https://kodepos.posindonesia.co.id/CariKodepos,Rate-limited internal observation; exact hierarchy match; requires adjudication before promotion.
pos_indonesia_postcode_search,2026-08-11,32,JAWA BARAT,32.11,KAB. SUMEDANG,32.11.18,SUMEDANG UTARA,32.11.18.2008,MARGAMUKTI,45327,45321,45327,exact_match,true,false,MARGAMUKTI,4,1,https://kodepos.posindonesia.co.id/CariKodepos,Rate-limited internal observation; exact hierarchy match; requires adjudication before promotion.
pos_indonesia_postcode_search,2026-08-11,32,JAWA BARAT,32.11,KAB. SUMEDANG,32.11.18,SUMEDANG UTARA,32.11.18.2009,SIRNAMULYA,45326,45321,45326,exact_match,true,false,SIRNAMULYA,1,1,https://kodepos.posindonesia.co.id/CariKodepos,Rate-limited internal observation; exact hierarchy match; requires adjudication before promotion.
pos_indonesia_postcode_search,2026-08-11,32,JAWA BARAT,32.11,KAB. SUMEDANG,32.11.18,SUMEDANG UTARA,32.11.18.2010,KEBONJATI,45329,45321,45329,exact_match,true,false,KEBONJATI,2,1,https://kodepos.posindonesia.co.id/CariKodepos,Rate-limited internal observation; exact hierarchy match; requires adjudication before promotion.
pos_indonesia_postcode_search,2026-08-11,32,JAWA BARAT,32.11,KAB. SUMEDANG,32.11.18,SUMEDANG UTARA,32.11.18.2011,JATIHURIP,45329,45321,45329,exact_match,true,false,JATIHURIP,2,1,https://kodepos.posindonesia.co.id/CariKodepos,Rate-limited internal observation; exact hierarchy match; requires adjudication before promotion.
pos_indonesia_postcode_search,2026-08-11,32,JAWA BARAT,32.11,KAB. SUMEDANG,32.11.18,SUMEDANG UTARA,32.11.18.2012,JATIMULYA,45329,45321,45329,exact_match,true,false,JATIMULYA,14,1,https://kodepos.posindonesia.co.id/CariKodepos,Rate-limited internal observation; exact hierarchy match; requires adjudication before promotion.
pos_indonesia_postcode_search,2026-08-11,32,JAWA BARAT,32.11,KAB. SUMEDANG,32.11.18,SUMEDANG UTARA,32.11.18.2013,RANCAMULYA,45324,45321,45324,exact_match,true,false,RANCAMULYA,4,1,https://kodepos.posindonesia.co.id/CariKodepos,Rate-limited internal observation; exact hierarchy match; requires adjudication before promotion.
pos_indonesia_postcode_search,2026-08-11,32,JAWA BARAT,32.11,KAB. SUMEDANG,32.11.20,TANJUNGKERTA,32.11.20.2012,AWILEGA,45362,45354,45354,exact_match,false,true,AWILEGA,2,1,https://kodepos.posindonesia.co.id/CariKodepos,Rate-limited internal observation; exact hierarchy match; requires adjudication before promotion.
pos_indonesia_postcode_search,2026-08-11,32,JAWA BARAT,32.11,KAB. SUMEDANG,32.11.23,CISARUA,32.11.23.2001,CISARUA,45357,45355,45357,exact_match,true,false,CISARUA,34,1,https://kodepos.posindonesia.co.id/CariKodepos,Rate-limited internal observation; exact hierarchy match; requires adjudication before promotion.
pos_indonesia_postcode_search,2026-08-11,32,JAWA BARAT,32.11,KAB. SUMEDANG,32.11.23,CISARUA,32.11.23.2002,CIUYAH,45357,45355,45357,exact_match,true,false,CIUYAH,3,1,https://kodepos.posindonesia.co.id/CariKodepos,Rate-limited internal observation; exact hierarchy match; requires adjudication before promotion.
pos_indonesia_postcode_search,2026-08-11,32,JAWA BARAT,32.11,KAB. SUMEDANG,32.11.23,CISARUA,32.11.23.2003,CIMARA,45357,45355,45357,exact_match,true,false,CIMARA,11,1,https://kodepos.posindonesia.co.id/CariKodepos,Rate-limited internal observation; exact hierarchy match; requires adjudication before promotion.
pos_indonesia_postcode_search,2026-08-11,32,JAWA BARAT,32.11,KAB. SUMEDANG,32.11.23,CISARUA,32.11.23.2004,BANTARMARA,45357,45355,45357,exact_match,true,false,BANTARMARA,1,1,https://kodepos.posindonesia.co.id/CariKodepos,Rate-limited internal observation; exact hierarchy match; requires adjudication before promotion.
pos_indonesia_postcode_search,2026-08-11,32,JAWA BARAT,32.11,KAB. SUMEDANG,32.11.23,CISARUA,32.11.23.2005,CIPANDANWANGI,45357,45355,45357,exact_match,true,false,CIPANDANWANGI,1,1,https://kodepos.posindonesia.co.id/CariKodepos,Rate-limited internal observation; exact hierarchy match; requires adjudication before promotion.
pos_indonesia_postcode_search,2026-08-11,32,JAWA BARAT,32.11,KAB. SUMEDANG,32.11.23,CISARUA,32.11.23.2006,CISALAK,45357,45355,45357,exact_match,true,false,CISALAK,16,1,https://kodepos.posindonesia.co.id/CariKodepos,Rate-limited internal observation; exact hierarchy match; requires adjudication before promotion.
pos_indonesia_postcode_search,2026-08-11,32,JAWA BARAT,32.11,KAB. SUMEDANG,32.11.23,CISARUA,32.11.23.2007,KEBONKALAPA,45357,45355,45357,exact_match,true,false,KEBONKALAPA,1,1,https://kodepos.posindonesia.co.id/CariKodepos,Rate-limited internal observation; exact hierarchy match; requires adjudication before promotion.
pos_indonesia_postcode_search,2026-08-11,32,JAWA BARAT,32.11,KAB. SUMEDANG,32.11.26,JATIGEDE,32.11.26.2001,CIJEUNGJING,45374,45377,45374,exact_match,true,false,CIJEUNGJING,12,1,https://kodepos.posindonesia.co.id/CariKodepos,Rate-limited internal observation; exact hierarchy match; requires adjudication before promotion.
pos_indonesia_postcode_search,2026-08-11,32,JAWA BARAT,32.11,KAB. SUMEDANG,32.11.26,JATIGEDE,32.11.26.2002,KADUJAYA,45374,45377,45374,exact_match,true,false,KADUJAYA,1,1,https://kodepos.posindonesia.co.id/CariKodepos,Rate-limited internal observation; exact hierarchy match; requires adjudication before promotion.
pos_indonesia_postcode_search,2026-08-11,32,JAWA BARAT,32.11,KAB. SUMEDANG,32.11.26,JATIGEDE,32.11.26.2003,LEBAKSIUH,45374,45377,45374,exact_match,true,false,LEBAKSIUH,2,1,https://kodepos.posindonesia.co.id/CariKodepos,Rate-limited internal observation; exact hierarchy match; requires adjudication before promotion.
pos_indonesia_postcode_search,2026-08-11,32,JAWA BARAT,32.11,KAB. SUMEDANG,32.11.26,JATIGEDE,32.11.26.2004,CINTAJAYA,45374,45377,45374,exact_match,true,false,CINTAJAYA,3,1,https://kodepos.posindonesia.co.id/CariKodepos,Rate-limited internal observation; exact hierarchy match; requires adjudication before promotion.
pos_indonesia_postcode_search,2026-08-11,32,JAWA BARAT,32.11,KAB. SUMEDANG,32.11.26,JATIGEDE,32.11.26.2005,CIPICUNG,45374,45377,45374,exact_match,true,false,CIPICUNG,17,1,https://kodepos.posindonesia.co.id/CariKodepos,Rate-limited internal observation; exact hierarchy match; requires adjudication before promotion.
pos_indonesia_postcode_search,2026-08-11,32,JAWA BARAT,32.11,KAB. SUMEDANG,32.11.26,JATIGEDE,32.11.26.2006,MEKARASIH,45374,45377,45374,exact_match,true,false,MEKARASIH,4,1,https://kodepos.posindonesia.co.id/CariKodepos,Rate-limited internal observation; exact hierarchy match; requires adjudication before promotion.
pos_indonesia_postcode_search,2026-08-11,32,JAWA BARAT,32.11,KAB. SUMEDANG,32.11.26,JATIGEDE,32.11.26.2008,CIRANGGEM,45374,45377,45374,exact_match,true,false,CIRANGGEM,1,1,https://kodepos.posindonesia.co.id/CariKodepos,Rate-limited internal observation; exact hierarchy match; requires adjudication before promotion.
pos_indonesia_postcode_search,2026-08-11,32,JAWA BARAT,32.11,KAB. SUMEDANG,32.11.26,JATIGEDE,32.11.26.2009,CISAMPIH,45374,45377,45374,exact_match,true,false,CISAMPIH,3,1,https://kodepos.posindonesia.co.id/CariKodepos,Rate-limited internal observation; exact hierarchy match; requires adjudication before promotion.
pos_indonesia_postcode_search,2026-08-11,32,JAWA BARAT,32.11,KAB. SUMEDANG,32.11.26,JATIGEDE,32.11.26.2010,JEMAH,45374,45377,45374,exact_match,true,false,JEMAH,2,1,https://kodepos.posindonesia.co.id/CariKodepos,Rate-limited internal observation; exact hierarchy match; requires adjudication before promotion.
pos_indonesia_postcode_search,2026-08-11,32,JAWA BARAT,32.11,KAB. SUMEDANG,32.11.26,JATIGEDE,32.11.26.2011,KAREDOK,45374,45377,45374,exact_match,true,false,KAREDOK,1,1,https://kodepos.posindonesia.co.id/CariKodepos,Rate-limited internal observation; exact hierarchy match; requires adjudication before promotion.
pos_indonesia_postcode_search,2026-08-11,32,JAWA BARAT,32.11,KAB. SUMEDANG,32.11.26,JATIGEDE,32.11.26.2012,KADU,45374,45377,45374,exact_match,true,false,KADU,162,1,https://kodepos.posindonesia.co.id/CariKodepos,Rate-limited internal observation; exact hierarchy match; requires adjudication before promotion.
pos_indonesia_postcode_search,2026-08-11,32,JAWA BARAT,32.12,KAB. INDRAMAYU,32.12.13,JATIBARANG,32.12.13.2014,LOHBENER,45252,45273,45273,exact_match,false,true,LOHBENER,14,1,https://kodepos.posindonesia.co.id/CariKodepos,Rate-limited internal observation; exact hierarchy match; requires adjudication before promotion.
pos_indonesia_postcode_search,2026-08-11,32,JAWA BARAT,32.12,KAB. INDRAMAYU,32.12.14,BALONGAN,32.12.14.2001,TEGAL SEMBADRA,45247,45285,45285,exact_match,false,true,TEGAL SEMBADRA,1,1,https://kodepos.posindonesia.co.id/CariKodepos,Rate-limited internal observation; exact hierarchy match; requires adjudication before promotion.
pos_indonesia_postcode_search,2026-08-11,32,JAWA BARAT,32.12,KAB. INDRAMAYU,32.12.14,BALONGAN,32.12.14.2002,SUKAREJA,45244,45217,45285,exact_match,false,false,SUKAREJA,4,1,https://kodepos.posindonesia.co.id/CariKodepos,Rate-limited internal observation; exact hierarchy match; requires adjudication before promotion.
pos_indonesia_postcode_search,2026-08-11,32,JAWA BARAT,32.12,KAB. INDRAMAYU,32.12.14,BALONGAN,32.12.14.2003,SUKAURIP,45241,45217,45285,exact_match,false,false,SUKAURIP,1,1,https://kodepos.posindonesia.co.id/CariKodepos,Rate-limited internal observation; exact hierarchy match; requires adjudication before promotion.
pos_indonesia_postcode_search,2026-08-11,32,JAWA BARAT,32.12,KAB. INDRAMAYU,32.12.14,BALONGAN,32.12.14.2004,RAWADALEM,45247,45217,45285,exact_match,false,false,RAWADALEM,1,1,https://kodepos.posindonesia.co.id/CariKodepos,Rate-limited internal observation; exact hierarchy match; requires adjudication before promotion.
pos_indonesia_postcode_search,2026-08-11,32,JAWA BARAT,32.12,KAB. INDRAMAYU,32.12.14,BALONGAN,32.12.14.2005,GELARMENDALA,45248,45285,45285,exact_match,false,true,GELARMENDALA,1,1,https://kodepos.posindonesia.co.id/CariKodepos,Rate-limited internal observation; exact hierarchy match; requires adjudication before promotion.
pos_indonesia_postcode_search,2026-08-11,32,JAWA BARAT,32.12,KAB. INDRAMAYU,32.12.14,BALONGAN,32.12.14.2006,TEGALURUNG,45242,45217,45285,exact_match,false,false,TEGALURUNG,4,1,https://kodepos.posindonesia.co.id/CariKodepos,Rate-limited internal observation; exact hierarchy match; requires adjudication before promotion.
pos_indonesia_postcode_search,2026-08-11,32,JAWA BARAT,32.12,KAB. INDRAMAYU,32.12.14,BALONGAN,32.12.14.2007,BALONGAN,45245,45217,45285,exact_match,false,false,BALONGAN,11,1,https://kodepos.posindonesia.co.id/CariKodepos,Rate-limited internal observation; exact hierarchy match; requires adjudication before promotion.
pos_indonesia_postcode_search,2026-08-11,32,JAWA BARAT,32.12,KAB. INDRAMAYU,32.12.14,BALONGAN,32.12.14.2008,MAJAKERTA,45243,45285,45285,exact_match,false,true,MAJAKERTA,3,1,https://kodepos.posindonesia.co.id/CariKodepos,Rate-limited internal observation; exact hierarchy match; requires adjudication before promotion.
pos_indonesia_postcode_search,2026-08-11,32,JAWA BARAT,32.12,KAB. INDRAMAYU,32.12.14,BALONGAN,32.12.14.2009,SUDIMAMPIR,45246,45285,45285,exact_match,false,true,SUDIMAMPIR,3,1,https://kodepos.posindonesia.co.id/CariKodepos,Rate-limited internal observation; exact hierarchy match; requires adjudication before promotion.
pos_indonesia_postcode_search,2026-08-11,32,JAWA BARAT,32.12,KAB. INDRAMAYU,32.12.14,BALONGAN,32.12.14.2010,SUDIMAMPIR LOR,45246,45285,45285,exact_match,false,true,SUDIMAMPIR LOR,1,1,https://kodepos.posindonesia.co.id/CariKodepos,Rate-limited internal observation; exact hierarchy match; requires adjudication before promotion.
pos_indonesia_postcode_search,2026-08-11,32,JAWA BARAT,32.12,KAB. INDRAMAYU,32.12.15,INDRAMAYU,32.12.15.2012,PEKANDANGAN JAYA,45216,45211,45216,exact_match,true,false,PEKANDANGAN JAYA,1,1,https://kodepos.posindonesia.co.id/CariKodepos,Rate-limited internal observation; exact hierarchy match; requires adjudication before promotion.
pos_indonesia_postcode_search,2026-08-11,32,JAWA BARAT,32.12,KAB. INDRAMAYU,32.12.16,SINDANG,32.12.16.2002,RAMBATAN WETAN,45224,45221,45224,exact_match,true,false,RAMBATAN WETAN,1,1,https://kodepos.posindonesia.co.id/CariKodepos,Rate-limited internal observation; exact hierarchy match; requires adjudication before promotion.
pos_indonesia_postcode_search,2026-08-11,32,JAWA BARAT,32.12,KAB. INDRAMAYU,32.12.16,SINDANG,32.12.16.2007,SINDANG,45222,45222,45222,exact_match,true,true,SINDANG,282,1,https://kodepos.posindonesia.co.id/CariKodepos,Rate-limited internal observation; exact hierarchy match; requires adjudication before promotion.
pos_indonesia_postcode_search,2026-08-11,32,JAWA BARAT,32.12,KAB. INDRAMAYU,32.12.17,CANTIGI,32.12.17.2001,CANGKRING,45251,45258,45251,exact_match,true,false,CANGKRING,33,1,https://kodepos.posindonesia.co.id/CariKodepos,Rate-limited internal observation; exact hierarchy match; requires adjudication before promotion.
pos_indonesia_postcode_search,2026-08-11,32,JAWA BARAT,32.12,KAB. INDRAMAYU,32.12.17,CANTIGI,32.12.17.2002,CANTIGI KULON,45251,45258,45251,exact_match,true,false,CANTIGI KULON,1,1,https://kodepos.posindonesia.co.id/CariKodepos,Rate-limited internal observation; exact hierarchy match; requires adjudication before promotion.
pos_indonesia_postcode_search,2026-08-11,32,JAWA BARAT,32.12,KAB. INDRAMAYU,32.12.17,CANTIGI,32.12.17.2003,CANTIGI WETAN,45251,45258,45251,exact_match,true,false,CANTIGI WETAN,1,1,https://kodepos.posindonesia.co.id/CariKodepos,Rate-limited internal observation; exact hierarchy match; requires adjudication before promotion.
pos_indonesia_postcode_search,2026-08-11,32,JAWA BARAT,32.12,KAB. INDRAMAYU,32.12.17,CANTIGI,32.12.17.2004,PANYINGKIRAN KIDUL,45251,45258,45251,exact_match,true,false,PANYINGKIRAN KIDUL,1,1,https://kodepos.posindonesia.co.id/CariKodepos,Rate-limited internal observation; exact hierarchy match; requires adjudication before promotion.
pos_indonesia_postcode_search,2026-08-11,32,JAWA BARAT,32.12,KAB. INDRAMAYU,32.12.17,CANTIGI,32.12.17.2005,PANYINGKIRAN LOR,45251,45258,45251,exact_match,true,false,PANYINGKIRAN LOR,1,1,https://kodepos.posindonesia.co.id/CariKodepos,Rate-limited internal observation; exact hierarchy match; requires adjudication before promotion.
pos_indonesia_postcode_search,2026-08-11,32,JAWA BARAT,32.12,KAB. INDRAMAYU,32.12.17,CANTIGI,32.12.17.2006,LAMARANTARUNG,45251,45258,45251,exact_match,true,false,LAMARANTARUNG,1,1,https://kodepos.posindonesia.co.id/CariKodepos,Rate-limited internal observation; exact hierarchy match; requires adjudication before promotion.
pos_indonesia_postcode_search,2026-08-11,32,JAWA BARAT,32.12,KAB. INDRAMAYU,32.12.17,CANTIGI,32.12.17.2007,CEMARA,45258,45253,45251,exact_match,false,false,CEMARA,10,1,https://kodepos.posindonesia.co.id/CariKodepos,Rate-limited internal observation; exact hierarchy match; requires adjudication before promotion.
pos_indonesia_postcode_search,2026-08-11,32,JAWA BARAT,32.12,KAB. INDRAMAYU,32.12.20,LOSARANG,32.12.20.2013,CEMARA KULON,45258,45253,45253,exact_match,false,true,CEMARA KULON,1,1,https://kodepos.posindonesia.co.id/CariKodepos,Rate-limited internal observation; exact hierarchy match; requires adjudication before promotion.
pos_indonesia_postcode_search,2026-08-11,32,JAWA BARAT,32.12,KAB. INDRAMAYU,32.12.21,KANDANGHAUR,32.12.21.2005,KARANG ANYAR,45254,45213,45254,exact_match,true,false,KARANG ANYAR,42,1,https://kodepos.posindonesia.co.id/CariKodepos,Rate-limited internal observation; exact hierarchy match; requires adjudication before promotion.
pos_indonesia_postcode_search,2026-08-11,32,JAWA BARAT,32.12,KAB. INDRAMAYU,32.12.25,GANTAR,32.12.25.2001,BANTARWARU,45266,45264,45266,exact_match,true,false,BANTARWARU,4,1,https://kodepos.posindonesia.co.id/CariKodepos,Rate-limited internal observation; exact hierarchy match; requires adjudication before promotion.
pos_indonesia_postcode_search,2026-08-11,32,JAWA BARAT,32.12,KAB. INDRAMAYU,32.12.25,GANTAR,32.12.25.2002,SANCA,45266,45264,45266,exact_match,true,false,SANCA,3,1,https://kodepos.posindonesia.co.id/CariKodepos,Rate-limited internal observation; exact hierarchy match; requires adjudication before promotion.
pos_indonesia_postcode_search,2026-08-11,32,JAWA BARAT,32.12,KAB. INDRAMAYU,32.12.25,GANTAR,32.12.25.2003,MEKARJAYA,45266,45264,45266,exact_match,true,false,MEKARJAYA,55,1,https://kodepos.posindonesia.co.id/CariKodepos,Rate-limited internal observation; exact hierarchy match; requires adjudication before promotion.
pos_indonesia_postcode_search,2026-08-11,32,JAWA BARAT,32.12,KAB. INDRAMAYU,32.12.25,GANTAR,32.12.25.2004,GANTAR,45266,45264,45266,exact_match,true,false,GANTAR,18,1,https://kodepos.posindonesia.co.id/CariKodepos,Rate-limited internal observation; exact hierarchy match; requires adjudication before promotion.
pos_indonesia_postcode_search,2026-08-11,32,JAWA BARAT,32.12,KAB. INDRAMAYU,32.12.25,GANTAR,32.12.25.2005,SITURAJA,45266,45264,45266,exact_match,true,false,SITURAJA,16,1,https://kodepos.posindonesia.co.id/CariKodepos,Rate-limited internal observation; exact hierarchy match; requires adjudication before promotion.
pos_indonesia_postcode_search,2026-08-11,32,JAWA BARAT,32.12,KAB. INDRAMAYU,32.12.25,GANTAR,32.12.25.2006,BALEREJA,45266,45264,45266,exact_match,true,false,BALEREJA,1,1,https://kodepos.posindonesia.co.id/CariKodepos,Rate-limited internal observation; exact hierarchy match; requires adjudication before promotion.
pos_indonesia_postcode_search,2026-08-11,32,JAWA BARAT,32.12,KAB. INDRAMAYU,32.12.25,GANTAR,32.12.25.2007,MEKARWARU,45266,45264,45266,exact_match,true,false,MEKARWARU,1,1,https://kodepos.posindonesia.co.id/CariKodepos,Rate-limited internal observation; exact hierarchy match; requires adjudication before promotion.
pos_indonesia_postcode_search,2026-08-11,32,JAWA BARAT,32.12,KAB. INDRAMAYU,32.12.27,SUKAGUMIWANG,32.12.27.2001,CIBEBER,45275,45275,45275,exact_match,true,true,CIBEBER,53,1,https://kodepos.posindonesia.co.id/CariKodepos,Rate-limited internal observation; exact hierarchy match; requires adjudication before promotion.
pos_indonesia_postcode_search,2026-08-11,32,JAWA BARAT,32.12,KAB. INDRAMAYU,32.12.27,SUKAGUMIWANG,32.12.27.2002,BONDAN,45275,45275,45275,exact_match,true,true,BONDAN,4,1,https://kodepos.posindonesia.co.id/CariKodepos,Rate-limited internal observation; exact hierarchy match; requires adjudication before promotion.
pos_indonesia_postcode_search,2026-08-11,32,JAWA BARAT,32.12,KAB. INDRAMAYU,32.12.27,SUKAGUMIWANG,32.12.27.2003,GUNUNGSARI,45275,45275,45275,exact_match,true,true,GUNUNGSARI,57,1,https://kodepos.posindonesia.co.id/CariKodepos,Rate-limited internal observation; exact hierarchy match; requires adjudication before promotion.
pos_indonesia_postcode_search,2026-08-11,32,JAWA BARAT,32.12,KAB. INDRAMAYU,32.12.27,SUKAGUMIWANG,32.12.27.2004,SUKAGUMIWANG,45275,45275,45275,exact_match,true,true,SUKAGUMIWANG,7,1,https://kodepos.posindonesia.co.id/CariKodepos,Rate-limited internal observation; exact hierarchy match; requires adjudication before promotion.
pos_indonesia_postcode_search,2026-08-11,32,JAWA BARAT,32.12,KAB. INDRAMAYU,32.12.27,SUKAGUMIWANG,32.12.27.2005,TERSANA,45275,45275,45275,exact_match,true,true,TERSANA,2,1,https://kodepos.posindonesia.co.id/CariKodepos,Rate-limited internal observation; exact hierarchy match; requires adjudication before promotion.
pos_indonesia_postcode_search,2026-08-11,32,JAWA BARAT,32.12,KAB. INDRAMAYU,32.12.27,SUKAGUMIWANG,32.12.27.2006,CADANG PINGGAN,45275,45275,45275,exact_match,true,true,CADANG PINGGAN,1,1,https://kodepos.posindonesia.co.id/CariKodepos,Rate-limited internal observation; exact hierarchy match; requires adjudication before promotion.
pos_indonesia_postcode_search,2026-08-11,32,JAWA BARAT,32.12,KAB. INDRAMAYU,32.12.27,SUKAGUMIWANG,32.12.27.2007,GEDANGAN,45275,45275,45275,exact_match,true,true,GEDANGAN,62,1,https://kodepos.posindonesia.co.id/CariKodepos,Rate-limited internal observation; exact hierarchy match; requires adjudication before promotion.
pos_indonesia_postcode_search,2026-08-11,32,JAWA BARAT,32.12,KAB. INDRAMAYU,32.12.29,PASEKAN,32.12.29.2001,BRONDONG,45233,45219,45233,exact_match,true,false,BRONDONG,14,1,https://kodepos.posindonesia.co.id/CariKodepos,Rate-limited internal observation; exact hierarchy match; requires adjudication before promotion.
pos_indonesia_postcode_search,2026-08-11,32,JAWA BARAT,32.12,KAB. INDRAMAYU,32.12.29,PASEKAN,32.12.29.2002,PABEAN ILIR,45234,45219,45234,exact_match,true,false,PABEAN ILIR,1,1,https://kodepos.posindonesia.co.id/CariKodepos,Rate-limited internal observation; exact hierarchy match; requires adjudication before promotion.
pos_indonesia_postcode_search,2026-08-11,32,JAWA BARAT,32.12,KAB. INDRAMAYU,32.12.29,PASEKAN,32.12.29.2003,PAGIRIKAN,45231,45227,45231,exact_match,true,false,PAGIRIKAN,1,1,https://kodepos.posindonesia.co.id/CariKodepos,Rate-limited internal observation; exact hierarchy match; requires adjudication before promotion.
pos_indonesia_postcode_search,2026-08-11,32,JAWA BARAT,32.12,KAB. INDRAMAYU,32.12.29,PASEKAN,32.12.29.2004,PASEKAN,45232,45228,45232,exact_match,true,false,PASEKAN,8,1,https://kodepos.posindonesia.co.id/CariKodepos,Rate-limited internal observation; exact hierarchy match; requires adjudication before promotion.
pos_indonesia_postcode_search,2026-08-11,32,JAWA BARAT,32.12,KAB. INDRAMAYU,32.12.29,PASEKAN,32.12.29.2005,KARANGANYAR,45236,45213,45236,exact_match,true,false,KARANGANYAR,307,1,https://kodepos.posindonesia.co.id/CariKodepos,Rate-limited internal observation; exact hierarchy match; requires adjudication before promotion.
pos_indonesia_postcode_search,2026-08-11,32,JAWA BARAT,32.12,KAB. INDRAMAYU,32.12.29,PASEKAN,32.12.29.2006,TOTORAN,45235,45229,45235,exact_match,true,false,TOTORAN,1,1,https://kodepos.posindonesia.co.id/CariKodepos,Rate-limited internal observation; exact hierarchy match; requires adjudication before promotion.
pos_indonesia_postcode_search,2026-08-11,32,JAWA BARAT,32.12,KAB. INDRAMAYU,32.12.31,PATROL,32.12.31.2001,LIMPAS,45258,45257,45258,exact_match,true,false,LIMPAS,10,1,https://kodepos.posindonesia.co.id/CariKodepos,Rate-limited internal observation; exact hierarchy match; requires adjudication before promotion.
pos_indonesia_postcode_search,2026-08-11,32,JAWA BARAT,32.12,KAB. INDRAMAYU,32.12.31,PATROL,32.12.31.2002,MEKARSARI,45258,45257,45258,exact_match,true,false,MEKARSARI,80,1,https://kodepos.posindonesia.co.id/CariKodepos,Rate-limited internal observation; exact hierarchy match; requires adjudication before promotion.
pos_indonesia_postcode_search,2026-08-11,32,JAWA BARAT,32.12,KAB. INDRAMAYU,32.12.31,PATROL,32.12.31.2003,PATROL BARU,45258,45257,45258,exact_match,true,false,PATROL BARU,1,1,https://kodepos.posindonesia.co.id/CariKodepos,Rate-limited internal observation; exact hierarchy match; requires adjudication before promotion.
pos_indonesia_postcode_search,2026-08-11,32,JAWA BARAT,32.12,KAB. INDRAMAYU,32.12.31,PATROL,32.12.31.2004,PATROL LOR,45258,45257,45258,exact_match,true,false,PATROL LOR,1,1,https://kodepos.posindonesia.co.id/CariKodepos,Rate-limited internal observation; exact hierarchy match; requires adjudication before promotion.
pos_indonesia_postcode_search,2026-08-11,32,JAWA BARAT,32.12,KAB. INDRAMAYU,32.12.31,PATROL,32.12.31.2005,PATROL,45258,45257,45258,exact_match,true,false,PATROL,9,1,https://kodepos.posindonesia.co.id/CariKodepos,Rate-limited internal observation; exact hierarchy match; requires adjudication before promotion.
pos_indonesia_postcode_search,2026-08-11,32,JAWA BARAT,32.12,KAB. INDRAMAYU,32.12.31,PATROL,32.12.31.2006,BUGEL,45258,45257,45258,exact_match,true,false,BUGEL,23,1,https://kodepos.posindonesia.co.id/CariKodepos,Rate-limited internal observation; exact hierarchy match; requires adjudication before promotion.
pos_indonesia_postcode_search,2026-08-11,32,JAWA BARAT,32.12,KAB. INDRAMAYU,32.12.31,PATROL,32.12.31.2007,ARJASARI,45258,45257,45258,exact_match,true,false,ARJASARI,15,1,https://kodepos.posindonesia.co.id/CariKodepos,Rate-limited internal observation; exact hierarchy match; requires adjudication before promotion.
pos_indonesia_postcode_search,2026-08-11,32,JAWA BARAT,32.12,KAB. INDRAMAYU,32.12.31,PATROL,32.12.31.2008,SUKAHAJI,45258,45257,45258,exact_match,true,false,SUKAHAJI,20,1,https://kodepos.posindonesia.co.id/CariKodepos,Rate-limited internal observation; exact hierarchy match; requires adjudication before promotion.
pos_indonesia_postcode_search,2026-08-11,32,JAWA BARAT,32.13,KAB. SUBANG,32.13.03,SUBANG,32.13.03.1001,PARUNG,41216,41211,41216,exact_match,true,false,PARUNG,58,1,https://kodepos.posindonesia.co.id/CariKodepos,Rate-limited internal observation; exact hierarchy match; requires adjudication before promotion.
pos_indonesia_postcode_search,2026-08-11,32,JAWA BARAT,32.13,KAB. SUBANG,32.13.03,SUBANG,32.13.03.1003,PASIRKAREUMBI,41214,41211,41214,exact_match,true,false,PASIRKAREUMBI,1,1,https://kodepos.posindonesia.co.id/CariKodepos,Rate-limited internal observation; exact hierarchy match; requires adjudication before promotion.
pos_indonesia_postcode_search,2026-08-11,32,JAWA BARAT,32.13,KAB. SUBANG,32.13.03,SUBANG,32.13.03.1006,SUKAMELANG,41217,41211,41217,exact_match,true,false,SUKAMELANG,3,1,https://kodepos.posindonesia.co.id/CariKodepos,Rate-limited internal observation; exact hierarchy match; requires adjudication before promotion.
pos_indonesia_postcode_search,2026-08-11,32,JAWA BARAT,32.13,KAB. SUBANG,32.13.03,SUBANG,32.13.03.1008,WANAREJA,41218,41211,41218,exact_match,true,false,WANAREJA,22,1,https://kodepos.posindonesia.co.id/CariKodepos,Rate-limited internal observation; exact hierarchy match; requires adjudication before promotion.
pos_indonesia_postcode_search,2026-08-11,32,JAWA BARAT,32.13,KAB. SUBANG,32.13.05,PABUARAN,32.13.05.2004,PABUARAN,41262,41262,41262,exact_match,true,true,PABUARAN,45,1,https://kodepos.posindonesia.co.id/CariKodepos,Rate-limited internal observation; exact hierarchy match; requires adjudication before promotion.
pos_indonesia_postcode_search,2026-08-11,32,JAWA BARAT,32.13,KAB. SUBANG,32.13.06,PURWADADI,32.13.06.2004,PURWADADI,41261,41261,41261,exact_match,true,true,PURWADADI,21,1,https://kodepos.posindonesia.co.id/CariKodepos,Rate-limited internal observation; exact hierarchy match; requires adjudication before promotion.
pos_indonesia_postcode_search,2026-08-11,32,JAWA BARAT,32.13,KAB. SUBANG,32.13.07,PAGADEN,32.13.07.2012,SUKAMULYA,41252,41251,41252,exact_match,true,false,SUKAMULYA,56,1,https://kodepos.posindonesia.co.id/CariKodepos,Rate-limited internal observation; exact hierarchy match; requires adjudication before promotion.
pos_indonesia_postcode_search,2026-08-11,32,JAWA BARAT,32.13,KAB. SUBANG,32.13.20,CIPEUNDEUY,32.13.20.2001,KARYAMUKTI,41272,41272,41272,exact_match,true,true,KARYAMUKTI,13,1,https://kodepos.posindonesia.co.id/CariKodepos,Rate-limited internal observation; exact hierarchy match; requires adjudication before promotion.
pos_indonesia_postcode_search,2026-08-11,32,JAWA BARAT,32.13,KAB. SUBANG,32.13.20,CIPEUNDEUY,32.13.20.2006,KOSAR,41272,41272,41272,exact_match,true,true,KOSAR,36,1,https://kodepos.posindonesia.co.id/CariKodepos,Rate-limited internal observation; exact hierarchy match; requires adjudication before promotion.
pos_indonesia_postcode_search,2026-08-11,32,JAWA BARAT,32.13,KAB. SUBANG,32.13.21,LEGONKULON,32.13.21.2001,TEGALURUNG,41267,41254,41267,exact_match,true,false,TEGALURUNG,4,1,https://kodepos.posindonesia.co.id/CariKodepos,Rate-limited internal observation; exact hierarchy match; requires adjudication before promotion.
pos_indonesia_postcode_search,2026-08-11,32,JAWA BARAT,32.13,KAB. SUBANG,32.13.21,LEGONKULON,32.13.21.2002,BOBOS,41267,41254,41267,exact_match,true,false,BOBOS,3,1,https://kodepos.posindonesia.co.id/CariKodepos,Rate-limited internal observation; exact hierarchy match; requires adjudication before promotion.
pos_indonesia_postcode_search,2026-08-11,32,JAWA BARAT,32.13,KAB. SUBANG,32.13.21,LEGONKULON,32.13.21.2003,LEGONKULON,41267,41254,41267,exact_match,true,false,LEGONKULON,7,1,https://kodepos.posindonesia.co.id/CariKodepos,Rate-limited internal observation; exact hierarchy match; requires adjudication before promotion.
pos_indonesia_postcode_search,2026-08-11,32,JAWA BARAT,32.13,KAB. SUBANG,32.13.21,LEGONKULON,32.13.21.2004,MAYANGAN,41267,41254,41267,exact_match,true,false,MAYANGAN,10,1,https://kodepos.posindonesia.co.id/CariKodepos,Rate-limited internal observation; exact hierarchy match; requires adjudication before promotion.
pos_indonesia_postcode_search,2026-08-11,32,JAWA BARAT,32.13,KAB. SUBANG,32.13.21,LEGONKULON,32.13.21.2005,LEGONWETAN,41267,41254,41267,exact_match,true,false,LEGONWETAN,1,1,https://kodepos.posindonesia.co.id/CariKodepos,Rate-limited internal observation; exact hierarchy match; requires adjudication before promotion.
pos_indonesia_postcode_search,2026-08-11,32,JAWA BARAT,32.13,KAB. SUBANG,32.13.21,LEGONKULON,32.13.21.2006,PANGARENGAN,41267,41254,41267,exact_match,true,false,PANGARENGAN,9,1,https://kodepos.posindonesia.co.id/CariKodepos,Rate-limited internal observation; exact hierarchy match; requires adjudication before promotion.
pos_indonesia_postcode_search,2026-08-11,32,JAWA BARAT,32.13,KAB. SUBANG,32.13.21,LEGONKULON,32.13.21.2007,KARANGMULYA,41267,41254,41267,exact_match,true,false,KARANGMULYA,12,1,https://kodepos.posindonesia.co.id/CariKodepos,Rate-limited internal observation; exact hierarchy match; requires adjudication before promotion.
pos_indonesia_postcode_search,2026-08-11,32,JAWA BARAT,32.13,KAB. SUBANG,32.13.28,PAGADEN BARAT,32.13.28.2001,MEKARWANGI,41274,41252,41274,exact_match,true,false,MEKARWANGI,26,1,https://kodepos.posindonesia.co.id/CariKodepos,Rate-limited internal observation; exact hierarchy match; requires adjudication before promotion.
pos_indonesia_postcode_search,2026-08-11,32,JAWA BARAT,32.13,KAB. SUBANG,32.13.28,PAGADEN BARAT,32.13.28.2002,BENDUNGAN,41274,41252,41274,exact_match,true,false,BENDUNGAN,33,1,https://kodepos.posindonesia.co.id/CariKodepos,Rate-limited internal observation; exact hierarchy match; requires adjudication before promotion.
pos_indonesia_postcode_search,2026-08-11,32,JAWA BARAT,32.13,KAB. SUBANG,32.13.28,PAGADEN BARAT,32.13.28.2003,MUNJUL,41274,41252,41274,exact_match,true,false,MUNJUL,19,1,https://kodepos.posindonesia.co.id/CariKodepos,Rate-limited internal observation; exact hierarchy match; requires adjudication before promotion.
pos_indonesia_postcode_search,2026-08-11,32,JAWA BARAT,32.13,KAB. SUBANG,32.13.28,PAGADEN BARAT,32.13.28.2004,MARGAHAYU,41274,41252,41274,exact_match,true,false,MARGAHAYU,12,1,https://kodepos.posindonesia.co.id/CariKodepos,Rate-limited internal observation; exact hierarchy match; requires adjudication before promotion.
pos_indonesia_postcode_search,2026-08-11,32,JAWA BARAT,32.13,KAB. SUBANG,32.13.28,PAGADEN BARAT,32.13.28.2005,PANGSOR,41274,41252,41274,exact_match,true,false,PANGSOR,1,1,https://kodepos.posindonesia.co.id/CariKodepos,Rate-limited internal observation; exact hierarchy match; requires adjudication before promotion.
pos_indonesia_postcode_search,2026-08-11,32,JAWA BARAT,32.13,KAB. SUBANG,32.13.28,PAGADEN BARAT,32.13.28.2006,SUMURGINTUNG,41274,41252,41274,exact_match,true,false,SUMURGINTUNG,1,1,https://kodepos.posindonesia.co.id/CariKodepos,Rate-limited internal observation; exact hierarchy match; requires adjudication before promotion.
pos_indonesia_postcode_search,2026-08-11,32,JAWA BARAT,32.13,KAB. SUBANG,32.13.28,PAGADEN BARAT,32.13.28.2007,BALIMBING,41274,41252,41274,exact_match,true,false,BALIMBING,6,1,https://kodepos.posindonesia.co.id/CariKodepos,Rate-limited internal observation; exact hierarchy match; requires adjudication before promotion.
pos_indonesia_postcode_search,2026-08-11,32,JAWA BARAT,32.13,KAB. SUBANG,32.13.28,PAGADEN BARAT,32.13.28.2008,CIDAHU,41274,41252,41274,exact_match,true,false,CIDAHU,26,1,https://kodepos.posindonesia.co.id/CariKodepos,Rate-limited internal observation; exact hierarchy match; requires adjudication before promotion.
pos_indonesia_postcode_search,2026-08-11,32,JAWA BARAT,32.13,KAB. SUBANG,32.13.28,PAGADEN BARAT,32.13.28.2009,CIDADAP,41274,41252,41274,exact_match,true,false,CIDADAP,16,1,https://kodepos.posindonesia.co.id/CariKodepos,Rate-limited internal observation; exact hierarchy match; requires adjudication before promotion.
pos_indonesia_postcode_search,2026-08-11,32,JAWA BARAT,32.13,KAB. SUBANG,32.13.30,PUSAKAJAYA,32.13.30.2001,KEBONDANAS,41266,41255,41266,exact_match,true,false,KEBONDANAS,1,1,https://kodepos.posindonesia.co.id/CariKodepos,Rate-limited internal observation; exact hierarchy match; requires adjudication before promotion.
pos_indonesia_postcode_search,2026-08-11,32,JAWA BARAT,32.13,KAB. SUBANG,32.13.30,PUSAKAJAYA,32.13.30.2002,PUSAKAJAYA,41266,41255,41266,exact_match,true,false,PUSAKAJAYA,11,1,https://kodepos.posindonesia.co.id/CariKodepos,Rate-limited internal observation; exact hierarchy match; requires adjudication before promotion.
pos_indonesia_postcode_search,2026-08-11,32,JAWA BARAT,32.13,KAB. SUBANG,32.13.30,PUSAKAJAYA,32.13.30.2003,KARANGANYAR,41266,41255,41266,exact_match,true,false,KARANGANYAR,307,1,https://kodepos.posindonesia.co.id/CariKodepos,Rate-limited internal observation; exact hierarchy match; requires adjudication before promotion.
pos_indonesia_postcode_search,2026-08-11,32,JAWA BARAT,32.13,KAB. SUBANG,32.13.30,PUSAKAJAYA,32.13.30.2006,CIGUGUR,41266,41255,41266,exact_match,true,false,CIGUGUR,21,1,https://kodepos.posindonesia.co.id/CariKodepos,Rate-limited internal observation; exact hierarchy match; requires adjudication before promotion.
pos_indonesia_postcode_search,2026-08-11,32,JAWA BARAT,32.13,KAB. SUBANG,32.13.30,PUSAKAJAYA,32.13.30.2007,CIGUGUR KALER,41266,41255,41266,exact_match,true,false,CIGUGUR KALER,1,1,https://kodepos.posindonesia.co.id/CariKodepos,Rate-limited internal observation; exact hierarchy match; requires adjudication before promotion.
pos_indonesia_postcode_search,2026-08-11,32,JAWA BARAT,32.13,KAB. SUBANG,32.13.30,PUSAKAJAYA,32.13.30.2008,RANGDU,41266,41255,41266,exact_match,true,false,RANGDU,17,1,https://kodepos.posindonesia.co.id/CariKodepos,Rate-limited internal observation; exact hierarchy match; requires adjudication before promotion.
pos_indonesia_postcode_search,2026-08-11,32,JAWA BARAT,32.14,KAB. PURWAKARTA,32.14.01,PURWAKARTA,32.14.01.2010,CITALANG,41119,41111,41119,exact_match,true,false,CITALANG,2,1,https://kodepos.posindonesia.co.id/CariKodepos,Rate-limited internal observation; exact hierarchy match; requires adjudication before promotion.
pos_indonesia_postcode_search,2026-08-11,32,JAWA BARAT,32.14,KAB. PURWAKARTA,32.14.03,JATILUHUR,32.14.03.2007,BUNDER,41152,41161,41152,exact_match,true,false,BUNDER,32,1,https://kodepos.posindonesia.co.id/CariKodepos,Rate-limited internal observation; exact hierarchy match; requires adjudication before promotion.
pos_indonesia_postcode_search,2026-08-11,32,JAWA BARAT,32.14,KAB. PURWAKARTA,32.14.08,TEGALWARU,32.14.08.2007,SUKAHAJI,41165,41165,41165,exact_match,true,true,SUKAHAJI,20,1,https://kodepos.posindonesia.co.id/CariKodepos,Rate-limited internal observation; exact hierarchy match; requires adjudication before promotion.
pos_indonesia_postcode_search,2026-08-11,32,JAWA BARAT,32.14,KAB. PURWAKARTA,32.14.09,WANAYASA,32.14.09.2012,SAKAMBANG,41175,41174,41174,exact_match,false,true,SAKAMBANG,1,1,https://kodepos.posindonesia.co.id/CariKodepos,Rate-limited internal observation; exact hierarchy match; requires adjudication before promotion.
pos_indonesia_postcode_search,2026-08-11,32,JAWA BARAT,32.14,KAB. PURWAKARTA,32.14.10,PASAWAHAN,32.14.10.2002,PASAWAHAN,41172,41172,41172,exact_match,true,true,PASAWAHAN,28,1,https://kodepos.posindonesia.co.id/CariKodepos,Rate-limited internal observation; exact hierarchy match; requires adjudication before promotion.
pos_indonesia_postcode_search,2026-08-11,32,JAWA BARAT,32.14,KAB. PURWAKARTA,32.14.10,PASAWAHAN,32.14.10.2005,CIDAHU,41172,41172,41172,exact_match,true,true,CIDAHU,26,1,https://kodepos.posindonesia.co.id/CariKodepos,Rate-limited internal observation; exact hierarchy match; requires adjudication before promotion.
pos_indonesia_postcode_search,2026-08-11,32,JAWA BARAT,32.14,KAB. PURWAKARTA,32.14.10,PASAWAHAN,32.14.10.2010,MARGASARI,41172,41171,41172,exact_match,true,false,MARGASARI,30,1,https://kodepos.posindonesia.co.id/CariKodepos,Rate-limited internal observation; exact hierarchy match; requires adjudication before promotion.
pos_indonesia_postcode_search,2026-08-11,32,JAWA BARAT,32.14,KAB. PURWAKARTA,32.14.11,BOJONG,32.14.11.2008,KERTASARI,41163,41164,41164,exact_match,false,true,KERTASARI,23,1,https://kodepos.posindonesia.co.id/CariKodepos,Rate-limited internal observation; exact hierarchy match; requires adjudication before promotion.
pos_indonesia_postcode_search,2026-08-11,32,JAWA BARAT,32.14,KAB. PURWAKARTA,32.14.11,BOJONG,32.14.11.2009,PANGKALAN,41174,41164,41164,exact_match,false,true,PANGKALAN,205,1,https://kodepos.posindonesia.co.id/CariKodepos,Rate-limited internal observation; exact hierarchy match; requires adjudication before promotion.
pos_indonesia_postcode_search,2026-08-11,32,JAWA BARAT,32.14,KAB. PURWAKARTA,32.14.11,BOJONG,32.14.11.2013,SINDANGSARI,41162,41164,41164,exact_match,false,true,SINDANGSARI,31,1,https://kodepos.posindonesia.co.id/CariKodepos,Rate-limited internal observation; exact hierarchy match; requires adjudication before promotion.
pos_indonesia_postcode_search,2026-08-11,32,JAWA BARAT,32.14,KAB. PURWAKARTA,32.14.13,BUNGURSARI,32.14.13.2001,CIWANGI,41182,41181,41182,exact_match,true,false,CIWANGI,2,1,https://kodepos.posindonesia.co.id/CariKodepos,Rate-limited internal observation; exact hierarchy match; requires adjudication before promotion.
pos_indonesia_postcode_search,2026-08-11,32,JAWA BARAT,32.14,KAB. PURWAKARTA,32.14.13,BUNGURSARI,32.14.13.2002,CIBENING,41182,41181,41182,exact_match,true,false,CIBENING,3,1,https://kodepos.posindonesia.co.id/CariKodepos,Rate-limited internal observation; exact hierarchy match; requires adjudication before promotion.
pos_indonesia_postcode_search,2026-08-11,32,JAWA BARAT,32.14,KAB. PURWAKARTA,32.14.13,BUNGURSARI,32.14.13.2004,DANGDEUR,41182,41181,41182,exact_match,true,false,DANGDEUR,4,1,https://kodepos.posindonesia.co.id/CariKodepos,Rate-limited internal observation; exact hierarchy match; requires adjudication before promotion.
pos_indonesia_postcode_search,2026-08-11,32,JAWA BARAT,32.14,KAB. PURWAKARTA,32.14.13,BUNGURSARI,32.14.13.2005,CIBUNGUR,41182,41181,41182,exact_match,true,false,CIBUNGUR,6,1,https://kodepos.posindonesia.co.id/CariKodepos,Rate-limited internal observation; exact hierarchy match; requires adjudication before promotion.
pos_indonesia_postcode_search,2026-08-11,32,JAWA BARAT,32.14,KAB. PURWAKARTA,32.14.13,BUNGURSARI,32.14.13.2006,WANAKERTA,41182,41181,41182,exact_match,true,false,WANAKERTA,5,1,https://kodepos.posindonesia.co.id/CariKodepos,Rate-limited internal observation; exact hierarchy match; requires adjudication before promotion.
pos_indonesia_postcode_search,2026-08-11,32,JAWA BARAT,32.14,KAB. PURWAKARTA,32.14.13,BUNGURSARI,32.14.13.2007,CINANGKA,41182,41181,41182,exact_match,true,false,CINANGKA,17,1,https://kodepos.posindonesia.co.id/CariKodepos,Rate-limited internal observation; exact hierarchy match; requires adjudication before promotion.
pos_indonesia_postcode_search,2026-08-11,32,JAWA BARAT,32.14,KAB. PURWAKARTA,32.14.13,BUNGURSARI,32.14.13.2008,CIKOPO,41182,41181,41182,exact_match,true,false,CIKOPO,2,1,https://kodepos.posindonesia.co.id/CariKodepos,Rate-limited internal observation; exact hierarchy match; requires adjudication before promotion.
pos_indonesia_postcode_search,2026-08-11,32,JAWA BARAT,32.14,KAB. PURWAKARTA,32.14.13,BUNGURSARI,32.14.13.2009,CIBODAS,41182,41181,41182,exact_match,true,false,CIBODAS,23,1,https://kodepos.posindonesia.co.id/CariKodepos,Rate-limited internal observation; exact hierarchy match; requires adjudication before promotion.
pos_indonesia_postcode_search,2026-08-11,32,JAWA BARAT,32.14,KAB. PURWAKARTA,32.14.13,BUNGURSARI,32.14.13.2010,KARANGMUKTI,41182,41181,41182,exact_match,true,false,KARANGMUKTI,3,1,https://kodepos.posindonesia.co.id/CariKodepos,Rate-limited internal observation; exact hierarchy match; requires adjudication before promotion.
pos_indonesia_postcode_search,2026-08-11,32,JAWA BARAT,32.14,KAB. PURWAKARTA,32.14.15,SUKASARI,32.14.15.2001,KUTAMANAH,41153,41116,41153,exact_match,true,false,KUTAMANAH,1,1,https://kodepos.posindonesia.co.id/CariKodepos,Rate-limited internal observation; exact hierarchy match; requires adjudication before promotion.
pos_indonesia_postcode_search,2026-08-11,32,JAWA BARAT,32.14,KAB. PURWAKARTA,32.14.15,SUKASARI,32.14.15.2002,KERTAMANAH,41153,41116,41153,exact_match,true,false,KERTAMANAH,1,1,https://kodepos.posindonesia.co.id/CariKodepos,Rate-limited internal observation; exact hierarchy match; requires adjudication before promotion.
pos_indonesia_postcode_search,2026-08-11,32,JAWA BARAT,32.14,KAB. PURWAKARTA,32.14.15,SUKASARI,32.14.15.2003,CIRIRIP,41153,41116,41153,exact_match,true,false,CIRIRIP,1,1,https://kodepos.posindonesia.co.id/CariKodepos,Rate-limited internal observation; exact hierarchy match; requires adjudication before promotion.
pos_indonesia_postcode_search,2026-08-11,32,JAWA BARAT,32.14,KAB. PURWAKARTA,32.14.15,SUKASARI,32.14.15.2005,PARUNGBANTENG,41153,41116,41153,exact_match,true,false,PARUNGBANTENG,1,1,https://kodepos.posindonesia.co.id/CariKodepos,Rate-limited internal observation; exact hierarchy match; requires adjudication before promotion.
pos_indonesia_postcode_search,2026-08-11,32,JAWA BARAT,32.15,KAB. KARAWANG,32.15.01,KARAWANG BARAT,32.15.01.1003,ADIARSA BARAT,41313,41311,41313,exact_match,true,false,ADIARSA BARAT,1,1,https://kodepos.posindonesia.co.id/CariKodepos,Rate-limited internal observation; exact hierarchy match; requires adjudication before promotion.
pos_indonesia_postcode_search,2026-08-11,32,JAWA BARAT,32.15,KAB. KARAWANG,32.15.01,KARAWANG BARAT,32.15.01.1006,TANJUNGMEKAR,41317,41311,41317,exact_match,true,false,TANJUNGMEKAR,4,1,https://kodepos.posindonesia.co.id/CariKodepos,Rate-limited internal observation; exact hierarchy match; requires adjudication before promotion.
pos_indonesia_postcode_search,2026-08-11,32,JAWA BARAT,32.15,KAB. KARAWANG,32.15.01,KARAWANG BARAT,32.15.01.1007,TUNGGAKJATI,41318,41311,41318,exact_match,true,false,TUNGGAKJATI,1,1,https://kodepos.posindonesia.co.id/CariKodepos,Rate-limited internal observation; exact hierarchy match; requires adjudication before promotion.
pos_indonesia_postcode_search,2026-08-11,32,JAWA BARAT,32.15,KAB. KARAWANG,32.15.01,KARAWANG BARAT,32.15.01.1010,KARAWANGPAWITAN,41312,41315,41315,exact_match,false,true,KARAWANGPAWITAN,1,1,https://kodepos.posindonesia.co.id/CariKodepos,Rate-limited internal observation; exact hierarchy match; requires adjudication before promotion.
pos_indonesia_postcode_search,2026-08-11,32,JAWA BARAT,32.15,KAB. KARAWANG,32.15.01,KARAWANG BARAT,32.15.01.1012,MEKARJATI,41319,41311,41319,exact_match,true,false,MEKARJATI,2,1,https://kodepos.posindonesia.co.id/CariKodepos,Rate-limited internal observation; exact hierarchy match; requires adjudication before promotion.
pos_indonesia_postcode_search,2026-08-11,32,JAWA BARAT,32.15,KAB. KARAWANG,32.15.19,LEMAHABANG,32.15.19.2007,LEMAHABANG,41383,41383,41383,exact_match,true,true,LEMAHABANG,27,1,https://kodepos.posindonesia.co.id/CariKodepos,Rate-limited internal observation; exact hierarchy match; requires adjudication before promotion.
pos_indonesia_postcode_search,2026-08-11,32,JAWA BARAT,32.15,KAB. KARAWANG,32.15.23,CILAMAYA KULON,32.15.23.2001,SUKAMULYA,41386,41384,41386,exact_match,true,false,SUKAMULYA,56,1,https://kodepos.posindonesia.co.id/CariKodepos,Rate-limited internal observation; exact hierarchy match; requires adjudication before promotion.
pos_indonesia_postcode_search,2026-08-11,32,JAWA BARAT,32.15,KAB. KARAWANG,32.15.23,CILAMAYA KULON,32.15.23.2002,TEGALURUNG,41386,41384,41386,exact_match,true,false,TEGALURUNG,4,1,https://kodepos.posindonesia.co.id/CariKodepos,Rate-limited internal observation; exact hierarchy match; requires adjudication before promotion.
pos_indonesia_postcode_search,2026-08-11,32,JAWA BARAT,32.15,KAB. KARAWANG,32.15.23,CILAMAYA KULON,32.15.23.2003,LANGENSARI,41386,41384,41386,exact_match,true,false,LANGENSARI,17,1,https://kodepos.posindonesia.co.id/CariKodepos,Rate-limited internal observation; exact hierarchy match; requires adjudication before promotion.
pos_indonesia_postcode_search,2026-08-11,32,JAWA BARAT,32.15,KAB. KARAWANG,32.15.23,CILAMAYA KULON,32.15.23.2004,BAYUR LOR,41386,41384,41386,exact_match,true,false,BAYUR LOR,1,1,https://kodepos.posindonesia.co.id/CariKodepos,Rate-limited internal observation; exact hierarchy match; requires adjudication before promotion.
pos_indonesia_postcode_search,2026-08-11,32,JAWA BARAT,32.15,KAB. KARAWANG,32.15.23,CILAMAYA KULON,32.15.23.2005,BAYUR KIDUL,41386,41384,41386,exact_match,true,false,BAYUR KIDUL,1,1,https://kodepos.posindonesia.co.id/CariKodepos,Rate-limited internal observation; exact hierarchy match; requires adjudication before promotion.
pos_indonesia_postcode_search,2026-08-11,32,JAWA BARAT,32.15,KAB. KARAWANG,32.15.23,CILAMAYA KULON,32.15.23.2006,KIARA,41386,41384,41386,exact_match,true,false,KIARA,41,1,https://kodepos.posindonesia.co.id/CariKodepos,Rate-limited internal observation; exact hierarchy match; requires adjudication before promotion.
pos_indonesia_postcode_search,2026-08-11,32,JAWA BARAT,32.15,KAB. KARAWANG,32.15.23,CILAMAYA KULON,32.15.23.2007,MANGGUNGJAYA,41386,41384,41386,exact_match,true,false,MANGGUNGJAYA,3,1,https://kodepos.posindonesia.co.id/CariKodepos,Rate-limited internal observation; exact hierarchy match; requires adjudication before promotion.
pos_indonesia_postcode_search,2026-08-11,32,JAWA BARAT,32.15,KAB. KARAWANG,32.15.23,CILAMAYA KULON,32.15.23.2008,SUMURGEDE,41386,41384,41386,exact_match,true,false,SUMURGEDE,2,1,https://kodepos.posindonesia.co.id/CariKodepos,Rate-limited internal observation; exact hierarchy match; requires adjudication before promotion.
pos_indonesia_postcode_search,2026-08-11,32,JAWA BARAT,32.15,KAB. KARAWANG,32.15.23,CILAMAYA KULON,32.15.23.2009,MUKTIJAYA,41386,41384,41386,exact_match,true,false,MUKTIJAYA,2,1,https://kodepos.posindonesia.co.id/CariKodepos,Rate-limited internal observation; exact hierarchy match; requires adjudication before promotion.
pos_indonesia_postcode_search,2026-08-11,32,JAWA BARAT,32.15,KAB. KARAWANG,32.15.23,CILAMAYA KULON,32.15.23.2010,PASIRUKEM,41386,41384,41386,exact_match,true,false,PASIRUKEM,1,1,https://kodepos.posindonesia.co.id/CariKodepos,Rate-limited internal observation; exact hierarchy match; requires adjudication before promotion.
pos_indonesia_postcode_search,2026-08-11,32,JAWA BARAT,32.15,KAB. KARAWANG,32.15.23,CILAMAYA KULON,32.15.23.2011,PASIRJAYA,41386,41384,41386,exact_match,true,false,PASIRJAYA,2,1,https://kodepos.posindonesia.co.id/CariKodepos,Rate-limited internal observation; exact hierarchy match; requires adjudication before promotion.
pos_indonesia_postcode_search,2026-08-11,32,JAWA BARAT,32.15,KAB. KARAWANG,32.15.23,CILAMAYA KULON,32.15.23.2012,SUKAJAYA,41386,41384,41386,exact_match,true,false,SUKAJAYA,59,1,https://kodepos.posindonesia.co.id/CariKodepos,Rate-limited internal observation; exact hierarchy match; requires adjudication before promotion.
pos_indonesia_postcode_search,2026-08-11,32,JAWA BARAT,32.15,KAB. KARAWANG,32.15.24,BANYUSARI,32.15.24.2001,GEMBONGAN,41375,41374,41375,exact_match,true,false,GEMBONGAN,7,1,https://kodepos.posindonesia.co.id/CariKodepos,Rate-limited internal observation; exact hierarchy match; requires adjudication before promotion.
pos_indonesia_postcode_search,2026-08-11,32,JAWA BARAT,32.15,KAB. KARAWANG,32.15.24,BANYUSARI,32.15.24.2002,GEMPOL,41375,41374,41375,exact_match,true,false,GEMPOL,74,1,https://kodepos.posindonesia.co.id/CariKodepos,Rate-limited internal observation; exact hierarchy match; requires adjudication before promotion.
pos_indonesia_postcode_search,2026-08-11,32,JAWA BARAT,32.15,KAB. KARAWANG,32.15.24,BANYUSARI,32.15.24.2003,GEMPOL KOLOT,41375,41374,41375,exact_match,true,false,GEMPOL KOLOT,1,1,https://kodepos.posindonesia.co.id/CariKodepos,Rate-limited internal observation; exact hierarchy match; requires adjudication before promotion.
pos_indonesia_postcode_search,2026-08-11,32,JAWA BARAT,32.15,KAB. KARAWANG,32.15.24,BANYUSARI,32.15.24.2004,BANYUASIH,41375,41374,41375,exact_match,true,false,BANYUASIH,5,1,https://kodepos.posindonesia.co.id/CariKodepos,Rate-limited internal observation; exact hierarchy match; requires adjudication before promotion.
pos_indonesia_postcode_search,2026-08-11,32,JAWA BARAT,32.15,KAB. KARAWANG,32.15.24,BANYUSARI,32.15.24.2005,KERTARAHARJA,40355,41374,41375,exact_match,false,false,KERTARAHARJA,8,1,https://kodepos.posindonesia.co.id/CariKodepos,Rate-limited internal observation; exact hierarchy match; requires adjudication before promotion.
pos_indonesia_postcode_search,2026-08-11,32,JAWA BARAT,32.15,KAB. KARAWANG,32.15.24,BANYUSARI,32.15.24.2006,TANJUNG,41375,41374,41375,exact_match,true,false,TANJUNG,2105,1,https://kodepos.posindonesia.co.id/CariKodepos,Rate-limited internal observation; exact hierarchy match; requires adjudication before promotion.
pos_indonesia_postcode_search,2026-08-11,32,JAWA BARAT,32.15,KAB. KARAWANG,32.15.24,BANYUSARI,32.15.24.2007,JAYAMUKTI,41375,41374,41375,exact_match,true,false,JAYAMUKTI,6,1,https://kodepos.posindonesia.co.id/CariKodepos,Rate-limited internal observation; exact hierarchy match; requires adjudication before promotion.
pos_indonesia_postcode_search,2026-08-11,32,JAWA BARAT,32.15,KAB. KARAWANG,32.15.24,BANYUSARI,32.15.24.2008,CICINDE UTARA,41375,41374,41375,exact_match,true,false,CICINDE UTARA,1,1,https://kodepos.posindonesia.co.id/CariKodepos,Rate-limited internal observation; exact hierarchy match; requires adjudication before promotion.
pos_indonesia_postcode_search,2026-08-11,32,JAWA BARAT,32.15,KAB. KARAWANG,32.15.24,BANYUSARI,32.15.24.2009,CICINDE SELATAN,41375,41374,41375,exact_match,true,false,CICINDE SELATAN,1,1,https://kodepos.posindonesia.co.id/CariKodepos,Rate-limited internal observation; exact hierarchy match; requires adjudication before promotion.
pos_indonesia_postcode_search,2026-08-11,32,JAWA BARAT,32.15,KAB. KARAWANG,32.15.24,BANYUSARI,32.15.24.2010,MEKARASIH,41375,41374,41375,exact_match,true,false,MEKARASIH,4,1,https://kodepos.posindonesia.co.id/CariKodepos,Rate-limited internal observation; exact hierarchy match; requires adjudication before promotion.
pos_indonesia_postcode_search,2026-08-11,32,JAWA BARAT,32.15,KAB. KARAWANG,32.15.24,BANYUSARI,32.15.24.2011,TALUNJAYA,41375,41374,41375,exact_match,true,false,TALUNJAYA,1,1,https://kodepos.posindonesia.co.id/CariKodepos,Rate-limited internal observation; exact hierarchy match; requires adjudication before promotion.
pos_indonesia_postcode_search,2026-08-11,32,JAWA BARAT,32.15,KAB. KARAWANG,32.15.24,BANYUSARI,32.15.24.2012,PAMEKARAN,41375,41374,41375,exact_match,true,false,PAMEKARAN,3,1,https://kodepos.posindonesia.co.id/CariKodepos,Rate-limited internal observation; exact hierarchy match; requires adjudication before promotion.
pos_indonesia_postcode_search,2026-08-11,32,JAWA BARAT,32.15,KAB. KARAWANG,32.15.26,KARAWANG TIMUR,32.15.26.1001,KARAWANG WETAN,41321,41314,41321,exact_match,true,false,KARAWANG WETAN,1,1,https://kodepos.posindonesia.co.id/CariKodepos,Rate-limited internal observation; exact hierarchy match; requires adjudication before promotion.
pos_indonesia_postcode_search,2026-08-11,32,JAWA BARAT,32.15,KAB. KARAWANG,32.15.26,KARAWANG TIMUR,32.15.26.1002,ADIARSA TIMUR,41322,41314,41322,exact_match,true,false,ADIARSA TIMUR,1,1,https://kodepos.posindonesia.co.id/CariKodepos,Rate-limited internal observation; exact hierarchy match; requires adjudication before promotion.
pos_indonesia_postcode_search,2026-08-11,32,JAWA BARAT,32.15,KAB. KARAWANG,32.15.26,KARAWANG TIMUR,32.15.26.1003,PALUMBONSARI,41326,41314,41326,exact_match,true,false,PALUMBONSARI,1,1,https://kodepos.posindonesia.co.id/CariKodepos,Rate-limited internal observation; exact hierarchy match; requires adjudication before promotion.
pos_indonesia_postcode_search,2026-08-11,32,JAWA BARAT,32.15,KAB. KARAWANG,32.15.26,KARAWANG TIMUR,32.15.26.2008,TEGAL SAWAH,41328,41314,41328,exact_match,true,false,TEGAL SAWAH,1,1,https://kodepos.posindonesia.co.id/CariKodepos,Rate-limited internal observation; exact hierarchy match; requires adjudication before promotion.
pos_indonesia_postcode_search,2026-08-11,32,JAWA BARAT,32.15,KAB. KARAWANG,32.15.27,TELUKJAMBE BARAT,32.15.27.2001,MARGAKAYA,41341,41361,41341,exact_match,true,false,MARGAKAYA,2,1,https://kodepos.posindonesia.co.id/CariKodepos,Rate-limited internal observation; exact hierarchy match; requires adjudication before promotion.
pos_indonesia_postcode_search,2026-08-11,32,JAWA BARAT,32.15,KAB. KARAWANG,32.15.27,TELUKJAMBE BARAT,32.15.27.2002,MARGAMULYA,41342,41361,41342,exact_match,true,false,MARGAMULYA,11,1,https://kodepos.posindonesia.co.id/CariKodepos,Rate-limited internal observation; exact hierarchy match; requires adjudication before promotion.
pos_indonesia_postcode_search,2026-08-11,32,JAWA BARAT,32.15,KAB. KARAWANG,32.15.27,TELUKJAMBE BARAT,32.15.27.2003,KALANGLIGAR,41343,41361,41343,exact_match,true,false,KALANGLIGAR,1,1,https://kodepos.posindonesia.co.id/CariKodepos,Rate-limited internal observation; exact hierarchy match; requires adjudication before promotion.
pos_indonesia_postcode_search,2026-08-11,32,JAWA BARAT,32.15,KAB. KARAWANG,32.15.27,TELUKJAMBE BARAT,32.15.27.2004,MEKARMULYA,41349,41361,41349,exact_match,true,false,MEKARMULYA,12,1,https://kodepos.posindonesia.co.id/CariKodepos,Rate-limited internal observation; exact hierarchy match; requires adjudication before promotion.
pos_indonesia_postcode_search,2026-08-11,32,JAWA BARAT,32.15,KAB. KARAWANG,32.15.27,TELUKJAMBE BARAT,32.15.27.2005,PARUNGSARI,41344,41361,41344,exact_match,true,false,PARUNGSARI,4,1,https://kodepos.posindonesia.co.id/CariKodepos,Rate-limited internal observation; exact hierarchy match; requires adjudication before promotion.
pos_indonesia_postcode_search,2026-08-11,32,JAWA BARAT,32.15,KAB. KARAWANG,32.15.27,TELUKJAMBE BARAT,32.15.27.2006,KARANGMULYA,41345,41361,41345,exact_match,true,false,KARANGMULYA,12,1,https://kodepos.posindonesia.co.id/CariKodepos,Rate-limited internal observation; exact hierarchy match; requires adjudication before promotion.
pos_indonesia_postcode_search,2026-08-11,32,JAWA BARAT,32.15,KAB. KARAWANG,32.15.27,TELUKJAMBE BARAT,32.15.27.2007,WANASARI,41346,41361,41346,exact_match,true,false,WANASARI,38,1,https://kodepos.posindonesia.co.id/CariKodepos,Rate-limited internal observation; exact hierarchy match; requires adjudication before promotion.
pos_indonesia_postcode_search,2026-08-11,32,JAWA BARAT,32.15,KAB. KARAWANG,32.15.27,TELUKJAMBE BARAT,32.15.27.2008,WANAKERTA,41347,41361,41347,exact_match,true,false,WANAKERTA,5,1,https://kodepos.posindonesia.co.id/CariKodepos,Rate-limited internal observation; exact hierarchy match; requires adjudication before promotion.
pos_indonesia_postcode_search,2026-08-11,32,JAWA BARAT,32.15,KAB. KARAWANG,32.15.27,TELUKJAMBE BARAT,32.15.27.2009,WANAJAYA,41348,41361,41348,exact_match,true,false,WANAJAYA,7,1,https://kodepos.posindonesia.co.id/CariKodepos,Rate-limited internal observation; exact hierarchy match; requires adjudication before promotion.
pos_indonesia_postcode_search,2026-08-11,32,JAWA BARAT,32.15,KAB. KARAWANG,32.15.27,TELUKJAMBE BARAT,32.15.27.2010,MULYAJAYA,41349,41361,41349,exact_match,true,false,MULYAJAYA,5,1,https://kodepos.posindonesia.co.id/CariKodepos,Rate-limited internal observation; exact hierarchy match; requires adjudication before promotion.
pos_indonesia_postcode_search,2026-08-11,32,JAWA BARAT,32.15,KAB. KARAWANG,32.15.28,TEGALWARU,32.15.28.2001,CIGUNUNGSARI,41364,41364,41364,exact_match,true,true,CIGUNUNGSARI,1,1,https://kodepos.posindonesia.co.id/CariKodepos,Rate-limited internal observation; exact hierarchy match; requires adjudication before promotion.
pos_indonesia_postcode_search,2026-08-11,32,JAWA BARAT,32.15,KAB. KARAWANG,32.15.28,TEGALWARU,32.15.28.2002,WARGASETRA,41364,41364,41364,exact_match,true,true,WARGASETRA,1,1,https://kodepos.posindonesia.co.id/CariKodepos,Rate-limited internal observation; exact hierarchy match; requires adjudication before promotion.
pos_indonesia_postcode_search,2026-08-11,32,JAWA BARAT,32.15,KAB. KARAWANG,32.15.28,TEGALWARU,32.15.28.2003,MEKARBUANA,41364,41364,41364,exact_match,true,true,MEKARBUANA,2,1,https://kodepos.posindonesia.co.id/CariKodepos,Rate-limited internal observation; exact hierarchy match; requires adjudication before promotion.
pos_indonesia_postcode_search,2026-08-11,32,JAWA BARAT,32.15,KAB. KARAWANG,32.15.28,TEGALWARU,32.15.28.2004,CINTALAKSANA,41364,41364,41364,exact_match,true,true,CINTALAKSANA,1,1,https://kodepos.posindonesia.co.id/CariKodepos,Rate-limited internal observation; exact hierarchy match; requires adjudication before promotion.
pos_indonesia_postcode_search,2026-08-11,32,JAWA BARAT,32.15,KAB. KARAWANG,32.15.28,TEGALWARU,32.15.28.2005,CINTAWARGI,41364,41364,41364,exact_match,true,true,CINTAWARGI,1,1,https://kodepos.posindonesia.co.id/CariKodepos,Rate-limited internal observation; exact hierarchy match; requires adjudication before promotion.
pos_indonesia_postcode_search,2026-08-11,32,JAWA BARAT,32.15,KAB. KARAWANG,32.15.28,TEGALWARU,32.15.28.2006,CINTALANGGENG,41364,41364,41364,exact_match,true,true,CINTALANGGENG,1,1,https://kodepos.posindonesia.co.id/CariKodepos,Rate-limited internal observation; exact hierarchy match; requires adjudication before promotion.
pos_indonesia_postcode_search,2026-08-11,32,JAWA BARAT,32.15,KAB. KARAWANG,32.15.28,TEGALWARU,32.15.28.2007,KUTALANGGENG,41364,41364,41364,exact_match,true,true,KUTALANGGENG,1,1,https://kodepos.posindonesia.co.id/CariKodepos,Rate-limited internal observation; exact hierarchy match; requires adjudication before promotion.
pos_indonesia_postcode_search,2026-08-11,32,JAWA BARAT,32.15,KAB. KARAWANG,32.15.28,TEGALWARU,32.15.28.2008,KUTAMANEUH,41364,41364,41364,exact_match,true,true,KUTAMANEUH,1,1,https://kodepos.posindonesia.co.id/CariKodepos,Rate-limited internal observation; exact hierarchy match; requires adjudication before promotion.
pos_indonesia_postcode_search,2026-08-11,32,JAWA BARAT,32.15,KAB. KARAWANG,32.15.28,TEGALWARU,32.15.28.2009,CIPURWASARI,41364,41364,41364,exact_match,true,true,CIPURWASARI,1,1,https://kodepos.posindonesia.co.id/CariKodepos,Rate-limited internal observation; exact hierarchy match; requires adjudication before promotion.
pos_indonesia_postcode_search,2026-08-11,32,JAWA BARAT,32.16,KAB. BEKASI,32.16.01,TARUMAJAYA,32.16.01.2001,SAGARA MAKMUR,17213,17211,17211,exact_match,false,true,SAGARA MAKMUR,1,1,https://kodepos.posindonesia.co.id/CariKodepos,Rate-limited internal observation; exact hierarchy match; requires adjudication before promotion.
pos_indonesia_postcode_search,2026-08-11,32,JAWA BARAT,32.16,KAB. BEKASI,32.16.02,BABELAN,32.16.02.1006,BAHAGIA,17612,17610,17612,exact_match,true,false,BAHAGIA,39,1,https://kodepos.posindonesia.co.id/CariKodepos,Rate-limited internal observation; exact hierarchy match; requires adjudication before promotion.
pos_indonesia_postcode_search,2026-08-11,32,JAWA BARAT,32.16,KAB. BEKASI,32.16.02,BABELAN,32.16.02.1007,KEBALEN,17613,17610,17613,exact_match,true,false,KEBALEN,2,1,https://kodepos.posindonesia.co.id/CariKodepos,Rate-limited internal observation; exact hierarchy match; requires adjudication before promotion.
pos_indonesia_postcode_search,2026-08-11,32,JAWA BARAT,32.16,KAB. BEKASI,32.16.02,BABELAN,32.16.02.2005,PANTAIHURIP,17618,17610,17619,exact_match,false,false,PANTAIHURIP,1,1,https://kodepos.posindonesia.co.id/CariKodepos,Rate-limited internal observation; exact hierarchy match; requires adjudication before promotion.
pos_indonesia_postcode_search,2026-08-11,32,JAWA BARAT,32.16,KAB. BEKASI,32.16.02,BABELAN,32.16.02.2008,BABELANKOTA,17611,17610,17611,exact_match,true,false,BABELANKOTA,1,1,https://kodepos.posindonesia.co.id/CariKodepos,Rate-limited internal observation; exact hierarchy match; requires adjudication before promotion.
pos_indonesia_postcode_search,2026-08-11,32,JAWA BARAT,32.16,KAB. BEKASI,32.16.02,BABELAN,32.16.02.2009,KEDUNGJAYA,17615,17610,17615,exact_match,true,false,KEDUNGJAYA,3,1,https://kodepos.posindonesia.co.id/CariKodepos,Rate-limited internal observation; exact hierarchy match; requires adjudication before promotion.
pos_indonesia_postcode_search,2026-08-11,32,JAWA BARAT,32.16,KAB. BEKASI,32.16.03,SUKAWANGI,32.16.03.2001,SUKARINGIN,17653,17620,17653,exact_match,true,false,SUKARINGIN,1,1,https://kodepos.posindonesia.co.id/CariKodepos,Rate-limited internal observation; exact hierarchy match; requires adjudication before promotion.
pos_indonesia_postcode_search,2026-08-11,32,JAWA BARAT,32.16,KAB. BEKASI,32.16.03,SUKAWANGI,32.16.03.2002,SUKABUDI,17657,17620,17657,exact_match,true,false,SUKABUDI,1,1,https://kodepos.posindonesia.co.id/CariKodepos,Rate-limited internal observation; exact hierarchy match; requires adjudication before promotion.
pos_indonesia_postcode_search,2026-08-11,32,JAWA BARAT,32.16,KAB. BEKASI,32.16.03,SUKAWANGI,32.16.03.2003,SUKADAYA,17656,17620,17656,exact_match,true,false,SUKADAYA,2,1,https://kodepos.posindonesia.co.id/CariKodepos,Rate-limited internal observation; exact hierarchy match; requires adjudication before promotion.
pos_indonesia_postcode_search,2026-08-11,32,JAWA BARAT,32.16,KAB. BEKASI,32.16.03,SUKAWANGI,32.16.03.2004,SUKAWANGI,17651,17620,17651,exact_match,true,false,SUKAWANGI,13,1,https://kodepos.posindonesia.co.id/CariKodepos,Rate-limited internal observation; exact hierarchy match; requires adjudication before promotion.
pos_indonesia_postcode_search,2026-08-11,32,JAWA BARAT,32.16,KAB. BEKASI,32.16.03,SUKAWANGI,32.16.03.2005,SUKAKERTA,17652,17620,17652,exact_match,true,false,SUKAKERTA,7,1,https://kodepos.posindonesia.co.id/CariKodepos,Rate-limited internal observation; exact hierarchy match; requires adjudication before promotion.
pos_indonesia_postcode_search,2026-08-11,32,JAWA BARAT,32.16,KAB. BEKASI,32.16.03,SUKAWANGI,32.16.03.2006,SUKATENANG,17654,17620,17654,exact_match,true,false,SUKATENANG,1,1,https://kodepos.posindonesia.co.id/CariKodepos,Rate-limited internal observation; exact hierarchy match; requires adjudication before promotion.
pos_indonesia_postcode_search,2026-08-11,32,JAWA BARAT,32.16,KAB. BEKASI,32.16.03,SUKAWANGI,32.16.03.2007,SUKAMEKAR,17655,17620,17655,exact_match,true,false,SUKAMEKAR,6,1,https://kodepos.posindonesia.co.id/CariKodepos,Rate-limited internal observation; exact hierarchy match; requires adjudication before promotion.
pos_indonesia_postcode_search,2026-08-11,32,JAWA BARAT,32.16,KAB. BEKASI,32.16.04,TAMBELANG,32.16.04.2004,SUKARAPIH,17621,17621,17621,exact_match,true,true,SUKARAPIH,4,1,https://kodepos.posindonesia.co.id/CariKodepos,Rate-limited internal observation; exact hierarchy match; requires adjudication before promotion.
pos_indonesia_postcode_search,2026-08-11,32,JAWA BARAT,32.16,KAB. BEKASI,32.16.06,TAMBUN SELATAN,32.16.06.1001,JATIMULYA,17512,17510,17512,exact_match,true,false,JATIMULYA,14,1,https://kodepos.posindonesia.co.id/CariKodepos,Rate-limited internal observation; exact hierarchy match; requires adjudication before promotion.
pos_indonesia_postcode_search,2026-08-11,32,JAWA BARAT,32.16,KAB. BEKASI,32.16.06,TAMBUN SELATAN,32.16.06.2002,LAMBANGSARI,17513,17510,17513,exact_match,true,false,LAMBANGSARI,2,1,https://kodepos.posindonesia.co.id/CariKodepos,Rate-limited internal observation; exact hierarchy match; requires adjudication before promotion.
pos_indonesia_postcode_search,2026-08-11,32,JAWA BARAT,32.16,KAB. BEKASI,32.16.06,TAMBUN SELATAN,32.16.06.2003,LAMBANGJAYA,17514,17510,17514,exact_match,true,false,LAMBANGJAYA,1,1,https://kodepos.posindonesia.co.id/CariKodepos,Rate-limited internal observation; exact hierarchy match; requires adjudication before promotion.
pos_indonesia_postcode_search,2026-08-11,32,JAWA BARAT,32.16,KAB. BEKASI,32.16.06,TAMBUN SELATAN,32.16.06.2004,TAMBUN,17511,17510,17511,exact_match,true,false,TAMBUN,57,1,https://kodepos.posindonesia.co.id/CariKodepos,Rate-limited internal observation; exact hierarchy match; requires adjudication before promotion.
pos_indonesia_postcode_search,2026-08-11,32,JAWA BARAT,32.16,KAB. BEKASI,32.16.06,TAMBUN SELATAN,32.16.06.2005,SETIADARMA,17513,17510,17513,exact_match,true,false,SETIADARMA,1,1,https://kodepos.posindonesia.co.id/CariKodepos,Rate-limited internal observation; exact hierarchy match; requires adjudication before promotion.
pos_indonesia_postcode_search,2026-08-11,32,JAWA BARAT,32.16,KAB. BEKASI,32.16.06,TAMBUN SELATAN,32.16.06.2006,SETIAMEKAR,17519,17510,17519,exact_match,true,false,SETIAMEKAR,1,1,https://kodepos.posindonesia.co.id/CariKodepos,Rate-limited internal observation; exact hierarchy match; requires adjudication before promotion.
pos_indonesia_postcode_search,2026-08-11,32,JAWA BARAT,32.16,KAB. BEKASI,32.16.06,TAMBUN SELATAN,32.16.06.2007,MEKARSARI,17515,17510,17515,exact_match,true,false,MEKARSARI,80,1,https://kodepos.posindonesia.co.id/CariKodepos,Rate-limited internal observation; exact hierarchy match; requires adjudication before promotion.
pos_indonesia_postcode_search,2026-08-11,32,JAWA BARAT,32.16,KAB. BEKASI,32.16.06,TAMBUN SELATAN,32.16.06.2009,MANGUNJAYA,17517,17510,17517,exact_match,true,false,MANGUNJAYA,11,1,https://kodepos.posindonesia.co.id/CariKodepos,Rate-limited internal observation; exact hierarchy match; requires adjudication before promotion.
pos_indonesia_postcode_search,2026-08-11,32,JAWA BARAT,32.16,KAB. BEKASI,32.16.07,CIBITUNG,32.16.07.1001,WANASARI,17521,17520,17521,exact_match,true,false,WANASARI,38,1,https://kodepos.posindonesia.co.id/CariKodepos,Rate-limited internal observation; exact hierarchy match; requires adjudication before promotion.
pos_indonesia_postcode_search,2026-08-11,32,JAWA BARAT,32.16,KAB. BEKASI,32.16.07,CIBITUNG,32.16.07.2002,WANAJAYA,17523,17520,17523,exact_match,true,false,WANAJAYA,7,1,https://kodepos.posindonesia.co.id/CariKodepos,Rate-limited internal observation; exact hierarchy match; requires adjudication before promotion.
pos_indonesia_postcode_search,2026-08-11,32,JAWA BARAT,32.16,KAB. BEKASI,32.16.07,CIBITUNG,32.16.07.2004,MUKTIWARI,17526,17520,17526,exact_match,true,false,MUKTIWARI,1,1,https://kodepos.posindonesia.co.id/CariKodepos,Rate-limited internal observation; exact hierarchy match; requires adjudication before promotion.
pos_indonesia_postcode_search,2026-08-11,32,JAWA BARAT,32.16,KAB. BEKASI,32.16.07,CIBITUNG,32.16.07.2005,SARIMUKTI,17527,17520,17527,exact_match,true,false,SARIMUKTI,5,1,https://kodepos.posindonesia.co.id/CariKodepos,Rate-limited internal observation; exact hierarchy match; requires adjudication before promotion.
pos_indonesia_postcode_search,2026-08-11,32,JAWA BARAT,32.16,KAB. BEKASI,32.16.07,CIBITUNG,32.16.07.2006,SUKAJAYA,17524,17520,17524,exact_match,true,false,SUKAJAYA,59,1,https://kodepos.posindonesia.co.id/CariKodepos,Rate-limited internal observation; exact hierarchy match; requires adjudication before promotion.
pos_indonesia_postcode_search,2026-08-11,32,JAWA BARAT,32.16,KAB. BEKASI,32.16.07,CIBITUNG,32.16.07.2007,CIBUNTU,17522,17520,17522,exact_match,true,false,CIBUNTU,7,1,https://kodepos.posindonesia.co.id/CariKodepos,Rate-limited internal observation; exact hierarchy match; requires adjudication before promotion.
pos_indonesia_postcode_search,2026-08-11,32,JAWA BARAT,32.16,KAB. BEKASI,32.16.08,CIKARANG BARAT,32.16.08.1008,TELAGA ASIH,17841,17530,17841,exact_match,true,false,TELAGA ASIH,1,1,https://kodepos.posindonesia.co.id/CariKodepos,Rate-limited internal observation; exact hierarchy match; requires adjudication before promotion.
pos_indonesia_postcode_search,2026-08-11,32,JAWA BARAT,32.16,KAB. BEKASI,32.16.08,CIKARANG BARAT,32.16.08.2003,JATIWANGI,17846,17530,17846,exact_match,true,false,JATIWANGI,21,1,https://kodepos.posindonesia.co.id/CariKodepos,Rate-limited internal observation; exact hierarchy match; requires adjudication before promotion.
pos_indonesia_postcode_search,2026-08-11,32,JAWA BARAT,32.16,KAB. BEKASI,32.16.08,CIKARANG BARAT,32.16.08.2005,GANDAMEKAR,17842,17530,17842,exact_match,true,false,GANDAMEKAR,14,1,https://kodepos.posindonesia.co.id/CariKodepos,Rate-limited internal observation; exact hierarchy match; requires adjudication before promotion.
pos_indonesia_postcode_search,2026-08-11,32,JAWA BARAT,32.16,KAB. BEKASI,32.16.08,CIKARANG BARAT,32.16.08.2006,GANDASARI,17842,17530,17842,exact_match,true,false,GANDASARI,8,1,https://kodepos.posindonesia.co.id/CariKodepos,Rate-limited internal observation; exact hierarchy match; requires adjudication before promotion.
pos_indonesia_postcode_search,2026-08-11,32,JAWA BARAT,32.16,KAB. BEKASI,32.16.08,CIKARANG BARAT,32.16.08.2007,SUKADANAU,17848,17530,17848,exact_match,true,false,SUKADANAU,1,1,https://kodepos.posindonesia.co.id/CariKodepos,Rate-limited internal observation; exact hierarchy match; requires adjudication before promotion.
pos_indonesia_postcode_search,2026-08-11,32,JAWA BARAT,32.16,KAB. BEKASI,32.16.08,CIKARANG BARAT,32.16.08.2010,TELAJUNG,17844,17530,17844,exact_match,true,false,TELAJUNG,1,1,https://kodepos.posindonesia.co.id/CariKodepos,Rate-limited internal observation; exact hierarchy match; requires adjudication before promotion.
pos_indonesia_postcode_search,2026-08-11,32,JAWA BARAT,32.16,KAB. BEKASI,32.16.08,CIKARANG BARAT,32.16.08.2011,CIKEDOKAN,17845,17530,17845,exact_match,true,false,CIKEDOKAN,2,1,https://kodepos.posindonesia.co.id/CariKodepos,Rate-limited internal observation; exact hierarchy match; requires adjudication before promotion.
pos_indonesia_postcode_search,2026-08-11,32,JAWA BARAT,32.16,KAB. BEKASI,32.16.13,PEBAYURAN,32.16.13.1011,KERTASARI,17711,17710,17711,exact_match,true,false,KERTASARI,23,1,https://kodepos.posindonesia.co.id/CariKodepos,Rate-limited internal observation; exact hierarchy match; requires adjudication before promotion.
pos_indonesia_postcode_search,2026-08-11,32,JAWA BARAT,32.16,KAB. BEKASI,32.16.13,PEBAYURAN,32.16.13.2002,KARANGSEGAR,17716,17710,17716,exact_match,true,false,KARANGSEGAR,1,1,https://kodepos.posindonesia.co.id/CariKodepos,Rate-limited internal observation; exact hierarchy match; requires adjudication before promotion.
pos_indonesia_postcode_search,2026-08-11,32,JAWA BARAT,32.16,KAB. BEKASI,32.16.13,PEBAYURAN,32.16.13.2003,SUMBERURIP,17714,17710,17714,exact_match,true,false,SUMBERURIP,4,1,https://kodepos.posindonesia.co.id/CariKodepos,Rate-limited internal observation; exact hierarchy match; requires adjudication before promotion.
pos_indonesia_postcode_search,2026-08-11,32,JAWA BARAT,32.16,KAB. BEKASI,32.16.13,PEBAYURAN,32.16.13.2005,KARANGREJA,17717,17710,17717,exact_match,true,false,KARANGREJA,14,1,https://kodepos.posindonesia.co.id/CariKodepos,Rate-limited internal observation; exact hierarchy match; requires adjudication before promotion.
pos_indonesia_postcode_search,2026-08-11,32,JAWA BARAT,32.16,KAB. BEKASI,32.16.13,PEBAYURAN,32.16.13.2006,KARANGJAYA,17717,17710,17717,exact_match,true,false,KARANGJAYA,5,1,https://kodepos.posindonesia.co.id/CariKodepos,Rate-limited internal observation; exact hierarchy match; requires adjudication before promotion.
pos_indonesia_postcode_search,2026-08-11,32,JAWA BARAT,32.16,KAB. BEKASI,32.16.13,PEBAYURAN,32.16.13.2007,SUMBERSARI,17714,17710,17714,exact_match,true,false,SUMBERSARI,31,1,https://kodepos.posindonesia.co.id/CariKodepos,Rate-limited internal observation; exact hierarchy match; requires adjudication before promotion.
pos_indonesia_postcode_search,2026-08-11,32,JAWA BARAT,32.16,KAB. BEKASI,32.16.13,PEBAYURAN,32.16.13.2008,KARANGPATRI,17713,17710,17713,exact_match,true,false,KARANGPATRI,1,1,https://kodepos.posindonesia.co.id/CariKodepos,Rate-limited internal observation; exact hierarchy match; requires adjudication before promotion.
pos_indonesia_postcode_search,2026-08-11,32,JAWA BARAT,32.16,KAB. BEKASI,32.16.13,PEBAYURAN,32.16.13.2009,KARANGHAUR,17713,17710,17713,exact_match,true,false,KARANGHAUR,1,1,https://kodepos.posindonesia.co.id/CariKodepos,Rate-limited internal observation; exact hierarchy match; requires adjudication before promotion.
pos_indonesia_postcode_search,2026-08-11,32,JAWA BARAT,32.16,KAB. BEKASI,32.16.13,PEBAYURAN,32.16.13.2010,KERTAJAYA,17712,17710,17712,exact_match,true,false,KERTAJAYA,19,1,https://kodepos.posindonesia.co.id/CariKodepos,Rate-limited internal observation; exact hierarchy match; requires adjudication before promotion.
pos_indonesia_postcode_search,2026-08-11,32,JAWA BARAT,32.16,KAB. BEKASI,32.16.13,PEBAYURAN,32.16.13.2012,BANTARSARI,17718,17710,17718,exact_match,true,false,BANTARSARI,14,1,https://kodepos.posindonesia.co.id/CariKodepos,Rate-limited internal observation; exact hierarchy match; requires adjudication before promotion.
pos_indonesia_postcode_search,2026-08-11,32,JAWA BARAT,32.16,KAB. BEKASI,32.16.13,PEBAYURAN,32.16.13.2013,BANTARJAYA,17719,17710,17719,exact_match,true,false,BANTARJAYA,2,1,https://kodepos.posindonesia.co.id/CariKodepos,Rate-limited internal observation; exact hierarchy match; requires adjudication before promotion.
pos_indonesia_postcode_search,2026-08-11,32,JAWA BARAT,32.16,KAB. BEKASI,32.16.14,SUKAKARYA,32.16.14.2001,SUKAMURNI,17643,17630,17643,exact_match,true,false,SUKAMURNI,3,1,https://kodepos.posindonesia.co.id/CariKodepos,Rate-limited internal observation; exact hierarchy match; requires adjudication before promotion.
pos_indonesia_postcode_search,2026-08-11,32,JAWA BARAT,32.16,KAB. BEKASI,32.16.14,SUKAKARYA,32.16.14.2002,SUKAINDAH,17642,17630,17642,exact_match,true,false,SUKAINDAH,1,1,https://kodepos.posindonesia.co.id/CariKodepos,Rate-limited internal observation; exact hierarchy match; requires adjudication before promotion.
pos_indonesia_postcode_search,2026-08-11,32,JAWA BARAT,32.16,KAB. BEKASI,32.16.14,SUKAKARYA,32.16.14.2003,SUKAKARYA,17641,17630,17641,exact_match,true,false,SUKAKARYA,19,1,https://kodepos.posindonesia.co.id/CariKodepos,Rate-limited internal observation; exact hierarchy match; requires adjudication before promotion.
pos_indonesia_postcode_search,2026-08-11,32,JAWA BARAT,32.16,KAB. BEKASI,32.16.14,SUKAKARYA,32.16.14.2004,SUKALAKSANA,17645,17630,17645,exact_match,true,false,SUKALAKSANA,8,1,https://kodepos.posindonesia.co.id/CariKodepos,Rate-limited internal observation; exact hierarchy match; requires adjudication before promotion.
pos_indonesia_postcode_search,2026-08-11,32,JAWA BARAT,32.16,KAB. BEKASI,32.16.14,SUKAKARYA,32.16.14.2005,SUKAJADI,17644,17630,17644,exact_match,true,false,SUKAJADI,54,1,https://kodepos.posindonesia.co.id/CariKodepos,Rate-limited internal observation; exact hierarchy match; requires adjudication before promotion.
pos_indonesia_postcode_search,2026-08-11,32,JAWA BARAT,32.16,KAB. BEKASI,32.16.14,SUKAKARYA,32.16.14.2007,SUKAMAKMUR,17647,17630,17647,exact_match,true,false,SUKAMAKMUR,52,1,https://kodepos.posindonesia.co.id/CariKodepos,Rate-limited internal observation; exact hierarchy match; requires adjudication before promotion.
pos_indonesia_postcode_search,2026-08-11,32,JAWA BARAT,32.16,KAB. BEKASI,32.16.15,SUKATANI,32.16.15.2001,SUKAMULYA,17631,17631,17631,exact_match,true,true,SUKAMULYA,56,1,https://kodepos.posindonesia.co.id/CariKodepos,Rate-limited internal observation; exact hierarchy match; requires adjudication before promotion.
pos_indonesia_postcode_search,2026-08-11,32,JAWA BARAT,32.16,KAB. BEKASI,32.16.16,CABANGBUNGIN,32.16.16.2003,SINDANGSARI,17725,17720,17725,exact_match,true,false,SINDANGSARI,31,1,https://kodepos.posindonesia.co.id/CariKodepos,Rate-limited internal observation; exact hierarchy match; requires adjudication before promotion.
pos_indonesia_postcode_search,2026-08-11,32,JAWA BARAT,32.16,KAB. BEKASI,32.16.16,CABANGBUNGIN,32.16.16.2005,SETIALAKSANA,17727,17720,17727,exact_match,true,false,SETIALAKSANA,1,1,https://kodepos.posindonesia.co.id/CariKodepos,Rate-limited internal observation; exact hierarchy match; requires adjudication before promotion.
pos_indonesia_postcode_search,2026-08-11,32,JAWA BARAT,32.16,KAB. BEKASI,32.16.17,MUARAGEMBONG,32.16.17.2005,PANTAI SEDERHANA,17736,17730,17736,exact_match,true,false,PANTAI SEDERHANA,1,1,https://kodepos.posindonesia.co.id/CariKodepos,Rate-limited internal observation; exact hierarchy match; requires adjudication before promotion.
pos_indonesia_postcode_search,2026-08-11,32,JAWA BARAT,32.16,KAB. BEKASI,32.16.17,MUARAGEMBONG,32.16.17.2006,JAYASAKTI,17733,17730,17733,exact_match,true,false,JAYASAKTI,1,1,https://kodepos.posindonesia.co.id/CariKodepos,Rate-limited internal observation; exact hierarchy match; requires adjudication before promotion.
pos_indonesia_postcode_search,2026-08-11,32,JAWA BARAT,32.16,KAB. BEKASI,32.16.18,SETU,32.16.18.2001,CIJENGKOL,17322,17320,17322,exact_match,true,false,CIJENGKOL,4,1,https://kodepos.posindonesia.co.id/CariKodepos,Rate-limited internal observation; exact hierarchy match; requires adjudication before promotion.
pos_indonesia_postcode_search,2026-08-11,32,JAWA BARAT,32.16,KAB. BEKASI,32.16.18,SETU,32.16.18.2002,LUBANGBUAYA,17321,17320,17321,exact_match,true,false,LUBANGBUAYA,1,1,https://kodepos.posindonesia.co.id/CariKodepos,Rate-limited internal observation; exact hierarchy match; requires adjudication before promotion.
pos_indonesia_postcode_search,2026-08-11,32,JAWA BARAT,32.16,KAB. BEKASI,32.16.18,SETU,32.16.18.2003,BURANGKENG,17323,17320,17323,exact_match,true,false,BURANGKENG,1,1,https://kodepos.posindonesia.co.id/CariKodepos,Rate-limited internal observation; exact hierarchy match; requires adjudication before promotion.
pos_indonesia_postcode_search,2026-08-11,32,JAWA BARAT,32.16,KAB. BEKASI,32.16.18,SETU,32.16.18.2004,CILEDUG,17329,17320,17329,exact_match,true,false,CILEDUG,19,1,https://kodepos.posindonesia.co.id/CariKodepos,Rate-limited internal observation; exact hierarchy match; requires adjudication before promotion.
pos_indonesia_postcode_search,2026-08-11,32,JAWA BARAT,32.16,KAB. BEKASI,32.16.18,SETU,32.16.18.2005,CIBENING,17329,17320,17329,exact_match,true,false,CIBENING,3,1,https://kodepos.posindonesia.co.id/CariKodepos,Rate-limited internal observation; exact hierarchy match; requires adjudication before promotion.
pos_indonesia_postcode_search,2026-08-11,32,JAWA BARAT,32.16,KAB. BEKASI,32.16.18,SETU,32.16.18.2006,TAMAN SARI,17324,17320,17324,exact_match,true,false,TAMAN SARI,22,1,https://kodepos.posindonesia.co.id/CariKodepos,Rate-limited internal observation; exact hierarchy match; requires adjudication before promotion.
pos_indonesia_postcode_search,2026-08-11,32,JAWA BARAT,32.16,KAB. BEKASI,32.16.18,SETU,32.16.18.2007,TAMAN RAHAYU,17324,17320,17325,exact_match,false,false,TAMAN RAHAYU,1,1,https://kodepos.posindonesia.co.id/CariKodepos,Rate-limited internal observation; exact hierarchy match; requires adjudication before promotion.
pos_indonesia_postcode_search,2026-08-11,32,JAWA BARAT,32.16,KAB. BEKASI,32.16.18,SETU,32.16.18.2008,CIKARAGEMAN,17326,17320,17326,exact_match,true,false,CIKARAGEMAN,1,1,https://kodepos.posindonesia.co.id/CariKodepos,Rate-limited internal observation; exact hierarchy match; requires adjudication before promotion.
pos_indonesia_postcode_search,2026-08-11,32,JAWA BARAT,32.16,KAB. BEKASI,32.16.18,SETU,32.16.18.2009,RAGAMANUNGGAL,17327,17320,17327,exact_match,true,false,RAGAMANUNGGAL,1,1,https://kodepos.posindonesia.co.id/CariKodepos,Rate-limited internal observation; exact hierarchy match; requires adjudication before promotion.
pos_indonesia_postcode_search,2026-08-11,32,JAWA BARAT,32.16,KAB. BEKASI,32.16.18,SETU,32.16.18.2010,MUKTIJAYA,17327,17320,17327,exact_match,true,false,MUKTIJAYA,2,1,https://kodepos.posindonesia.co.id/CariKodepos,Rate-limited internal observation; exact hierarchy match; requires adjudication before promotion.
pos_indonesia_postcode_search,2026-08-11,32,JAWA BARAT,32.16,KAB. BEKASI,32.16.18,SETU,32.16.18.2011,KERTARAHAYU,17328,17320,17328,exact_match,true,false,KERTARAHAYU,4,1,https://kodepos.posindonesia.co.id/CariKodepos,Rate-limited internal observation; exact hierarchy match; requires adjudication before promotion.
pos_indonesia_postcode_search,2026-08-11,32,JAWA BARAT,32.16,KAB. BEKASI,32.16.21,SERANG BARU,32.16.21.2001,SUKARAGAM,17331,17330,17331,exact_match,true,false,SUKARAGAM,1,1,https://kodepos.posindonesia.co.id/CariKodepos,Rate-limited internal observation; exact hierarchy match; requires adjudication before promotion.
pos_indonesia_postcode_search,2026-08-11,32,JAWA BARAT,32.16,KAB. BEKASI,32.16.21,SERANG BARU,32.16.21.2002,SIRNAJAYA,17335,17330,17335,exact_match,true,false,SIRNAJAYA,11,1,https://kodepos.posindonesia.co.id/CariKodepos,Rate-limited internal observation; exact hierarchy match; requires adjudication before promotion.
pos_indonesia_postcode_search,2026-08-11,32,JAWA BARAT,32.16,KAB. BEKASI,32.16.21,SERANG BARU,32.16.21.2003,SUKASARI,17332,17330,17332,exact_match,true,false,SUKASARI,54,1,https://kodepos.posindonesia.co.id/CariKodepos,Rate-limited internal observation; exact hierarchy match; requires adjudication before promotion.
pos_indonesia_postcode_search,2026-08-11,32,JAWA BARAT,32.16,KAB. BEKASI,32.16.21,SERANG BARU,32.16.21.2004,JAYAMULYA,17334,17330,17334,exact_match,true,false,JAYAMULYA,3,1,https://kodepos.posindonesia.co.id/CariKodepos,Rate-limited internal observation; exact hierarchy match; requires adjudication before promotion.
pos_indonesia_postcode_search,2026-08-11,32,JAWA BARAT,32.16,KAB. BEKASI,32.16.21,SERANG BARU,32.16.21.2005,NAGACIPTA,17336,17330,17336,exact_match,true,false,NAGACIPTA,1,1,https://kodepos.posindonesia.co.id/CariKodepos,Rate-limited internal observation; exact hierarchy match; requires adjudication before promotion.
pos_indonesia_postcode_search,2026-08-11,32,JAWA BARAT,32.16,KAB. BEKASI,32.16.21,SERANG BARU,32.16.21.2006,NAGASARI,17337,17330,17337,exact_match,true,false,NAGASARI,11,1,https://kodepos.posindonesia.co.id/CariKodepos,Rate-limited internal observation; exact hierarchy match; requires adjudication before promotion.
pos_indonesia_postcode_search,2026-08-11,32,JAWA BARAT,32.16,KAB. BEKASI,32.16.21,SERANG BARU,32.16.21.2007,CILANGKARA,17338,17330,17338,exact_match,true,false,CILANGKARA,1,1,https://kodepos.posindonesia.co.id/CariKodepos,Rate-limited internal observation; exact hierarchy match; requires adjudication before promotion.
pos_indonesia_postcode_search,2026-08-11,32,JAWA BARAT,32.16,KAB. BEKASI,32.16.22,CIBARUSAH,32.16.22.2002,RIDOGALIH,17344,17340,17344,exact_match,true,false,RIDOGALIH,2,1,https://kodepos.posindonesia.co.id/CariKodepos,Rate-limited internal observation; exact hierarchy match; requires adjudication before promotion.
pos_indonesia_postcode_search,2026-08-11,32,JAWA BARAT,32.16,KAB. BEKASI,32.16.22,CIBARUSAH,32.16.22.2003,RIDOMANAH,17345,17340,17345,exact_match,true,false,RIDOMANAH,1,1,https://kodepos.posindonesia.co.id/CariKodepos,Rate-limited internal observation; exact hierarchy match; requires adjudication before promotion.
pos_indonesia_postcode_search,2026-08-11,32,JAWA BARAT,32.16,KAB. BEKASI,32.16.22,CIBARUSAH,32.16.22.2004,WIBAWAMULYA,17346,17340,17346,exact_match,true,false,WIBAWAMULYA,1,1,https://kodepos.posindonesia.co.id/CariKodepos,Rate-limited internal observation; exact hierarchy match; requires adjudication before promotion.
pos_indonesia_postcode_search,2026-08-11,32,JAWA BARAT,32.16,KAB. BEKASI,32.16.22,CIBARUSAH,32.16.22.2005,CIBARUSAH KOTA,17341,17340,17341,exact_match,true,false,CIBARUSAH KOTA,1,1,https://kodepos.posindonesia.co.id/CariKodepos,Rate-limited internal observation; exact hierarchy match; requires adjudication before promotion.
pos_indonesia_postcode_search,2026-08-11,32,JAWA BARAT,32.16,KAB. BEKASI,32.16.22,CIBARUSAH,32.16.22.2006,CIBARUSAH JAYA,17342,17340,17342,exact_match,true,false,CIBARUSAH JAYA,1,1,https://kodepos.posindonesia.co.id/CariKodepos,Rate-limited internal observation; exact hierarchy match; requires adjudication before promotion.
pos_indonesia_postcode_search,2026-08-11,32,JAWA BARAT,32.16,KAB. BEKASI,32.16.22,CIBARUSAH,32.16.22.2007,SINDANGMULYA,17347,17340,17347,exact_match,true,false,SINDANGMULYA,3,1,https://kodepos.posindonesia.co.id/CariKodepos,Rate-limited internal observation; exact hierarchy match; requires adjudication before promotion.
pos_indonesia_postcode_search,2026-08-11,32,JAWA BARAT,32.16,KAB. BEKASI,32.16.23,BOJONGMANGU,32.16.23.2001,KARANGMULYA,17455,17356,17356,exact_match,false,true,KARANGMULYA,12,1,https://kodepos.posindonesia.co.id/CariKodepos,Rate-limited internal observation; exact hierarchy match; requires adjudication before promotion.
pos_indonesia_postcode_search,2026-08-11,32,JAWA BARAT,32.16,KAB. BEKASI,32.16.23,BOJONGMANGU,32.16.23.2002,KARANGINDAH,17453,17350,17350,exact_match,false,true,KARANGINDAH,1,1,https://kodepos.posindonesia.co.id/CariKodepos,Rate-limited internal observation; exact hierarchy match; requires adjudication before promotion.
pos_indonesia_postcode_search,2026-08-11,32,JAWA BARAT,32.16,KAB. BEKASI,32.16.23,BOJONGMANGU,32.16.23.2004,SUKABUNGAH,17456,17350,17350,exact_match,false,true,SUKABUNGAH,3,1,https://kodepos.posindonesia.co.id/CariKodepos,Rate-limited internal observation; exact hierarchy match; requires adjudication before promotion.
pos_indonesia_postcode_search,2026-08-11,32,JAWA BARAT,32.16,KAB. BEKASI,32.16.23,BOJONGMANGU,32.16.23.2005,SUKAMUKTI,17457,17350,17350,exact_match,false,true,SUKAMUKTI,19,1,https://kodepos.posindonesia.co.id/CariKodepos,Rate-limited internal observation; exact hierarchy match; requires adjudication before promotion.
pos_indonesia_postcode_search,2026-08-11,32,JAWA BARAT,32.16,KAB. BEKASI,32.16.23,BOJONGMANGU,32.16.23.2006,MEDALKRISNA,17452,17350,17350,exact_match,false,true,MEDALKRISNA,1,1,https://kodepos.posindonesia.co.id/CariKodepos,Rate-limited internal observation; exact hierarchy match; requires adjudication before promotion.
pos_indonesia_postcode_search,2026-08-11,32,JAWA BARAT,32.17,KAB. BANDUNG BARAT,32.17.01,LEMBANG,32.17.01.2001,PAGERWANGI,40791,40391,40791,exact_match,true,false,PAGERWANGI,2,1,https://kodepos.posindonesia.co.id/CariKodepos,Rate-limited internal observation; exact hierarchy match; requires adjudication before promotion.
pos_indonesia_postcode_search,2026-08-11,32,JAWA BARAT,32.17,KAB. BANDUNG BARAT,32.17.01,LEMBANG,32.17.01.2002,KAYUAMBON,40791,40391,40791,exact_match,true,false,KAYUAMBON,1,1,https://kodepos.posindonesia.co.id/CariKodepos,Rate-limited internal observation; exact hierarchy match; requires adjudication before promotion.
pos_indonesia_postcode_search,2026-08-11,32,JAWA BARAT,32.17,KAB. BANDUNG BARAT,32.17.01,LEMBANG,32.17.01.2003,LEMBANG,40791,40391,40791,exact_match,true,false,LEMBANG,171,1,https://kodepos.posindonesia.co.id/CariKodepos,Rate-limited internal observation; exact hierarchy match; requires adjudication before promotion.
pos_indonesia_postcode_search,2026-08-11,32,JAWA BARAT,32.17,KAB. BANDUNG BARAT,32.17.01,LEMBANG,32.17.01.2004,CIKIDANG,40791,40391,40791,exact_match,true,false,CIKIDANG,16,1,https://kodepos.posindonesia.co.id/CariKodepos,Rate-limited internal observation; exact hierarchy match; requires adjudication before promotion.
pos_indonesia_postcode_search,2026-08-11,32,JAWA BARAT,32.17,KAB. BANDUNG BARAT,32.17.01,LEMBANG,32.17.01.2005,CIKAHURIPAN,40791,40391,40791,exact_match,true,false,CIKAHURIPAN,7,1,https://kodepos.posindonesia.co.id/CariKodepos,Rate-limited internal observation; exact hierarchy match; requires adjudication before promotion.
pos_indonesia_postcode_search,2026-08-11,32,JAWA BARAT,32.17,KAB. BANDUNG BARAT,32.17.01,LEMBANG,32.17.01.2006,CIKOLE,40791,40391,40791,exact_match,true,false,CIKOLE,9,1,https://kodepos.posindonesia.co.id/CariKodepos,Rate-limited internal observation; exact hierarchy match; requires adjudication before promotion.
pos_indonesia_postcode_search,2026-08-11,32,JAWA BARAT,32.17,KAB. BANDUNG BARAT,32.17.01,LEMBANG,32.17.01.2007,GUDANGKAHURIPAN,40791,40391,40791,exact_match,true,false,GUDANGKAHURIPAN,1,1,https://kodepos.posindonesia.co.id/CariKodepos,Rate-limited internal observation; exact hierarchy match; requires adjudication before promotion.
pos_indonesia_postcode_search,2026-08-11,32,JAWA BARAT,32.17,KAB. BANDUNG BARAT,32.17.01,LEMBANG,32.17.01.2008,JAYAGIRI,40791,40391,40791,exact_match,true,false,JAYAGIRI,4,1,https://kodepos.posindonesia.co.id/CariKodepos,Rate-limited internal observation; exact hierarchy match; requires adjudication before promotion.
pos_indonesia_postcode_search,2026-08-11,32,JAWA BARAT,32.17,KAB. BANDUNG BARAT,32.17.01,LEMBANG,32.17.01.2009,CIBODAS,40791,40391,40791,exact_match,true,false,CIBODAS,23,1,https://kodepos.posindonesia.co.id/CariKodepos,Rate-limited internal observation; exact hierarchy match; requires adjudication before promotion.
pos_indonesia_postcode_search,2026-08-11,32,JAWA BARAT,32.17,KAB. BANDUNG BARAT,32.17.01,LEMBANG,32.17.01.2010,LANGENSARI,40791,40391,40791,exact_match,true,false,LANGENSARI,17,1,https://kodepos.posindonesia.co.id/CariKodepos,Rate-limited internal observation; exact hierarchy match; requires adjudication before promotion.
pos_indonesia_postcode_search,2026-08-11,32,JAWA BARAT,32.17,KAB. BANDUNG BARAT,32.17.01,LEMBANG,32.17.01.2011,MEKARWANGI,40791,40391,40791,exact_match,true,false,MEKARWANGI,26,1,https://kodepos.posindonesia.co.id/CariKodepos,Rate-limited internal observation; exact hierarchy match; requires adjudication before promotion.
pos_indonesia_postcode_search,2026-08-11,32,JAWA BARAT,32.17,KAB. BANDUNG BARAT,32.17.01,LEMBANG,32.17.01.2012,CIBOGO,40791,40391,40791,exact_match,true,false,CIBOGO,17,1,https://kodepos.posindonesia.co.id/CariKodepos,Rate-limited internal observation; exact hierarchy match; requires adjudication before promotion.
pos_indonesia_postcode_search,2026-08-11,32,JAWA BARAT,32.17,KAB. BANDUNG BARAT,32.17.01,LEMBANG,32.17.01.2013,SUKAJAYA,40791,40391,40791,exact_match,true,false,SUKAJAYA,59,1,https://kodepos.posindonesia.co.id/CariKodepos,Rate-limited internal observation; exact hierarchy match; requires adjudication before promotion.
pos_indonesia_postcode_search,2026-08-11,32,JAWA BARAT,32.17,KAB. BANDUNG BARAT,32.17.01,LEMBANG,32.17.01.2014,SUNTENJAYA,40791,40391,40791,exact_match,true,false,SUNTENJAYA,1,1,https://kodepos.posindonesia.co.id/CariKodepos,Rate-limited internal observation; exact hierarchy match; requires adjudication before promotion.
pos_indonesia_postcode_search,2026-08-11,32,JAWA BARAT,32.17,KAB. BANDUNG BARAT,32.17.01,LEMBANG,32.17.01.2015,WANGUNHARJA,40791,40391,40791,exact_match,true,false,WANGUNHARJA,3,1,https://kodepos.posindonesia.co.id/CariKodepos,Rate-limited internal observation; exact hierarchy match; requires adjudication before promotion.
pos_indonesia_postcode_search,2026-08-11,32,JAWA BARAT,32.17,KAB. BANDUNG BARAT,32.17.01,LEMBANG,32.17.01.2016,WANGUNSARI,40791,40391,40791,exact_match,true,false,WANGUNSARI,6,1,https://kodepos.posindonesia.co.id/CariKodepos,Rate-limited internal observation; exact hierarchy match; requires adjudication before promotion.
pos_indonesia_postcode_search,2026-08-11,32,JAWA BARAT,32.17,KAB. BANDUNG BARAT,32.17.02,PARONGPONG,32.17.02.2001,KARYAWANGI,40759,40559,40759,exact_match,true,false,KARYAWANGI,3,1,https://kodepos.posindonesia.co.id/CariKodepos,Rate-limited internal observation; exact hierarchy match; requires adjudication before promotion.
pos_indonesia_postcode_search,2026-08-11,32,JAWA BARAT,32.17,KAB. BANDUNG BARAT,32.17.02,PARONGPONG,32.17.02.2002,CIHANJUANG,40759,40559,40759,exact_match,true,false,CIHANJUANG,4,1,https://kodepos.posindonesia.co.id/CariKodepos,Rate-limited internal observation; exact hierarchy match; requires adjudication before promotion.
pos_indonesia_postcode_search,2026-08-11,32,JAWA BARAT,32.17,KAB. BANDUNG BARAT,32.17.02,PARONGPONG,32.17.02.2003,CIHANJUANG RAHAYU,40759,40559,,no_exact_match,false,false,CIHANJUANG RAHAYU,0,0,https://kodepos.posindonesia.co.id/CariKodepos,Rate-limited internal observation; exact hierarchy match; requires adjudication before promotion.
pos_indonesia_postcode_search,2026-08-11,32,JAWA BARAT,32.17,KAB. BANDUNG BARAT,32.17.02,PARONGPONG,32.17.02.2004,CIHIDEUNG,40759,40559,40759,exact_match,true,false,CIHIDEUNG,11,1,https://kodepos.posindonesia.co.id/CariKodepos,Rate-limited internal observation; exact hierarchy match; requires adjudication before promotion.
pos_indonesia_postcode_search,2026-08-11,32,JAWA BARAT,32.17,KAB. BANDUNG BARAT,32.17.02,PARONGPONG,32.17.02.2005,CIWARUGA,40759,40559,40759,exact_match,true,false,CIWARUGA,1,1,https://kodepos.posindonesia.co.id/CariKodepos,Rate-limited internal observation; exact hierarchy match; requires adjudication before promotion.
pos_indonesia_postcode_search,2026-08-11,32,JAWA BARAT,32.17,KAB. BANDUNG BARAT,32.17.02,PARONGPONG,32.17.02.2006,CIGUGURGIRANG,40759,40559,40759,exact_match,true,false,CIGUGURGIRANG,1,1,https://kodepos.posindonesia.co.id/CariKodepos,Rate-limited internal observation; exact hierarchy match; requires adjudication before promotion.
pos_indonesia_postcode_search,2026-08-11,32,JAWA BARAT,32.17,KAB. BANDUNG BARAT,32.17.02,PARONGPONG,32.17.02.2007,SARIWANGI,40759,40559,40759,exact_match,true,false,SARIWANGI,9,1,https://kodepos.posindonesia.co.id/CariKodepos,Rate-limited internal observation; exact hierarchy match; requires adjudication before promotion.
pos_indonesia_postcode_search,2026-08-11,32,JAWA BARAT,32.17,KAB. BANDUNG BARAT,32.17.03,CISARUA,32.17.03.2001,JAMBUDIPA,40751,40551,40751,exact_match,true,false,JAMBUDIPA,2,1,https://kodepos.posindonesia.co.id/CariKodepos,Rate-limited internal observation; exact hierarchy match; requires adjudication before promotion.
pos_indonesia_postcode_search,2026-08-11,32,JAWA BARAT,32.17,KAB. BANDUNG BARAT,32.17.03,CISARUA,32.17.03.2002,PADAASIH,40751,40551,40751,exact_match,true,false,PADAASIH,6,1,https://kodepos.posindonesia.co.id/CariKodepos,Rate-limited internal observation; exact hierarchy match; requires adjudication before promotion.
pos_indonesia_postcode_search,2026-08-11,32,JAWA BARAT,32.17,KAB. BANDUNG BARAT,32.17.03,CISARUA,32.17.03.2003,PASIRHALANG,40751,40551,40751,exact_match,true,false,PASIRHALANG,2,1,https://kodepos.posindonesia.co.id/CariKodepos,Rate-limited internal observation; exact hierarchy match; requires adjudication before promotion.
pos_indonesia_postcode_search,2026-08-11,32,JAWA BARAT,32.17,KAB. BANDUNG BARAT,32.17.03,CISARUA,32.17.03.2004,PASIRLANGU,40751,40551,40751,exact_match,true,false,PASIRLANGU,2,1,https://kodepos.posindonesia.co.id/CariKodepos,Rate-limited internal observation; exact hierarchy match; requires adjudication before promotion.
pos_indonesia_postcode_search,2026-08-11,32,JAWA BARAT,32.17,KAB. BANDUNG BARAT,32.17.03,CISARUA,32.17.03.2005,CIPADA,40751,40551,40751,exact_match,true,false,CIPADA,4,1,https://kodepos.posindonesia.co.id/CariKodepos,Rate-limited internal observation; exact hierarchy match; requires adjudication before promotion.
pos_indonesia_postcode_search,2026-08-11,32,JAWA BARAT,32.17,KAB. BANDUNG BARAT,32.17.03,CISARUA,32.17.03.2006,KERTAWANGI,40751,40551,40751,exact_match,true,false,KERTAWANGI,1,1,https://kodepos.posindonesia.co.id/CariKodepos,Rate-limited internal observation; exact hierarchy match; requires adjudication before promotion.
pos_indonesia_postcode_search,2026-08-11,32,JAWA BARAT,32.17,KAB. BANDUNG BARAT,32.17.03,CISARUA,32.17.03.2007,TUGUMUKTI,40751,40551,40751,exact_match,true,false,TUGUMUKTI,1,1,https://kodepos.posindonesia.co.id/CariKodepos,Rate-limited internal observation; exact hierarchy match; requires adjudication before promotion.
pos_indonesia_postcode_search,2026-08-11,32,JAWA BARAT,32.17,KAB. BANDUNG BARAT,32.17.03,CISARUA,32.17.03.2008,SADANGMEKAR,40751,40551,40751,exact_match,true,false,SADANGMEKAR,1,1,https://kodepos.posindonesia.co.id/CariKodepos,Rate-limited internal observation; exact hierarchy match; requires adjudication before promotion.
pos_indonesia_postcode_search,2026-08-11,32,JAWA BARAT,32.17,KAB. BANDUNG BARAT,32.17.04,CIKALONGWETAN,32.17.04.2001,CIPTAGUMATI,40756,40556,40756,exact_match,true,false,CIPTAGUMATI,1,1,https://kodepos.posindonesia.co.id/CariKodepos,Rate-limited internal observation; exact hierarchy match; requires adjudication before promotion.
pos_indonesia_postcode_search,2026-08-11,32,JAWA BARAT,32.17,KAB. BANDUNG BARAT,32.17.04,CIKALONGWETAN,32.17.04.2002,CIKALONG,40756,40556,40756,exact_match,true,false,CIKALONG,51,1,https://kodepos.posindonesia.co.id/CariKodepos,Rate-limited internal observation; exact hierarchy match; requires adjudication before promotion.
pos_indonesia_postcode_search,2026-08-11,32,JAWA BARAT,32.17,KAB. BANDUNG BARAT,32.17.04,CIKALONGWETAN,32.17.04.2003,CIPADA,40756,40556,40756,exact_match,true,false,CIPADA,4,1,https://kodepos.posindonesia.co.id/CariKodepos,Rate-limited internal observation; exact hierarchy match; requires adjudication before promotion.
pos_indonesia_postcode_search,2026-08-11,32,JAWA BARAT,32.17,KAB. BANDUNG BARAT,32.17.04,CIKALONGWETAN,32.17.04.2004,CISOMANGBARAT,40756,40556,40756,exact_match,true,false,CISOMANGBARAT,1,1,https://kodepos.posindonesia.co.id/CariKodepos,Rate-limited internal observation; exact hierarchy match; requires adjudication before promotion.
pos_indonesia_postcode_search,2026-08-11,32,JAWA BARAT,32.17,KAB. BANDUNG BARAT,32.17.04,CIKALONGWETAN,32.17.04.2005,GANJARSARI,40756,40556,40756,exact_match,true,false,GANJARSARI,1,1,https://kodepos.posindonesia.co.id/CariKodepos,Rate-limited internal observation; exact hierarchy match; requires adjudication before promotion.
pos_indonesia_postcode_search,2026-08-11,32,JAWA BARAT,32.17,KAB. BANDUNG BARAT,32.17.04,CIKALONGWETAN,32.17.04.2006,KANANGASARI,40756,40556,40756,exact_match,true,false,KANANGASARI,1,1,https://kodepos.posindonesia.co.id/CariKodepos,Rate-limited internal observation; exact hierarchy match; requires adjudication before promotion.
pos_indonesia_postcode_search,2026-08-11,32,JAWA BARAT,32.17,KAB. BANDUNG BARAT,32.17.04,CIKALONGWETAN,32.17.04.2007,MANDALASARI,40756,40556,40756,exact_match,true,false,MANDALASARI,7,1,https://kodepos.posindonesia.co.id/CariKodepos,Rate-limited internal observation; exact hierarchy match; requires adjudication before promotion.
pos_indonesia_postcode_search,2026-08-11,32,JAWA BARAT,32.17,KAB. BANDUNG BARAT,32.17.04,CIKALONGWETAN,32.17.04.2008,MANDALAMUKTI,40756,40556,40756,exact_match,true,false,MANDALAMUKTI,1,1,https://kodepos.posindonesia.co.id/CariKodepos,Rate-limited internal observation; exact hierarchy match; requires adjudication before promotion.
pos_indonesia_postcode_search,2026-08-11,32,JAWA BARAT,32.17,KAB. BANDUNG BARAT,32.17.04,CIKALONGWETAN,32.17.04.2009,MEKARJAYA,40756,40556,40756,exact_match,true,false,MEKARJAYA,55,1,https://kodepos.posindonesia.co.id/CariKodepos,Rate-limited internal observation; exact hierarchy match; requires adjudication before promotion.
pos_indonesia_postcode_search,2026-08-11,32,JAWA BARAT,32.17,KAB. BANDUNG BARAT,32.17.04,CIKALONGWETAN,32.17.04.2010,PUTERAN,40756,40556,40756,exact_match,true,false,PUTERAN,2,1,https://kodepos.posindonesia.co.id/CariKodepos,Rate-limited internal observation; exact hierarchy match; requires adjudication before promotion.
pos_indonesia_postcode_search,2026-08-11,32,JAWA BARAT,32.17,KAB. BANDUNG BARAT,32.17.04,CIKALONGWETAN,32.17.04.2011,RENDE,40756,40556,40756,exact_match,true,false,RENDE,21,1,https://kodepos.posindonesia.co.id/CariKodepos,Rate-limited internal observation; exact hierarchy match; requires adjudication before promotion.
pos_indonesia_postcode_search,2026-08-11,32,JAWA BARAT,32.17,KAB. BANDUNG BARAT,32.17.04,CIKALONGWETAN,32.17.04.2012,TENJOLAUT,40756,40556,40756,exact_match,true,false,TENJOLAUT,2,1,https://kodepos.posindonesia.co.id/CariKodepos,Rate-limited internal observation; exact hierarchy match; requires adjudication before promotion.
pos_indonesia_postcode_search,2026-08-11,32,JAWA BARAT,32.17,KAB. BANDUNG BARAT,32.17.04,CIKALONGWETAN,32.17.04.2013,WANGUNJAYA,40756,40556,40756,exact_match,true,false,WANGUNJAYA,12,1,https://kodepos.posindonesia.co.id/CariKodepos,Rate-limited internal observation; exact hierarchy match; requires adjudication before promotion.
pos_indonesia_postcode_search,2026-08-11,32,JAWA BARAT,32.17,KAB. BANDUNG BARAT,32.17.05,CIPEUNDEUY,32.17.05.2002,CIHARASHAS,40758,40558,40758,exact_match,true,false,CIHARASHAS,2,1,https://kodepos.posindonesia.co.id/CariKodepos,Rate-limited internal observation; exact hierarchy match; requires adjudication before promotion.
pos_indonesia_postcode_search,2026-08-11,32,JAWA BARAT,32.17,KAB. BANDUNG BARAT,32.17.05,CIPEUNDEUY,32.17.05.2003,BOJONGMEKAR,40758,40558,40758,exact_match,true,false,BOJONGMEKAR,1,1,https://kodepos.posindonesia.co.id/CariKodepos,Rate-limited internal observation; exact hierarchy match; requires adjudication before promotion.
pos_indonesia_postcode_search,2026-08-11,32,JAWA BARAT,32.17,KAB. BANDUNG BARAT,32.17.05,CIPEUNDEUY,32.17.05.2004,CIROYOM,40758,40558,40758,exact_match,true,false,CIROYOM,4,1,https://kodepos.posindonesia.co.id/CariKodepos,Rate-limited internal observation; exact hierarchy match; requires adjudication before promotion.
pos_indonesia_postcode_search,2026-08-11,32,JAWA BARAT,32.17,KAB. BANDUNG BARAT,32.17.05,CIPEUNDEUY,32.17.05.2005,JATIMEKAR,40758,40558,40758,exact_match,true,false,JATIMEKAR,4,1,https://kodepos.posindonesia.co.id/CariKodepos,Rate-limited internal observation; exact hierarchy match; requires adjudication before promotion.
pos_indonesia_postcode_search,2026-08-11,32,JAWA BARAT,32.17,KAB. BANDUNG BARAT,32.17.05,CIPEUNDEUY,32.17.05.2006,MARGALAKSANA,40758,40558,40758,exact_match,true,false,MARGALAKSANA,7,1,https://kodepos.posindonesia.co.id/CariKodepos,Rate-limited internal observation; exact hierarchy match; requires adjudication before promotion.
pos_indonesia_postcode_search,2026-08-11,32,JAWA BARAT,32.17,KAB. BANDUNG BARAT,32.17.05,CIPEUNDEUY,32.17.05.2007,MARGALUYU,40393,40558,40758,exact_match,false,false,MARGALUYU,17,1,https://kodepos.posindonesia.co.id/CariKodepos,Rate-limited internal observation; exact hierarchy match; requires adjudication before promotion.
pos_indonesia_postcode_search,2026-08-11,32,JAWA BARAT,32.17,KAB. BANDUNG BARAT,32.17.05,CIPEUNDEUY,32.17.05.2008,NANGGELENG,40758,40558,40758,exact_match,true,false,NANGGELENG,2,1,https://kodepos.posindonesia.co.id/CariKodepos,Rate-limited internal observation; exact hierarchy match; requires adjudication before promotion.
pos_indonesia_postcode_search,2026-08-11,32,JAWA BARAT,32.17,KAB. BANDUNG BARAT,32.17.05,CIPEUNDEUY,32.17.05.2009,NYENANG,40758,40558,40758,exact_match,true,false,NYENANG,1,1,https://kodepos.posindonesia.co.id/CariKodepos,Rate-limited internal observation; exact hierarchy match; requires adjudication before promotion.
pos_indonesia_postcode_search,2026-08-11,32,JAWA BARAT,32.17,KAB. BANDUNG BARAT,32.17.05,CIPEUNDEUY,32.17.05.2010,SIRNARAJA,40758,40558,40758,exact_match,true,false,SIRNARAJA,2,1,https://kodepos.posindonesia.co.id/CariKodepos,Rate-limited internal observation; exact hierarchy match; requires adjudication before promotion.
pos_indonesia_postcode_search,2026-08-11,32,JAWA BARAT,32.17,KAB. BANDUNG BARAT,32.17.05,CIPEUNDEUY,32.17.05.2011,SIRNAGALIH,40758,40558,40758,exact_match,true,false,SIRNAGALIH,13,1,https://kodepos.posindonesia.co.id/CariKodepos,Rate-limited internal observation; exact hierarchy match; requires adjudication before promotion.
pos_indonesia_postcode_search,2026-08-11,32,JAWA BARAT,32.17,KAB. BANDUNG BARAT,32.17.05,CIPEUNDEUY,32.17.05.2012,SUKAHAJI,40758,40558,40758,exact_match,true,false,SUKAHAJI,20,1,https://kodepos.posindonesia.co.id/CariKodepos,Rate-limited internal observation; exact hierarchy match; requires adjudication before promotion.
pos_indonesia_postcode_search,2026-08-11,32,JAWA BARAT,32.17,KAB. BANDUNG BARAT,32.17.06,NGAMPRAH,32.17.06.2001,NGAMPRAH,40721,40552,40721,exact_match,true,false,NGAMPRAH,11,1,https://kodepos.posindonesia.co.id/CariKodepos,Rate-limited internal observation; exact hierarchy match; requires adjudication before promotion.
pos_indonesia_postcode_search,2026-08-11,32,JAWA BARAT,32.17,KAB. BANDUNG BARAT,32.17.06,NGAMPRAH,32.17.06.2002,CIMAREME,40722,40552,40722,exact_match,true,false,CIMAREME,2,1,https://kodepos.posindonesia.co.id/CariKodepos,Rate-limited internal observation; exact hierarchy match; requires adjudication before promotion.
pos_indonesia_postcode_search,2026-08-11,32,JAWA BARAT,32.17,KAB. BANDUNG BARAT,32.17.06,NGAMPRAH,32.17.06.2003,CILAME,40721,40552,40721,exact_match,true,false,CILAME,2,1,https://kodepos.posindonesia.co.id/CariKodepos,Rate-limited internal observation; exact hierarchy match; requires adjudication before promotion.
pos_indonesia_postcode_search,2026-08-11,32,JAWA BARAT,32.17,KAB. BANDUNG BARAT,32.17.06,NGAMPRAH,32.17.06.2004,TANIMULYA,40723,40552,40723,exact_match,true,false,TANIMULYA,1,1,https://kodepos.posindonesia.co.id/CariKodepos,Rate-limited internal observation; exact hierarchy match; requires adjudication before promotion.
pos_indonesia_postcode_search,2026-08-11,32,JAWA BARAT,32.17,KAB. BANDUNG BARAT,32.17.06,NGAMPRAH,32.17.06.2005,CIMANGGU,40724,40552,40724,exact_match,true,false,CIMANGGU,55,1,https://kodepos.posindonesia.co.id/CariKodepos,Rate-limited internal observation; exact hierarchy match; requires adjudication before promotion.
pos_indonesia_postcode_search,2026-08-11,32,JAWA BARAT,32.17,KAB. BANDUNG BARAT,32.17.06,NGAMPRAH,32.17.06.2006,BOJONGKONENG,40727,40552,40727,exact_match,true,false,BOJONGKONENG,3,1,https://kodepos.posindonesia.co.id/CariKodepos,Rate-limited internal observation; exact hierarchy match; requires adjudication before promotion.
pos_indonesia_postcode_search,2026-08-11,32,JAWA BARAT,32.17,KAB. BANDUNG BARAT,32.17.06,NGAMPRAH,32.17.06.2007,MARGAJAYA,40725,40552,40725,exact_match,true,false,MARGAJAYA,9,1,https://kodepos.posindonesia.co.id/CariKodepos,Rate-limited internal observation; exact hierarchy match; requires adjudication before promotion.
pos_indonesia_postcode_search,2026-08-11,32,JAWA BARAT,32.17,KAB. BANDUNG BARAT,32.17.06,NGAMPRAH,32.17.06.2008,MEKARSARI,40726,40552,40726,exact_match,true,false,MEKARSARI,80,1,https://kodepos.posindonesia.co.id/CariKodepos,Rate-limited internal observation; exact hierarchy match; requires adjudication before promotion.
pos_indonesia_postcode_search,2026-08-11,32,JAWA BARAT,32.17,KAB. BANDUNG BARAT,32.17.06,NGAMPRAH,32.17.06.2009,GADOBANGKONG,40722,40552,40722,exact_match,true,false,GADOBANGKONG,1,1,https://kodepos.posindonesia.co.id/CariKodepos,Rate-limited internal observation; exact hierarchy match; requires adjudication before promotion.
pos_indonesia_postcode_search,2026-08-11,32,JAWA BARAT,32.17,KAB. BANDUNG BARAT,32.17.06,NGAMPRAH,32.17.06.2010,SUKATANI,40725,40552,40725,exact_match,true,false,SUKATANI,39,1,https://kodepos.posindonesia.co.id/CariKodepos,Rate-limited internal observation; exact hierarchy match; requires adjudication before promotion.
pos_indonesia_postcode_search,2026-08-11,32,JAWA BARAT,32.17,KAB. BANDUNG BARAT,32.17.06,NGAMPRAH,32.17.06.2011,PAKUHAJI,40723,40552,40723,exact_match,true,false,PAKUHAJI,16,1,https://kodepos.posindonesia.co.id/CariKodepos,Rate-limited internal observation; exact hierarchy match; requires adjudication before promotion.
pos_indonesia_postcode_search,2026-08-11,32,JAWA BARAT,32.17,KAB. BANDUNG BARAT,32.17.07,CIPATAT,32.17.07.2001,CIPTAHARJA,40754,40554,40754,exact_match,true,false,CIPTAHARJA,1,1,https://kodepos.posindonesia.co.id/CariKodepos,Rate-limited internal observation; exact hierarchy match; requires adjudication before promotion.
pos_indonesia_postcode_search,2026-08-11,32,JAWA BARAT,32.17,KAB. BANDUNG BARAT,32.17.07,CIPATAT,32.17.07.2002,CIPATAT,40754,40554,40754,exact_match,true,false,CIPATAT,12,1,https://kodepos.posindonesia.co.id/CariKodepos,Rate-limited internal observation; exact hierarchy match; requires adjudication before promotion.
pos_indonesia_postcode_search,2026-08-11,32,JAWA BARAT,32.17,KAB. BANDUNG BARAT,32.17.07,CIPATAT,32.17.07.2003,CITATAH,40754,40554,40754,exact_match,true,false,CITATAH,1,1,https://kodepos.posindonesia.co.id/CariKodepos,Rate-limited internal observation; exact hierarchy match; requires adjudication before promotion.
pos_indonesia_postcode_search,2026-08-11,32,JAWA BARAT,32.17,KAB. BANDUNG BARAT,32.17.07,CIPATAT,32.17.07.2004,RAJAMANDALAKULON,40754,40554,40754,exact_match,true,false,RAJAMANDALAKULON,1,1,https://kodepos.posindonesia.co.id/CariKodepos,Rate-limited internal observation; exact hierarchy match; requires adjudication before promotion.
pos_indonesia_postcode_search,2026-08-11,32,JAWA BARAT,32.17,KAB. BANDUNG BARAT,32.17.07,CIPATAT,32.17.07.2005,MANDALAWANGI,40754,40554,40754,exact_match,true,false,MANDALAWANGI,20,1,https://kodepos.posindonesia.co.id/CariKodepos,Rate-limited internal observation; exact hierarchy match; requires adjudication before promotion.
pos_indonesia_postcode_search,2026-08-11,32,JAWA BARAT,32.17,KAB. BANDUNG BARAT,32.17.07,CIPATAT,32.17.07.2006,KERTAMUKTI,40754,40554,40754,exact_match,true,false,KERTAMUKTI,13,1,https://kodepos.posindonesia.co.id/CariKodepos,Rate-limited internal observation; exact hierarchy match; requires adjudication before promotion.
pos_indonesia_postcode_search,2026-08-11,32,JAWA BARAT,32.17,KAB. BANDUNG BARAT,32.17.07,CIPATAT,32.17.07.2007,NYALINDUNG,40754,40554,40754,exact_match,true,false,NYALINDUNG,14,1,https://kodepos.posindonesia.co.id/CariKodepos,Rate-limited internal observation; exact hierarchy match; requires adjudication before promotion.
pos_indonesia_postcode_search,2026-08-11,32,JAWA BARAT,32.17,KAB. BANDUNG BARAT,32.17.07,CIPATAT,32.17.07.2008,GUNUNGMASIGIT,40754,40554,40754,exact_match,true,false,GUNUNGMASIGIT,1,1,https://kodepos.posindonesia.co.id/CariKodepos,Rate-limited internal observation; exact hierarchy match; requires adjudication before promotion.
pos_indonesia_postcode_search,2026-08-11,32,JAWA BARAT,32.17,KAB. BANDUNG BARAT,32.17.07,CIPATAT,32.17.07.2009,CIRAWAMEKAR,40754,40554,40754,exact_match,true,false,CIRAWAMEKAR,1,1,https://kodepos.posindonesia.co.id/CariKodepos,Rate-limited internal observation; exact hierarchy match; requires adjudication before promotion.
pos_indonesia_postcode_search,2026-08-11,32,JAWA BARAT,32.17,KAB. BANDUNG BARAT,32.17.07,CIPATAT,32.17.07.2010,MANDALASARI,40754,40554,40754,exact_match,true,false,MANDALASARI,7,1,https://kodepos.posindonesia.co.id/CariKodepos,Rate-limited internal observation; exact hierarchy match; requires adjudication before promotion.
pos_indonesia_postcode_search,2026-08-11,32,JAWA BARAT,32.17,KAB. BANDUNG BARAT,32.17.07,CIPATAT,32.17.07.2011,SUMURBANDUNG,40754,40554,40754,exact_match,true,false,SUMURBANDUNG,2,1,https://kodepos.posindonesia.co.id/CariKodepos,Rate-limited internal observation; exact hierarchy match; requires adjudication before promotion.
pos_indonesia_postcode_search,2026-08-11,32,JAWA BARAT,32.17,KAB. BANDUNG BARAT,32.17.07,CIPATAT,32.17.07.2012,SARIMUKTI,40754,40554,40754,exact_match,true,false,SARIMUKTI,5,1,https://kodepos.posindonesia.co.id/CariKodepos,Rate-limited internal observation; exact hierarchy match; requires adjudication before promotion.
pos_indonesia_postcode_search,2026-08-11,32,JAWA BARAT,32.17,KAB. BANDUNG BARAT,32.17.08,PADALARANG,32.17.08.2001,KERTAMULYA,40716,40553,40716,exact_match,true,false,KERTAMULYA,3,1,https://kodepos.posindonesia.co.id/CariKodepos,Rate-limited internal observation; exact hierarchy match; requires adjudication before promotion.
pos_indonesia_postcode_search,2026-08-11,32,JAWA BARAT,32.17,KAB. BANDUNG BARAT,32.17.08,PADALARANG,32.17.08.2002,PADALARANG,40711,40553,40711,exact_match,true,false,PADALARANG,10,1,https://kodepos.posindonesia.co.id/CariKodepos,Rate-limited internal observation; exact hierarchy match; requires adjudication before promotion.
pos_indonesia_postcode_search,2026-08-11,32,JAWA BARAT,32.17,KAB. BANDUNG BARAT,32.17.08,PADALARANG,32.17.08.2003,CIMERANG,40714,40553,40714,exact_match,true,false,CIMERANG,2,1,https://kodepos.posindonesia.co.id/CariKodepos,Rate-limited internal observation; exact hierarchy match; requires adjudication before promotion.
pos_indonesia_postcode_search,2026-08-11,32,JAWA BARAT,32.17,KAB. BANDUNG BARAT,32.17.08,PADALARANG,32.17.08.2004,CAMPAKA MEKAR,40718,40553,40718,exact_match,true,false,CAMPAKA MEKAR,1,1,https://kodepos.posindonesia.co.id/CariKodepos,Rate-limited internal observation; exact hierarchy match; requires adjudication before promotion.
pos_indonesia_postcode_search,2026-08-11,32,JAWA BARAT,32.17,KAB. BANDUNG BARAT,32.17.08,PADALARANG,32.17.08.2005,TAGOGAPU,40717,40553,40717,exact_match,true,false,TAGOGAPU,1,1,https://kodepos.posindonesia.co.id/CariKodepos,Rate-limited internal observation; exact hierarchy match; requires adjudication before promotion.
pos_indonesia_postcode_search,2026-08-11,32,JAWA BARAT,32.17,KAB. BANDUNG BARAT,32.17.08,PADALARANG,32.17.08.2006,CIBURUY,40719,40553,40719,exact_match,true,false,CIBURUY,4,1,https://kodepos.posindonesia.co.id/CariKodepos,Rate-limited internal observation; exact hierarchy match; requires adjudication before promotion.
pos_indonesia_postcode_search,2026-08-11,32,JAWA BARAT,32.17,KAB. BANDUNG BARAT,32.17.08,PADALARANG,32.17.08.2007,KERTAJAYA,40713,40553,40713,exact_match,true,false,KERTAJAYA,19,1,https://kodepos.posindonesia.co.id/CariKodepos,Rate-limited internal observation; exact hierarchy match; requires adjudication before promotion.
pos_indonesia_postcode_search,2026-08-11,32,JAWA BARAT,32.17,KAB. BANDUNG BARAT,32.17.08,PADALARANG,32.17.08.2008,CIPEUNDEUY,40714,40553,40714,exact_match,true,false,CIPEUNDEUY,25,1,https://kodepos.posindonesia.co.id/CariKodepos,Rate-limited internal observation; exact hierarchy match; requires adjudication before promotion.
pos_indonesia_postcode_search,2026-08-11,32,JAWA BARAT,32.17,KAB. BANDUNG BARAT,32.17.08,PADALARANG,32.17.08.2009,JAYAMEKAR,40712,40553,40712,exact_match,true,false,JAYAMEKAR,5,1,https://kodepos.posindonesia.co.id/CariKodepos,Rate-limited internal observation; exact hierarchy match; requires adjudication before promotion.
pos_indonesia_postcode_search,2026-08-11,32,JAWA BARAT,32.17,KAB. BANDUNG BARAT,32.17.08,PADALARANG,32.17.08.2010,LAKSANAMEKAR,40715,40553,40715,exact_match,true,false,LAKSANAMEKAR,1,1,https://kodepos.posindonesia.co.id/CariKodepos,Rate-limited internal observation; exact hierarchy match; requires adjudication before promotion.
pos_indonesia_postcode_search,2026-08-11,32,JAWA BARAT,32.17,KAB. BANDUNG BARAT,32.17.09,BATUJAJAR,32.17.09.2001,BATUJAJAR TIMUR,40761,40561,40761,exact_match,true,false,BATUJAJAR TIMUR,1,1,https://kodepos.posindonesia.co.id/CariKodepos,Rate-limited internal observation; exact hierarchy match; requires adjudication before promotion.
pos_indonesia_postcode_search,2026-08-11,32,JAWA BARAT,32.17,KAB. BANDUNG BARAT,32.17.09,BATUJAJAR,32.17.09.2002,BATUJAJAR BARAT,40761,40561,40761,exact_match,true,false,BATUJAJAR BARAT,1,1,https://kodepos.posindonesia.co.id/CariKodepos,Rate-limited internal observation; exact hierarchy match; requires adjudication before promotion.
pos_indonesia_postcode_search,2026-08-11,32,JAWA BARAT,32.17,KAB. BANDUNG BARAT,32.17.09,BATUJAJAR,32.17.09.2004,GALANGGANG,40761,40561,40761,exact_match,true,false,GALANGGANG,2,1,https://kodepos.posindonesia.co.id/CariKodepos,Rate-limited internal observation; exact hierarchy match; requires adjudication before promotion.
pos_indonesia_postcode_search,2026-08-11,32,JAWA BARAT,32.17,KAB. BANDUNG BARAT,32.17.09,BATUJAJAR,32.17.09.2005,CANGKORAH,40761,40561,40761,exact_match,true,false,CANGKORAH,1,1,https://kodepos.posindonesia.co.id/CariKodepos,Rate-limited internal observation; exact hierarchy match; requires adjudication before promotion.
pos_indonesia_postcode_search,2026-08-11,32,JAWA BARAT,32.17,KAB. BANDUNG BARAT,32.17.09,BATUJAJAR,32.17.09.2007,SELACAU,40761,40561,40761,exact_match,true,false,SELACAU,1,1,https://kodepos.posindonesia.co.id/CariKodepos,Rate-limited internal observation; exact hierarchy match; requires adjudication before promotion.
pos_indonesia_postcode_search,2026-08-11,32,JAWA BARAT,32.17,KAB. BANDUNG BARAT,32.17.09,BATUJAJAR,32.17.09.2008,PANGAUBAN,40761,40561,40761,exact_match,true,false,PANGAUBAN,5,1,https://kodepos.posindonesia.co.id/CariKodepos,Rate-limited internal observation; exact hierarchy match; requires adjudication before promotion.
pos_indonesia_postcode_search,2026-08-11,32,JAWA BARAT,32.17,KAB. BANDUNG BARAT,32.17.09,BATUJAJAR,32.17.09.2010,GIRIASIH,40761,40561,40761,exact_match,true,false,GIRIASIH,2,1,https://kodepos.posindonesia.co.id/CariKodepos,Rate-limited internal observation; exact hierarchy match; requires adjudication before promotion.
pos_indonesia_postcode_search,2026-08-11,32,JAWA BARAT,32.17,KAB. BANDUNG BARAT,32.17.10,CIHAMPELAS,32.17.10.2001,CIPATIK,40767,40562,40767,exact_match,true,false,CIPATIK,1,1,https://kodepos.posindonesia.co.id/CariKodepos,Rate-limited internal observation; exact hierarchy match; requires adjudication before promotion.
pos_indonesia_postcode_search,2026-08-11,32,JAWA BARAT,32.17,KAB. BANDUNG BARAT,32.17.10,CIHAMPELAS,32.17.10.2002,CITAPEN,40767,40562,40767,exact_match,true,false,CITAPEN,4,1,https://kodepos.posindonesia.co.id/CariKodepos,Rate-limited internal observation; exact hierarchy match; requires adjudication before promotion.
pos_indonesia_postcode_search,2026-08-11,32,JAWA BARAT,32.17,KAB. BANDUNG BARAT,32.17.10,CIHAMPELAS,32.17.10.2003,CIHAMPELAS,40767,40562,40767,exact_match,true,false,CIHAMPELAS,10,1,https://kodepos.posindonesia.co.id/CariKodepos,Rate-limited internal observation; exact hierarchy match; requires adjudication before promotion.
pos_indonesia_postcode_search,2026-08-11,32,JAWA BARAT,32.17,KAB. BANDUNG BARAT,32.17.10,CIHAMPELAS,32.17.10.2004,MEKARJAYA,40767,40562,40767,exact_match,true,false,MEKARJAYA,55,1,https://kodepos.posindonesia.co.id/CariKodepos,Rate-limited internal observation; exact hierarchy match; requires adjudication before promotion.
pos_indonesia_postcode_search,2026-08-11,32,JAWA BARAT,32.17,KAB. BANDUNG BARAT,32.17.10,CIHAMPELAS,32.17.10.2005,MEKARMUKTI,40767,40562,40767,exact_match,true,false,MEKARMUKTI,14,1,https://kodepos.posindonesia.co.id/CariKodepos,Rate-limited internal observation; exact hierarchy match; requires adjudication before promotion.
pos_indonesia_postcode_search,2026-08-11,32,JAWA BARAT,32.17,KAB. BANDUNG BARAT,32.17.10,CIHAMPELAS,32.17.10.2006,PATARUMAN,40767,40562,40767,exact_match,true,false,PATARUMAN,10,1,https://kodepos.posindonesia.co.id/CariKodepos,Rate-limited internal observation; exact hierarchy match; requires adjudication before promotion.
pos_indonesia_postcode_search,2026-08-11,32,JAWA BARAT,32.17,KAB. BANDUNG BARAT,32.17.10,CIHAMPELAS,32.17.10.2007,SITUWANGI,40767,40562,40767,exact_match,true,false,SITUWANGI,2,1,https://kodepos.posindonesia.co.id/CariKodepos,Rate-limited internal observation; exact hierarchy match; requires adjudication before promotion.
pos_indonesia_postcode_search,2026-08-11,32,JAWA BARAT,32.17,KAB. BANDUNG BARAT,32.17.10,CIHAMPELAS,32.17.10.2008,SINGAJAYA,40767,40562,40767,exact_match,true,false,SINGAJAYA,13,1,https://kodepos.posindonesia.co.id/CariKodepos,Rate-limited internal observation; exact hierarchy match; requires adjudication before promotion.
pos_indonesia_postcode_search,2026-08-11,32,JAWA BARAT,32.17,KAB. BANDUNG BARAT,32.17.10,CIHAMPELAS,32.17.10.2009,TANJUNGWANGI,40767,40562,40767,exact_match,true,false,TANJUNGWANGI,6,1,https://kodepos.posindonesia.co.id/CariKodepos,Rate-limited internal observation; exact hierarchy match; requires adjudication before promotion.
pos_indonesia_postcode_search,2026-08-11,32,JAWA BARAT,32.17,KAB. BANDUNG BARAT,32.17.10,CIHAMPELAS,32.17.10.2010,TANJUNGJAYA,40767,40562,40767,exact_match,true,false,TANJUNGJAYA,14,1,https://kodepos.posindonesia.co.id/CariKodepos,Rate-limited internal observation; exact hierarchy match; requires adjudication before promotion.
pos_indonesia_postcode_search,2026-08-11,32,JAWA BARAT,32.17,KAB. BANDUNG BARAT,32.17.12,CIPONGKOR,32.17.12.2001,SARINAGEN,40764,40564,40764,exact_match,true,false,SARINAGEN,1,1,https://kodepos.posindonesia.co.id/CariKodepos,Rate-limited internal observation; exact hierarchy match; requires adjudication before promotion.
pos_indonesia_postcode_search,2026-08-11,32,JAWA BARAT,32.17,KAB. BANDUNG BARAT,32.17.12,CIPONGKOR,32.17.12.2002,BARANANGSIANG,40764,40564,40764,exact_match,true,false,BARANANGSIANG,2,1,https://kodepos.posindonesia.co.id/CariKodepos,Rate-limited internal observation; exact hierarchy match; requires adjudication before promotion.
pos_indonesia_postcode_search,2026-08-11,32,JAWA BARAT,32.17,KAB. BANDUNG BARAT,32.17.12,CIPONGKOR,32.17.12.2003,CITALEM,40764,40564,40764,exact_match,true,false,CITALEM,1,1,https://kodepos.posindonesia.co.id/CariKodepos,Rate-limited internal observation; exact hierarchy match; requires adjudication before promotion.
pos_indonesia_postcode_search,2026-08-11,32,JAWA BARAT,32.17,KAB. BANDUNG BARAT,32.17.12,CIPONGKOR,32.17.12.2004,CIJENUK,40764,40564,40764,exact_match,true,false,CIJENUK,1,1,https://kodepos.posindonesia.co.id/CariKodepos,Rate-limited internal observation; exact hierarchy match; requires adjudication before promotion.
pos_indonesia_postcode_search,2026-08-11,32,JAWA BARAT,32.17,KAB. BANDUNG BARAT,32.17.12,CIPONGKOR,32.17.12.2005,CIJAMBU,40764,40564,40764,exact_match,true,false,CIJAMBU,2,1,https://kodepos.posindonesia.co.id/CariKodepos,Rate-limited internal observation; exact hierarchy match; requires adjudication before promotion.
pos_indonesia_postcode_search,2026-08-11,32,JAWA BARAT,32.17,KAB. BANDUNG BARAT,32.17.12,CIPONGKOR,32.17.12.2006,CIBENDA,40764,40564,40764,exact_match,true,false,CIBENDA,3,1,https://kodepos.posindonesia.co.id/CariKodepos,Rate-limited internal observation; exact hierarchy match; requires adjudication before promotion.
pos_indonesia_postcode_search,2026-08-11,32,JAWA BARAT,32.17,KAB. BANDUNG BARAT,32.17.12,CIPONGKOR,32.17.12.2007,CINTAASIH,40764,40564,40764,exact_match,true,false,CINTAASIH,6,1,https://kodepos.posindonesia.co.id/CariKodepos,Rate-limited internal observation; exact hierarchy match; requires adjudication before promotion.
pos_indonesia_postcode_search,2026-08-11,32,JAWA BARAT,32.17,KAB. BANDUNG BARAT,32.17.12,CIPONGKOR,32.17.12.2008,CICANGKANGHILIR,40764,40564,40764,exact_match,true,false,CICANGKANGHILIR,1,1,https://kodepos.posindonesia.co.id/CariKodepos,Rate-limited internal observation; exact hierarchy match; requires adjudication before promotion.
pos_indonesia_postcode_search,2026-08-11,32,JAWA BARAT,32.17,KAB. BANDUNG BARAT,32.17.12,CIPONGKOR,32.17.12.2009,GIRIMUKTI,40764,40564,40764,exact_match,true,false,GIRIMUKTI,17,1,https://kodepos.posindonesia.co.id/CariKodepos,Rate-limited internal observation; exact hierarchy match; requires adjudication before promotion.
pos_indonesia_postcode_search,2026-08-11,32,JAWA BARAT,32.17,KAB. BANDUNG BARAT,32.17.12,CIPONGKOR,32.17.12.2010,KARANGSARI,40764,40564,40764,exact_match,true,false,KARANGSARI,50,1,https://kodepos.posindonesia.co.id/CariKodepos,Rate-limited internal observation; exact hierarchy match; requires adjudication before promotion.
pos_indonesia_postcode_search,2026-08-11,32,JAWA BARAT,32.17,KAB. BANDUNG BARAT,32.17.12,CIPONGKOR,32.17.12.2011,MEKARSARI,40764,40564,40764,exact_match,true,false,MEKARSARI,80,1,https://kodepos.posindonesia.co.id/CariKodepos,Rate-limited internal observation; exact hierarchy match; requires adjudication before promotion.
pos_indonesia_postcode_search,2026-08-11,32,JAWA BARAT,32.17,KAB. BANDUNG BARAT,32.17.12,CIPONGKOR,32.17.12.2012,NEGLASARI,40764,40564,40764,exact_match,true,false,NEGLASARI,38,1,https://kodepos.posindonesia.co.id/CariKodepos,Rate-limited internal observation; exact hierarchy match; requires adjudication before promotion.
pos_indonesia_postcode_search,2026-08-11,32,JAWA BARAT,32.17,KAB. BANDUNG BARAT,32.17.12,CIPONGKOR,32.17.12.2013,SIRNAGALIH,40764,40564,40764,exact_match,true,false,SIRNAGALIH,13,1,https://kodepos.posindonesia.co.id/CariKodepos,Rate-limited internal observation; exact hierarchy match; requires adjudication before promotion.
pos_indonesia_postcode_search,2026-08-11,32,JAWA BARAT,32.17,KAB. BANDUNG BARAT,32.17.12,CIPONGKOR,32.17.12.2014,SUKAMULYA,40764,40564,40764,exact_match,true,false,SUKAMULYA,56,1,https://kodepos.posindonesia.co.id/CariKodepos,Rate-limited internal observation; exact hierarchy match; requires adjudication before promotion.
pos_indonesia_postcode_search,2026-08-11,32,JAWA BARAT,32.17,KAB. BANDUNG BARAT,32.17.13,RONGGA,32.17.13.2001,CIBEDUG,40766,40566,40766,exact_match,true,false,CIBEDUG,2,1,https://kodepos.posindonesia.co.id/CariKodepos,Rate-limited internal observation; exact hierarchy match; requires adjudication before promotion.
pos_indonesia_postcode_search,2026-08-11,32,JAWA BARAT,32.17,KAB. BANDUNG BARAT,32.17.13,RONGGA,32.17.13.2002,BOJONG,40766,40566,40766,exact_match,true,false,BOJONG,278,1,https://kodepos.posindonesia.co.id/CariKodepos,Rate-limited internal observation; exact hierarchy match; requires adjudication before promotion.
pos_indonesia_postcode_search,2026-08-11,32,JAWA BARAT,32.17,KAB. BANDUNG BARAT,32.17.13,RONGGA,32.17.13.2003,BOJONGSALAM,40766,40566,40766,exact_match,true,false,BOJONGSALAM,3,1,https://kodepos.posindonesia.co.id/CariKodepos,Rate-limited internal observation; exact hierarchy match; requires adjudication before promotion.
pos_indonesia_postcode_search,2026-08-11,32,JAWA BARAT,32.17,KAB. BANDUNG BARAT,32.17.13,RONGGA,32.17.13.2004,CIBITUNG,40766,40566,40766,exact_match,true,false,CIBITUNG,31,1,https://kodepos.posindonesia.co.id/CariKodepos,Rate-limited internal observation; exact hierarchy match; requires adjudication before promotion.
pos_indonesia_postcode_search,2026-08-11,32,JAWA BARAT,32.17,KAB. BANDUNG BARAT,32.17.13,RONGGA,32.17.13.2005,CICADAS,40766,40566,40766,exact_match,true,false,CICADAS,9,1,https://kodepos.posindonesia.co.id/CariKodepos,Rate-limited internal observation; exact hierarchy match; requires adjudication before promotion.
pos_indonesia_postcode_search,2026-08-11,32,JAWA BARAT,32.17,KAB. BANDUNG BARAT,32.17.13,RONGGA,32.17.13.2006,CINENGAH,40766,40566,40766,exact_match,true,false,CINENGAH,1,1,https://kodepos.posindonesia.co.id/CariKodepos,Rate-limited internal observation; exact hierarchy match; requires adjudication before promotion.
pos_indonesia_postcode_search,2026-08-11,32,JAWA BARAT,32.17,KAB. BANDUNG BARAT,32.17.13,RONGGA,32.17.13.2007,SUKAMANAH,40766,40566,40766,exact_match,true,false,SUKAMANAH,32,1,https://kodepos.posindonesia.co.id/CariKodepos,Rate-limited internal observation; exact hierarchy match; requires adjudication before promotion.
pos_indonesia_postcode_search,2026-08-11,32,JAWA BARAT,32.17,KAB. BANDUNG BARAT,32.17.13,RONGGA,32.17.13.2008,SUKARESMI,40766,40566,40766,exact_match,true,false,SUKARESMI,38,1,https://kodepos.posindonesia.co.id/CariKodepos,Rate-limited internal observation; exact hierarchy match; requires adjudication before promotion.
pos_indonesia_postcode_search,2026-08-11,32,JAWA BARAT,32.17,KAB. BANDUNG BARAT,32.17.14,SINDANGKERTA,32.17.14.2001,CINTAKARYA,40763,40563,40763,exact_match,true,false,CINTAKARYA,3,1,https://kodepos.posindonesia.co.id/CariKodepos,Rate-limited internal observation; exact hierarchy match; requires adjudication before promotion.
pos_indonesia_postcode_search,2026-08-11,32,JAWA BARAT,32.17,KAB. BANDUNG BARAT,32.17.14,SINDANGKERTA,32.17.14.2002,SINDANGKERTA,40763,40563,40763,exact_match,true,false,SINDANGKERTA,16,1,https://kodepos.posindonesia.co.id/CariKodepos,Rate-limited internal observation; exact hierarchy match; requires adjudication before promotion.
pos_indonesia_postcode_search,2026-08-11,32,JAWA BARAT,32.17,KAB. BANDUNG BARAT,32.17.14,SINDANGKERTA,32.17.14.2003,BUNINAGARA,40763,40563,40763,exact_match,true,false,BUNINAGARA,3,1,https://kodepos.posindonesia.co.id/CariKodepos,Rate-limited internal observation; exact hierarchy match; requires adjudication before promotion.
pos_indonesia_postcode_search,2026-08-11,32,JAWA BARAT,32.17,KAB. BANDUNG BARAT,32.17.14,SINDANGKERTA,32.17.14.2004,CIKADU,40763,40563,40763,exact_match,true,false,CIKADU,25,1,https://kodepos.posindonesia.co.id/CariKodepos,Rate-limited internal observation; exact hierarchy match; requires adjudication before promotion.
pos_indonesia_postcode_search,2026-08-11,32,JAWA BARAT,32.17,KAB. BANDUNG BARAT,32.17.14,SINDANGKERTA,32.17.14.2005,CICANGKANGGIRANG,40763,40563,40763,exact_match,true,false,CICANGKANGGIRANG,1,1,https://kodepos.posindonesia.co.id/CariKodepos,Rate-limited internal observation; exact hierarchy match; requires adjudication before promotion.
pos_indonesia_postcode_search,2026-08-11,32,JAWA BARAT,32.17,KAB. BANDUNG BARAT,32.17.14,SINDANGKERTA,32.17.14.2006,MEKARWANGI,40763,40563,40763,exact_match,true,false,MEKARWANGI,26,1,https://kodepos.posindonesia.co.id/CariKodepos,Rate-limited internal observation; exact hierarchy match; requires adjudication before promotion.
pos_indonesia_postcode_search,2026-08-11,32,JAWA BARAT,32.17,KAB. BANDUNG BARAT,32.17.14,SINDANGKERTA,32.17.14.2007,PASIRPOGOR,40763,40563,40763,exact_match,true,false,PASIRPOGOR,1,1,https://kodepos.posindonesia.co.id/CariKodepos,Rate-limited internal observation; exact hierarchy match; requires adjudication before promotion.
pos_indonesia_postcode_search,2026-08-11,32,JAWA BARAT,32.17,KAB. BANDUNG BARAT,32.17.14,SINDANGKERTA,32.17.14.2008,PUNCAKSARI,40763,40563,40763,exact_match,true,false,PUNCAKSARI,1,1,https://kodepos.posindonesia.co.id/CariKodepos,Rate-limited internal observation; exact hierarchy match; requires adjudication before promotion.
pos_indonesia_postcode_search,2026-08-11,32,JAWA BARAT,32.17,KAB. BANDUNG BARAT,32.17.14,SINDANGKERTA,32.17.14.2009,RANCASENGGANG,40763,40563,40763,exact_match,true,false,RANCASENGGANG,1,1,https://kodepos.posindonesia.co.id/CariKodepos,Rate-limited internal observation; exact hierarchy match; requires adjudication before promotion.
pos_indonesia_postcode_search,2026-08-11,32,JAWA BARAT,32.17,KAB. BANDUNG BARAT,32.17.14,SINDANGKERTA,32.17.14.2010,WENINGGALIH,40763,40563,40763,exact_match,true,false,WENINGGALIH,2,1,https://kodepos.posindonesia.co.id/CariKodepos,Rate-limited internal observation; exact hierarchy match; requires adjudication before promotion.
pos_indonesia_postcode_search,2026-08-11,32,JAWA BARAT,32.17,KAB. BANDUNG BARAT,32.17.14,SINDANGKERTA,32.17.14.2011,WANGUNSARI,40763,40563,40763,exact_match,true,false,WANGUNSARI,6,1,https://kodepos.posindonesia.co.id/CariKodepos,Rate-limited internal observation; exact hierarchy match; requires adjudication before promotion.
pos_indonesia_postcode_search,2026-08-11,32,JAWA BARAT,32.17,KAB. BANDUNG BARAT,32.17.15,GUNUNGHALU,32.17.15.2001,SIRNAJAYA,40765,40565,40765,exact_match,true,false,SIRNAJAYA,11,1,https://kodepos.posindonesia.co.id/CariKodepos,Rate-limited internal observation; exact hierarchy match; requires adjudication before promotion.
pos_indonesia_postcode_search,2026-08-11,32,JAWA BARAT,32.17,KAB. BANDUNG BARAT,32.17.15,GUNUNGHALU,32.17.15.2002,GUNUNGHALU,40765,40565,40765,exact_match,true,false,GUNUNGHALU,9,1,https://kodepos.posindonesia.co.id/CariKodepos,Rate-limited internal observation; exact hierarchy match; requires adjudication before promotion.
pos_indonesia_postcode_search,2026-08-11,32,JAWA BARAT,32.17,KAB. BANDUNG BARAT,32.17.15,GUNUNGHALU,32.17.15.2003,BUNIJAYA,40765,40565,40765,exact_match,true,false,BUNIJAYA,2,1,https://kodepos.posindonesia.co.id/CariKodepos,Rate-limited internal observation; exact hierarchy match; requires adjudication before promotion.
pos_indonesia_postcode_search,2026-08-11,32,JAWA BARAT,32.17,KAB. BANDUNG BARAT,32.17.15,GUNUNGHALU,32.17.15.2004,CELAK,40765,40565,40765,exact_match,true,false,CELAK,2,1,https://kodepos.posindonesia.co.id/CariKodepos,Rate-limited internal observation; exact hierarchy match; requires adjudication before promotion.
pos_indonesia_postcode_search,2026-08-11,32,JAWA BARAT,32.17,KAB. BANDUNG BARAT,32.17.15,GUNUNGHALU,32.17.15.2005,CILANGARI,40765,40565,40765,exact_match,true,false,CILANGARI,1,1,https://kodepos.posindonesia.co.id/CariKodepos,Rate-limited internal observation; exact hierarchy match; requires adjudication before promotion.
pos_indonesia_postcode_search,2026-08-11,32,JAWA BARAT,32.17,KAB. BANDUNG BARAT,32.17.15,GUNUNGHALU,32.17.15.2006,SINDANGJAYA,40765,40565,40765,exact_match,true,false,SINDANGJAYA,8,1,https://kodepos.posindonesia.co.id/CariKodepos,Rate-limited internal observation; exact hierarchy match; requires adjudication before promotion.
pos_indonesia_postcode_search,2026-08-11,32,JAWA BARAT,32.17,KAB. BANDUNG BARAT,32.17.15,GUNUNGHALU,32.17.15.2007,SUKASARI,40765,40565,40765,exact_match,true,false,SUKASARI,54,1,https://kodepos.posindonesia.co.id/CariKodepos,Rate-limited internal observation; exact hierarchy match; requires adjudication before promotion.
pos_indonesia_postcode_search,2026-08-11,32,JAWA BARAT,32.17,KAB. BANDUNG BARAT,32.17.15,GUNUNGHALU,32.17.15.2008,TAMANJAYA,40765,40565,40765,exact_match,true,false,TAMANJAYA,5,1,https://kodepos.posindonesia.co.id/CariKodepos,Rate-limited internal observation; exact hierarchy match; requires adjudication before promotion.
pos_indonesia_postcode_search,2026-08-11,32,JAWA BARAT,32.17,KAB. BANDUNG BARAT,32.17.15,GUNUNGHALU,32.17.15.2009,WARGASALUYU,40765,40565,40765,exact_match,true,false,WARGASALUYU,1,1,https://kodepos.posindonesia.co.id/CariKodepos,Rate-limited internal observation; exact hierarchy match; requires adjudication before promotion.
pos_indonesia_postcode_search,2026-08-11,32,JAWA BARAT,32.18,KAB. PANGANDARAN,32.18.01,PARIGI,32.18.01.2001,PARIGI,46511,46393,46511,exact_match,true,false,PARIGI,328,1,https://kodepos.posindonesia.co.id/CariKodepos,Rate-limited internal observation; exact hierarchy match; requires adjudication before promotion.
pos_indonesia_postcode_search,2026-08-11,32,JAWA BARAT,32.18,KAB. PANGANDARAN,32.18.01,PARIGI,32.18.01.2002,KARANGBENDA,46512,46393,46512,exact_match,true,false,KARANGBENDA,2,1,https://kodepos.posindonesia.co.id/CariKodepos,Rate-limited internal observation; exact hierarchy match; requires adjudication before promotion.
pos_indonesia_postcode_search,2026-08-11,32,JAWA BARAT,32.18,KAB. PANGANDARAN,32.18.01,PARIGI,32.18.01.2003,CILIANG,46519,46393,46519,exact_match,true,false,CILIANG,1,1,https://kodepos.posindonesia.co.id/CariKodepos,Rate-limited internal observation; exact hierarchy match; requires adjudication before promotion.
pos_indonesia_postcode_search,2026-08-11,32,JAWA BARAT,32.18,KAB. PANGANDARAN,32.18.01,PARIGI,32.18.01.2004,BOJONG,46519,46393,46519,exact_match,true,false,BOJONG,278,1,https://kodepos.posindonesia.co.id/CariKodepos,Rate-limited internal observation; exact hierarchy match; requires adjudication before promotion.
pos_indonesia_postcode_search,2026-08-11,32,JAWA BARAT,32.18,KAB. PANGANDARAN,32.18.01,PARIGI,32.18.01.2005,CINTARATU,46519,46393,46519,exact_match,true,false,CINTARATU,2,1,https://kodepos.posindonesia.co.id/CariKodepos,Rate-limited internal observation; exact hierarchy match; requires adjudication before promotion.
pos_indonesia_postcode_search,2026-08-11,32,JAWA BARAT,32.18,KAB. PANGANDARAN,32.18.01,PARIGI,32.18.01.2006,SELASARI,46519,46393,46519,exact_match,true,false,SELASARI,2,1,https://kodepos.posindonesia.co.id/CariKodepos,Rate-limited internal observation; exact hierarchy match; requires adjudication before promotion.
pos_indonesia_postcode_search,2026-08-11,32,JAWA BARAT,32.18,KAB. PANGANDARAN,32.18.01,PARIGI,32.18.01.2007,KARANGJALADRI,46513,46393,46513,exact_match,true,false,KARANGJALADRI,1,1,https://kodepos.posindonesia.co.id/CariKodepos,Rate-limited internal observation; exact hierarchy match; requires adjudication before promotion.
pos_indonesia_postcode_search,2026-08-11,32,JAWA BARAT,32.18,KAB. PANGANDARAN,32.18.01,PARIGI,32.18.01.2008,CIBENDA,46519,46393,46519,exact_match,true,false,CIBENDA,3,1,https://kodepos.posindonesia.co.id/CariKodepos,Rate-limited internal observation; exact hierarchy match; requires adjudication before promotion.
pos_indonesia_postcode_search,2026-08-11,32,JAWA BARAT,32.18,KAB. PANGANDARAN,32.18.01,PARIGI,32.18.01.2009,CINTAKARYA,46519,46393,46519,exact_match,true,false,CINTAKARYA,3,1,https://kodepos.posindonesia.co.id/CariKodepos,Rate-limited internal observation; exact hierarchy match; requires adjudication before promotion.
pos_indonesia_postcode_search,2026-08-11,32,JAWA BARAT,32.18,KAB. PANGANDARAN,32.18.01,PARIGI,32.18.01.2010,PARAKANMANGGU,46596,46393,46519,exact_match,false,false,PARAKANMANGGU,1,1,https://kodepos.posindonesia.co.id/CariKodepos,Rate-limited internal observation; exact hierarchy match; requires adjudication before promotion.
pos_indonesia_postcode_search,2026-08-11,32,JAWA BARAT,32.18,KAB. PANGANDARAN,32.18.02,CIJULANG,32.18.02.2001,BATUKARAS,46594,46394,46594,exact_match,true,false,BATUKARAS,1,1,https://kodepos.posindonesia.co.id/CariKodepos,Rate-limited internal observation; exact hierarchy match; requires adjudication before promotion.
pos_indonesia_postcode_search,2026-08-11,32,JAWA BARAT,32.18,KAB. PANGANDARAN,32.18.02,CIJULANG,32.18.02.2002,CIAKAR,46596,46394,46594,exact_match,false,false,CIAKAR,5,1,https://kodepos.posindonesia.co.id/CariKodepos,Rate-limited internal observation; exact hierarchy match; requires adjudication before promotion.
pos_indonesia_postcode_search,2026-08-11,32,JAWA BARAT,32.18,KAB. PANGANDARAN,32.18.02,CIJULANG,32.18.02.2003,CIBANTEN,46596,46394,46594,exact_match,false,false,CIBANTEN,4,1,https://kodepos.posindonesia.co.id/CariKodepos,Rate-limited internal observation; exact hierarchy match; requires adjudication before promotion.
pos_indonesia_postcode_search,2026-08-11,32,JAWA BARAT,32.18,KAB. PANGANDARAN,32.18.02,CIJULANG,32.18.02.2004,KERTAYASA,46594,46394,46594,exact_match,true,false,KERTAYASA,5,1,https://kodepos.posindonesia.co.id/CariKodepos,Rate-limited internal observation; exact hierarchy match; requires adjudication before promotion.
pos_indonesia_postcode_search,2026-08-11,32,JAWA BARAT,32.18,KAB. PANGANDARAN,32.18.02,CIJULANG,32.18.02.2005,CIJULANG,46594,46394,46594,exact_match,true,false,CIJULANG,10,1,https://kodepos.posindonesia.co.id/CariKodepos,Rate-limited internal observation; exact hierarchy match; requires adjudication before promotion.
pos_indonesia_postcode_search,2026-08-11,32,JAWA BARAT,32.18,KAB. PANGANDARAN,32.18.02,CIJULANG,32.18.02.2006,KONDANGJAJAR,46594,46394,46594,exact_match,true,false,KONDANGJAJAR,1,1,https://kodepos.posindonesia.co.id/CariKodepos,Rate-limited internal observation; exact hierarchy match; requires adjudication before promotion.
pos_indonesia_postcode_search,2026-08-11,32,JAWA BARAT,32.18,KAB. PANGANDARAN,32.18.02,CIJULANG,32.18.02.2007,MARGACINTA,46594,46394,46594,exact_match,true,false,MARGACINTA,2,1,https://kodepos.posindonesia.co.id/CariKodepos,Rate-limited internal observation; exact hierarchy match; requires adjudication before promotion.
pos_indonesia_postcode_search,2026-08-11,32,JAWA BARAT,32.18,KAB. PANGANDARAN,32.18.03,CIMERAK,32.18.03.2001,KERTAHARJA,46596,46395,46595,exact_match,false,false,KERTAHARJA,5,1,https://kodepos.posindonesia.co.id/CariKodepos,Rate-limited internal observation; exact hierarchy match; requires adjudication before promotion.
pos_indonesia_postcode_search,2026-08-11,32,JAWA BARAT,32.18,KAB. PANGANDARAN,32.18.03,CIMERAK,32.18.03.2002,CIPARANTI,46595,46395,46595,exact_match,true,false,CIPARANTI,1,1,https://kodepos.posindonesia.co.id/CariKodepos,Rate-limited internal observation; exact hierarchy match; requires adjudication before promotion.
pos_indonesia_postcode_search,2026-08-11,32,JAWA BARAT,32.18,KAB. PANGANDARAN,32.18.03,CIMERAK,32.18.03.2003,LEGOKJAWA,46595,46395,46595,exact_match,true,false,LEGOKJAWA,1,1,https://kodepos.posindonesia.co.id/CariKodepos,Rate-limited internal observation; exact hierarchy match; requires adjudication before promotion.
pos_indonesia_postcode_search,2026-08-11,32,JAWA BARAT,32.18,KAB. PANGANDARAN,32.18.03,CIMERAK,32.18.03.2004,MASAWAH,46595,46395,46595,exact_match,true,false,MASAWAH,1,1,https://kodepos.posindonesia.co.id/CariKodepos,Rate-limited internal observation; exact hierarchy match; requires adjudication before promotion.
pos_indonesia_postcode_search,2026-08-11,32,JAWA BARAT,32.18,KAB. PANGANDARAN,32.18.03,CIMERAK,32.18.03.2005,CIMERAK,46595,46395,46595,exact_match,true,false,CIMERAK,11,1,https://kodepos.posindonesia.co.id/CariKodepos,Rate-limited internal observation; exact hierarchy match; requires adjudication before promotion.
pos_indonesia_postcode_search,2026-08-11,32,JAWA BARAT,32.18,KAB. PANGANDARAN,32.18.03,CIMERAK,32.18.03.2006,SUKAJAYA,46595,46395,46595,exact_match,true,false,SUKAJAYA,59,1,https://kodepos.posindonesia.co.id/CariKodepos,Rate-limited internal observation; exact hierarchy match; requires adjudication before promotion.
pos_indonesia_postcode_search,2026-08-11,32,JAWA BARAT,32.18,KAB. PANGANDARAN,32.18.03,CIMERAK,32.18.03.2007,KERTAMUKTI,46595,46395,46595,exact_match,true,false,KERTAMUKTI,13,1,https://kodepos.posindonesia.co.id/CariKodepos,Rate-limited internal observation; exact hierarchy match; requires adjudication before promotion.
pos_indonesia_postcode_search,2026-08-11,32,JAWA BARAT,32.18,KAB. PANGANDARAN,32.18.03,CIMERAK,32.18.03.2008,SINDANGSARI,46595,46395,46595,exact_match,true,false,SINDANGSARI,31,1,https://kodepos.posindonesia.co.id/CariKodepos,Rate-limited internal observation; exact hierarchy match; requires adjudication before promotion.
pos_indonesia_postcode_search,2026-08-11,32,JAWA BARAT,32.18,KAB. PANGANDARAN,32.18.03,CIMERAK,32.18.03.2009,BATUMALANG,46595,46395,46595,exact_match,true,false,BATUMALANG,1,1,https://kodepos.posindonesia.co.id/CariKodepos,Rate-limited internal observation; exact hierarchy match; requires adjudication before promotion.
pos_indonesia_postcode_search,2026-08-11,32,JAWA BARAT,32.18,KAB. PANGANDARAN,32.18.03,CIMERAK,32.18.03.2010,MEKARSARI,46596,46395,46595,exact_match,false,false,MEKARSARI,80,1,https://kodepos.posindonesia.co.id/CariKodepos,Rate-limited internal observation; exact hierarchy match; requires adjudication before promotion.
pos_indonesia_postcode_search,2026-08-11,32,JAWA BARAT,32.18,KAB. PANGANDARAN,32.18.03,CIMERAK,32.18.03.2011,LIMUSGEDE,46596,46395,46595,exact_match,false,false,LIMUSGEDE,1,1,https://kodepos.posindonesia.co.id/CariKodepos,Rate-limited internal observation; exact hierarchy match; requires adjudication before promotion.
pos_indonesia_postcode_search,2026-08-11,32,JAWA BARAT,32.18,KAB. PANGANDARAN,32.18.04,CIGUGUR,32.18.04.2001,CIGUGUR,45552,46392,46592,exact_match,false,false,CIGUGUR,21,1,https://kodepos.posindonesia.co.id/CariKodepos,Rate-limited internal observation; exact hierarchy match; requires adjudication before promotion.
pos_indonesia_postcode_search,2026-08-11,32,JAWA BARAT,32.18,KAB. PANGANDARAN,32.18.04,CIGUGUR,32.18.04.2002,CIMINDI,41266,46392,46592,exact_match,false,false,CIMINDI,1,1,https://kodepos.posindonesia.co.id/CariKodepos,Rate-limited internal observation; exact hierarchy match; requires adjudication before promotion.
pos_indonesia_postcode_search,2026-08-11,32,JAWA BARAT,32.18,KAB. PANGANDARAN,32.18.04,CIGUGUR,32.18.04.2003,PAGERBUMI,46596,46392,46592,exact_match,false,false,PAGERBUMI,1,1,https://kodepos.posindonesia.co.id/CariKodepos,Rate-limited internal observation; exact hierarchy match; requires adjudication before promotion.
pos_indonesia_postcode_search,2026-08-11,32,JAWA BARAT,32.18,KAB. PANGANDARAN,32.18.04,CIGUGUR,32.18.04.2004,KERTAJAYA,46596,46392,46592,exact_match,false,false,KERTAJAYA,19,1,https://kodepos.posindonesia.co.id/CariKodepos,Rate-limited internal observation; exact hierarchy match; requires adjudication before promotion.
pos_indonesia_postcode_search,2026-08-11,32,JAWA BARAT,32.18,KAB. PANGANDARAN,32.18.04,CIGUGUR,32.18.04.2005,BUNISARI,46596,46392,46592,exact_match,false,false,BUNISARI,4,1,https://kodepos.posindonesia.co.id/CariKodepos,Rate-limited internal observation; exact hierarchy match; requires adjudication before promotion.
pos_indonesia_postcode_search,2026-08-11,32,JAWA BARAT,32.18,KAB. PANGANDARAN,32.18.04,CIGUGUR,32.18.04.2006,CAMPAKA,46596,46392,46592,exact_match,false,false,CAMPAKA,37,1,https://kodepos.posindonesia.co.id/CariKodepos,Rate-limited internal observation; exact hierarchy match; requires adjudication before promotion.
pos_indonesia_postcode_search,2026-08-11,32,JAWA BARAT,32.18,KAB. PANGANDARAN,32.18.04,CIGUGUR,32.18.04.2007,HARUMANDALA,46596,46392,46592,exact_match,false,false,HARUMANDALA,1,1,https://kodepos.posindonesia.co.id/CariKodepos,Rate-limited internal observation; exact hierarchy match; requires adjudication before promotion.
pos_indonesia_postcode_search,2026-08-11,32,JAWA BARAT,32.18,KAB. PANGANDARAN,32.18.05,LANGKAPLANCAR,32.18.05.2001,KARANGKAMIRI,46591,46391,46591,exact_match,true,false,KARANGKAMIRI,1,1,https://kodepos.posindonesia.co.id/CariKodepos,Rate-limited internal observation; exact hierarchy match; requires adjudication before promotion.
pos_indonesia_postcode_search,2026-08-11,32,JAWA BARAT,32.18,KAB. PANGANDARAN,32.18.05,LANGKAPLANCAR,32.18.05.2002,CIMANGGU,46591,46391,46591,exact_match,true,false,CIMANGGU,55,1,https://kodepos.posindonesia.co.id/CariKodepos,Rate-limited internal observation; exact hierarchy match; requires adjudication before promotion.
pos_indonesia_postcode_search,2026-08-11,32,JAWA BARAT,32.18,KAB. PANGANDARAN,32.18.05,LANGKAPLANCAR,32.18.05.2003,LANGKAPLANCAR,46591,46391,46591,exact_match,true,false,LANGKAPLANCAR,15,1,https://kodepos.posindonesia.co.id/CariKodepos,Rate-limited internal observation; exact hierarchy match; requires adjudication before promotion.
pos_indonesia_postcode_search,2026-08-11,32,JAWA BARAT,32.18,KAB. PANGANDARAN,32.18.05,LANGKAPLANCAR,32.18.05.2004,PANGKALAN,46591,46391,46591,exact_match,true,false,PANGKALAN,205,1,https://kodepos.posindonesia.co.id/CariKodepos,Rate-limited internal observation; exact hierarchy match; requires adjudication before promotion.
pos_indonesia_postcode_search,2026-08-11,32,JAWA BARAT,32.18,KAB. PANGANDARAN,32.18.05,LANGKAPLANCAR,32.18.05.2005,BOJONGKONDANG,46591,46391,46591,exact_match,true,false,BOJONGKONDANG,1,1,https://kodepos.posindonesia.co.id/CariKodepos,Rate-limited internal observation; exact hierarchy match; requires adjudication before promotion.
pos_indonesia_postcode_search,2026-08-11,32,JAWA BARAT,32.18,KAB. PANGANDARAN,32.18.05,LANGKAPLANCAR,32.18.05.2006,BANGUNJAYA,46591,46391,46591,exact_match,true,false,BANGUNJAYA,6,1,https://kodepos.posindonesia.co.id/CariKodepos,Rate-limited internal observation; exact hierarchy match; requires adjudication before promotion.
pos_indonesia_postcode_search,2026-08-11,32,JAWA BARAT,32.18,KAB. PANGANDARAN,32.18.05,LANGKAPLANCAR,32.18.05.2007,JAYASARI,46591,46391,46591,exact_match,true,false,JAYASARI,2,1,https://kodepos.posindonesia.co.id/CariKodepos,Rate-limited internal observation; exact hierarchy match; requires adjudication before promotion.
pos_indonesia_postcode_search,2026-08-11,32,JAWA BARAT,32.18,KAB. PANGANDARAN,32.18.05,LANGKAPLANCAR,32.18.05.2008,JADIMULYA,46591,46391,46591,exact_match,true,false,JADIMULYA,2,1,https://kodepos.posindonesia.co.id/CariKodepos,Rate-limited internal observation; exact hierarchy match; requires adjudication before promotion.
pos_indonesia_postcode_search,2026-08-11,32,JAWA BARAT,32.18,KAB. PANGANDARAN,32.18.05,LANGKAPLANCAR,32.18.05.2009,JADIKARYA,46591,46391,46591,exact_match,true,false,JADIKARYA,1,1,https://kodepos.posindonesia.co.id/CariKodepos,Rate-limited internal observation; exact hierarchy match; requires adjudication before promotion.
pos_indonesia_postcode_search,2026-08-11,32,JAWA BARAT,32.18,KAB. PANGANDARAN,32.18.05,LANGKAPLANCAR,32.18.05.2010,BOJONG,46591,46391,46591,exact_match,true,false,BOJONG,278,1,https://kodepos.posindonesia.co.id/CariKodepos,Rate-limited internal observation; exact hierarchy match; requires adjudication before promotion.
pos_indonesia_postcode_search,2026-08-11,32,JAWA BARAT,32.18,KAB. PANGANDARAN,32.18.05,LANGKAPLANCAR,32.18.05.2011,BANGUNKARYA,46591,46391,46591,exact_match,true,false,BANGUNKARYA,1,1,https://kodepos.posindonesia.co.id/CariKodepos,Rate-limited internal observation; exact hierarchy match; requires adjudication before promotion.
pos_indonesia_postcode_search,2026-08-11,32,JAWA BARAT,32.18,KAB. PANGANDARAN,32.18.05,LANGKAPLANCAR,32.18.05.2012,SUKAMULYA,46591,46391,46591,exact_match,true,false,SUKAMULYA,56,1,https://kodepos.posindonesia.co.id/CariKodepos,Rate-limited internal observation; exact hierarchy match; requires adjudication before promotion.
pos_indonesia_postcode_search,2026-08-11,32,JAWA BARAT,32.18,KAB. PANGANDARAN,32.18.05,LANGKAPLANCAR,32.18.05.2013,MEKARWANGI,46591,46391,46591,exact_match,true,false,MEKARWANGI,26,1,https://kodepos.posindonesia.co.id/CariKodepos,Rate-limited internal observation; exact hierarchy match; requires adjudication before promotion.
pos_indonesia_postcode_search,2026-08-11,32,JAWA BARAT,32.18,KAB. PANGANDARAN,32.18.05,LANGKAPLANCAR,32.18.05.2014,CISARUA,46591,46391,46591,exact_match,true,false,CISARUA,34,1,https://kodepos.posindonesia.co.id/CariKodepos,Rate-limited internal observation; exact hierarchy match; requires adjudication before promotion.
pos_indonesia_postcode_search,2026-08-11,32,JAWA BARAT,32.18,KAB. PANGANDARAN,32.18.06,MANGUNJAYA,32.18.06.2001,SUKAMAJU,46571,46371,46571,exact_match,true,false,SUKAMAJU,91,1,https://kodepos.posindonesia.co.id/CariKodepos,Rate-limited internal observation; exact hierarchy match; requires adjudication before promotion.
pos_indonesia_postcode_search,2026-08-11,32,JAWA BARAT,32.18,KAB. PANGANDARAN,32.18.06,MANGUNJAYA,32.18.06.2002,KERTAJAYA,46571,46371,46571,exact_match,true,false,KERTAJAYA,19,1,https://kodepos.posindonesia.co.id/CariKodepos,Rate-limited internal observation; exact hierarchy match; requires adjudication before promotion.
pos_indonesia_postcode_search,2026-08-11,32,JAWA BARAT,32.18,KAB. PANGANDARAN,32.18.06,MANGUNJAYA,32.18.06.2003,MANGUNJAYA,46571,46371,46571,exact_match,true,false,MANGUNJAYA,11,1,https://kodepos.posindonesia.co.id/CariKodepos,Rate-limited internal observation; exact hierarchy match; requires adjudication before promotion.
pos_indonesia_postcode_search,2026-08-11,32,JAWA BARAT,32.18,KAB. PANGANDARAN,32.18.06,MANGUNJAYA,32.18.06.2004,SINDANGJAYA,46571,46371,46571,exact_match,true,false,SINDANGJAYA,8,1,https://kodepos.posindonesia.co.id/CariKodepos,Rate-limited internal observation; exact hierarchy match; requires adjudication before promotion.
pos_indonesia_postcode_search,2026-08-11,32,JAWA BARAT,32.18,KAB. PANGANDARAN,32.18.06,MANGUNJAYA,32.18.06.2005,JANGRAGA,46571,46371,46571,exact_match,true,false,JANGRAGA,1,1,https://kodepos.posindonesia.co.id/CariKodepos,Rate-limited internal observation; exact hierarchy match; requires adjudication before promotion.
pos_indonesia_postcode_search,2026-08-11,32,JAWA BARAT,32.18,KAB. PANGANDARAN,32.18.07,PADAHERANG,32.18.07.2001,PANYUTRAN,46596,46384,46584,exact_match,false,false,PANYUTRAN,1,1,https://kodepos.posindonesia.co.id/CariKodepos,Rate-limited internal observation; exact hierarchy match; requires adjudication before promotion.
pos_indonesia_postcode_search,2026-08-11,32,JAWA BARAT,32.18,KAB. PANGANDARAN,32.18.07,PADAHERANG,32.18.07.2002,CIGANJENG,46584,46372,46584,exact_match,true,false,CIGANJENG,1,1,https://kodepos.posindonesia.co.id/CariKodepos,Rate-limited internal observation; exact hierarchy match; requires adjudication before promotion.
pos_indonesia_postcode_search,2026-08-11,32,JAWA BARAT,32.18,KAB. PANGANDARAN,32.18.07,PADAHERANG,32.18.07.2003,KARANGSARI,46584,46384,46584,exact_match,true,false,KARANGSARI,50,1,https://kodepos.posindonesia.co.id/CariKodepos,Rate-limited internal observation; exact hierarchy match; requires adjudication before promotion.
pos_indonesia_postcode_search,2026-08-11,32,JAWA BARAT,32.18,KAB. PANGANDARAN,32.18.07,PADAHERANG,32.18.07.2004,SUKANAGARA,46584,46267,46584,exact_match,true,false,SUKANAGARA,20,1,https://kodepos.posindonesia.co.id/CariKodepos,Rate-limited internal observation; exact hierarchy match; requires adjudication before promotion.
pos_indonesia_postcode_search,2026-08-11,32,JAWA BARAT,32.18,KAB. PANGANDARAN,32.18.07,PADAHERANG,32.18.07.2005,PALEDAH,46584,46384,46584,exact_match,true,false,PALEDAH,1,1,https://kodepos.posindonesia.co.id/CariKodepos,Rate-limited internal observation; exact hierarchy match; requires adjudication before promotion.
pos_indonesia_postcode_search,2026-08-11,32,JAWA BARAT,32.18,KAB. PANGANDARAN,32.18.07,PADAHERANG,32.18.07.2006,KARANGPAWITAN,46584,46384,46584,exact_match,true,false,KARANGPAWITAN,22,1,https://kodepos.posindonesia.co.id/CariKodepos,Rate-limited internal observation; exact hierarchy match; requires adjudication before promotion.
pos_indonesia_postcode_search,2026-08-11,32,JAWA BARAT,32.18,KAB. PANGANDARAN,32.18.07,PADAHERANG,32.18.07.2007,PADAHERANG,46584,46384,46584,exact_match,true,false,PADAHERANG,16,1,https://kodepos.posindonesia.co.id/CariKodepos,Rate-limited internal observation; exact hierarchy match; requires adjudication before promotion.
pos_indonesia_postcode_search,2026-08-11,32,JAWA BARAT,32.18,KAB. PANGANDARAN,32.18.07,PADAHERANG,32.18.07.2008,KEDUNGWULUH,46584,46384,46584,exact_match,true,false,KEDUNGWULUH,5,1,https://kodepos.posindonesia.co.id/CariKodepos,Rate-limited internal observation; exact hierarchy match; requires adjudication before promotion.
pos_indonesia_postcode_search,2026-08-11,32,JAWA BARAT,32.18,KAB. PANGANDARAN,32.18.07,PADAHERANG,32.18.07.2009,CIBOGO,46584,46384,46584,exact_match,true,false,CIBOGO,17,1,https://kodepos.posindonesia.co.id/CariKodepos,Rate-limited internal observation; exact hierarchy match; requires adjudication before promotion.
pos_indonesia_postcode_search,2026-08-11,32,JAWA BARAT,32.18,KAB. PANGANDARAN,32.18.07,PADAHERANG,32.18.07.2010,PASIRGEULIS,46584,46384,46584,exact_match,true,false,PASIRGEULIS,1,1,https://kodepos.posindonesia.co.id/CariKodepos,Rate-limited internal observation; exact hierarchy match; requires adjudication before promotion.
pos_indonesia_postcode_search,2026-08-11,32,JAWA BARAT,32.18,KAB. PANGANDARAN,32.18.07,PADAHERANG,32.18.07.2011,BOJONGSARI,46584,46384,46584,exact_match,true,false,BOJONGSARI,33,1,https://kodepos.posindonesia.co.id/CariKodepos,Rate-limited internal observation; exact hierarchy match; requires adjudication before promotion.
pos_indonesia_postcode_search,2026-08-11,32,JAWA BARAT,32.18,KAB. PANGANDARAN,32.18.07,PADAHERANG,32.18.07.2012,SINDANGWANGI,46584,46384,46584,exact_match,true,false,SINDANGWANGI,13,1,https://kodepos.posindonesia.co.id/CariKodepos,Rate-limited internal observation; exact hierarchy match; requires adjudication before promotion.
pos_indonesia_postcode_search,2026-08-11,32,JAWA BARAT,32.18,KAB. PANGANDARAN,32.18.07,PADAHERANG,32.18.07.2013,MARUYUNGSARI,46584,46384,46584,exact_match,true,false,MARUYUNGSARI,1,1,https://kodepos.posindonesia.co.id/CariKodepos,Rate-limited internal observation; exact hierarchy match; requires adjudication before promotion.
pos_indonesia_postcode_search,2026-08-11,32,JAWA BARAT,32.18,KAB. PANGANDARAN,32.18.07,PADAHERANG,32.18.07.2014,KARANGMULYA,46584,46384,46584,exact_match,true,false,KARANGMULYA,12,1,https://kodepos.posindonesia.co.id/CariKodepos,Rate-limited internal observation; exact hierarchy match; requires adjudication before promotion.
pos_indonesia_postcode_search,2026-08-11,32,JAWA BARAT,32.18,KAB. PANGANDARAN,32.18.08,KALIPUCANG,32.18.08.2001,PUTRAPINGGAN,46597,46397,46597,exact_match,true,false,PUTRAPINGGAN,1,1,https://kodepos.posindonesia.co.id/CariKodepos,Rate-limited internal observation; exact hierarchy match; requires adjudication before promotion.
pos_indonesia_postcode_search,2026-08-11,32,JAWA BARAT,32.18,KAB. PANGANDARAN,32.18.08,KALIPUCANG,32.18.08.2002,EMPLAK,46597,46397,46597,exact_match,true,false,EMPLAK,38,1,https://kodepos.posindonesia.co.id/CariKodepos,Rate-limited internal observation; exact hierarchy match; requires adjudication before promotion.
pos_indonesia_postcode_search,2026-08-11,32,JAWA BARAT,32.18,KAB. PANGANDARAN,32.18.08,KALIPUCANG,32.18.08.2003,BAGOLO,46597,46397,46597,exact_match,true,false,BAGOLO,1,1,https://kodepos.posindonesia.co.id/CariKodepos,Rate-limited internal observation; exact hierarchy match; requires adjudication before promotion.
pos_indonesia_postcode_search,2026-08-11,32,JAWA BARAT,32.18,KAB. PANGANDARAN,32.18.08,KALIPUCANG,32.18.08.2004,PAMOTAN,46597,46397,46597,exact_match,true,false,PAMOTAN,27,1,https://kodepos.posindonesia.co.id/CariKodepos,Rate-limited internal observation; exact hierarchy match; requires adjudication before promotion.
pos_indonesia_postcode_search,2026-08-11,32,JAWA BARAT,32.18,KAB. PANGANDARAN,32.18.08,KALIPUCANG,32.18.08.2005,KALIPUCANG,46597,46397,46597,exact_match,true,false,KALIPUCANG,16,1,https://kodepos.posindonesia.co.id/CariKodepos,Rate-limited internal observation; exact hierarchy match; requires adjudication before promotion.
pos_indonesia_postcode_search,2026-08-11,32,JAWA BARAT,32.18,KAB. PANGANDARAN,32.18.08,KALIPUCANG,32.18.08.2006,CIBULUH,46597,46397,46597,exact_match,true,false,CIBULUH,5,1,https://kodepos.posindonesia.co.id/CariKodepos,Rate-limited internal observation; exact hierarchy match; requires adjudication before promotion.
pos_indonesia_postcode_search,2026-08-11,32,JAWA BARAT,32.18,KAB. PANGANDARAN,32.18.08,KALIPUCANG,32.18.08.2007,BANJARHARJA,46597,46397,46597,exact_match,true,false,BANJARHARJA,1,1,https://kodepos.posindonesia.co.id/CariKodepos,Rate-limited internal observation; exact hierarchy match; requires adjudication before promotion.
pos_indonesia_postcode_search,2026-08-11,32,JAWA BARAT,32.18,KAB. PANGANDARAN,32.18.08,KALIPUCANG,32.18.08.2008,TUNGGILIS,46597,46397,46597,exact_match,true,false,TUNGGILIS,1,1,https://kodepos.posindonesia.co.id/CariKodepos,Rate-limited internal observation; exact hierarchy match; requires adjudication before promotion.
pos_indonesia_postcode_search,2026-08-11,32,JAWA BARAT,32.18,KAB. PANGANDARAN,32.18.08,KALIPUCANG,32.18.08.2009,CIPARAKAN,46596,46397,46597,exact_match,false,false,CIPARAKAN,1,1,https://kodepos.posindonesia.co.id/CariKodepos,Rate-limited internal observation; exact hierarchy match; requires adjudication before promotion.
pos_indonesia_postcode_search,2026-08-11,32,JAWA BARAT,32.18,KAB. PANGANDARAN,32.18.09,PANGANDARAN,32.18.09.2001,BABAKAN,46596,46396,46596,exact_match,true,false,BABAKAN,104,1,https://kodepos.posindonesia.co.id/CariKodepos,Rate-limited internal observation; exact hierarchy match; requires adjudication before promotion.
pos_indonesia_postcode_search,2026-08-11,32,JAWA BARAT,32.18,KAB. PANGANDARAN,32.18.09,PANGANDARAN,32.18.09.2002,SUKAHURIP,46596,46396,46596,exact_match,true,false,SUKAHURIP,10,1,https://kodepos.posindonesia.co.id/CariKodepos,Rate-limited internal observation; exact hierarchy match; requires adjudication before promotion.
pos_indonesia_postcode_search,2026-08-11,32,JAWA BARAT,32.18,KAB. PANGANDARAN,32.18.09,PANGANDARAN,32.18.09.2003,PURBAHAYU,46596,46396,46596,exact_match,true,false,PURBAHAYU,1,1,https://kodepos.posindonesia.co.id/CariKodepos,Rate-limited internal observation; exact hierarchy match; requires adjudication before promotion.
pos_indonesia_postcode_search,2026-08-11,32,JAWA BARAT,32.18,KAB. PANGANDARAN,32.18.09,PANGANDARAN,32.18.09.2004,PANGANDARAN,46596,46396,46596,exact_match,true,false,PANGANDARAN,94,1,https://kodepos.posindonesia.co.id/CariKodepos,Rate-limited internal observation; exact hierarchy match; requires adjudication before promotion.
pos_indonesia_postcode_search,2026-08-11,32,JAWA BARAT,32.18,KAB. PANGANDARAN,32.18.09,PANGANDARAN,32.18.09.2005,WONOHARJO,46596,46396,46596,exact_match,true,false,WONOHARJO,6,1,https://kodepos.posindonesia.co.id/CariKodepos,Rate-limited internal observation; exact hierarchy match; requires adjudication before promotion.
pos_indonesia_postcode_search,2026-08-11,32,JAWA BARAT,32.18,KAB. PANGANDARAN,32.18.09,PANGANDARAN,32.18.09.2006,SIDOMULYO,46596,46396,46596,exact_match,true,false,SIDOMULYO,118,1,https://kodepos.posindonesia.co.id/CariKodepos,Rate-limited internal observation; exact hierarchy match; requires adjudication before promotion.
pos_indonesia_postcode_search,2026-08-11,32,JAWA BARAT,32.18,KAB. PANGANDARAN,32.18.09,PANGANDARAN,32.18.09.2007,PANANJUNG,46596,46396,46596,exact_match,true,false,PANANJUNG,5,1,https://kodepos.posindonesia.co.id/CariKodepos,Rate-limited internal observation; exact hierarchy match; requires adjudication before promotion.
pos_indonesia_postcode_search,2026-08-11,32,JAWA BARAT,32.18,KAB. PANGANDARAN,32.18.09,PANGANDARAN,32.18.09.2008,PAGERGUNUNG,46596,46396,46596,exact_match,true,false,PAGERGUNUNG,8,1,https://kodepos.posindonesia.co.id/CariKodepos,Rate-limited internal observation; exact hierarchy match; requires adjudication before promotion.
pos_indonesia_postcode_search,2026-08-11,32,JAWA BARAT,32.18,KAB. PANGANDARAN,32.18.10,SIDAMULIH,32.18.10.2001,SIDAMULIH,46565,46365,46565,exact_match,true,false,SIDAMULIH,9,1,https://kodepos.posindonesia.co.id/CariKodepos,Rate-limited internal observation; exact hierarchy match; requires adjudication before promotion.
pos_indonesia_postcode_search,2026-08-11,32,JAWA BARAT,32.18,KAB. PANGANDARAN,32.18.10,SIDAMULIH,32.18.10.2002,CIKALONG,46565,46365,46565,exact_match,true,false,CIKALONG,51,1,https://kodepos.posindonesia.co.id/CariKodepos,Rate-limited internal observation; exact hierarchy match; requires adjudication before promotion.
pos_indonesia_postcode_search,2026-08-11,32,JAWA BARAT,32.18,KAB. PANGANDARAN,32.18.10,SIDAMULIH,32.18.10.2003,SUKARESIK,46565,46365,46565,exact_match,true,false,SUKARESIK,10,1,https://kodepos.posindonesia.co.id/CariKodepos,Rate-limited internal observation; exact hierarchy match; requires adjudication before promotion.
pos_indonesia_postcode_search,2026-08-11,32,JAWA BARAT,32.18,KAB. PANGANDARAN,32.18.10,SIDAMULIH,32.18.10.2004,CIKEMBULAN,46565,46365,46565,exact_match,true,false,CIKEMBULAN,3,1,https://kodepos.posindonesia.co.id/CariKodepos,Rate-limited internal observation; exact hierarchy match; requires adjudication before promotion.
pos_indonesia_postcode_search,2026-08-11,32,JAWA BARAT,32.18,KAB. PANGANDARAN,32.18.10,SIDAMULIH,32.18.10.2005,PAJATEN,46565,46365,46565,exact_match,true,false,PAJATEN,1,1,https://kodepos.posindonesia.co.id/CariKodepos,Rate-limited internal observation; exact hierarchy match; requires adjudication before promotion.
pos_indonesia_postcode_search,2026-08-11,32,JAWA BARAT,32.18,KAB. PANGANDARAN,32.18.10,SIDAMULIH,32.18.10.2006,KERSARATU,46565,46365,46565,exact_match,true,false,KERSARATU,2,1,https://kodepos.posindonesia.co.id/CariKodepos,Rate-limited internal observation; exact hierarchy match; requires adjudication before promotion.
pos_indonesia_postcode_search,2026-08-11,32,JAWA BARAT,32.18,KAB. PANGANDARAN,32.18.10,SIDAMULIH,32.18.10.2007,KALIJATI,46565,46365,46565,exact_match,true,false,KALIJATI,12,1,https://kodepos.posindonesia.co.id/CariKodepos,Rate-limited internal observation; exact hierarchy match; requires adjudication before promotion.
pos_indonesia_postcode_search,2026-08-11,32,JAWA BARAT,32.71,KOTA BOGOR,32.71.01,BOGOR SELATAN,32.71.01.1010,RANCAMAYA,16138,16139,16139,exact_match,false,true,RANCAMAYA,2,1,https://kodepos.posindonesia.co.id/CariKodepos,Rate-limited internal observation; exact hierarchy match; requires adjudication before promotion.
pos_indonesia_postcode_search,2026-08-11,32,JAWA BARAT,32.71,KOTA BOGOR,32.71.04,BOGOR BARAT,32.71.04.1014,PASIR MULYA,16119,16118,16118,exact_match,false,true,PASIR MULYA,1,1,https://kodepos.posindonesia.co.id/CariKodepos,Rate-limited internal observation; exact hierarchy match; requires adjudication before promotion.
pos_indonesia_postcode_search,2026-08-11,32,JAWA BARAT,32.72,KOTA SUKABUMI,32.72.02,CIKOLE,32.72.02.1003,GUNUNGPARANG,43112,43111,43111,exact_match,false,true,GUNUNGPARANG,1,1,https://kodepos.posindonesia.co.id/CariKodepos,Rate-limited internal observation; exact hierarchy match; requires adjudication before promotion.
pos_indonesia_postcode_search,2026-08-11,32,JAWA BARAT,32.72,KOTA SUKABUMI,32.72.03,CITAMIANG,32.72.03.1001,CITAMIANG,43144,43143,43143,exact_match,false,true,CITAMIANG,8,1,https://kodepos.posindonesia.co.id/CariKodepos,Rate-limited internal observation; exact hierarchy match; requires adjudication before promotion.
pos_indonesia_postcode_search,2026-08-11,32,JAWA BARAT,32.72,KOTA SUKABUMI,32.72.06,LEMBURSITU,32.72.06.1001,CIPANENGAH,43168,43134,43168,exact_match,true,false,CIPANENGAH,2,1,https://kodepos.posindonesia.co.id/CariKodepos,Rate-limited internal observation; exact hierarchy match; requires adjudication before promotion.
pos_indonesia_postcode_search,2026-08-11,32,JAWA BARAT,32.72,KOTA SUKABUMI,32.72.06,LEMBURSITU,32.72.06.1002,SITUMEKAR,43168,43169,43168,exact_match,true,false,SITUMEKAR,2,1,https://kodepos.posindonesia.co.id/CariKodepos,Rate-limited internal observation; exact hierarchy match; requires adjudication before promotion.
pos_indonesia_postcode_search,2026-08-11,32,JAWA BARAT,32.72,KOTA SUKABUMI,32.72.06,LEMBURSITU,32.72.06.1003,LEMBURSITU,43168,43169,43168,exact_match,true,false,LEMBURSITU,5,1,https://kodepos.posindonesia.co.id/CariKodepos,Rate-limited internal observation; exact hierarchy match; requires adjudication before promotion.
pos_indonesia_postcode_search,2026-08-11,32,JAWA BARAT,32.72,KOTA SUKABUMI,32.72.06,LEMBURSITU,32.72.06.1005,SINDANGSARI,43168,43167,43168,exact_match,true,false,SINDANGSARI,31,1,https://kodepos.posindonesia.co.id/CariKodepos,Rate-limited internal observation; exact hierarchy match; requires adjudication before promotion.
pos_indonesia_postcode_search,2026-08-11,32,JAWA BARAT,32.72,KOTA SUKABUMI,32.72.07,CIBEUREUM,32.72.07.1002,BABAKAN,43163,43142,43163,exact_match,true,false,BABAKAN,104,1,https://kodepos.posindonesia.co.id/CariKodepos,Rate-limited internal observation; exact hierarchy match; requires adjudication before promotion.
pos_indonesia_postcode_search,2026-08-11,32,JAWA BARAT,32.73,KOTA BANDUNG,32.73.04,BOJONGLOA KALER,32.73.04.1005,SUKA ASIH,40233,40231,40233,exact_match,true,false,SUKA ASIH,2,1,https://kodepos.posindonesia.co.id/CariKodepos,Rate-limited internal observation; exact hierarchy match; requires adjudication before promotion.
pos_indonesia_postcode_search,2026-08-11,32,JAWA BARAT,32.73,KOTA BANDUNG,32.73.14,CIBEUNYING KIDUL,32.73.14.1003,CICADAS,40126,40121,40126,exact_match,true,false,CICADAS,9,1,https://kodepos.posindonesia.co.id/CariKodepos,Rate-limited internal observation; exact hierarchy match; requires adjudication before promotion.
pos_indonesia_postcode_search,2026-08-11,32,JAWA BARAT,32.73,KOTA BANDUNG,32.73.14,CIBEUNYING KIDUL,32.73.14.1004,SUKAMAJU,40127,40121,40127,exact_match,true,false,SUKAMAJU,91,1,https://kodepos.posindonesia.co.id/CariKodepos,Rate-limited internal observation; exact hierarchy match; requires adjudication before promotion.
pos_indonesia_postcode_search,2026-08-11,32,JAWA BARAT,32.73,KOTA BANDUNG,32.73.14,CIBEUNYING KIDUL,32.73.14.1006,PASIRLAYUNG,40128,40192,40128,exact_match,true,false,PASIRLAYUNG,1,1,https://kodepos.posindonesia.co.id/CariKodepos,Rate-limited internal observation; exact hierarchy match; requires adjudication before promotion.
pos_indonesia_postcode_search,2026-08-11,32,JAWA BARAT,32.73,KOTA BANDUNG,32.73.16,KIARACONDONG,32.73.16.1002,KEBUN JAYANTI,40284,40281,40284,exact_match,true,false,KEBUN JAYANTI,1,1,https://kodepos.posindonesia.co.id/CariKodepos,Rate-limited internal observation; exact hierarchy match; requires adjudication before promotion.
pos_indonesia_postcode_search,2026-08-11,32,JAWA BARAT,32.73,KOTA BANDUNG,32.73.18,CIBEUNYING KALER,32.73.18.1003,NEGLASARI,40123,40124,40123,exact_match,true,false,NEGLASARI,38,1,https://kodepos.posindonesia.co.id/CariKodepos,Rate-limited internal observation; exact hierarchy match; requires adjudication before promotion.
pos_indonesia_postcode_search,2026-08-11,32,JAWA BARAT,32.73,KOTA BANDUNG,32.73.18,CIBEUNYING KALER,32.73.18.1004,CIGADUNG,40123,40191,40123,exact_match,true,false,CIGADUNG,5,1,https://kodepos.posindonesia.co.id/CariKodepos,Rate-limited internal observation; exact hierarchy match; requires adjudication before promotion.
pos_indonesia_postcode_search,2026-08-11,32,JAWA BARAT,32.73,KOTA BANDUNG,32.73.19,SUMUR BANDUNG,32.73.19.1004,BABAKAN CIAMIS,40113,40117,40113,exact_match,true,false,BABAKAN CIAMIS,1,1,https://kodepos.posindonesia.co.id/CariKodepos,Rate-limited internal observation; exact hierarchy match; requires adjudication before promotion.
pos_indonesia_postcode_search,2026-08-11,32,JAWA BARAT,32.73,KOTA BANDUNG,32.73.21,BANDUNG KIDUL,32.73.21.1002,WATES,40269,40256,40269,exact_match,true,false,WATES,88,1,https://kodepos.posindonesia.co.id/CariKodepos,Rate-limited internal observation; exact hierarchy match; requires adjudication before promotion.
pos_indonesia_postcode_search,2026-08-11,32,JAWA BARAT,32.73,KOTA BANDUNG,32.73.21,BANDUNG KIDUL,32.73.21.1004,KUJANGSARI,40268,40287,40268,exact_match,true,false,KUJANGSARI,4,1,https://kodepos.posindonesia.co.id/CariKodepos,Rate-limited internal observation; exact hierarchy match; requires adjudication before promotion.
pos_indonesia_postcode_search,2026-08-11,32,JAWA BARAT,32.73,KOTA BANDUNG,32.73.25,CIBIRU,32.73.25.1001,PALASARI,40299,40615,40299,exact_match,true,false,PALASARI,8,1,https://kodepos.posindonesia.co.id/CariKodepos,Rate-limited internal observation; exact hierarchy match; requires adjudication before promotion.
pos_indonesia_postcode_search,2026-08-11,32,JAWA BARAT,32.73,KOTA BANDUNG,32.73.25,CIBIRU,32.73.25.1002,CIPADUNG,40299,40614,40299,exact_match,true,false,CIPADUNG,4,1,https://kodepos.posindonesia.co.id/CariKodepos,Rate-limited internal observation; exact hierarchy match; requires adjudication before promotion.
pos_indonesia_postcode_search,2026-08-11,32,JAWA BARAT,32.73,KOTA BANDUNG,32.73.25,CIBIRU,32.73.25.1004,CISURUPAN,40299,40614,40299,exact_match,true,false,CISURUPAN,18,1,https://kodepos.posindonesia.co.id/CariKodepos,Rate-limited internal observation; exact hierarchy match; requires adjudication before promotion.
pos_indonesia_postcode_search,2026-08-11,32,JAWA BARAT,32.73,KOTA BANDUNG,32.73.26,UJUNGBERUNG,32.73.26.1003,PASIR ENDAH,40199,40619,40199,exact_match,true,false,PASIR ENDAH,1,1,https://kodepos.posindonesia.co.id/CariKodepos,Rate-limited internal observation; exact hierarchy match; requires adjudication before promotion.
pos_indonesia_postcode_search,2026-08-11,32,JAWA BARAT,32.73,KOTA BANDUNG,32.73.26,UJUNGBERUNG,32.73.26.1004,CIGENDING,40199,40611,40199,exact_match,true,false,CIGENDING,1,1,https://kodepos.posindonesia.co.id/CariKodepos,Rate-limited internal observation; exact hierarchy match; requires adjudication before promotion.
pos_indonesia_postcode_search,2026-08-11,32,JAWA BARAT,32.73,KOTA BANDUNG,32.73.26,UJUNGBERUNG,32.73.26.1006,PASIRJATI,40199,40616,40199,exact_match,true,false,PASIRJATI,1,1,https://kodepos.posindonesia.co.id/CariKodepos,Rate-limited internal observation; exact hierarchy match; requires adjudication before promotion.
pos_indonesia_postcode_search,2026-08-11,32,JAWA BARAT,32.73,KOTA BANDUNG,32.73.26,UJUNGBERUNG,32.73.26.1007,PASANGGRAHAN,40199,40617,40199,exact_match,true,false,PASANGGRAHAN,13,1,https://kodepos.posindonesia.co.id/CariKodepos,Rate-limited internal observation; exact hierarchy match; requires adjudication before promotion.
pos_indonesia_postcode_search,2026-08-11,32,JAWA BARAT,32.73,KOTA BANDUNG,32.73.27,GEDEBAGE,32.73.27.1002,CISANTREN KIDUL,40295,40294,40295,exact_match,true,false,CISANTREN KIDUL,1,1,https://kodepos.posindonesia.co.id/CariKodepos,Rate-limited internal observation; exact hierarchy match; requires adjudication before promotion.
pos_indonesia_postcode_search,2026-08-11,32,JAWA BARAT,32.73,KOTA BANDUNG,32.73.27,GEDEBAGE,32.73.27.1004,RANCANUMPANG,40295,40294,40295,exact_match,true,false,RANCANUMPANG,1,1,https://kodepos.posindonesia.co.id/CariKodepos,Rate-limited internal observation; exact hierarchy match; requires adjudication before promotion.
pos_indonesia_postcode_search,2026-08-11,32,JAWA BARAT,32.73,KOTA BANDUNG,32.73.28,PANYILEUKAN,32.73.28.1001,CIPADUNG KULON,40298,40614,40298,exact_match,true,false,CIPADUNG KULON,1,1,https://kodepos.posindonesia.co.id/CariKodepos,Rate-limited internal observation; exact hierarchy match; requires adjudication before promotion.
pos_indonesia_postcode_search,2026-08-11,32,JAWA BARAT,32.73,KOTA BANDUNG,32.73.28,PANYILEUKAN,32.73.28.1002,CIPADUNG KIDUL,40298,40614,40298,exact_match,true,false,CIPADUNG KIDUL,1,1,https://kodepos.posindonesia.co.id/CariKodepos,Rate-limited internal observation; exact hierarchy match; requires adjudication before promotion.
pos_indonesia_postcode_search,2026-08-11,32,JAWA BARAT,32.73,KOTA BANDUNG,32.73.28,PANYILEUKAN,32.73.28.1003,CIPADUNG WETAN,40298,40614,40298,exact_match,true,false,CIPADUNG WETAN,1,1,https://kodepos.posindonesia.co.id/CariKodepos,Rate-limited internal observation; exact hierarchy match; requires adjudication before promotion.
pos_indonesia_postcode_search,2026-08-11,32,JAWA BARAT,32.73,KOTA BANDUNG,32.73.30,MANDALAJATI,32.73.30.1001,JATIHANDAP,40193,40195,40193,exact_match,true,false,JATIHANDAP,1,1,https://kodepos.posindonesia.co.id/CariKodepos,Rate-limited internal observation; exact hierarchy match; requires adjudication before promotion.
pos_indonesia_postcode_search,2026-08-11,32,JAWA BARAT,32.73,KOTA BANDUNG,32.73.30,MANDALAJATI,32.73.30.1002,KARANG PAMULANG,40193,40195,40194,exact_match,false,false,KARANG PAMULANG,1,1,https://kodepos.posindonesia.co.id/CariKodepos,Rate-limited internal observation; exact hierarchy match; requires adjudication before promotion.
pos_indonesia_postcode_search,2026-08-11,32,JAWA BARAT,32.73,KOTA BANDUNG,32.73.30,MANDALAJATI,32.73.30.1003,PASIR IMPUN,40193,40195,40193,exact_match,true,false,PASIR IMPUN,1,1,https://kodepos.posindonesia.co.id/CariKodepos,Rate-limited internal observation; exact hierarchy match; requires adjudication before promotion.
pos_indonesia_postcode_search,2026-08-11,32,JAWA BARAT,32.73,KOTA BANDUNG,32.73.30,MANDALAJATI,32.73.30.1004,SINDANG JAYA,40193,40195,40193,exact_match,true,false,SINDANG JAYA,12,1,https://kodepos.posindonesia.co.id/CariKodepos,Rate-limited internal observation; exact hierarchy match; requires adjudication before promotion.
pos_indonesia_postcode_search,2026-08-11,32,JAWA BARAT,32.74,KOTA CIREBON,32.74.01,KEJAKSAN,32.74.01.1004,KEBONBARU,45124,45121,45124,exact_match,true,false,KEBONBARU,1,1,https://kodepos.posindonesia.co.id/CariKodepos,Rate-limited internal observation; exact hierarchy match; requires adjudication before promotion.
pos_indonesia_postcode_search,2026-08-11,32,JAWA BARAT,32.74,KOTA CIREBON,32.74.03,HARJAMUKTI,32.74.03.1001,KALIJAGA,45145,45144,45144,exact_match,false,true,KALIJAGA,6,1,https://kodepos.posindonesia.co.id/CariKodepos,Rate-limited internal observation; exact hierarchy match; requires adjudication before promotion.
pos_indonesia_postcode_search,2026-08-11,32,JAWA BARAT,32.74,KOTA CIREBON,32.74.05,KESAMBI,32.74.05.1005,KARYAMULYA,45135,45131,45135,exact_match,true,false,KARYAMULYA,3,1,https://kodepos.posindonesia.co.id/CariKodepos,Rate-limited internal observation; exact hierarchy match; requires adjudication before promotion.
pos_indonesia_postcode_search,2026-08-11,32,JAWA BARAT,32.75,KOTA BEKASI,32.75.01,BEKASI TIMUR,32.75.01.1004,ARENJAYA,17118,17111,17111,exact_match,false,true,ARENJAYA,1,1,https://kodepos.posindonesia.co.id/CariKodepos,Rate-limited internal observation; exact hierarchy match; requires adjudication before promotion.
pos_indonesia_postcode_search,2026-08-11,32,JAWA BARAT,32.75,KOTA BEKASI,32.75.02,BEKASI BARAT,32.75.02.1003,KOTABARU,17139,17133,17133,exact_match,false,true,KOTABARU,210,1,https://kodepos.posindonesia.co.id/CariKodepos,Rate-limited internal observation; exact hierarchy match; requires adjudication before promotion.
pos_indonesia_postcode_search,2026-08-11,32,JAWA BARAT,32.75,KOTA BEKASI,32.75.02,BEKASI BARAT,32.75.02.1005,JAKASAMPURNA,17137,17145,17145,exact_match,false,true,JAKASAMPURNA,1,1,https://kodepos.posindonesia.co.id/CariKodepos,Rate-limited internal observation; exact hierarchy match; requires adjudication before promotion.
pos_indonesia_postcode_search,2026-08-11,32,JAWA BARAT,32.75,KOTA BEKASI,32.75.03,BEKASI UTARA,32.75.03.1005,MARGAMULYA,17126,17142,17142,exact_match,false,true,MARGAMULYA,11,1,https://kodepos.posindonesia.co.id/CariKodepos,Rate-limited internal observation; exact hierarchy match; requires adjudication before promotion.
pos_indonesia_postcode_search,2026-08-11,32,JAWA BARAT,32.75,KOTA BEKASI,32.75.05,RAWALUMBU,32.75.05.1001,BOJONG RAWALUMBU,17176,17116,17116,exact_match,false,true,BOJONG RAWALUMBU,1,1,https://kodepos.posindonesia.co.id/CariKodepos,Rate-limited internal observation; exact hierarchy match; requires adjudication before promotion.
pos_indonesia_postcode_search,2026-08-11,32,JAWA BARAT,32.75,KOTA BEKASI,32.75.05,RAWALUMBU,32.75.05.1002,PENGASINAN,17175,17115,17115,exact_match,false,true,PENGASINAN,3,1,https://kodepos.posindonesia.co.id/CariKodepos,Rate-limited internal observation; exact hierarchy match; requires adjudication before promotion.
pos_indonesia_postcode_search,2026-08-11,32,JAWA BARAT,32.75,KOTA BEKASI,32.75.05,RAWALUMBU,32.75.05.1003,SEPANJANGJAYA,17174,17114,17114,exact_match,false,true,SEPANJANGJAYA,1,1,https://kodepos.posindonesia.co.id/CariKodepos,Rate-limited internal observation; exact hierarchy match; requires adjudication before promotion.
pos_indonesia_postcode_search,2026-08-11,32,JAWA BARAT,32.75,KOTA BEKASI,32.75.05,RAWALUMBU,32.75.05.1004,BOJONGMENTENG,17177,17117,17117,exact_match,false,true,BOJONGMENTENG,2,1,https://kodepos.posindonesia.co.id/CariKodepos,Rate-limited internal observation; exact hierarchy match; requires adjudication before promotion.
pos_indonesia_postcode_search,2026-08-11,32,JAWA BARAT,32.75,KOTA BEKASI,32.75.06,MEDANSATRIA,32.75.06.1001,MEDANSATRIA,17182,17132,17132,exact_match,false,true,MEDANSATRIA,4,1,https://kodepos.posindonesia.co.id/CariKodepos,Rate-limited internal observation; exact hierarchy match; requires adjudication before promotion.
pos_indonesia_postcode_search,2026-08-11,32,JAWA BARAT,32.75,KOTA BEKASI,32.75.06,MEDANSATRIA,32.75.06.1002,HARAPANMULYA,17184,17143,17143,exact_match,false,true,HARAPANMULYA,1,1,https://kodepos.posindonesia.co.id/CariKodepos,Rate-limited internal observation; exact hierarchy match; requires adjudication before promotion.
pos_indonesia_postcode_search,2026-08-11,32,JAWA BARAT,32.75,KOTA BEKASI,32.75.06,MEDANSATRIA,32.75.06.1003,PEJUANG,17181,17131,17131,exact_match,false,true,PEJUANG,2,1,https://kodepos.posindonesia.co.id/CariKodepos,Rate-limited internal observation; exact hierarchy match; requires adjudication before promotion.
pos_indonesia_postcode_search,2026-08-11,32,JAWA BARAT,32.75,KOTA BEKASI,32.75.06,MEDANSATRIA,32.75.06.1004,KALIBARU,17183,17133,17133,exact_match,false,true,KALIBARU,13,1,https://kodepos.posindonesia.co.id/CariKodepos,Rate-limited internal observation; exact hierarchy match; requires adjudication before promotion.
pos_indonesia_postcode_search,2026-08-11,32,JAWA BARAT,32.75,KOTA BEKASI,32.75.11,MUSTIKAJAYA,32.75.11.1001,PADURENAN,17156,17156,17166,exact_match,false,false,PADURENAN,4,1,https://kodepos.posindonesia.co.id/CariKodepos,Rate-limited internal observation; exact hierarchy match; requires adjudication before promotion.
pos_indonesia_postcode_search,2026-08-11,32,JAWA BARAT,32.76,KOTA DEPOK,32.76.03,SAWANGAN,32.76.03.1010,SAWANGAN,16511,16511,16511,exact_match,true,true,SAWANGAN,40,1,https://kodepos.posindonesia.co.id/CariKodepos,Rate-limited internal observation; exact hierarchy match; requires adjudication before promotion.
pos_indonesia_postcode_search,2026-08-11,32,JAWA BARAT,32.76,KOTA DEPOK,32.76.04,LIMO,32.76.04.1001,MARUYUNG,16532,16515,16532,exact_match,true,false,MARUYUNG,3,1,https://kodepos.posindonesia.co.id/CariKodepos,Rate-limited internal observation; exact hierarchy match; requires adjudication before promotion.
pos_indonesia_postcode_search,2026-08-11,32,JAWA BARAT,32.76,KOTA DEPOK,32.76.04,LIMO,32.76.04.1002,GROGOL,16533,16512,16533,exact_match,true,false,GROGOL,52,1,https://kodepos.posindonesia.co.id/CariKodepos,Rate-limited internal observation; exact hierarchy match; requires adjudication before promotion.
pos_indonesia_postcode_search,2026-08-11,32,JAWA BARAT,32.76,KOTA DEPOK,32.76.04,LIMO,32.76.04.1003,KRUKUT,16534,16512,16534,exact_match,true,false,KRUKUT,2,1,https://kodepos.posindonesia.co.id/CariKodepos,Rate-limited internal observation; exact hierarchy match; requires adjudication before promotion.
pos_indonesia_postcode_search,2026-08-11,32,JAWA BARAT,32.76,KOTA DEPOK,32.76.04,LIMO,32.76.04.1004,LIMO,16531,16515,16531,exact_match,true,false,LIMO,408,1,https://kodepos.posindonesia.co.id/CariKodepos,Rate-limited internal observation; exact hierarchy match; requires adjudication before promotion.
pos_indonesia_postcode_search,2026-08-11,32,JAWA BARAT,32.76,KOTA DEPOK,32.76.07,CIPAYUNG,32.76.07.1002,CIPAYUNG JAYA,16444,16437,16441,exact_match,false,false,CIPAYUNG JAYA,1,1,https://kodepos.posindonesia.co.id/CariKodepos,Rate-limited internal observation; exact hierarchy match; requires adjudication before promotion.
pos_indonesia_postcode_search,2026-08-11,32,JAWA BARAT,32.76,KOTA DEPOK,32.76.07,CIPAYUNG,32.76.07.1003,RATU JAYA,16445,16439,16445,exact_match,true,false,RATU JAYA,2,1,https://kodepos.posindonesia.co.id/CariKodepos,Rate-limited internal observation; exact hierarchy match; requires adjudication before promotion.
pos_indonesia_postcode_search,2026-08-11,32,JAWA BARAT,32.76,KOTA DEPOK,32.76.07,CIPAYUNG,32.76.07.1004,BOJONG PONDOK TERONG,16443,16436,16444,exact_match,false,false,BOJONG PONDOK TERONG,1,1,https://kodepos.posindonesia.co.id/CariKodepos,Rate-limited internal observation; exact hierarchy match; requires adjudication before promotion.
pos_indonesia_postcode_search,2026-08-11,32,JAWA BARAT,32.76,KOTA DEPOK,32.76.08,CILODONG,32.76.08.1001,SUKAMAJU,16475,16415,16475,exact_match,true,false,SUKAMAJU,91,1,https://kodepos.posindonesia.co.id/CariKodepos,Rate-limited internal observation; exact hierarchy match; requires adjudication before promotion.
pos_indonesia_postcode_search,2026-08-11,32,JAWA BARAT,32.76,KOTA DEPOK,32.76.08,CILODONG,32.76.08.1002,CILODONG,16474,16414,16474,exact_match,true,false,CILODONG,5,1,https://kodepos.posindonesia.co.id/CariKodepos,Rate-limited internal observation; exact hierarchy match; requires adjudication before promotion.
pos_indonesia_postcode_search,2026-08-11,32,JAWA BARAT,32.76,KOTA DEPOK,32.76.08,CILODONG,32.76.08.1003,KALIBARU,16473,16414,16473,exact_match,true,false,KALIBARU,13,1,https://kodepos.posindonesia.co.id/CariKodepos,Rate-limited internal observation; exact hierarchy match; requires adjudication before promotion.
pos_indonesia_postcode_search,2026-08-11,32,JAWA BARAT,32.76,KOTA DEPOK,32.76.08,CILODONG,32.76.08.1004,KALIMULYA,16471,16413,16471,exact_match,true,false,KALIMULYA,1,1,https://kodepos.posindonesia.co.id/CariKodepos,Rate-limited internal observation; exact hierarchy match; requires adjudication before promotion.
pos_indonesia_postcode_search,2026-08-11,32,JAWA BARAT,32.76,KOTA DEPOK,32.76.08,CILODONG,32.76.08.1005,JATIMULYA,16472,16413,16472,exact_match,true,false,JATIMULYA,14,1,https://kodepos.posindonesia.co.id/CariKodepos,Rate-limited internal observation; exact hierarchy match; requires adjudication before promotion.
pos_indonesia_postcode_search,2026-08-11,32,JAWA BARAT,32.76,KOTA DEPOK,32.76.09,CINERE,32.76.09.1001,CINERE,16541,16514,16541,exact_match,true,false,CINERE,4,1,https://kodepos.posindonesia.co.id/CariKodepos,Rate-limited internal observation; exact hierarchy match; requires adjudication before promotion.
pos_indonesia_postcode_search,2026-08-11,32,JAWA BARAT,32.76,KOTA DEPOK,32.76.09,CINERE,32.76.09.1002,GANDUL,16544,16512,16544,exact_match,true,false,GANDUL,4,1,https://kodepos.posindonesia.co.id/CariKodepos,Rate-limited internal observation; exact hierarchy match; requires adjudication before promotion.
pos_indonesia_postcode_search,2026-08-11,32,JAWA BARAT,32.76,KOTA DEPOK,32.76.10,TAPOS,32.76.10.1001,TAPOS,16464,16457,16464,exact_match,true,false,TAPOS,12,1,https://kodepos.posindonesia.co.id/CariKodepos,Rate-limited internal observation; exact hierarchy match; requires adjudication before promotion.
pos_indonesia_postcode_search,2026-08-11,32,JAWA BARAT,32.76,KOTA DEPOK,32.76.10,TAPOS,32.76.10.1002,LEUWINANGGUNG,16463,16456,16463,exact_match,true,false,LEUWINANGGUNG,1,1,https://kodepos.posindonesia.co.id/CariKodepos,Rate-limited internal observation; exact hierarchy match; requires adjudication before promotion.
pos_indonesia_postcode_search,2026-08-11,32,JAWA BARAT,32.76,KOTA DEPOK,32.76.10,TAPOS,32.76.10.1003,SUKATANI,16461,16454,16461,exact_match,true,false,SUKATANI,39,1,https://kodepos.posindonesia.co.id/CariKodepos,Rate-limited internal observation; exact hierarchy match; requires adjudication before promotion.
pos_indonesia_postcode_search,2026-08-11,32,JAWA BARAT,32.76,KOTA DEPOK,32.76.10,TAPOS,32.76.10.1004,SUKAMAJU BARU,16462,16455,16462,exact_match,true,false,SUKAMAJU BARU,1,1,https://kodepos.posindonesia.co.id/CariKodepos,Rate-limited internal observation; exact hierarchy match; requires adjudication before promotion.
pos_indonesia_postcode_search,2026-08-11,32,JAWA BARAT,32.76,KOTA DEPOK,32.76.10,TAPOS,32.76.10.1005,JATIJAJAR,16466,16451,16466,exact_match,true,false,JATIJAJAR,3,1,https://kodepos.posindonesia.co.id/CariKodepos,Rate-limited internal observation; exact hierarchy match; requires adjudication before promotion.
pos_indonesia_postcode_search,2026-08-11,32,JAWA BARAT,32.76,KOTA DEPOK,32.76.10,TAPOS,32.76.10.1006,CILANGKAP,16465,16458,16465,exact_match,true,false,CILANGKAP,10,1,https://kodepos.posindonesia.co.id/CariKodepos,Rate-limited internal observation; exact hierarchy match; requires adjudication before promotion.
pos_indonesia_postcode_search,2026-08-11,32,JAWA BARAT,32.76,KOTA DEPOK,32.76.10,TAPOS,32.76.10.1007,CIMPAEUN,16467,16459,16467,exact_match,true,false,CIMPAEUN,1,1,https://kodepos.posindonesia.co.id/CariKodepos,Rate-limited internal observation; exact hierarchy match; requires adjudication before promotion.
pos_indonesia_postcode_search,2026-08-11,32,JAWA BARAT,32.76,KOTA DEPOK,32.76.11,BOJONGSARI,32.76.11.1003,SERUA,16523,16517,16523,exact_match,true,false,SERUA,23,1,https://kodepos.posindonesia.co.id/CariKodepos,Rate-limited internal observation; exact hierarchy match; requires adjudication before promotion.
pos_indonesia_postcode_search,2026-08-11,32,JAWA BARAT,32.76,KOTA DEPOK,32.76.11,BOJONGSARI,32.76.11.1004,PONDOK PETIR,16524,16517,16524,exact_match,true,false,PONDOK PETIR,1,1,https://kodepos.posindonesia.co.id/CariKodepos,Rate-limited internal observation; exact hierarchy match; requires adjudication before promotion.
pos_indonesia_postcode_search,2026-08-11,32,JAWA BARAT,32.76,KOTA DEPOK,32.76.11,BOJONGSARI,32.76.11.1005,CURUG,16525,16517,16525,exact_match,true,false,CURUG,80,1,https://kodepos.posindonesia.co.id/CariKodepos,Rate-limited internal observation; exact hierarchy match; requires adjudication before promotion.
pos_indonesia_postcode_search,2026-08-11,32,JAWA BARAT,32.76,KOTA DEPOK,32.76.11,BOJONGSARI,32.76.11.1006,DUREN MEKAR,16526,16518,16526,exact_match,true,false,DUREN MEKAR,1,1,https://kodepos.posindonesia.co.id/CariKodepos,Rate-limited internal observation; exact hierarchy match; requires adjudication before promotion.
pos_indonesia_postcode_search,2026-08-11,32,JAWA BARAT,32.76,KOTA DEPOK,32.76.11,BOJONGSARI,32.76.11.1007,DUREN SERIBU,16527,16518,16527,exact_match,true,false,DUREN SERIBU,1,1,https://kodepos.posindonesia.co.id/CariKodepos,Rate-limited internal observation; exact hierarchy match; requires adjudication before promotion.
pos_indonesia_postcode_search,2026-08-11,32,JAWA BARAT,32.78,KOTA TASIKMALAYA,32.78.04,INDIHIANG,32.78.04.1003,INDIHIANG,46135,46151,46135,exact_match,true,false,INDIHIANG,6,1,https://kodepos.posindonesia.co.id/CariKodepos,Rate-limited internal observation; exact hierarchy match; requires adjudication before promotion.
pos_indonesia_postcode_search,2026-08-11,32,JAWA BARAT,32.78,KOTA TASIKMALAYA,32.78.04,INDIHIANG,32.78.04.1004,SIRNAGALIH,46135,46151,46135,exact_match,true,false,SIRNAGALIH,13,1,https://kodepos.posindonesia.co.id/CariKodepos,Rate-limited internal observation; exact hierarchy match; requires adjudication before promotion.
pos_indonesia_postcode_search,2026-08-11,32,JAWA BARAT,32.78,KOTA TASIKMALAYA,32.78.04,INDIHIANG,32.78.04.1005,PARAKANNYASAG,46136,46151,46136,exact_match,true,false,PARAKANNYASAG,1,1,https://kodepos.posindonesia.co.id/CariKodepos,Rate-limited internal observation; exact hierarchy match; requires adjudication before promotion.
pos_indonesia_postcode_search,2026-08-11,32,JAWA BARAT,32.78,KOTA TASIKMALAYA,32.78.04,INDIHIANG,32.78.04.1006,PANYINGKIRAN,46136,46411,46136,exact_match,true,false,PANYINGKIRAN,16,1,https://kodepos.posindonesia.co.id/CariKodepos,Rate-limited internal observation; exact hierarchy match; requires adjudication before promotion.
pos_indonesia_postcode_search,2026-08-11,32,JAWA BARAT,32.78,KOTA TASIKMALAYA,32.78.04,INDIHIANG,32.78.04.1007,SUKAMAJU KALER,46137,46151,46137,exact_match,true,false,SUKAMAJU KALER,1,1,https://kodepos.posindonesia.co.id/CariKodepos,Rate-limited internal observation; exact hierarchy match; requires adjudication before promotion.
pos_indonesia_postcode_search,2026-08-11,32,JAWA BARAT,32.78,KOTA TASIKMALAYA,32.78.04,INDIHIANG,32.78.04.1008,SUKAMAJU KIDUL,46137,46151,46137,exact_match,true,false,SUKAMAJU KIDUL,1,1,https://kodepos.posindonesia.co.id/CariKodepos,Rate-limited internal observation; exact hierarchy match; requires adjudication before promotion.
pos_indonesia_postcode_search,2026-08-11,32,JAWA BARAT,32.78,KOTA TASIKMALAYA,32.78.05,KAWALU,32.78.05.1001,KERSAMENAK,46141,46182,46141,exact_match,true,false,KERSAMENAK,2,1,https://kodepos.posindonesia.co.id/CariKodepos,Rate-limited internal observation; exact hierarchy match; requires adjudication before promotion.
pos_indonesia_postcode_search,2026-08-11,32,JAWA BARAT,32.78,KOTA TASIKMALAYA,32.78.05,KAWALU,32.78.05.1002,CILAMAJANG,46143,46182,46143,exact_match,true,false,CILAMAJANG,1,1,https://kodepos.posindonesia.co.id/CariKodepos,Rate-limited internal observation; exact hierarchy match; requires adjudication before promotion.
pos_indonesia_postcode_search,2026-08-11,32,JAWA BARAT,32.78,KOTA TASIKMALAYA,32.78.05,KAWALU,32.78.05.1003,GUNUNG TANDALA,46142,46182,46142,exact_match,true,false,GUNUNG TANDALA,1,1,https://kodepos.posindonesia.co.id/CariKodepos,Rate-limited internal observation; exact hierarchy match; requires adjudication before promotion.
pos_indonesia_postcode_search,2026-08-11,32,JAWA BARAT,32.78,KOTA TASIKMALAYA,32.78.05,KAWALU,32.78.05.1004,URUG,46145,46182,46145,exact_match,true,false,URUG,92,1,https://kodepos.posindonesia.co.id/CariKodepos,Rate-limited internal observation; exact hierarchy match; requires adjudication before promotion.
pos_indonesia_postcode_search,2026-08-11,32,JAWA BARAT,32.78,KOTA TASIKMALAYA,32.78.05,KAWALU,32.78.05.1005,TANJUNG,46144,46182,46144,exact_match,true,false,TANJUNG,2105,1,https://kodepos.posindonesia.co.id/CariKodepos,Rate-limited internal observation; exact hierarchy match; requires adjudication before promotion.
pos_indonesia_postcode_search,2026-08-11,32,JAWA BARAT,32.78,KOTA TASIKMALAYA,32.78.05,KAWALU,32.78.05.1006,CIBEUTI,46143,46182,46143,exact_match,true,false,CIBEUTI,1,1,https://kodepos.posindonesia.co.id/CariKodepos,Rate-limited internal observation; exact hierarchy match; requires adjudication before promotion.
pos_indonesia_postcode_search,2026-08-11,32,JAWA BARAT,32.78,KOTA TASIKMALAYA,32.78.05,KAWALU,32.78.05.1007,KARANGANYAR,46144,46182,46144,exact_match,true,false,KARANGANYAR,307,1,https://kodepos.posindonesia.co.id/CariKodepos,Rate-limited internal observation; exact hierarchy match; requires adjudication before promotion.
pos_indonesia_postcode_search,2026-08-11,32,JAWA BARAT,32.78,KOTA TASIKMALAYA,32.78.05,KAWALU,32.78.05.1008,TALAGASARI,46142,46182,46141,exact_match,false,false,TALAGASARI,10,1,https://kodepos.posindonesia.co.id/CariKodepos,Rate-limited internal observation; exact hierarchy match; requires adjudication before promotion.
pos_indonesia_postcode_search,2026-08-11,32,JAWA BARAT,32.78,KOTA TASIKMALAYA,32.78.05,KAWALU,32.78.05.1009,LEUWILIANG,46145,46182,46145,exact_match,true,false,LEUWILIANG,13,1,https://kodepos.posindonesia.co.id/CariKodepos,Rate-limited internal observation; exact hierarchy match; requires adjudication before promotion.
pos_indonesia_postcode_search,2026-08-11,32,JAWA BARAT,32.78,KOTA TASIKMALAYA,32.78.05,KAWALU,32.78.05.1010,GUNUNG GEDE,46142,46182,46142,exact_match,true,false,GUNUNG GEDE,1,1,https://kodepos.posindonesia.co.id/CariKodepos,Rate-limited internal observation; exact hierarchy match; requires adjudication before promotion.
pos_indonesia_postcode_search,2026-08-11,32,JAWA BARAT,32.78,KOTA TASIKMALAYA,32.78.06,CIBEUREUM,32.78.06.1005,SETIARATU,46116,46196,46116,exact_match,true,false,SETIARATU,1,1,https://kodepos.posindonesia.co.id/CariKodepos,Rate-limited internal observation; exact hierarchy match; requires adjudication before promotion.
pos_indonesia_postcode_search,2026-08-11,32,JAWA BARAT,32.78,KOTA TASIKMALAYA,32.78.06,CIBEUREUM,32.78.06.1007,KERSANAGARA,46116,46196,46116,exact_match,true,false,KERSANAGARA,1,1,https://kodepos.posindonesia.co.id/CariKodepos,Rate-limited internal observation; exact hierarchy match; requires adjudication before promotion.
pos_indonesia_postcode_search,2026-08-11,32,JAWA BARAT,32.78,KOTA TASIKMALAYA,32.78.06,CIBEUREUM,32.78.06.1008,KOTA BARU,46116,46196,46117,exact_match,false,false,KOTA BARU,59,1,https://kodepos.posindonesia.co.id/CariKodepos,Rate-limited internal observation; exact hierarchy match; requires adjudication before promotion.
pos_indonesia_postcode_search,2026-08-11,32,JAWA BARAT,32.78,KOTA TASIKMALAYA,32.78.06,CIBEUREUM,32.78.06.1009,AWIPARI,46116,46196,46117,exact_match,false,false,AWIPARI,1,1,https://kodepos.posindonesia.co.id/CariKodepos,Rate-limited internal observation; exact hierarchy match; requires adjudication before promotion.
pos_indonesia_postcode_search,2026-08-11,32,JAWA BARAT,32.78,KOTA TASIKMALAYA,32.78.06,CIBEUREUM,32.78.06.1010,SETIANAGARA,46116,46196,46116,exact_match,true,false,SETIANAGARA,1,1,https://kodepos.posindonesia.co.id/CariKodepos,Rate-limited internal observation; exact hierarchy match; requires adjudication before promotion.
pos_indonesia_postcode_search,2026-08-11,32,JAWA BARAT,32.78,KOTA TASIKMALAYA,32.78.06,CIBEUREUM,32.78.06.1011,CIHERANG,46116,46416,46116,exact_match,true,false,CIHERANG,15,1,https://kodepos.posindonesia.co.id/CariKodepos,Rate-limited internal observation; exact hierarchy match; requires adjudication before promotion.
pos_indonesia_postcode_search,2026-08-11,32,JAWA BARAT,32.78,KOTA TASIKMALAYA,32.78.06,CIBEUREUM,32.78.06.1012,CIAKAR,46117,46196,46117,exact_match,true,false,CIAKAR,5,1,https://kodepos.posindonesia.co.id/CariKodepos,Rate-limited internal observation; exact hierarchy match; requires adjudication before promotion.
pos_indonesia_postcode_search,2026-08-11,32,JAWA BARAT,32.78,KOTA TASIKMALAYA,32.78.06,CIBEUREUM,32.78.06.1013,MARGABAKTI,46117,46196,46117,exact_match,true,false,MARGABAKTI,2,1,https://kodepos.posindonesia.co.id/CariKodepos,Rate-limited internal observation; exact hierarchy match; requires adjudication before promotion.
pos_indonesia_postcode_search,2026-08-11,32,JAWA BARAT,32.78,KOTA TASIKMALAYA,32.78.06,CIBEUREUM,32.78.06.1014,SETIAJAYA,46116,46196,46116,exact_match,true,false,SETIAJAYA,2,1,https://kodepos.posindonesia.co.id/CariKodepos,Rate-limited internal observation; exact hierarchy match; requires adjudication before promotion.
pos_indonesia_postcode_search,2026-08-11,32,JAWA BARAT,32.78,KOTA TASIKMALAYA,32.78.08,MANGKUBUMI,32.78.08.1001,MANGKUBUMI,46127,46181,46127,exact_match,true,false,MANGKUBUMI,9,1,https://kodepos.posindonesia.co.id/CariKodepos,Rate-limited internal observation; exact hierarchy match; requires adjudication before promotion.
pos_indonesia_postcode_search,2026-08-11,32,JAWA BARAT,32.78,KOTA TASIKMALAYA,32.78.08,MANGKUBUMI,32.78.08.1002,CIGANTANG,46127,46181,46127,exact_match,true,false,CIGANTANG,1,1,https://kodepos.posindonesia.co.id/CariKodepos,Rate-limited internal observation; exact hierarchy match; requires adjudication before promotion.
pos_indonesia_postcode_search,2026-08-11,32,JAWA BARAT,32.78,KOTA TASIKMALAYA,32.78.08,MANGKUBUMI,32.78.08.1003,KARIKIL,46127,46181,46127,exact_match,true,false,KARIKIL,1,1,https://kodepos.posindonesia.co.id/CariKodepos,Rate-limited internal observation; exact hierarchy match; requires adjudication before promotion.
pos_indonesia_postcode_search,2026-08-11,32,JAWA BARAT,32.78,KOTA TASIKMALAYA,32.78.08,MANGKUBUMI,32.78.08.1004,LINGGAJAYA,46128,46181,46128,exact_match,true,false,LINGGAJAYA,3,1,https://kodepos.posindonesia.co.id/CariKodepos,Rate-limited internal observation; exact hierarchy match; requires adjudication before promotion.
pos_indonesia_postcode_search,2026-08-11,32,JAWA BARAT,32.78,KOTA TASIKMALAYA,32.78.08,MANGKUBUMI,32.78.08.1005,CIPAWITRA,46128,46181,46128,exact_match,true,false,CIPAWITRA,1,1,https://kodepos.posindonesia.co.id/CariKodepos,Rate-limited internal observation; exact hierarchy match; requires adjudication before promotion.
pos_indonesia_postcode_search,2026-08-11,32,JAWA BARAT,32.78,KOTA TASIKMALAYA,32.78.08,MANGKUBUMI,32.78.08.1006,SAMBONGPARI,46129,46181,46129,exact_match,true,false,SAMBONGPARI,1,1,https://kodepos.posindonesia.co.id/CariKodepos,Rate-limited internal observation; exact hierarchy match; requires adjudication before promotion.
pos_indonesia_postcode_search,2026-08-11,32,JAWA BARAT,32.78,KOTA TASIKMALAYA,32.78.08,MANGKUBUMI,32.78.08.1007,SAMBONGJAYA,46129,46181,46129,exact_match,true,false,SAMBONGJAYA,1,1,https://kodepos.posindonesia.co.id/CariKodepos,Rate-limited internal observation; exact hierarchy match; requires adjudication before promotion.
pos_indonesia_postcode_search,2026-08-11,32,JAWA BARAT,32.78,KOTA TASIKMALAYA,32.78.08,MANGKUBUMI,32.78.08.1008,CIPARI,46128,46181,46128,exact_match,true,false,CIPARI,16,1,https://kodepos.posindonesia.co.id/CariKodepos,Rate-limited internal observation; exact hierarchy match; requires adjudication before promotion.
pos_indonesia_postcode_search,2026-08-11,32,JAWA BARAT,32.78,KOTA TASIKMALAYA,32.78.09,BUNGURSARI,32.78.09.1001,SUKAMULYA,46138,46151,46138,exact_match,true,false,SUKAMULYA,56,1,https://kodepos.posindonesia.co.id/CariKodepos,Rate-limited internal observation; exact hierarchy match; requires adjudication before promotion.
pos_indonesia_postcode_search,2026-08-11,32,JAWA BARAT,32.78,KOTA TASIKMALAYA,32.78.09,BUNGURSARI,32.78.09.1002,SUKARINDIK,46138,46151,46138,exact_match,true,false,SUKARINDIK,1,1,https://kodepos.posindonesia.co.id/CariKodepos,Rate-limited internal observation; exact hierarchy match; requires adjudication before promotion.
pos_indonesia_postcode_search,2026-08-11,32,JAWA BARAT,32.78,KOTA TASIKMALAYA,32.78.09,BUNGURSARI,32.78.09.1003,BUNGURSARI,46138,46151,46138,exact_match,true,false,BUNGURSARI,17,1,https://kodepos.posindonesia.co.id/CariKodepos,Rate-limited internal observation; exact hierarchy match; requires adjudication before promotion.
pos_indonesia_postcode_search,2026-08-11,32,JAWA BARAT,32.78,KOTA TASIKMALAYA,32.78.09,BUNGURSARI,32.78.09.1004,SUKAJAYA,46138,46151,46138,exact_match,true,false,SUKAJAYA,59,1,https://kodepos.posindonesia.co.id/CariKodepos,Rate-limited internal observation; exact hierarchy match; requires adjudication before promotion.
pos_indonesia_postcode_search,2026-08-11,32,JAWA BARAT,32.78,KOTA TASIKMALAYA,32.78.09,BUNGURSARI,32.78.09.1005,CIBUNIGEULIS,46139,46151,46139,exact_match,true,false,CIBUNIGEULIS,1,1,https://kodepos.posindonesia.co.id/CariKodepos,Rate-limited internal observation; exact hierarchy match; requires adjudication before promotion.
pos_indonesia_postcode_search,2026-08-11,32,JAWA BARAT,32.78,KOTA TASIKMALAYA,32.78.09,BUNGURSARI,32.78.09.1006,BANTARSARI,46139,46151,46139,exact_match,true,false,BANTARSARI,14,1,https://kodepos.posindonesia.co.id/CariKodepos,Rate-limited internal observation; exact hierarchy match; requires adjudication before promotion.
pos_indonesia_postcode_search,2026-08-11,32,JAWA BARAT,32.78,KOTA TASIKMALAYA,32.78.09,BUNGURSARI,32.78.09.1007,SUKALAKSANA,46138,46151,46139,exact_match,false,false,SUKALAKSANA,8,1,https://kodepos.posindonesia.co.id/CariKodepos,Rate-limited internal observation; exact hierarchy match; requires adjudication before promotion.
pos_indonesia_postcode_search,2026-08-11,32,JAWA BARAT,32.79,KOTA BANJAR,32.79.01,BANJAR,32.79.01.1001,BANJAR,46311,46311,46311,exact_match,true,true,BANJAR,1176,1,https://kodepos.posindonesia.co.id/CariKodepos,Rate-limited internal observation; exact hierarchy match; requires adjudication before promotion.
pos_indonesia_postcode_search,2026-08-11,32,JAWA BARAT,32.79,KOTA BANJAR,32.79.01,BANJAR,32.79.01.1002,MEKARSARI,46317,46321,46317,exact_match,true,false,MEKARSARI,80,1,https://kodepos.posindonesia.co.id/CariKodepos,Rate-limited internal observation; exact hierarchy match; requires adjudication before promotion.
pos_indonesia_postcode_search,2026-08-11,32,JAWA BARAT,32.79,KOTA BANJAR,32.79.01,BANJAR,32.79.01.2007,JAJAWAR,46318,46317,46318,exact_match,true,false,JAJAWAR,1,1,https://kodepos.posindonesia.co.id/CariKodepos,Rate-limited internal observation; exact hierarchy match; requires adjudication before promotion.
pos_indonesia_postcode_search,2026-08-11,32,JAWA BARAT,32.79,KOTA BANJAR,32.79.02,PATARUMAN,32.79.02.2003,MULYASARI,46328,46335,46328,exact_match,true,false,MULYASARI,18,1,https://kodepos.posindonesia.co.id/CariKodepos,Rate-limited internal observation; exact hierarchy match; requires adjudication before promotion.
pos_indonesia_postcode_search,2026-08-11,32,JAWA BARAT,32.79,KOTA BANJAR,32.79.02,PATARUMAN,32.79.02.2006,BINANGUN,46322,46316,46322,exact_match,true,false,BINANGUN,86,1,https://kodepos.posindonesia.co.id/CariKodepos,Rate-limited internal observation; exact hierarchy match; requires adjudication before promotion.
pos_indonesia_postcode_search,2026-08-11,32,JAWA BARAT,32.79,KOTA BANJAR,32.79.02,PATARUMAN,32.79.02.2007,SUKAMUKTI,46329,46323,46329,exact_match,true,false,SUKAMUKTI,19,1,https://kodepos.posindonesia.co.id/CariKodepos,Rate-limited internal observation; exact hierarchy match; requires adjudication before promotion.
pos_indonesia_postcode_search,2026-08-11,32,JAWA BARAT,32.79,KOTA BANJAR,32.79.02,PATARUMAN,32.79.02.2008,SINARTANJUNG,46329,46323,46329,exact_match,true,false,SINARTANJUNG,1,1,https://kodepos.posindonesia.co.id/CariKodepos,Rate-limited internal observation; exact hierarchy match; requires adjudication before promotion.
pos_indonesia_postcode_search,2026-08-11,32,JAWA BARAT,32.79,KOTA BANJAR,32.79.04,LANGENSARI,32.79.04.1005,BOJONGKANTONG,46346,46325,46346,exact_match,true,false,BOJONGKANTONG,1,1,https://kodepos.posindonesia.co.id/CariKodepos,Rate-limited internal observation; exact hierarchy match; requires adjudication before promotion.
pos_indonesia_postcode_search,2026-08-11,32,JAWA BARAT,32.79,KOTA BANJAR,32.79.04,LANGENSARI,32.79.04.2001,LANGENSARI,46341,46324,46341,exact_match,true,false,LANGENSARI,17,1,https://kodepos.posindonesia.co.id/CariKodepos,Rate-limited internal observation; exact hierarchy match; requires adjudication before promotion.
pos_indonesia_postcode_search,2026-08-11,32,JAWA BARAT,32.79,KOTA BANJAR,32.79.04,LANGENSARI,32.79.04.2006,KUJANGSARI,46345,46324,46345,exact_match,true,false,KUJANGSARI,4,1,https://kodepos.posindonesia.co.id/CariKodepos,Rate-limited internal observation; exact hierarchy match; requires adjudication before promotion.
