village_code,province_code,province_name,city_code,city_name,district_code,district_name,village_name,postal_code
32.01.01.1001,32,JAWA BARAT,32.01,KAB. BOGOR,32.01.01,CIBINONG,PONDOK RAJEG,16913
32.01.01.1002,32,JAWA BARAT,32.01,KAB. BOGOR,32.01.01,CIBINONG,KARADENAN,16913
32.01.01.1003,32,JAWA BARAT,32.01,KAB. BOGOR,32.01.01,CIBINONG,HARAPANJAYA,16914
32.01.01.1004,32,JAWA BARAT,32.01,KAB. BOGOR,32.01.01,CIBINONG,NANGGEWER,16912
32.01.01.1005,32,JAWA BARAT,32.01,KAB. BOGOR,32.01.01,CIBINONG,NANGGEWER MEKAR,16912
32.01.01.1006,32,JAWA BARAT,32.01,KAB. BOGOR,32.01.01,CIBINONG,CIBINONG,16911
32.01.01.1007,32,JAWA BARAT,32.01,KAB. BOGOR,32.01.01,CIBINONG,PAKANSARI,16915
32.01.01.1008,32,JAWA BARAT,32.01,KAB. BOGOR,32.01.01,CIBINONG,TENGAH,16914
32.01.01.1009,32,JAWA BARAT,32.01,KAB. BOGOR,32.01.01,CIBINONG,SUKAHATI,16913
32.01.01.1010,32,JAWA BARAT,32.01,KAB. BOGOR,32.01.01,CIBINONG,CIRIUNG,16919
32.01.01.1011,32,JAWA BARAT,32.01,KAB. BOGOR,32.01.01,CIBINONG,CIRIMEKAR,16917
32.01.01.1012,32,JAWA BARAT,32.01,KAB. BOGOR,32.01.01,CIBINONG,PABUARAN,16916
32.01.01.1013,32,JAWA BARAT,32.01,KAB. BOGOR,32.01.01,CIBINONG,PABUARAN MEKAR,16916
32.01.02.2001,32,JAWA BARAT,32.01,KAB. BOGOR,32.01.02,GUNUNG PUTRI,WANAHERANG,16965
32.01.02.2002,32,JAWA BARAT,32.01,KAB. BOGOR,32.01.02,GUNUNG PUTRI,BOJONG KULUR,16969
32.01.02.2003,32,JAWA BARAT,32.01,KAB. BOGOR,32.01.02,GUNUNG PUTRI,CIANGSANA,16968
32.01.02.2004,32,JAWA BARAT,32.01,KAB. BOGOR,32.01.02,GUNUNG PUTRI,GUNUNG PUTRI,16961
32.01.02.2005,32,JAWA BARAT,32.01,KAB. BOGOR,32.01.02,GUNUNG PUTRI,BOJONG NANGKA,16963
32.01.02.2006,32,JAWA BARAT,32.01,KAB. BOGOR,32.01.02,GUNUNG PUTRI,TLAJUNG UDIK,16962
32.01.02.2007,32,JAWA BARAT,32.01,KAB. BOGOR,32.01.02,GUNUNG PUTRI,CICADAS,16964
32.01.02.2008,32,JAWA BARAT,32.01,KAB. BOGOR,32.01.02,GUNUNG PUTRI,CIKEAS UDIK,16966
32.01.02.2009,32,JAWA BARAT,32.01,KAB. BOGOR,32.01.02,GUNUNG PUTRI,NAGRAK,16967
32.01.02.2010,32,JAWA BARAT,32.01,KAB. BOGOR,32.01.02,GUNUNG PUTRI,KARANGGAN,16961
32.01.03.1006,32,JAWA BARAT,32.01,KAB. BOGOR,32.01.03,CITEUREUP,PUSPANEGARA,16811
32.01.03.1007,32,JAWA BARAT,32.01,KAB. BOGOR,32.01.03,CITEUREUP,KARANG ASEM BARAT,16812
32.01.03.2001,32,JAWA BARAT,32.01,KAB. BOGOR,32.01.03,CITEUREUP,PUSPASARI,16811
32.01.03.2002,32,JAWA BARAT,32.01,KAB. BOGOR,32.01.03,CITEUREUP,CITEUREUP,16811
32.01.03.2003,32,JAWA BARAT,32.01,KAB. BOGOR,32.01.03,CITEUREUP,LEUWINUTUG,16813
32.01.03.2004,32,JAWA BARAT,32.01,KAB. BOGOR,32.01.03,CITEUREUP,TAJUR,16817
32.01.03.2005,32,JAWA BARAT,32.01,KAB. BOGOR,32.01.03,CITEUREUP,SANJA,16814
32.01.03.2008,32,JAWA BARAT,32.01,KAB. BOGOR,32.01.03,CITEUREUP,KARANG ASEM TIMUR,16812
32.01.03.2009,32,JAWA BARAT,32.01,KAB. BOGOR,32.01.03,CITEUREUP,TARIKOLOT,16819
32.01.03.2010,32,JAWA BARAT,32.01,KAB. BOGOR,32.01.03,CITEUREUP,GUNUNGSARI,16819
32.01.03.2011,32,JAWA BARAT,32.01,KAB. BOGOR,32.01.03,CITEUREUP,TANGKIL,16815
32.01.03.2012,32,JAWA BARAT,32.01,KAB. BOGOR,32.01.03,CITEUREUP,SUKAHATI,16814
32.01.03.2013,32,JAWA BARAT,32.01,KAB. BOGOR,32.01.03,CITEUREUP,HAMBALANG,16816
32.01.03.2014,32,JAWA BARAT,32.01,KAB. BOGOR,32.01.03,CITEUREUP,PASIRMUKTI,16818
32.01.04.2001,32,JAWA BARAT,32.01,KAB. BOGOR,32.01.04,SUKARAJA,GUNUNGGEULIS,16713
32.01.04.2002,32,JAWA BARAT,32.01,KAB. BOGOR,32.01.04,SUKARAJA,CILEBUT TIMUR,16718
32.01.04.2003,32,JAWA BARAT,32.01,KAB. BOGOR,32.01.04,SUKARAJA,CILEBUT BARAT,16718
32.01.04.2004,32,JAWA BARAT,32.01,KAB. BOGOR,32.01.04,SUKARAJA,CIBANON,16712
32.01.04.2005,32,JAWA BARAT,32.01,KAB. BOGOR,32.01.04,SUKARAJA,NAGRAK,16714
32.01.04.2006,32,JAWA BARAT,32.01,KAB. BOGOR,32.01.04,SUKARAJA,SUKATANI,16719
32.01.04.2007,32,JAWA BARAT,32.01,KAB. BOGOR,32.01.04,SUKARAJA,SUKARAJA,16711
32.01.04.2008,32,JAWA BARAT,32.01,KAB. BOGOR,32.01.04,SUKARAJA,CIKEAS,16714
32.01.04.2009,32,JAWA BARAT,32.01,KAB. BOGOR,32.01.04,SUKARAJA,PASIR JAMBU,16717
32.01.04.2010,32,JAWA BARAT,32.01,KAB. BOGOR,32.01.04,SUKARAJA,CIMANDALA,16716
32.01.04.2011,32,JAWA BARAT,32.01,KAB. BOGOR,32.01.04,SUKARAJA,CIJUJUNG,16716
32.01.04.2012,32,JAWA BARAT,32.01,KAB. BOGOR,32.01.04,SUKARAJA,CADASNGAMPAR,16714
32.01.04.2013,32,JAWA BARAT,32.01,KAB. BOGOR,32.01.04,SUKARAJA,PASIRLAJA,16715
32.01.05.2001,32,JAWA BARAT,32.01,KAB. BOGOR,32.01.05,BABAKAN MADANG,CIJAYANTI,16864
32.01.05.2002,32,JAWA BARAT,32.01,KAB. BOGOR,32.01.05,BABAKAN MADANG,SUMURBATU,16866
32.01.05.2003,32,JAWA BARAT,32.01,KAB. BOGOR,32.01.05,BABAKAN MADANG,SENTUL,16863
32.01.05.2004,32,JAWA BARAT,32.01,KAB. BOGOR,32.01.05,BABAKAN MADANG,KARANGTENGAH,16867
32.01.05.2005,32,JAWA BARAT,32.01,KAB. BOGOR,32.01.05,BABAKAN MADANG,CIPAMBUAN,16869
32.01.05.2006,32,JAWA BARAT,32.01,KAB. BOGOR,32.01.05,BABAKAN MADANG,KADUMANGGU,16868
32.01.05.2007,32,JAWA BARAT,32.01,KAB. BOGOR,32.01.05,BABAKAN MADANG,CITARINGGUL,16862
32.01.05.2008,32,JAWA BARAT,32.01,KAB. BOGOR,32.01.05,BABAKAN MADANG,BABAKAN MADANG,16861
32.01.05.2009,32,JAWA BARAT,32.01,KAB. BOGOR,32.01.05,BABAKAN MADANG,BOJONG KONENG,16865
32.01.06.2001,32,JAWA BARAT,32.01,KAB. BOGOR,32.01.06,JONGGOL,SUKAMAJU,16832
32.01.06.2002,32,JAWA BARAT,32.01,KAB. BOGOR,32.01.06,JONGGOL,SIRNAGALIH,16839
32.01.06.2003,32,JAWA BARAT,32.01,KAB. BOGOR,32.01.06,JONGGOL,SINGAJAYA,16834
32.01.06.2004,32,JAWA BARAT,32.01,KAB. BOGOR,32.01.06,JONGGOL,SUKASIRNA,16837
32.01.06.2005,32,JAWA BARAT,32.01,KAB. BOGOR,32.01.06,JONGGOL,SUKANEGARA,16836
32.01.06.2006,32,JAWA BARAT,32.01,KAB. BOGOR,32.01.06,JONGGOL,SUKAMANAH,16832
32.01.06.2007,32,JAWA BARAT,32.01,KAB. BOGOR,32.01.06,JONGGOL,WENINGGALIH,16839
32.01.06.2008,32,JAWA BARAT,32.01,KAB. BOGOR,32.01.06,JONGGOL,CIBODAS,16835
32.01.06.2009,32,JAWA BARAT,32.01,KAB. BOGOR,32.01.06,JONGGOL,JONGGOL,16831
32.01.06.2010,32,JAWA BARAT,32.01,KAB. BOGOR,32.01.06,JONGGOL,BENDUNGAN,16838
32.01.06.2011,32,JAWA BARAT,32.01,KAB. BOGOR,32.01.06,JONGGOL,SINGASARI,16833
32.01.06.2012,32,JAWA BARAT,32.01,KAB. BOGOR,32.01.06,JONGGOL,BALEKAMBANG,16837
32.01.06.2013,32,JAWA BARAT,32.01,KAB. BOGOR,32.01.06,JONGGOL,SUKAJAYA,16836
32.01.06.2014,32,JAWA BARAT,32.01,KAB. BOGOR,32.01.06,JONGGOL,SUKAGALIH,16839
32.01.07.2001,32,JAWA BARAT,32.01,KAB. BOGOR,32.01.07,CILEUNGSI,PASIRANGIN,16828
32.01.07.2002,32,JAWA BARAT,32.01,KAB. BOGOR,32.01.07,CILEUNGSI,MEKARSARI,16826
32.01.07.2003,32,JAWA BARAT,32.01,KAB. BOGOR,32.01.07,CILEUNGSI,MAMPIR,16823
32.01.07.2004,32,JAWA BARAT,32.01,KAB. BOGOR,32.01.07,CILEUNGSI,DAYEUH,16822
32.01.07.2005,32,JAWA BARAT,32.01,KAB. BOGOR,32.01.07,CILEUNGSI,GANDOANG,16824
32.01.07.2006,32,JAWA BARAT,32.01,KAB. BOGOR,32.01.07,CILEUNGSI,JATISARI,16825
32.01.07.2007,32,JAWA BARAT,32.01,KAB. BOGOR,32.01.07,CILEUNGSI,CILEUNGSI KIDUL,16821
32.01.07.2008,32,JAWA BARAT,32.01,KAB. BOGOR,32.01.07,CILEUNGSI,CIPEUCANG,16825
32.01.07.2009,32,JAWA BARAT,32.01,KAB. BOGOR,32.01.07,CILEUNGSI,SITUSARI,16824
32.01.07.2010,32,JAWA BARAT,32.01,KAB. BOGOR,32.01.07,CILEUNGSI,CIPENJO,16827
32.01.07.2011,32,JAWA BARAT,32.01,KAB. BOGOR,32.01.07,CILEUNGSI,LIMUSNUNGGAL,16829
32.01.07.2012,32,JAWA BARAT,32.01,KAB. BOGOR,32.01.07,CILEUNGSI,CILEUNGSI,16821
32.01.08.2001,32,JAWA BARAT,32.01,KAB. BOGOR,32.01.08,CARIU,KARYAMEKAR,16843
32.01.08.2002,32,JAWA BARAT,32.01,KAB. BOGOR,32.01.08,CARIU,BABAKANRADEN,16848
32.01.08.2003,32,JAWA BARAT,32.01,KAB. BOGOR,32.01.08,CARIU,CIKUTAMAHI,16845
32.01.08.2004,32,JAWA BARAT,32.01,KAB. BOGOR,32.01.08,CARIU,KUTAMEKAR,16846
32.01.08.2005,32,JAWA BARAT,32.01,KAB. BOGOR,32.01.08,CARIU,CARIU,16841
32.01.08.2006,32,JAWA BARAT,32.01,KAB. BOGOR,32.01.08,CARIU,MEKARWANGI,16842
32.01.08.2007,32,JAWA BARAT,32.01,KAB. BOGOR,32.01.08,CARIU,BANTARKUNING,16844
32.01.08.2008,32,JAWA BARAT,32.01,KAB. BOGOR,32.01.08,CARIU,SUKAJADI,16847
32.01.08.2009,32,JAWA BARAT,32.01,KAB. BOGOR,32.01.08,CARIU,TEGALPANJANG,16849
32.01.08.2010,32,JAWA BARAT,32.01,KAB. BOGOR,32.01.08,CARIU,CIBATUTIGA,16844
32.01.09.2001,32,JAWA BARAT,32.01,KAB. BOGOR,32.01.09,SUKAMAKMUR,WARGAJAYA,16883
32.01.09.2002,32,JAWA BARAT,32.01,KAB. BOGOR,32.01.09,SUKAMAKMUR,PABUARAN,16888
32.01.09.2003,32,JAWA BARAT,32.01,KAB. BOGOR,32.01.09,SUKAMAKMUR,SUKADAMAI,16886
32.01.09.2004,32,JAWA BARAT,32.01,KAB. BOGOR,32.01.09,SUKAMAKMUR,SUKAWANGI,16884
32.01.09.2005,32,JAWA BARAT,32.01,KAB. BOGOR,32.01.09,SUKAMAKMUR,CIBADAK,16882
32.01.09.2006,32,JAWA BARAT,32.01,KAB. BOGOR,32.01.09,SUKAMAKMUR,SUKARESMI,16887
32.01.09.2007,32,JAWA BARAT,32.01,KAB. BOGOR,32.01.09,SUKAMAKMUR,SUKAMULYA,16889
32.01.09.2008,32,JAWA BARAT,32.01,KAB. BOGOR,32.01.09,SUKAMAKMUR,SUKAHARJA,16885
32.01.09.2009,32,JAWA BARAT,32.01,KAB. BOGOR,32.01.09,SUKAMAKMUR,SIRNAJAYA,16883
32.01.09.2010,32,JAWA BARAT,32.01,KAB. BOGOR,32.01.09,SUKAMAKMUR,SUKAMAKMUR,16881
32.01.10.2001,32,JAWA BARAT,32.01,KAB. BOGOR,32.01.10,PARUNG,PARUNG,16331
32.01.10.2002,32,JAWA BARAT,32.01,KAB. BOGOR,32.01.10,PARUNG,IWUL,16337
32.01.10.2003,32,JAWA BARAT,32.01,KAB. BOGOR,32.01.10,PARUNG,BOJONGSEMPU,16336
32.01.10.2004,32,JAWA BARAT,32.01,KAB. BOGOR,32.01.10,PARUNG,WARU,16336
32.01.10.2005,32,JAWA BARAT,32.01,KAB. BOGOR,32.01.10,PARUNG,COGREG,16334
32.01.10.2006,32,JAWA BARAT,32.01,KAB. BOGOR,32.01.10,PARUNG,PAMEGARSARI,16339
32.01.10.2007,32,JAWA BARAT,32.01,KAB. BOGOR,32.01.10,PARUNG,WARUJAYA,16333
32.01.10.2008,32,JAWA BARAT,32.01,KAB. BOGOR,32.01.10,PARUNG,BOJONGINDAH,16335
32.01.10.2009,32,JAWA BARAT,32.01,KAB. BOGOR,32.01.10,PARUNG,JABONMEKAR,16338
32.01.11.2001,32,JAWA BARAT,32.01,KAB. BOGOR,32.01.11,GUNUNG SINDUR,CIDOKOM,16343
32.01.11.2002,32,JAWA BARAT,32.01,KAB. BOGOR,32.01.11,GUNUNG SINDUR,PADURENAN,16345
32.01.11.2003,32,JAWA BARAT,32.01,KAB. BOGOR,32.01.11,GUNUNG SINDUR,PENGASINAN,16348
32.01.11.2004,32,JAWA BARAT,32.01,KAB. BOGOR,32.01.11,GUNUNG SINDUR,CURUG,16344
32.01.11.2005,32,JAWA BARAT,32.01,KAB. BOGOR,32.01.11,GUNUNG SINDUR,GUNUNGSINDUR,16341
32.01.11.2006,32,JAWA BARAT,32.01,KAB. BOGOR,32.01.11,GUNUNG SINDUR,JAMPANG,16342
32.01.11.2007,32,JAWA BARAT,32.01,KAB. BOGOR,32.01.11,GUNUNG SINDUR,CIBADUNG,16343
32.01.11.2008,32,JAWA BARAT,32.01,KAB. BOGOR,32.01.11,GUNUNG SINDUR,CIBINONG,16346
32.01.11.2009,32,JAWA BARAT,32.01,KAB. BOGOR,32.01.11,GUNUNG SINDUR,RAWAKALONG,16347
32.01.11.2010,32,JAWA BARAT,32.01,KAB. BOGOR,32.01.11,GUNUNG SINDUR,PABUARAN,16349
32.01.12.1006,32,JAWA BARAT,32.01,KAB. BOGOR,32.01.12,KEMANG,ATANG SENJAYA,16318
32.01.12.2001,32,JAWA BARAT,32.01,KAB. BOGOR,32.01.12,KEMANG,BOJONG,16316
32.01.12.2002,32,JAWA BARAT,32.01,KAB. BOGOR,32.01.12,KEMANG,PARAKANJAYA,16319
32.01.12.2003,32,JAWA BARAT,32.01,KAB. BOGOR,32.01.12,KEMANG,KEMANG,16311
32.01.12.2004,32,JAWA BARAT,32.01,KAB. BOGOR,32.01.12,KEMANG,PABUARAN,16312
32.01.12.2005,32,JAWA BARAT,32.01,KAB. BOGOR,32.01.12,KEMANG,SEMPLAK BARAT,16317
32.01.12.2007,32,JAWA BARAT,32.01,KAB. BOGOR,32.01.12,KEMANG,JAMPANG,16314
32.01.12.2008,32,JAWA BARAT,32.01,KAB. BOGOR,32.01.12,KEMANG,PONDOK UDIK,16313
32.01.12.2009,32,JAWA BARAT,32.01,KAB. BOGOR,32.01.12,KEMANG,TEGAL,16315
32.01.13.1007,32,JAWA BARAT,32.01,KAB. BOGOR,32.01.13,BOJONG GEDE,PABUARAN,16921
32.01.13.2001,32,JAWA BARAT,32.01,KAB. BOGOR,32.01.13,BOJONG GEDE,BOJONGBARU,16926
32.01.13.2002,32,JAWA BARAT,32.01,KAB. BOGOR,32.01.13,BOJONG GEDE,CIMANGGIS,16924
32.01.13.2003,32,JAWA BARAT,32.01,KAB. BOGOR,32.01.13,BOJONG GEDE,SUSUKAN,16929
32.01.13.2004,32,JAWA BARAT,32.01,KAB. BOGOR,32.01.13,BOJONG GEDE,RAGAJAYA,16928
32.01.13.2005,32,JAWA BARAT,32.01,KAB. BOGOR,32.01.13,BOJONG GEDE,KEDUNGWARINGIN,16923
32.01.13.2006,32,JAWA BARAT,32.01,KAB. BOGOR,32.01.13,BOJONG GEDE,WARINGINJAYA,16925
32.01.13.2008,32,JAWA BARAT,32.01,KAB. BOGOR,32.01.13,BOJONG GEDE,RAWAPANJANG,16927
32.01.13.2009,32,JAWA BARAT,32.01,KAB. BOGOR,32.01.13,BOJONG GEDE,BOJONGGEDE,16922
32.01.14.2001,32,JAWA BARAT,32.01,KAB. BOGOR,32.01.14,LEUWILIANG,LEUWILIANG,16641
32.01.14.2002,32,JAWA BARAT,32.01,KAB. BOGOR,32.01.14,LEUWILIANG,PURASARI,16644
32.01.14.2003,32,JAWA BARAT,32.01,KAB. BOGOR,32.01.14,LEUWILIANG,KARYASARI,16646
32.01.14.2004,32,JAWA BARAT,32.01,KAB. BOGOR,32.01.14,LEUWILIANG,PABANGBON,16643
32.01.14.2005,32,JAWA BARAT,32.01,KAB. BOGOR,32.01.14,LEUWILIANG,KARACAK,16646
32.01.14.2006,32,JAWA BARAT,32.01,KAB. BOGOR,32.01.14,LEUWILIANG,BARENGKOK,16647
32.01.14.2007,32,JAWA BARAT,32.01,KAB. BOGOR,32.01.14,LEUWILIANG,LEUWIMEKAR,16648
32.01.14.2008,32,JAWA BARAT,32.01,KAB. BOGOR,32.01.14,LEUWILIANG,PURASEDA,16645
32.01.14.2009,32,JAWA BARAT,32.01,KAB. BOGOR,32.01.14,LEUWILIANG,CIBEBER I,16642
32.01.14.2010,32,JAWA BARAT,32.01,KAB. BOGOR,32.01.14,LEUWILIANG,CIBEBER II,16642
32.01.14.2011,32,JAWA BARAT,32.01,KAB. BOGOR,32.01.14,LEUWILIANG,KAREHKEL,16649
32.01.15.2001,32,JAWA BARAT,32.01,KAB. BOGOR,32.01.15,CIAMPEA,CIAMPEA,16625
32.01.15.2002,32,JAWA BARAT,32.01,KAB. BOGOR,32.01.15,CIAMPEA,CINANGKA,16626
32.01.15.2003,32,JAWA BARAT,32.01,KAB. BOGOR,32.01.15,CIAMPEA,CIHIDEUNGUDIK,16627
32.01.15.2004,32,JAWA BARAT,32.01,KAB. BOGOR,32.01.15,CIAMPEA,BOJONGJENGKOL,16623
32.01.15.2005,32,JAWA BARAT,32.01,KAB. BOGOR,32.01.15,CIAMPEA,TEGALWARU,16623
32.01.15.2006,32,JAWA BARAT,32.01,KAB. BOGOR,32.01.15,CIAMPEA,CIBUNTU,16624
32.01.15.2007,32,JAWA BARAT,32.01,KAB. BOGOR,32.01.15,CIAMPEA,CICADAS,16622
32.01.15.2008,32,JAWA BARAT,32.01,KAB. BOGOR,32.01.15,CIAMPEA,CIBADAK,16628
32.01.15.2009,32,JAWA BARAT,32.01,KAB. BOGOR,32.01.15,CIAMPEA,BOJONGRANGKAS,16621
32.01.15.2010,32,JAWA BARAT,32.01,KAB. BOGOR,32.01.15,CIAMPEA,CIHIDEUNGHILIR,16627
32.01.15.2011,32,JAWA BARAT,32.01,KAB. BOGOR,32.01.15,CIAMPEA,CIBANTENG,16628
32.01.15.2012,32,JAWA BARAT,32.01,KAB. BOGOR,32.01.15,CIAMPEA,BENTENG,16629
32.01.15.2013,32,JAWA BARAT,32.01,KAB. BOGOR,32.01.15,CIAMPEA,CIAMPEA UDIK,16625
32.01.16.2001,32,JAWA BARAT,32.01,KAB. BOGOR,32.01.16,CIBUNGBULANG,SITU UDIK,16636
32.01.16.2002,32,JAWA BARAT,32.01,KAB. BOGOR,32.01.16,CIBUNGBULANG,SITU ILIR,16636
32.01.16.2003,32,JAWA BARAT,32.01,KAB. BOGOR,32.01.16,CIBUNGBULANG,CEMPLANG,16633
32.01.16.2004,32,JAWA BARAT,32.01,KAB. BOGOR,32.01.16,CIBUNGBULANG,CIBATOK I,16630
32.01.16.2005,32,JAWA BARAT,32.01,KAB. BOGOR,32.01.16,CIBUNGBULANG,CIARUTEUN UDIK,16637
32.01.16.2006,32,JAWA BARAT,32.01,KAB. BOGOR,32.01.16,CIBUNGBULANG,LEUWEUNGKOLOT,16638
32.01.16.2007,32,JAWA BARAT,32.01,KAB. BOGOR,32.01.16,CIBUNGBULANG,CIMANGGU I,16630
32.01.16.2008,32,JAWA BARAT,32.01,KAB. BOGOR,32.01.16,CIBUNGBULANG,CIMANGGU II,16630
32.01.16.2009,32,JAWA BARAT,32.01,KAB. BOGOR,32.01.16,CIBUNGBULANG,DUKUH,16632
32.01.16.2010,32,JAWA BARAT,32.01,KAB. BOGOR,32.01.16,CIBUNGBULANG,CIJUJUNG,16639
32.01.16.2011,32,JAWA BARAT,32.01,KAB. BOGOR,32.01.16,CIBUNGBULANG,CIARUTEUN ILIR,16637
32.01.16.2012,32,JAWA BARAT,32.01,KAB. BOGOR,32.01.16,CIBUNGBULANG,CIBATOK II,16630
32.01.16.2013,32,JAWA BARAT,32.01,KAB. BOGOR,32.01.16,CIBUNGBULANG,SUKAMAJU,16634
32.01.16.2014,32,JAWA BARAT,32.01,KAB. BOGOR,32.01.16,CIBUNGBULANG,GALUGA,16632
32.01.16.2015,32,JAWA BARAT,32.01,KAB. BOGOR,32.01.16,CIBUNGBULANG,GIRIMULYA,16638
32.01.17.2001,32,JAWA BARAT,32.01,KAB. BOGOR,32.01.17,PAMIJAHAN,PURWABAKTI,16694
32.01.17.2002,32,JAWA BARAT,32.01,KAB. BOGOR,32.01.17,PAMIJAHAN,CIBUNIAN,16693
32.01.17.2003,32,JAWA BARAT,32.01,KAB. BOGOR,32.01.17,PAMIJAHAN,CIBITUNGWETAN,16692
32.01.17.2004,32,JAWA BARAT,32.01,KAB. BOGOR,32.01.17,PAMIJAHAN,GUNUNGMENYAN,16699
32.01.17.2005,32,JAWA BARAT,32.01,KAB. BOGOR,32.01.17,PAMIJAHAN,GUNUNGBUNDER II,16697
32.01.17.2006,32,JAWA BARAT,32.01,KAB. BOGOR,32.01.17,PAMIJAHAN,PASAREAN,16699
32.01.17.2007,32,JAWA BARAT,32.01,KAB. BOGOR,32.01.17,PAMIJAHAN,CIMAYANG,16698
32.01.17.2008,32,JAWA BARAT,32.01,KAB. BOGOR,32.01.17,PAMIJAHAN,PAMIJAHAN,16691
32.01.17.2009,32,JAWA BARAT,32.01,KAB. BOGOR,32.01.17,PAMIJAHAN,CIBENING,16698
32.01.17.2010,32,JAWA BARAT,32.01,KAB. BOGOR,32.01.17,PAMIJAHAN,GUNUNGBUNDER I,16697
32.01.17.2011,32,JAWA BARAT,32.01,KAB. BOGOR,32.01.17,PAMIJAHAN,CIBITUNG KULON,16692
32.01.17.2012,32,JAWA BARAT,32.01,KAB. BOGOR,32.01.17,PAMIJAHAN,GUNUNG PICUNG,16696
32.01.17.2013,32,JAWA BARAT,32.01,KAB. BOGOR,32.01.17,PAMIJAHAN,CIASIHAN,16695
32.01.17.2014,32,JAWA BARAT,32.01,KAB. BOGOR,32.01.17,PAMIJAHAN,GUNUNGSARI,16696
32.01.17.2015,32,JAWA BARAT,32.01,KAB. BOGOR,32.01.17,PAMIJAHAN,CIASMARA,16695
32.01.18.2001,32,JAWA BARAT,32.01,KAB. BOGOR,32.01.18,RUMPIN,RUMPIN,16351
32.01.18.2002,32,JAWA BARAT,32.01,KAB. BOGOR,32.01.18,RUMPIN,LEUWIBATU,16357
32.01.18.2003,32,JAWA BARAT,32.01,KAB. BOGOR,32.01.18,RUMPIN,CIDOKOM,16358
32.01.18.2004,32,JAWA BARAT,32.01,KAB. BOGOR,32.01.18,RUMPIN,GOBANG,16358
32.01.18.2005,32,JAWA BARAT,32.01,KAB. BOGOR,32.01.18,RUMPIN,CIBODAS,16359
32.01.18.2006,32,JAWA BARAT,32.01,KAB. BOGOR,32.01.18,RUMPIN,RABAK,16356
32.01.18.2007,32,JAWA BARAT,32.01,KAB. BOGOR,32.01.18,RUMPIN,KAMPUNGSAWAH,16355
32.01.18.2008,32,JAWA BARAT,32.01,KAB. BOGOR,32.01.18,RUMPIN,CIPINANG,16355
32.01.18.2009,32,JAWA BARAT,32.01,KAB. BOGOR,32.01.18,RUMPIN,SUKASARI,16352
32.01.18.2010,32,JAWA BARAT,32.01,KAB. BOGOR,32.01.18,RUMPIN,TAMANSARI,16352
32.01.18.2011,32,JAWA BARAT,32.01,KAB. BOGOR,32.01.18,RUMPIN,KERTAJAYA,16353
32.01.18.2012,32,JAWA BARAT,32.01,KAB. BOGOR,32.01.18,RUMPIN,SUKAMULYA,16353
32.01.18.2013,32,JAWA BARAT,32.01,KAB. BOGOR,32.01.18,RUMPIN,MEKARSARI,16354
32.01.18.2014,32,JAWA BARAT,32.01,KAB. BOGOR,32.01.18,RUMPIN,MEKARJAYA,16358
32.01.19.2001,32,JAWA BARAT,32.01,KAB. BOGOR,32.01.19,JASINGA,CURUG,16673
32.01.19.2002,32,JAWA BARAT,32.01,KAB. BOGOR,32.01.19,JASINGA,PANGRADIN,16675
32.01.19.2003,32,JAWA BARAT,32.01,KAB. BOGOR,32.01.19,JASINGA,KALONGSAWAH,16676
32.01.19.2004,32,JAWA BARAT,32.01,KAB. BOGOR,32.01.19,JASINGA,SIPAK,16677
32.01.19.2005,32,JAWA BARAT,32.01,KAB. BOGOR,32.01.19,JASINGA,JASINGA,16671
32.01.19.2006,32,JAWA BARAT,32.01,KAB. BOGOR,32.01.19,JASINGA,KOLEANG,16672
32.01.19.2007,32,JAWA BARAT,32.01,KAB. BOGOR,32.01.19,JASINGA,CIKOPOMAYAK,16679
32.01.19.2008,32,JAWA BARAT,32.01,KAB. BOGOR,32.01.19,JASINGA,SETU,16677
32.01.19.2009,32,JAWA BARAT,32.01,KAB. BOGOR,32.01.19,JASINGA,BARENGKOK,16677
32.01.19.2010,32,JAWA BARAT,32.01,KAB. BOGOR,32.01.19,JASINGA,BAGOANG,16678
32.01.19.2011,32,JAWA BARAT,32.01,KAB. BOGOR,32.01.19,JASINGA,PANGAUR,16678
32.01.19.2012,32,JAWA BARAT,32.01,KAB. BOGOR,32.01.19,JASINGA,PAMAGERSARI,16676
32.01.19.2013,32,JAWA BARAT,32.01,KAB. BOGOR,32.01.19,JASINGA,JUGALA JAYA,16674
32.01.19.2014,32,JAWA BARAT,32.01,KAB. BOGOR,32.01.19,JASINGA,TEGALWANGI,16672
32.01.19.2015,32,JAWA BARAT,32.01,KAB. BOGOR,32.01.19,JASINGA,NEGLASARI,16677
32.01.19.2016,32,JAWA BARAT,32.01,KAB. BOGOR,32.01.19,JASINGA,WIRAJAYA,16673
32.01.20.2001,32,JAWA BARAT,32.01,KAB. BOGOR,32.01.20,PARUNG PANJANG,JAGABAYA,16365
32.01.20.2002,32,JAWA BARAT,32.01,KAB. BOGOR,32.01.20,PARUNG PANJANG,GOROWONG,16366
32.01.20.2003,32,JAWA BARAT,32.01,KAB. BOGOR,32.01.20,PARUNG PANJANG,DAGO,16367
32.01.20.2004,32,JAWA BARAT,32.01,KAB. BOGOR,32.01.20,PARUNG PANJANG,PINGKU,16368
32.01.20.2005,32,JAWA BARAT,32.01,KAB. BOGOR,32.01.20,PARUNG PANJANG,CIKUDA,16369
32.01.20.2006,32,JAWA BARAT,32.01,KAB. BOGOR,32.01.20,PARUNG PANJANG,PARUNGPANJANG,16361
32.01.20.2007,32,JAWA BARAT,32.01,KAB. BOGOR,32.01.20,PARUNG PANJANG,LUMPANG,16363
32.01.20.2008,32,JAWA BARAT,32.01,KAB. BOGOR,32.01.20,PARUNG PANJANG,CIBUNAR,16362
32.01.20.2009,32,JAWA BARAT,32.01,KAB. BOGOR,32.01.20,PARUNG PANJANG,JAGABITA,16362
32.01.20.2010,32,JAWA BARAT,32.01,KAB. BOGOR,32.01.20,PARUNG PANJANG,GINTUNGCILEJET,16364
32.01.20.2011,32,JAWA BARAT,32.01,KAB. BOGOR,32.01.20,PARUNG PANJANG,KABASIRAN,16369
32.01.21.2001,32,JAWA BARAT,32.01,KAB. BOGOR,32.01.21,NANGGUNG,MALASARI,16653
32.01.21.2002,32,JAWA BARAT,32.01,KAB. BOGOR,32.01.21,NANGGUNG,CURUGBITUNG,16655
32.01.21.2003,32,JAWA BARAT,32.01,KAB. BOGOR,32.01.21,NANGGUNG,CISARUA,16652
32.01.21.2004,32,JAWA BARAT,32.01,KAB. BOGOR,32.01.21,NANGGUNG,BANTARKARET,16654
32.01.21.2005,32,JAWA BARAT,32.01,KAB. BOGOR,32.01.21,NANGGUNG,HAMBARO,16656
32.01.21.2006,32,JAWA BARAT,32.01,KAB. BOGOR,32.01.21,NANGGUNG,KALONGLIUD,16656
32.01.21.2007,32,JAWA BARAT,32.01,KAB. BOGOR,32.01.21,NANGGUNG,NANGGUNG,16651
32.01.21.2008,32,JAWA BARAT,32.01,KAB. BOGOR,32.01.21,NANGGUNG,PARAKANMUNCANG,16657
32.01.21.2009,32,JAWA BARAT,32.01,KAB. BOGOR,32.01.21,NANGGUNG,PANGKALJAYA,16659
32.01.21.2010,32,JAWA BARAT,32.01,KAB. BOGOR,32.01.21,NANGGUNG,SUKALUYU,16658
32.01.21.2011,32,JAWA BARAT,32.01,KAB. BOGOR,32.01.21,NANGGUNG,BATU TULIS,16657
32.01.22.2001,32,JAWA BARAT,32.01,KAB. BOGOR,32.01.22,CIGUDEG,SUKAMAJU,16662
32.01.22.2002,32,JAWA BARAT,32.01,KAB. BOGOR,32.01.22,CIGUDEG,CIGUDEG,16661
32.01.22.2003,32,JAWA BARAT,32.01,KAB. BOGOR,32.01.22,CIGUDEG,BUNAR,16669
32.01.22.2004,32,JAWA BARAT,32.01,KAB. BOGOR,32.01.22,CIGUDEG,BANYURESMI,16664
32.01.22.2005,32,JAWA BARAT,32.01,KAB. BOGOR,32.01.22,CIGUDEG,CINTAMANIK,16665
32.01.22.2006,32,JAWA BARAT,32.01,KAB. BOGOR,32.01.22,CIGUDEG,ARGAPURA,16668
32.01.22.2007,32,JAWA BARAT,32.01,KAB. BOGOR,32.01.22,CIGUDEG,BANGUNJAYA,16668
32.01.22.2008,32,JAWA BARAT,32.01,KAB. BOGOR,32.01.22,CIGUDEG,RENGASJAJAR,16667
32.01.22.2009,32,JAWA BARAT,32.01,KAB. BOGOR,32.01.22,CIGUDEG,BATUJAJAR,16667
32.01.22.2010,32,JAWA BARAT,32.01,KAB. BOGOR,32.01.22,CIGUDEG,WARGAJAYA,16665
32.01.22.2011,32,JAWA BARAT,32.01,KAB. BOGOR,32.01.22,CIGUDEG,SUKARAKSA,16663
32.01.22.2012,32,JAWA BARAT,32.01,KAB. BOGOR,32.01.22,CIGUDEG,BANYUWANGI,16664
32.01.22.2013,32,JAWA BARAT,32.01,KAB. BOGOR,32.01.22,CIGUDEG,BANYUASIH,16664
32.01.22.2014,32,JAWA BARAT,32.01,KAB. BOGOR,32.01.22,CIGUDEG,MEKARJAYA,16668
32.01.22.2015,32,JAWA BARAT,32.01,KAB. BOGOR,32.01.22,CIGUDEG,TEGALLEGA,16666
32.01.23.2001,32,JAWA BARAT,32.01,KAB. BOGOR,32.01.23,TENJO,TAPOS,16375
32.01.23.2002,32,JAWA BARAT,32.01,KAB. BOGOR,32.01.23,TENJO,CIOMAS,16376
32.01.23.2003,32,JAWA BARAT,32.01,KAB. BOGOR,32.01.23,TENJO,BATOK,16377
32.01.23.2004,32,JAWA BARAT,32.01,KAB. BOGOR,32.01.23,TENJO,BABAKAN,16374
32.01.23.2005,32,JAWA BARAT,32.01,KAB. BOGOR,32.01.23,TENJO,TENJO,16371
32.01.23.2006,32,JAWA BARAT,32.01,KAB. BOGOR,32.01.23,TENJO,CILAKU,16378
32.01.23.2007,32,JAWA BARAT,32.01,KAB. BOGOR,32.01.23,TENJO,SINGABRAJA,16372
32.01.23.2008,32,JAWA BARAT,32.01,KAB. BOGOR,32.01.23,TENJO,SINGABANGSA,16379
32.01.23.2009,32,JAWA BARAT,32.01,KAB. BOGOR,32.01.23,TENJO,BOJONG,16373
32.01.24.2001,32,JAWA BARAT,32.01,KAB. BOGOR,32.01.24,CIAWI,CILEUNGSI,16725
32.01.24.2002,32,JAWA BARAT,32.01,KAB. BOGOR,32.01.24,CIAWI,CITAPEN,16725
32.01.24.2003,32,JAWA BARAT,32.01,KAB. BOGOR,32.01.24,CIAWI,CIBEDUG,16726
32.01.24.2004,32,JAWA BARAT,32.01,KAB. BOGOR,32.01.24,CIAWI,JAMBULUWUK,16726
32.01.24.2005,32,JAWA BARAT,32.01,KAB. BOGOR,32.01.24,CIAWI,BANJARSARI,16720
32.01.24.2006,32,JAWA BARAT,32.01,KAB. BOGOR,32.01.24,CIAWI,TELUK PINANG,16722
32.01.24.2007,32,JAWA BARAT,32.01,KAB. BOGOR,32.01.24,CIAWI,BANJAR WARU,16723
32.01.24.2008,32,JAWA BARAT,32.01,KAB. BOGOR,32.01.24,CIAWI,BENDUNGAN,16727
32.01.24.2009,32,JAWA BARAT,32.01,KAB. BOGOR,32.01.24,CIAWI,PANDAN SARI,16728
32.01.24.2010,32,JAWA BARAT,32.01,KAB. BOGOR,32.01.24,CIAWI,BOJONG MURNI,16729
32.01.24.2011,32,JAWA BARAT,32.01,KAB. BOGOR,32.01.24,CIAWI,BANJAR WANGI,16723
32.01.24.2012,32,JAWA BARAT,32.01,KAB. BOGOR,32.01.24,CIAWI,CIAWI,16721
32.01.24.2013,32,JAWA BARAT,32.01,KAB. BOGOR,32.01.24,CIAWI,BITUNGSARI,16724
32.01.25.1010,32,JAWA BARAT,32.01,KAB. BOGOR,32.01.25,CISARUA,CISARUA,16759
32.01.25.2001,32,JAWA BARAT,32.01,KAB. BOGOR,32.01.25,CISARUA,BATULAYANG,16755
32.01.25.2002,32,JAWA BARAT,32.01,KAB. BOGOR,32.01.25,CISARUA,JOGJOGAN,16756
32.01.25.2003,32,JAWA BARAT,32.01,KAB. BOGOR,32.01.25,CISARUA,CIBEUREUM,16753
32.01.25.2004,32,JAWA BARAT,32.01,KAB. BOGOR,32.01.25,CISARUA,CILEMBER,16757
32.01.25.2005,32,JAWA BARAT,32.01,KAB. BOGOR,32.01.25,CISARUA,CITEKO,16752
32.01.25.2006,32,JAWA BARAT,32.01,KAB. BOGOR,32.01.25,CISARUA,TUGU SELATAN,16754
32.01.25.2007,32,JAWA BARAT,32.01,KAB. BOGOR,32.01.25,CISARUA,LEUWIMALANG,16751
32.01.25.2008,32,JAWA BARAT,32.01,KAB. BOGOR,32.01.25,CISARUA,KOPO,16758
32.01.25.2009,32,JAWA BARAT,32.01,KAB. BOGOR,32.01.25,CISARUA,TUGU UTARA,16754
32.01.26.2001,32,JAWA BARAT,32.01,KAB. BOGOR,32.01.26,MEGAMENDUNG,SUKAMAJU,16775
32.01.26.2002,32,JAWA BARAT,32.01,KAB. BOGOR,32.01.26,MEGAMENDUNG,KUTA,16779
32.01.26.2003,32,JAWA BARAT,32.01,KAB. BOGOR,32.01.26,MEGAMENDUNG,GADOG,16773
32.01.26.2004,32,JAWA BARAT,32.01,KAB. BOGOR,32.01.26,MEGAMENDUNG,SUKAKARYA,16774
32.01.26.2005,32,JAWA BARAT,32.01,KAB. BOGOR,32.01.26,MEGAMENDUNG,MEGAMENDUNG,16771
32.01.26.2006,32,JAWA BARAT,32.01,KAB. BOGOR,32.01.26,MEGAMENDUNG,CIPAYUNG DATAR,16772
32.01.26.2007,32,JAWA BARAT,32.01,KAB. BOGOR,32.01.26,MEGAMENDUNG,SUKAMANAH,16777
32.01.26.2008,32,JAWA BARAT,32.01,KAB. BOGOR,32.01.26,MEGAMENDUNG,SUKAGALIH,16776
32.01.26.2009,32,JAWA BARAT,32.01,KAB. BOGOR,32.01.26,MEGAMENDUNG,CIPAYUNG GIRANG,16772
32.01.26.2010,32,JAWA BARAT,32.01,KAB. BOGOR,32.01.26,MEGAMENDUNG,SUKAMAHI,16774
32.01.26.2011,32,JAWA BARAT,32.01,KAB. BOGOR,32.01.26,MEGAMENDUNG,SUKARESMI,16778
32.01.26.2012,32,JAWA BARAT,32.01,KAB. BOGOR,32.01.26,MEGAMENDUNG,PASIR ANGIN,16772
32.01.27.2001,32,JAWA BARAT,32.01,KAB. BOGOR,32.01.27,CARINGIN,PASIR MUNCANG,16733
32.01.27.2002,32,JAWA BARAT,32.01,KAB. BOGOR,32.01.27,CARINGIN,CIMANDE HILIR,16731
32.01.27.2003,32,JAWA BARAT,32.01,KAB. BOGOR,32.01.27,CARINGIN,CIDERUM,16737
32.01.27.2004,32,JAWA BARAT,32.01,KAB. BOGOR,32.01.27,CARINGIN,CARINGIN,16732
32.01.27.2005,32,JAWA BARAT,32.01,KAB. BOGOR,32.01.27,CARINGIN,CIHERANG PONDOK,16738
32.01.27.2006,32,JAWA BARAT,32.01,KAB. BOGOR,32.01.27,CARINGIN,CINAGARA,16734
32.01.27.2007,32,JAWA BARAT,32.01,KAB. BOGOR,32.01.27,CARINGIN,CIMANDE,16736
32.01.27.2008,32,JAWA BARAT,32.01,KAB. BOGOR,32.01.27,CARINGIN,PANCAWATI,16736
32.01.27.2009,32,JAWA BARAT,32.01,KAB. BOGOR,32.01.27,CARINGIN,MUARA JAYA,16739
32.01.27.2010,32,JAWA BARAT,32.01,KAB. BOGOR,32.01.27,CARINGIN,BASIR BUNCIR,16735
32.01.27.2011,32,JAWA BARAT,32.01,KAB. BOGOR,32.01.27,CARINGIN,LEMAH DUHUR,16737
32.01.27.2012,32,JAWA BARAT,32.01,KAB. BOGOR,32.01.27,CARINGIN,TANGKIL,16737
32.01.28.2001,32,JAWA BARAT,32.01,KAB. BOGOR,32.01.28,CIJERUK,CIJERUK,16782
32.01.28.2002,32,JAWA BARAT,32.01,KAB. BOGOR,32.01.28,CIJERUK,CIPELANG,16781
32.01.28.2003,32,JAWA BARAT,32.01,KAB. BOGOR,32.01.28,CIJERUK,WARUNG MENTENG,16783
32.01.28.2004,32,JAWA BARAT,32.01,KAB. BOGOR,32.01.28,CIJERUK,TAJUR HALANG,16788
32.01.28.2005,32,JAWA BARAT,32.01,KAB. BOGOR,32.01.28,CIJERUK,CIPICUNG,16785
32.01.28.2006,32,JAWA BARAT,32.01,KAB. BOGOR,32.01.28,CIJERUK,CIBALUNG,16784
32.01.28.2007,32,JAWA BARAT,32.01,KAB. BOGOR,32.01.28,CIJERUK,SUKAHARJA,16787
32.01.28.2008,32,JAWA BARAT,32.01,KAB. BOGOR,32.01.28,CIJERUK,PALASARI,16786
32.01.28.2009,32,JAWA BARAT,32.01,KAB. BOGOR,32.01.28,CIJERUK,TANJUNGSARI,16789
32.01.29.1003,32,JAWA BARAT,32.01,KAB. BOGOR,32.01.29,CIOMAS,PADASUKA,16611
32.01.29.2001,32,JAWA BARAT,32.01,KAB. BOGOR,32.01.29,CIOMAS,MEKARJAYA,16619
32.01.29.2002,32,JAWA BARAT,32.01,KAB. BOGOR,32.01.29,CIOMAS,SUKAHARJA,16615
32.01.29.2004,32,JAWA BARAT,32.01,KAB. BOGOR,32.01.29,CIOMAS,PARAKAN,16616
32.01.29.2005,32,JAWA BARAT,32.01,KAB. BOGOR,32.01.29,CIOMAS,CIOMAS,16612
32.01.29.2006,32,JAWA BARAT,32.01,KAB. BOGOR,32.01.29,CIOMAS,PAGELARAN,16617
32.01.29.2007,32,JAWA BARAT,32.01,KAB. BOGOR,32.01.29,CIOMAS,SUKAMAKMUR,16615
32.01.29.2008,32,JAWA BARAT,32.01,KAB. BOGOR,32.01.29,CIOMAS,CIAPUS,16614
32.01.29.2009,32,JAWA BARAT,32.01,KAB. BOGOR,32.01.29,CIOMAS,KOTA BATU,16618
32.01.29.2010,32,JAWA BARAT,32.01,KAB. BOGOR,32.01.29,CIOMAS,LALADON,16613
32.01.29.2011,32,JAWA BARAT,32.01,KAB. BOGOR,32.01.29,CIOMAS,CIOMAS RAHAYU,16612
32.01.30.2001,32,JAWA BARAT,32.01,KAB. BOGOR,32.01.30,DRAMAGA,SUKADAMAI,16685
32.01.30.2002,32,JAWA BARAT,32.01,KAB. BOGOR,32.01.30,DRAMAGA,CIHERANG,16687
32.01.30.2003,32,JAWA BARAT,32.01,KAB. BOGOR,32.01.30,DRAMAGA,SINARSARI,16682
32.01.30.2004,32,JAWA BARAT,32.01,KAB. BOGOR,32.01.30,DRAMAGA,SUKAWENING,16686
32.01.30.2005,32,JAWA BARAT,32.01,KAB. BOGOR,32.01.30,DRAMAGA,PETIR,16683
32.01.30.2006,32,JAWA BARAT,32.01,KAB. BOGOR,32.01.30,DRAMAGA,PURWASARI,16684
32.01.30.2007,32,JAWA BARAT,32.01,KAB. BOGOR,32.01.30,DRAMAGA,CIKARAWANG,16688
32.01.30.2008,32,JAWA BARAT,32.01,KAB. BOGOR,32.01.30,DRAMAGA,BABAKAN,16689
32.01.30.2009,32,JAWA BARAT,32.01,KAB. BOGOR,32.01.30,DRAMAGA,DRAMAGA,16681
32.01.30.2010,32,JAWA BARAT,32.01,KAB. BOGOR,32.01.30,DRAMAGA,NEGLASARI,16682
32.01.31.2001,32,JAWA BARAT,32.01,KAB. BOGOR,32.01.31,TAMANSARI,SUKAMANTRI,16265
32.01.31.2002,32,JAWA BARAT,32.01,KAB. BOGOR,32.01.31,TAMANSARI,SIRNAGALIH,16266
32.01.31.2003,32,JAWA BARAT,32.01,KAB. BOGOR,32.01.31,TAMANSARI,PASIREURIH,16267
32.01.31.2004,32,JAWA BARAT,32.01,KAB. BOGOR,32.01.31,TAMANSARI,TAMANSARI,16261
32.01.31.2005,32,JAWA BARAT,32.01,KAB. BOGOR,32.01.31,TAMANSARI,SUKALUYU,16262
32.01.31.2006,32,JAWA BARAT,32.01,KAB. BOGOR,32.01.31,TAMANSARI,SUKARESMI,16268
32.01.31.2007,32,JAWA BARAT,32.01,KAB. BOGOR,32.01.31,TAMANSARI,SUKAJAYA,16264
32.01.31.2008,32,JAWA BARAT,32.01,KAB. BOGOR,32.01.31,TAMANSARI,SUKAJADI,16263
32.01.32.2001,32,JAWA BARAT,32.01,KAB. BOGOR,32.01.32,KLAPANUNGGAL,KLAPANUNGGAL,16871
32.01.32.2002,32,JAWA BARAT,32.01,KAB. BOGOR,32.01.32,KLAPANUNGGAL,BOJONG,16878
32.01.32.2003,32,JAWA BARAT,32.01,KAB. BOGOR,32.01.32,KLAPANUNGGAL,NAMBO,16873
32.01.32.2004,32,JAWA BARAT,32.01,KAB. BOGOR,32.01.32,KLAPANUNGGAL,LULUT,16875
32.01.32.2005,32,JAWA BARAT,32.01,KAB. BOGOR,32.01.32,KLAPANUNGGAL,CIKAHURIPAN,16877
32.01.32.2006,32,JAWA BARAT,32.01,KAB. BOGOR,32.01.32,KLAPANUNGGAL,KEMBANG KUNING,16872
32.01.32.2007,32,JAWA BARAT,32.01,KAB. BOGOR,32.01.32,KLAPANUNGGAL,BANTAR JATI,16874
32.01.32.2008,32,JAWA BARAT,32.01,KAB. BOGOR,32.01.32,KLAPANUNGGAL,LEUWIKARET,16876
32.01.32.2009,32,JAWA BARAT,32.01,KAB. BOGOR,32.01.32,KLAPANUNGGAL,LIGARMUKTI,16879
32.01.33.2001,32,JAWA BARAT,32.01,KAB. BOGOR,32.01.33,CISEENG,PUTAT NUTUG,16384
32.01.33.2002,32,JAWA BARAT,32.01,KAB. BOGOR,32.01.33,CISEENG,CISEENG,16387
32.01.33.2003,32,JAWA BARAT,32.01,KAB. BOGOR,32.01.33,CISEENG,PARIGI MEKAR,16388
32.01.33.2004,32,JAWA BARAT,32.01,KAB. BOGOR,32.01.33,CISEENG,CIBENTANG,16381
32.01.33.2005,32,JAWA BARAT,32.01,KAB. BOGOR,32.01.33,CISEENG,CIBEUTEUNG UDIK,16383
32.01.33.2006,32,JAWA BARAT,32.01,KAB. BOGOR,32.01.33,CISEENG,KARIHKIL,16385
32.01.33.2007,32,JAWA BARAT,32.01,KAB. BOGOR,32.01.33,CISEENG,BABAKAN,16386
32.01.33.2008,32,JAWA BARAT,32.01,KAB. BOGOR,32.01.33,CISEENG,CIHOE,16389
32.01.33.2009,32,JAWA BARAT,32.01,KAB. BOGOR,32.01.33,CISEENG,CIBEUTEUNG MUARA,16383
32.01.33.2010,32,JAWA BARAT,32.01,KAB. BOGOR,32.01.33,CISEENG,KURIPAN,16382
32.01.34.2001,32,JAWA BARAT,32.01,KAB. BOGOR,32.01.34,RANCA BUNGUR,BANTARJAYA,16253
32.01.34.2002,32,JAWA BARAT,32.01,KAB. BOGOR,32.01.34,RANCA BUNGUR,BANTARSARI,16254
32.01.34.2003,32,JAWA BARAT,32.01,KAB. BOGOR,32.01.34,RANCA BUNGUR,PASIRGAOK,16252
32.01.34.2004,32,JAWA BARAT,32.01,KAB. BOGOR,32.01.34,RANCA BUNGUR,RANCABUNGUR,16251
32.01.34.2005,32,JAWA BARAT,32.01,KAB. BOGOR,32.01.34,RANCA BUNGUR,MEKARSARI,16256
32.01.34.2006,32,JAWA BARAT,32.01,KAB. BOGOR,32.01.34,RANCA BUNGUR,CANDALI,16255
32.01.34.2007,32,JAWA BARAT,32.01,KAB. BOGOR,32.01.34,RANCA BUNGUR,CIMULANG,16252
32.01.35.2001,32,JAWA BARAT,32.01,KAB. BOGOR,32.01.35,SUKAJAYA,CISARUA,16293
32.01.35.2002,32,JAWA BARAT,32.01,KAB. BOGOR,32.01.35,SUKAJAYA,KIARASARI,16294
32.01.35.2003,32,JAWA BARAT,32.01,KAB. BOGOR,32.01.35,SUKAJAYA,SUKAJAYA,16291
32.01.35.2004,32,JAWA BARAT,32.01,KAB. BOGOR,32.01.35,SUKAJAYA,SIPAYUNG,16297
32.01.35.2005,32,JAWA BARAT,32.01,KAB. BOGOR,32.01.35,SUKAJAYA,CILEUKSA,16292
32.01.35.2006,32,JAWA BARAT,32.01,KAB. BOGOR,32.01.35,SUKAJAYA,KIARAPANDAK,16295
32.01.35.2007,32,JAWA BARAT,32.01,KAB. BOGOR,32.01.35,SUKAJAYA,HARKATJAYA,16296
32.01.35.2008,32,JAWA BARAT,32.01,KAB. BOGOR,32.01.35,SUKAJAYA,SUKAMULIH,16299
32.01.35.2009,32,JAWA BARAT,32.01,KAB. BOGOR,32.01.35,SUKAJAYA,PASIR MADANG,16298
32.01.35.2010,32,JAWA BARAT,32.01,KAB. BOGOR,32.01.35,SUKAJAYA,URUG,16291
32.01.35.2011,32,JAWA BARAT,32.01,KAB. BOGOR,32.01.35,SUKAJAYA,JAYARAHARJA,16295
32.01.36.2001,32,JAWA BARAT,32.01,KAB. BOGOR,32.01.36,TANJUNGSARI,TANJUNGSARI,16851
32.01.36.2002,32,JAWA BARAT,32.01,KAB. BOGOR,32.01.36,TANJUNGSARI,SELAWANGI,16858
32.01.36.2003,32,JAWA BARAT,32.01,KAB. BOGOR,32.01.36,TANJUNGSARI,TANJUNGRASA,16856
32.01.36.2004,32,JAWA BARAT,32.01,KAB. BOGOR,32.01.36,TANJUNGSARI,ANTAJAYA,16854
32.01.36.2005,32,JAWA BARAT,32.01,KAB. BOGOR,32.01.36,TANJUNGSARI,PASIR TANJUNG,16855
32.01.36.2006,32,JAWA BARAT,32.01,KAB. BOGOR,32.01.36,TANJUNGSARI,CIBADAK,16857
32.01.36.2007,32,JAWA BARAT,32.01,KAB. BOGOR,32.01.36,TANJUNGSARI,SUKARASA,16859
32.01.36.2008,32,JAWA BARAT,32.01,KAB. BOGOR,32.01.36,TANJUNGSARI,SIRNASARI,16852
32.01.36.2009,32,JAWA BARAT,32.01,KAB. BOGOR,32.01.36,TANJUNGSARI,BUANAJAYA,16853
32.01.36.2010,32,JAWA BARAT,32.01,KAB. BOGOR,32.01.36,TANJUNGSARI,SIRNARASA,16852
32.01.37.2001,32,JAWA BARAT,32.01,KAB. BOGOR,32.01.37,TAJURHALANG,TAJURHALANG,16931
32.01.37.2002,32,JAWA BARAT,32.01,KAB. BOGOR,32.01.37,TAJURHALANG,CITAYAM,16935
32.01.37.2003,32,JAWA BARAT,32.01,KAB. BOGOR,32.01.37,TAJURHALANG,SASAK PANJANG,16936
32.01.37.2004,32,JAWA BARAT,32.01,KAB. BOGOR,32.01.37,TAJURHALANG,NANGGERANG,16934
32.01.37.2005,32,JAWA BARAT,32.01,KAB. BOGOR,32.01.37,TAJURHALANG,SUKMAJAYA,16933
32.01.37.2006,32,JAWA BARAT,32.01,KAB. BOGOR,32.01.37,TAJURHALANG,TONJONG,16932
32.01.37.2007,32,JAWA BARAT,32.01,KAB. BOGOR,32.01.37,TAJURHALANG,KALISUREN,16937
32.01.38.2001,32,JAWA BARAT,32.01,KAB. BOGOR,32.01.38,CIGOMBONG,CIGOMBONG,16741
32.01.38.2002,32,JAWA BARAT,32.01,KAB. BOGOR,32.01.38,CIGOMBONG,WATESJAYA,16742
32.01.38.2003,32,JAWA BARAT,32.01,KAB. BOGOR,32.01.38,CIGOMBONG,CIBURUY,16745
32.01.38.2004,32,JAWA BARAT,32.01,KAB. BOGOR,32.01.38,CIGOMBONG,SROGOL,16743
32.01.38.2005,32,JAWA BARAT,32.01,KAB. BOGOR,32.01.38,CIGOMBONG,CISALADA,16748
32.01.38.2006,32,JAWA BARAT,32.01,KAB. BOGOR,32.01.38,CIGOMBONG,TUGUJAYA,16749
32.01.38.2007,32,JAWA BARAT,32.01,KAB. BOGOR,32.01.38,CIGOMBONG,PASIRJAYA,16747
32.01.38.2008,32,JAWA BARAT,32.01,KAB. BOGOR,32.01.38,CIGOMBONG,CIBURAYUT,16746
32.01.38.2009,32,JAWA BARAT,32.01,KAB. BOGOR,32.01.38,CIGOMBONG,CIADEG,16744
32.01.39.2001,32,JAWA BARAT,32.01,KAB. BOGOR,32.01.39,LEUWISADENG,LEUWISADENG,16281
32.01.39.2002,32,JAWA BARAT,32.01,KAB. BOGOR,32.01.39,LEUWISADENG,BABAKAN SADENG,16283
32.01.39.2003,32,JAWA BARAT,32.01,KAB. BOGOR,32.01.39,LEUWISADENG,SADENG KOLOT,16282
32.01.39.2004,32,JAWA BARAT,32.01,KAB. BOGOR,32.01.39,LEUWISADENG,WANGUNJAYA,16288
32.01.39.2005,32,JAWA BARAT,32.01,KAB. BOGOR,32.01.39,LEUWISADENG,KALONG I,16286
32.01.39.2006,32,JAWA BARAT,32.01,KAB. BOGOR,32.01.39,LEUWISADENG,KALONG II,16287
32.01.39.2007,32,JAWA BARAT,32.01,KAB. BOGOR,32.01.39,LEUWISADENG,SADENG,16285
32.01.39.2008,32,JAWA BARAT,32.01,KAB. BOGOR,32.01.39,LEUWISADENG,SIBANTENG,16284
32.01.40.2001,32,JAWA BARAT,32.01,KAB. BOGOR,32.01.40,TENJOLAYA,TAPOS I,16271
32.01.40.2002,32,JAWA BARAT,32.01,KAB. BOGOR,32.01.40,TENJOLAYA,TAPOS II,16272
32.01.40.2003,32,JAWA BARAT,32.01,KAB. BOGOR,32.01.40,TENJOLAYA,CIBITUNG TENGAH,16276
32.01.40.2004,32,JAWA BARAT,32.01,KAB. BOGOR,32.01.40,TENJOLAYA,SITUDAUN,16274
32.01.40.2005,32,JAWA BARAT,32.01,KAB. BOGOR,32.01.40,TENJOLAYA,CINANGNENG,16275
32.01.40.2006,32,JAWA BARAT,32.01,KAB. BOGOR,32.01.40,TENJOLAYA,GUNUNG MALANG,16273
32.01.40.2007,32,JAWA BARAT,32.01,KAB. BOGOR,32.01.40,TENJOLAYA,GUNUNG MULYA,16273
32.02.01.1001,32,JAWA BARAT,32.02,KAB. SUKABUMI,32.02.01,PALABUHANRATU,PALABUHANRATU,43311
32.02.01.2002,32,JAWA BARAT,32.02,KAB. SUKABUMI,32.02.01,PALABUHANRATU,TONJONG,43318
32.02.01.2003,32,JAWA BARAT,32.02,KAB. SUKABUMI,32.02.01,PALABUHANRATU,CITEPUS,43313
32.02.01.2004,32,JAWA BARAT,32.02,KAB. SUKABUMI,32.02.01,PALABUHANRATU,BUNIWANGI,43314
32.02.01.2005,32,JAWA BARAT,32.02,KAB. SUKABUMI,32.02.01,PALABUHANRATU,CIBODAS,43315
32.02.01.2006,32,JAWA BARAT,32.02,KAB. SUKABUMI,32.02.01,PALABUHANRATU,PASIRSUREN,43317
32.02.01.2007,32,JAWA BARAT,32.02,KAB. SUKABUMI,32.02.01,PALABUHANRATU,CIKADU,43316
32.02.01.2008,32,JAWA BARAT,32.02,KAB. SUKABUMI,32.02.01,PALABUHANRATU,CITARIK,43312
32.02.01.2009,32,JAWA BARAT,32.02,KAB. SUKABUMI,32.02.01,PALABUHANRATU,CIMANGGU,43314
32.02.01.2010,32,JAWA BARAT,32.02,KAB. SUKABUMI,32.02.01,PALABUHANRATU,JAYANTI,43312
32.02.02.2001,32,JAWA BARAT,32.02,KAB. SUKABUMI,32.02.02,SIMPENAN,CIDADAP,43361
32.02.02.2002,32,JAWA BARAT,32.02,KAB. SUKABUMI,32.02.02,SIMPENAN,LOJI,43361
32.02.02.2003,32,JAWA BARAT,32.02,KAB. SUKABUMI,32.02.02,SIMPENAN,KERTAJAYA,43361
32.02.02.2004,32,JAWA BARAT,32.02,KAB. SUKABUMI,32.02.02,SIMPENAN,CIHAUR,43361
32.02.02.2005,32,JAWA BARAT,32.02,KAB. SUKABUMI,32.02.02,SIMPENAN,CIBUNTU,43361
32.02.02.2006,32,JAWA BARAT,32.02,KAB. SUKABUMI,32.02.02,SIMPENAN,MEKARASIH,43361
32.02.02.2007,32,JAWA BARAT,32.02,KAB. SUKABUMI,32.02.02,SIMPENAN,SANGRAWAYANG,43361
32.02.03.2001,32,JAWA BARAT,32.02,KAB. SUKABUMI,32.02.03,CIKAKAK,CIKAKAK,43365
32.02.03.2002,32,JAWA BARAT,32.02,KAB. SUKABUMI,32.02.03,CIKAKAK,CIMAJA,43365
32.02.03.2003,32,JAWA BARAT,32.02,KAB. SUKABUMI,32.02.03,CIKAKAK,RIDOGALIH,43365
32.02.03.2004,32,JAWA BARAT,32.02,KAB. SUKABUMI,32.02.03,CIKAKAK,SUKAMAJU,43365
32.02.03.2005,32,JAWA BARAT,32.02,KAB. SUKABUMI,32.02.03,CIKAKAK,CILEUNGSING,43365
32.02.03.2006,32,JAWA BARAT,32.02,KAB. SUKABUMI,32.02.03,CIKAKAK,MARGALAKSANA,43365
32.02.03.2007,32,JAWA BARAT,32.02,KAB. SUKABUMI,32.02.03,CIKAKAK,SIRNARASA,43365
32.02.03.2008,32,JAWA BARAT,32.02,KAB. SUKABUMI,32.02.03,CIKAKAK,GANDASOLI,43365
32.02.03.2009,32,JAWA BARAT,32.02,KAB. SUKABUMI,32.02.03,CIKAKAK,CIRENDANG,43365
32.02.04.2001,32,JAWA BARAT,32.02,KAB. SUKABUMI,32.02.04,BANTARGADUNG,BANTARGADUNG,43363
32.02.04.2002,32,JAWA BARAT,32.02,KAB. SUKABUMI,32.02.04,BANTARGADUNG,MANGUNJAYA,43363
32.02.04.2003,32,JAWA BARAT,32.02,KAB. SUKABUMI,32.02.04,BANTARGADUNG,BOJONGGALING,43363
32.02.04.2004,32,JAWA BARAT,32.02,KAB. SUKABUMI,32.02.04,BANTARGADUNG,LIMUSNUNGGAL,43363
32.02.04.2005,32,JAWA BARAT,32.02,KAB. SUKABUMI,32.02.04,BANTARGADUNG,BANTARGEBANG,43363
32.02.04.2006,32,JAWA BARAT,32.02,KAB. SUKABUMI,32.02.04,BANTARGADUNG,BUANAJAYA,43363
32.02.04.2007,32,JAWA BARAT,32.02,KAB. SUKABUMI,32.02.04,BANTARGADUNG,BOYONG SARI,43363
32.02.05.2001,32,JAWA BARAT,32.02,KAB. SUKABUMI,32.02.05,CISOLOK,CISOLOK,43366
32.02.05.2002,32,JAWA BARAT,32.02,KAB. SUKABUMI,32.02.05,CISOLOK,PASIR BARU,43366
32.02.05.2003,32,JAWA BARAT,32.02,KAB. SUKABUMI,32.02.05,CISOLOK,CIKAHURIPAN,43366
32.02.05.2004,32,JAWA BARAT,32.02,KAB. SUKABUMI,32.02.05,CISOLOK,CIKELAT,43366
32.02.05.2005,32,JAWA BARAT,32.02,KAB. SUKABUMI,32.02.05,CISOLOK,CARINGIN,43366
32.02.05.2006,32,JAWA BARAT,32.02,KAB. SUKABUMI,32.02.05,CISOLOK,GUNUNGKARAMAT,43366
32.02.05.2007,32,JAWA BARAT,32.02,KAB. SUKABUMI,32.02.05,CISOLOK,GUNUNGTANJUNG,43366
32.02.05.2008,32,JAWA BARAT,32.02,KAB. SUKABUMI,32.02.05,CISOLOK,KARANGPAPAK,43366
32.02.05.2009,32,JAWA BARAT,32.02,KAB. SUKABUMI,32.02.05,CISOLOK,SIRNARESMI,43366
32.02.05.2010,32,JAWA BARAT,32.02,KAB. SUKABUMI,32.02.05,CISOLOK,CICADAS,43366
32.02.05.2011,32,JAWA BARAT,32.02,KAB. SUKABUMI,32.02.05,CISOLOK,WANAJAYA,43366
32.02.05.2012,32,JAWA BARAT,32.02,KAB. SUKABUMI,32.02.05,CISOLOK,WANGUNSARI,43366
32.02.05.2013,32,JAWA BARAT,32.02,KAB. SUKABUMI,32.02.05,CISOLOK,SUKARAME,43366
32.02.06.2001,32,JAWA BARAT,32.02,KAB. SUKABUMI,32.02.06,CIKIDANG,CIKIDANG,43367
32.02.06.2002,32,JAWA BARAT,32.02,KAB. SUKABUMI,32.02.06,CIKIDANG,CIKIRAY,43367
32.02.06.2003,32,JAWA BARAT,32.02,KAB. SUKABUMI,32.02.06,CIKIDANG,GUNUNGMALANG,43367
32.02.06.2004,32,JAWA BARAT,32.02,KAB. SUKABUMI,32.02.06,CIKIDANG,PANGKALAN,43367
32.02.06.2005,32,JAWA BARAT,32.02,KAB. SUKABUMI,32.02.06,CIKIDANG,CICAREUH,43367
32.02.06.2006,32,JAWA BARAT,32.02,KAB. SUKABUMI,32.02.06,CIKIDANG,TAMAN SARI,43367
32.02.06.2007,32,JAWA BARAT,32.02,KAB. SUKABUMI,32.02.06,CIKIDANG,BUMI SARI,43367
32.02.06.2008,32,JAWA BARAT,32.02,KAB. SUKABUMI,32.02.06,CIKIDANG,SAMPORA,43367
32.02.06.2009,32,JAWA BARAT,32.02,KAB. SUKABUMI,32.02.06,CIKIDANG,NANGKAKONENG,43367
32.02.06.2010,32,JAWA BARAT,32.02,KAB. SUKABUMI,32.02.06,CIKIDANG,MEKARNANGKA,43367
32.02.06.2011,32,JAWA BARAT,32.02,KAB. SUKABUMI,32.02.06,CIKIDANG,CIJAMBE,43367
32.02.06.2012,32,JAWA BARAT,32.02,KAB. SUKABUMI,32.02.06,CIKIDANG,CIKARAE THOYYIBAH,43367
32.02.07.2001,32,JAWA BARAT,32.02,KAB. SUKABUMI,32.02.07,LENGKONG,LENGKONG,43374
32.02.07.2002,32,JAWA BARAT,32.02,KAB. SUKABUMI,32.02.07,LENGKONG,CILANGKAP,43374
32.02.07.2003,32,JAWA BARAT,32.02,KAB. SUKABUMI,32.02.07,LENGKONG,TEGALLEGA,43374
32.02.07.2004,32,JAWA BARAT,32.02,KAB. SUKABUMI,32.02.07,LENGKONG,NEGLASARI,43374
32.02.07.2005,32,JAWA BARAT,32.02,KAB. SUKABUMI,32.02.07,LENGKONG,LANGKAPJAYA,43374
32.02.08.2001,32,JAWA BARAT,32.02,KAB. SUKABUMI,32.02.08,JAMPANGTENGAH,JAMPANGTENGAH,43371
32.02.08.2002,32,JAWA BARAT,32.02,KAB. SUKABUMI,32.02.08,JAMPANGTENGAH,PADABEUNGHAR,43371
32.02.08.2003,32,JAWA BARAT,32.02,KAB. SUKABUMI,32.02.08,JAMPANGTENGAH,BANTARPANJANG,43371
32.02.08.2004,32,JAWA BARAT,32.02,KAB. SUKABUMI,32.02.08,JAMPANGTENGAH,BOJONGJENGKOL,43371
32.02.08.2005,32,JAWA BARAT,32.02,KAB. SUKABUMI,32.02.08,JAMPANGTENGAH,NANGERANG,43371
32.02.08.2006,32,JAWA BARAT,32.02,KAB. SUKABUMI,32.02.08,JAMPANGTENGAH,TANJUNGSARI,43371
32.02.08.2007,32,JAWA BARAT,32.02,KAB. SUKABUMI,32.02.08,JAMPANGTENGAH,SINDANGRESMI,43371
32.02.08.2008,32,JAWA BARAT,32.02,KAB. SUKABUMI,32.02.08,JAMPANGTENGAH,PANUMBANGAN,43371
32.02.08.2009,32,JAWA BARAT,32.02,KAB. SUKABUMI,32.02.08,JAMPANGTENGAH,CIJULANG,43371
32.02.08.2010,32,JAWA BARAT,32.02,KAB. SUKABUMI,32.02.08,JAMPANGTENGAH,BANTARAGUNG,43371
32.02.08.2011,32,JAWA BARAT,32.02,KAB. SUKABUMI,32.02.08,JAMPANGTENGAH,BOJONGTIPAR,43371
32.02.09.2001,32,JAWA BARAT,32.02,KAB. SUKABUMI,32.02.09,WARUNGKIARA,WARUNGKIARA,43362
32.02.09.2002,32,JAWA BARAT,32.02,KAB. SUKABUMI,32.02.09,WARUNGKIARA,BOJONGKERTA,43362
32.02.09.2003,32,JAWA BARAT,32.02,KAB. SUKABUMI,32.02.09,WARUNGKIARA,GIRIJAYA,43362
32.02.09.2004,32,JAWA BARAT,32.02,KAB. SUKABUMI,32.02.09,WARUNGKIARA,BANTARKALONG,43362
32.02.09.2005,32,JAWA BARAT,32.02,KAB. SUKABUMI,32.02.09,WARUNGKIARA,HEGARMANAH,43362
32.02.09.2006,32,JAWA BARAT,32.02,KAB. SUKABUMI,32.02.09,WARUNGKIARA,UBRUG,43362
32.02.09.2007,32,JAWA BARAT,32.02,KAB. SUKABUMI,32.02.09,WARUNGKIARA,SIRNAJAYA,43362
32.02.09.2008,32,JAWA BARAT,32.02,KAB. SUKABUMI,32.02.09,WARUNGKIARA,SUKAHARJA,43362
32.02.09.2009,32,JAWA BARAT,32.02,KAB. SUKABUMI,32.02.09,WARUNGKIARA,KERTAMUKTI,43362
32.02.09.2010,32,JAWA BARAT,32.02,KAB. SUKABUMI,32.02.09,WARUNGKIARA,MEKARJAYA,43362
32.02.09.2011,32,JAWA BARAT,32.02,KAB. SUKABUMI,32.02.09,WARUNGKIARA,DAMARRAJA,43362
32.02.09.2012,32,JAWA BARAT,32.02,KAB. SUKABUMI,32.02.09,WARUNGKIARA,TARISI,43362
32.02.10.2001,32,JAWA BARAT,32.02,KAB. SUKABUMI,32.02.10,CIKEMBAR,CIKEMBAR,43347
32.02.10.2002,32,JAWA BARAT,32.02,KAB. SUKABUMI,32.02.10,CIKEMBAR,PARAKANLIMA,43347
32.02.10.2003,32,JAWA BARAT,32.02,KAB. SUKABUMI,32.02.10,CIKEMBAR,BOJONG,43347
32.02.10.2004,32,JAWA BARAT,32.02,KAB. SUKABUMI,32.02.10,CIKEMBAR,CIMANGGU,43347
32.02.10.2005,32,JAWA BARAT,32.02,KAB. SUKABUMI,32.02.10,CIKEMBAR,BOJONGKEMBAR,43347
32.02.10.2006,32,JAWA BARAT,32.02,KAB. SUKABUMI,32.02.10,CIKEMBAR,SUKAMAJU,43347
32.02.10.2007,32,JAWA BARAT,32.02,KAB. SUKABUMI,32.02.10,CIKEMBAR,CIBATU,43347
32.02.10.2008,32,JAWA BARAT,32.02,KAB. SUKABUMI,32.02.10,CIKEMBAR,KERTARAHARJA,43347
32.02.10.2009,32,JAWA BARAT,32.02,KAB. SUKABUMI,32.02.10,CIKEMBAR,SUKAMULYA,43347
32.02.10.2010,32,JAWA BARAT,32.02,KAB. SUKABUMI,32.02.10,CIKEMBAR,BOJONGRAHARJA,43347
32.02.11.1001,32,JAWA BARAT,32.02,KAB. SUKABUMI,32.02.11,CIBADAK,CIBADAK,43351
32.02.11.2002,32,JAWA BARAT,32.02,KAB. SUKABUMI,32.02.11,CIBADAK,SEKARWANGI,43351
32.02.11.2003,32,JAWA BARAT,32.02,KAB. SUKABUMI,32.02.11,CIBADAK,PAMURUYAN,43351
32.02.11.2004,32,JAWA BARAT,32.02,KAB. SUKABUMI,32.02.11,CIBADAK,KARANGTENGAH,43351
32.02.11.2005,32,JAWA BARAT,32.02,KAB. SUKABUMI,32.02.11,CIBADAK,NEGLASARI,43351
32.02.11.2006,32,JAWA BARAT,32.02,KAB. SUKABUMI,32.02.11,CIBADAK,WARNAJATI,43351
32.02.11.2007,32,JAWA BARAT,32.02,KAB. SUKABUMI,32.02.11,CIBADAK,TENJOJAYA,43351
32.02.11.2008,32,JAWA BARAT,32.02,KAB. SUKABUMI,32.02.11,CIBADAK,CIHEULANG TONGGOH,43351
32.02.11.2009,32,JAWA BARAT,32.02,KAB. SUKABUMI,32.02.11,CIBADAK,SUKASIRNA,43351
32.02.11.2010,32,JAWA BARAT,32.02,KAB. SUKABUMI,32.02.11,CIBADAK,BATUNUNGGAL,43351
32.02.12.2001,32,JAWA BARAT,32.02,KAB. SUKABUMI,32.02.12,NAGRAK,KALAPAREA,43356
32.02.12.2002,32,JAWA BARAT,32.02,KAB. SUKABUMI,32.02.12,NAGRAK,PAWENANG,43356
32.02.12.2003,32,JAWA BARAT,32.02,KAB. SUKABUMI,32.02.12,NAGRAK,NAGRAK UTARA,43356
32.02.12.2004,32,JAWA BARAT,32.02,KAB. SUKABUMI,32.02.12,NAGRAK,CISARUA,43356
32.02.12.2009,32,JAWA BARAT,32.02,KAB. SUKABUMI,32.02.12,NAGRAK,BALEKAMBANG,43356
32.02.12.2010,32,JAWA BARAT,32.02,KAB. SUKABUMI,32.02.12,NAGRAK,BABAKAN PANJANG,43356
32.02.12.2011,32,JAWA BARAT,32.02,KAB. SUKABUMI,32.02.12,NAGRAK,DARMAREJA,43356
32.02.12.2012,32,JAWA BARAT,32.02,KAB. SUKABUMI,32.02.12,NAGRAK,CIHANYAWAR,43356
32.02.12.2013,32,JAWA BARAT,32.02,KAB. SUKABUMI,32.02.12,NAGRAK,NAGRAK SELATAN,43356
32.02.12.2014,32,JAWA BARAT,32.02,KAB. SUKABUMI,32.02.12,NAGRAK,GIRIJAYA,43356
32.02.13.2001,32,JAWA BARAT,32.02,KAB. SUKABUMI,32.02.13,PARUNGKUDA,PARUNGKUDA,43357
32.02.13.2002,32,JAWA BARAT,32.02,KAB. SUKABUMI,32.02.13,PARUNGKUDA,PALASARI HILIR,43357
32.02.13.2003,32,JAWA BARAT,32.02,KAB. SUKABUMI,32.02.13,PARUNGKUDA,KOMPA,43357
32.02.13.2004,32,JAWA BARAT,32.02,KAB. SUKABUMI,32.02.13,PARUNGKUDA,PONDOKKASO LANDEUH,43357
32.02.13.2005,32,JAWA BARAT,32.02,KAB. SUKABUMI,32.02.13,PARUNGKUDA,SUNDAWENANG,43357
32.02.13.2006,32,JAWA BARAT,32.02,KAB. SUKABUMI,32.02.13,PARUNGKUDA,BOJONGKOKOSAN,43357
32.02.13.2007,32,JAWA BARAT,32.02,KAB. SUKABUMI,32.02.13,PARUNGKUDA,LANGENSARI,43357
32.02.13.2008,32,JAWA BARAT,32.02,KAB. SUKABUMI,32.02.13,PARUNGKUDA,BABAKANJAYA,43357
32.02.14.2001,32,JAWA BARAT,32.02,KAB. SUKABUMI,32.02.14,BOJONGGENTENG,BOJONGGENTENG,43353
32.02.14.2002,32,JAWA BARAT,32.02,KAB. SUKABUMI,32.02.14,BOJONGGENTENG,CIBODAS,43353
32.02.14.2003,32,JAWA BARAT,32.02,KAB. SUKABUMI,32.02.14,BOJONGGENTENG,BEREKAH,43353
32.02.14.2004,32,JAWA BARAT,32.02,KAB. SUKABUMI,32.02.14,BOJONGGENTENG,CIPANENGAH,43353
32.02.14.2005,32,JAWA BARAT,32.02,KAB. SUKABUMI,32.02.14,BOJONGGENTENG,BOJONGGALING,43353
32.02.15.2001,32,JAWA BARAT,32.02,KAB. SUKABUMI,32.02.15,PARAKANSALAK,PARAKAN SALAK,43355
32.02.15.2002,32,JAWA BARAT,32.02,KAB. SUKABUMI,32.02.15,PARAKANSALAK,BOJONG LONGOK,43355
32.02.15.2003,32,JAWA BARAT,32.02,KAB. SUKABUMI,32.02.15,PARAKANSALAK,SUKAKERSA,43355
32.02.15.2004,32,JAWA BARAT,32.02,KAB. SUKABUMI,32.02.15,PARAKANSALAK,SUKATANI,43355
32.02.15.2005,32,JAWA BARAT,32.02,KAB. SUKABUMI,32.02.15,PARAKANSALAK,BOJONGASIH,43355
32.02.15.2006,32,JAWA BARAT,32.02,KAB. SUKABUMI,32.02.15,PARAKANSALAK,LEBAKSARI,43355
32.02.16.1001,32,JAWA BARAT,32.02,KAB. SUKABUMI,32.02.16,CICURUG,CICURUG,43359
32.02.16.2002,32,JAWA BARAT,32.02,KAB. SUKABUMI,32.02.16,CICURUG,NYANGKOWEK,43359
32.02.16.2003,32,JAWA BARAT,32.02,KAB. SUKABUMI,32.02.16,CICURUG,TENJOLAYA,43359
32.02.16.2004,32,JAWA BARAT,32.02,KAB. SUKABUMI,32.02.16,CICURUG,BENDA,43359
32.02.16.2005,32,JAWA BARAT,32.02,KAB. SUKABUMI,32.02.16,CICURUG,PASAWAHAN,43359
32.02.16.2006,32,JAWA BARAT,32.02,KAB. SUKABUMI,32.02.16,CICURUG,CISAAT,43359
32.02.16.2007,32,JAWA BARAT,32.02,KAB. SUKABUMI,32.02.16,CICURUG,PURWASARI,43359
32.02.16.2008,32,JAWA BARAT,32.02,KAB. SUKABUMI,32.02.16,CICURUG,CARINGIN,43359
32.02.16.2009,32,JAWA BARAT,32.02,KAB. SUKABUMI,32.02.16,CICURUG,TENJOAYU,43359
32.02.16.2010,32,JAWA BARAT,32.02,KAB. SUKABUMI,32.02.16,CICURUG,KUTAJAYA,43359
32.02.16.2011,32,JAWA BARAT,32.02,KAB. SUKABUMI,32.02.16,CICURUG,MEKARSARI,43359
32.02.16.2012,32,JAWA BARAT,32.02,KAB. SUKABUMI,32.02.16,CICURUG,BANGBAYANG,43359
32.02.16.2013,32,JAWA BARAT,32.02,KAB. SUKABUMI,32.02.16,CICURUG,NANGGERANG,43359
32.02.17.2001,32,JAWA BARAT,32.02,KAB. SUKABUMI,32.02.17,CIDAHU,PONDOKASO TONGGOH,43358
32.02.17.2002,32,JAWA BARAT,32.02,KAB. SUKABUMI,32.02.17,CIDAHU,BABAKANPARI,43358
32.02.17.2003,32,JAWA BARAT,32.02,KAB. SUKABUMI,32.02.17,CIDAHU,PONDOKASO TENGAH,43358
32.02.17.2004,32,JAWA BARAT,32.02,KAB. SUKABUMI,32.02.17,CIDAHU,CIDAHU,43358
32.02.17.2005,32,JAWA BARAT,32.02,KAB. SUKABUMI,32.02.17,CIDAHU,TANGKIL,43358
32.02.17.2006,32,JAWA BARAT,32.02,KAB. SUKABUMI,32.02.17,CIDAHU,JAYABAKTI,43358
32.02.17.2007,32,JAWA BARAT,32.02,KAB. SUKABUMI,32.02.17,CIDAHU,GIRIJAYA,43358
32.02.17.2008,32,JAWA BARAT,32.02,KAB. SUKABUMI,32.02.17,CIDAHU,PASIRDOTON,43358
32.02.18.2001,32,JAWA BARAT,32.02,KAB. SUKABUMI,32.02.18,KALAPANUNGGAL,KALAPANUNGGAL,43354
32.02.18.2002,32,JAWA BARAT,32.02,KAB. SUKABUMI,32.02.18,KALAPANUNGGAL,PALASARI GIRANG,43354
32.02.18.2003,32,JAWA BARAT,32.02,KAB. SUKABUMI,32.02.18,KALAPANUNGGAL,PULOSARI,43354
32.02.18.2004,32,JAWA BARAT,32.02,KAB. SUKABUMI,32.02.18,KALAPANUNGGAL,MAKASARI,43354
32.02.18.2005,32,JAWA BARAT,32.02,KAB. SUKABUMI,32.02.18,KALAPANUNGGAL,KADUNUNGGAL,43354
32.02.18.2006,32,JAWA BARAT,32.02,KAB. SUKABUMI,32.02.18,KALAPANUNGGAL,WALANG SARI,43354
32.02.18.2007,32,JAWA BARAT,32.02,KAB. SUKABUMI,32.02.18,KALAPANUNGGAL,GUNUNGENDUT,43354
32.02.19.2001,32,JAWA BARAT,32.02,KAB. SUKABUMI,32.02.19,KABANDUNGAN,KABANDUNGAN,43368
32.02.19.2002,32,JAWA BARAT,32.02,KAB. SUKABUMI,32.02.19,KABANDUNGAN,CIPEUTEUY,43368
32.02.19.2003,32,JAWA BARAT,32.02,KAB. SUKABUMI,32.02.19,KABANDUNGAN,CIHAMERANG,43368
32.02.19.2004,32,JAWA BARAT,32.02,KAB. SUKABUMI,32.02.19,KABANDUNGAN,TUGUBANDUNG,43368
32.02.19.2005,32,JAWA BARAT,32.02,KAB. SUKABUMI,32.02.19,KABANDUNGAN,MEKARJAYA,43368
32.02.19.2006,32,JAWA BARAT,32.02,KAB. SUKABUMI,32.02.19,KABANDUNGAN,CIANAGA,43368
32.02.20.2001,32,JAWA BARAT,32.02,KAB. SUKABUMI,32.02.20,WALURAN,WALURAN,43375
32.02.20.2002,32,JAWA BARAT,32.02,KAB. SUKABUMI,32.02.20,WALURAN,SUKAMUKTI,43375
32.02.20.2003,32,JAWA BARAT,32.02,KAB. SUKABUMI,32.02.20,WALURAN,CARINGINNUNGGAL,43375
32.02.20.2004,32,JAWA BARAT,32.02,KAB. SUKABUMI,32.02.20,WALURAN,MEKARMUKTI,43375
32.02.20.2005,32,JAWA BARAT,32.02,KAB. SUKABUMI,32.02.20,WALURAN,MANGUNJAYA,43375
32.02.20.2006,32,JAWA BARAT,32.02,KAB. SUKABUMI,32.02.20,WALURAN,WALURAN MANDIRI,43375
32.02.21.1001,32,JAWA BARAT,32.02,KAB. SUKABUMI,32.02.21,JAMPANGKULON,JAMPANGKULON,43378
32.02.21.2002,32,JAWA BARAT,32.02,KAB. SUKABUMI,32.02.21,JAMPANGKULON,BOJONGGENTENG,43378
32.02.21.2003,32,JAWA BARAT,32.02,KAB. SUKABUMI,32.02.21,JAMPANGKULON,CIKARANG,43378
32.02.21.2005,32,JAWA BARAT,32.02,KAB. SUKABUMI,32.02.21,JAMPANGKULON,BOJONGSARI,43378
32.02.21.2007,32,JAWA BARAT,32.02,KAB. SUKABUMI,32.02.21,JAMPANGKULON,NAGRAKSARI,43378
32.02.21.2008,32,JAWA BARAT,32.02,KAB. SUKABUMI,32.02.21,JAMPANGKULON,MEKARJAYA,43378
32.02.21.2009,32,JAWA BARAT,32.02,KAB. SUKABUMI,32.02.21,JAMPANGKULON,TANJUNG,43378
32.02.21.2011,32,JAWA BARAT,32.02,KAB. SUKABUMI,32.02.21,JAMPANGKULON,CIPARAY,43378
32.02.21.2013,32,JAWA BARAT,32.02,KAB. SUKABUMI,32.02.21,JAMPANGKULON,PADAJAYA,43378
32.02.21.2014,32,JAWA BARAT,32.02,KAB. SUKABUMI,32.02.21,JAMPANGKULON,KARANGANYAR,43378
32.02.21.2016,32,JAWA BARAT,32.02,KAB. SUKABUMI,32.02.21,JAMPANGKULON,CIKARANGGEUSAN,43378
32.02.22.2001,32,JAWA BARAT,32.02,KAB. SUKABUMI,32.02.22,CIEMAS,CIEMAS,43377
32.02.22.2002,32,JAWA BARAT,32.02,KAB. SUKABUMI,32.02.22,CIEMAS,CIBENDA,43377
32.02.22.2003,32,JAWA BARAT,32.02,KAB. SUKABUMI,32.02.22,CIEMAS,CIWARU,43377
32.02.22.2004,32,JAWA BARAT,32.02,KAB. SUKABUMI,32.02.22,CIEMAS,MEKARJAYA,43377
32.02.22.2005,32,JAWA BARAT,32.02,KAB. SUKABUMI,32.02.22,CIEMAS,GIRIMUKTI,43377
32.02.22.2006,32,JAWA BARAT,32.02,KAB. SUKABUMI,32.02.22,CIEMAS,TAMANJAYA,43377
32.02.22.2007,32,JAWA BARAT,32.02,KAB. SUKABUMI,32.02.22,CIEMAS,MANDRAJAYA,43377
32.02.22.2008,32,JAWA BARAT,32.02,KAB. SUKABUMI,32.02.22,CIEMAS,SIDAMULYA,43377
32.02.22.2009,32,JAWA BARAT,32.02,KAB. SUKABUMI,32.02.22,CIEMAS,MEKARSAKTI,43377
32.02.23.2001,32,JAWA BARAT,32.02,KAB. SUKABUMI,32.02.23,KALIBUNDER,KALIBUNDER,43385
32.02.23.2002,32,JAWA BARAT,32.02,KAB. SUKABUMI,32.02.23,KALIBUNDER,BOJONG,43385
32.02.23.2003,32,JAWA BARAT,32.02,KAB. SUKABUMI,32.02.23,KALIBUNDER,CIMAHPAR,43385
32.02.23.2004,32,JAWA BARAT,32.02,KAB. SUKABUMI,32.02.23,KALIBUNDER,SEKARSARI,43385
32.02.23.2005,32,JAWA BARAT,32.02,KAB. SUKABUMI,32.02.23,KALIBUNDER,SUKALUYU,43385
32.02.23.2006,32,JAWA BARAT,32.02,KAB. SUKABUMI,32.02.23,KALIBUNDER,BALEKAMBANG,43385
32.02.23.2007,32,JAWA BARAT,32.02,KAB. SUKABUMI,32.02.23,KALIBUNDER,MEKARWANGI,43385
32.02.24.1013,32,JAWA BARAT,32.02,KAB. SUKABUMI,32.02.24,SURADE,SURADE,43379
32.02.24.2001,32,JAWA BARAT,32.02,KAB. SUKABUMI,32.02.24,SURADE,JAGAMUKTI,43379
32.02.24.2002,32,JAWA BARAT,32.02,KAB. SUKABUMI,32.02.24,SURADE,CITANGLAR,43379
32.02.24.2003,32,JAWA BARAT,32.02,KAB. SUKABUMI,32.02.24,SURADE,WANASARI,43379
32.02.24.2005,32,JAWA BARAT,32.02,KAB. SUKABUMI,32.02.24,SURADE,SIRNASARI,43379
32.02.24.2006,32,JAWA BARAT,32.02,KAB. SUKABUMI,32.02.24,SURADE,KADALEMAN,43379
32.02.24.2007,32,JAWA BARAT,32.02,KAB. SUKABUMI,32.02.24,SURADE,GUNUNGSUNGGING,43379
32.02.24.2008,32,JAWA BARAT,32.02,KAB. SUKABUMI,32.02.24,SURADE,CIPEUNDEUY,43379
32.02.24.2009,32,JAWA BARAT,32.02,KAB. SUKABUMI,32.02.24,SURADE,PASIRIPIS,43379
32.02.24.2010,32,JAWA BARAT,32.02,KAB. SUKABUMI,32.02.24,SURADE,BUNIWANGI,43379
32.02.24.2011,32,JAWA BARAT,32.02,KAB. SUKABUMI,32.02.24,SURADE,SUKATANI,43379
32.02.24.2012,32,JAWA BARAT,32.02,KAB. SUKABUMI,32.02.24,SURADE,KADEMANGAN,43379
32.02.25.2001,32,JAWA BARAT,32.02,KAB. SUKABUMI,32.02.25,CIBITUNG,TALAGAMURNI,43372
32.02.25.2002,32,JAWA BARAT,32.02,KAB. SUKABUMI,32.02.25,CIBITUNG,BANYUMURNI,43372
32.02.25.2003,32,JAWA BARAT,32.02,KAB. SUKABUMI,32.02.25,CIBITUNG,CIBITUNG,43372
32.02.25.2004,32,JAWA BARAT,32.02,KAB. SUKABUMI,32.02.25,CIBITUNG,CIDAHU,43372
32.02.25.2005,32,JAWA BARAT,32.02,KAB. SUKABUMI,32.02.25,CIBITUNG,CIBODAS,43372
32.02.25.2006,32,JAWA BARAT,32.02,KAB. SUKABUMI,32.02.25,CIBITUNG,BANYUWANGI,43372
32.02.26.2001,32,JAWA BARAT,32.02,KAB. SUKABUMI,32.02.26,CIRACAP,CIRACAP,43376
32.02.26.2002,32,JAWA BARAT,32.02,KAB. SUKABUMI,32.02.26,CIRACAP,CIKANGKUNG,43376
32.02.26.2003,32,JAWA BARAT,32.02,KAB. SUKABUMI,32.02.26,CIRACAP,GUNUNGBATU,43376
32.02.26.2004,32,JAWA BARAT,32.02,KAB. SUKABUMI,32.02.26,CIRACAP,PURWASEDAR,43376
32.02.26.2005,32,JAWA BARAT,32.02,KAB. SUKABUMI,32.02.26,CIRACAP,PASIRPANJANG,43376
32.02.26.2006,32,JAWA BARAT,32.02,KAB. SUKABUMI,32.02.26,CIRACAP,MEKARSARI,43376
32.02.26.2007,32,JAWA BARAT,32.02,KAB. SUKABUMI,32.02.26,CIRACAP,UJUNG GENTENG,43376
32.02.26.2008,32,JAWA BARAT,32.02,KAB. SUKABUMI,32.02.26,CIRACAP,PANGUMBAHAN,43376
32.02.27.2001,32,JAWA BARAT,32.02,KAB. SUKABUMI,32.02.27,GUNUNGGURUH,CIKUJANG,43346
32.02.27.2002,32,JAWA BARAT,32.02,KAB. SUKABUMI,32.02.27,GUNUNGGURUH,GUNUNGGURUH,43346
32.02.27.2003,32,JAWA BARAT,32.02,KAB. SUKABUMI,32.02.27,GUNUNGGURUH,CIBENTANG,43346
32.02.27.2004,32,JAWA BARAT,32.02,KAB. SUKABUMI,32.02.27,GUNUNGGURUH,SIRNARESMI,43346
32.02.27.2005,32,JAWA BARAT,32.02,KAB. SUKABUMI,32.02.27,GUNUNGGURUH,KEBONMANGGU,43346
32.02.27.2006,32,JAWA BARAT,32.02,KAB. SUKABUMI,32.02.27,GUNUNGGURUH,CIBOLANG,43346
32.02.27.2007,32,JAWA BARAT,32.02,KAB. SUKABUMI,32.02.27,GUNUNGGURUH,MANGKALAYA,43346
32.02.28.2001,32,JAWA BARAT,32.02,KAB. SUKABUMI,32.02.28,CICANTAYAN,CICANTAYAN,43353
32.02.28.2002,32,JAWA BARAT,32.02,KAB. SUKABUMI,32.02.28,CICANTAYAN,LEMBURSAWAH,43353
32.02.28.2003,32,JAWA BARAT,32.02,KAB. SUKABUMI,32.02.28,CICANTAYAN,CIJALINGAN,43353
32.02.28.2004,32,JAWA BARAT,32.02,KAB. SUKABUMI,32.02.28,CICANTAYAN,CISANDE,43353
32.02.28.2005,32,JAWA BARAT,32.02,KAB. SUKABUMI,32.02.28,CICANTAYAN,CIMAHI,43353
32.02.28.2006,32,JAWA BARAT,32.02,KAB. SUKABUMI,32.02.28,CICANTAYAN,HEGARMANAH,43353
32.02.28.2007,32,JAWA BARAT,32.02,KAB. SUKABUMI,32.02.28,CICANTAYAN,SIKADAMAI,43353
32.02.28.2008,32,JAWA BARAT,32.02,KAB. SUKABUMI,32.02.28,CICANTAYAN,CIMANGGIS,43353
32.02.29.2001,32,JAWA BARAT,32.02,KAB. SUKABUMI,32.02.29,CISAAT,GUNUNGJAYA,43352
32.02.29.2002,32,JAWA BARAT,32.02,KAB. SUKABUMI,32.02.29,CISAAT,SUKASARI,43352
32.02.29.2003,32,JAWA BARAT,32.02,KAB. SUKABUMI,32.02.29,CISAAT,SUKAMANAH,43352
32.02.29.2004,32,JAWA BARAT,32.02,KAB. SUKABUMI,32.02.29,CISAAT,CISAAT,43352
32.02.29.2005,32,JAWA BARAT,32.02,KAB. SUKABUMI,32.02.29,CISAAT,NAGRAK,43352
32.02.29.2006,32,JAWA BARAT,32.02,KAB. SUKABUMI,32.02.29,CISAAT,BABAKAN,43352
32.02.29.2007,32,JAWA BARAT,32.02,KAB. SUKABUMI,32.02.29,CISAAT,SUKAMANTRI,43352
32.02.29.2008,32,JAWA BARAT,32.02,KAB. SUKABUMI,32.02.29,CISAAT,CIBATU,43352
32.02.29.2009,32,JAWA BARAT,32.02,KAB. SUKABUMI,32.02.29,CISAAT,SELAJAMBE,43352
32.02.29.2010,32,JAWA BARAT,32.02,KAB. SUKABUMI,32.02.29,CISAAT,PADAASIH,43352
32.02.29.2011,32,JAWA BARAT,32.02,KAB. SUKABUMI,32.02.29,CISAAT,CIBOLANG KALER,43352
32.02.29.2012,32,JAWA BARAT,32.02,KAB. SUKABUMI,32.02.29,CISAAT,KUTASIRNA,43352
32.02.29.2013,32,JAWA BARAT,32.02,KAB. SUKABUMI,32.02.29,CISAAT,SUKARESMI,43352
32.02.30.2001,32,JAWA BARAT,32.02,KAB. SUKABUMI,32.02.30,KADUDAMPIT,KADUDAMPIT,43352
32.02.30.2002,32,JAWA BARAT,32.02,KAB. SUKABUMI,32.02.30,KADUDAMPIT,CITAMIANG,43352
32.02.30.2003,32,JAWA BARAT,32.02,KAB. SUKABUMI,32.02.30,KADUDAMPIT,MUARADUA,43352
32.02.30.2004,32,JAWA BARAT,32.02,KAB. SUKABUMI,32.02.30,KADUDAMPIT,GEDEPANGRANGO,43352
32.02.30.2005,32,JAWA BARAT,32.02,KAB. SUKABUMI,32.02.30,KADUDAMPIT,SUKAMANIS,43352
32.02.30.2006,32,JAWA BARAT,32.02,KAB. SUKABUMI,32.02.30,KADUDAMPIT,UNDRUSBINANGUN,43352
32.02.30.2007,32,JAWA BARAT,32.02,KAB. SUKABUMI,32.02.30,KADUDAMPIT,CIPETIR,43352
32.02.30.2008,32,JAWA BARAT,32.02,KAB. SUKABUMI,32.02.30,KADUDAMPIT,SUKAMAJU,43352
32.02.30.2009,32,JAWA BARAT,32.02,KAB. SUKABUMI,32.02.30,KADUDAMPIT,CIKAHURIPAN,43352
32.02.31.2001,32,JAWA BARAT,32.02,KAB. SUKABUMI,32.02.31,CARINGIN,CARINGIN WETAN,43344
32.02.31.2002,32,JAWA BARAT,32.02,KAB. SUKABUMI,32.02.31,CARINGIN,SUKAMULYA,43344
32.02.31.2003,32,JAWA BARAT,32.02,KAB. SUKABUMI,32.02.31,CARINGIN,CARINGIN KULON,43344
32.02.31.2004,32,JAWA BARAT,32.02,KAB. SUKABUMI,32.02.31,CARINGIN,SEUSEUPAN,43344
32.02.31.2005,32,JAWA BARAT,32.02,KAB. SUKABUMI,32.02.31,CARINGIN,CIJENGKOL,43344
32.02.31.2006,32,JAWA BARAT,32.02,KAB. SUKABUMI,32.02.31,CARINGIN,MEKARJAYA,43344
32.02.31.2007,32,JAWA BARAT,32.02,KAB. SUKABUMI,32.02.31,CARINGIN,TALAGA,43344
32.02.31.2008,32,JAWA BARAT,32.02,KAB. SUKABUMI,32.02.31,CARINGIN,CIKEMBANG,43344
32.02.31.2009,32,JAWA BARAT,32.02,KAB. SUKABUMI,32.02.31,CARINGIN,PASIR DATAR INDAH,43344
32.02.32.2001,32,JAWA BARAT,32.02,KAB. SUKABUMI,32.02.32,SUKABUMI,PARUNGSEAH,43341
32.02.32.2002,32,JAWA BARAT,32.02,KAB. SUKABUMI,32.02.32,SUKABUMI,SUNDAJAYAGIRANG,43341
32.02.32.2003,32,JAWA BARAT,32.02,KAB. SUKABUMI,32.02.32,SUKABUMI,KARAWANG,43341
32.02.32.2004,32,JAWA BARAT,32.02,KAB. SUKABUMI,32.02.32,SUKABUMI,WARNASARI,43341
32.02.32.2005,32,JAWA BARAT,32.02,KAB. SUKABUMI,32.02.32,SUKABUMI,SUKAJAYA,43341
32.02.32.2006,32,JAWA BARAT,32.02,KAB. SUKABUMI,32.02.32,SUKABUMI,PERBAWATI,43341
32.02.33.2001,32,JAWA BARAT,32.02,KAB. SUKABUMI,32.02.33,SUKARAJA,PASIRHALANG,43392
32.02.33.2002,32,JAWA BARAT,32.02,KAB. SUKABUMI,32.02.33,SUKARAJA,SELAWI,43192
32.02.33.2003,32,JAWA BARAT,32.02,KAB. SUKABUMI,32.02.33,SUKARAJA,LANGENSARI,43192
32.02.33.2004,32,JAWA BARAT,32.02,KAB. SUKABUMI,32.02.33,SUKARAJA,SUKARAJA,43392
32.02.33.2005,32,JAWA BARAT,32.02,KAB. SUKABUMI,32.02.33,SUKARAJA,LIMBANGAN,43392
32.02.33.2006,32,JAWA BARAT,32.02,KAB. SUKABUMI,32.02.33,SUKARAJA,CISARUA,43392
32.02.33.2007,32,JAWA BARAT,32.02,KAB. SUKABUMI,32.02.33,SUKARAJA,SUKAMEKAR,43392
32.02.33.2008,32,JAWA BARAT,32.02,KAB. SUKABUMI,32.02.33,SUKARAJA,SELAWANGI,43392
32.02.33.2009,32,JAWA BARAT,32.02,KAB. SUKABUMI,32.02.33,SUKARAJA,MARGALUYU,43392
32.02.34.2001,32,JAWA BARAT,32.02,KAB. SUKABUMI,32.02.34,KEBONPEDES,KEBONPEDES,43394
32.02.34.2002,32,JAWA BARAT,32.02,KAB. SUKABUMI,32.02.34,KEBONPEDES,CIKARET,43394
32.02.34.2003,32,JAWA BARAT,32.02,KAB. SUKABUMI,32.02.34,KEBONPEDES,BOJONGSAWAH,43394
32.02.34.2004,32,JAWA BARAT,32.02,KAB. SUKABUMI,32.02.34,KEBONPEDES,SASAGARAN,43394
32.02.34.2005,32,JAWA BARAT,32.02,KAB. SUKABUMI,32.02.34,KEBONPEDES,JAMBENENGGANG,43394
32.02.35.2001,32,JAWA BARAT,32.02,KAB. SUKABUMI,32.02.35,CIREUNGHAS,CIREUNGHAS,43393
32.02.35.2002,32,JAWA BARAT,32.02,KAB. SUKABUMI,32.02.35,CIREUNGHAS,CIPURUT,43393
32.02.35.2003,32,JAWA BARAT,32.02,KAB. SUKABUMI,32.02.35,CIREUNGHAS,BENCOY,43393
32.02.35.2004,32,JAWA BARAT,32.02,KAB. SUKABUMI,32.02.35,CIREUNGHAS,CIKURUTUG,43393
32.02.35.2005,32,JAWA BARAT,32.02,KAB. SUKABUMI,32.02.35,CIREUNGHAS,TEGALPANJANG,43393
32.02.36.2001,32,JAWA BARAT,32.02,KAB. SUKABUMI,32.02.36,SUKALARANG,SUKALARANG,43391
32.02.36.2002,32,JAWA BARAT,32.02,KAB. SUKABUMI,32.02.36,SUKALARANG,SUKAMAJU,43391
32.02.36.2003,32,JAWA BARAT,32.02,KAB. SUKABUMI,32.02.36,SUKALARANG,CIMANGKOK,43391
32.02.36.2004,32,JAWA BARAT,32.02,KAB. SUKABUMI,32.02.36,SUKALARANG,TITISAN,43391
32.02.36.2005,32,JAWA BARAT,32.02,KAB. SUKABUMI,32.02.36,SUKALARANG,SEMPLAK,43391
32.02.36.2006,32,JAWA BARAT,32.02,KAB. SUKABUMI,32.02.36,SUKALARANG,PRIANGANJAYA,43391
32.02.37.2001,32,JAWA BARAT,32.02,KAB. SUKABUMI,32.02.37,PABUARAN,PABUARAN,43373
32.02.37.2002,32,JAWA BARAT,32.02,KAB. SUKABUMI,32.02.37,PABUARAN,CIWALAT,43373
32.02.37.2003,32,JAWA BARAT,32.02,KAB. SUKABUMI,32.02.37,PABUARAN,SIRNASARI,43373
32.02.37.2004,32,JAWA BARAT,32.02,KAB. SUKABUMI,32.02.37,PABUARAN,BANTARSARI,43373
32.02.37.2005,32,JAWA BARAT,32.02,KAB. SUKABUMI,32.02.37,PABUARAN,SUKAJAYA,43373
32.02.37.2006,32,JAWA BARAT,32.02,KAB. SUKABUMI,32.02.37,PABUARAN,CIBADAK,43373
32.02.37.2007,32,JAWA BARAT,32.02,KAB. SUKABUMI,32.02.37,PABUARAN,LEMBUR SAWAH,43373
32.02.38.2001,32,JAWA BARAT,32.02,KAB. SUKABUMI,32.02.38,PURABAYA,PURABAYA,43387
32.02.38.2002,32,JAWA BARAT,32.02,KAB. SUKABUMI,32.02.38,PURABAYA,NEGLASARI,43387
32.02.38.2003,32,JAWA BARAT,32.02,KAB. SUKABUMI,32.02.38,PURABAYA,PAGELARAN,43387
32.02.38.2004,32,JAWA BARAT,32.02,KAB. SUKABUMI,32.02.38,PURABAYA,CIMERANG,43387
32.02.38.2005,32,JAWA BARAT,32.02,KAB. SUKABUMI,32.02.38,PURABAYA,CITAMIANG,43387
32.02.38.2006,32,JAWA BARAT,32.02,KAB. SUKABUMI,32.02.38,PURABAYA,MARGALUYU,43387
32.02.38.2007,32,JAWA BARAT,32.02,KAB. SUKABUMI,32.02.38,PURABAYA,CICUKANG,43387
32.02.39.2001,32,JAWA BARAT,32.02,KAB. SUKABUMI,32.02.39,NYALINDUNG,NYALINDUNG,43396
32.02.39.2002,32,JAWA BARAT,32.02,KAB. SUKABUMI,32.02.39,NYALINDUNG,NEGLASARI,43396
32.02.39.2003,32,JAWA BARAT,32.02,KAB. SUKABUMI,32.02.39,NYALINDUNG,SUKAMAJU,43396
32.02.39.2004,32,JAWA BARAT,32.02,KAB. SUKABUMI,32.02.39,NYALINDUNG,BOJONGKALONG,43396
32.02.39.2005,32,JAWA BARAT,32.02,KAB. SUKABUMI,32.02.39,NYALINDUNG,CIJANGKAR,43396
32.02.39.2006,32,JAWA BARAT,32.02,KAB. SUKABUMI,32.02.39,NYALINDUNG,MEKARSARI,43396
32.02.39.2007,32,JAWA BARAT,32.02,KAB. SUKABUMI,32.02.39,NYALINDUNG,WANGUNREJA,43396
32.02.39.2008,32,JAWA BARAT,32.02,KAB. SUKABUMI,32.02.39,NYALINDUNG,CISITU,43396
32.02.39.2009,32,JAWA BARAT,32.02,KAB. SUKABUMI,32.02.39,NYALINDUNG,BOJONGSARI,43396
32.02.39.2010,32,JAWA BARAT,32.02,KAB. SUKABUMI,32.02.39,NYALINDUNG,KERTAANGSANA,43396
32.02.40.2001,32,JAWA BARAT,32.02,KAB. SUKABUMI,32.02.40,GEGERBITUNG,GEGERBITUNG,43397
32.02.40.2002,32,JAWA BARAT,32.02,KAB. SUKABUMI,32.02.40,GEGERBITUNG,CIJUREY,43397
32.02.40.2003,32,JAWA BARAT,32.02,KAB. SUKABUMI,32.02.40,GEGERBITUNG,CIENGANG,43397
32.02.40.2004,32,JAWA BARAT,32.02,KAB. SUKABUMI,32.02.40,GEGERBITUNG,KARANGJAYA,43397
32.02.40.2005,32,JAWA BARAT,32.02,KAB. SUKABUMI,32.02.40,GEGERBITUNG,CARINGIN,43397
32.02.40.2006,32,JAWA BARAT,32.02,KAB. SUKABUMI,32.02.40,GEGERBITUNG,SUKAMANAH,43397
32.02.40.2007,32,JAWA BARAT,32.02,KAB. SUKABUMI,32.02.40,GEGERBITUNG,BUNIWANGI,43397
32.02.41.2001,32,JAWA BARAT,32.02,KAB. SUKABUMI,32.02.41,SAGARANTEN,SAGARANTEN,43381
32.02.41.2002,32,JAWA BARAT,32.02,KAB. SUKABUMI,32.02.41,SAGARANTEN,CURUGLUHUR,43381
32.02.41.2003,32,JAWA BARAT,32.02,KAB. SUKABUMI,32.02.41,SAGARANTEN,CIBAREGBEG,43381
32.02.41.2004,32,JAWA BARAT,32.02,KAB. SUKABUMI,32.02.41,SAGARANTEN,PASANGGRAHAN,43381
32.02.41.2005,32,JAWA BARAT,32.02,KAB. SUKABUMI,32.02.41,SAGARANTEN,DATARNANGKA,43381
32.02.41.2006,32,JAWA BARAT,32.02,KAB. SUKABUMI,32.02.41,SAGARANTEN,PUNCAKMANGGIS,43381
32.02.41.2007,32,JAWA BARAT,32.02,KAB. SUKABUMI,32.02.41,SAGARANTEN,HEGARMANAH,43381
32.02.41.2008,32,JAWA BARAT,32.02,KAB. SUKABUMI,32.02.41,SAGARANTEN,GUNUNGBENTANG,43381
32.02.41.2009,32,JAWA BARAT,32.02,KAB. SUKABUMI,32.02.41,SAGARANTEN,SINARBENTANG,43381
32.02.41.2010,32,JAWA BARAT,32.02,KAB. SUKABUMI,32.02.41,SAGARANTEN,CIBITUNG,43381
32.02.41.2011,32,JAWA BARAT,32.02,KAB. SUKABUMI,32.02.41,SAGARANTEN,MARGALUYU,43381
32.02.41.2012,32,JAWA BARAT,32.02,KAB. SUKABUMI,32.02.41,SAGARANTEN,MEKARSARI,43381
32.02.42.2001,32,JAWA BARAT,32.02,KAB. SUKABUMI,32.02.42,CURUGKEMBAR,CURUGKEMBAR,43382
32.02.42.2002,32,JAWA BARAT,32.02,KAB. SUKABUMI,32.02.42,CURUGKEMBAR,CIMENTENG,43382
32.02.42.2003,32,JAWA BARAT,32.02,KAB. SUKABUMI,32.02.42,CURUGKEMBAR,TANJUNGSARI,43382
32.02.42.2004,32,JAWA BARAT,32.02,KAB. SUKABUMI,32.02.42,CURUGKEMBAR,SINDANGRAJA,43382
32.02.42.2005,32,JAWA BARAT,32.02,KAB. SUKABUMI,32.02.42,CURUGKEMBAR,MEKARTANJUNG,43382
32.02.42.2006,32,JAWA BARAT,32.02,KAB. SUKABUMI,32.02.42,CURUGKEMBAR,NAGRAKJAYA,43382
32.02.42.2007,32,JAWA BARAT,32.02,KAB. SUKABUMI,32.02.42,CURUGKEMBAR,BOJONG TUGU,43382
32.02.43.2001,32,JAWA BARAT,32.02,KAB. SUKABUMI,32.02.43,CIDOLOG,CIDOLOG,43384
32.02.43.2002,32,JAWA BARAT,32.02,KAB. SUKABUMI,32.02.43,CIDOLOG,CIPAMINGKIS,43384
32.02.43.2003,32,JAWA BARAT,32.02,KAB. SUKABUMI,32.02.43,CIDOLOG,CIKARANG,43384
32.02.43.2004,32,JAWA BARAT,32.02,KAB. SUKABUMI,32.02.43,CIDOLOG,TEGALLEGA,43384
32.02.43.2005,32,JAWA BARAT,32.02,KAB. SUKABUMI,32.02.43,CIDOLOG,MEKARJAYA,43384
32.02.44.2001,32,JAWA BARAT,32.02,KAB. SUKABUMI,32.02.44,CIDADAP,PADASENANG,43383
32.02.44.2002,32,JAWA BARAT,32.02,KAB. SUKABUMI,32.02.44,CIDADAP,CIDADAP,43383
32.02.44.2003,32,JAWA BARAT,32.02,KAB. SUKABUMI,32.02.44,CIDADAP,BANJARSARI,43383
32.02.44.2004,32,JAWA BARAT,32.02,KAB. SUKABUMI,32.02.44,CIDADAP,HEGARMULYA,43383
32.02.44.2005,32,JAWA BARAT,32.02,KAB. SUKABUMI,32.02.44,CIDADAP,TENJOLAUT,43383
32.02.44.2006,32,JAWA BARAT,32.02,KAB. SUKABUMI,32.02.44,CIDADAP,MEKARTANI,43383
32.02.45.2001,32,JAWA BARAT,32.02,KAB. SUKABUMI,32.02.45,TEGALBULEUD,TEGALBULEUD,43386
32.02.45.2002,32,JAWA BARAT,32.02,KAB. SUKABUMI,32.02.45,TEGALBULEUD,BANGBAYANG,43386
32.02.45.2003,32,JAWA BARAT,32.02,KAB. SUKABUMI,32.02.45,TEGALBULEUD,SUMBERJAYA,43386
32.02.45.2004,32,JAWA BARAT,32.02,KAB. SUKABUMI,32.02.45,TEGALBULEUD,CALINGCING,43386
32.02.45.2005,32,JAWA BARAT,32.02,KAB. SUKABUMI,32.02.45,TEGALBULEUD,NANGELA,43386
32.02.45.2006,32,JAWA BARAT,32.02,KAB. SUKABUMI,32.02.45,TEGALBULEUD,RAMBAY,43386
32.02.45.2007,32,JAWA BARAT,32.02,KAB. SUKABUMI,32.02.45,TEGALBULEUD,BUNIASIH,43386
32.02.45.2008,32,JAWA BARAT,32.02,KAB. SUKABUMI,32.02.45,TEGALBULEUD,SIRNAMEKAR,43386
32.02.46.2001,32,JAWA BARAT,32.02,KAB. SUKABUMI,32.02.46,CIMANGGU,CIMANGGU,43388
32.02.46.2002,32,JAWA BARAT,32.02,KAB. SUKABUMI,32.02.46,CIMANGGU,SUKAMAJU,43388
32.02.46.2003,32,JAWA BARAT,32.02,KAB. SUKABUMI,32.02.46,CIMANGGU,SUKAJADI,43388
32.02.46.2004,32,JAWA BARAT,32.02,KAB. SUKABUMI,32.02.46,CIMANGGU,KARANGMEKAR,43388
32.02.46.2005,32,JAWA BARAT,32.02,KAB. SUKABUMI,32.02.46,CIMANGGU,BOREGAHINDAH,43388
32.02.46.2006,32,JAWA BARAT,32.02,KAB. SUKABUMI,32.02.46,CIMANGGU,SUKAMANAH,43388
32.02.47.2001,32,JAWA BARAT,32.02,KAB. SUKABUMI,32.02.47,CIAMBAR,CIAMBAR,43352
32.02.47.2002,32,JAWA BARAT,32.02,KAB. SUKABUMI,32.02.47,CIAMBAR,GINANJAR,43352
32.02.47.2003,32,JAWA BARAT,32.02,KAB. SUKABUMI,32.02.47,CIAMBAR,WANGUNJAYA,43352
32.02.47.2004,32,JAWA BARAT,32.02,KAB. SUKABUMI,32.02.47,CIAMBAR,MUNJUL,43352
32.02.47.2005,32,JAWA BARAT,32.02,KAB. SUKABUMI,32.02.47,CIAMBAR,AMBARJAYA,43352
32.02.47.2006,32,JAWA BARAT,32.02,KAB. SUKABUMI,32.02.47,CIAMBAR,CIBUNARJAYA,43352
32.03.01.1006,32,JAWA BARAT,32.03,KAB. CIANJUR,32.03.01,CIANJUR,PAMOYANAN,43211
32.03.01.1007,32,JAWA BARAT,32.03,KAB. CIANJUR,32.03.01,CIANJUR,SAWAHGEDE,43212
32.03.01.1008,32,JAWA BARAT,32.03,KAB. CIANJUR,32.03.01,CIANJUR,BOJONGHERANG,43216
32.03.01.1009,32,JAWA BARAT,32.03,KAB. CIANJUR,32.03.01,CIANJUR,SAYANG,43213
32.03.01.1010,32,JAWA BARAT,32.03,KAB. CIANJUR,32.03.01,CIANJUR,SOLOKPANDAN,43214
32.03.01.1011,32,JAWA BARAT,32.03,KAB. CIANJUR,32.03.01,CIANJUR,MUKA,43215
32.03.01.2001,32,JAWA BARAT,32.03,KAB. CIANJUR,32.03.01,CIANJUR,BABAKAN KARET,43217
32.03.01.2002,32,JAWA BARAT,32.03,KAB. CIANJUR,32.03.01,CIANJUR,NAGRAK,43219
32.03.01.2003,32,JAWA BARAT,32.03,KAB. CIANJUR,32.03.01,CIANJUR,SUKAMAJU,43219
32.03.01.2004,32,JAWA BARAT,32.03,KAB. CIANJUR,32.03.01,CIANJUR,MEKARSARI,43218
32.03.01.2005,32,JAWA BARAT,32.03,KAB. CIANJUR,32.03.01,CIANJUR,LIMBANGANSARI,43218
32.03.02.2002,32,JAWA BARAT,32.03,KAB. CIANJUR,32.03.02,WARUNGKONDANG,JAMBUDIPA,43261
32.03.02.2006,32,JAWA BARAT,32.03,KAB. CIANJUR,32.03.02,WARUNGKONDANG,CISARANDI,43261
32.03.02.2007,32,JAWA BARAT,32.03,KAB. CIANJUR,32.03.02,WARUNGKONDANG,CIKAROYA,43261
32.03.02.2008,32,JAWA BARAT,32.03,KAB. CIANJUR,32.03.02,WARUNGKONDANG,BUNIKASIH,43261
32.03.02.2009,32,JAWA BARAT,32.03,KAB. CIANJUR,32.03.02,WARUNGKONDANG,CIWALEN,43261
32.03.02.2010,32,JAWA BARAT,32.03,KAB. CIANJUR,32.03.02,WARUNGKONDANG,TEGALLEGA,43261
32.03.02.2011,32,JAWA BARAT,32.03,KAB. CIANJUR,32.03.02,WARUNGKONDANG,SUKAWANGI,43261
32.03.02.2014,32,JAWA BARAT,32.03,KAB. CIANJUR,32.03.02,WARUNGKONDANG,BUNISARI,43261
32.03.02.2016,32,JAWA BARAT,32.03,KAB. CIANJUR,32.03.02,WARUNGKONDANG,SUKAMULYA,43261
32.03.02.2017,32,JAWA BARAT,32.03,KAB. CIANJUR,32.03.02,WARUNGKONDANG,CIEUNDEUR,43261
32.03.02.2018,32,JAWA BARAT,32.03,KAB. CIANJUR,32.03.02,WARUNGKONDANG,MEKARWANGI,43261
32.03.03.2001,32,JAWA BARAT,32.03,KAB. CIANJUR,32.03.03,CIBEBER,CIPETIR,43262
32.03.03.2002,32,JAWA BARAT,32.03,KAB. CIANJUR,32.03.03,CIBEBER,CIHAUR,43262
32.03.03.2003,32,JAWA BARAT,32.03,KAB. CIANJUR,32.03.03,CIBEBER,CIMANGGU,43262
32.03.03.2004,32,JAWA BARAT,32.03,KAB. CIANJUR,32.03.03,CIBEBER,CIBAREGBEG,43262
32.03.03.2005,32,JAWA BARAT,32.03,KAB. CIANJUR,32.03.03,CIBEBER,SUKARAHARJA,43262
32.03.03.2006,32,JAWA BARAT,32.03,KAB. CIANJUR,32.03.03,CIBEBER,PEUTEUYCONDONG,43262
32.03.03.2007,32,JAWA BARAT,32.03,KAB. CIANJUR,32.03.03,CIBEBER,MAYAK,43262
32.03.03.2008,32,JAWA BARAT,32.03,KAB. CIANJUR,32.03.03,CIBEBER,CIKONDANG,43262
32.03.03.2009,32,JAWA BARAT,32.03,KAB. CIANJUR,32.03.03,CIBEBER,CIBOKOR,43262
32.03.03.2010,32,JAWA BARAT,32.03,KAB. CIANJUR,32.03.03,CIBEBER,SELAGEDANG,43262
32.03.03.2011,32,JAWA BARAT,32.03,KAB. CIANJUR,32.03.03,CIBEBER,KARANGNUNGGAL,43262
32.03.03.2012,32,JAWA BARAT,32.03,KAB. CIANJUR,32.03.03,CIBEBER,KANOMAN,43262
32.03.03.2013,32,JAWA BARAT,32.03,KAB. CIANJUR,32.03.03,CIBEBER,SUKAMAJU,43262
32.03.03.2014,32,JAWA BARAT,32.03,KAB. CIANJUR,32.03.03,CIBEBER,GIRIMULYA,43262
32.03.03.2015,32,JAWA BARAT,32.03,KAB. CIANJUR,32.03.03,CIBEBER,CISALAK,43262
32.03.03.2016,32,JAWA BARAT,32.03,KAB. CIANJUR,32.03.03,CIBEBER,CIBADAK,43262
32.03.03.2017,32,JAWA BARAT,32.03,KAB. CIANJUR,32.03.03,CIBEBER,SUKAMANAH,43262
32.03.03.2018,32,JAWA BARAT,32.03,KAB. CIANJUR,32.03.03,CIBEBER,SALAMNUNGGAL,43262
32.03.04.2001,32,JAWA BARAT,32.03,KAB. CIANJUR,32.03.04,CILAKU,RANCAGOONG,43285
32.03.04.2002,32,JAWA BARAT,32.03,KAB. CIANJUR,32.03.04,CILAKU,SUKASARI,43285
32.03.04.2003,32,JAWA BARAT,32.03,KAB. CIANJUR,32.03.04,CILAKU,SIRNAGALIH,43285
32.03.04.2004,32,JAWA BARAT,32.03,KAB. CIANJUR,32.03.04,CILAKU,SUKAKERTA,43285
32.03.04.2005,32,JAWA BARAT,32.03,KAB. CIANJUR,32.03.04,CILAKU,CIBINONGHILIR,43285
32.03.04.2006,32,JAWA BARAT,32.03,KAB. CIANJUR,32.03.04,CILAKU,RAHONG,43285
32.03.04.2007,32,JAWA BARAT,32.03,KAB. CIANJUR,32.03.04,CILAKU,MUNJUL,43285
32.03.04.2008,32,JAWA BARAT,32.03,KAB. CIANJUR,32.03.04,CILAKU,SINDANGSARI,43285
32.03.04.2009,32,JAWA BARAT,32.03,KAB. CIANJUR,32.03.04,CILAKU,CIHARASHAS,43285
32.03.04.2010,32,JAWA BARAT,32.03,KAB. CIANJUR,32.03.04,CILAKU,MULYASARI,43285
32.03.05.2001,32,JAWA BARAT,32.03,KAB. CIANJUR,32.03.05,CIRANJANG,CIRANJANG,43282
32.03.05.2002,32,JAWA BARAT,32.03,KAB. CIANJUR,32.03.05,CIRANJANG,SINDANGJAYA,43282
32.03.05.2004,32,JAWA BARAT,32.03,KAB. CIANJUR,32.03.05,CIRANJANG,CIBIUK,43282
32.03.05.2005,32,JAWA BARAT,32.03,KAB. CIANJUR,32.03.05,CIRANJANG,GUNUNGSARI,43282
32.03.05.2006,32,JAWA BARAT,32.03,KAB. CIANJUR,32.03.05,CIRANJANG,KARANGWANGI,43282
32.03.05.2007,32,JAWA BARAT,32.03,KAB. CIANJUR,32.03.05,CIRANJANG,NANGGALAMEKAR,43282
32.03.05.2008,32,JAWA BARAT,32.03,KAB. CIANJUR,32.03.05,CIRANJANG,KERTAJAYA,43282
32.03.05.2009,32,JAWA BARAT,32.03,KAB. CIANJUR,32.03.05,CIRANJANG,SINDANGSARI,43282
32.03.05.2012,32,JAWA BARAT,32.03,KAB. CIANJUR,32.03.05,CIRANJANG,MEKARGALIH,43282
32.03.06.2001,32,JAWA BARAT,32.03,KAB. CIANJUR,32.03.06,BOJONGPICUNG,HEGARMANAH,43283
32.03.06.2002,32,JAWA BARAT,32.03,KAB. CIANJUR,32.03.06,BOJONGPICUNG,BOJONGPICUNG,43283
32.03.06.2004,32,JAWA BARAT,32.03,KAB. CIANJUR,32.03.06,BOJONGPICUNG,CIBARENGKOK,43283
32.03.06.2006,32,JAWA BARAT,32.03,KAB. CIANJUR,32.03.06,BOJONGPICUNG,KEMANG,43283
32.03.06.2007,32,JAWA BARAT,32.03,KAB. CIANJUR,32.03.06,BOJONGPICUNG,SUKAJAYA,43283
32.03.06.2008,32,JAWA BARAT,32.03,KAB. CIANJUR,32.03.06,BOJONGPICUNG,JATI,43283
32.03.06.2009,32,JAWA BARAT,32.03,KAB. CIANJUR,32.03.06,BOJONGPICUNG,CIKONDANG,43283
32.03.06.2010,32,JAWA BARAT,32.03,KAB. CIANJUR,32.03.06,BOJONGPICUNG,SUKARAMA,43283
32.03.06.2012,32,JAWA BARAT,32.03,KAB. CIANJUR,32.03.06,BOJONGPICUNG,SUKARATU,43283
32.03.06.2013,32,JAWA BARAT,32.03,KAB. CIANJUR,32.03.06,BOJONGPICUNG,NEGLASARI,43283
32.03.06.2014,32,JAWA BARAT,32.03,KAB. CIANJUR,32.03.06,BOJONGPICUNG,JATISARI,43283
32.03.07.2001,32,JAWA BARAT,32.03,KAB. CIANJUR,32.03.07,KARANGTENGAH,SUKAMANAH,43281
32.03.07.2002,32,JAWA BARAT,32.03,KAB. CIANJUR,32.03.07,KARANGTENGAH,BOJONG,43281
32.03.07.2003,32,JAWA BARAT,32.03,KAB. CIANJUR,32.03.07,KARANGTENGAH,SINDANGLAKA,43281
32.03.07.2004,32,JAWA BARAT,32.03,KAB. CIANJUR,32.03.07,KARANGTENGAH,MALEBER,43281
32.03.07.2005,32,JAWA BARAT,32.03,KAB. CIANJUR,32.03.07,KARANGTENGAH,CIHERANG,43281
32.03.07.2006,32,JAWA BARAT,32.03,KAB. CIANJUR,32.03.07,KARANGTENGAH,SUKAMANTRI,43281
32.03.07.2007,32,JAWA BARAT,32.03,KAB. CIANJUR,32.03.07,KARANGTENGAH,SUKASARANA,43281
32.03.07.2008,32,JAWA BARAT,32.03,KAB. CIANJUR,32.03.07,KARANGTENGAH,SUKASARI,43281
32.03.07.2009,32,JAWA BARAT,32.03,KAB. CIANJUR,32.03.07,KARANGTENGAH,BABAKANCARINGIN,43281
32.03.07.2010,32,JAWA BARAT,32.03,KAB. CIANJUR,32.03.07,KARANGTENGAH,SABANDAR,43281
32.03.07.2011,32,JAWA BARAT,32.03,KAB. CIANJUR,32.03.07,KARANGTENGAH,SINDANGASIH,43281
32.03.07.2012,32,JAWA BARAT,32.03,KAB. CIANJUR,32.03.07,KARANGTENGAH,SUKATARIS,43281
32.03.07.2013,32,JAWA BARAT,32.03,KAB. CIANJUR,32.03.07,KARANGTENGAH,LANGENSARI,43281
32.03.07.2014,32,JAWA BARAT,32.03,KAB. CIANJUR,32.03.07,KARANGTENGAH,HEGARMANAH,43281
32.03.07.2015,32,JAWA BARAT,32.03,KAB. CIANJUR,32.03.07,KARANGTENGAH,SUKAJADI,43281
32.03.07.2016,32,JAWA BARAT,32.03,KAB. CIANJUR,32.03.07,KARANGTENGAH,SUKAMULYA,43281
32.03.08.2001,32,JAWA BARAT,32.03,KAB. CIANJUR,32.03.08,MANDE,KADEMANGAN,43292
32.03.08.2002,32,JAWA BARAT,32.03,KAB. CIANJUR,32.03.08,MANDE,BOBOJONG,43292
32.03.08.2003,32,JAWA BARAT,32.03,KAB. CIANJUR,32.03.08,MANDE,JAMALI,43292
32.03.08.2004,32,JAWA BARAT,32.03,KAB. CIANJUR,32.03.08,MANDE,CIKIDANGBAYABANG,43292
32.03.08.2005,32,JAWA BARAT,32.03,KAB. CIANJUR,32.03.08,MANDE,MANDE,43292
32.03.08.2006,32,JAWA BARAT,32.03,KAB. CIANJUR,32.03.08,MANDE,MULYASARI,43292
32.03.08.2007,32,JAWA BARAT,32.03,KAB. CIANJUR,32.03.08,MANDE,CIANDAM,43292
32.03.08.2008,32,JAWA BARAT,32.03,KAB. CIANJUR,32.03.08,MANDE,SUKAMANAH,43292
32.03.08.2009,32,JAWA BARAT,32.03,KAB. CIANJUR,32.03.08,MANDE,LEUWIKOJA,43292
32.03.08.2010,32,JAWA BARAT,32.03,KAB. CIANJUR,32.03.08,MANDE,MEKARJAYA,43292
32.03.08.2011,32,JAWA BARAT,32.03,KAB. CIANJUR,32.03.08,MANDE,KUTAWARINGIN,43292
32.03.08.2012,32,JAWA BARAT,32.03,KAB. CIANJUR,32.03.08,MANDE,MURNISARI,43292
32.03.09.2001,32,JAWA BARAT,32.03,KAB. CIANJUR,32.03.09,SUKALUYU,SELAJAMBE,43284
32.03.09.2002,32,JAWA BARAT,32.03,KAB. CIANJUR,32.03.09,SUKALUYU,SUKAMULYA,43284
32.03.09.2003,32,JAWA BARAT,32.03,KAB. CIANJUR,32.03.09,SUKALUYU,PANYUSUHAN,43284
32.03.09.2004,32,JAWA BARAT,32.03,KAB. CIANJUR,32.03.09,SUKALUYU,TANJUNGSARI,43284
32.03.09.2005,32,JAWA BARAT,32.03,KAB. CIANJUR,32.03.09,SUKALUYU,SIDANGRAJA,43284
32.03.09.2006,32,JAWA BARAT,32.03,KAB. CIANJUR,32.03.09,SUKALUYU,MEKARJAYA,43284
32.03.09.2007,32,JAWA BARAT,32.03,KAB. CIANJUR,32.03.09,SUKALUYU,SUKASIRNA,43284
32.03.09.2008,32,JAWA BARAT,32.03,KAB. CIANJUR,32.03.09,SUKALUYU,SUKALUYU,43284
32.03.09.2009,32,JAWA BARAT,32.03,KAB. CIANJUR,32.03.09,SUKALUYU,BABAKANSARI,43284
32.03.09.2010,32,JAWA BARAT,32.03,KAB. CIANJUR,32.03.09,SUKALUYU,HEGARMANAH,43284
32.03.10.2001,32,JAWA BARAT,32.03,KAB. CIANJUR,32.03.10,PACET,CIHERANG,43253
32.03.10.2003,32,JAWA BARAT,32.03,KAB. CIANJUR,32.03.10,PACET,CIBODAS,43253
32.03.10.2005,32,JAWA BARAT,32.03,KAB. CIANJUR,32.03.10,PACET,SUKANAGALIH,43253
32.03.10.2007,32,JAWA BARAT,32.03,KAB. CIANJUR,32.03.10,PACET,CIPENDAWA,43253
32.03.10.2010,32,JAWA BARAT,32.03,KAB. CIANJUR,32.03.10,PACET,CIPUTRI,43253
32.03.10.2012,32,JAWA BARAT,32.03,KAB. CIANJUR,32.03.10,PACET,GADOG,43253
32.03.10.2013,32,JAWA BARAT,32.03,KAB. CIANJUR,32.03.10,PACET,SUKATANI,43253
32.03.11.2001,32,JAWA BARAT,32.03,KAB. CIANJUR,32.03.11,CUGENANG,SUKAMANAH,43252
32.03.11.2002,32,JAWA BARAT,32.03,KAB. CIANJUR,32.03.11,CUGENANG,GASOL,43252
32.03.11.2003,32,JAWA BARAT,32.03,KAB. CIANJUR,32.03.11,CUGENANG,CIJEDIL,43252
32.03.11.2004,32,JAWA BARAT,32.03,KAB. CIANJUR,32.03.11,CUGENANG,CIBEUREUM,43252
32.03.11.2005,32,JAWA BARAT,32.03,KAB. CIANJUR,32.03.11,CUGENANG,NYALINDUNG,43252
32.03.11.2006,32,JAWA BARAT,32.03,KAB. CIANJUR,32.03.11,CUGENANG,MANGUNKERTA,43252
32.03.11.2007,32,JAWA BARAT,32.03,KAB. CIANJUR,32.03.11,CUGENANG,SARAMPAD,43252
32.03.11.2008,32,JAWA BARAT,32.03,KAB. CIANJUR,32.03.11,CUGENANG,TALAGA,43252
32.03.11.2009,32,JAWA BARAT,32.03,KAB. CIANJUR,32.03.11,CUGENANG,SUKAJAYA,43252
32.03.11.2010,32,JAWA BARAT,32.03,KAB. CIANJUR,32.03.11,CUGENANG,CIBULAKAN,43252
32.03.11.2011,32,JAWA BARAT,32.03,KAB. CIANJUR,32.03.11,CUGENANG,BENJOT,43252
32.03.11.2012,32,JAWA BARAT,32.03,KAB. CIANJUR,32.03.11,CUGENANG,SUKAMULYA,43252
32.03.11.2013,32,JAWA BARAT,32.03,KAB. CIANJUR,32.03.11,CUGENANG,WANGUNJAYA,43252
32.03.11.2014,32,JAWA BARAT,32.03,KAB. CIANJUR,32.03.11,CUGENANG,CIRUMPUT,43252
32.03.11.2015,32,JAWA BARAT,32.03,KAB. CIANJUR,32.03.11,CUGENANG,PADALUYU,43252
32.03.11.2016,32,JAWA BARAT,32.03,KAB. CIANJUR,32.03.11,CUGENANG,GALUDRA,43252
32.03.12.2001,32,JAWA BARAT,32.03,KAB. CIANJUR,32.03.12,CIKALONGKULON,SUKAGALIH,43291
32.03.12.2002,32,JAWA BARAT,32.03,KAB. CIANJUR,32.03.12,CIKALONGKULON,GUDANG,43291
32.03.12.2003,32,JAWA BARAT,32.03,KAB. CIANJUR,32.03.12,CIKALONGKULON,CINANGSI,43291
32.03.12.2004,32,JAWA BARAT,32.03,KAB. CIANJUR,32.03.12,CIKALONGKULON,CIJAGANG,43291
32.03.12.2005,32,JAWA BARAT,32.03,KAB. CIANJUR,32.03.12,CIKALONGKULON,MAJALAYA,43291
32.03.12.2006,32,JAWA BARAT,32.03,KAB. CIANJUR,32.03.12,CIKALONGKULON,KAMURANG,43291
32.03.12.2007,32,JAWA BARAT,32.03,KAB. CIANJUR,32.03.12,CIKALONGKULON,WARUDOYONG,43291
32.03.12.2008,32,JAWA BARAT,32.03,KAB. CIANJUR,32.03.12,CIKALONGKULON,CIRAMAGIRANG,43291
32.03.12.2009,32,JAWA BARAT,32.03,KAB. CIANJUR,32.03.12,CIKALONGKULON,MEKARJAYA,43291
32.03.12.2010,32,JAWA BARAT,32.03,KAB. CIANJUR,32.03.12,CIKALONGKULON,SUKAMULYA,43291
32.03.12.2011,32,JAWA BARAT,32.03,KAB. CIANJUR,32.03.12,CIKALONGKULON,PADAJAYA,43291
32.03.12.2012,32,JAWA BARAT,32.03,KAB. CIANJUR,32.03.12,CIKALONGKULON,CIGUNUNGHERANG,43291
32.03.12.2013,32,JAWA BARAT,32.03,KAB. CIANJUR,32.03.12,CIKALONGKULON,NEGLASARI,43291
32.03.12.2014,32,JAWA BARAT,32.03,KAB. CIANJUR,32.03.12,CIKALONGKULON,MEKARGALIH,43291
32.03.12.2015,32,JAWA BARAT,32.03,KAB. CIANJUR,32.03.12,CIKALONGKULON,LEMBAHSARI,43291
32.03.12.2016,32,JAWA BARAT,32.03,KAB. CIANJUR,32.03.12,CIKALONGKULON,MENTENGSARI,43291
32.03.12.2017,32,JAWA BARAT,32.03,KAB. CIANJUR,32.03.12,CIKALONGKULON,MEKARSARI,43291
32.03.12.2018,32,JAWA BARAT,32.03,KAB. CIANJUR,32.03.12,CIKALONGKULON,MEKARMULYA,43291
32.03.13.2001,32,JAWA BARAT,32.03,KAB. CIANJUR,32.03.13,SUKARESMI,CIKANYERE,43254
32.03.13.2002,32,JAWA BARAT,32.03,KAB. CIANJUR,32.03.13,SUKARESMI,CIKANCANA,43254
32.03.13.2003,32,JAWA BARAT,32.03,KAB. CIANJUR,32.03.13,SUKARESMI,CIWALEN,43254
32.03.13.2004,32,JAWA BARAT,32.03,KAB. CIANJUR,32.03.13,SUKARESMI,KAWUNGLUWUK,43254
32.03.13.2005,32,JAWA BARAT,32.03,KAB. CIANJUR,32.03.13,SUKARESMI,CIBADAK,43254
32.03.13.2006,32,JAWA BARAT,32.03,KAB. CIANJUR,32.03.13,SUKARESMI,SUKAMAHI,43254
32.03.13.2007,32,JAWA BARAT,32.03,KAB. CIANJUR,32.03.13,SUKARESMI,SUKARESMI,43254
32.03.13.2008,32,JAWA BARAT,32.03,KAB. CIANJUR,32.03.13,SUKARESMI,CIBANTENG,43254
32.03.13.2009,32,JAWA BARAT,32.03,KAB. CIANJUR,32.03.13,SUKARESMI,KUBANG,43254
32.03.13.2010,32,JAWA BARAT,32.03,KAB. CIANJUR,32.03.13,SUKARESMI,PAKUON,43254
32.03.13.2011,32,JAWA BARAT,32.03,KAB. CIANJUR,32.03.13,SUKARESMI,RAWABELUT,43254
32.03.14.2001,32,JAWA BARAT,32.03,KAB. CIANJUR,32.03.14,SUKANAGARA,SUKANAGARA,43264
32.03.14.2002,32,JAWA BARAT,32.03,KAB. CIANJUR,32.03.14,SUKANAGARA,SUKAJEMBAR,43264
32.03.14.2003,32,JAWA BARAT,32.03,KAB. CIANJUR,32.03.14,SUKANAGARA,SUKAKARYA,43264
32.03.14.2004,32,JAWA BARAT,32.03,KAB. CIANJUR,32.03.14,SUKANAGARA,CIGUHA,43264
32.03.14.2005,32,JAWA BARAT,32.03,KAB. CIANJUR,32.03.14,SUKANAGARA,SUKAMEKAR,43264
32.03.14.2006,32,JAWA BARAT,32.03,KAB. CIANJUR,32.03.14,SUKANAGARA,GUNUNGSARI,43264
32.03.14.2007,32,JAWA BARAT,32.03,KAB. CIANJUR,32.03.14,SUKANAGARA,SUKALAKSANA,43264
32.03.14.2008,32,JAWA BARAT,32.03,KAB. CIANJUR,32.03.14,SUKANAGARA,SUKARAME,43264
32.03.14.2009,32,JAWA BARAT,32.03,KAB. CIANJUR,32.03.14,SUKANAGARA,SINDANGSARI,43264
32.03.14.2010,32,JAWA BARAT,32.03,KAB. CIANJUR,32.03.14,SUKANAGARA,JAYAGIRI,43264
32.03.15.2001,32,JAWA BARAT,32.03,KAB. CIANJUR,32.03.15,CAMPAKA,CIDADAP,43263
32.03.15.2002,32,JAWA BARAT,32.03,KAB. CIANJUR,32.03.15,CAMPAKA,CIMENTENG,43263
32.03.15.2003,32,JAWA BARAT,32.03,KAB. CIANJUR,32.03.15,CAMPAKA,SUSUKAN,43263
32.03.15.2004,32,JAWA BARAT,32.03,KAB. CIANJUR,32.03.15,CAMPAKA,SUKAJADI,43263
32.03.15.2005,32,JAWA BARAT,32.03,KAB. CIANJUR,32.03.15,CAMPAKA,SUKADANA,43263
32.03.15.2006,32,JAWA BARAT,32.03,KAB. CIANJUR,32.03.15,CAMPAKA,MARGALUYU,43263
32.03.15.2007,32,JAWA BARAT,32.03,KAB. CIANJUR,32.03.15,CAMPAKA,KARYAMUKTI,43263
32.03.15.2008,32,JAWA BARAT,32.03,KAB. CIANJUR,32.03.15,CAMPAKA,CAMPAKA,43263
32.03.15.2009,32,JAWA BARAT,32.03,KAB. CIANJUR,32.03.15,CAMPAKA,WANGUNJAYA,43263
32.03.15.2010,32,JAWA BARAT,32.03,KAB. CIANJUR,32.03.15,CAMPAKA,GIRIMUKTI,43263
32.03.15.2011,32,JAWA BARAT,32.03,KAB. CIANJUR,32.03.15,CAMPAKA,MEKARJAYA,43263
32.03.16.2001,32,JAWA BARAT,32.03,KAB. CIANJUR,32.03.16,TAKOKAK,PASAWAHAN,43265
32.03.16.2002,32,JAWA BARAT,32.03,KAB. CIANJUR,32.03.16,TAKOKAK,SINDANGRESMI,43265
32.03.16.2003,32,JAWA BARAT,32.03,KAB. CIANJUR,32.03.16,TAKOKAK,SINDANGHAYU,43265
32.03.16.2004,32,JAWA BARAT,32.03,KAB. CIANJUR,32.03.16,TAKOKAK,SIMPANG,43265
32.03.16.2005,32,JAWA BARAT,32.03,KAB. CIANJUR,32.03.16,TAKOKAK,SUKAGALIH,43265
32.03.16.2006,32,JAWA BARAT,32.03,KAB. CIANJUR,32.03.16,TAKOKAK,BUNGBANGSARI,43265
32.03.16.2007,32,JAWA BARAT,32.03,KAB. CIANJUR,32.03.16,TAKOKAK,CISUJEN,43265
32.03.16.2008,32,JAWA BARAT,32.03,KAB. CIANJUR,32.03.16,TAKOKAK,HEGARMANAH,43265
32.03.16.2009,32,JAWA BARAT,32.03,KAB. CIANJUR,32.03.16,TAKOKAK,WARINGINSARI,43265
32.03.17.2003,32,JAWA BARAT,32.03,KAB. CIANJUR,32.03.17,KADUPANDAK,SUKASARI,43268
32.03.17.2006,32,JAWA BARAT,32.03,KAB. CIANJUR,32.03.17,KADUPANDAK,PASIRDALEM,43268
32.03.17.2008,32,JAWA BARAT,32.03,KAB. CIANJUR,32.03.17,KADUPANDAK,TALAGASARI,43268
32.03.17.2009,32,JAWA BARAT,32.03,KAB. CIANJUR,32.03.17,KADUPANDAK,BOJONGKASIH,43268
32.03.17.2010,32,JAWA BARAT,32.03,KAB. CIANJUR,32.03.17,KADUPANDAK,WARGAASIH,43268
32.03.17.2011,32,JAWA BARAT,32.03,KAB. CIANJUR,32.03.17,KADUPANDAK,SUKARAHARJA,43268
32.03.17.2014,32,JAWA BARAT,32.03,KAB. CIANJUR,32.03.17,KADUPANDAK,SUKAKERTA,43268
32.03.17.2016,32,JAWA BARAT,32.03,KAB. CIANJUR,32.03.17,KADUPANDAK,NEGLASARI,43268
32.03.17.2017,32,JAWA BARAT,32.03,KAB. CIANJUR,32.03.17,KADUPANDAK,SUKARESMI,43268
32.03.17.2019,32,JAWA BARAT,32.03,KAB. CIANJUR,32.03.17,KADUPANDAK,WARGASARI,43268
32.03.17.2020,32,JAWA BARAT,32.03,KAB. CIANJUR,32.03.17,KADUPANDAK,SUKARAJA,43268
32.03.17.2021,32,JAWA BARAT,32.03,KAB. CIANJUR,32.03.17,KADUPANDAK,KADUPANDAK,43268
32.03.17.2022,32,JAWA BARAT,32.03,KAB. CIANJUR,32.03.17,KADUPANDAK,GANDASARI,43268
32.03.17.2023,32,JAWA BARAT,32.03,KAB. CIANJUR,32.03.17,KADUPANDAK,SINDANGSARI,43268
32.03.18.2001,32,JAWA BARAT,32.03,KAB. CIANJUR,32.03.18,PAGELARAN,PAGELARAN,43266
32.03.18.2002,32,JAWA BARAT,32.03,KAB. CIANJUR,32.03.18,PAGELARAN,PANGADEGAN,43266
32.03.18.2004,32,JAWA BARAT,32.03,KAB. CIANJUR,32.03.18,PAGELARAN,GELARANYAR,43266
32.03.18.2005,32,JAWA BARAT,32.03,KAB. CIANJUR,32.03.18,PAGELARAN,BUNIWANGI,43266
32.03.18.2007,32,JAWA BARAT,32.03,KAB. CIANJUR,32.03.18,PAGELARAN,SINDANGKERTA,43266
32.03.18.2008,32,JAWA BARAT,32.03,KAB. CIANJUR,32.03.18,PAGELARAN,PASIRBARU,43266
32.03.18.2009,32,JAWA BARAT,32.03,KAB. CIANJUR,32.03.18,PAGELARAN,BUNIJAYA,43266
32.03.18.2010,32,JAWA BARAT,32.03,KAB. CIANJUR,32.03.18,PAGELARAN,SITUHIANG,43266
32.03.18.2011,32,JAWA BARAT,32.03,KAB. CIANJUR,32.03.18,PAGELARAN,MEKARSARI,43266
32.03.18.2012,32,JAWA BARAT,32.03,KAB. CIANJUR,32.03.18,PAGELARAN,KERTARAHARJA,43266
32.03.18.2013,32,JAWA BARAT,32.03,KAB. CIANJUR,32.03.18,PAGELARAN,SELAGEDANG,43266
32.03.18.2014,32,JAWA BARAT,32.03,KAB. CIANJUR,32.03.18,PAGELARAN,PADAMAJU,43266
32.03.18.2015,32,JAWA BARAT,32.03,KAB. CIANJUR,32.03.18,PAGELARAN,KARANGHARJA,43266
32.03.18.2018,32,JAWA BARAT,32.03,KAB. CIANJUR,32.03.18,PAGELARAN,SUKAMAJU,43266
32.03.19.2001,32,JAWA BARAT,32.03,KAB. CIANJUR,32.03.19,TANGGEUNG,TANGGEUNG,43267
32.03.19.2002,32,JAWA BARAT,32.03,KAB. CIANJUR,32.03.19,TANGGEUNG,RAWAGEDE,43267
32.03.19.2003,32,JAWA BARAT,32.03,KAB. CIANJUR,32.03.19,TANGGEUNG,CILONGSONG,43267
32.03.19.2004,32,JAWA BARAT,32.03,KAB. CIANJUR,32.03.19,TANGGEUNG,MARGALUYU,43267
32.03.19.2005,32,JAWA BARAT,32.03,KAB. CIANJUR,32.03.19,TANGGEUNG,KARANGTENGAH,43267
32.03.19.2006,32,JAWA BARAT,32.03,KAB. CIANJUR,32.03.19,TANGGEUNG,PAGERMANEUH,43267
32.03.19.2007,32,JAWA BARAT,32.03,KAB. CIANJUR,32.03.19,TANGGEUNG,BOJONGPETIR,43267
32.03.19.2009,32,JAWA BARAT,32.03,KAB. CIANJUR,32.03.19,TANGGEUNG,PASIRJAMBU,43267
32.03.19.2010,32,JAWA BARAT,32.03,KAB. CIANJUR,32.03.19,TANGGEUNG,SIRNAJAYA,43267
32.03.19.2013,32,JAWA BARAT,32.03,KAB. CIANJUR,32.03.19,TANGGEUNG,KERTAJAYA,43267
32.03.19.2014,32,JAWA BARAT,32.03,KAB. CIANJUR,32.03.19,TANGGEUNG,SUKAJAYA,43267
32.03.19.2015,32,JAWA BARAT,32.03,KAB. CIANJUR,32.03.19,TANGGEUNG,PADALUYU,43267
32.03.20.2001,32,JAWA BARAT,32.03,KAB. CIANJUR,32.03.20,CIBINONG,PANANGGAPAN,43271
32.03.20.2002,32,JAWA BARAT,32.03,KAB. CIANJUR,32.03.20,CIBINONG,CIKANGKARENG,43271
32.03.20.2003,32,JAWA BARAT,32.03,KAB. CIANJUR,32.03.20,CIBINONG,SUKAJADI,43271
32.03.20.2004,32,JAWA BARAT,32.03,KAB. CIANJUR,32.03.20,CIBINONG,PANYINDANGAN,43271
32.03.20.2005,32,JAWA BARAT,32.03,KAB. CIANJUR,32.03.20,CIBINONG,PADASUKA,43271
32.03.20.2006,32,JAWA BARAT,32.03,KAB. CIANJUR,32.03.20,CIBINONG,CIMASKARA,43271
32.03.20.2007,32,JAWA BARAT,32.03,KAB. CIANJUR,32.03.20,CIBINONG,PAMOYANAN,43271
32.03.20.2008,32,JAWA BARAT,32.03,KAB. CIANJUR,32.03.20,CIBINONG,BATULAWANG,43271
32.03.20.2009,32,JAWA BARAT,32.03,KAB. CIANJUR,32.03.20,CIBINONG,SUKAMEKAR,43271
32.03.20.2010,32,JAWA BARAT,32.03,KAB. CIANJUR,32.03.20,CIBINONG,HAMERANG,43271
32.03.20.2011,32,JAWA BARAT,32.03,KAB. CIANJUR,32.03.20,CIBINONG,GIRIJAYA,43271
32.03.20.2012,32,JAWA BARAT,32.03,KAB. CIANJUR,32.03.20,CIBINONG,WARGALUYU,43271
32.03.20.2013,32,JAWA BARAT,32.03,KAB. CIANJUR,32.03.20,CIBINONG,MEKARMUKTI,43271
32.03.20.2014,32,JAWA BARAT,32.03,KAB. CIANJUR,32.03.20,CIBINONG,CIBURIAL,43271
32.03.21.2001,32,JAWA BARAT,32.03,KAB. CIANJUR,32.03.21,SINDANGBARANG,SAGANTEN,43272
32.03.21.2002,32,JAWA BARAT,32.03,KAB. CIANJUR,32.03.21,SINDANGBARANG,MUARACIKADU,43272
32.03.21.2003,32,JAWA BARAT,32.03,KAB. CIANJUR,32.03.21,SINDANGBARANG,JATISARI,43272
32.03.21.2004,32,JAWA BARAT,32.03,KAB. CIANJUR,32.03.21,SINDANGBARANG,SIRNAGALIH,43272
32.03.21.2005,32,JAWA BARAT,32.03,KAB. CIANJUR,32.03.21,SINDANGBARANG,JAYAGIRI,43272
32.03.21.2006,32,JAWA BARAT,32.03,KAB. CIANJUR,32.03.21,SINDANGBARANG,KERTASARI,43272
32.03.21.2007,32,JAWA BARAT,32.03,KAB. CIANJUR,32.03.21,SINDANGBARANG,GIRIMUKTI,43272
32.03.21.2008,32,JAWA BARAT,32.03,KAB. CIANJUR,32.03.21,SINDANGBARANG,TALAGASARI,43272
32.03.21.2009,32,JAWA BARAT,32.03,KAB. CIANJUR,32.03.21,SINDANGBARANG,HEGARSARI,43272
32.03.21.2010,32,JAWA BARAT,32.03,KAB. CIANJUR,32.03.21,SINDANGBARANG,MEKARLAKSANA,43272
32.03.21.2011,32,JAWA BARAT,32.03,KAB. CIANJUR,32.03.21,SINDANGBARANG,KERTAMUKTI,43272
32.03.22.2004,32,JAWA BARAT,32.03,KAB. CIANJUR,32.03.22,AGRABINTA,SUKAMANAH,43273
32.03.22.2005,32,JAWA BARAT,32.03,KAB. CIANJUR,32.03.22,AGRABINTA,BOJONGKASO,43273
32.03.22.2006,32,JAWA BARAT,32.03,KAB. CIANJUR,32.03.22,AGRABINTA,BUNISARI,43273
32.03.22.2007,32,JAWA BARAT,32.03,KAB. CIANJUR,32.03.22,AGRABINTA,WANASARI,43273
32.03.22.2010,32,JAWA BARAT,32.03,KAB. CIANJUR,32.03.22,AGRABINTA,SINARLAUT,43273
32.03.22.2014,32,JAWA BARAT,32.03,KAB. CIANJUR,32.03.22,AGRABINTA,NEGLASARI,43273
32.03.22.2016,32,JAWA BARAT,32.03,KAB. CIANJUR,32.03.22,AGRABINTA,KARANGSARI,43273
32.03.22.2017,32,JAWA BARAT,32.03,KAB. CIANJUR,32.03.22,AGRABINTA,MULYASARI,43273
32.03.22.2018,32,JAWA BARAT,32.03,KAB. CIANJUR,32.03.22,AGRABINTA,TANJUNG SARI,43273
32.03.22.2019,32,JAWA BARAT,32.03,KAB. CIANJUR,32.03.22,AGRABINTA,MEKARSARI,43273
32.03.22.2022,32,JAWA BARAT,32.03,KAB. CIANJUR,32.03.22,AGRABINTA,WANGUNJAYA,43273
32.03.23.2001,32,JAWA BARAT,32.03,KAB. CIANJUR,32.03.23,CIDAUN,CIDAMAR,43275
32.03.23.2002,32,JAWA BARAT,32.03,KAB. CIANJUR,32.03.23,CIDAUN,CIBULUH,43275
32.03.23.2003,32,JAWA BARAT,32.03,KAB. CIANJUR,32.03.23,CIDAUN,CISALAK,43275
32.03.23.2004,32,JAWA BARAT,32.03,KAB. CIANJUR,32.03.23,CIDAUN,CIMARAGANG,43275
32.03.23.2005,32,JAWA BARAT,32.03,KAB. CIANJUR,32.03.23,CIDAUN,MEKARJAYA,43275
32.03.23.2006,32,JAWA BARAT,32.03,KAB. CIANJUR,32.03.23,CIDAUN,KERTAJADI,43275
32.03.23.2007,32,JAWA BARAT,32.03,KAB. CIANJUR,32.03.23,CIDAUN,SUKAPURA,43275
32.03.23.2008,32,JAWA BARAT,32.03,KAB. CIANJUR,32.03.23,CIDAUN,GELARPAWITAN,43275
32.03.23.2009,32,JAWA BARAT,32.03,KAB. CIANJUR,32.03.23,CIDAUN,KARANGWANGI,43275
32.03.23.2010,32,JAWA BARAT,32.03,KAB. CIANJUR,32.03.23,CIDAUN,KARYABAKTI,43275
32.03.23.2011,32,JAWA BARAT,32.03,KAB. CIANJUR,32.03.23,CIDAUN,JAYAPURA,43275
32.03.23.2012,32,JAWA BARAT,32.03,KAB. CIANJUR,32.03.23,CIDAUN,NEGLASARI,43275
32.03.23.2013,32,JAWA BARAT,32.03,KAB. CIANJUR,32.03.23,CIDAUN,PUNCAKBARU,43275
32.03.23.2014,32,JAWA BARAT,32.03,KAB. CIANJUR,32.03.23,CIDAUN,GELARWANGI,43275
32.03.24.2001,32,JAWA BARAT,32.03,KAB. CIANJUR,32.03.24,NARINGGUL,NARINGGUL,43274
32.03.24.2002,32,JAWA BARAT,32.03,KAB. CIANJUR,32.03.24,NARINGGUL,BALEGEDE,43274
32.03.24.2003,32,JAWA BARAT,32.03,KAB. CIANJUR,32.03.24,NARINGGUL,WANGUNJAYA,43274
32.03.24.2004,32,JAWA BARAT,32.03,KAB. CIANJUR,32.03.24,NARINGGUL,MEKARSARI,43274
32.03.24.2005,32,JAWA BARAT,32.03,KAB. CIANJUR,32.03.24,NARINGGUL,CINERANG,43274
32.03.24.2006,32,JAWA BARAT,32.03,KAB. CIANJUR,32.03.24,NARINGGUL,WANASARI,43274
32.03.24.2007,32,JAWA BARAT,32.03,KAB. CIANJUR,32.03.24,NARINGGUL,SUKABAKTI,43274
32.03.24.2008,32,JAWA BARAT,32.03,KAB. CIANJUR,32.03.24,NARINGGUL,MALATI,43274
32.03.24.2009,32,JAWA BARAT,32.03,KAB. CIANJUR,32.03.24,NARINGGUL,WANGUNSARI,43274
32.03.24.2010,32,JAWA BARAT,32.03,KAB. CIANJUR,32.03.24,NARINGGUL,SUKAMULYA,43274
32.03.24.2011,32,JAWA BARAT,32.03,KAB. CIANJUR,32.03.24,NARINGGUL,MARGASARI,43274
32.03.25.2001,32,JAWA BARAT,32.03,KAB. CIANJUR,32.03.25,CAMPAKAMULYA,CIBANGGALA,43278
32.03.25.2002,32,JAWA BARAT,32.03,KAB. CIANJUR,32.03.25,CAMPAKAMULYA,CAMPAKAWARNA,43278
32.03.25.2003,32,JAWA BARAT,32.03,KAB. CIANJUR,32.03.25,CAMPAKAMULYA,SUKASIRNA,43278
32.03.25.2004,32,JAWA BARAT,32.03,KAB. CIANJUR,32.03.25,CAMPAKAMULYA,CAMPAKAMULYA,43278
32.03.25.2005,32,JAWA BARAT,32.03,KAB. CIANJUR,32.03.25,CAMPAKAMULYA,SUKABUNGAH,43278
32.03.26.2001,32,JAWA BARAT,32.03,KAB. CIANJUR,32.03.26,CIKADU,KALAPANUNGGAL,43276
32.03.26.2002,32,JAWA BARAT,32.03,KAB. CIANJUR,32.03.26,CIKADU,CIKADU,43276
32.03.26.2003,32,JAWA BARAT,32.03,KAB. CIANJUR,32.03.26,CIKADU,MEKARWANGI,43276
32.03.26.2004,32,JAWA BARAT,32.03,KAB. CIANJUR,32.03.26,CIKADU,PADALUYU,43276
32.03.26.2005,32,JAWA BARAT,32.03,KAB. CIANJUR,32.03.26,CIKADU,SUKAMULYA,43276
32.03.26.2006,32,JAWA BARAT,32.03,KAB. CIANJUR,32.03.26,CIKADU,CISARANTEN,43276
32.03.26.2007,32,JAWA BARAT,32.03,KAB. CIANJUR,32.03.26,CIKADU,MEKARLAKSANA,43276
32.03.26.2008,32,JAWA BARAT,32.03,KAB. CIANJUR,32.03.26,CIKADU,SUKALUYU,43276
32.03.26.2009,32,JAWA BARAT,32.03,KAB. CIANJUR,32.03.26,CIKADU,MEKARJAYA,43276
32.03.26.2010,32,JAWA BARAT,32.03,KAB. CIANJUR,32.03.26,CIKADU,SUKAMANAH,43276
32.03.27.2001,32,JAWA BARAT,32.03,KAB. CIANJUR,32.03.27,GEKBRONG,BANGBAYANG,43287
32.03.27.2002,32,JAWA BARAT,32.03,KAB. CIANJUR,32.03.27,GEKBRONG,SONGGOM,43287
32.03.27.2003,32,JAWA BARAT,32.03,KAB. CIANJUR,32.03.27,GEKBRONG,SUKARATU,43287
32.03.27.2004,32,JAWA BARAT,32.03,KAB. CIANJUR,32.03.27,GEKBRONG,CIKANCANA,43287
32.03.27.2005,32,JAWA BARAT,32.03,KAB. CIANJUR,32.03.27,GEKBRONG,KEBONPEUTEUY,43287
32.03.27.2006,32,JAWA BARAT,32.03,KAB. CIANJUR,32.03.27,GEKBRONG,GEKBRONG,43287
32.03.27.2007,32,JAWA BARAT,32.03,KAB. CIANJUR,32.03.27,GEKBRONG,CIKAHURIPAN,43287
32.03.27.2008,32,JAWA BARAT,32.03,KAB. CIANJUR,32.03.27,GEKBRONG,CINTAASIH,43287
32.03.28.2001,32,JAWA BARAT,32.03,KAB. CIANJUR,32.03.28,CIPANAS,CIPANAS,43255
32.03.28.2002,32,JAWA BARAT,32.03,KAB. CIANJUR,32.03.28,CIPANAS,CIMACAN,43255
32.03.28.2003,32,JAWA BARAT,32.03,KAB. CIANJUR,32.03.28,CIPANAS,CILOTO,43255
32.03.28.2004,32,JAWA BARAT,32.03,KAB. CIANJUR,32.03.28,CIPANAS,SINDANGLAYA,43255
32.03.28.2005,32,JAWA BARAT,32.03,KAB. CIANJUR,32.03.28,CIPANAS,BATULAWANG,43255
32.03.28.2006,32,JAWA BARAT,32.03,KAB. CIANJUR,32.03.28,CIPANAS,PALASARI,43255
32.03.28.2007,32,JAWA BARAT,32.03,KAB. CIANJUR,32.03.28,CIPANAS,SINDANGJAYA,43255
32.03.29.2001,32,JAWA BARAT,32.03,KAB. CIANJUR,32.03.29,CIJATI,PARAKANTUGU,43269
32.03.29.2002,32,JAWA BARAT,32.03,KAB. CIANJUR,32.03.29,CIJATI,CIJATI,43269
32.03.29.2003,32,JAWA BARAT,32.03,KAB. CIANJUR,32.03.29,CIJATI,BOJONGLARANG,43269
32.03.29.2004,32,JAWA BARAT,32.03,KAB. CIANJUR,32.03.29,CIJATI,PADAASIH,43269
32.03.29.2005,32,JAWA BARAT,32.03,KAB. CIANJUR,32.03.29,CIJATI,CIBODAS,43269
32.03.29.2006,32,JAWA BARAT,32.03,KAB. CIANJUR,32.03.29,CIJATI,SUKAMAHI,43269
32.03.29.2007,32,JAWA BARAT,32.03,KAB. CIANJUR,32.03.29,CIJATI,SUKALUYU,43269
32.03.29.2008,32,JAWA BARAT,32.03,KAB. CIANJUR,32.03.29,CIJATI,CARINGIN,43269
32.03.29.2009,32,JAWA BARAT,32.03,KAB. CIANJUR,32.03.29,CIJATI,SINARBAKTI,43269
32.03.29.2010,32,JAWA BARAT,32.03,KAB. CIANJUR,32.03.29,CIJATI,SUKAMAJU,43269
32.03.30.2001,32,JAWA BARAT,32.03,KAB. CIANJUR,32.03.30,LELES,PUSAKASARI,43277
32.03.30.2002,32,JAWA BARAT,32.03,KAB. CIANJUR,32.03.30,LELES,WALAHIR,43277
32.03.30.2003,32,JAWA BARAT,32.03,KAB. CIANJUR,32.03.30,LELES,PURABAYA,43277
32.03.30.2004,32,JAWA BARAT,32.03,KAB. CIANJUR,32.03.30,LELES,PUNCAKWANGI,43277
32.03.30.2005,32,JAWA BARAT,32.03,KAB. CIANJUR,32.03.30,LELES,SUKAJAYA,43277
32.03.30.2006,32,JAWA BARAT,32.03,KAB. CIANJUR,32.03.30,LELES,NAGASARI,43277
32.03.30.2007,32,JAWA BARAT,32.03,KAB. CIANJUR,32.03.30,LELES,SUKASIRNA,43277
32.03.30.2008,32,JAWA BARAT,32.03,KAB. CIANJUR,32.03.30,LELES,SUKAMULYA,43277
32.03.30.2009,32,JAWA BARAT,32.03,KAB. CIANJUR,32.03.30,LELES,SIRNASARI,43277
32.03.30.2010,32,JAWA BARAT,32.03,KAB. CIANJUR,32.03.30,LELES,KARYAMUKTI,43277
32.03.30.2011,32,JAWA BARAT,32.03,KAB. CIANJUR,32.03.30,LELES,MANDALAWANGI,43277
32.03.30.2012,32,JAWA BARAT,32.03,KAB. CIANJUR,32.03.30,LELES,SINDANGSARI,43277
32.03.31.2001,32,JAWA BARAT,32.03,KAB. CIANJUR,32.03.31,HAURWANGI,HAURWANGI,43286
32.03.31.2002,32,JAWA BARAT,32.03,KAB. CIANJUR,32.03.31,HAURWANGI,CIHEA,43286
32.03.31.2003,32,JAWA BARAT,32.03,KAB. CIANJUR,32.03.31,HAURWANGI,RAMASARI,43286
32.03.31.2004,32,JAWA BARAT,32.03,KAB. CIANJUR,32.03.31,HAURWANGI,MEKARWANGI/SUKATANI,43286
32.03.31.2005,32,JAWA BARAT,32.03,KAB. CIANJUR,32.03.31,HAURWANGI,MEKARWANGI,43286
32.03.31.2006,32,JAWA BARAT,32.03,KAB. CIANJUR,32.03.31,HAURWANGI,KERTASARI,43286
32.03.31.2007,32,JAWA BARAT,32.03,KAB. CIANJUR,32.03.31,HAURWANGI,CIPEUYEUM,43286
32.03.31.2008,32,JAWA BARAT,32.03,KAB. CIANJUR,32.03.31,HAURWANGI,KERTAMUKTI,43286
32.03.32.2001,32,JAWA BARAT,32.03,KAB. CIANJUR,32.03.32,PASIRKUDA,SIMPANG,43279
32.03.32.2002,32,JAWA BARAT,32.03,KAB. CIANJUR,32.03.32,PASIRKUDA,KALIBARU,43279
32.03.32.2003,32,JAWA BARAT,32.03,KAB. CIANJUR,32.03.32,PASIRKUDA,PUSAKAJAYA,43279
32.03.32.2004,32,JAWA BARAT,32.03,KAB. CIANJUR,32.03.32,PASIRKUDA,KUBANG,43279
32.03.32.2005,32,JAWA BARAT,32.03,KAB. CIANJUR,32.03.32,PASIRKUDA,GIRIMUKTI,43279
32.03.32.2006,32,JAWA BARAT,32.03,KAB. CIANJUR,32.03.32,PASIRKUDA,KARANGJAYA,43279
32.03.32.2007,32,JAWA BARAT,32.03,KAB. CIANJUR,32.03.32,PASIRKUDA,MEKARMULYA,43279
32.03.32.2008,32,JAWA BARAT,32.03,KAB. CIANJUR,32.03.32,PASIRKUDA,GIRIJAYA,43279
32.03.32.2009,32,JAWA BARAT,32.03,KAB. CIANJUR,32.03.32,PASIRKUDA,PADAMULYA,43279
32.04.05.2001,32,JAWA BARAT,32.04,KAB. BANDUNG,32.04.05,CILEUNYI,CILEUNYI KULON,40393
32.04.05.2002,32,JAWA BARAT,32.04,KAB. BANDUNG,32.04.05,CILEUNYI,CILEUNYI WETAN,40393
32.04.05.2003,32,JAWA BARAT,32.04,KAB. BANDUNG,32.04.05,CILEUNYI,CIMEKAR,40393
32.04.05.2004,32,JAWA BARAT,32.04,KAB. BANDUNG,32.04.05,CILEUNYI,CINUNUK,40393
32.04.05.2005,32,JAWA BARAT,32.04,KAB. BANDUNG,32.04.05,CILEUNYI,CIBIRU HILIR,40393
32.04.05.2006,32,JAWA BARAT,32.04,KAB. BANDUNG,32.04.05,CILEUNYI,CIBIRU WETAN,40393
32.04.06.1001,32,JAWA BARAT,32.04,KAB. BANDUNG,32.04.06,CIMENYAN,PADASUKA,40191
32.04.06.1002,32,JAWA BARAT,32.04,KAB. BANDUNG,32.04.06,CIMENYAN,CIBEUNYING,40191
32.04.06.2003,32,JAWA BARAT,32.04,KAB. BANDUNG,32.04.06,CIMENYAN,CIMENYAN,40197
32.04.06.2004,32,JAWA BARAT,32.04,KAB. BANDUNG,32.04.06,CIMENYAN,MANDALAMEKAR,40193
32.04.06.2005,32,JAWA BARAT,32.04,KAB. BANDUNG,32.04.06,CIMENYAN,CIKADUT,40191
32.04.06.2006,32,JAWA BARAT,32.04,KAB. BANDUNG,32.04.06,CIMENYAN,CIBURIAL,40198
32.04.06.2007,32,JAWA BARAT,32.04,KAB. BANDUNG,32.04.06,CIMENYAN,SINDANGLAYA,40195
32.04.06.2008,32,JAWA BARAT,32.04,KAB. BANDUNG,32.04.06,CIMENYAN,MEKARSALUYU,40198
32.04.06.2009,32,JAWA BARAT,32.04,KAB. BANDUNG,32.04.06,CIMENYAN,MEKARMANIK,40196
32.04.07.2001,32,JAWA BARAT,32.04,KAB. BANDUNG,32.04.07,CILENGKRANG,JATIENDAH,40392
32.04.07.2002,32,JAWA BARAT,32.04,KAB. BANDUNG,32.04.07,CILENGKRANG,CILENGKRANG,40392
32.04.07.2003,32,JAWA BARAT,32.04,KAB. BANDUNG,32.04.07,CILENGKRANG,CIPANJALU,40392
32.04.07.2004,32,JAWA BARAT,32.04,KAB. BANDUNG,32.04.07,CILENGKRANG,MELATIWANGI,40392
32.04.07.2005,32,JAWA BARAT,32.04,KAB. BANDUNG,32.04.07,CILENGKRANG,CIPOREAT,40392
32.04.07.2006,32,JAWA BARAT,32.04,KAB. BANDUNG,32.04.07,CILENGKRANG,GIRIMEKAR,40392
32.04.08.2001,32,JAWA BARAT,32.04,KAB. BANDUNG,32.04.08,BOJONGSOANG,LENGKONG,40354
32.04.08.2002,32,JAWA BARAT,32.04,KAB. BANDUNG,32.04.08,BOJONGSOANG,BOJONGSOANG,40354
32.04.08.2003,32,JAWA BARAT,32.04,KAB. BANDUNG,32.04.08,BOJONGSOANG,BUAHBATU,40354
32.04.08.2004,32,JAWA BARAT,32.04,KAB. BANDUNG,32.04.08,BOJONGSOANG,CIPAGALO,40354
32.04.08.2005,32,JAWA BARAT,32.04,KAB. BANDUNG,32.04.08,BOJONGSOANG,BOJONGSARI,40354
32.04.08.2006,32,JAWA BARAT,32.04,KAB. BANDUNG,32.04.08,BOJONGSOANG,TEGALLUAR,40354
32.04.09.1004,32,JAWA BARAT,32.04,KAB. BANDUNG,32.04.09,MARGAHAYU,SULAIMAN,40229
32.04.09.2001,32,JAWA BARAT,32.04,KAB. BANDUNG,32.04.09,MARGAHAYU,MARGAHAYU TENGAH,40225
32.04.09.2002,32,JAWA BARAT,32.04,KAB. BANDUNG,32.04.09,MARGAHAYU,MAGAHAYU SELATAN,40225
32.04.09.2003,32,JAWA BARAT,32.04,KAB. BANDUNG,32.04.09,MARGAHAYU,SUKAMENAK,40227
32.04.09.2005,32,JAWA BARAT,32.04,KAB. BANDUNG,32.04.09,MARGAHAYU,SAYATI,40228
32.04.10.2001,32,JAWA BARAT,32.04,KAB. BANDUNG,32.04.10,MARGAASIH,MARGAASIH,40215
32.04.10.2002,32,JAWA BARAT,32.04,KAB. BANDUNG,32.04.10,MARGAASIH,LAGADAR,40215
32.04.10.2003,32,JAWA BARAT,32.04,KAB. BANDUNG,32.04.10,MARGAASIH,NANJUNG,40215
32.04.10.2004,32,JAWA BARAT,32.04,KAB. BANDUNG,32.04.10,MARGAASIH,MEKARRAHAYU,40219
32.04.10.2005,32,JAWA BARAT,32.04,KAB. BANDUNG,32.04.10,MARGAASIH,RAHAYU,40215
32.04.10.2006,32,JAWA BARAT,32.04,KAB. BANDUNG,32.04.10,MARGAASIH,CIGONDEWAH HILIR,40215
32.04.11.2001,32,JAWA BARAT,32.04,KAB. BANDUNG,32.04.11,KATAPANG,SANGKANHURIP,40355
32.04.11.2002,32,JAWA BARAT,32.04,KAB. BANDUNG,32.04.11,KATAPANG,KATAPANG,40355
32.04.11.2004,32,JAWA BARAT,32.04,KAB. BANDUNG,32.04.11,KATAPANG,GANDASARI,40355
32.04.11.2006,32,JAWA BARAT,32.04,KAB. BANDUNG,32.04.11,KATAPANG,SUKAMUKTI,40355
32.04.11.2007,32,JAWA BARAT,32.04,KAB. BANDUNG,32.04.11,KATAPANG,CILAMPENI,40355
32.04.11.2008,32,JAWA BARAT,32.04,KAB. BANDUNG,32.04.11,KATAPANG,PANGAUBAN,40355
32.04.11.2009,32,JAWA BARAT,32.04,KAB. BANDUNG,32.04.11,KATAPANG,BANYUSARI,40355
32.04.12.1001,32,JAWA BARAT,32.04,KAB. BANDUNG,32.04.12,DAYEUHKOLOT,PASAWAHAN,40353
32.04.12.2002,32,JAWA BARAT,32.04,KAB. BANDUNG,32.04.12,DAYEUHKOLOT,DAYEUHKOLOT,40353
32.04.12.2003,32,JAWA BARAT,32.04,KAB. BANDUNG,32.04.12,DAYEUHKOLOT,CANGKUANG WETAN,40353
32.04.12.2004,32,JAWA BARAT,32.04,KAB. BANDUNG,32.04.12,DAYEUHKOLOT,CANGKUANG KULON,40353
32.04.12.2005,32,JAWA BARAT,32.04,KAB. BANDUNG,32.04.12,DAYEUHKOLOT,SUKAPURA,40353
32.04.12.2006,32,JAWA BARAT,32.04,KAB. BANDUNG,32.04.12,DAYEUHKOLOT,CITEUREUP,40353
32.04.13.2001,32,JAWA BARAT,32.04,KAB. BANDUNG,32.04.13,BANJARAN,KAMASAN,40377
32.04.13.2002,32,JAWA BARAT,32.04,KAB. BANDUNG,32.04.13,BANJARAN,BANJARAN WETAN,40377
32.04.13.2003,32,JAWA BARAT,32.04,KAB. BANDUNG,32.04.13,BANJARAN,BANJARAN KULON,40377
32.04.13.2005,32,JAWA BARAT,32.04,KAB. BANDUNG,32.04.13,BANJARAN,CIAPUS,40377
32.04.13.2006,32,JAWA BARAT,32.04,KAB. BANDUNG,32.04.13,BANJARAN,SINDANGPANON,40377
32.04.13.2007,32,JAWA BARAT,32.04,KAB. BANDUNG,32.04.13,BANJARAN,KIANGROKE,40377
32.04.13.2008,32,JAWA BARAT,32.04,KAB. BANDUNG,32.04.13,BANJARAN,TARAJUSARI,40377
32.04.13.2012,32,JAWA BARAT,32.04,KAB. BANDUNG,32.04.13,BANJARAN,MEKARJAYA,40377
32.04.13.2013,32,JAWA BARAT,32.04,KAB. BANDUNG,32.04.13,BANJARAN,MARGAHURIP,40377
32.04.13.2016,32,JAWA BARAT,32.04,KAB. BANDUNG,32.04.13,BANJARAN,NEGLASARI,40377
32.04.13.2018,32,JAWA BARAT,32.04,KAB. BANDUNG,32.04.13,BANJARAN,PASIRMULYA,40377
32.04.14.2001,32,JAWA BARAT,32.04,KAB. BANDUNG,32.04.14,PAMEUNGPEUK,SUKASARI,40376
32.04.14.2002,32,JAWA BARAT,32.04,KAB. BANDUNG,32.04.14,PAMEUNGPEUK,BOJONGMANGGU,40376
32.04.14.2003,32,JAWA BARAT,32.04,KAB. BANDUNG,32.04.14,PAMEUNGPEUK,RANCATUNGKU,40376
32.04.14.2004,32,JAWA BARAT,32.04,KAB. BANDUNG,32.04.14,PAMEUNGPEUK,BOJONGKUNCI,40376
32.04.14.2005,32,JAWA BARAT,32.04,KAB. BANDUNG,32.04.14,PAMEUNGPEUK,RANCAMULYA,40376
32.04.14.2006,32,JAWA BARAT,32.04,KAB. BANDUNG,32.04.14,PAMEUNGPEUK,LANGONSARI,40376
32.04.15.2001,32,JAWA BARAT,32.04,KAB. BANDUNG,32.04.15,PANGALENGAN,PANGALENGAN,40378
32.04.15.2002,32,JAWA BARAT,32.04,KAB. BANDUNG,32.04.15,PANGALENGAN,MARGALUYU,40378
32.04.15.2003,32,JAWA BARAT,32.04,KAB. BANDUNG,32.04.15,PANGALENGAN,WARNASARI,40378
32.04.15.2004,32,JAWA BARAT,32.04,KAB. BANDUNG,32.04.15,PANGALENGAN,SUKAMANAH,40378
32.04.15.2005,32,JAWA BARAT,32.04,KAB. BANDUNG,32.04.15,PANGALENGAN,LAMAJANG,40378
32.04.15.2006,32,JAWA BARAT,32.04,KAB. BANDUNG,32.04.15,PANGALENGAN,MARGAMUKTI,40378
32.04.15.2007,32,JAWA BARAT,32.04,KAB. BANDUNG,32.04.15,PANGALENGAN,MARGAMULYA,40378
32.04.15.2008,32,JAWA BARAT,32.04,KAB. BANDUNG,32.04.15,PANGALENGAN,BANJARSARI,40378
32.04.15.2009,32,JAWA BARAT,32.04,KAB. BANDUNG,32.04.15,PANGALENGAN,SUKALUYU,40378
32.04.15.2010,32,JAWA BARAT,32.04,KAB. BANDUNG,32.04.15,PANGALENGAN,TRIBAKTIMULYA,40378
32.04.15.2011,32,JAWA BARAT,32.04,KAB. BANDUNG,32.04.15,PANGALENGAN,PULOSARI,40378
32.04.15.2012,32,JAWA BARAT,32.04,KAB. BANDUNG,32.04.15,PANGALENGAN,WANASUKA,40378
32.04.15.2013,32,JAWA BARAT,32.04,KAB. BANDUNG,32.04.15,PANGALENGAN,MARGAMEKAR,40378
32.04.16.2001,32,JAWA BARAT,32.04,KAB. BANDUNG,32.04.16,ARJASARI,ARJASARI,40379
32.04.16.2002,32,JAWA BARAT,32.04,KAB. BANDUNG,32.04.16,ARJASARI,LEBAKWANGI,40379
32.04.16.2003,32,JAWA BARAT,32.04,KAB. BANDUNG,32.04.16,ARJASARI,BATUKARUT,40379
32.04.16.2004,32,JAWA BARAT,32.04,KAB. BANDUNG,32.04.16,ARJASARI,ANCOLMEKAR,40379
32.04.16.2005,32,JAWA BARAT,32.04,KAB. BANDUNG,32.04.16,ARJASARI,BAROS,40379
32.04.16.2006,32,JAWA BARAT,32.04,KAB. BANDUNG,32.04.16,ARJASARI,MANGUNJAYA,40379
32.04.16.2007,32,JAWA BARAT,32.04,KAB. BANDUNG,32.04.16,ARJASARI,MEKARJAYA,40379
32.04.16.2008,32,JAWA BARAT,32.04,KAB. BANDUNG,32.04.16,ARJASARI,PINGGIRSARI,40379
32.04.16.2009,32,JAWA BARAT,32.04,KAB. BANDUNG,32.04.16,ARJASARI,PATROLSARI,40379
32.04.16.2010,32,JAWA BARAT,32.04,KAB. BANDUNG,32.04.16,ARJASARI,RANCAKOLE,40379
32.04.16.2011,32,JAWA BARAT,32.04,KAB. BANDUNG,32.04.16,ARJASARI,WARGALUYU,40379
32.04.17.2001,32,JAWA BARAT,32.04,KAB. BANDUNG,32.04.17,CIMAUNG,CIMAUNG,40374
32.04.17.2002,32,JAWA BARAT,32.04,KAB. BANDUNG,32.04.17,CIMAUNG,JAGABAYA,40374
32.04.17.2003,32,JAWA BARAT,32.04,KAB. BANDUNG,32.04.17,CIMAUNG,PASIRHUNI,40374
32.04.17.2004,32,JAWA BARAT,32.04,KAB. BANDUNG,32.04.17,CIMAUNG,CAMPAKAMULYA,40374
32.04.17.2005,32,JAWA BARAT,32.04,KAB. BANDUNG,32.04.17,CIMAUNG,CIPINANG,40374
32.04.17.2006,32,JAWA BARAT,32.04,KAB. BANDUNG,32.04.17,CIMAUNG,MEKARSARI,40374
32.04.17.2007,32,JAWA BARAT,32.04,KAB. BANDUNG,32.04.17,CIMAUNG,SUKAMAJU,40374
32.04.17.2008,32,JAWA BARAT,32.04,KAB. BANDUNG,32.04.17,CIMAUNG,CIKALONG,40374
32.04.17.2009,32,JAWA BARAT,32.04,KAB. BANDUNG,32.04.17,CIMAUNG,MALASARI,40374
32.04.17.2010,32,JAWA BARAT,32.04,KAB. BANDUNG,32.04.17,CIMAUNG,WARJABAKTI,40374
32.04.25.2001,32,JAWA BARAT,32.04,KAB. BANDUNG,32.04.25,CICALENGKA,CICALENGKA KULON,40395
32.04.25.2002,32,JAWA BARAT,32.04,KAB. BANDUNG,32.04.25,CICALENGKA,CICALENGKA WETAN,40395
32.04.25.2003,32,JAWA BARAT,32.04,KAB. BANDUNG,32.04.25,CICALENGKA,BABAKAN PEUTEUY,40395
32.04.25.2004,32,JAWA BARAT,32.04,KAB. BANDUNG,32.04.25,CICALENGKA,CIKUYA,40395
32.04.25.2005,32,JAWA BARAT,32.04,KAB. BANDUNG,32.04.25,CICALENGKA,DAMPIT,40395
32.04.25.2006,32,JAWA BARAT,32.04,KAB. BANDUNG,32.04.25,CICALENGKA,MARGAASIH,40395
32.04.25.2007,32,JAWA BARAT,32.04,KAB. BANDUNG,32.04.25,CICALENGKA,NARAWITA,40395
32.04.25.2008,32,JAWA BARAT,32.04,KAB. BANDUNG,32.04.25,CICALENGKA,PANENJOAN,40395
32.04.25.2009,32,JAWA BARAT,32.04,KAB. BANDUNG,32.04.25,CICALENGKA,TANJUNGWANGI,40395
32.04.25.2010,32,JAWA BARAT,32.04,KAB. BANDUNG,32.04.25,CICALENGKA,TENJOLAYA,40395
32.04.25.2011,32,JAWA BARAT,32.04,KAB. BANDUNG,32.04.25,CICALENGKA,WALUYA,40395
32.04.25.2012,32,JAWA BARAT,32.04,KAB. BANDUNG,32.04.25,CICALENGKA,NAGROG,40395
32.04.26.2001,32,JAWA BARAT,32.04,KAB. BANDUNG,32.04.26,NAGREG,NAGREG,40397
32.04.26.2002,32,JAWA BARAT,32.04,KAB. BANDUNG,32.04.26,NAGREG,BOJONG,40397
32.04.26.2003,32,JAWA BARAT,32.04,KAB. BANDUNG,32.04.26,NAGREG,CIARO,40397
32.04.26.2004,32,JAWA BARAT,32.04,KAB. BANDUNG,32.04.26,NAGREG,CIHERANG,40397
32.04.26.2005,32,JAWA BARAT,32.04,KAB. BANDUNG,32.04.26,NAGREG,CITAMAN,40397
32.04.26.2006,32,JAWA BARAT,32.04,KAB. BANDUNG,32.04.26,NAGREG,MANDALAWANGI,40397
32.04.26.2007,32,JAWA BARAT,32.04,KAB. BANDUNG,32.04.26,NAGREG,NAGREG KENDAN,40397
32.04.26.2008,32,JAWA BARAT,32.04,KAB. BANDUNG,32.04.26,NAGREG,GANJAR SABAR,40397
32.04.27.2001,32,JAWA BARAT,32.04,KAB. BANDUNG,32.04.27,CIKANCUNG,MANDALASARI,40396
32.04.27.2002,32,JAWA BARAT,32.04,KAB. BANDUNG,32.04.27,CIKANCUNG,CIKANCUNG,40396
32.04.27.2003,32,JAWA BARAT,32.04,KAB. BANDUNG,32.04.27,CIKANCUNG,CIKASUNGKA,40396
32.04.27.2004,32,JAWA BARAT,32.04,KAB. BANDUNG,32.04.27,CIKANCUNG,CIHANYIR,40396
32.04.27.2005,32,JAWA BARAT,32.04,KAB. BANDUNG,32.04.27,CIKANCUNG,CILULUK,40396
32.04.27.2006,32,JAWA BARAT,32.04,KAB. BANDUNG,32.04.27,CIKANCUNG,HEGARMANAH,40396
32.04.27.2007,32,JAWA BARAT,32.04,KAB. BANDUNG,32.04.27,CIKANCUNG,MEKARLAKSANA,40396
32.04.27.2008,32,JAWA BARAT,32.04,KAB. BANDUNG,32.04.27,CIKANCUNG,TANJUNGLAYA,40396
32.04.27.2009,32,JAWA BARAT,32.04,KAB. BANDUNG,32.04.27,CIKANCUNG,SRIRAHAYU,40396
32.04.28.1014,32,JAWA BARAT,32.04,KAB. BANDUNG,32.04.28,RANCAEKEK,RANCAEKEK KENCANA,40394
32.04.28.2001,32,JAWA BARAT,32.04,KAB. BANDUNG,32.04.28,RANCAEKEK,RANCAEKEK WETAN,40394
32.04.28.2002,32,JAWA BARAT,32.04,KAB. BANDUNG,32.04.28,RANCAEKEK,RANCAEKEK KULON,40394
32.04.28.2003,32,JAWA BARAT,32.04,KAB. BANDUNG,32.04.28,RANCAEKEK,BOJONGSALAM,40394
32.04.28.2004,32,JAWA BARAT,32.04,KAB. BANDUNG,32.04.28,RANCAEKEK,BOJONGLOA,40394
32.04.28.2005,32,JAWA BARAT,32.04,KAB. BANDUNG,32.04.28,RANCAEKEK,JELEGONG,40394
32.04.28.2006,32,JAWA BARAT,32.04,KAB. BANDUNG,32.04.28,RANCAEKEK,LINGGAR,40394
32.04.28.2007,32,JAWA BARAT,32.04,KAB. BANDUNG,32.04.28,RANCAEKEK,CANGKUANG,40394
32.04.28.2008,32,JAWA BARAT,32.04,KAB. BANDUNG,32.04.28,RANCAEKEK,HAURPUGUR,40394
32.04.28.2009,32,JAWA BARAT,32.04,KAB. BANDUNG,32.04.28,RANCAEKEK,SUKAMANAH,40394
32.04.28.2010,32,JAWA BARAT,32.04,KAB. BANDUNG,32.04.28,RANCAEKEK,SUKAMULYA,40394
32.04.28.2011,32,JAWA BARAT,32.04,KAB. BANDUNG,32.04.28,RANCAEKEK,TEGAL SUMEDANG,40394
32.04.28.2012,32,JAWA BARAT,32.04,KAB. BANDUNG,32.04.28,RANCAEKEK,SANGIANG,40394
32.04.28.2013,32,JAWA BARAT,32.04,KAB. BANDUNG,32.04.28,RANCAEKEK,NANJUNG MEKAR,40394
32.04.29.2001,32,JAWA BARAT,32.04,KAB. BANDUNG,32.04.29,CIPARAY,CIPARAY,40381
32.04.29.2002,32,JAWA BARAT,32.04,KAB. BANDUNG,32.04.29,CIPARAY,GUNUNGLEUTIK,40381
32.04.29.2003,32,JAWA BARAT,32.04,KAB. BANDUNG,32.04.29,CIPARAY,MEKARSARI,40381
32.04.29.2004,32,JAWA BARAT,32.04,KAB. BANDUNG,32.04.29,CIPARAY,CIKONENG,40381
32.04.29.2005,32,JAWA BARAT,32.04,KAB. BANDUNG,32.04.29,CIPARAY,CIHEULANG,40381
32.04.29.2006,32,JAWA BARAT,32.04,KAB. BANDUNG,32.04.29,CIPARAY,PAKUTANDANG,40381
32.04.29.2007,32,JAWA BARAT,32.04,KAB. BANDUNG,32.04.29,CIPARAY,SUMBERSARI,40381
32.04.29.2008,32,JAWA BARAT,32.04,KAB. BANDUNG,32.04.29,CIPARAY,MANGUNHARJA,40381
32.04.29.2009,32,JAWA BARAT,32.04,KAB. BANDUNG,32.04.29,CIPARAY,SAGARACIPTA,40381
32.04.29.2010,32,JAWA BARAT,32.04,KAB. BANDUNG,32.04.29,CIPARAY,SARIMAHI,40381
32.04.29.2011,32,JAWA BARAT,32.04,KAB. BANDUNG,32.04.29,CIPARAY,SERANGMEKAR,40381
32.04.29.2012,32,JAWA BARAT,32.04,KAB. BANDUNG,32.04.29,CIPARAY,BABAKAN,40381
32.04.29.2013,32,JAWA BARAT,32.04,KAB. BANDUNG,32.04.29,CIPARAY,BUMIWANGI,40381
32.04.29.2014,32,JAWA BARAT,32.04,KAB. BANDUNG,32.04.29,CIPARAY,MEKARLAKSANA,40381
32.04.30.2001,32,JAWA BARAT,32.04,KAB. BANDUNG,32.04.30,PACET,CIPEUJEUH,40385
32.04.30.2002,32,JAWA BARAT,32.04,KAB. BANDUNG,32.04.30,PACET,CIKITU,40385
32.04.30.2003,32,JAWA BARAT,32.04,KAB. BANDUNG,32.04.30,PACET,CANANGGELA,40385
32.04.30.2004,32,JAWA BARAT,32.04,KAB. BANDUNG,32.04.30,PACET,MARUYUNG,40385
32.04.30.2005,32,JAWA BARAT,32.04,KAB. BANDUNG,32.04.30,PACET,SUKARAME,40385
32.04.30.2006,32,JAWA BARAT,32.04,KAB. BANDUNG,32.04.30,PACET,NAGRAK,40385
32.04.30.2007,32,JAWA BARAT,32.04,KAB. BANDUNG,32.04.30,PACET,CIKAWAO,40385
32.04.30.2008,32,JAWA BARAT,32.04,KAB. BANDUNG,32.04.30,PACET,MEKARJAYA,40385
32.04.30.2009,32,JAWA BARAT,32.04,KAB. BANDUNG,32.04.30,PACET,PANGAUBAN,40385
32.04.30.2010,32,JAWA BARAT,32.04,KAB. BANDUNG,32.04.30,PACET,MANDALAHAJI,40385
32.04.30.2011,32,JAWA BARAT,32.04,KAB. BANDUNG,32.04.30,PACET,GIRIMULYA,40385
32.04.30.2012,32,JAWA BARAT,32.04,KAB. BANDUNG,32.04.30,PACET,TANJUNGWANGI,40385
32.04.30.2013,32,JAWA BARAT,32.04,KAB. BANDUNG,32.04.30,PACET,MEKARSARI,40385
32.04.31.2001,32,JAWA BARAT,32.04,KAB. BANDUNG,32.04.31,KERTASARI,SUKAPURA,40386
32.04.31.2002,32,JAWA BARAT,32.04,KAB. BANDUNG,32.04.31,KERTASARI,CIBEUREUM,40386
32.04.31.2003,32,JAWA BARAT,32.04,KAB. BANDUNG,32.04.31,KERTASARI,SANTOSA,40386
32.04.31.2004,32,JAWA BARAT,32.04,KAB. BANDUNG,32.04.31,KERTASARI,TARUMAJAYA,40386
32.04.31.2005,32,JAWA BARAT,32.04,KAB. BANDUNG,32.04.31,KERTASARI,NEGLAWANGI,40386
32.04.31.2006,32,JAWA BARAT,32.04,KAB. BANDUNG,32.04.31,KERTASARI,CIHAWUK,40386
32.04.31.2007,32,JAWA BARAT,32.04,KAB. BANDUNG,32.04.31,KERTASARI,CIKEMBANG,40386
32.04.31.2008,32,JAWA BARAT,32.04,KAB. BANDUNG,32.04.31,KERTASARI,RESMI TINGAL,40386
32.04.32.1001,32,JAWA BARAT,32.04,KAB. BANDUNG,32.04.32,BALEENDAH,BALEENDAH,40375
32.04.32.1002,32,JAWA BARAT,32.04,KAB. BANDUNG,32.04.32,BALEENDAH,ANDIR,40375
32.04.32.1003,32,JAWA BARAT,32.04,KAB. BANDUNG,32.04.32,BALEENDAH,MANGGAHANG,40375
32.04.32.1004,32,JAWA BARAT,32.04,KAB. BANDUNG,32.04.32,BALEENDAH,JELEKONG,40375
32.04.32.1008,32,JAWA BARAT,32.04,KAB. BANDUNG,32.04.32,BALEENDAH,WARGAMEKAR,40375
32.04.32.2005,32,JAWA BARAT,32.04,KAB. BANDUNG,32.04.32,BALEENDAH,BOJONGMALAKA,40375
32.04.32.2006,32,JAWA BARAT,32.04,KAB. BANDUNG,32.04.32,BALEENDAH,RANCAMANYAR,40375
32.04.32.2007,32,JAWA BARAT,32.04,KAB. BANDUNG,32.04.32,BALEENDAH,MALAKASARI,40375
32.04.33.2001,32,JAWA BARAT,32.04,KAB. BANDUNG,32.04.33,MAJALAYA,MAJALAYA,40382
32.04.33.2002,32,JAWA BARAT,32.04,KAB. BANDUNG,32.04.33,MAJALAYA,WANGISAGARA,40382
32.04.33.2003,32,JAWA BARAT,32.04,KAB. BANDUNG,32.04.33,MAJALAYA,BIRU,40382
32.04.33.2004,32,JAWA BARAT,32.04,KAB. BANDUNG,32.04.33,MAJALAYA,PADAMULYA,40382
32.04.33.2005,32,JAWA BARAT,32.04,KAB. BANDUNG,32.04.33,MAJALAYA,BOJONG,40382
32.04.33.2006,32,JAWA BARAT,32.04,KAB. BANDUNG,32.04.33,MAJALAYA,MAJASETRA,40382
32.04.33.2007,32,JAWA BARAT,32.04,KAB. BANDUNG,32.04.33,MAJALAYA,MAJAKERTA,40382
32.04.33.2008,32,JAWA BARAT,32.04,KAB. BANDUNG,32.04.33,MAJALAYA,SUKAMAJU,40382
32.04.33.2009,32,JAWA BARAT,32.04,KAB. BANDUNG,32.04.33,MAJALAYA,PADAULUN,40382
32.04.33.2010,32,JAWA BARAT,32.04,KAB. BANDUNG,32.04.33,MAJALAYA,NEGLASARI,40382
32.04.33.2011,32,JAWA BARAT,32.04,KAB. BANDUNG,32.04.33,MAJALAYA,SUKAMUKTI,40382
32.04.34.2001,32,JAWA BARAT,32.04,KAB. BANDUNG,32.04.34,SOLOKANJERUK,RANCAKASUMBA,40387
32.04.34.2002,32,JAWA BARAT,32.04,KAB. BANDUNG,32.04.34,SOLOKANJERUK,SOLOKANJERUK,40387
32.04.34.2003,32,JAWA BARAT,32.04,KAB. BANDUNG,32.04.34,SOLOKANJERUK,CIBODAS,40387
32.04.34.2004,32,JAWA BARAT,32.04,KAB. BANDUNG,32.04.34,SOLOKANJERUK,PANYADAP,40387
32.04.34.2005,32,JAWA BARAT,32.04,KAB. BANDUNG,32.04.34,SOLOKANJERUK,BOJONGEMAS,40387
32.04.34.2006,32,JAWA BARAT,32.04,KAB. BANDUNG,32.04.34,SOLOKANJERUK,PADAMUKTI,40387
32.04.34.2007,32,JAWA BARAT,32.04,KAB. BANDUNG,32.04.34,SOLOKANJERUK,LANGENSARI,40387
32.04.35.2001,32,JAWA BARAT,32.04,KAB. BANDUNG,32.04.35,PASEH,CIGENTUR,40383
32.04.35.2002,32,JAWA BARAT,32.04,KAB. BANDUNG,32.04.35,PASEH,CIPEDES,40383
32.04.35.2003,32,JAWA BARAT,32.04,KAB. BANDUNG,32.04.35,PASEH,LOA,40383
32.04.35.2004,32,JAWA BARAT,32.04,KAB. BANDUNG,32.04.35,PASEH,CIJAGRA,40383
32.04.35.2005,32,JAWA BARAT,32.04,KAB. BANDUNG,32.04.35,PASEH,CIPAKU,40383
32.04.35.2006,32,JAWA BARAT,32.04,KAB. BANDUNG,32.04.35,PASEH,SINDANGSARI,40383
32.04.35.2007,32,JAWA BARAT,32.04,KAB. BANDUNG,32.04.35,PASEH,DRAWATI,40383
32.04.35.2008,32,JAWA BARAT,32.04,KAB. BANDUNG,32.04.35,PASEH,SUKAMANAH,40383
32.04.35.2009,32,JAWA BARAT,32.04,KAB. BANDUNG,32.04.35,PASEH,SUKAMANTRI,40383
32.04.35.2010,32,JAWA BARAT,32.04,KAB. BANDUNG,32.04.35,PASEH,KARANGTUNGGAL,40383
32.04.35.2011,32,JAWA BARAT,32.04,KAB. BANDUNG,32.04.35,PASEH,MEKARPAWITAN,40383
32.04.35.2012,32,JAWA BARAT,32.04,KAB. BANDUNG,32.04.35,PASEH,TANGSIMEKAR,40383
32.04.36.2001,32,JAWA BARAT,32.04,KAB. BANDUNG,32.04.36,IBUN,IBUN,40384
32.04.36.2002,32,JAWA BARAT,32.04,KAB. BANDUNG,32.04.36,IBUN,LAKSANA,40384
32.04.36.2003,32,JAWA BARAT,32.04,KAB. BANDUNG,32.04.36,IBUN,DUKUH,40384
32.04.36.2004,32,JAWA BARAT,32.04,KAB. BANDUNG,32.04.36,IBUN,TALUN,40384
32.04.36.2005,32,JAWA BARAT,32.04,KAB. BANDUNG,32.04.36,IBUN,PANGGUH,40384
32.04.36.2006,32,JAWA BARAT,32.04,KAB. BANDUNG,32.04.36,IBUN,LAMPEGAN,40384
32.04.36.2007,32,JAWA BARAT,32.04,KAB. BANDUNG,32.04.36,IBUN,NEGLASARI,40384
32.04.36.2008,32,JAWA BARAT,32.04,KAB. BANDUNG,32.04.36,IBUN,MEKARWANGI,40384
32.04.36.2009,32,JAWA BARAT,32.04,KAB. BANDUNG,32.04.36,IBUN,SUDI,40384
32.04.36.2010,32,JAWA BARAT,32.04,KAB. BANDUNG,32.04.36,IBUN,TANGULUN,40384
32.04.36.2011,32,JAWA BARAT,32.04,KAB. BANDUNG,32.04.36,IBUN,CIBEET,40384
32.04.36.2012,32,JAWA BARAT,32.04,KAB. BANDUNG,32.04.36,IBUN,KARYALAKSANA,40384
32.04.37.2001,32,JAWA BARAT,32.04,KAB. BANDUNG,32.04.37,SOREANG,SOREANG,40311
32.04.37.2002,32,JAWA BARAT,32.04,KAB. BANDUNG,32.04.37,SOREANG,SADU,40313
32.04.37.2004,32,JAWA BARAT,32.04,KAB. BANDUNG,32.04.37,SOREANG,PANYIRAPAN,40315
32.04.37.2010,32,JAWA BARAT,32.04,KAB. BANDUNG,32.04.37,SOREANG,SUKAJADI,40311
32.04.37.2011,32,JAWA BARAT,32.04,KAB. BANDUNG,32.04.37,SOREANG,PAMEKARAN,40312
32.04.37.2017,32,JAWA BARAT,32.04,KAB. BANDUNG,32.04.37,SOREANG,KARAMATMULYA,40314
32.04.37.2018,32,JAWA BARAT,32.04,KAB. BANDUNG,32.04.37,SOREANG,SUKANAGARA,40311
32.04.37.2019,32,JAWA BARAT,32.04,KAB. BANDUNG,32.04.37,SOREANG,CINGCIN,40317
32.04.37.2020,32,JAWA BARAT,32.04,KAB. BANDUNG,32.04.37,SOREANG,PARUNGSERAB,40319
32.04.37.2021,32,JAWA BARAT,32.04,KAB. BANDUNG,32.04.37,SOREANG,SEKARWANGI,40318
32.04.38.2001,32,JAWA BARAT,32.04,KAB. BANDUNG,32.04.38,PASIRJAMBU,PASIRJAMBU,40364
32.04.38.2002,32,JAWA BARAT,32.04,KAB. BANDUNG,32.04.38,PASIRJAMBU,CIBODAS,40364
32.04.38.2003,32,JAWA BARAT,32.04,KAB. BANDUNG,32.04.38,PASIRJAMBU,CIKONENG,40364
32.04.38.2004,32,JAWA BARAT,32.04,KAB. BANDUNG,32.04.38,PASIRJAMBU,CUKANGGENTENG,40364
32.04.38.2005,32,JAWA BARAT,32.04,KAB. BANDUNG,32.04.38,PASIRJAMBU,CISONDARI,40364
32.04.38.2006,32,JAWA BARAT,32.04,KAB. BANDUNG,32.04.38,PASIRJAMBU,MARGAMULYA,40364
32.04.38.2007,32,JAWA BARAT,32.04,KAB. BANDUNG,32.04.38,PASIRJAMBU,MEKARSARI,40364
32.04.38.2008,32,JAWA BARAT,32.04,KAB. BANDUNG,32.04.38,PASIRJAMBU,MEKARMAJU,40364
32.04.38.2009,32,JAWA BARAT,32.04,KAB. BANDUNG,32.04.38,PASIRJAMBU,SUGIHMUKTI,40364
32.04.38.2010,32,JAWA BARAT,32.04,KAB. BANDUNG,32.04.38,PASIRJAMBU,TENJOLAYA,40364
32.04.39.2001,32,JAWA BARAT,32.04,KAB. BANDUNG,32.04.39,CIWIDEY,LEBAKMUNCANG,40362
32.04.39.2002,32,JAWA BARAT,32.04,KAB. BANDUNG,32.04.39,CIWIDEY,CIWIDEY,40362
32.04.39.2003,32,JAWA BARAT,32.04,KAB. BANDUNG,32.04.39,CIWIDEY,NENGKELAN,40362
32.04.39.2004,32,JAWA BARAT,32.04,KAB. BANDUNG,32.04.39,CIWIDEY,PANUNDAAN,40362
32.04.39.2005,32,JAWA BARAT,32.04,KAB. BANDUNG,32.04.39,CIWIDEY,PANYOCOKAN,40362
32.04.39.2006,32,JAWA BARAT,32.04,KAB. BANDUNG,32.04.39,CIWIDEY,RAWABOGO,40362
32.04.39.2007,32,JAWA BARAT,32.04,KAB. BANDUNG,32.04.39,CIWIDEY,SUKAWENING,40362
32.04.40.2001,32,JAWA BARAT,32.04,KAB. BANDUNG,32.04.40,RANCABALI,PATENGAN,40363
32.04.40.2002,32,JAWA BARAT,32.04,KAB. BANDUNG,32.04.40,RANCABALI,SUKARESMI,40363
32.04.40.2003,32,JAWA BARAT,32.04,KAB. BANDUNG,32.04.40,RANCABALI,INDRAGIRI,40363
32.04.40.2004,32,JAWA BARAT,32.04,KAB. BANDUNG,32.04.40,RANCABALI,CIPELAH,40363
32.04.40.2005,32,JAWA BARAT,32.04,KAB. BANDUNG,32.04.40,RANCABALI,ALAMENDAH,40363
32.04.44.2001,32,JAWA BARAT,32.04,KAB. BANDUNG,32.04.44,CANGKUANG,CANGKUANG,40361
32.04.44.2002,32,JAWA BARAT,32.04,KAB. BANDUNG,32.04.44,CANGKUANG,CILUNCAT,40361
32.04.44.2003,32,JAWA BARAT,32.04,KAB. BANDUNG,32.04.44,CANGKUANG,NAGRAK,40361
32.04.44.2004,32,JAWA BARAT,32.04,KAB. BANDUNG,32.04.44,CANGKUANG,BANDASARI,40361
32.04.44.2005,32,JAWA BARAT,32.04,KAB. BANDUNG,32.04.44,CANGKUANG,PANANJUNG,40361
32.04.44.2006,32,JAWA BARAT,32.04,KAB. BANDUNG,32.04.44,CANGKUANG,JATISARI,40361
32.04.44.2007,32,JAWA BARAT,32.04,KAB. BANDUNG,32.04.44,CANGKUANG,TANJUNGSARI,40361
32.04.46.2001,32,JAWA BARAT,32.04,KAB. BANDUNG,32.04.46,KUTAWARINGIN,JELEGONG,40356
32.04.46.2002,32,JAWA BARAT,32.04,KAB. BANDUNG,32.04.46,KUTAWARINGIN,JATISARI,40356
32.04.46.2003,32,JAWA BARAT,32.04,KAB. BANDUNG,32.04.46,KUTAWARINGIN,PAMEUNTASAN,40356
32.04.46.2004,32,JAWA BARAT,32.04,KAB. BANDUNG,32.04.46,KUTAWARINGIN,KOPO,40356
32.04.46.2005,32,JAWA BARAT,32.04,KAB. BANDUNG,32.04.46,KUTAWARINGIN,CIBODAS,40356
32.04.46.2006,32,JAWA BARAT,32.04,KAB. BANDUNG,32.04.46,KUTAWARINGIN,KUTAWARINGIN,40356
32.04.46.2007,32,JAWA BARAT,32.04,KAB. BANDUNG,32.04.46,KUTAWARINGIN,SUKAMULYA,40356
32.04.46.2008,32,JAWA BARAT,32.04,KAB. BANDUNG,32.04.46,KUTAWARINGIN,PADASUKA,40356
32.04.46.2009,32,JAWA BARAT,32.04,KAB. BANDUNG,32.04.46,KUTAWARINGIN,BUNINAGARA,40356
32.04.46.2010,32,JAWA BARAT,32.04,KAB. BANDUNG,32.04.46,KUTAWARINGIN,GAJAH MEKAR,40356
32.04.46.2011,32,JAWA BARAT,32.04,KAB. BANDUNG,32.04.46,KUTAWARINGIN,CILAME,40356
32.05.01.1001,32,JAWA BARAT,32.05,KAB. GARUT,32.05.01,GARUT KOTA,KOTA KULON,44112
32.05.01.1002,32,JAWA BARAT,32.05,KAB. GARUT,32.05.01,GARUT KOTA,KOTA WETAN,44111
32.05.01.1003,32,JAWA BARAT,32.05,KAB. GARUT,32.05.01,GARUT KOTA,MARGAWATI,44119
32.05.01.1004,32,JAWA BARAT,32.05,KAB. GARUT,32.05.01,GARUT KOTA,PAKUWON,44117
32.05.01.1005,32,JAWA BARAT,32.05,KAB. GARUT,32.05.01,GARUT KOTA,MUARA SANDING,44119
32.05.01.1006,32,JAWA BARAT,32.05,KAB. GARUT,32.05.01,GARUT KOTA,SUKAMENTRI,44116
32.05.01.1007,32,JAWA BARAT,32.05,KAB. GARUT,32.05.01,GARUT KOTA,CIWALEN,44115
32.05.01.1008,32,JAWA BARAT,32.05,KAB. GARUT,32.05.01,GARUT KOTA,PAMINGGIR,44118
32.05.01.1009,32,JAWA BARAT,32.05,KAB. GARUT,32.05.01,GARUT KOTA,REGOL,44114
32.05.01.1010,32,JAWA BARAT,32.05,KAB. GARUT,32.05.01,GARUT KOTA,SUKANEGLA,44119
32.05.01.1011,32,JAWA BARAT,32.05,KAB. GARUT,32.05.01,GARUT KOTA,CIMUNCANG,44113
32.05.02.1001,32,JAWA BARAT,32.05,KAB. GARUT,32.05.02,KARANGPAWITAN,SUCI KALER,44182
32.05.02.1002,32,JAWA BARAT,32.05,KAB. GARUT,32.05.02,KARANGPAWITAN,LEBAKJAYA,44182
32.05.02.1003,32,JAWA BARAT,32.05,KAB. GARUT,32.05.02,KARANGPAWITAN,KARANGMULYA,44182
32.05.02.1014,32,JAWA BARAT,32.05,KAB. GARUT,32.05.02,KARANGPAWITAN,LENGKONGJAYA,44182
32.05.02.2004,32,JAWA BARAT,32.05,KAB. GARUT,32.05.02,KARANGPAWITAN,KARANGPAWITAN,44182
32.05.02.2005,32,JAWA BARAT,32.05,KAB. GARUT,32.05.02,KARANGPAWITAN,SITUGEDE,44182
32.05.02.2006,32,JAWA BARAT,32.05,KAB. GARUT,32.05.02,KARANGPAWITAN,CIMURAH,44182
32.05.02.2007,32,JAWA BARAT,32.05,KAB. GARUT,32.05.02,KARANGPAWITAN,SUCI,44182
32.05.02.2008,32,JAWA BARAT,32.05,KAB. GARUT,32.05.02,KARANGPAWITAN,JATISARI,44182
32.05.02.2009,32,JAWA BARAT,32.05,KAB. GARUT,32.05.02,KARANGPAWITAN,GODOG,44182
32.05.02.2010,32,JAWA BARAT,32.05,KAB. GARUT,32.05.02,KARANGPAWITAN,SITUSARI,44182
32.05.02.2011,32,JAWA BARAT,32.05,KAB. GARUT,32.05.02,KARANGPAWITAN,KARANGSARI,44182
32.05.02.2012,32,JAWA BARAT,32.05,KAB. GARUT,32.05.02,KARANGPAWITAN,SINDANGPALAY,44182
32.05.02.2013,32,JAWA BARAT,32.05,KAB. GARUT,32.05.02,KARANGPAWITAN,LEBAKAGUNG,44182
32.05.02.2015,32,JAWA BARAT,32.05,KAB. GARUT,32.05.02,KARANGPAWITAN,SINDANGGALIH,44182
32.05.02.2016,32,JAWA BARAT,32.05,KAB. GARUT,32.05.02,KARANGPAWITAN,MEKARSARI,44182
32.05.02.2017,32,JAWA BARAT,32.05,KAB. GARUT,32.05.02,KARANGPAWITAN,SINDANGLAYA,44182
32.05.02.2018,32,JAWA BARAT,32.05,KAB. GARUT,32.05.02,KARANGPAWITAN,TANJUNGSARI,44182
32.05.02.2019,32,JAWA BARAT,32.05,KAB. GARUT,32.05.02,KARANGPAWITAN,SITUSAEUR,44182
32.05.02.2020,32,JAWA BARAT,32.05,KAB. GARUT,32.05.02,KARANGPAWITAN,SITUJAYA,44182
32.05.03.2001,32,JAWA BARAT,32.05,KAB. GARUT,32.05.03,WANARAJA,WANARAJA,44183
32.05.03.2002,32,JAWA BARAT,32.05,KAB. GARUT,32.05.03,WANARAJA,WANAMEKAR,44183
32.05.03.2003,32,JAWA BARAT,32.05,KAB. GARUT,32.05.03,WANARAJA,CINUNUK,44183
32.05.03.2007,32,JAWA BARAT,32.05,KAB. GARUT,32.05.03,WANARAJA,SUKAMENAK,44183
32.05.03.2008,32,JAWA BARAT,32.05,KAB. GARUT,32.05.03,WANARAJA,SINDANGRATU,44183
32.05.03.2011,32,JAWA BARAT,32.05,KAB. GARUT,32.05.03,WANARAJA,WANAJAYA,44183
32.05.03.2015,32,JAWA BARAT,32.05,KAB. GARUT,32.05.03,WANARAJA,SINDANGMEKAR,44183
32.05.03.2019,32,JAWA BARAT,32.05,KAB. GARUT,32.05.03,WANARAJA,WANASARI,44183
32.05.03.2024,32,JAWA BARAT,32.05,KAB. GARUT,32.05.03,WANARAJA,SINDANGPRABU,44183
32.05.04.1012,32,JAWA BARAT,32.05,KAB. GARUT,32.05.04,TAROGONG KALER,PANANJUNG,44135
32.05.04.2001,32,JAWA BARAT,32.05,KAB. GARUT,32.05.04,TAROGONG KALER,SUKAJADI,44138
32.05.04.2002,32,JAWA BARAT,32.05,KAB. GARUT,32.05.04,TAROGONG KALER,CIMANGANTEN,44131
32.05.04.2003,32,JAWA BARAT,32.05,KAB. GARUT,32.05.04,TAROGONG KALER,JATI,44132
32.05.04.2004,32,JAWA BARAT,32.05,KAB. GARUT,32.05.04,TAROGONG KALER,RANCABANGO,44136
32.05.04.2005,32,JAWA BARAT,32.05,KAB. GARUT,32.05.04,TAROGONG KALER,SUKAWANGI,44138
32.05.04.2006,32,JAWA BARAT,32.05,KAB. GARUT,32.05.04,TAROGONG KALER,SIRNAJAYA,44139
32.05.04.2007,32,JAWA BARAT,32.05,KAB. GARUT,32.05.04,TAROGONG KALER,TANJUNG KAMUNING,44137
32.05.04.2008,32,JAWA BARAT,32.05,KAB. GARUT,32.05.04,TAROGONG KALER,MEKARJAYA,44139
32.05.04.2009,32,JAWA BARAT,32.05,KAB. GARUT,32.05.04,TAROGONG KALER,LANGENSARI,44134
32.05.04.2010,32,JAWA BARAT,32.05,KAB. GARUT,32.05.04,TAROGONG KALER,MEKARWANGI,44139
32.05.04.2011,32,JAWA BARAT,32.05,KAB. GARUT,32.05.04,TAROGONG KALER,PASAWAHAN,44133
32.05.04.2013,32,JAWA BARAT,32.05,KAB. GARUT,32.05.04,TAROGONG KALER,PANJIWANGI,44138
32.05.05.1001,32,JAWA BARAT,32.05,KAB. GARUT,32.05.05,TAROGONG KIDUL,PATARUMAN,44121
32.05.05.1002,32,JAWA BARAT,32.05,KAB. GARUT,32.05.05,TAROGONG KIDUL,SUKAGALIH,44125
32.05.05.1006,32,JAWA BARAT,32.05,KAB. GARUT,32.05.05,TAROGONG KIDUL,JAYAWARAS,44123
32.05.05.1009,32,JAWA BARAT,32.05,KAB. GARUT,32.05.05,TAROGONG KIDUL,SUKAKARYA,44127
32.05.05.1012,32,JAWA BARAT,32.05,KAB. GARUT,32.05.05,TAROGONG KIDUL,SUKAJAYA,44128
32.05.05.2003,32,JAWA BARAT,32.05,KAB. GARUT,32.05.05,TAROGONG KIDUL,JAYARAGA,44122
32.05.05.2004,32,JAWA BARAT,32.05,KAB. GARUT,32.05.05,TAROGONG KIDUL,HAURPANGGUNG,44124
32.05.05.2005,32,JAWA BARAT,32.05,KAB. GARUT,32.05.05,TAROGONG KIDUL,CIBUNAR,44129
32.05.05.2007,32,JAWA BARAT,32.05,KAB. GARUT,32.05.05,TAROGONG KIDUL,SUKABAKTI,44129
32.05.05.2008,32,JAWA BARAT,32.05,KAB. GARUT,32.05.05,TAROGONG KIDUL,TAROGONG,44126
32.05.05.2010,32,JAWA BARAT,32.05,KAB. GARUT,32.05.05,TAROGONG KIDUL,MEKARGALIH,44129
32.05.05.2011,32,JAWA BARAT,32.05,KAB. GARUT,32.05.05,TAROGONG KIDUL,KERSAMENAK,44129
32.05.06.2001,32,JAWA BARAT,32.05,KAB. GARUT,32.05.06,BANYURESMI,BANYURESMI,44191
32.05.06.2002,32,JAWA BARAT,32.05,KAB. GARUT,32.05.06,BANYURESMI,CIMAREME,44191
32.05.06.2003,32,JAWA BARAT,32.05,KAB. GARUT,32.05.06,BANYURESMI,SUKARATU,44191
32.05.06.2004,32,JAWA BARAT,32.05,KAB. GARUT,32.05.06,BANYURESMI,SUKASENANG,44191
32.05.06.2005,32,JAWA BARAT,32.05,KAB. GARUT,32.05.06,BANYURESMI,SUKARAJA,44191
32.05.06.2006,32,JAWA BARAT,32.05,KAB. GARUT,32.05.06,BANYURESMI,CIPICUNG,44191
32.05.06.2007,32,JAWA BARAT,32.05,KAB. GARUT,32.05.06,BANYURESMI,DANGDEUR,44191
32.05.06.2008,32,JAWA BARAT,32.05,KAB. GARUT,32.05.06,BANYURESMI,SUKAKARYA,44191
32.05.06.2009,32,JAWA BARAT,32.05,KAB. GARUT,32.05.06,BANYURESMI,PAMEKARSARI,44191
32.05.06.2010,32,JAWA BARAT,32.05,KAB. GARUT,32.05.06,BANYURESMI,BINAKARYA,44191
32.05.06.2011,32,JAWA BARAT,32.05,KAB. GARUT,32.05.06,BANYURESMI,BAGENDIT,44191
32.05.06.2012,32,JAWA BARAT,32.05,KAB. GARUT,32.05.06,BANYURESMI,KARYAMUKTI,44191
32.05.06.2013,32,JAWA BARAT,32.05,KAB. GARUT,32.05.06,BANYURESMI,KARYASARI,44191
32.05.06.2014,32,JAWA BARAT,32.05,KAB. GARUT,32.05.06,BANYURESMI,SUKAMUKTI,44191
32.05.06.2015,32,JAWA BARAT,32.05,KAB. GARUT,32.05.06,BANYURESMI,SUKALAKSANA,44191
32.05.07.2001,32,JAWA BARAT,32.05,KAB. GARUT,32.05.07,SAMARANG,SAMARANG,44161
32.05.07.2002,32,JAWA BARAT,32.05,KAB. GARUT,32.05.07,SAMARANG,CINTARAKYAT,44161
32.05.07.2003,32,JAWA BARAT,32.05,KAB. GARUT,32.05.07,SAMARANG,SUKARASA,44161
32.05.07.2004,32,JAWA BARAT,32.05,KAB. GARUT,32.05.07,SAMARANG,PARAKAN,44161
32.05.07.2005,32,JAWA BARAT,32.05,KAB. GARUT,32.05.07,SAMARANG,SUKAKARYA,44161
32.05.07.2006,32,JAWA BARAT,32.05,KAB. GARUT,32.05.07,SAMARANG,CINTAKARYA,44161
32.05.07.2007,32,JAWA BARAT,32.05,KAB. GARUT,32.05.07,SAMARANG,TANJUNG KARYA,44161
32.05.07.2008,32,JAWA BARAT,32.05,KAB. GARUT,32.05.07,SAMARANG,CISARUA,44161
32.05.07.2009,32,JAWA BARAT,32.05,KAB. GARUT,32.05.07,SAMARANG,CINTARASA,44161
32.05.07.2010,32,JAWA BARAT,32.05,KAB. GARUT,32.05.07,SAMARANG,CINTAASIH,44161
32.05.07.2011,32,JAWA BARAT,32.05,KAB. GARUT,32.05.07,SAMARANG,SIRNASARI,44161
32.05.07.2012,32,JAWA BARAT,32.05,KAB. GARUT,32.05.07,SAMARANG,SUKALAKSANA,44161
32.05.07.2013,32,JAWA BARAT,32.05,KAB. GARUT,32.05.07,SAMARANG,TANJUNGANOM,44161
32.05.08.2001,32,JAWA BARAT,32.05,KAB. GARUT,32.05.08,PASIRWANGI,PASIRWANGI,44154
32.05.08.2002,32,JAWA BARAT,32.05,KAB. GARUT,32.05.08,PASIRWANGI,PASIRKIAMIS,44154
32.05.08.2003,32,JAWA BARAT,32.05,KAB. GARUT,32.05.08,PASIRWANGI,PADASUKA,44154
32.05.08.2004,32,JAWA BARAT,32.05,KAB. GARUT,32.05.08,PASIRWANGI,KARYAMEKAR,44154
32.05.08.2005,32,JAWA BARAT,32.05,KAB. GARUT,32.05.08,PASIRWANGI,PADAWAAS,44154
32.05.08.2006,32,JAWA BARAT,32.05,KAB. GARUT,32.05.08,PASIRWANGI,PADAASIH,44154
32.05.08.2007,32,JAWA BARAT,32.05,KAB. GARUT,32.05.08,PASIRWANGI,BARUSARI,44154
32.05.08.2008,32,JAWA BARAT,32.05,KAB. GARUT,32.05.08,PASIRWANGI,TALAGA,44154
32.05.08.2009,32,JAWA BARAT,32.05,KAB. GARUT,32.05.08,PASIRWANGI,PADAMUKTI,44154
32.05.08.2010,32,JAWA BARAT,32.05,KAB. GARUT,32.05.08,PASIRWANGI,SINARJAYA,44161
32.05.08.2011,32,JAWA BARAT,32.05,KAB. GARUT,32.05.08,PASIRWANGI,SARIMUKTI,44154
32.05.08.2012,32,JAWA BARAT,32.05,KAB. GARUT,32.05.08,PASIRWANGI,PADAMULYA,44154
32.05.09.2001,32,JAWA BARAT,32.05,KAB. GARUT,32.05.09,LELES,LELES,44152
32.05.09.2002,32,JAWA BARAT,32.05,KAB. GARUT,32.05.09,LELES,CIBURIAL,44152
32.05.09.2003,32,JAWA BARAT,32.05,KAB. GARUT,32.05.09,LELES,JANGKURANG,44152
32.05.09.2004,32,JAWA BARAT,32.05,KAB. GARUT,32.05.09,LELES,SUKARAME,44152
32.05.09.2005,32,JAWA BARAT,32.05,KAB. GARUT,32.05.09,LELES,LEMBANG,44152
32.05.09.2006,32,JAWA BARAT,32.05,KAB. GARUT,32.05.09,LELES,CANGKUANG,44152
32.05.09.2007,32,JAWA BARAT,32.05,KAB. GARUT,32.05.09,LELES,SALAMNUNGGAL,44152
32.05.09.2008,32,JAWA BARAT,32.05,KAB. GARUT,32.05.09,LELES,KANDANGMUKTI,44152
32.05.09.2009,32,JAWA BARAT,32.05,KAB. GARUT,32.05.09,LELES,MARGALUYU,44152
32.05.09.2010,32,JAWA BARAT,32.05,KAB. GARUT,32.05.09,LELES,CIPANCAR,44152
32.05.09.2011,32,JAWA BARAT,32.05,KAB. GARUT,32.05.09,LELES,HARUMAN,44152
32.05.09.2012,32,JAWA BARAT,32.05,KAB. GARUT,32.05.09,LELES,DANO,44152
32.05.10.2001,32,JAWA BARAT,32.05,KAB. GARUT,32.05.10,KADUNGORA,KADUNGORA,44153
32.05.10.2002,32,JAWA BARAT,32.05,KAB. GARUT,32.05.10,KADUNGORA,GANDAMEKAR,44153
32.05.10.2003,32,JAWA BARAT,32.05,KAB. GARUT,32.05.10,KADUNGORA,CIKEMBULAN,44153
32.05.10.2004,32,JAWA BARAT,32.05,KAB. GARUT,32.05.10,KADUNGORA,CISAAT,44153
32.05.10.2005,32,JAWA BARAT,32.05,KAB. GARUT,32.05.10,KADUNGORA,MANDALASARI,44153
32.05.10.2006,32,JAWA BARAT,32.05,KAB. GARUT,32.05.10,KADUNGORA,TANGGULUN,44153
32.05.10.2007,32,JAWA BARAT,32.05,KAB. GARUT,32.05.10,KADUNGORA,MEKARBAKTI,44153
32.05.10.2008,32,JAWA BARAT,32.05,KAB. GARUT,32.05.10,KADUNGORA,KARANGMULYA,44153
32.05.10.2009,32,JAWA BARAT,32.05,KAB. GARUT,32.05.10,KADUNGORA,HARUMANSARI,44153
32.05.10.2010,32,JAWA BARAT,32.05,KAB. GARUT,32.05.10,KADUNGORA,TALAGASARI,44153
32.05.10.2011,32,JAWA BARAT,32.05,KAB. GARUT,32.05.10,KADUNGORA,HEGARSARI,44153
32.05.10.2012,32,JAWA BARAT,32.05,KAB. GARUT,32.05.10,KADUNGORA,NEGLASARI,44153
32.05.10.2013,32,JAWA BARAT,32.05,KAB. GARUT,32.05.10,KADUNGORA,KARANGTENGAH,44153
32.05.10.2014,32,JAWA BARAT,32.05,KAB. GARUT,32.05.10,KADUNGORA,RANCASALAK,44153
32.05.11.2001,32,JAWA BARAT,32.05,KAB. GARUT,32.05.11,LEUWIGOONG,LEUWIGOONG,44192
32.05.11.2002,32,JAWA BARAT,32.05,KAB. GARUT,32.05.11,LEUWIGOONG,KARANGANYAR,44192
32.05.11.2003,32,JAWA BARAT,32.05,KAB. GARUT,32.05.11,LEUWIGOONG,MARGACINTA,44192
32.05.11.2004,32,JAWA BARAT,32.05,KAB. GARUT,32.05.11,LEUWIGOONG,MARGAHAYU,44192
32.05.11.2005,32,JAWA BARAT,32.05,KAB. GARUT,32.05.11,LEUWIGOONG,DUNGUSIKU,44192
32.05.11.2006,32,JAWA BARAT,32.05,KAB. GARUT,32.05.11,LEUWIGOONG,TAMBAK SARI,44192
32.05.11.2007,32,JAWA BARAT,32.05,KAB. GARUT,32.05.11,LEUWIGOONG,SINDANGSARI,44192
32.05.11.2008,32,JAWA BARAT,32.05,KAB. GARUT,32.05.11,LEUWIGOONG,KARANGSARI,44192
32.05.12.2001,32,JAWA BARAT,32.05,KAB. GARUT,32.05.12,CIBATU,CIBATU,44185
32.05.12.2002,32,JAWA BARAT,32.05,KAB. GARUT,32.05.12,CIBATU,MEKARSARI,44185
32.05.12.2003,32,JAWA BARAT,32.05,KAB. GARUT,32.05.12,CIBATU,CIBUNAR,44185
32.05.12.2004,32,JAWA BARAT,32.05,KAB. GARUT,32.05.12,CIBATU,SINDANGSUKA,44185
32.05.12.2005,32,JAWA BARAT,32.05,KAB. GARUT,32.05.12,CIBATU,KERTAJAYA,44185
32.05.12.2006,32,JAWA BARAT,32.05,KAB. GARUT,32.05.12,CIBATU,SUKALILAH,44185
32.05.12.2007,32,JAWA BARAT,32.05,KAB. GARUT,32.05.12,CIBATU,PADASUKA,44185
32.05.12.2008,32,JAWA BARAT,32.05,KAB. GARUT,32.05.12,CIBATU,KARYAMUKTI,44185
32.05.12.2009,32,JAWA BARAT,32.05,KAB. GARUT,32.05.12,CIBATU,GIRIMUKTI,44185
32.05.12.2010,32,JAWA BARAT,32.05,KAB. GARUT,32.05.12,CIBATU,KERESEK,44185
32.05.12.2011,32,JAWA BARAT,32.05,KAB. GARUT,32.05.12,CIBATU,WANAKERTA,44185
32.05.13.2001,32,JAWA BARAT,32.05,KAB. GARUT,32.05.13,KERSAMANAH,KERSAMANAH,44194
32.05.13.2002,32,JAWA BARAT,32.05,KAB. GARUT,32.05.13,KERSAMANAH,NANJUNGJAYA,44194
32.05.13.2003,32,JAWA BARAT,32.05,KAB. GARUT,32.05.13,KERSAMANAH,SUKAMERANG,44194
32.05.13.2004,32,JAWA BARAT,32.05,KAB. GARUT,32.05.13,KERSAMANAH,GIRIJAYA,44194
32.05.13.2005,32,JAWA BARAT,32.05,KAB. GARUT,32.05.13,KERSAMANAH,SUKAMAJU,44194
32.05.13.2006,32,JAWA BARAT,32.05,KAB. GARUT,32.05.13,KERSAMANAH,MEKARRAYA,44194
32.05.14.2001,32,JAWA BARAT,32.05,KAB. GARUT,32.05.14,MALANGBONG,MALANGBONG,44188
32.05.14.2002,32,JAWA BARAT,32.05,KAB. GARUT,32.05.14,MALANGBONG,KARANGMULYA,44188
32.05.14.2003,32,JAWA BARAT,32.05,KAB. GARUT,32.05.14,MALANGBONG,CIBUNAR,44188
32.05.14.2004,32,JAWA BARAT,32.05,KAB. GARUT,32.05.14,MALANGBONG,CIKARANG,44188
32.05.14.2005,32,JAWA BARAT,32.05,KAB. GARUT,32.05.14,MALANGBONG,SAKAWAYANG,44188
32.05.14.2006,32,JAWA BARAT,32.05,KAB. GARUT,32.05.14,MALANGBONG,MEKARASIH,44188
32.05.14.2007,32,JAWA BARAT,32.05,KAB. GARUT,32.05.14,MALANGBONG,CISITU,44188
32.05.14.2008,32,JAWA BARAT,32.05,KAB. GARUT,32.05.14,MALANGBONG,CAMPAKA,44188
32.05.14.2009,32,JAWA BARAT,32.05,KAB. GARUT,32.05.14,MALANGBONG,LEWOBARU,44188
32.05.14.2010,32,JAWA BARAT,32.05,KAB. GARUT,32.05.14,MALANGBONG,SUKAMANAH,44188
32.05.14.2011,32,JAWA BARAT,32.05,KAB. GARUT,32.05.14,MALANGBONG,CILAMPUYANG,44188
32.05.14.2012,32,JAWA BARAT,32.05,KAB. GARUT,32.05.14,MALANGBONG,CINAGARA,44188
32.05.14.2013,32,JAWA BARAT,32.05,KAB. GARUT,32.05.14,MALANGBONG,SUKARATU,44188
32.05.14.2014,32,JAWA BARAT,32.05,KAB. GARUT,32.05.14,MALANGBONG,CITERAS,44188
32.05.14.2015,32,JAWA BARAT,32.05,KAB. GARUT,32.05.14,MALANGBONG,SUKARASA,44188
32.05.14.2016,32,JAWA BARAT,32.05,KAB. GARUT,32.05.14,MALANGBONG,SEKARWANGI,44188
32.05.14.2017,32,JAWA BARAT,32.05,KAB. GARUT,32.05.14,MALANGBONG,KUTANAGARA,44188
32.05.14.2018,32,JAWA BARAT,32.05,KAB. GARUT,32.05.14,MALANGBONG,SANDING,44188
32.05.14.2019,32,JAWA BARAT,32.05,KAB. GARUT,32.05.14,MALANGBONG,CIHAURKUNING,44188
32.05.14.2020,32,JAWA BARAT,32.05,KAB. GARUT,32.05.14,MALANGBONG,BARU DUA,44188
32.05.14.2021,32,JAWA BARAT,32.05,KAB. GARUT,32.05.14,MALANGBONG,SUKAJAYA,44188
32.05.14.2022,32,JAWA BARAT,32.05,KAB. GARUT,32.05.14,MALANGBONG,BUNISARI,44188
32.05.14.2023,32,JAWA BARAT,32.05,KAB. GARUT,32.05.14,MALANGBONG,MEKARMULYA,44188
32.05.14.2024,32,JAWA BARAT,32.05,KAB. GARUT,32.05.14,MALANGBONG,GIRIMAKMUR,44188
32.05.15.2001,32,JAWA BARAT,32.05,KAB. GARUT,32.05.15,SUKAWENING,SUKAWENING,44184
32.05.15.2002,32,JAWA BARAT,32.05,KAB. GARUT,32.05.15,SUKAWENING,SUKAMUKTI,44184
32.05.15.2003,32,JAWA BARAT,32.05,KAB. GARUT,32.05.15,SUKAWENING,MEKARLUYU,44184
32.05.15.2004,32,JAWA BARAT,32.05,KAB. GARUT,32.05.15,SUKAWENING,SUKALUYU,44184
32.05.15.2005,32,JAWA BARAT,32.05,KAB. GARUT,32.05.15,SUKAWENING,SUDALARANG,44184
32.05.15.2006,32,JAWA BARAT,32.05,KAB. GARUT,32.05.15,SUKAWENING,SUKASONO,44184
32.05.15.2007,32,JAWA BARAT,32.05,KAB. GARUT,32.05.15,SUKAWENING,SUKAHAJI,44184
32.05.15.2008,32,JAWA BARAT,32.05,KAB. GARUT,32.05.15,SUKAWENING,PASANGGRAHAN,44184
32.05.15.2009,32,JAWA BARAT,32.05,KAB. GARUT,32.05.15,SUKAWENING,MARIPARI,44184
32.05.15.2010,32,JAWA BARAT,32.05,KAB. GARUT,32.05.15,SUKAWENING,MEKARWANGI,44184
32.05.15.2011,32,JAWA BARAT,32.05,KAB. GARUT,32.05.15,SUKAWENING,MEKAR HURIP,44184
32.05.16.2001,32,JAWA BARAT,32.05,KAB. GARUT,32.05.16,KARANGTENGAH,CARINGIN,44189
32.05.16.2002,32,JAWA BARAT,32.05,KAB. GARUT,32.05.16,KARANGTENGAH,CINTAMANIK,44189
32.05.16.2003,32,JAWA BARAT,32.05,KAB. GARUT,32.05.16,KARANGTENGAH,CINTA,44189
32.05.16.2004,32,JAWA BARAT,32.05,KAB. GARUT,32.05.16,KARANGTENGAH,SINDANGGALIH,44189
32.05.17.2001,32,JAWA BARAT,32.05,KAB. GARUT,32.05.17,BAYONGBONG,BAYONGBONG,44162
32.05.17.2002,32,JAWA BARAT,32.05,KAB. GARUT,32.05.17,BAYONGBONG,PANEMBONG,44162
32.05.17.2003,32,JAWA BARAT,32.05,KAB. GARUT,32.05.17,BAYONGBONG,HEGARMANAH,44162
32.05.17.2004,32,JAWA BARAT,32.05,KAB. GARUT,32.05.17,BAYONGBONG,SELAKURAY,44162
32.05.17.2005,32,JAWA BARAT,32.05,KAB. GARUT,32.05.17,BAYONGBONG,KARYAJAYA,44162
32.05.17.2006,32,JAWA BARAT,32.05,KAB. GARUT,32.05.17,BAYONGBONG,MULYASARI,44162
32.05.17.2007,32,JAWA BARAT,32.05,KAB. GARUT,32.05.17,BAYONGBONG,PAMALAYAN,44162
32.05.17.2008,32,JAWA BARAT,32.05,KAB. GARUT,32.05.17,BAYONGBONG,MEKARSARI,44162
32.05.17.2009,32,JAWA BARAT,32.05,KAB. GARUT,32.05.17,BAYONGBONG,CIBURUY,44162
32.05.17.2010,32,JAWA BARAT,32.05,KAB. GARUT,32.05.17,BAYONGBONG,CIELA,44162
32.05.17.2011,32,JAWA BARAT,32.05,KAB. GARUT,32.05.17,BAYONGBONG,CIKEDOKAN,44162
32.05.17.2012,32,JAWA BARAT,32.05,KAB. GARUT,32.05.17,BAYONGBONG,BANJARSARI,44162
32.05.17.2013,32,JAWA BARAT,32.05,KAB. GARUT,32.05.17,BAYONGBONG,SUKASENANG,44162
32.05.17.2014,32,JAWA BARAT,32.05,KAB. GARUT,32.05.17,BAYONGBONG,MEKARJAYA,44162
32.05.17.2015,32,JAWA BARAT,32.05,KAB. GARUT,32.05.17,BAYONGBONG,SIRNAGALIH,44162
32.05.17.2016,32,JAWA BARAT,32.05,KAB. GARUT,32.05.17,BAYONGBONG,SUKARAME,44162
32.05.17.2017,32,JAWA BARAT,32.05,KAB. GARUT,32.05.17,BAYONGBONG,CINISTI,44162
32.05.17.2018,32,JAWA BARAT,32.05,KAB. GARUT,32.05.17,BAYONGBONG,SUKAMANAH,44162
32.05.18.2001,32,JAWA BARAT,32.05,KAB. GARUT,32.05.18,CIGEDUG,CIGEDUG,44156
32.05.18.2002,32,JAWA BARAT,32.05,KAB. GARUT,32.05.18,CIGEDUG,BARUSUDA,44156
32.05.18.2003,32,JAWA BARAT,32.05,KAB. GARUT,32.05.18,CIGEDUG,SUKAHURIP,44156
32.05.18.2004,32,JAWA BARAT,32.05,KAB. GARUT,32.05.18,CIGEDUG,SINDANGSARI,44156
32.05.18.2005,32,JAWA BARAT,32.05,KAB. GARUT,32.05.18,CIGEDUG,CINTANAGARA,44156
32.05.19.2001,32,JAWA BARAT,32.05,KAB. GARUT,32.05.19,CILAWU,CILAWU,44181
32.05.19.2002,32,JAWA BARAT,32.05,KAB. GARUT,32.05.19,CILAWU,SUKAMUKTI,44181
32.05.19.2003,32,JAWA BARAT,32.05,KAB. GARUT,32.05.19,CILAWU,KARYAMEKAR,44181
32.05.19.2004,32,JAWA BARAT,32.05,KAB. GARUT,32.05.19,CILAWU,DAWUNGSARI,44181
32.05.19.2005,32,JAWA BARAT,32.05,KAB. GARUT,32.05.19,CILAWU,PASANGGRAHAN,44181
32.05.19.2006,32,JAWA BARAT,32.05,KAB. GARUT,32.05.19,CILAWU,SUKAHATI,44181
32.05.19.2007,32,JAWA BARAT,32.05,KAB. GARUT,32.05.19,CILAWU,MEKARSARI,44181
32.05.19.2008,32,JAWA BARAT,32.05,KAB. GARUT,32.05.19,CILAWU,MEKARMUKTI,44181
32.05.19.2009,32,JAWA BARAT,32.05,KAB. GARUT,32.05.19,CILAWU,DESAKOLOT,44181
32.05.19.2010,32,JAWA BARAT,32.05,KAB. GARUT,32.05.19,CILAWU,NGAMPLANGSARI,44181
32.05.19.2011,32,JAWA BARAT,32.05,KAB. GARUT,32.05.19,CILAWU,MARGALAKSANA,44181
32.05.19.2012,32,JAWA BARAT,32.05,KAB. GARUT,32.05.19,CILAWU,DANGIANG,44181
32.05.19.2013,32,JAWA BARAT,32.05,KAB. GARUT,32.05.19,CILAWU,DAYEUHMANGGUNG,44181
32.05.19.2014,32,JAWA BARAT,32.05,KAB. GARUT,32.05.19,CILAWU,SUKAMAJU,44181
32.05.19.2015,32,JAWA BARAT,32.05,KAB. GARUT,32.05.19,CILAWU,MANGURAKYAT,44181
32.05.19.2016,32,JAWA BARAT,32.05,KAB. GARUT,32.05.19,CILAWU,NGAMPLANG,44181
32.05.19.2017,32,JAWA BARAT,32.05,KAB. GARUT,32.05.19,CILAWU,SUKATANI,44181
32.05.19.2018,32,JAWA BARAT,32.05,KAB. GARUT,32.05.19,CILAWU,SUKAMURNI,44181
32.05.20.2001,32,JAWA BARAT,32.05,KAB. GARUT,32.05.20,CISURUPAN,CISURUPAN,44163
32.05.20.2002,32,JAWA BARAT,32.05,KAB. GARUT,32.05.20,CISURUPAN,CIDATAR,44163
32.05.20.2003,32,JAWA BARAT,32.05,KAB. GARUT,32.05.20,CISURUPAN,SUKAWANGI,44163
32.05.20.2004,32,JAWA BARAT,32.05,KAB. GARUT,32.05.20,CISURUPAN,SUKATANI,44163
32.05.20.2005,32,JAWA BARAT,32.05,KAB. GARUT,32.05.20,CISURUPAN,SITUSARI,44163
32.05.20.2006,32,JAWA BARAT,32.05,KAB. GARUT,32.05.20,CISURUPAN,PAKUWON,44163
32.05.20.2007,32,JAWA BARAT,32.05,KAB. GARUT,32.05.20,CISURUPAN,BALEWANGI,44163
32.05.20.2008,32,JAWA BARAT,32.05,KAB. GARUT,32.05.20,CISURUPAN,SIRNAJAYA,44163
32.05.20.2009,32,JAWA BARAT,32.05,KAB. GARUT,32.05.20,CISURUPAN,CISERO,44163
32.05.20.2010,32,JAWA BARAT,32.05,KAB. GARUT,32.05.20,CISURUPAN,KRAMATWANGI,44163
32.05.20.2011,32,JAWA BARAT,32.05,KAB. GARUT,32.05.20,CISURUPAN,CIPAGANTI,44163
32.05.20.2012,32,JAWA BARAT,32.05,KAB. GARUT,32.05.20,CISURUPAN,PAMULIHAN,44163
32.05.20.2013,32,JAWA BARAT,32.05,KAB. GARUT,32.05.20,CISURUPAN,TAMBAKBAYA,44163
32.05.20.2014,32,JAWA BARAT,32.05,KAB. GARUT,32.05.20,CISURUPAN,SIRNAGALIH,44163
32.05.20.2015,32,JAWA BARAT,32.05,KAB. GARUT,32.05.20,CISURUPAN,PANGAUBAN,44163
32.05.20.2016,32,JAWA BARAT,32.05,KAB. GARUT,32.05.20,CISURUPAN,SIMPANGSARI,44163
32.05.20.2017,32,JAWA BARAT,32.05,KAB. GARUT,32.05.20,CISURUPAN,CINTAASIH,44163
32.05.21.2001,32,JAWA BARAT,32.05,KAB. GARUT,32.05.21,SUKARESMI,SUKARESMI,44155
32.05.21.2002,32,JAWA BARAT,32.05,KAB. GARUT,32.05.21,SUKARESMI,CINTADAMAI,44155
32.05.21.2003,32,JAWA BARAT,32.05,KAB. GARUT,32.05.21,SUKARESMI,MEKARJAYA,44155
32.05.21.2004,32,JAWA BARAT,32.05,KAB. GARUT,32.05.21,SUKARESMI,SUKAJAYA,44155
32.05.21.2005,32,JAWA BARAT,32.05,KAB. GARUT,32.05.21,SUKARESMI,SUKAMULYA,44155
32.05.21.2006,32,JAWA BARAT,32.05,KAB. GARUT,32.05.21,SUKARESMI,PADAMUKTI,44155
32.05.21.2007,32,JAWA BARAT,32.05,KAB. GARUT,32.05.21,SUKARESMI,SUKALILAH,44155
32.05.22.2001,32,JAWA BARAT,32.05,KAB. GARUT,32.05.22,CIKAJANG,CIKAJANG,44171
32.05.22.2002,32,JAWA BARAT,32.05,KAB. GARUT,32.05.22,CIKAJANG,SIMPANG,44171
32.05.22.2003,32,JAWA BARAT,32.05,KAB. GARUT,32.05.22,CIKAJANG,MEKARSARI,44171
32.05.22.2004,32,JAWA BARAT,32.05,KAB. GARUT,32.05.22,CIKAJANG,GIRIJAYA,44171
32.05.22.2005,32,JAWA BARAT,32.05,KAB. GARUT,32.05.22,CIKAJANG,GIRIAWAS,44171
32.05.22.2006,32,JAWA BARAT,32.05,KAB. GARUT,32.05.22,CIKAJANG,CIBODAS,44171
32.05.22.2007,32,JAWA BARAT,32.05,KAB. GARUT,32.05.22,CIKAJANG,MEKARJAYA,44171
32.05.22.2008,32,JAWA BARAT,32.05,KAB. GARUT,32.05.22,CIKAJANG,CIKANDANG,44171
32.05.22.2009,32,JAWA BARAT,32.05,KAB. GARUT,32.05.22,CIKAJANG,PADASUKA,44171
32.05.22.2010,32,JAWA BARAT,32.05,KAB. GARUT,32.05.22,CIKAJANG,MARGAMULYA,44171
32.05.22.2011,32,JAWA BARAT,32.05,KAB. GARUT,32.05.22,CIKAJANG,CIPANGRAMATAN,44171
32.05.22.2012,32,JAWA BARAT,32.05,KAB. GARUT,32.05.22,CIKAJANG,KRAMATWANGI,44171
32.05.23.2001,32,JAWA BARAT,32.05,KAB. GARUT,32.05.23,BANJARWANGI,BANJARWANGI,44172
32.05.23.2002,32,JAWA BARAT,32.05,KAB. GARUT,32.05.23,BANJARWANGI,TALAGAJAYA,44172
32.05.23.2003,32,JAWA BARAT,32.05,KAB. GARUT,32.05.23,BANJARWANGI,PADAHURIP,44172
32.05.23.2004,32,JAWA BARAT,32.05,KAB. GARUT,32.05.23,BANJARWANGI,KADONGDONG,44172
32.05.23.2005,32,JAWA BARAT,32.05,KAB. GARUT,32.05.23,BANJARWANGI,TALAGASARI,44172
32.05.23.2006,32,JAWA BARAT,32.05,KAB. GARUT,32.05.23,BANJARWANGI,JAYABAKTI,44172
32.05.23.2007,32,JAWA BARAT,32.05,KAB. GARUT,32.05.23,BANJARWANGI,MULYAJAYA,44172
32.05.23.2008,32,JAWA BARAT,32.05,KAB. GARUT,32.05.23,BANJARWANGI,DANGIANG,44172
32.05.23.2009,32,JAWA BARAT,32.05,KAB. GARUT,32.05.23,BANJARWANGI,TANJUNGJAYA,44172
32.05.23.2010,32,JAWA BARAT,32.05,KAB. GARUT,32.05.23,BANJARWANGI,BOJONG,44172
32.05.23.2011,32,JAWA BARAT,32.05,KAB. GARUT,32.05.23,BANJARWANGI,WANGUNJAYA,44172
32.05.24.2001,32,JAWA BARAT,32.05,KAB. GARUT,32.05.24,SINGAJAYA,SINGAJAYA,44173
32.05.24.2002,32,JAWA BARAT,32.05,KAB. GARUT,32.05.24,SINGAJAYA,CIUDIAN,44173
32.05.24.2003,32,JAWA BARAT,32.05,KAB. GARUT,32.05.24,SINGAJAYA,MEKARTANI,44173
32.05.24.2004,32,JAWA BARAT,32.05,KAB. GARUT,32.05.24,SINGAJAYA,SUKAMULYA,44173
32.05.24.2005,32,JAWA BARAT,32.05,KAB. GARUT,32.05.24,SINGAJAYA,SUKAWANGI,44173
32.05.24.2006,32,JAWA BARAT,32.05,KAB. GARUT,32.05.24,SINGAJAYA,PANCASURA,44173
32.05.24.2007,32,JAWA BARAT,32.05,KAB. GARUT,32.05.24,SINGAJAYA,KARANGAGUNG,44173
32.05.24.2008,32,JAWA BARAT,32.05,KAB. GARUT,32.05.24,SINGAJAYA,CIGINTUNG,44173
32.05.24.2009,32,JAWA BARAT,32.05,KAB. GARUT,32.05.24,SINGAJAYA,GIRIMUKTI,44173
32.05.25.2001,32,JAWA BARAT,32.05,KAB. GARUT,32.05.25,CIHURIP,CIHURIP,44179
32.05.25.2002,32,JAWA BARAT,32.05,KAB. GARUT,32.05.25,CIHURIP,CISANGKAL,44179
32.05.25.2003,32,JAWA BARAT,32.05,KAB. GARUT,32.05.25,CIHURIP,MEKARWANGI,44179
32.05.25.2004,32,JAWA BARAT,32.05,KAB. GARUT,32.05.25,CIHURIP,JAYAMUKTI,44179
32.05.26.2001,32,JAWA BARAT,32.05,KAB. GARUT,32.05.26,PEUNDEUY,PEUNDEUY,44178
32.05.26.2002,32,JAWA BARAT,32.05,KAB. GARUT,32.05.26,PEUNDEUY,TOBLONG,44178
32.05.26.2003,32,JAWA BARAT,32.05,KAB. GARUT,32.05.26,PEUNDEUY,SARIBAKTI,44178
32.05.26.2004,32,JAWA BARAT,32.05,KAB. GARUT,32.05.26,PEUNDEUY,PANGRUMASAN,44178
32.05.26.2005,32,JAWA BARAT,32.05,KAB. GARUT,32.05.26,PEUNDEUY,SUKANAGARA,44178
32.05.26.2006,32,JAWA BARAT,32.05,KAB. GARUT,32.05.26,PEUNDEUY,PURWAJAYA,44178
32.05.27.2001,32,JAWA BARAT,32.05,KAB. GARUT,32.05.27,PAMEUNGPEUK,PAMEUNGPEUK,44175
32.05.27.2002,32,JAWA BARAT,32.05,KAB. GARUT,32.05.27,PAMEUNGPEUK,MANCAGAHAR,44175
32.05.27.2003,32,JAWA BARAT,32.05,KAB. GARUT,32.05.27,PAMEUNGPEUK,PAAS,44175
32.05.27.2004,32,JAWA BARAT,32.05,KAB. GARUT,32.05.27,PAMEUNGPEUK,MANDALAKASIH,44175
32.05.27.2005,32,JAWA BARAT,32.05,KAB. GARUT,32.05.27,PAMEUNGPEUK,JATIMULYA,44175
32.05.27.2006,32,JAWA BARAT,32.05,KAB. GARUT,32.05.27,PAMEUNGPEUK,BOJONG,44175
32.05.27.2007,32,JAWA BARAT,32.05,KAB. GARUT,32.05.27,PAMEUNGPEUK,SIRNABAKTI,44175
32.05.27.2008,32,JAWA BARAT,32.05,KAB. GARUT,32.05.27,PAMEUNGPEUK,BOJONG KIDUL,44175
32.05.28.2001,32,JAWA BARAT,32.05,KAB. GARUT,32.05.28,CISOMPET,CISOMPET,44174
32.05.28.2002,32,JAWA BARAT,32.05,KAB. GARUT,32.05.28,CISOMPET,CIHAURKUNING,44174
32.05.28.2003,32,JAWA BARAT,32.05,KAB. GARUT,32.05.28,CISOMPET,MARGAMULYA,44174
32.05.28.2004,32,JAWA BARAT,32.05,KAB. GARUT,32.05.28,CISOMPET,SUKAMUKTI,44174
32.05.28.2005,32,JAWA BARAT,32.05,KAB. GARUT,32.05.28,CISOMPET,SUKANAGARA,44174
32.05.28.2006,32,JAWA BARAT,32.05,KAB. GARUT,32.05.28,CISOMPET,CIKONDANG,44174
32.05.28.2007,32,JAWA BARAT,32.05,KAB. GARUT,32.05.28,CISOMPET,DEPOK,44174
32.05.28.2008,32,JAWA BARAT,32.05,KAB. GARUT,32.05.28,CISOMPET,PANYINDANGAN,44174
32.05.28.2009,32,JAWA BARAT,32.05,KAB. GARUT,32.05.28,CISOMPET,JATISARI,44174
32.05.28.2010,32,JAWA BARAT,32.05,KAB. GARUT,32.05.28,CISOMPET,NEGLASARI,44174
32.05.28.2011,32,JAWA BARAT,32.05,KAB. GARUT,32.05.28,CISOMPET,SINDANGSARI,44174
32.05.29.2001,32,JAWA BARAT,32.05,KAB. GARUT,32.05.29,CIBALONG,KARYASARI,44176
32.05.29.2002,32,JAWA BARAT,32.05,KAB. GARUT,32.05.29,CIBALONG,MAROKO,44176
32.05.29.2003,32,JAWA BARAT,32.05,KAB. GARUT,32.05.29,CIBALONG,SANCANG,44176
32.05.29.2004,32,JAWA BARAT,32.05,KAB. GARUT,32.05.29,CIBALONG,KARYAMUKTI,44176
32.05.29.2005,32,JAWA BARAT,32.05,KAB. GARUT,32.05.29,CIBALONG,SAGARA,44176
32.05.29.2006,32,JAWA BARAT,32.05,KAB. GARUT,32.05.29,CIBALONG,MEKARSARI,44176
32.05.29.2007,32,JAWA BARAT,32.05,KAB. GARUT,32.05.29,CIBALONG,SIMPANG,44176
32.05.29.2008,32,JAWA BARAT,32.05,KAB. GARUT,32.05.29,CIBALONG,MEKAR MUKTI,44176
32.05.29.2009,32,JAWA BARAT,32.05,KAB. GARUT,32.05.29,CIBALONG,CIGARONGGONG,44176
32.05.29.2010,32,JAWA BARAT,32.05,KAB. GARUT,32.05.29,CIBALONG,MEKARWANGI,44176
32.05.29.2011,32,JAWA BARAT,32.05,KAB. GARUT,32.05.29,CIBALONG,NAJATEN,44176
32.05.30.2001,32,JAWA BARAT,32.05,KAB. GARUT,32.05.30,CIKELET,CIKELET,44177
32.05.30.2002,32,JAWA BARAT,32.05,KAB. GARUT,32.05.30,CIKELET,LINGGAMANIK,44177
32.05.30.2003,32,JAWA BARAT,32.05,KAB. GARUT,32.05.30,CIKELET,KERTAMUKTI,44177
32.05.30.2004,32,JAWA BARAT,32.05,KAB. GARUT,32.05.30,CIKELET,COGADOG,44177
32.05.30.2005,32,JAWA BARAT,32.05,KAB. GARUT,32.05.30,CIKELET,PAMALAYAN,44177
32.05.30.2006,32,JAWA BARAT,32.05,KAB. GARUT,32.05.30,CIKELET,KARANGSARI,44177
32.05.30.2007,32,JAWA BARAT,32.05,KAB. GARUT,32.05.30,CIKELET,CIJAMBE,44177
32.05.30.2008,32,JAWA BARAT,32.05,KAB. GARUT,32.05.30,CIKELET,GIRIMUKTI,44177
32.05.30.2009,32,JAWA BARAT,32.05,KAB. GARUT,32.05.30,CIKELET,CIROYOM,44177
32.05.30.2010,32,JAWA BARAT,32.05,KAB. GARUT,32.05.30,CIKELET,AWASSAGARA,44177
32.05.30.2011,32,JAWA BARAT,32.05,KAB. GARUT,32.05.30,CIKELET,TIPAR,44177
32.05.31.2001,32,JAWA BARAT,32.05,KAB. GARUT,32.05.31,BUNGBULANG,BUNGBULANG,44165
32.05.31.2002,32,JAWA BARAT,32.05,KAB. GARUT,32.05.31,BUNGBULANG,HANJUANG,44165
32.05.31.2003,32,JAWA BARAT,32.05,KAB. GARUT,32.05.31,BUNGBULANG,GUNAMEKAR,44165
32.05.31.2004,32,JAWA BARAT,32.05,KAB. GARUT,32.05.31,BUNGBULANG,TEGALLEGA,44165
32.05.31.2005,32,JAWA BARAT,32.05,KAB. GARUT,32.05.31,BUNGBULANG,MEKARBAKTI,44165
32.05.31.2006,32,JAWA BARAT,32.05,KAB. GARUT,32.05.31,BUNGBULANG,MARGALAKSANA,44165
32.05.31.2007,32,JAWA BARAT,32.05,KAB. GARUT,32.05.31,BUNGBULANG,BOJONG,44165
32.05.31.2008,32,JAWA BARAT,32.05,KAB. GARUT,32.05.31,BUNGBULANG,SINARJAYA,44165
32.05.31.2009,32,JAWA BARAT,32.05,KAB. GARUT,32.05.31,BUNGBULANG,MEKARJAYA,44165
32.05.31.2010,32,JAWA BARAT,32.05,KAB. GARUT,32.05.31,BUNGBULANG,CIHIKEU,44165
32.05.31.2011,32,JAWA BARAT,32.05,KAB. GARUT,32.05.31,BUNGBULANG,WANGUNJAYA,44165
32.05.31.2012,32,JAWA BARAT,32.05,KAB. GARUT,32.05.31,BUNGBULANG,GUNUNG JAMPANG,44165
32.05.31.2013,32,JAWA BARAT,32.05,KAB. GARUT,32.05.31,BUNGBULANG,HEGARMANAH,44165
32.05.32.2001,32,JAWA BARAT,32.05,KAB. GARUT,32.05.32,MEKARMUKTI,MEKARMUKTI,44199
32.05.32.2002,32,JAWA BARAT,32.05,KAB. GARUT,32.05.32,MEKARMUKTI,KARANGWANGI,44199
32.05.32.2003,32,JAWA BARAT,32.05,KAB. GARUT,32.05.32,MEKARMUKTI,JAYABAYA,44199
32.05.32.2004,32,JAWA BARAT,32.05,KAB. GARUT,32.05.32,MEKARMUKTI,CIJAYANA,44199
32.05.32.2005,32,JAWA BARAT,32.05,KAB. GARUT,32.05.32,MEKARMUKTI,MEKARSARI,44199
32.05.33.2001,32,JAWA BARAT,32.05,KAB. GARUT,32.05.33,PAKENJENG,NEGLASARI,44164
32.05.33.2002,32,JAWA BARAT,32.05,KAB. GARUT,32.05.33,PAKENJENG,TANJUNGJAYA,44164
32.05.33.2003,32,JAWA BARAT,32.05,KAB. GARUT,32.05.33,PAKENJENG,TANJUNGMULYA,44164
32.05.33.2004,32,JAWA BARAT,32.05,KAB. GARUT,32.05.33,PAKENJENG,WANGUNJAYA,44164
32.05.33.2005,32,JAWA BARAT,32.05,KAB. GARUT,32.05.33,PAKENJENG,SUKAMULYA,44164
32.05.33.2006,32,JAWA BARAT,32.05,KAB. GARUT,32.05.33,PAKENJENG,PASIRLANGU,44164
32.05.33.2007,32,JAWA BARAT,32.05,KAB. GARUT,32.05.33,PAKENJENG,TALAGAWANGI,44164
32.05.33.2008,32,JAWA BARAT,32.05,KAB. GARUT,32.05.33,PAKENJENG,JATIWANGI,44164
32.05.33.2009,32,JAWA BARAT,32.05,KAB. GARUT,32.05.33,PAKENJENG,PANYINDANGAN,44164
32.05.33.2010,32,JAWA BARAT,32.05,KAB. GARUT,32.05.33,PAKENJENG,TEGALGEDE,44164
32.05.33.2011,32,JAWA BARAT,32.05,KAB. GARUT,32.05.33,PAKENJENG,DEPOK,44164
32.05.33.2012,32,JAWA BARAT,32.05,KAB. GARUT,32.05.33,PAKENJENG,KARANGSARI,44164
32.05.33.2013,32,JAWA BARAT,32.05,KAB. GARUT,32.05.33,PAKENJENG,JAYAMEKAR,44164
32.05.34.2001,32,JAWA BARAT,32.05,KAB. GARUT,32.05.34,PAMULIHAN,PAKENJENG,44168
32.05.34.2002,32,JAWA BARAT,32.05,KAB. GARUT,32.05.34,PAMULIHAN,GARUMUKTI,44168
32.05.34.2003,32,JAWA BARAT,32.05,KAB. GARUT,32.05.34,PAMULIHAN,PANAWA,44168
32.05.34.2004,32,JAWA BARAT,32.05,KAB. GARUT,32.05.34,PAMULIHAN,PANANJUNG,44168
32.05.34.2005,32,JAWA BARAT,32.05,KAB. GARUT,32.05.34,PAMULIHAN,LINGGARJATI,44168
32.05.35.2001,32,JAWA BARAT,32.05,KAB. GARUT,32.05.35,CISEWU,CISEWU,44166
32.05.35.2002,32,JAWA BARAT,32.05,KAB. GARUT,32.05.35,CISEWU,GIRIMUKTI,44166
32.05.35.2003,32,JAWA BARAT,32.05,KAB. GARUT,32.05.35,CISEWU,PAMALAYAN,44166
32.05.35.2004,32,JAWA BARAT,32.05,KAB. GARUT,32.05.35,CISEWU,CIKARANG,44166
32.05.35.2005,32,JAWA BARAT,32.05,KAB. GARUT,32.05.35,CISEWU,SUKAJAYA,44166
32.05.35.2006,32,JAWA BARAT,32.05,KAB. GARUT,32.05.35,CISEWU,NYALINDUNG,44166
32.05.35.2007,32,JAWA BARAT,32.05,KAB. GARUT,32.05.35,CISEWU,KARANGSEWU,44166
32.05.35.2008,32,JAWA BARAT,32.05,KAB. GARUT,32.05.35,CISEWU,MEKARSEWU,44166
32.05.35.2009,32,JAWA BARAT,32.05,KAB. GARUT,32.05.35,CISEWU,PANGGALIH,44166
32.05.36.2001,32,JAWA BARAT,32.05,KAB. GARUT,32.05.36,CARINGIN,CARINGIN,44169
32.05.36.2002,32,JAWA BARAT,32.05,KAB. GARUT,32.05.36,CARINGIN,INDRALAYANG,44169
32.05.36.2003,32,JAWA BARAT,32.05,KAB. GARUT,32.05.36,CARINGIN,CIMAHI,44169
32.05.36.2004,32,JAWA BARAT,32.05,KAB. GARUT,32.05.36,CARINGIN,SUKARAME,44169
32.05.36.2005,32,JAWA BARAT,32.05,KAB. GARUT,32.05.36,CARINGIN,PURBAYANI,44169
32.05.36.2006,32,JAWA BARAT,32.05,KAB. GARUT,32.05.36,CARINGIN,SAMUDERAJAYA,44169
32.05.37.2001,32,JAWA BARAT,32.05,KAB. GARUT,32.05.37,TALEGONG,SUKAMAJU,44167
32.05.37.2002,32,JAWA BARAT,32.05,KAB. GARUT,32.05.37,TALEGONG,SUKAMULYA,44167
32.05.37.2003,32,JAWA BARAT,32.05,KAB. GARUT,32.05.37,TALEGONG,MEKARMUKTI,44167
32.05.37.2004,32,JAWA BARAT,32.05,KAB. GARUT,32.05.37,TALEGONG,MEKARMULYA,44167
32.05.37.2005,32,JAWA BARAT,32.05,KAB. GARUT,32.05.37,TALEGONG,SUKALAKSANA,44167
32.05.37.2006,32,JAWA BARAT,32.05,KAB. GARUT,32.05.37,TALEGONG,SELAAWI,44167
32.05.37.2007,32,JAWA BARAT,32.05,KAB. GARUT,32.05.37,TALEGONG,MEKARWANGI,44167
32.05.38.2001,32,JAWA BARAT,32.05,KAB. GARUT,32.05.38,BL. LIMBANGAN,LIMBANGAN TENGAH,44186
32.05.38.2002,32,JAWA BARAT,32.05,KAB. GARUT,32.05.38,BL. LIMBANGAN,LIMBANGAN BARAT,44186
32.05.38.2003,32,JAWA BARAT,32.05,KAB. GARUT,32.05.38,BL. LIMBANGAN,GALIHPAKUWON,44186
32.05.38.2004,32,JAWA BARAT,32.05,KAB. GARUT,32.05.38,BL. LIMBANGAN,SURABAYA,44186
32.05.38.2005,32,JAWA BARAT,32.05,KAB. GARUT,32.05.38,BL. LIMBANGAN,CIJOLANG,44186
32.05.38.2006,32,JAWA BARAT,32.05,KAB. GARUT,32.05.38,BL. LIMBANGAN,NEGLASARI,44186
32.05.38.2007,32,JAWA BARAT,32.05,KAB. GARUT,32.05.38,BL. LIMBANGAN,SIMPEN KALER,44186
32.05.38.2008,32,JAWA BARAT,32.05,KAB. GARUT,32.05.38,BL. LIMBANGAN,PASIRWARU,44186
32.05.38.2009,32,JAWA BARAT,32.05,KAB. GARUT,32.05.38,BL. LIMBANGAN,SIMPEN KIDUL,44186
32.05.38.2010,32,JAWA BARAT,32.05,KAB. GARUT,32.05.38,BL. LIMBANGAN,CIWANGI,44186
32.05.38.2011,32,JAWA BARAT,32.05,KAB. GARUT,32.05.38,BL. LIMBANGAN,CIGAGADE,44186
32.05.38.2012,32,JAWA BARAT,32.05,KAB. GARUT,32.05.38,BL. LIMBANGAN,LIMBANGAN TIMUR,44186
32.05.38.2013,32,JAWA BARAT,32.05,KAB. GARUT,32.05.38,BL. LIMBANGAN,DUNGUSWIRU,44186
32.05.38.2014,32,JAWA BARAT,32.05,KAB. GARUT,32.05.38,BL. LIMBANGAN,PANGEUREUNAN,44186
32.05.39.2001,32,JAWA BARAT,32.05,KAB. GARUT,32.05.39,SELAAWI,SELAAWI,44187
32.05.39.2002,32,JAWA BARAT,32.05,KAB. GARUT,32.05.39,SELAAWI,PUTRAJAWA,44187
32.05.39.2003,32,JAWA BARAT,32.05,KAB. GARUT,32.05.39,SELAAWI,CIGAWIR,44187
32.05.39.2004,32,JAWA BARAT,32.05,KAB. GARUT,32.05.39,SELAAWI,PELITAASIH,44187
32.05.39.2005,32,JAWA BARAT,32.05,KAB. GARUT,32.05.39,SELAAWI,CIRAPUHAN,44187
32.05.39.2006,32,JAWA BARAT,32.05,KAB. GARUT,32.05.39,SELAAWI,MEKARSARI,44187
32.05.39.2007,32,JAWA BARAT,32.05,KAB. GARUT,32.05.39,SELAAWI,SAMIDA,44187
32.05.40.2001,32,JAWA BARAT,32.05,KAB. GARUT,32.05.40,CIBIUK,CIPAREUAN,44193
32.05.40.2002,32,JAWA BARAT,32.05,KAB. GARUT,32.05.40,CIBIUK,CIBIUK KALER,44193
32.05.40.2003,32,JAWA BARAT,32.05,KAB. GARUT,32.05.40,CIBIUK,CIBIUK KIDUL,44193
32.05.40.2004,32,JAWA BARAT,32.05,KAB. GARUT,32.05.40,CIBIUK,MAJASARI,44193
32.05.40.2005,32,JAWA BARAT,32.05,KAB. GARUT,32.05.40,CIBIUK,LINGKUNGPASIR,44193
32.05.41.2001,32,JAWA BARAT,32.05,KAB. GARUT,32.05.41,PANGATIKAN,CITANGTU,44195
32.05.41.2002,32,JAWA BARAT,32.05,KAB. GARUT,32.05.41,PANGATIKAN,CIMARABAS,44195
32.05.41.2003,32,JAWA BARAT,32.05,KAB. GARUT,32.05.41,PANGATIKAN,BABAKAN LOA,44195
32.05.41.2004,32,JAWA BARAT,32.05,KAB. GARUT,32.05.41,PANGATIKAN,SUKAHURIP,44195
32.05.41.2005,32,JAWA BARAT,32.05,KAB. GARUT,32.05.41,PANGATIKAN,SUKAMULYA,44195
32.05.41.2006,32,JAWA BARAT,32.05,KAB. GARUT,32.05.41,PANGATIKAN,CIHUNI,44195
32.05.41.2007,32,JAWA BARAT,32.05,KAB. GARUT,32.05.41,PANGATIKAN,SUKARASA,44195
32.05.41.2008,32,JAWA BARAT,32.05,KAB. GARUT,32.05.41,PANGATIKAN,KARANGSARI,44195
32.05.42.2001,32,JAWA BARAT,32.05,KAB. GARUT,32.05.42,SUCINARAJA,SADANG,44196
32.05.42.2002,32,JAWA BARAT,32.05,KAB. GARUT,32.05.42,SUCINARAJA,SUKARATU,44196
32.05.42.2003,32,JAWA BARAT,32.05,KAB. GARUT,32.05.42,SUCINARAJA,TENJONAGARA,44196
32.05.42.2004,32,JAWA BARAT,32.05,KAB. GARUT,32.05.42,SUCINARAJA,TEGALPANJANG,44196
32.05.42.2005,32,JAWA BARAT,32.05,KAB. GARUT,32.05.42,SUCINARAJA,CIGADOG,44196
32.05.42.2006,32,JAWA BARAT,32.05,KAB. GARUT,32.05.42,SUCINARAJA,LINGGAMUKTI,44196
32.05.42.2007,32,JAWA BARAT,32.05,KAB. GARUT,32.05.42,SUCINARAJA,SUKALAKSANA,44196
32.06.01.2001,32,JAWA BARAT,32.06,KAB. TASIKMALAYA,32.06.01,CIPATUJAH,CIHERAS,46489
32.06.01.2002,32,JAWA BARAT,32.06,KAB. TASIKMALAYA,32.06.01,CIPATUJAH,CIPATUJAH,46489
32.06.01.2003,32,JAWA BARAT,32.06,KAB. TASIKMALAYA,32.06.01,CIPATUJAH,SINDANGKERTA,46489
32.06.01.2004,32,JAWA BARAT,32.06,KAB. TASIKMALAYA,32.06.01,CIPATUJAH,CIKAWUNGGADING,46489
32.06.01.2005,32,JAWA BARAT,32.06,KAB. TASIKMALAYA,32.06.01,CIPATUJAH,BANTARKALONG,46489
32.06.01.2006,32,JAWA BARAT,32.06,KAB. TASIKMALAYA,32.06.01,CIPATUJAH,DARAWATI,46489
32.06.01.2007,32,JAWA BARAT,32.06,KAB. TASIKMALAYA,32.06.01,CIPATUJAH,NAGROG,46489
32.06.01.2008,32,JAWA BARAT,32.06,KAB. TASIKMALAYA,32.06.01,CIPATUJAH,PAMEUTINGAN,46489
32.06.01.2009,32,JAWA BARAT,32.06,KAB. TASIKMALAYA,32.06.01,CIPATUJAH,TOBONGJAYA,46489
32.06.01.2010,32,JAWA BARAT,32.06,KAB. TASIKMALAYA,32.06.01,CIPATUJAH,CIPANAS,46489
32.06.01.2011,32,JAWA BARAT,32.06,KAB. TASIKMALAYA,32.06.01,CIPATUJAH,KERTASARI,46489
32.06.01.2012,32,JAWA BARAT,32.06,KAB. TASIKMALAYA,32.06.01,CIPATUJAH,CIANDUM,46489
32.06.01.2013,32,JAWA BARAT,32.06,KAB. TASIKMALAYA,32.06.01,CIPATUJAH,NANGELASARI,46489
32.06.01.2014,32,JAWA BARAT,32.06,KAB. TASIKMALAYA,32.06.01,CIPATUJAH,PADAWARAS,46489
32.06.01.2015,32,JAWA BARAT,32.06,KAB. TASIKMALAYA,32.06.01,CIPATUJAH,SUKAHURIP,46489
32.06.02.2001,32,JAWA BARAT,32.06,KAB. TASIKMALAYA,32.06.02,KARANGNUNGGAL,CIDADAP,46486
32.06.02.2002,32,JAWA BARAT,32.06,KAB. TASIKMALAYA,32.06.02,KARANGNUNGGAL,CIAWI,46486
32.06.02.2003,32,JAWA BARAT,32.06,KAB. TASIKMALAYA,32.06.02,KARANGNUNGGAL,CIKUPA,46486
32.06.02.2004,32,JAWA BARAT,32.06,KAB. TASIKMALAYA,32.06.02,KARANGNUNGGAL,KARANGNUNGGAL,46486
32.06.02.2005,32,JAWA BARAT,32.06,KAB. TASIKMALAYA,32.06.02,KARANGNUNGGAL,KARANGMEKAR,46486
32.06.02.2006,32,JAWA BARAT,32.06,KAB. TASIKMALAYA,32.06.02,KARANGNUNGGAL,CIKUKULU,46486
32.06.02.2007,32,JAWA BARAT,32.06,KAB. TASIKMALAYA,32.06.02,KARANGNUNGGAL,CIBATUIRENG,46486
32.06.02.2008,32,JAWA BARAT,32.06,KAB. TASIKMALAYA,32.06.02,KARANGNUNGGAL,CIBATU,46486
32.06.02.2009,32,JAWA BARAT,32.06,KAB. TASIKMALAYA,32.06.02,KARANGNUNGGAL,SARIMANGGU,46486
32.06.02.2010,32,JAWA BARAT,32.06,KAB. TASIKMALAYA,32.06.02,KARANGNUNGGAL,SUKAWANGUN,46486
32.06.02.2011,32,JAWA BARAT,32.06,KAB. TASIKMALAYA,32.06.02,KARANGNUNGGAL,CINTAWANGI,46486
32.06.02.2012,32,JAWA BARAT,32.06,KAB. TASIKMALAYA,32.06.02,KARANGNUNGGAL,CIKAPINIS,46486
32.06.02.2013,32,JAWA BARAT,32.06,KAB. TASIKMALAYA,32.06.02,KARANGNUNGGAL,SARIMUKTI,46486
32.06.02.2014,32,JAWA BARAT,32.06,KAB. TASIKMALAYA,32.06.02,KARANGNUNGGAL,KUJANG,46486
32.06.03.2001,32,JAWA BARAT,32.06,KAB. TASIKMALAYA,32.06.03,CIKALONG,CIKALONG,46495
32.06.03.2002,32,JAWA BARAT,32.06,KAB. TASIKMALAYA,32.06.03,CIKALONG,KALAPAGENEP,46495
32.06.03.2003,32,JAWA BARAT,32.06,KAB. TASIKMALAYA,32.06.03,CIKALONG,CIKANCRA,46495
32.06.03.2004,32,JAWA BARAT,32.06,KAB. TASIKMALAYA,32.06.03,CIKALONG,SINGKIR,46495
32.06.03.2005,32,JAWA BARAT,32.06,KAB. TASIKMALAYA,32.06.03,CIKALONG,PANYIARAN,46495
32.06.03.2006,32,JAWA BARAT,32.06,KAB. TASIKMALAYA,32.06.03,CIKALONG,CIBEBER,46495
32.06.03.2007,32,JAWA BARAT,32.06,KAB. TASIKMALAYA,32.06.03,CIKALONG,CIKADU,46495
32.06.03.2008,32,JAWA BARAT,32.06,KAB. TASIKMALAYA,32.06.03,CIKALONG,MANDALAJAYA,46495
32.06.03.2009,32,JAWA BARAT,32.06,KAB. TASIKMALAYA,32.06.03,CIKALONG,CIDADALI,46495
32.06.03.2010,32,JAWA BARAT,32.06,KAB. TASIKMALAYA,32.06.03,CIKALONG,CIMANUK,46495
32.06.03.2011,32,JAWA BARAT,32.06,KAB. TASIKMALAYA,32.06.03,CIKALONG,SINDANGJAYA,46495
32.06.03.2012,32,JAWA BARAT,32.06,KAB. TASIKMALAYA,32.06.03,CIKALONG,KUBANGSARI,46495
32.06.03.2013,32,JAWA BARAT,32.06,KAB. TASIKMALAYA,32.06.03,CIKALONG,TONJONGSARI,46495
32.06.04.2001,32,JAWA BARAT,32.06,KAB. TASIKMALAYA,32.06.04,PANCATENGAH,CIBUNIASIH,46494
32.06.04.2002,32,JAWA BARAT,32.06,KAB. TASIKMALAYA,32.06.04,PANCATENGAH,PANGLIARAN,46494
32.06.04.2003,32,JAWA BARAT,32.06,KAB. TASIKMALAYA,32.06.04,PANCATENGAH,TONJONG,46494
32.06.04.2004,32,JAWA BARAT,32.06,KAB. TASIKMALAYA,32.06.04,PANCATENGAH,CIBONGAS,46494
32.06.04.2005,32,JAWA BARAT,32.06,KAB. TASIKMALAYA,32.06.04,PANCATENGAH,TAWANG,46494
32.06.04.2006,32,JAWA BARAT,32.06,KAB. TASIKMALAYA,32.06.04,PANCATENGAH,NEGLASARI,46494
32.06.04.2007,32,JAWA BARAT,32.06,KAB. TASIKMALAYA,32.06.04,PANCATENGAH,CIKAWUNG,46494
32.06.04.2008,32,JAWA BARAT,32.06,KAB. TASIKMALAYA,32.06.04,PANCATENGAH,JAYAMUKTI,46494
32.06.04.2009,32,JAWA BARAT,32.06,KAB. TASIKMALAYA,32.06.04,PANCATENGAH,MARGALUYU,46494
32.06.04.2010,32,JAWA BARAT,32.06,KAB. TASIKMALAYA,32.06.04,PANCATENGAH,MEKARSARI,46494
32.06.04.2011,32,JAWA BARAT,32.06,KAB. TASIKMALAYA,32.06.04,PANCATENGAH,PANCAWANGI,46494
32.06.05.2001,32,JAWA BARAT,32.06,KAB. TASIKMALAYA,32.06.05,CIKATOMAS,GUNUNGSARI,46493
32.06.05.2002,32,JAWA BARAT,32.06,KAB. TASIKMALAYA,32.06.05,CIKATOMAS,CILUMBA,46493
32.06.05.2003,32,JAWA BARAT,32.06,KAB. TASIKMALAYA,32.06.05,CIKATOMAS,PAKEMITAN,46493
32.06.05.2004,32,JAWA BARAT,32.06,KAB. TASIKMALAYA,32.06.05,CIKATOMAS,COGREG,46493
32.06.05.2005,32,JAWA BARAT,32.06,KAB. TASIKMALAYA,32.06.05,CIKATOMAS,CAYUR,46493
32.06.05.2006,32,JAWA BARAT,32.06,KAB. TASIKMALAYA,32.06.05,CIKATOMAS,LENGKONGBARANG,46493
32.06.05.2007,32,JAWA BARAT,32.06,KAB. TASIKMALAYA,32.06.05,CIKATOMAS,SINDANGASIH,46493
32.06.05.2008,32,JAWA BARAT,32.06,KAB. TASIKMALAYA,32.06.05,CIKATOMAS,TANJUNGBARANG,46493
32.06.05.2009,32,JAWA BARAT,32.06,KAB. TASIKMALAYA,32.06.05,CIKATOMAS,LINGGALAKSANA,46493
32.06.06.2001,32,JAWA BARAT,32.06,KAB. TASIKMALAYA,32.06.06,CIBALONG,CISEMPUR,46485
32.06.06.2002,32,JAWA BARAT,32.06,KAB. TASIKMALAYA,32.06.06,CIBALONG,SETIAWARAS,46485
32.06.06.2003,32,JAWA BARAT,32.06,KAB. TASIKMALAYA,32.06.06,CIBALONG,EUREUNPALAY,46485
32.06.06.2004,32,JAWA BARAT,32.06,KAB. TASIKMALAYA,32.06.06,CIBALONG,CIBALONG,46485
32.06.06.2005,32,JAWA BARAT,32.06,KAB. TASIKMALAYA,32.06.06,CIBALONG,SINGAJAYA,46485
32.06.06.2006,32,JAWA BARAT,32.06,KAB. TASIKMALAYA,32.06.06,CIBALONG,PARUNG,46485
32.06.07.2001,32,JAWA BARAT,32.06,KAB. TASIKMALAYA,32.06.07,PARUNGPONTENG,PARUNGPONTENG,46476
32.06.07.2002,32,JAWA BARAT,32.06,KAB. TASIKMALAYA,32.06.07,PARUNGPONTENG,CIGUNUNG,46476
32.06.07.2003,32,JAWA BARAT,32.06,KAB. TASIKMALAYA,32.06.07,PARUNGPONTENG,CIBANTENG,46476
32.06.07.2004,32,JAWA BARAT,32.06,KAB. TASIKMALAYA,32.06.07,PARUNGPONTENG,BARUMEKAR,46476
32.06.07.2005,32,JAWA BARAT,32.06,KAB. TASIKMALAYA,32.06.07,PARUNGPONTENG,CIBUNGUR,46476
32.06.07.2006,32,JAWA BARAT,32.06,KAB. TASIKMALAYA,32.06.07,PARUNGPONTENG,BURUJULJAYA,46476
32.06.07.2007,32,JAWA BARAT,32.06,KAB. TASIKMALAYA,32.06.07,PARUNGPONTENG,GIRIKENCANA,46476
32.06.07.2008,32,JAWA BARAT,32.06,KAB. TASIKMALAYA,32.06.07,PARUNGPONTENG,KARYABAKTI,46476
32.06.08.2001,32,JAWA BARAT,32.06,KAB. TASIKMALAYA,32.06.08,BANTARKALONG,SIMPANG,46487
32.06.08.2002,32,JAWA BARAT,32.06,KAB. TASIKMALAYA,32.06.08,BANTARKALONG,PARAKANHONJE,46487
32.06.08.2003,32,JAWA BARAT,32.06,KAB. TASIKMALAYA,32.06.08,BANTARKALONG,PAMIJAHAN,46487
32.06.08.2004,32,JAWA BARAT,32.06,KAB. TASIKMALAYA,32.06.08,BANTARKALONG,SUKAMAJU,46487
32.06.08.2005,32,JAWA BARAT,32.06,KAB. TASIKMALAYA,32.06.08,BANTARKALONG,WANGUNSARI,46487
32.06.08.2006,32,JAWA BARAT,32.06,KAB. TASIKMALAYA,32.06.08,BANTARKALONG,HEGARWANGI,46487
32.06.08.2007,32,JAWA BARAT,32.06,KAB. TASIKMALAYA,32.06.08,BANTARKALONG,WAKAP,46487
32.06.08.2008,32,JAWA BARAT,32.06,KAB. TASIKMALAYA,32.06.08,BANTARKALONG,SIRNAGALIH,46487
32.06.09.2001,32,JAWA BARAT,32.06,KAB. TASIKMALAYA,32.06.09,BOJONGASIH,MERTAJAYA,46477
32.06.09.2002,32,JAWA BARAT,32.06,KAB. TASIKMALAYA,32.06.09,BOJONGASIH,CIKADONGDONG,46477
32.06.09.2003,32,JAWA BARAT,32.06,KAB. TASIKMALAYA,32.06.09,BOJONGASIH,BOJONGASIH,46477
32.06.09.2004,32,JAWA BARAT,32.06,KAB. TASIKMALAYA,32.06.09,BOJONGASIH,SINDANGSARI,46477
32.06.09.2005,32,JAWA BARAT,32.06,KAB. TASIKMALAYA,32.06.09,BOJONGASIH,GIRIJAYA,46477
32.06.09.2006,32,JAWA BARAT,32.06,KAB. TASIKMALAYA,32.06.09,BOJONGASIH,TOBLONGAN,46477
32.06.10.2001,32,JAWA BARAT,32.06,KAB. TASIKMALAYA,32.06.10,CULAMEGA,CIKUYA,46488
32.06.10.2002,32,JAWA BARAT,32.06,KAB. TASIKMALAYA,32.06.10,CULAMEGA,CINTABODAS,46488
32.06.10.2003,32,JAWA BARAT,32.06,KAB. TASIKMALAYA,32.06.10,CULAMEGA,CIPICUNG,46488
32.06.10.2004,32,JAWA BARAT,32.06,KAB. TASIKMALAYA,32.06.10,CULAMEGA,BOJONGSARI,46488
32.06.10.2005,32,JAWA BARAT,32.06,KAB. TASIKMALAYA,32.06.10,CULAMEGA,MEKARLAKSANA,46488
32.06.11.2001,32,JAWA BARAT,32.06,KAB. TASIKMALAYA,32.06.11,BOJONGGAMBIR,BOJONGKAPOL,46475
32.06.11.2002,32,JAWA BARAT,32.06,KAB. TASIKMALAYA,32.06.11,BOJONGGAMBIR,PEDANGKAMULYAN,46475
32.06.11.2003,32,JAWA BARAT,32.06,KAB. TASIKMALAYA,32.06.11,BOJONGGAMBIR,BOJONGGAMBIR,46475
32.06.11.2004,32,JAWA BARAT,32.06,KAB. TASIKMALAYA,32.06.11,BOJONGGAMBIR,CIROYOM,46475
32.06.11.2005,32,JAWA BARAT,32.06,KAB. TASIKMALAYA,32.06.11,BOJONGGAMBIR,WANDASARI,46475
32.06.11.2006,32,JAWA BARAT,32.06,KAB. TASIKMALAYA,32.06.11,BOJONGGAMBIR,CAMPAKASARI,46475
32.06.11.2007,32,JAWA BARAT,32.06,KAB. TASIKMALAYA,32.06.11,BOJONGGAMBIR,MANGKONJAYA,46475
32.06.11.2008,32,JAWA BARAT,32.06,KAB. TASIKMALAYA,32.06.11,BOJONGGAMBIR,KERTANEGLA,46475
32.06.11.2009,32,JAWA BARAT,32.06,KAB. TASIKMALAYA,32.06.11,BOJONGGAMBIR,PURWARAHARJA,46475
32.06.11.2010,32,JAWA BARAT,32.06,KAB. TASIKMALAYA,32.06.11,BOJONGGAMBIR,GIRIMUKTI,46475
32.06.12.2001,32,JAWA BARAT,32.06,KAB. TASIKMALAYA,32.06.12,SODONGHILIR,PARUMASAN,46473
32.06.12.2002,32,JAWA BARAT,32.06,KAB. TASIKMALAYA,32.06.12,SODONGHILIR,CUKANGKAWUNG,46473
32.06.12.2003,32,JAWA BARAT,32.06,KAB. TASIKMALAYA,32.06.12,SODONGHILIR,SODONGHILIR,46473
32.06.12.2004,32,JAWA BARAT,32.06,KAB. TASIKMALAYA,32.06.12,SODONGHILIR,CIKALONG,46473
32.06.12.2005,32,JAWA BARAT,32.06,KAB. TASIKMALAYA,32.06.12,SODONGHILIR,CIPAINGEUN,46473
32.06.12.2006,32,JAWA BARAT,32.06,KAB. TASIKMALAYA,32.06.12,SODONGHILIR,LEUWIDULANG,46473
32.06.12.2007,32,JAWA BARAT,32.06,KAB. TASIKMALAYA,32.06.12,SODONGHILIR,MUNCANG,46473
32.06.12.2008,32,JAWA BARAT,32.06,KAB. TASIKMALAYA,32.06.12,SODONGHILIR,SEPATNUNGGAL,46473
32.06.12.2009,32,JAWA BARAT,32.06,KAB. TASIKMALAYA,32.06.12,SODONGHILIR,CUKANGJAYAGUNA,46473
32.06.12.2010,32,JAWA BARAT,32.06,KAB. TASIKMALAYA,32.06.12,SODONGHILIR,RAKSAJAYA,46473
32.06.12.2011,32,JAWA BARAT,32.06,KAB. TASIKMALAYA,32.06.12,SODONGHILIR,PAKALONGAN,46473
32.06.12.2012,32,JAWA BARAT,32.06,KAB. TASIKMALAYA,32.06.12,SODONGHILIR,SUKABAKTI,46473
32.06.13.2001,32,JAWA BARAT,32.06,KAB. TASIKMALAYA,32.06.13,TARAJU,TARAJU,46474
32.06.13.2002,32,JAWA BARAT,32.06,KAB. TASIKMALAYA,32.06.13,TARAJU,CIKUBANG,46474
32.06.13.2003,32,JAWA BARAT,32.06,KAB. TASIKMALAYA,32.06.13,TARAJU,DEUDEUL,46474
32.06.13.2004,32,JAWA BARAT,32.06,KAB. TASIKMALAYA,32.06.13,TARAJU,PURWARAHAYU,46474
32.06.13.2005,32,JAWA BARAT,32.06,KAB. TASIKMALAYA,32.06.13,TARAJU,SINGASARI,46474
32.06.13.2006,32,JAWA BARAT,32.06,KAB. TASIKMALAYA,32.06.13,TARAJU,BANYUASIH,46474
32.06.13.2007,32,JAWA BARAT,32.06,KAB. TASIKMALAYA,32.06.13,TARAJU,RAKSASARI,46474
32.06.13.2008,32,JAWA BARAT,32.06,KAB. TASIKMALAYA,32.06.13,TARAJU,KERTARAHARJA,46474
32.06.13.2009,32,JAWA BARAT,32.06,KAB. TASIKMALAYA,32.06.13,TARAJU,PAGERALAM,46474
32.06.14.2001,32,JAWA BARAT,32.06,KAB. TASIKMALAYA,32.06.14,SALAWU,JAHIANG,46471
32.06.14.2002,32,JAWA BARAT,32.06,KAB. TASIKMALAYA,32.06.14,SALAWU,SERANG,46471
32.06.14.2003,32,JAWA BARAT,32.06,KAB. TASIKMALAYA,32.06.14,SALAWU,SALAWU,46471
32.06.14.2004,32,JAWA BARAT,32.06,KAB. TASIKMALAYA,32.06.14,SALAWU,NEGLASARI,46471
32.06.14.2005,32,JAWA BARAT,32.06,KAB. TASIKMALAYA,32.06.14,SALAWU,TANJUNGSARI,46471
32.06.14.2006,32,JAWA BARAT,32.06,KAB. TASIKMALAYA,32.06.14,SALAWU,TENJOWARINGIN,46471
32.06.14.2007,32,JAWA BARAT,32.06,KAB. TASIKMALAYA,32.06.14,SALAWU,SUNDAWENANG,46471
32.06.14.2008,32,JAWA BARAT,32.06,KAB. TASIKMALAYA,32.06.14,SALAWU,KAWUNGSARI,46471
32.06.14.2009,32,JAWA BARAT,32.06,KAB. TASIKMALAYA,32.06.14,SALAWU,SUKARASA,46471
32.06.14.2010,32,JAWA BARAT,32.06,KAB. TASIKMALAYA,32.06.14,SALAWU,KUTAWARINGIN,46471
32.06.14.2011,32,JAWA BARAT,32.06,KAB. TASIKMALAYA,32.06.14,SALAWU,KARANGMUKTI,46471
32.06.14.2012,32,JAWA BARAT,32.06,KAB. TASIKMALAYA,32.06.14,SALAWU,MARGALAKSANA,46471
32.06.15.2001,32,JAWA BARAT,32.06,KAB. TASIKMALAYA,32.06.15,PUSPAHIANG,MANDALASARI,46472
32.06.15.2002,32,JAWA BARAT,32.06,KAB. TASIKMALAYA,32.06.15,PUSPAHIANG,SUKASARI,46472
32.06.15.2003,32,JAWA BARAT,32.06,KAB. TASIKMALAYA,32.06.15,PUSPAHIANG,PUSPASARI,46472
32.06.15.2004,32,JAWA BARAT,32.06,KAB. TASIKMALAYA,32.06.15,PUSPAHIANG,PUSPAHIANG,46472
32.06.15.2005,32,JAWA BARAT,32.06,KAB. TASIKMALAYA,32.06.15,PUSPAHIANG,LUYUBAKTI,46472
32.06.15.2006,32,JAWA BARAT,32.06,KAB. TASIKMALAYA,32.06.15,PUSPAHIANG,PUSPARAHAYU,46472
32.06.15.2007,32,JAWA BARAT,32.06,KAB. TASIKMALAYA,32.06.15,PUSPAHIANG,CIMANGGU,46472
32.06.15.2008,32,JAWA BARAT,32.06,KAB. TASIKMALAYA,32.06.15,PUSPAHIANG,PUSPAJAYA,46472
32.06.16.2001,32,JAWA BARAT,32.06,KAB. TASIKMALAYA,32.06.16,TANJUNGJAYA,CIKEUSAL,46484
32.06.16.2002,32,JAWA BARAT,32.06,KAB. TASIKMALAYA,32.06.16,TANJUNGJAYA,CIBALANARIK,46484
32.06.16.2003,32,JAWA BARAT,32.06,KAB. TASIKMALAYA,32.06.16,TANJUNGJAYA,SUKANAGARA,46484
32.06.16.2004,32,JAWA BARAT,32.06,KAB. TASIKMALAYA,32.06.16,TANJUNGJAYA,TANJUNGJAYA,46484
32.06.16.2005,32,JAWA BARAT,32.06,KAB. TASIKMALAYA,32.06.16,TANJUNGJAYA,CILOLOHAN,46484
32.06.16.2006,32,JAWA BARAT,32.06,KAB. TASIKMALAYA,32.06.16,TANJUNGJAYA,CINTAJAYA,46484
32.06.16.2007,32,JAWA BARAT,32.06,KAB. TASIKMALAYA,32.06.16,TANJUNGJAYA,SUKASENANG,46484
32.06.17.2001,32,JAWA BARAT,32.06,KAB. TASIKMALAYA,32.06.17,SUKARAJA,SUKAPURA,46483
32.06.17.2002,32,JAWA BARAT,32.06,KAB. TASIKMALAYA,32.06.17,SUKARAJA,LEUWIBUDAH,46483
32.06.17.2003,32,JAWA BARAT,32.06,KAB. TASIKMALAYA,32.06.17,SUKARAJA,SIRNAJAYA,46483
32.06.17.2004,32,JAWA BARAT,32.06,KAB. TASIKMALAYA,32.06.17,SUKARAJA,MEKARJAYA,46483
32.06.17.2005,32,JAWA BARAT,32.06,KAB. TASIKMALAYA,32.06.17,SUKARAJA,LINGGARAJA,46483
32.06.17.2006,32,JAWA BARAT,32.06,KAB. TASIKMALAYA,32.06.17,SUKARAJA,JANGGALA,46483
32.06.17.2007,32,JAWA BARAT,32.06,KAB. TASIKMALAYA,32.06.17,SUKARAJA,MARGALAKSANA,46483
32.06.17.2008,32,JAWA BARAT,32.06,KAB. TASIKMALAYA,32.06.17,SUKARAJA,TARUNAJAYA,46483
32.06.18.2001,32,JAWA BARAT,32.06,KAB. TASIKMALAYA,32.06.18,SALOPA,MANDALAHAYU,46492
32.06.18.2002,32,JAWA BARAT,32.06,KAB. TASIKMALAYA,32.06.18,SALOPA,MULYASARI,46492
32.06.18.2003,32,JAWA BARAT,32.06,KAB. TASIKMALAYA,32.06.18,SALOPA,KAWITAN,46492
32.06.18.2004,32,JAWA BARAT,32.06,KAB. TASIKMALAYA,32.06.18,SALOPA,MANDALAWANGI,46492
32.06.18.2005,32,JAWA BARAT,32.06,KAB. TASIKMALAYA,32.06.18,SALOPA,KARYAWANGI,46492
32.06.18.2006,32,JAWA BARAT,32.06,KAB. TASIKMALAYA,32.06.18,SALOPA,TANJUNGSARI,46492
32.06.18.2007,32,JAWA BARAT,32.06,KAB. TASIKMALAYA,32.06.18,SALOPA,MANDALAGUNA,46492
32.06.18.2008,32,JAWA BARAT,32.06,KAB. TASIKMALAYA,32.06.18,SALOPA,KARYAMANDALA,46492
32.06.18.2009,32,JAWA BARAT,32.06,KAB. TASIKMALAYA,32.06.18,SALOPA,BANJARWARINGIN,46492
32.06.19.2001,32,JAWA BARAT,32.06,KAB. TASIKMALAYA,32.06.19,JATIWARAS,KAPUTIHAN,46491
32.06.19.2002,32,JAWA BARAT,32.06,KAB. TASIKMALAYA,32.06.19,JATIWARAS,SETIAWANGI,46491
32.06.19.2003,32,JAWA BARAT,32.06,KAB. TASIKMALAYA,32.06.19,JATIWARAS,SUKAKERTA,46491
32.06.19.2004,32,JAWA BARAT,32.06,KAB. TASIKMALAYA,32.06.19,JATIWARAS,NEGLASARI,46491
32.06.19.2005,32,JAWA BARAT,32.06,KAB. TASIKMALAYA,32.06.19,JATIWARAS,JATIWARAS,46491
32.06.19.2006,32,JAWA BARAT,32.06,KAB. TASIKMALAYA,32.06.19,JATIWARAS,PAPAYAN,46491
32.06.19.2007,32,JAWA BARAT,32.06,KAB. TASIKMALAYA,32.06.19,JATIWARAS,CIWARAK,46491
32.06.19.2008,32,JAWA BARAT,32.06,KAB. TASIKMALAYA,32.06.19,JATIWARAS,KERSAGALIH,46491
32.06.19.2009,32,JAWA BARAT,32.06,KAB. TASIKMALAYA,32.06.19,JATIWARAS,MANDALAMEKAR,46491
32.06.19.2010,32,JAWA BARAT,32.06,KAB. TASIKMALAYA,32.06.19,JATIWARAS,KERTARAHAYU,46491
32.06.19.2011,32,JAWA BARAT,32.06,KAB. TASIKMALAYA,32.06.19,JATIWARAS,MANDALAHURIP,46491
32.06.20.2001,32,JAWA BARAT,32.06,KAB. TASIKMALAYA,32.06.20,CINEAM,CISARUA,46498
32.06.20.2002,32,JAWA BARAT,32.06,KAB. TASIKMALAYA,32.06.20,CINEAM,CIKONDANG,46498
32.06.20.2003,32,JAWA BARAT,32.06,KAB. TASIKMALAYA,32.06.20,CINEAM,CIJULANG,46498
32.06.20.2004,32,JAWA BARAT,32.06,KAB. TASIKMALAYA,32.06.20,CINEAM,CIAMPANAN,46498
32.06.20.2005,32,JAWA BARAT,32.06,KAB. TASIKMALAYA,32.06.20,CINEAM,CINEAM,46498
32.06.20.2006,32,JAWA BARAT,32.06,KAB. TASIKMALAYA,32.06.20,CINEAM,RAJADATU,46498
32.06.20.2007,32,JAWA BARAT,32.06,KAB. TASIKMALAYA,32.06.20,CINEAM,ANCOL,46498
32.06.20.2008,32,JAWA BARAT,32.06,KAB. TASIKMALAYA,32.06.20,CINEAM,NAGARATENGAH,46498
32.06.20.2009,32,JAWA BARAT,32.06,KAB. TASIKMALAYA,32.06.20,CINEAM,PASIRMUKTI,46498
32.06.20.2010,32,JAWA BARAT,32.06,KAB. TASIKMALAYA,32.06.20,CINEAM,MADIASARI,46498
32.06.21.2001,32,JAWA BARAT,32.06,KAB. TASIKMALAYA,32.06.21,KARANG JAYA,SIRNAJAYA,46499
32.06.21.2002,32,JAWA BARAT,32.06,KAB. TASIKMALAYA,32.06.21,KARANG JAYA,KARANG JAYA,46499
32.06.21.2003,32,JAWA BARAT,32.06,KAB. TASIKMALAYA,32.06.21,KARANG JAYA,KARANGLAYUNG,46499
32.06.21.2004,32,JAWA BARAT,32.06,KAB. TASIKMALAYA,32.06.21,KARANG JAYA,CITALAHAB,46499
32.06.22.2001,32,JAWA BARAT,32.06,KAB. TASIKMALAYA,32.06.22,MANONJAYA,CIHAUR,46497
32.06.22.2002,32,JAWA BARAT,32.06,KAB. TASIKMALAYA,32.06.22,MANONJAYA,CILANGKAP,46497
32.06.22.2003,32,JAWA BARAT,32.06,KAB. TASIKMALAYA,32.06.22,MANONJAYA,PASIRPANJANG,46497
32.06.22.2004,32,JAWA BARAT,32.06,KAB. TASIKMALAYA,32.06.22,MANONJAYA,CIBEBER,46497
32.06.22.2005,32,JAWA BARAT,32.06,KAB. TASIKMALAYA,32.06.22,MANONJAYA,KAMULYAN,46497
32.06.22.2006,32,JAWA BARAT,32.06,KAB. TASIKMALAYA,32.06.22,MANONJAYA,MANONJAYA,46497
32.06.22.2007,32,JAWA BARAT,32.06,KAB. TASIKMALAYA,32.06.22,MANONJAYA,MARGALUYU,46497
32.06.22.2008,32,JAWA BARAT,32.06,KAB. TASIKMALAYA,32.06.22,MANONJAYA,PASIRBATANG,46497
32.06.22.2009,32,JAWA BARAT,32.06,KAB. TASIKMALAYA,32.06.22,MANONJAYA,KALIMANGGIS,46497
32.06.22.2010,32,JAWA BARAT,32.06,KAB. TASIKMALAYA,32.06.22,MANONJAYA,MARGAHAYU,46497
32.06.22.2011,32,JAWA BARAT,32.06,KAB. TASIKMALAYA,32.06.22,MANONJAYA,BATUSUMUR,46497
32.06.22.2012,32,JAWA BARAT,32.06,KAB. TASIKMALAYA,32.06.22,MANONJAYA,GUNAJAYA,46497
32.06.23.2001,32,JAWA BARAT,32.06,KAB. TASIKMALAYA,32.06.23,GUNUNG TANJUNG,CINUNJANG,46496
32.06.23.2002,32,JAWA BARAT,32.06,KAB. TASIKMALAYA,32.06.23,GUNUNG TANJUNG,GUNUNGTANJUNG,46496
32.06.23.2003,32,JAWA BARAT,32.06,KAB. TASIKMALAYA,32.06.23,GUNUNG TANJUNG,BOJONGSARI,46496
32.06.23.2004,32,JAWA BARAT,32.06,KAB. TASIKMALAYA,32.06.23,GUNUNG TANJUNG,JATIJAYA,46496
32.06.23.2005,32,JAWA BARAT,32.06,KAB. TASIKMALAYA,32.06.23,GUNUNG TANJUNG,TANJUNGSARI,46496
32.06.23.2006,32,JAWA BARAT,32.06,KAB. TASIKMALAYA,32.06.23,GUNUNG TANJUNG,GIRIWANGI,46496
32.06.23.2007,32,JAWA BARAT,32.06,KAB. TASIKMALAYA,32.06.23,GUNUNG TANJUNG,MALATISUKA,46496
32.06.24.2001,32,JAWA BARAT,32.06,KAB. TASIKMALAYA,32.06.24,SINGAPARNA,CIKUNTEN,46414
32.06.24.2002,32,JAWA BARAT,32.06,KAB. TASIKMALAYA,32.06.24,SINGAPARNA,SINGAPARNA,46411
32.06.24.2003,32,JAWA BARAT,32.06,KAB. TASIKMALAYA,32.06.24,SINGAPARNA,CIPAKAT,46417
32.06.24.2004,32,JAWA BARAT,32.06,KAB. TASIKMALAYA,32.06.24,SINGAPARNA,CINTARAJA,46417
32.06.24.2005,32,JAWA BARAT,32.06,KAB. TASIKMALAYA,32.06.24,SINGAPARNA,CIKUNIR,46418
32.06.24.2006,32,JAWA BARAT,32.06,KAB. TASIKMALAYA,32.06.24,SINGAPARNA,COKADONGDONG,46418
32.06.24.2007,32,JAWA BARAT,32.06,KAB. TASIKMALAYA,32.06.24,SINGAPARNA,SUKAASIH,46415
32.06.24.2008,32,JAWA BARAT,32.06,KAB. TASIKMALAYA,32.06.24,SINGAPARNA,SUKAMULYA,46416
32.06.24.2009,32,JAWA BARAT,32.06,KAB. TASIKMALAYA,32.06.24,SINGAPARNA,SINGASARI,46412
32.06.24.2010,32,JAWA BARAT,32.06,KAB. TASIKMALAYA,32.06.24,SINGAPARNA,SUKAHERANG,46413
32.06.25.2001,32,JAWA BARAT,32.06,KAB. TASIKMALAYA,32.06.25,MANGUNREJA,SUKASUKUR,46462
32.06.25.2002,32,JAWA BARAT,32.06,KAB. TASIKMALAYA,32.06.25,MANGUNREJA,SALEBU,46462
32.06.25.2003,32,JAWA BARAT,32.06,KAB. TASIKMALAYA,32.06.25,MANGUNREJA,MANGUNREJA,46462
32.06.25.2004,32,JAWA BARAT,32.06,KAB. TASIKMALAYA,32.06.25,MANGUNREJA,MARGAJAYA,46462
32.06.25.2005,32,JAWA BARAT,32.06,KAB. TASIKMALAYA,32.06.25,MANGUNREJA,PASIRSALAM,46462
32.06.25.2006,32,JAWA BARAT,32.06,KAB. TASIKMALAYA,32.06.25,MANGUNREJA,SUKALUYU,46462
32.06.26.2001,32,JAWA BARAT,32.06,KAB. TASIKMALAYA,32.06.26,SUKARAME,SUKARAME,46461
32.06.26.2002,32,JAWA BARAT,32.06,KAB. TASIKMALAYA,32.06.26,SUKARAME,SUKAMENAK,46461
32.06.26.2003,32,JAWA BARAT,32.06,KAB. TASIKMALAYA,32.06.26,SUKARAME,SUKAKARSA,46461
32.06.26.2004,32,JAWA BARAT,32.06,KAB. TASIKMALAYA,32.06.26,SUKARAME,PADASUKA,46461
32.06.26.2005,32,JAWA BARAT,32.06,KAB. TASIKMALAYA,32.06.26,SUKARAME,SUKARAPIH,46461
32.06.26.2006,32,JAWA BARAT,32.06,KAB. TASIKMALAYA,32.06.26,SUKARAME,WARGAKERTA,46461
32.06.27.2001,32,JAWA BARAT,32.06,KAB. TASIKMALAYA,32.06.27,CIGALONTANG,KERSAMAJU,46463
32.06.27.2002,32,JAWA BARAT,32.06,KAB. TASIKMALAYA,32.06.27,CIGALONTANG,NANGTANG,46463
32.06.27.2003,32,JAWA BARAT,32.06,KAB. TASIKMALAYA,32.06.27,CIGALONTANG,PUSPARAJA,46463
32.06.27.2004,32,JAWA BARAT,32.06,KAB. TASIKMALAYA,32.06.27,CIGALONTANG,JAYAPURA,46463
32.06.27.2005,32,JAWA BARAT,32.06,KAB. TASIKMALAYA,32.06.27,CIGALONTANG,LENGKONGJAYA,46463
32.06.27.2006,32,JAWA BARAT,32.06,KAB. TASIKMALAYA,32.06.27,CIGALONTANG,NANGERANG,46463
32.06.27.2007,32,JAWA BARAT,32.06,KAB. TASIKMALAYA,32.06.27,CIGALONTANG,SUKAMANAH,46463
32.06.27.2008,32,JAWA BARAT,32.06,KAB. TASIKMALAYA,32.06.27,CIGALONTANG,SIRNARAJA,46463
32.06.27.2009,32,JAWA BARAT,32.06,KAB. TASIKMALAYA,32.06.27,CIGALONTANG,CIDUGALEUN,46463
32.06.27.2010,32,JAWA BARAT,32.06,KAB. TASIKMALAYA,32.06.27,CIGALONTANG,PARENTAS,46463
32.06.27.2011,32,JAWA BARAT,32.06,KAB. TASIKMALAYA,32.06.27,CIGALONTANG,PUSPAMUKTI,46463
32.06.27.2012,32,JAWA BARAT,32.06,KAB. TASIKMALAYA,32.06.27,CIGALONTANG,TENJONAGARA,46463
32.06.27.2013,32,JAWA BARAT,32.06,KAB. TASIKMALAYA,32.06.27,CIGALONTANG,CIGALONTANG,46463
32.06.27.2014,32,JAWA BARAT,32.06,KAB. TASIKMALAYA,32.06.27,CIGALONTANG,SIRNAGALIH,46463
32.06.27.2015,32,JAWA BARAT,32.06,KAB. TASIKMALAYA,32.06.27,CIGALONTANG,TANJUNGKARANG,46463
32.06.27.2016,32,JAWA BARAT,32.06,KAB. TASIKMALAYA,32.06.27,CIGALONTANG,SIRNAPUTRA,46463
32.06.28.2001,32,JAWA BARAT,32.06,KAB. TASIKMALAYA,32.06.28,LEUWISARI,ARJASARI,46464
32.06.28.2002,32,JAWA BARAT,32.06,KAB. TASIKMALAYA,32.06.28,LEUWISARI,CIAWANG,46464
32.06.28.2003,32,JAWA BARAT,32.06,KAB. TASIKMALAYA,32.06.28,LEUWISARI,CIGADOG,46464
32.06.28.2004,32,JAWA BARAT,32.06,KAB. TASIKMALAYA,32.06.28,LEUWISARI,LINGGAWANGI,46464
32.06.28.2005,32,JAWA BARAT,32.06,KAB. TASIKMALAYA,32.06.28,LEUWISARI,JAYAMUKTI,46464
32.06.28.2006,32,JAWA BARAT,32.06,KAB. TASIKMALAYA,32.06.28,LEUWISARI,MANDALAGIRI,46464
32.06.28.2007,32,JAWA BARAT,32.06,KAB. TASIKMALAYA,32.06.28,LEUWISARI,LINGGAMULYA,46464
32.06.29.2001,32,JAWA BARAT,32.06,KAB. TASIKMALAYA,32.06.29,PADAKEMBANG,CILAMPUNGHILIR,46466
32.06.29.2002,32,JAWA BARAT,32.06,KAB. TASIKMALAYA,32.06.29,PADAKEMBANG,RANCAPAKU,46466
32.06.29.2003,32,JAWA BARAT,32.06,KAB. TASIKMALAYA,32.06.29,PADAKEMBANG,MEKARJAYA,46466
32.06.29.2004,32,JAWA BARAT,32.06,KAB. TASIKMALAYA,32.06.29,PADAKEMBANG,CISARUNI,46466
32.06.29.2005,32,JAWA BARAT,32.06,KAB. TASIKMALAYA,32.06.29,PADAKEMBANG,PADAKEMBANG,46466
32.06.30.2001,32,JAWA BARAT,32.06,KAB. TASIKMALAYA,32.06.30,SARIWANGI,SARIWANGI,46465
32.06.30.2002,32,JAWA BARAT,32.06,KAB. TASIKMALAYA,32.06.30,SARIWANGI,SUKAHARJA,46465
32.06.30.2003,32,JAWA BARAT,32.06,KAB. TASIKMALAYA,32.06.30,SARIWANGI,JAYARATU,46465
32.06.30.2004,32,JAWA BARAT,32.06,KAB. TASIKMALAYA,32.06.30,SARIWANGI,LINGGASIRNA,46465
32.06.30.2005,32,JAWA BARAT,32.06,KAB. TASIKMALAYA,32.06.30,SARIWANGI,SIRNASARI,46465
32.06.30.2006,32,JAWA BARAT,32.06,KAB. TASIKMALAYA,32.06.30,SARIWANGI,SUKAMULIH,46465
32.06.30.2007,32,JAWA BARAT,32.06,KAB. TASIKMALAYA,32.06.30,SARIWANGI,SELAWANGI,46465
32.06.30.2008,32,JAWA BARAT,32.06,KAB. TASIKMALAYA,32.06.30,SARIWANGI,JAYAPUTRA,46465
32.06.31.2001,32,JAWA BARAT,32.06,KAB. TASIKMALAYA,32.06.31,SUKARATU,LINGGAJATI,46452
32.06.31.2002,32,JAWA BARAT,32.06,KAB. TASIKMALAYA,32.06.31,SUKARATU,TAWANGBANTENG,46452
32.06.31.2003,32,JAWA BARAT,32.06,KAB. TASIKMALAYA,32.06.31,SUKARATU,SINAGAR,46452
32.06.31.2004,32,JAWA BARAT,32.06,KAB. TASIKMALAYA,32.06.31,SUKARATU,GUNUNGSARI,46452
32.06.31.2005,32,JAWA BARAT,32.06,KAB. TASIKMALAYA,32.06.31,SUKARATU,SUKAMAHI,46452
32.06.31.2006,32,JAWA BARAT,32.06,KAB. TASIKMALAYA,32.06.31,SUKARATU,SUKAGALIH,46452
32.06.31.2007,32,JAWA BARAT,32.06,KAB. TASIKMALAYA,32.06.31,SUKARATU,SUKARATU,46452
32.06.31.2008,32,JAWA BARAT,32.06,KAB. TASIKMALAYA,32.06.31,SUKARATU,INDRAJAYA,46452
32.06.32.2001,32,JAWA BARAT,32.06,KAB. TASIKMALAYA,32.06.32,CISAYONG,CISAYONG,46453
32.06.32.2002,32,JAWA BARAT,32.06,KAB. TASIKMALAYA,32.06.32,CISAYONG,SUKAJADI,46453
32.06.32.2003,32,JAWA BARAT,32.06,KAB. TASIKMALAYA,32.06.32,CISAYONG,SUKASUKUR,46453
32.06.32.2004,32,JAWA BARAT,32.06,KAB. TASIKMALAYA,32.06.32,CISAYONG,SUKAMUKTI,46453
32.06.32.2005,32,JAWA BARAT,32.06,KAB. TASIKMALAYA,32.06.32,CISAYONG,NUSAWANGI,46453
32.06.32.2006,32,JAWA BARAT,32.06,KAB. TASIKMALAYA,32.06.32,CISAYONG,CIKADU,46453
32.06.32.2007,32,JAWA BARAT,32.06,KAB. TASIKMALAYA,32.06.32,CISAYONG,CILEULEUS,46453
32.06.32.2008,32,JAWA BARAT,32.06,KAB. TASIKMALAYA,32.06.32,CISAYONG,JATIHURIP,46453
32.06.32.2009,32,JAWA BARAT,32.06,KAB. TASIKMALAYA,32.06.32,CISAYONG,SUKASETIA,46453
32.06.32.2010,32,JAWA BARAT,32.06,KAB. TASIKMALAYA,32.06.32,CISAYONG,PURWASARI,46453
32.06.32.2011,32,JAWA BARAT,32.06,KAB. TASIKMALAYA,32.06.32,CISAYONG,SUKARAHARJA,46453
32.06.32.2012,32,JAWA BARAT,32.06,KAB. TASIKMALAYA,32.06.32,CISAYONG,MEKARWANGI,46453
32.06.32.2013,32,JAWA BARAT,32.06,KAB. TASIKMALAYA,32.06.32,CISAYONG,SANTANAMEKAR,46453
32.06.33.2001,32,JAWA BARAT,32.06,KAB. TASIKMALAYA,32.06.33,SUKAHENING,BANYURASA,46454
32.06.33.2002,32,JAWA BARAT,32.06,KAB. TASIKMALAYA,32.06.33,SUKAHENING,CALINCING,46454
32.06.33.2003,32,JAWA BARAT,32.06,KAB. TASIKMALAYA,32.06.33,SUKAHENING,SUKAHENING,46454
32.06.33.2004,32,JAWA BARAT,32.06,KAB. TASIKMALAYA,32.06.33,SUKAHENING,KIARAJANGKUNG,46454
32.06.33.2005,32,JAWA BARAT,32.06,KAB. TASIKMALAYA,32.06.33,SUKAHENING,KUDADEPA,46454
32.06.33.2006,32,JAWA BARAT,32.06,KAB. TASIKMALAYA,32.06.33,SUKAHENING,BANYURESMI,46454
32.06.33.2007,32,JAWA BARAT,32.06,KAB. TASIKMALAYA,32.06.33,SUKAHENING,SUNDAKERTA,46454
32.06.34.2001,32,JAWA BARAT,32.06,KAB. TASIKMALAYA,32.06.34,RAJAPOLAH,DAWAGUNG,46455
32.06.34.2002,32,JAWA BARAT,32.06,KAB. TASIKMALAYA,32.06.34,RAJAPOLAH,RAJAPOLAH,46455
32.06.34.2003,32,JAWA BARAT,32.06,KAB. TASIKMALAYA,32.06.34,RAJAPOLAH,MANGGUNGJAYA,46455
32.06.34.2004,32,JAWA BARAT,32.06,KAB. TASIKMALAYA,32.06.34,RAJAPOLAH,MANGGUNGSARI,46455
32.06.34.2005,32,JAWA BARAT,32.06,KAB. TASIKMALAYA,32.06.34,RAJAPOLAH,SUKARAJA,46455
32.06.34.2006,32,JAWA BARAT,32.06,KAB. TASIKMALAYA,32.06.34,RAJAPOLAH,RAJAMANDALA,46455
32.06.34.2007,32,JAWA BARAT,32.06,KAB. TASIKMALAYA,32.06.34,RAJAPOLAH,SUKANAGALIH,46455
32.06.34.2008,32,JAWA BARAT,32.06,KAB. TASIKMALAYA,32.06.34,RAJAPOLAH,TANJUNGPURA,46455
32.06.35.2001,32,JAWA BARAT,32.06,KAB. TASIKMALAYA,32.06.35,JAMANIS,CONDONG,46451
32.06.35.2002,32,JAWA BARAT,32.06,KAB. TASIKMALAYA,32.06.35,JAMANIS,BOJONGGAOK,46451
32.06.35.2003,32,JAWA BARAT,32.06,KAB. TASIKMALAYA,32.06.35,JAMANIS,SINDANGRAJA,46451
32.06.35.2004,32,JAWA BARAT,32.06,KAB. TASIKMALAYA,32.06.35,JAMANIS,KARANGMULYA,46451
32.06.35.2005,32,JAWA BARAT,32.06,KAB. TASIKMALAYA,32.06.35,JAMANIS,GERESIK,46451
32.06.35.2006,32,JAWA BARAT,32.06,KAB. TASIKMALAYA,32.06.35,JAMANIS,KARANGSEMBUNG,46451
32.06.35.2007,32,JAWA BARAT,32.06,KAB. TASIKMALAYA,32.06.35,JAMANIS,TANJUNGMEKAR,46451
32.06.35.2008,32,JAWA BARAT,32.06,KAB. TASIKMALAYA,32.06.35,JAMANIS,KARANGRESIK,46451
32.06.36.2001,32,JAWA BARAT,32.06,KAB. TASIKMALAYA,32.06.36,CIAWI,GOMBONG,46456
32.06.36.2002,32,JAWA BARAT,32.06,KAB. TASIKMALAYA,32.06.36,CIAWI,BUGEL,46456
32.06.36.2003,32,JAWA BARAT,32.06,KAB. TASIKMALAYA,32.06.36,CIAWI,MARGASARI,46456
32.06.36.2004,32,JAWA BARAT,32.06,KAB. TASIKMALAYA,32.06.36,CIAWI,PAKEMITAN,46456
32.06.36.2005,32,JAWA BARAT,32.06,KAB. TASIKMALAYA,32.06.36,CIAWI,CIAWI,46456
32.06.36.2006,32,JAWA BARAT,32.06,KAB. TASIKMALAYA,32.06.36,CIAWI,SUKAMANTRI,46456
32.06.36.2007,32,JAWA BARAT,32.06,KAB. TASIKMALAYA,32.06.36,CIAWI,PASIRHUNI,46456
32.06.36.2008,32,JAWA BARAT,32.06,KAB. TASIKMALAYA,32.06.36,CIAWI,CITAMBA,46456
32.06.36.2009,32,JAWA BARAT,32.06,KAB. TASIKMALAYA,32.06.36,CIAWI,KERTAMUKTI,46456
32.06.36.2010,32,JAWA BARAT,32.06,KAB. TASIKMALAYA,32.06.36,CIAWI,KURNIABAKTI,46456
32.06.36.2011,32,JAWA BARAT,32.06,KAB. TASIKMALAYA,32.06.36,CIAWI,PAKAMITANKIDUL,46456
32.06.37.2001,32,JAWA BARAT,32.06,KAB. TASIKMALAYA,32.06.37,KADIPATEN,KADIPATEN,46457
32.06.37.2002,32,JAWA BARAT,32.06,KAB. TASIKMALAYA,32.06.37,KADIPATEN,DIRGAHAYU,46457
32.06.37.2003,32,JAWA BARAT,32.06,KAB. TASIKMALAYA,32.06.37,KADIPATEN,CIBAHAYU,46457
32.06.37.2004,32,JAWA BARAT,32.06,KAB. TASIKMALAYA,32.06.37,KADIPATEN,MEKARSARI,46457
32.06.37.2005,32,JAWA BARAT,32.06,KAB. TASIKMALAYA,32.06.37,KADIPATEN,BUNIASIH,46457
32.06.37.2006,32,JAWA BARAT,32.06,KAB. TASIKMALAYA,32.06.37,KADIPATEN,PAMOYANAN,46457
32.06.38.2001,32,JAWA BARAT,32.06,KAB. TASIKMALAYA,32.06.38,PAGERAGEUNG,CIPACING,46458
32.06.38.2002,32,JAWA BARAT,32.06,KAB. TASIKMALAYA,32.06.38,PAGERAGEUNG,PAGERAGEUNG,46458
32.06.38.2003,32,JAWA BARAT,32.06,KAB. TASIKMALAYA,32.06.38,PAGERAGEUNG,SUKAMAJU,46458
32.06.38.2004,32,JAWA BARAT,32.06,KAB. TASIKMALAYA,32.06.38,PAGERAGEUNG,TANJUNGKERTA,46458
32.06.38.2005,32,JAWA BARAT,32.06,KAB. TASIKMALAYA,32.06.38,PAGERAGEUNG,PUTERAN,46458
32.06.38.2006,32,JAWA BARAT,32.06,KAB. TASIKMALAYA,32.06.38,PAGERAGEUNG,GURANTENG,46458
32.06.38.2007,32,JAWA BARAT,32.06,KAB. TASIKMALAYA,32.06.38,PAGERAGEUNG,NANGGEWER,46458
32.06.38.2008,32,JAWA BARAT,32.06,KAB. TASIKMALAYA,32.06.38,PAGERAGEUNG,SUKAPADA,46458
32.06.38.2009,32,JAWA BARAT,32.06,KAB. TASIKMALAYA,32.06.38,PAGERAGEUNG,PAGERSARI,46458
32.06.38.2010,32,JAWA BARAT,32.06,KAB. TASIKMALAYA,32.06.38,PAGERAGEUNG,SUKADANA,46458
32.06.39.2001,32,JAWA BARAT,32.06,KAB. TASIKMALAYA,32.06.39,SUKARESIK,CIPONDOK,46459
32.06.39.2002,32,JAWA BARAT,32.06,KAB. TASIKMALAYA,32.06.39,SUKARESIK,SUKAMENAK,46459
32.06.39.2003,32,JAWA BARAT,32.06,KAB. TASIKMALAYA,32.06.39,SUKARESIK,SUKARATU,46459
32.06.39.2004,32,JAWA BARAT,32.06,KAB. TASIKMALAYA,32.06.39,SUKARESIK,BANJARSARI,46459
32.06.39.2005,32,JAWA BARAT,32.06,KAB. TASIKMALAYA,32.06.39,SUKARESIK,TANJUNGSARI,46459
32.06.39.2006,32,JAWA BARAT,32.06,KAB. TASIKMALAYA,32.06.39,SUKARESIK,SUKAPANCAR,46459
32.06.39.2007,32,JAWA BARAT,32.06,KAB. TASIKMALAYA,32.06.39,SUKARESIK,SUKARESIK,46459
32.06.39.2008,32,JAWA BARAT,32.06,KAB. TASIKMALAYA,32.06.39,SUKARESIK,MARGAMULYA,46459
32.07.01.1001,32,JAWA BARAT,32.07,KAB. CIAMIS,32.07.01,CIAMIS,CIAMIS,46211
32.07.01.1002,32,JAWA BARAT,32.07,KAB. CIAMIS,32.07.01,CIAMIS,KERTASARI,46213
32.07.01.1003,32,JAWA BARAT,32.07,KAB. CIAMIS,32.07.01,CIAMIS,MALEBER,46214
32.07.01.1004,32,JAWA BARAT,32.07,KAB. CIAMIS,32.07.01,CIAMIS,CIGEMBOR,46212
32.07.01.1005,32,JAWA BARAT,32.07,KAB. CIAMIS,32.07.01,CIAMIS,BENTENG,46217
32.07.01.1006,32,JAWA BARAT,32.07,KAB. CIAMIS,32.07.01,CIAMIS,LINGGASARI,46216
32.07.01.1007,32,JAWA BARAT,32.07,KAB. CIAMIS,32.07.01,CIAMIS,SINDANGRASA,46215
32.07.01.2008,32,JAWA BARAT,32.07,KAB. CIAMIS,32.07.01,CIAMIS,PAWINDAN,46218
32.07.01.2009,32,JAWA BARAT,32.07,KAB. CIAMIS,32.07.01,CIAMIS,CISADAP,46215
32.07.01.2010,32,JAWA BARAT,32.07,KAB. CIAMIS,32.07.01,CIAMIS,IMBANAGARA,46219
32.07.01.2011,32,JAWA BARAT,32.07,KAB. CIAMIS,32.07.01,CIAMIS,IMBANAGARA RAYA,46219
32.07.01.2012,32,JAWA BARAT,32.07,KAB. CIAMIS,32.07.01,CIAMIS,PANYINGKIRAN,46218
32.07.02.2001,32,JAWA BARAT,32.07,KAB. CIAMIS,32.07.02,CIKONENG,CIKONENG,46261
32.07.02.2002,32,JAWA BARAT,32.07,KAB. CIAMIS,32.07.02,CIKONENG,MARGALUYU,46261
32.07.02.2003,32,JAWA BARAT,32.07,KAB. CIAMIS,32.07.02,CIKONENG,SINDANGSARI,46261
32.07.02.2011,32,JAWA BARAT,32.07,KAB. CIAMIS,32.07.02,CIKONENG,PANARAGAN,46261
32.07.02.2012,32,JAWA BARAT,32.07,KAB. CIAMIS,32.07.02,CIKONENG,DARMACAANG,46261
32.07.02.2013,32,JAWA BARAT,32.07,KAB. CIAMIS,32.07.02,CIKONENG,KUJANG,46261
32.07.02.2014,32,JAWA BARAT,32.07,KAB. CIAMIS,32.07.02,CIKONENG,NASOL,46261
32.07.02.2016,32,JAWA BARAT,32.07,KAB. CIAMIS,32.07.02,CIKONENG,CIMARI,46261
32.07.02.2017,32,JAWA BARAT,32.07,KAB. CIAMIS,32.07.02,CIKONENG,GEGEMPALAN,46261
32.07.03.2001,32,JAWA BARAT,32.07,KAB. CIAMIS,32.07.03,CIJEUNGJING,HANDAPHERANG,46271
32.07.03.2002,32,JAWA BARAT,32.07,KAB. CIAMIS,32.07.03,CIJEUNGJING,CIHARALANG,46271
32.07.03.2003,32,JAWA BARAT,32.07,KAB. CIAMIS,32.07.03,CIJEUNGJING,BOJONGMENGGER,46271
32.07.03.2004,32,JAWA BARAT,32.07,KAB. CIAMIS,32.07.03,CIJEUNGJING,KARANGKAMULYAN,46271
32.07.03.2005,32,JAWA BARAT,32.07,KAB. CIAMIS,32.07.03,CIJEUNGJING,KERTABUMI,46271
32.07.03.2006,32,JAWA BARAT,32.07,KAB. CIAMIS,32.07.03,CIJEUNGJING,CIJEUNGJING,46271
32.07.03.2007,32,JAWA BARAT,32.07,KAB. CIAMIS,32.07.03,CIJEUNGJING,PAMALAYAN,46271
32.07.03.2008,32,JAWA BARAT,32.07,KAB. CIAMIS,32.07.03,CIJEUNGJING,DEWASARI,46271
32.07.03.2009,32,JAWA BARAT,32.07,KAB. CIAMIS,32.07.03,CIJEUNGJING,UTAMA,46271
32.07.03.2010,32,JAWA BARAT,32.07,KAB. CIAMIS,32.07.03,CIJEUNGJING,KERTAHARJA,46271
32.07.03.2011,32,JAWA BARAT,32.07,KAB. CIAMIS,32.07.03,CIJEUNGJING,KARANGANYAR,46271
32.07.04.2001,32,JAWA BARAT,32.07,KAB. CIAMIS,32.07.04,SADANANYA,GUNUNGSARI,46256
32.07.04.2002,32,JAWA BARAT,32.07,KAB. CIAMIS,32.07.04,SADANANYA,SADANANYA,46256
32.07.04.2003,32,JAWA BARAT,32.07,KAB. CIAMIS,32.07.04,SADANANYA,WERASARI,46256
32.07.04.2004,32,JAWA BARAT,32.07,KAB. CIAMIS,32.07.04,SADANANYA,MANGKUBUMI,46256
32.07.04.2005,32,JAWA BARAT,32.07,KAB. CIAMIS,32.07.04,SADANANYA,TANJUNGSARI,46256
32.07.04.2006,32,JAWA BARAT,32.07,KAB. CIAMIS,32.07.04,SADANANYA,BENDASARI,46256
32.07.04.2007,32,JAWA BARAT,32.07,KAB. CIAMIS,32.07.04,SADANANYA,SUKAJADI,46256
32.07.04.2008,32,JAWA BARAT,32.07,KAB. CIAMIS,32.07.04,SADANANYA,MEKARJADI,46256
32.07.05.2001,32,JAWA BARAT,32.07,KAB. CIAMIS,32.07.05,CIDOLOG,CIDOLOG,46287
32.07.05.2002,32,JAWA BARAT,32.07,KAB. CIAMIS,32.07.05,CIDOLOG,JANGGALA,46287
32.07.05.2003,32,JAWA BARAT,32.07,KAB. CIAMIS,32.07.05,CIDOLOG,HEGARMANAH,46287
32.07.05.2004,32,JAWA BARAT,32.07,KAB. CIAMIS,32.07.05,CIDOLOG,JELEGONG,46287
32.07.05.2005,32,JAWA BARAT,32.07,KAB. CIAMIS,32.07.05,CIDOLOG,CIPARAY,46287
32.07.05.2006,32,JAWA BARAT,32.07,KAB. CIAMIS,32.07.05,CIDOLOG,SUKASARI,46287
32.07.06.2001,32,JAWA BARAT,32.07,KAB. CIAMIS,32.07.06,CIHAURBEUTI,SUKAMULYA,46262
32.07.06.2002,32,JAWA BARAT,32.07,KAB. CIAMIS,32.07.06,CIHAURBEUTI,SUKAHURIP,46262
32.07.06.2003,32,JAWA BARAT,32.07,KAB. CIAMIS,32.07.06,CIHAURBEUTI,CIJULANG,46262
32.07.06.2004,32,JAWA BARAT,32.07,KAB. CIAMIS,32.07.06,CIHAURBEUTI,SUKAMAJU,46262
32.07.06.2005,32,JAWA BARAT,32.07,KAB. CIAMIS,32.07.06,CIHAURBEUTI,SUKASETIA,46262
32.07.06.2006,32,JAWA BARAT,32.07,KAB. CIAMIS,32.07.06,CIHAURBEUTI,SUMBERJAYA,46262
32.07.06.2007,32,JAWA BARAT,32.07,KAB. CIAMIS,32.07.06,CIHAURBEUTI,CIHAURBEUTI,46262
32.07.06.2008,32,JAWA BARAT,32.07,KAB. CIAMIS,32.07.06,CIHAURBEUTI,PASIRTAMIANG,46262
32.07.06.2009,32,JAWA BARAT,32.07,KAB. CIAMIS,32.07.06,CIHAURBEUTI,PADAMULYA,46262
32.07.06.2010,32,JAWA BARAT,32.07,KAB. CIAMIS,32.07.06,CIHAURBEUTI,PAMOKOLAN,46262
32.07.06.2011,32,JAWA BARAT,32.07,KAB. CIAMIS,32.07.06,CIHAURBEUTI,SUKAHAJI,46262
32.07.07.2001,32,JAWA BARAT,32.07,KAB. CIAMIS,32.07.07,PANUMBANGAN,MEDANGLAYANG,46263
32.07.07.2002,32,JAWA BARAT,32.07,KAB. CIAMIS,32.07.07,PANUMBANGAN,PANUMBANGAN,46263
32.07.07.2003,32,JAWA BARAT,32.07,KAB. CIAMIS,32.07.07,PANUMBANGAN,SUKAKERTA,46263
32.07.07.2004,32,JAWA BARAT,32.07,KAB. CIAMIS,32.07.07,PANUMBANGAN,GOLAT,46263
32.07.07.2005,32,JAWA BARAT,32.07,KAB. CIAMIS,32.07.07,PANUMBANGAN,SINDANGHERANG,46263
32.07.07.2006,32,JAWA BARAT,32.07,KAB. CIAMIS,32.07.07,PANUMBANGAN,BANJARANGSANA,46263
32.07.07.2007,32,JAWA BARAT,32.07,KAB. CIAMIS,32.07.07,PANUMBANGAN,PAYUNGAGUNG,46263
32.07.07.2008,32,JAWA BARAT,32.07,KAB. CIAMIS,32.07.07,PANUMBANGAN,TANJUNGMULYA,46263
32.07.07.2009,32,JAWA BARAT,32.07,KAB. CIAMIS,32.07.07,PANUMBANGAN,PAYUNGSARI,46263
32.07.07.2010,32,JAWA BARAT,32.07,KAB. CIAMIS,32.07.07,PANUMBANGAN,JAYAGIRI,46263
32.07.07.2011,32,JAWA BARAT,32.07,KAB. CIAMIS,32.07.07,PANUMBANGAN,KERTARAHARJA,46263
32.07.07.2012,32,JAWA BARAT,32.07,KAB. CIAMIS,32.07.07,PANUMBANGAN,SINDANGMUKTI,46263
32.07.07.2013,32,JAWA BARAT,32.07,KAB. CIAMIS,32.07.07,PANUMBANGAN,SINDANGBARANG,46263
32.07.07.2014,32,JAWA BARAT,32.07,KAB. CIAMIS,32.07.07,PANUMBANGAN,BUANAMEKAR,46263
32.07.08.2001,32,JAWA BARAT,32.07,KAB. CIAMIS,32.07.08,PANJALU,PANJALU,46264
32.07.08.2002,32,JAWA BARAT,32.07,KAB. CIAMIS,32.07.08,PANJALU,KERTAMANDALA,46264
32.07.08.2003,32,JAWA BARAT,32.07,KAB. CIAMIS,32.07.08,PANJALU,CIOMAS,46264
32.07.08.2004,32,JAWA BARAT,32.07,KAB. CIAMIS,32.07.08,PANJALU,SANDINGTAMAN,46264
32.07.08.2005,32,JAWA BARAT,32.07,KAB. CIAMIS,32.07.08,PANJALU,MAPARAH,46264
32.07.08.2009,32,JAWA BARAT,32.07,KAB. CIAMIS,32.07.08,PANJALU,BAHARA,46264
32.07.08.2012,32,JAWA BARAT,32.07,KAB. CIAMIS,32.07.08,PANJALU,HUJUNGTIWU,46264
32.07.08.2013,32,JAWA BARAT,32.07,KAB. CIAMIS,32.07.08,PANJALU,MANDALARE,46264
32.07.09.2001,32,JAWA BARAT,32.07,KAB. CIAMIS,32.07.09,KAWALI,KAWALI,46253
32.07.09.2002,32,JAWA BARAT,32.07,KAB. CIAMIS,32.07.09,KAWALI,TALAGASARI,46253
32.07.09.2004,32,JAWA BARAT,32.07,KAB. CIAMIS,32.07.09,KAWALI,KARANGPAWITAN,46253
32.07.09.2005,32,JAWA BARAT,32.07,KAB. CIAMIS,32.07.09,KAWALI,WINDURAJA,46253
32.07.09.2006,32,JAWA BARAT,32.07,KAB. CIAMIS,32.07.09,KAWALI,MARGAMULYA,46253
32.07.09.2011,32,JAWA BARAT,32.07,KAB. CIAMIS,32.07.09,KAWALI,CITEUREUP,46253
32.07.09.2013,32,JAWA BARAT,32.07,KAB. CIAMIS,32.07.09,KAWALI,PURWASARI,46253
32.07.09.2014,32,JAWA BARAT,32.07,KAB. CIAMIS,32.07.09,KAWALI,SINDANGSARI,46253
32.07.09.2015,32,JAWA BARAT,32.07,KAB. CIAMIS,32.07.09,KAWALI,KAWALIMUKTI,46253
32.07.09.2016,32,JAWA BARAT,32.07,KAB. CIAMIS,32.07.09,KAWALI,SELASARI,46253
32.07.09.2019,32,JAWA BARAT,32.07,KAB. CIAMIS,32.07.09,KAWALI,LINGGAPURA,46253
32.07.10.2001,32,JAWA BARAT,32.07,KAB. CIAMIS,32.07.10,PANAWANGAN,PANAWANGAN,46255
32.07.10.2002,32,JAWA BARAT,32.07,KAB. CIAMIS,32.07.10,PANAWANGAN,SAGALAHERANG,46255
32.07.10.2003,32,JAWA BARAT,32.07,KAB. CIAMIS,32.07.10,PANAWANGAN,NAGARAPAGEUH,46255
32.07.10.2004,32,JAWA BARAT,32.07,KAB. CIAMIS,32.07.10,PANAWANGAN,NAGARAJATI,46255
32.07.10.2005,32,JAWA BARAT,32.07,KAB. CIAMIS,32.07.10,PANAWANGAN,NAGARAJAYA,46255
32.07.10.2006,32,JAWA BARAT,32.07,KAB. CIAMIS,32.07.10,PANAWANGAN,KERTAYASA,46255
32.07.10.2007,32,JAWA BARAT,32.07,KAB. CIAMIS,32.07.10,PANAWANGAN,INDRAGIRI,46255
32.07.10.2008,32,JAWA BARAT,32.07,KAB. CIAMIS,32.07.10,PANAWANGAN,CINYASAG,46255
32.07.10.2009,32,JAWA BARAT,32.07,KAB. CIAMIS,32.07.10,PANAWANGAN,SADAPAINGAN,46255
32.07.10.2010,32,JAWA BARAT,32.07,KAB. CIAMIS,32.07.10,PANAWANGAN,JAGABAYA,46255
32.07.10.2011,32,JAWA BARAT,32.07,KAB. CIAMIS,32.07.10,PANAWANGAN,GARDUJAYA,46255
32.07.10.2012,32,JAWA BARAT,32.07,KAB. CIAMIS,32.07.10,PANAWANGAN,KARANGPANINGAL,46255
32.07.10.2013,32,JAWA BARAT,32.07,KAB. CIAMIS,32.07.10,PANAWANGAN,BANGUNJAYA,46255
32.07.10.2014,32,JAWA BARAT,32.07,KAB. CIAMIS,32.07.10,PANAWANGAN,GIRILAYA,46255
32.07.10.2015,32,JAWA BARAT,32.07,KAB. CIAMIS,32.07.10,PANAWANGAN,KERTAJAYA,46255
32.07.10.2016,32,JAWA BARAT,32.07,KAB. CIAMIS,32.07.10,PANAWANGAN,NAGARAWANGI,46255
32.07.10.2017,32,JAWA BARAT,32.07,KAB. CIAMIS,32.07.10,PANAWANGAN,MEKARBUANA,46255
32.07.10.2018,32,JAWA BARAT,32.07,KAB. CIAMIS,32.07.10,PANAWANGAN,NATANEGARA,46255
32.07.11.2001,32,JAWA BARAT,32.07,KAB. CIAMIS,32.07.11,CIPAKU,BUNISEURI,46252
32.07.11.2002,32,JAWA BARAT,32.07,KAB. CIAMIS,32.07.11,CIPAKU,SELACAI,46252
32.07.11.2003,32,JAWA BARAT,32.07,KAB. CIAMIS,32.07.11,CIPAKU,JALATRANG,46252
32.07.11.2004,32,JAWA BARAT,32.07,KAB. CIAMIS,32.07.11,CIPAKU,CIPAKU,46252
32.07.11.2005,32,JAWA BARAT,32.07,KAB. CIAMIS,32.07.11,CIPAKU,CIEURIH,46252
32.07.11.2006,32,JAWA BARAT,32.07,KAB. CIAMIS,32.07.11,CIPAKU,GEREBA,46252
32.07.11.2007,32,JAWA BARAT,32.07,KAB. CIAMIS,32.07.11,CIPAKU,MUKTISARI,46252
32.07.11.2008,32,JAWA BARAT,32.07,KAB. CIAMIS,32.07.11,CIPAKU,MEKARSARI,46252
32.07.11.2009,32,JAWA BARAT,32.07,KAB. CIAMIS,32.07.11,CIPAKU,PUSAKASARI,46252
32.07.11.2010,32,JAWA BARAT,32.07,KAB. CIAMIS,32.07.11,CIPAKU,BANGBAYANG,46252
32.07.11.2011,32,JAWA BARAT,32.07,KAB. CIAMIS,32.07.11,CIPAKU,SELAMANIK,46252
32.07.11.2012,32,JAWA BARAT,32.07,KAB. CIAMIS,32.07.11,CIPAKU,CIAKAR,46252
32.07.11.2013,32,JAWA BARAT,32.07,KAB. CIAMIS,32.07.11,CIPAKU,SUKAWENING,46252
32.07.12.2001,32,JAWA BARAT,32.07,KAB. CIAMIS,32.07.12,JATINAGARA,JATINAGARA,46273
32.07.12.2002,32,JAWA BARAT,32.07,KAB. CIAMIS,32.07.12,JATINAGARA,SUKANAGARA,46273
32.07.12.2003,32,JAWA BARAT,32.07,KAB. CIAMIS,32.07.12,JATINAGARA,CINTANAGARA,46273
32.07.12.2004,32,JAWA BARAT,32.07,KAB. CIAMIS,32.07.12,JATINAGARA,DAYEUHLUHUR,46273
32.07.12.2005,32,JAWA BARAT,32.07,KAB. CIAMIS,32.07.12,JATINAGARA,MULYASARI,46273
32.07.12.2006,32,JAWA BARAT,32.07,KAB. CIAMIS,32.07.12,JATINAGARA,BAYASARI,46273
32.07.13.2001,32,JAWA BARAT,32.07,KAB. CIAMIS,32.07.13,RAJADESA,RAJADESA,46254
32.07.13.2002,32,JAWA BARAT,32.07,KAB. CIAMIS,32.07.13,RAJADESA,TANJUNGSUKUR,46254
32.07.13.2003,32,JAWA BARAT,32.07,KAB. CIAMIS,32.07.13,RAJADESA,TANJUNGSARI,46254
32.07.13.2004,32,JAWA BARAT,32.07,KAB. CIAMIS,32.07.13,RAJADESA,TANJUNGJAYA,46254
32.07.13.2005,32,JAWA BARAT,32.07,KAB. CIAMIS,32.07.13,RAJADESA,ANDAPRAJA,46254
32.07.13.2006,32,JAWA BARAT,32.07,KAB. CIAMIS,32.07.13,RAJADESA,SUKAHARJA,46254
32.07.13.2007,32,JAWA BARAT,32.07,KAB. CIAMIS,32.07.13,RAJADESA,SUKAJAYA,46254
32.07.13.2008,32,JAWA BARAT,32.07,KAB. CIAMIS,32.07.13,RAJADESA,TIGAHERANG,46254
32.07.13.2009,32,JAWA BARAT,32.07,KAB. CIAMIS,32.07.13,RAJADESA,SIRNABAYA,46254
32.07.13.2010,32,JAWA BARAT,32.07,KAB. CIAMIS,32.07.13,RAJADESA,SIRNAJAYA,46254
32.07.13.2011,32,JAWA BARAT,32.07,KAB. CIAMIS,32.07.13,RAJADESA,PURWARAJA,46254
32.07.14.2001,32,JAWA BARAT,32.07,KAB. CIAMIS,32.07.14,SUKADANA,SUKADANA,46272
32.07.14.2002,32,JAWA BARAT,32.07,KAB. CIAMIS,32.07.14,SUKADANA,SALAKARIA,46272
32.07.14.2003,32,JAWA BARAT,32.07,KAB. CIAMIS,32.07.14,SUKADANA,MARGAHARJA,46272
32.07.14.2004,32,JAWA BARAT,32.07,KAB. CIAMIS,32.07.14,SUKADANA,MARGAJAYA,46272
32.07.14.2005,32,JAWA BARAT,32.07,KAB. CIAMIS,32.07.14,SUKADANA,BUNTER,46272
32.07.14.2006,32,JAWA BARAT,32.07,KAB. CIAMIS,32.07.14,SUKADANA,CIPARIGI,46272
32.07.15.2001,32,JAWA BARAT,32.07,KAB. CIAMIS,32.07.15,RANCAH,RANCAH,46292
32.07.15.2002,32,JAWA BARAT,32.07,KAB. CIAMIS,32.07.15,RANCAH,KIARAPAYUNG,46292
32.07.15.2003,32,JAWA BARAT,32.07,KAB. CIAMIS,32.07.15,RANCAH,CILEUNGSIR,46292
32.07.15.2004,32,JAWA BARAT,32.07,KAB. CIAMIS,32.07.15,RANCAH,CISONTROL,46292
32.07.15.2005,32,JAWA BARAT,32.07,KAB. CIAMIS,32.07.15,RANCAH,SITUMANDALA,46292
32.07.15.2006,32,JAWA BARAT,32.07,KAB. CIAMIS,32.07.15,RANCAH,KAWUNGLARANG,46292
32.07.15.2007,32,JAWA BARAT,32.07,KAB. CIAMIS,32.07.15,RANCAH,PATAKAHARJA,46292
32.07.15.2008,32,JAWA BARAT,32.07,KAB. CIAMIS,32.07.15,RANCAH,BOJONGGEDANG,46292
32.07.15.2009,32,JAWA BARAT,32.07,KAB. CIAMIS,32.07.15,RANCAH,KARANGPARI,46292
32.07.15.2010,32,JAWA BARAT,32.07,KAB. CIAMIS,32.07.15,RANCAH,DADIHARJA,46292
32.07.15.2011,32,JAWA BARAT,32.07,KAB. CIAMIS,32.07.15,RANCAH,JANGALAHARJA,46292
32.07.15.2012,32,JAWA BARAT,32.07,KAB. CIAMIS,32.07.15,RANCAH,GIRIHARJA,46292
32.07.15.2013,32,JAWA BARAT,32.07,KAB. CIAMIS,32.07.15,RANCAH,WANGUNSARI,46292
32.07.16.2001,32,JAWA BARAT,32.07,KAB. CIAMIS,32.07.16,TAMBAKSARI,TAMBAKSARI,46293
32.07.16.2002,32,JAWA BARAT,32.07,KAB. CIAMIS,32.07.16,TAMBAKSARI,MEKARSARI,46293
32.07.16.2003,32,JAWA BARAT,32.07,KAB. CIAMIS,32.07.16,TAMBAKSARI,KASO,46293
32.07.16.2004,32,JAWA BARAT,32.07,KAB. CIAMIS,32.07.16,TAMBAKSARI,KADUPANDAK,46293
32.07.16.2005,32,JAWA BARAT,32.07,KAB. CIAMIS,32.07.16,TAMBAKSARI,SUKASARI,46293
32.07.16.2006,32,JAWA BARAT,32.07,KAB. CIAMIS,32.07.16,TAMBAKSARI,KARANGPANINGAL,46293
32.07.17.2006,32,JAWA BARAT,32.07,KAB. CIAMIS,32.07.17,LAKBOK,SIDAHARJA,46285
32.07.17.2007,32,JAWA BARAT,32.07,KAB. CIAMIS,32.07.17,LAKBOK,KERTAJAYA,46285
32.07.17.2009,32,JAWA BARAT,32.07,KAB. CIAMIS,32.07.17,LAKBOK,SUKANAGARA,46285
32.07.17.2010,32,JAWA BARAT,32.07,KAB. CIAMIS,32.07.17,LAKBOK,CINTAJAYA,46285
32.07.17.2011,32,JAWA BARAT,32.07,KAB. CIAMIS,32.07.17,LAKBOK,CINTARATU,46285
32.07.17.2012,32,JAWA BARAT,32.07,KAB. CIAMIS,32.07.17,LAKBOK,SINDANGANGIN,46285
32.07.17.2013,32,JAWA BARAT,32.07,KAB. CIAMIS,32.07.17,LAKBOK,TAMBAKREJA,46285
32.07.17.2017,32,JAWA BARAT,32.07,KAB. CIAMIS,32.07.17,LAKBOK,BAREGBEG,46285
32.07.17.2018,32,JAWA BARAT,32.07,KAB. CIAMIS,32.07.17,LAKBOK,KALAPASAWIT,46285
32.07.17.2019,32,JAWA BARAT,32.07,KAB. CIAMIS,32.07.17,LAKBOK,PULOERANG,46285
32.07.18.2005,32,JAWA BARAT,32.07,KAB. CIAMIS,32.07.18,BANJARSARI,KAWASEN,46283
32.07.18.2006,32,JAWA BARAT,32.07,KAB. CIAMIS,32.07.18,BANJARSARI,CICAPAR,46283
32.07.18.2007,32,JAWA BARAT,32.07,KAB. CIAMIS,32.07.18,BANJARSARI,CIBADAK,46283
32.07.18.2008,32,JAWA BARAT,32.07,KAB. CIAMIS,32.07.18,BANJARSARI,BANJARSARI,46283
32.07.18.2009,32,JAWA BARAT,32.07,KAB. CIAMIS,32.07.18,BANJARSARI,SINDANGHAYU,46283
32.07.18.2010,32,JAWA BARAT,32.07,KAB. CIAMIS,32.07.18,BANJARSARI,SINDANGASIH,46283
32.07.18.2012,32,JAWA BARAT,32.07,KAB. CIAMIS,32.07.18,BANJARSARI,SINDANGSARI,46283
32.07.18.2013,32,JAWA BARAT,32.07,KAB. CIAMIS,32.07.18,BANJARSARI,CIHERANG,46283
32.07.18.2014,32,JAWA BARAT,32.07,KAB. CIAMIS,32.07.18,BANJARSARI,PURWASARI,46283
32.07.18.2015,32,JAWA BARAT,32.07,KAB. CIAMIS,32.07.18,BANJARSARI,RATAWANGI,46283
32.07.18.2016,32,JAWA BARAT,32.07,KAB. CIAMIS,32.07.18,BANJARSARI,CIULU,46283
32.07.18.2018,32,JAWA BARAT,32.07,KAB. CIAMIS,32.07.18,BANJARSARI,SUKASARI,46283
32.07.19.2001,32,JAWA BARAT,32.07,KAB. CIAMIS,32.07.19,PAMARICAN,PAMARICAN,46282
32.07.19.2002,32,JAWA BARAT,32.07,KAB. CIAMIS,32.07.19,PAMARICAN,SIDAMULIH,46282
32.07.19.2003,32,JAWA BARAT,32.07,KAB. CIAMIS,32.07.19,PAMARICAN,KERTAHAYU,46282
32.07.19.2004,32,JAWA BARAT,32.07,KAB. CIAMIS,32.07.19,PAMARICAN,SUKAMUKTI,46282
32.07.19.2005,32,JAWA BARAT,32.07,KAB. CIAMIS,32.07.19,PAMARICAN,BANGUNSARI,46282
32.07.19.2006,32,JAWA BARAT,32.07,KAB. CIAMIS,32.07.19,PAMARICAN,NEGLASARI,46282
32.07.19.2007,32,JAWA BARAT,32.07,KAB. CIAMIS,32.07.19,PAMARICAN,BANTARSARI,46282
32.07.19.2008,32,JAWA BARAT,32.07,KAB. CIAMIS,32.07.19,PAMARICAN,MARGAJAYA,46282
32.07.19.2009,32,JAWA BARAT,32.07,KAB. CIAMIS,32.07.19,PAMARICAN,SUKAJAYA,46282
32.07.19.2010,32,JAWA BARAT,32.07,KAB. CIAMIS,32.07.19,PAMARICAN,SUKAHURIP,46282
32.07.19.2011,32,JAWA BARAT,32.07,KAB. CIAMIS,32.07.19,PAMARICAN,SUKAJADI,46282
32.07.19.2012,32,JAWA BARAT,32.07,KAB. CIAMIS,32.07.19,PAMARICAN,SIDAHARJA,46282
32.07.19.2013,32,JAWA BARAT,32.07,KAB. CIAMIS,32.07.19,PAMARICAN,PASIRNAGARA,46282
32.07.19.2014,32,JAWA BARAT,32.07,KAB. CIAMIS,32.07.19,PAMARICAN,MEKARMULYA,46282
32.07.29.2001,32,JAWA BARAT,32.07,KAB. CIAMIS,32.07.29,CIMARAGAS,CIMARAGAS,46281
32.07.29.2002,32,JAWA BARAT,32.07,KAB. CIAMIS,32.07.29,CIMARAGAS,BEBER,46281
32.07.29.2003,32,JAWA BARAT,32.07,KAB. CIAMIS,32.07.29,CIMARAGAS,RAKSABAYA,46281
32.07.29.2004,32,JAWA BARAT,32.07,KAB. CIAMIS,32.07.29,CIMARAGAS,BOJONGMALANG,46281
32.07.29.2005,32,JAWA BARAT,32.07,KAB. CIAMIS,32.07.29,CIMARAGAS,JAYARAKSA,46281
32.07.30.2001,32,JAWA BARAT,32.07,KAB. CIAMIS,32.07.30,CISAGA,CISAGA,46291
32.07.30.2002,32,JAWA BARAT,32.07,KAB. CIAMIS,32.07.30,CISAGA,SIDAMULYA,46291
32.07.30.2003,32,JAWA BARAT,32.07,KAB. CIAMIS,32.07.30,CISAGA,KEPEL,46291
32.07.30.2004,32,JAWA BARAT,32.07,KAB. CIAMIS,32.07.30,CISAGA,WANGUNJAYA,46291
32.07.30.2005,32,JAWA BARAT,32.07,KAB. CIAMIS,32.07.30,CISAGA,SUKAHURIP,46291
32.07.30.2006,32,JAWA BARAT,32.07,KAB. CIAMIS,32.07.30,CISAGA,BANGUNHARJA,46291
32.07.30.2007,32,JAWA BARAT,32.07,KAB. CIAMIS,32.07.30,CISAGA,TANJUNGJAYA,46291
32.07.30.2008,32,JAWA BARAT,32.07,KAB. CIAMIS,32.07.30,CISAGA,MEKARMUKTI,46291
32.07.30.2009,32,JAWA BARAT,32.07,KAB. CIAMIS,32.07.30,CISAGA,DANASARI,46291
32.07.30.2010,32,JAWA BARAT,32.07,KAB. CIAMIS,32.07.30,CISAGA,GIRIMUKTI,46291
32.07.30.2011,32,JAWA BARAT,32.07,KAB. CIAMIS,32.07.30,CISAGA,KARYAMULYA,46291
32.07.31.2001,32,JAWA BARAT,32.07,KAB. CIAMIS,32.07.31,SINDANGKASIH,SINDANGKASIH,46268
32.07.31.2002,32,JAWA BARAT,32.07,KAB. CIAMIS,32.07.31,SINDANGKASIH,GUNUNGCUPU,46268
32.07.31.2003,32,JAWA BARAT,32.07,KAB. CIAMIS,32.07.31,SINDANGKASIH,BUDIASIH,46268
32.07.31.2004,32,JAWA BARAT,32.07,KAB. CIAMIS,32.07.31,SINDANGKASIH,BUDIHARJA,46268
32.07.31.2005,32,JAWA BARAT,32.07,KAB. CIAMIS,32.07.31,SINDANGKASIH,SUKARAJA,46268
32.07.31.2006,32,JAWA BARAT,32.07,KAB. CIAMIS,32.07.31,SINDANGKASIH,SUKAMANAH,46268
32.07.31.2007,32,JAWA BARAT,32.07,KAB. CIAMIS,32.07.31,SINDANGKASIH,SUKASENANG,46268
32.07.31.2008,32,JAWA BARAT,32.07,KAB. CIAMIS,32.07.31,SINDANGKASIH,SUKARESIK,46268
32.07.31.2009,32,JAWA BARAT,32.07,KAB. CIAMIS,32.07.31,SINDANGKASIH,WANASIGRA,46268
32.07.32.2001,32,JAWA BARAT,32.07,KAB. CIAMIS,32.07.32,BAREGBEG,BAREGBEG,46274
32.07.32.2002,32,JAWA BARAT,32.07,KAB. CIAMIS,32.07.32,BAREGBEG,SUKAMAJU,46274
32.07.32.2003,32,JAWA BARAT,32.07,KAB. CIAMIS,32.07.32,BAREGBEG,MEKARJAYA,46274
32.07.32.2004,32,JAWA BARAT,32.07,KAB. CIAMIS,32.07.32,BAREGBEG,SAGULING,46274
32.07.32.2005,32,JAWA BARAT,32.07,KAB. CIAMIS,32.07.32,BAREGBEG,PETIRHILIR,46274
32.07.32.2006,32,JAWA BARAT,32.07,KAB. CIAMIS,32.07.32,BAREGBEG,PUSAKANAGARA,46274
32.07.32.2007,32,JAWA BARAT,32.07,KAB. CIAMIS,32.07.32,BAREGBEG,JELAT,46274
32.07.32.2008,32,JAWA BARAT,32.07,KAB. CIAMIS,32.07.32,BAREGBEG,KARANGAMPEL,46274
32.07.32.2009,32,JAWA BARAT,32.07,KAB. CIAMIS,32.07.32,BAREGBEG,SUKAMULYA,46274
32.07.33.2001,32,JAWA BARAT,32.07,KAB. CIAMIS,32.07.33,SUKAMANTRI,SUKAMANTRI,46265
32.07.33.2002,32,JAWA BARAT,32.07,KAB. CIAMIS,32.07.33,SUKAMANTRI,TENGGERRAHARJA,46265
32.07.33.2003,32,JAWA BARAT,32.07,KAB. CIAMIS,32.07.33,SUKAMANTRI,CIBEUREUM,46265
32.07.33.2004,32,JAWA BARAT,32.07,KAB. CIAMIS,32.07.33,SUKAMANTRI,SINDANGLAYA,46265
32.07.33.2005,32,JAWA BARAT,32.07,KAB. CIAMIS,32.07.33,SUKAMANTRI,MEKARWANGI,46265
32.07.34.2001,32,JAWA BARAT,32.07,KAB. CIAMIS,32.07.34,LUMBUNG,CIKUPA,46258
32.07.34.2002,32,JAWA BARAT,32.07,KAB. CIAMIS,32.07.34,LUMBUNG,SUKARAHARJA,46258
32.07.34.2003,32,JAWA BARAT,32.07,KAB. CIAMIS,32.07.34,LUMBUNG,LUMBUNG,46258
32.07.34.2004,32,JAWA BARAT,32.07,KAB. CIAMIS,32.07.34,LUMBUNG,LUMBUNGSARI,46258
32.07.34.2005,32,JAWA BARAT,32.07,KAB. CIAMIS,32.07.34,LUMBUNG,AWILUAR,46258
32.07.34.2006,32,JAWA BARAT,32.07,KAB. CIAMIS,32.07.34,LUMBUNG,DARMARAJA,46258
32.07.34.2007,32,JAWA BARAT,32.07,KAB. CIAMIS,32.07.34,LUMBUNG,RAWA,46258
32.07.34.2008,32,JAWA BARAT,32.07,KAB. CIAMIS,32.07.34,LUMBUNG,SADEWATA,46258
32.07.35.2001,32,JAWA BARAT,32.07,KAB. CIAMIS,32.07.35,PURWADADI,BANTARDAWA,46286
32.07.35.2002,32,JAWA BARAT,32.07,KAB. CIAMIS,32.07.35,PURWADADI,PURWADADI,46286
32.07.35.2003,32,JAWA BARAT,32.07,KAB. CIAMIS,32.07.35,PURWADADI,PURWAJAYA,46286
32.07.35.2004,32,JAWA BARAT,32.07,KAB. CIAMIS,32.07.35,PURWADADI,KARANGPANINGAL,46286
32.07.35.2005,32,JAWA BARAT,32.07,KAB. CIAMIS,32.07.35,PURWADADI,SIDARAHAYU,46286
32.07.35.2006,32,JAWA BARAT,32.07,KAB. CIAMIS,32.07.35,PURWADADI,PADARINGAN,46286
32.07.35.2007,32,JAWA BARAT,32.07,KAB. CIAMIS,32.07.35,PURWADADI,PASIRLAWANG,46286
32.07.35.2008,32,JAWA BARAT,32.07,KAB. CIAMIS,32.07.35,PURWADADI,KUTAWARINGIN,46286
32.07.35.2009,32,JAWA BARAT,32.07,KAB. CIAMIS,32.07.35,PURWADADI,SUKAMULYA,46286
32.07.37.2001,32,JAWA BARAT,32.07,KAB. CIAMIS,32.07.37,BANJARANYAR,PASAWAHAN,46283
32.07.37.2002,32,JAWA BARAT,32.07,KAB. CIAMIS,32.07.37,BANJARANYAR,BANJARANYAR,46283
32.07.37.2003,32,JAWA BARAT,32.07,KAB. CIAMIS,32.07.37,BANJARANYAR,CIGAYAM,46283
32.07.37.2004,32,JAWA BARAT,32.07,KAB. CIAMIS,32.07.37,BANJARANYAR,LANGKAPSARI,46283
32.07.37.2005,32,JAWA BARAT,32.07,KAB. CIAMIS,32.07.37,BANJARANYAR,KALIJAYA,46283
32.07.37.2006,32,JAWA BARAT,32.07,KAB. CIAMIS,32.07.37,BANJARANYAR,SINDANGRASA,46283
32.07.37.2007,32,JAWA BARAT,32.07,KAB. CIAMIS,32.07.37,BANJARANYAR,CIKASO,46283
32.07.37.2008,32,JAWA BARAT,32.07,KAB. CIAMIS,32.07.37,BANJARANYAR,CIKUPA,46283
32.07.37.2009,32,JAWA BARAT,32.07,KAB. CIAMIS,32.07.37,BANJARANYAR,KARYAMUKTI,46283
32.07.37.2010,32,JAWA BARAT,32.07,KAB. CIAMIS,32.07.37,BANJARANYAR,TANJUNGSARI,46283
32.08.01.2001,32,JAWA BARAT,32.08,KAB. KUNINGAN,32.08.01,KADUGEDE,SINDANGJAWA,45561
32.08.01.2002,32,JAWA BARAT,32.08,KAB. KUNINGAN,32.08.01,KADUGEDE,CIKETAK,45561
32.08.01.2003,32,JAWA BARAT,32.08,KAB. KUNINGAN,32.08.01,KADUGEDE,NANGKA,45561
32.08.01.2004,32,JAWA BARAT,32.08,KAB. KUNINGAN,32.08.01,KADUGEDE,WINDUJANTEN,45561
32.08.01.2005,32,JAWA BARAT,32.08,KAB. KUNINGAN,32.08.01,KADUGEDE,KADUGEDE,45561
32.08.01.2006,32,JAWA BARAT,32.08,KAB. KUNINGAN,32.08.01,KADUGEDE,BABATAN,45561
32.08.01.2007,32,JAWA BARAT,32.08,KAB. KUNINGAN,32.08.01,KADUGEDE,CIPONDOK,45561
32.08.01.2008,32,JAWA BARAT,32.08,KAB. KUNINGAN,32.08.01,KADUGEDE,BAYUNING,45561
32.08.01.2009,32,JAWA BARAT,32.08,KAB. KUNINGAN,32.08.01,KADUGEDE,TINGGAR,45561
32.08.01.2010,32,JAWA BARAT,32.08,KAB. KUNINGAN,32.08.01,KADUGEDE,CIHERANG,45561
32.08.01.2011,32,JAWA BARAT,32.08,KAB. KUNINGAN,32.08.01,KADUGEDE,CISUKADANA,45561
32.08.01.2012,32,JAWA BARAT,32.08,KAB. KUNINGAN,32.08.01,KADUGEDE,MARGABAKTI,45561
32.08.02.2001,32,JAWA BARAT,32.08,KAB. KUNINGAN,32.08.02,CINIRU,PINARA,45565
32.08.02.2002,32,JAWA BARAT,32.08,KAB. KUNINGAN,32.08.02,CINIRU,CIJEUMIT,45565
32.08.02.2003,32,JAWA BARAT,32.08,KAB. KUNINGAN,32.08.02,CINIRU,CIPEDES,45565
32.08.02.2004,32,JAWA BARAT,32.08,KAB. KUNINGAN,32.08.02,CINIRU,CINIRU,45565
32.08.02.2005,32,JAWA BARAT,32.08,KAB. KUNINGAN,32.08.02,CINIRU,RAMBATAN,45565
32.08.02.2006,32,JAWA BARAT,32.08,KAB. KUNINGAN,32.08.02,CINIRU,LONGKEWANG,45565
32.08.02.2007,32,JAWA BARAT,32.08,KAB. KUNINGAN,32.08.02,CINIRU,MUNGKALDATAR,45565
32.08.02.2008,32,JAWA BARAT,32.08,KAB. KUNINGAN,32.08.02,CINIRU,GUNUNGMANIK,45565
32.08.02.2009,32,JAWA BARAT,32.08,KAB. KUNINGAN,32.08.02,CINIRU,PAMUPUKAN,45565
32.08.03.2001,32,JAWA BARAT,32.08,KAB. KUNINGAN,32.08.03,SUBANG,TANGKOLO,45586
32.08.03.2002,32,JAWA BARAT,32.08,KAB. KUNINGAN,32.08.03,SUBANG,PAMULIHAN,45586
32.08.03.2003,32,JAWA BARAT,32.08,KAB. KUNINGAN,32.08.03,SUBANG,SUBANG,45586
32.08.03.2004,32,JAWA BARAT,32.08,KAB. KUNINGAN,32.08.03,SUBANG,GUNUNGACI,45586
32.08.03.2005,32,JAWA BARAT,32.08,KAB. KUNINGAN,32.08.03,SUBANG,SITUGEDE,45586
32.08.03.2006,32,JAWA BARAT,32.08,KAB. KUNINGAN,32.08.03,SUBANG,BANGUNJAYA,45586
32.08.03.2007,32,JAWA BARAT,32.08,KAB. KUNINGAN,32.08.03,SUBANG,JATISARI,45586
32.08.04.2001,32,JAWA BARAT,32.08,KAB. KUNINGAN,32.08.04,CIWARU,SUMBERJAYA,45583
32.08.04.2002,32,JAWA BARAT,32.08,KAB. KUNINGAN,32.08.04,CIWARU,CILAYUNG,45583
32.08.04.2003,32,JAWA BARAT,32.08,KAB. KUNINGAN,32.08.04,CIWARU,CIWARU,45583
32.08.04.2004,32,JAWA BARAT,32.08,KAB. KUNINGAN,32.08.04,CIWARU,GARAJATI,45583
32.08.04.2005,32,JAWA BARAT,32.08,KAB. KUNINGAN,32.08.04,CIWARU,BAOK,45583
32.08.04.2006,32,JAWA BARAT,32.08,KAB. KUNINGAN,32.08.04,CIWARU,ANDAMUI,45583
32.08.04.2007,32,JAWA BARAT,32.08,KAB. KUNINGAN,32.08.04,CIWARU,SAGARANTEN,45583
32.08.04.2008,32,JAWA BARAT,32.08,KAB. KUNINGAN,32.08.04,CIWARU,CITUNDUN,45583
32.08.04.2009,32,JAWA BARAT,32.08,KAB. KUNINGAN,32.08.04,CIWARU,LEBAKHERANG,45583
32.08.04.2010,32,JAWA BARAT,32.08,KAB. KUNINGAN,32.08.04,CIWARU,KARANGBARU,45583
32.08.04.2011,32,JAWA BARAT,32.08,KAB. KUNINGAN,32.08.04,CIWARU,LINGGAJAYA,45583
32.08.04.2012,32,JAWA BARAT,32.08,KAB. KUNINGAN,32.08.04,CIWARU,CITIKUR,45583
32.08.05.2001,32,JAWA BARAT,32.08,KAB. KUNINGAN,32.08.05,CIBINGBIN,CIPONDOH,45587
32.08.05.2002,32,JAWA BARAT,32.08,KAB. KUNINGAN,32.08.05,CIBINGBIN,SINDANGJAWA,45587
32.08.05.2003,32,JAWA BARAT,32.08,KAB. KUNINGAN,32.08.05,CIBINGBIN,CIANGIR,45587
32.08.05.2004,32,JAWA BARAT,32.08,KAB. KUNINGAN,32.08.05,CIBINGBIN,CIBINGBIN,45587
32.08.05.2005,32,JAWA BARAT,32.08,KAB. KUNINGAN,32.08.05,CIBINGBIN,CITENJO,45587
32.08.05.2006,32,JAWA BARAT,32.08,KAB. KUNINGAN,32.08.05,CIBINGBIN,DUKUHBADAG,45587
32.08.05.2007,32,JAWA BARAT,32.08,KAB. KUNINGAN,32.08.05,CIBINGBIN,BANTARPANJANG,45587
32.08.05.2008,32,JAWA BARAT,32.08,KAB. KUNINGAN,32.08.05,CIBINGBIN,SUKAMAJU,45587
32.08.05.2009,32,JAWA BARAT,32.08,KAB. KUNINGAN,32.08.05,CIBINGBIN,SUKAHARJA,45587
32.08.05.2010,32,JAWA BARAT,32.08,KAB. KUNINGAN,32.08.05,CIBINGBIN,CISAAT,45587
32.08.06.2001,32,JAWA BARAT,32.08,KAB. KUNINGAN,32.08.06,LURAGUNG,DUKUHPICUNG,45581
32.08.06.2002,32,JAWA BARAT,32.08,KAB. KUNINGAN,32.08.06,LURAGUNG,WALAHARCAGEUR,45581
32.08.06.2003,32,JAWA BARAT,32.08,KAB. KUNINGAN,32.08.06,LURAGUNG,WILANAGARA,45581
32.08.06.2004,32,JAWA BARAT,32.08,KAB. KUNINGAN,32.08.06,LURAGUNG,CIGEDANG,45581
32.08.06.2005,32,JAWA BARAT,32.08,KAB. KUNINGAN,32.08.06,LURAGUNG,LURAGUNG TONGGOH,45581
32.08.06.2006,32,JAWA BARAT,32.08,KAB. KUNINGAN,32.08.06,LURAGUNG,SINDANGSARI,45581
32.08.06.2007,32,JAWA BARAT,32.08,KAB. KUNINGAN,32.08.06,LURAGUNG,CIRAHAYU,45581
32.08.06.2008,32,JAWA BARAT,32.08,KAB. KUNINGAN,32.08.06,LURAGUNG,MARGASARI,45581
32.08.06.2009,32,JAWA BARAT,32.08,KAB. KUNINGAN,32.08.06,LURAGUNG,SINDANGSUKA,45581
32.08.06.2010,32,JAWA BARAT,32.08,KAB. KUNINGAN,32.08.06,LURAGUNG,CIKANDANG,45581
32.08.06.2011,32,JAWA BARAT,32.08,KAB. KUNINGAN,32.08.06,LURAGUNG,PANYOSOGAN,45581
32.08.06.2012,32,JAWA BARAT,32.08,KAB. KUNINGAN,32.08.06,LURAGUNG,GUNUNGKARUNG,45581
32.08.06.2013,32,JAWA BARAT,32.08,KAB. KUNINGAN,32.08.06,LURAGUNG,LURAGUNG LANDEUH,45581
32.08.06.2014,32,JAWA BARAT,32.08,KAB. KUNINGAN,32.08.06,LURAGUNG,DUKUHMAJA,45581
32.08.06.2015,32,JAWA BARAT,32.08,KAB. KUNINGAN,32.08.06,LURAGUNG,BENDA,45581
32.08.06.2016,32,JAWA BARAT,32.08,KAB. KUNINGAN,32.08.06,LURAGUNG,CIKADUWETAN,45582
32.08.07.2010,32,JAWA BARAT,32.08,KAB. KUNINGAN,32.08.07,LEBAKWANGI,LANGSEB,45574
32.08.07.2011,32,JAWA BARAT,32.08,KAB. KUNINGAN,32.08.07,LEBAKWANGI,CINAGARA,45574
32.08.07.2012,32,JAWA BARAT,32.08,KAB. KUNINGAN,32.08.07,LEBAKWANGI,CINEUMBEUY,45574
32.08.07.2013,32,JAWA BARAT,32.08,KAB. KUNINGAN,32.08.07,LEBAKWANGI,CIPETIR,45574
32.08.07.2014,32,JAWA BARAT,32.08,KAB. KUNINGAN,32.08.07,LEBAKWANGI,LEBAKWANGI,45574
32.08.07.2015,32,JAWA BARAT,32.08,KAB. KUNINGAN,32.08.07,LEBAKWANGI,MANCAGAR,45574
32.08.07.2016,32,JAWA BARAT,32.08,KAB. KUNINGAN,32.08.07,LEBAKWANGI,BENDUNGAN,45574
32.08.07.2017,32,JAWA BARAT,32.08,KAB. KUNINGAN,32.08.07,LEBAKWANGI,SINDANG,45574
32.08.07.2018,32,JAWA BARAT,32.08,KAB. KUNINGAN,32.08.07,LEBAKWANGI,PASAYANGAN,45574
32.08.07.2019,32,JAWA BARAT,32.08,KAB. KUNINGAN,32.08.07,LEBAKWANGI,PAJAWANKIDUL,45574
32.08.07.2020,32,JAWA BARAT,32.08,KAB. KUNINGAN,32.08.07,LEBAKWANGI,PAGUNDAN,45574
32.08.07.2021,32,JAWA BARAT,32.08,KAB. KUNINGAN,32.08.07,LEBAKWANGI,MEKARWANGI,45574
32.08.07.2025,32,JAWA BARAT,32.08,KAB. KUNINGAN,32.08.07,LEBAKWANGI,MANGGARI,45574
32.08.08.2001,32,JAWA BARAT,32.08,KAB. KUNINGAN,32.08.08,GARAWANGI,GEWOK,45571
32.08.08.2002,32,JAWA BARAT,32.08,KAB. KUNINGAN,32.08.08,GARAWANGI,CIRUKEM,45571
32.08.08.2003,32,JAWA BARAT,32.08,KAB. KUNINGAN,32.08.08,GARAWANGI,PAKEMBANGAN,45571
32.08.08.2004,32,JAWA BARAT,32.08,KAB. KUNINGAN,32.08.08,GARAWANGI,SUKAIMUT,45571
32.08.08.2005,32,JAWA BARAT,32.08,KAB. KUNINGAN,32.08.08,GARAWANGI,CIKANANGA,45571
32.08.08.2006,32,JAWA BARAT,32.08,KAB. KUNINGAN,32.08.08,GARAWANGI,TAMBAKBAYA,45571
32.08.08.2007,32,JAWA BARAT,32.08,KAB. KUNINGAN,32.08.08,GARAWANGI,GARAWANGI,45571
32.08.08.2008,32,JAWA BARAT,32.08,KAB. KUNINGAN,32.08.08,GARAWANGI,SUKAMULYA,45571
32.08.08.2009,32,JAWA BARAT,32.08,KAB. KUNINGAN,32.08.08,GARAWANGI,MANCAGAR,45571
32.08.08.2010,32,JAWA BARAT,32.08,KAB. KUNINGAN,32.08.08,GARAWANGI,PURWASARI,45571
32.08.08.2011,32,JAWA BARAT,32.08,KAB. KUNINGAN,32.08.08,GARAWANGI,LENGKONG,45571
32.08.08.2023,32,JAWA BARAT,32.08,KAB. KUNINGAN,32.08.08,GARAWANGI,KARAMATWANGI,45571
32.08.08.2024,32,JAWA BARAT,32.08,KAB. KUNINGAN,32.08.08,GARAWANGI,CITIUSARI,45571
32.08.08.2026,32,JAWA BARAT,32.08,KAB. KUNINGAN,32.08.08,GARAWANGI,MEKARMULYA,45571
32.08.08.2027,32,JAWA BARAT,32.08,KAB. KUNINGAN,32.08.08,GARAWANGI,TEMBONG,45571
32.08.08.2028,32,JAWA BARAT,32.08,KAB. KUNINGAN,32.08.08,GARAWANGI,KUTAKEMBARAN,45571
32.08.08.2029,32,JAWA BARAT,32.08,KAB. KUNINGAN,32.08.08,GARAWANGI,KADATUAN,45571
32.08.09.1001,32,JAWA BARAT,32.08,KAB. KUNINGAN,32.08.09,KUNINGAN,CITANGTU,45516
32.08.09.1002,32,JAWA BARAT,32.08,KAB. KUNINGAN,32.08.09,KUNINGAN,KUNINGAN,45511
32.08.09.1003,32,JAWA BARAT,32.08,KAB. KUNINGAN,32.08.09,KUNINGAN,WINDUHAJI,45516
32.08.09.1004,32,JAWA BARAT,32.08,KAB. KUNINGAN,32.08.09,KUNINGAN,WINDUSENGKAHAN,45515
32.08.09.1005,32,JAWA BARAT,32.08,KAB. KUNINGAN,32.08.09,KUNINGAN,CIJOHO,45513
32.08.09.1006,32,JAWA BARAT,32.08,KAB. KUNINGAN,32.08.09,KUNINGAN,PURWAWINANGUN,45512
32.08.09.1007,32,JAWA BARAT,32.08,KAB. KUNINGAN,32.08.09,KUNINGAN,CIGINTUNG,45517
32.08.09.1008,32,JAWA BARAT,32.08,KAB. KUNINGAN,32.08.09,KUNINGAN,CIRENDANG,45518
32.08.09.1009,32,JAWA BARAT,32.08,KAB. KUNINGAN,32.08.09,KUNINGAN,CIPORANG,45514
32.08.09.1010,32,JAWA BARAT,32.08,KAB. KUNINGAN,32.08.09,KUNINGAN,AWIRARANGAN,45511
32.08.09.2011,32,JAWA BARAT,32.08,KAB. KUNINGAN,32.08.09,KUNINGAN,CIBINUANG,45511
32.08.09.2012,32,JAWA BARAT,32.08,KAB. KUNINGAN,32.08.09,KUNINGAN,KARANGTAWANG,45515
32.08.09.2013,32,JAWA BARAT,32.08,KAB. KUNINGAN,32.08.09,KUNINGAN,KEDUNGARUM,45513
32.08.09.2014,32,JAWA BARAT,32.08,KAB. KUNINGAN,32.08.09,KUNINGAN,ANCARAN,45514
32.08.09.2015,32,JAWA BARAT,32.08,KAB. KUNINGAN,32.08.09,KUNINGAN,KASTURI,45553
32.08.09.2016,32,JAWA BARAT,32.08,KAB. KUNINGAN,32.08.09,KUNINGAN,PADAREK,45553
32.08.10.2001,32,JAWA BARAT,32.08,KAB. KUNINGAN,32.08.10,CIAWIGEBANG,GERESIK,45591
32.08.10.2002,32,JAWA BARAT,32.08,KAB. KUNINGAN,32.08.10,CIAWIGEBANG,KADURAMA,45591
32.08.10.2003,32,JAWA BARAT,32.08,KAB. KUNINGAN,32.08.10,CIAWIGEBANG,CIAWIGEBANG,45591
32.08.10.2004,32,JAWA BARAT,32.08,KAB. KUNINGAN,32.08.10,CIAWIGEBANG,LEBAKSIUH,45591
32.08.10.2005,32,JAWA BARAT,32.08,KAB. KUNINGAN,32.08.10,CIAWIGEBANG,CIPUTAT,45591
32.08.10.2006,32,JAWA BARAT,32.08,KAB. KUNINGAN,32.08.10,CIAWIGEBANG,PAJAWAN LOR,45591
32.08.10.2007,32,JAWA BARAT,32.08,KAB. KUNINGAN,32.08.10,CIAWIGEBANG,SIDARAJA,45591
32.08.10.2008,32,JAWA BARAT,32.08,KAB. KUNINGAN,32.08.10,CIAWIGEBANG,KAPANDAYAN,45591
32.08.10.2009,32,JAWA BARAT,32.08,KAB. KUNINGAN,32.08.10,CIAWIGEBANG,PANGKALAN,45591
32.08.10.2010,32,JAWA BARAT,32.08,KAB. KUNINGAN,32.08.10,CIAWIGEBANG,CIOMAS,45591
32.08.10.2011,32,JAWA BARAT,32.08,KAB. KUNINGAN,32.08.10,CIAWIGEBANG,SUKARAJA,45591
32.08.10.2012,32,JAWA BARAT,32.08,KAB. KUNINGAN,32.08.10,CIAWIGEBANG,CIHAUR,45591
32.08.10.2013,32,JAWA BARAT,32.08,KAB. KUNINGAN,32.08.10,CIAWIGEBANG,CIAWI LOR,45591
32.08.10.2014,32,JAWA BARAT,32.08,KAB. KUNINGAN,32.08.10,CIAWIGEBANG,CIGARUKGAK,45591
32.08.10.2015,32,JAWA BARAT,32.08,KAB. KUNINGAN,32.08.10,CIAWIGEBANG,SUKADANA,45591
32.08.10.2016,32,JAWA BARAT,32.08,KAB. KUNINGAN,32.08.10,CIAWIGEBANG,CIHIRUP,45591
32.08.10.2017,32,JAWA BARAT,32.08,KAB. KUNINGAN,32.08.10,CIAWIGEBANG,KARAMATMULYA,45591
32.08.10.2018,32,JAWA BARAT,32.08,KAB. KUNINGAN,32.08.10,CIAWIGEBANG,PAMIJAHAN,45591
32.08.10.2019,32,JAWA BARAT,32.08,KAB. KUNINGAN,32.08.10,CIAWIGEBANG,KARANGKAMULYAN,45591
32.08.10.2020,32,JAWA BARAT,32.08,KAB. KUNINGAN,32.08.10,CIAWIGEBANG,PADARAMA,45591
32.08.10.2021,32,JAWA BARAT,32.08,KAB. KUNINGAN,32.08.10,CIAWIGEBANG,CIKUBANGMULYA,45591
32.08.10.2022,32,JAWA BARAT,32.08,KAB. KUNINGAN,32.08.10,CIAWIGEBANG,DUKUHDALEM,45591
32.08.10.2023,32,JAWA BARAT,32.08,KAB. KUNINGAN,32.08.10,CIAWIGEBANG,MEKARJAYA,45591
32.08.10.2024,32,JAWA BARAT,32.08,KAB. KUNINGAN,32.08.10,CIAWIGEBANG,CIJAGAMULYA,45591
32.08.11.2001,32,JAWA BARAT,32.08,KAB. KUNINGAN,32.08.11,CIDAHU,CIHIDEUNG GIRANG,45595
32.08.11.2002,32,JAWA BARAT,32.08,KAB. KUNINGAN,32.08.11,CIDAHU,CIHIDEUNG HILIR,45595
32.08.11.2003,32,JAWA BARAT,32.08,KAB. KUNINGAN,32.08.11,CIDAHU,CIDAHU,45595
32.08.11.2004,32,JAWA BARAT,32.08,KAB. KUNINGAN,32.08.11,CIDAHU,KERTAWINANGUN,45595
32.08.11.2005,32,JAWA BARAT,32.08,KAB. KUNINGAN,32.08.11,CIDAHU,DATAR,45595
32.08.11.2006,32,JAWA BARAT,32.08,KAB. KUNINGAN,32.08.11,CIDAHU,LEGOK,45595
32.08.11.2007,32,JAWA BARAT,32.08,KAB. KUNINGAN,32.08.11,CIDAHU,CIKEUSIK,45595
32.08.11.2008,32,JAWA BARAT,32.08,KAB. KUNINGAN,32.08.11,CIDAHU,CIEURIH,45595
32.08.11.2009,32,JAWA BARAT,32.08,KAB. KUNINGAN,32.08.11,CIDAHU,CIBULAN,45595
32.08.11.2010,32,JAWA BARAT,32.08,KAB. KUNINGAN,32.08.11,CIDAHU,NANGGELA,45595
32.08.11.2011,32,JAWA BARAT,32.08,KAB. KUNINGAN,32.08.11,CIDAHU,JATIMULYA,45595
32.08.11.2012,32,JAWA BARAT,32.08,KAB. KUNINGAN,32.08.11,CIDAHU,BUNDER,45595
32.08.12.2001,32,JAWA BARAT,32.08,KAB. KUNINGAN,32.08.12,JALAKSANA,SUKAMUKTI,45554
32.08.12.2002,32,JAWA BARAT,32.08,KAB. KUNINGAN,32.08.12,JALAKSANA,SIDAMULYA,45554
32.08.12.2003,32,JAWA BARAT,32.08,KAB. KUNINGAN,32.08.12,JALAKSANA,JALAKSANA,45554
32.08.12.2004,32,JAWA BARAT,32.08,KAB. KUNINGAN,32.08.12,JALAKSANA,SANGKANERANG,45554
32.08.12.2005,32,JAWA BARAT,32.08,KAB. KUNINGAN,32.08.12,JALAKSANA,SAYANA,45554
32.08.12.2006,32,JAWA BARAT,32.08,KAB. KUNINGAN,32.08.12,JALAKSANA,PEUSING,45554
32.08.12.2007,32,JAWA BARAT,32.08,KAB. KUNINGAN,32.08.12,JALAKSANA,SEMBAWA,45554
32.08.12.2008,32,JAWA BARAT,32.08,KAB. KUNINGAN,32.08.12,JALAKSANA,SADAMANTRA,45554
32.08.12.2009,32,JAWA BARAT,32.08,KAB. KUNINGAN,32.08.12,JALAKSANA,MANIS KIDUL,45554
32.08.12.2010,32,JAWA BARAT,32.08,KAB. KUNINGAN,32.08.12,JALAKSANA,MANIS LOR,45554
32.08.12.2011,32,JAWA BARAT,32.08,KAB. KUNINGAN,32.08.12,JALAKSANA,CINIRU,45554
32.08.12.2012,32,JAWA BARAT,32.08,KAB. KUNINGAN,32.08.12,JALAKSANA,PADAMENAK,45554
32.08.12.2013,32,JAWA BARAT,32.08,KAB. KUNINGAN,32.08.12,JALAKSANA,BABAKANMULYA,45554
32.08.12.2014,32,JAWA BARAT,32.08,KAB. KUNINGAN,32.08.12,JALAKSANA,SINDANGBARANG,45554
32.08.12.2015,32,JAWA BARAT,32.08,KAB. KUNINGAN,32.08.12,JALAKSANA,NANGGERANG,45554
32.08.13.2006,32,JAWA BARAT,32.08,KAB. KUNINGAN,32.08.13,CILIMUS,BANDORASA WETAN,45556
32.08.13.2007,32,JAWA BARAT,32.08,KAB. KUNINGAN,32.08.13,CILIMUS,BANDORASA KULON,45556
32.08.13.2008,32,JAWA BARAT,32.08,KAB. KUNINGAN,32.08.13,CILIMUS,LINGGASANA,45556
32.08.13.2009,32,JAWA BARAT,32.08,KAB. KUNINGAN,32.08.13,CILIMUS,LINGGARJATI,45556
32.08.13.2010,32,JAWA BARAT,32.08,KAB. KUNINGAN,32.08.13,CILIMUS,BOJONG,45556
32.08.13.2015,32,JAWA BARAT,32.08,KAB. KUNINGAN,32.08.13,CILIMUS,CILIMUS,45556
32.08.13.2016,32,JAWA BARAT,32.08,KAB. KUNINGAN,32.08.13,CILIMUS,SETIANEGARA,45556
32.08.13.2017,32,JAWA BARAT,32.08,KAB. KUNINGAN,32.08.13,CILIMUS,CIBEUREUM,45556
32.08.13.2018,32,JAWA BARAT,32.08,KAB. KUNINGAN,32.08.13,CILIMUS,KALIAREN,45556
32.08.13.2019,32,JAWA BARAT,32.08,KAB. KUNINGAN,32.08.13,CILIMUS,SAMPORA,45556
32.08.13.2020,32,JAWA BARAT,32.08,KAB. KUNINGAN,32.08.13,CILIMUS,CARACAS,45556
32.08.13.2023,32,JAWA BARAT,32.08,KAB. KUNINGAN,32.08.13,CILIMUS,LINGGAMEKAR,45556
32.08.13.2024,32,JAWA BARAT,32.08,KAB. KUNINGAN,32.08.13,CILIMUS,LINGGAINDAH,45556
32.08.14.2001,32,JAWA BARAT,32.08,KAB. KUNINGAN,32.08.14,MANDIRANCAN,CIREA,45558
32.08.14.2002,32,JAWA BARAT,32.08,KAB. KUNINGAN,32.08.14,MANDIRANCAN,SUKASARI,45558
32.08.14.2003,32,JAWA BARAT,32.08,KAB. KUNINGAN,32.08.14,MANDIRANCAN,SEDA,45558
32.08.14.2004,32,JAWA BARAT,32.08,KAB. KUNINGAN,32.08.14,MANDIRANCAN,TRIJAYA,45558
32.08.14.2005,32,JAWA BARAT,32.08,KAB. KUNINGAN,32.08.14,MANDIRANCAN,RANDOBAWA GIRANG,45558
32.08.14.2006,32,JAWA BARAT,32.08,KAB. KUNINGAN,32.08.14,MANDIRANCAN,PAKEMBANGAN,45558
32.08.14.2007,32,JAWA BARAT,32.08,KAB. KUNINGAN,32.08.14,MANDIRANCAN,RANDOBAWA ILIR,45558
32.08.14.2008,32,JAWA BARAT,32.08,KAB. KUNINGAN,32.08.14,MANDIRANCAN,KERTAWINANGUN,45558
32.08.14.2009,32,JAWA BARAT,32.08,KAB. KUNINGAN,32.08.14,MANDIRANCAN,MANDIRANCAN,45558
32.08.14.2010,32,JAWA BARAT,32.08,KAB. KUNINGAN,32.08.14,MANDIRANCAN,NAGGELA,45558
32.08.14.2011,32,JAWA BARAT,32.08,KAB. KUNINGAN,32.08.14,MANDIRANCAN,NANGGERANGJAYA,45558
32.08.14.2012,32,JAWA BARAT,32.08,KAB. KUNINGAN,32.08.14,MANDIRANCAN,SALAKADOMAS,45558
32.08.15.2001,32,JAWA BARAT,32.08,KAB. KUNINGAN,32.08.15,SELAJAMBE,SELAJAMBE,45566
32.08.15.2002,32,JAWA BARAT,32.08,KAB. KUNINGAN,32.08.15,SELAJAMBE,CANTILAN,45566
32.08.15.2003,32,JAWA BARAT,32.08,KAB. KUNINGAN,32.08.15,SELAJAMBE,CIBERUNG,45566
32.08.15.2004,32,JAWA BARAT,32.08,KAB. KUNINGAN,32.08.15,SELAJAMBE,KUTAWARINGIN,45566
32.08.15.2005,32,JAWA BARAT,32.08,KAB. KUNINGAN,32.08.15,SELAJAMBE,JAMBERAMA,45566
32.08.15.2006,32,JAWA BARAT,32.08,KAB. KUNINGAN,32.08.15,SELAJAMBE,BAGAWAT,45566
32.08.15.2007,32,JAWA BARAT,32.08,KAB. KUNINGAN,32.08.15,SELAJAMBE,PADAHURIP,45566
32.08.16.2002,32,JAWA BARAT,32.08,KAB. KUNINGAN,32.08.16,KRAMATMULYA,GEREBA,45553
32.08.16.2004,32,JAWA BARAT,32.08,KAB. KUNINGAN,32.08.16,KRAMATMULYA,CILAJA,45553
32.08.16.2005,32,JAWA BARAT,32.08,KAB. KUNINGAN,32.08.16,KRAMATMULYA,CIKUBANGSARI,45553
32.08.16.2006,32,JAWA BARAT,32.08,KAB. KUNINGAN,32.08.16,KRAMATMULYA,BOJONG,45553
32.08.16.2007,32,JAWA BARAT,32.08,KAB. KUNINGAN,32.08.16,KRAMATMULYA,CILOWA,45553
32.08.16.2008,32,JAWA BARAT,32.08,KAB. KUNINGAN,32.08.16,KRAMATMULYA,CIBENTANG,45553
32.08.16.2009,32,JAWA BARAT,32.08,KAB. KUNINGAN,32.08.16,KRAMATMULYA,RAGAWACANA,45553
32.08.16.2010,32,JAWA BARAT,32.08,KAB. KUNINGAN,32.08.16,KRAMATMULYA,PAJAMBON,45553
32.08.16.2011,32,JAWA BARAT,32.08,KAB. KUNINGAN,32.08.16,KRAMATMULYA,GANDASOLI,45553
32.08.16.2012,32,JAWA BARAT,32.08,KAB. KUNINGAN,32.08.16,KRAMATMULYA,KALAPAGUNUNG,45553
32.08.16.2013,32,JAWA BARAT,32.08,KAB. KUNINGAN,32.08.16,KRAMATMULYA,KRAMATMULYA,45553
32.08.16.2014,32,JAWA BARAT,32.08,KAB. KUNINGAN,32.08.16,KRAMATMULYA,CIKASO,45553
32.08.16.2015,32,JAWA BARAT,32.08,KAB. KUNINGAN,32.08.16,KRAMATMULYA,KARANGMANGU,45553
32.08.16.2017,32,JAWA BARAT,32.08,KAB. KUNINGAN,32.08.16,KRAMATMULYA,WIDARASARI,45553
32.08.17.2001,32,JAWA BARAT,32.08,KAB. KUNINGAN,32.08.17,DARMA,CIMENGA,45562
32.08.17.2002,32,JAWA BARAT,32.08,KAB. KUNINGAN,32.08.17,DARMA,CAGEUR,45562
32.08.17.2003,32,JAWA BARAT,32.08,KAB. KUNINGAN,32.08.17,DARMA,SAKERTA BARAT,45562
32.08.17.2004,32,JAWA BARAT,32.08,KAB. KUNINGAN,32.08.17,DARMA,SUKARASA,45562
32.08.17.2005,32,JAWA BARAT,32.08,KAB. KUNINGAN,32.08.17,DARMA,PANINGGARAN,45562
32.08.17.2006,32,JAWA BARAT,32.08,KAB. KUNINGAN,32.08.17,DARMA,CIPASUNG,45562
32.08.17.2007,32,JAWA BARAT,32.08,KAB. KUNINGAN,32.08.17,DARMA,KAWAH MANUK,45562
32.08.17.2008,32,JAWA BARAT,32.08,KAB. KUNINGAN,32.08.17,DARMA,CIKUPA,45562
32.08.17.2009,32,JAWA BARAT,32.08,KAB. KUNINGAN,32.08.17,DARMA,PARUNG,45562
32.08.17.2010,32,JAWA BARAT,32.08,KAB. KUNINGAN,32.08.17,DARMA,DARMA,45562
32.08.17.2011,32,JAWA BARAT,32.08,KAB. KUNINGAN,32.08.17,DARMA,JAGARA,45562
32.08.17.2012,32,JAWA BARAT,32.08,KAB. KUNINGAN,32.08.17,DARMA,BAKOM,45562
32.08.17.2013,32,JAWA BARAT,32.08,KAB. KUNINGAN,32.08.17,DARMA,KARANGANYAR,45562
32.08.17.2014,32,JAWA BARAT,32.08,KAB. KUNINGAN,32.08.17,DARMA,KARANGSARI,45562
32.08.17.2015,32,JAWA BARAT,32.08,KAB. KUNINGAN,32.08.17,DARMA,SAGARAHIYANG,45562
32.08.17.2016,32,JAWA BARAT,32.08,KAB. KUNINGAN,32.08.17,DARMA,GUNUNGSIRAH,45562
32.08.17.2017,32,JAWA BARAT,32.08,KAB. KUNINGAN,32.08.17,DARMA,SAKERTA TIMUR,45562
32.08.17.2018,32,JAWA BARAT,32.08,KAB. KUNINGAN,32.08.17,DARMA,TUGUMULYA,45562
32.08.17.2019,32,JAWA BARAT,32.08,KAB. KUNINGAN,32.08.17,DARMA,SITUSARI,45562
32.08.18.1001,32,JAWA BARAT,32.08,KAB. KUNINGAN,32.08.18,CIGUGUR,CIGUGUR,45552
32.08.18.1002,32,JAWA BARAT,32.08,KAB. KUNINGAN,32.08.18,CIGUGUR,CIGADUNG,45552
32.08.18.1003,32,JAWA BARAT,32.08,KAB. KUNINGAN,32.08.18,CIGUGUR,WINDUHERANG,45552
32.08.18.1004,32,JAWA BARAT,32.08,KAB. KUNINGAN,32.08.18,CIGUGUR,SUKAMULYA,45552
32.08.18.1005,32,JAWA BARAT,32.08,KAB. KUNINGAN,32.08.18,CIGUGUR,CIPARI,45552
32.08.18.2006,32,JAWA BARAT,32.08,KAB. KUNINGAN,32.08.18,CIGUGUR,CILEULEUY,45552
32.08.18.2007,32,JAWA BARAT,32.08,KAB. KUNINGAN,32.08.18,CIGUGUR,PUNCAK,45552
32.08.18.2008,32,JAWA BARAT,32.08,KAB. KUNINGAN,32.08.18,CIGUGUR,GUNUNGKELING,45552
32.08.18.2009,32,JAWA BARAT,32.08,KAB. KUNINGAN,32.08.18,CIGUGUR,CISANTANA,45552
32.08.18.2010,32,JAWA BARAT,32.08,KAB. KUNINGAN,32.08.18,CIGUGUR,BABAKANMULYA,45552
32.08.19.2001,32,JAWA BARAT,32.08,KAB. KUNINGAN,32.08.19,PASAWAHAN,PADABEUNGHAR,45559
32.08.19.2002,32,JAWA BARAT,32.08,KAB. KUNINGAN,32.08.19,PASAWAHAN,KADUELA,45559
32.08.19.2003,32,JAWA BARAT,32.08,KAB. KUNINGAN,32.08.19,PASAWAHAN,PASAWAHAN,45559
32.08.19.2004,32,JAWA BARAT,32.08,KAB. KUNINGAN,32.08.19,PASAWAHAN,CIWIRU,45559
32.08.19.2005,32,JAWA BARAT,32.08,KAB. KUNINGAN,32.08.19,PASAWAHAN,CIDAHU,45559
32.08.19.2006,32,JAWA BARAT,32.08,KAB. KUNINGAN,32.08.19,PASAWAHAN,CIMARA,45559
32.08.19.2007,32,JAWA BARAT,32.08,KAB. KUNINGAN,32.08.19,PASAWAHAN,PANIIS,45559
32.08.19.2008,32,JAWA BARAT,32.08,KAB. KUNINGAN,32.08.19,PASAWAHAN,CIBUNTU,45559
32.08.19.2009,32,JAWA BARAT,32.08,KAB. KUNINGAN,32.08.19,PASAWAHAN,SINGKUP,45559
32.08.19.2010,32,JAWA BARAT,32.08,KAB. KUNINGAN,32.08.19,PASAWAHAN,PADAMATANG,45559
32.08.20.2001,32,JAWA BARAT,32.08,KAB. KUNINGAN,32.08.20,NUSAHERANG,HAURKUNING,45563
32.08.20.2002,32,JAWA BARAT,32.08,KAB. KUNINGAN,32.08.20,NUSAHERANG,KERTAYUGA,45563
32.08.20.2003,32,JAWA BARAT,32.08,KAB. KUNINGAN,32.08.20,NUSAHERANG,WINDUSARI,45563
32.08.20.2004,32,JAWA BARAT,32.08,KAB. KUNINGAN,32.08.20,NUSAHERANG,NUSAHERANG,45563
32.08.20.2005,32,JAWA BARAT,32.08,KAB. KUNINGAN,32.08.20,NUSAHERANG,JAMBAR,45563
32.08.20.2006,32,JAWA BARAT,32.08,KAB. KUNINGAN,32.08.20,NUSAHERANG,CIKADU,45563
32.08.20.2007,32,JAWA BARAT,32.08,KAB. KUNINGAN,32.08.20,NUSAHERANG,KERTAWIRAMA,45563
32.08.20.2008,32,JAWA BARAT,32.08,KAB. KUNINGAN,32.08.20,NUSAHERANG,CIASIH,45563
32.08.21.2001,32,JAWA BARAT,32.08,KAB. KUNINGAN,32.08.21,CIPICUNG,MUNCANGELA,45592
32.08.21.2002,32,JAWA BARAT,32.08,KAB. KUNINGAN,32.08.21,CIPICUNG,KAROYA,45592
32.08.21.2003,32,JAWA BARAT,32.08,KAB. KUNINGAN,32.08.21,CIPICUNG,SUSUKAN,45592
32.08.21.2004,32,JAWA BARAT,32.08,KAB. KUNINGAN,32.08.21,CIPICUNG,CIMARANTEN,45592
32.08.21.2005,32,JAWA BARAT,32.08,KAB. KUNINGAN,32.08.21,CIPICUNG,CIPICUNG,45592
32.08.21.2006,32,JAWA BARAT,32.08,KAB. KUNINGAN,32.08.21,CIPICUNG,PAMULIHAN,45592
32.08.21.2007,32,JAWA BARAT,32.08,KAB. KUNINGAN,32.08.21,CIPICUNG,SALAREUMA,45592
32.08.21.2008,32,JAWA BARAT,32.08,KAB. KUNINGAN,32.08.21,CIPICUNG,SUGANANGAN,45592
32.08.21.2009,32,JAWA BARAT,32.08,KAB. KUNINGAN,32.08.21,CIPICUNG,SUKAMUKTI,45592
32.08.21.2010,32,JAWA BARAT,32.08,KAB. KUNINGAN,32.08.21,CIPICUNG,MEKARSARI,45592
32.08.22.2001,32,JAWA BARAT,32.08,KAB. KUNINGAN,32.08.22,PANCALANG,SILEBU,45557
32.08.22.2002,32,JAWA BARAT,32.08,KAB. KUNINGAN,32.08.22,PANCALANG,PATALAGAN,45557
32.08.22.2003,32,JAWA BARAT,32.08,KAB. KUNINGAN,32.08.22,PANCALANG,KAHIYANGAN,45557
32.08.22.2004,32,JAWA BARAT,32.08,KAB. KUNINGAN,32.08.22,PANCALANG,TAJURBUNTU,45557
32.08.22.2005,32,JAWA BARAT,32.08,KAB. KUNINGAN,32.08.22,PANCALANG,PANCALANG,45557
32.08.22.2006,32,JAWA BARAT,32.08,KAB. KUNINGAN,32.08.22,PANCALANG,SUMBAKELING,45557
32.08.22.2007,32,JAWA BARAT,32.08,KAB. KUNINGAN,32.08.22,PANCALANG,SAREWU,45557
32.08.22.2008,32,JAWA BARAT,32.08,KAB. KUNINGAN,32.08.22,PANCALANG,SINDANGKEMPENG,45557
32.08.22.2009,32,JAWA BARAT,32.08,KAB. KUNINGAN,32.08.22,PANCALANG,RAJAWETAN,45557
32.08.22.2010,32,JAWA BARAT,32.08,KAB. KUNINGAN,32.08.22,PANCALANG,TENJOLAYAR,45557
32.08.22.2011,32,JAWA BARAT,32.08,KAB. KUNINGAN,32.08.22,PANCALANG,MEKARJAYA,45557
32.08.22.2012,32,JAWA BARAT,32.08,KAB. KUNINGAN,32.08.22,PANCALANG,TARIKOLOT,45557
32.08.22.2013,32,JAWA BARAT,32.08,KAB. KUNINGAN,32.08.22,PANCALANG,DANALAMPAH,45557
32.08.23.2001,32,JAWA BARAT,32.08,KAB. KUNINGAN,32.08.23,JAPARA,GARATENGAH,45555
32.08.23.2002,32,JAWA BARAT,32.08,KAB. KUNINGAN,32.08.23,JAPARA,RAJADANU,45555
32.08.23.2003,32,JAWA BARAT,32.08,KAB. KUNINGAN,32.08.23,JAPARA,SINGKUP,45555
32.08.23.2004,32,JAWA BARAT,32.08,KAB. KUNINGAN,32.08.23,JAPARA,JAPARA,45555
32.08.23.2005,32,JAWA BARAT,32.08,KAB. KUNINGAN,32.08.23,JAPARA,WANO,45555
32.08.23.2006,32,JAWA BARAT,32.08,KAB. KUNINGAN,32.08.23,JAPARA,CITAPEN,45555
32.08.23.2007,32,JAWA BARAT,32.08,KAB. KUNINGAN,32.08.23,JAPARA,CENGAL,45555
32.08.23.2008,32,JAWA BARAT,32.08,KAB. KUNINGAN,32.08.23,JAPARA,CIKELENG,45555
32.08.23.2009,32,JAWA BARAT,32.08,KAB. KUNINGAN,32.08.23,JAPARA,KALIMATI,45555
32.08.23.2010,32,JAWA BARAT,32.08,KAB. KUNINGAN,32.08.23,JAPARA,DUKUHDALEM,45555
32.08.24.2003,32,JAWA BARAT,32.08,KAB. KUNINGAN,32.08.24,CIMAHI,CILEUYA,45582
32.08.24.2004,32,JAWA BARAT,32.08,KAB. KUNINGAN,32.08.24,CIMAHI,MARGAMUKTI,45582
32.08.24.2005,32,JAWA BARAT,32.08,KAB. KUNINGAN,32.08.24,CIMAHI,GUNUNGSARI,45582
32.08.24.2006,32,JAWA BARAT,32.08,KAB. KUNINGAN,32.08.24,CIMAHI,CIMAHI,45582
32.08.24.2007,32,JAWA BARAT,32.08,KAB. KUNINGAN,32.08.24,CIMAHI,KANANGA,45582
32.08.24.2008,32,JAWA BARAT,32.08,KAB. KUNINGAN,32.08.24,CIMAHI,CIKEUSAL,45582
32.08.24.2009,32,JAWA BARAT,32.08,KAB. KUNINGAN,32.08.24,CIMAHI,MEKARJAYA,45582
32.08.24.2010,32,JAWA BARAT,32.08,KAB. KUNINGAN,32.08.24,CIMAHI,SUKAJAYA,45582
32.08.24.2011,32,JAWA BARAT,32.08,KAB. KUNINGAN,32.08.24,CIMAHI,MULYAJAYA,45582
32.08.24.2012,32,JAWA BARAT,32.08,KAB. KUNINGAN,32.08.24,CIMAHI,CIMULYA,45582
32.08.25.2001,32,JAWA BARAT,32.08,KAB. KUNINGAN,32.08.25,CILEBAK,LEGOKHERANG,45585
32.08.25.2002,32,JAWA BARAT,32.08,KAB. KUNINGAN,32.08.25,CILEBAK,BUNGURBERES,45585
32.08.25.2003,32,JAWA BARAT,32.08,KAB. KUNINGAN,32.08.25,CILEBAK,CILEBAK,45585
32.08.25.2004,32,JAWA BARAT,32.08,KAB. KUNINGAN,32.08.25,CILEBAK,JALATRANG,45585
32.08.25.2005,32,JAWA BARAT,32.08,KAB. KUNINGAN,32.08.25,CILEBAK,PATALA,45585
32.08.25.2006,32,JAWA BARAT,32.08,KAB. KUNINGAN,32.08.25,CILEBAK,MADAPAJAYA,45585
32.08.25.2007,32,JAWA BARAT,32.08,KAB. KUNINGAN,32.08.25,CILEBAK,CILIMUSARI,45585
32.08.26.2001,32,JAWA BARAT,32.08,KAB. KUNINGAN,32.08.26,HANTARA,CITAPEN,45564
32.08.26.2002,32,JAWA BARAT,32.08,KAB. KUNINGAN,32.08.26,HANTARA,PASIRAGUNG,45564
32.08.26.2003,32,JAWA BARAT,32.08,KAB. KUNINGAN,32.08.26,HANTARA,TUNDAGAN,45564
32.08.26.2004,32,JAWA BARAT,32.08,KAB. KUNINGAN,32.08.26,HANTARA,BUNIGEULIS,45564
32.08.26.2005,32,JAWA BARAT,32.08,KAB. KUNINGAN,32.08.26,HANTARA,HANTARA,45564
32.08.26.2006,32,JAWA BARAT,32.08,KAB. KUNINGAN,32.08.26,HANTARA,PAKAPASAN GIRANG,45564
32.08.26.2007,32,JAWA BARAT,32.08,KAB. KUNINGAN,32.08.26,HANTARA,CIKONDANG,45564
32.08.26.2008,32,JAWA BARAT,32.08,KAB. KUNINGAN,32.08.26,HANTARA,PAKAPASAN HILIR,45564
32.08.27.2001,32,JAWA BARAT,32.08,KAB. KUNINGAN,32.08.27,KALIMANGGIS,KALIMANGGIS KULON,45594
32.08.27.2002,32,JAWA BARAT,32.08,KAB. KUNINGAN,32.08.27,KALIMANGGIS,KERTAWINANGUN,45594
32.08.27.2003,32,JAWA BARAT,32.08,KAB. KUNINGAN,32.08.27,KALIMANGGIS,CIPANCUR,45594
32.08.27.2004,32,JAWA BARAT,32.08,KAB. KUNINGAN,32.08.27,KALIMANGGIS,KERTAWANA,45594
32.08.27.2005,32,JAWA BARAT,32.08,KAB. KUNINGAN,32.08.27,KALIMANGGIS,WANASARAYA,45594
32.08.27.2006,32,JAWA BARAT,32.08,KAB. KUNINGAN,32.08.27,KALIMANGGIS,KALIMANGGIS WETAN,45594
32.08.28.2001,32,JAWA BARAT,32.08,KAB. KUNINGAN,32.08.28,CIBEUREUM,CIMARA,45588
32.08.28.2002,32,JAWA BARAT,32.08,KAB. KUNINGAN,32.08.28,CIBEUREUM,SUMURWIRU,45588
32.08.28.2003,32,JAWA BARAT,32.08,KAB. KUNINGAN,32.08.28,CIBEUREUM,CIBEUREUM,45588
32.08.28.2004,32,JAWA BARAT,32.08,KAB. KUNINGAN,32.08.28,CIBEUREUM,TARIKOLOT,45588
32.08.28.2005,32,JAWA BARAT,32.08,KAB. KUNINGAN,32.08.28,CIBEUREUM,RANDUSARI,45588
32.08.28.2006,32,JAWA BARAT,32.08,KAB. KUNINGAN,32.08.28,CIBEUREUM,SUKADANA,45588
32.08.28.2007,32,JAWA BARAT,32.08,KAB. KUNINGAN,32.08.28,CIBEUREUM,KAWUNGSARI,45588
32.08.28.2008,32,JAWA BARAT,32.08,KAB. KUNINGAN,32.08.28,CIBEUREUM,SUKARAPIH,45588
32.08.29.2001,32,JAWA BARAT,32.08,KAB. KUNINGAN,32.08.29,KARANG KANCANA,KARANGKANCANA,45584
32.08.29.2002,32,JAWA BARAT,32.08,KAB. KUNINGAN,32.08.29,KARANG KANCANA,KADUAGUNG,45584
32.08.29.2003,32,JAWA BARAT,32.08,KAB. KUNINGAN,32.08.29,KARANG KANCANA,SEGONG,45584
32.08.29.2004,32,JAWA BARAT,32.08,KAB. KUNINGAN,32.08.29,KARANG KANCANA,TANJUNGKERTA,45584
32.08.29.2005,32,JAWA BARAT,32.08,KAB. KUNINGAN,32.08.29,KARANG KANCANA,SUKASARI,45584
32.08.29.2006,32,JAWA BARAT,32.08,KAB. KUNINGAN,32.08.29,KARANG KANCANA,MARGACINA,45584
32.08.29.2007,32,JAWA BARAT,32.08,KAB. KUNINGAN,32.08.29,KARANG KANCANA,JABRANTI,45584
32.08.29.2008,32,JAWA BARAT,32.08,KAB. KUNINGAN,32.08.29,KARANG KANCANA,SIMPAYJAYA,45584
32.08.29.2009,32,JAWA BARAT,32.08,KAB. KUNINGAN,32.08.29,KARANG KANCANA,CIHANJARO,45584
32.08.30.2001,32,JAWA BARAT,32.08,KAB. KUNINGAN,32.08.30,MALEBER,GARAHAJI,45575
32.08.30.2002,32,JAWA BARAT,32.08,KAB. KUNINGAN,32.08.30,MALEBER,GALAHERANG,45575
32.08.30.2003,32,JAWA BARAT,32.08,KAB. KUNINGAN,32.08.30,MALEBER,CIPAKEM,45575
32.08.30.2004,32,JAWA BARAT,32.08,KAB. KUNINGAN,32.08.30,MALEBER,MALEBER,45575
32.08.30.2005,32,JAWA BARAT,32.08,KAB. KUNINGAN,32.08.30,MALEBER,PARAKAN,45575
32.08.30.2006,32,JAWA BARAT,32.08,KAB. KUNINGAN,32.08.30,MALEBER,KUTARAJA,45575
32.08.30.2007,32,JAWA BARAT,32.08,KAB. KUNINGAN,32.08.30,MALEBER,CIPORANG,45575
32.08.30.2008,32,JAWA BARAT,32.08,KAB. KUNINGAN,32.08.30,MALEBER,DUKUHTENGAH,45575
32.08.30.2009,32,JAWA BARAT,32.08,KAB. KUNINGAN,32.08.30,MALEBER,KARANGTENGAH,45575
32.08.30.2010,32,JAWA BARAT,32.08,KAB. KUNINGAN,32.08.30,MALEBER,MEKARSARI,45575
32.08.30.2011,32,JAWA BARAT,32.08,KAB. KUNINGAN,32.08.30,MALEBER,PADAMULYA,45575
32.08.30.2012,32,JAWA BARAT,32.08,KAB. KUNINGAN,32.08.30,MALEBER,CIKAHURIPAN,45575
32.08.30.2013,32,JAWA BARAT,32.08,KAB. KUNINGAN,32.08.30,MALEBER,KUTAMANDARAKAN,45575
32.08.30.2014,32,JAWA BARAT,32.08,KAB. KUNINGAN,32.08.30,MALEBER,MANDALAJAYA,45575
32.08.30.2015,32,JAWA BARAT,32.08,KAB. KUNINGAN,32.08.30,MALEBER,GIRIWARINGIN,45575
32.08.30.2016,32,JAWA BARAT,32.08,KAB. KUNINGAN,32.08.30,MALEBER,BUNIASIH,45575
32.08.31.2001,32,JAWA BARAT,32.08,KAB. KUNINGAN,32.08.31,SINDANG AGUNG,SINDANGSARI,45573
32.08.31.2002,32,JAWA BARAT,32.08,KAB. KUNINGAN,32.08.31,SINDANG AGUNG,KADUAGUNG,45573
32.08.31.2003,32,JAWA BARAT,32.08,KAB. KUNINGAN,32.08.31,SINDANG AGUNG,KERTAUNGARAN,45573
32.08.31.2004,32,JAWA BARAT,32.08,KAB. KUNINGAN,32.08.31,SINDANG AGUNG,SINDANGAGUNG,45573
32.08.31.2005,32,JAWA BARAT,32.08,KAB. KUNINGAN,32.08.31,SINDANG AGUNG,BALONG,45573
32.08.31.2006,32,JAWA BARAT,32.08,KAB. KUNINGAN,32.08.31,SINDANG AGUNG,KERTAYASA,45573
32.08.31.2007,32,JAWA BARAT,32.08,KAB. KUNINGAN,32.08.31,SINDANG AGUNG,KERTAWANGUNAN,45573
32.08.31.2008,32,JAWA BARAT,32.08,KAB. KUNINGAN,32.08.31,SINDANG AGUNG,BABAKANREUMA,45573
32.08.31.2009,32,JAWA BARAT,32.08,KAB. KUNINGAN,32.08.31,SINDANG AGUNG,TIRTAWANGUNAN,45573
32.08.31.2010,32,JAWA BARAT,32.08,KAB. KUNINGAN,32.08.31,SINDANG AGUNG,DUKUH LOR,45573
32.08.31.2011,32,JAWA BARAT,32.08,KAB. KUNINGAN,32.08.31,SINDANG AGUNG,TARAJU,45573
32.08.31.2012,32,JAWA BARAT,32.08,KAB. KUNINGAN,32.08.31,SINDANG AGUNG,MEKARMUKTI,45573
32.08.32.2001,32,JAWA BARAT,32.08,KAB. KUNINGAN,32.08.32,CIGANDAMEKAR,BUNIGEULIS,45556
32.08.32.2002,32,JAWA BARAT,32.08,KAB. KUNINGAN,32.08.32,CIGANDAMEKAR,JAMBUGEULIS,45556
32.08.32.2003,32,JAWA BARAT,32.08,KAB. KUNINGAN,32.08.32,CIGANDAMEKAR,KOREAK,45556
32.08.32.2004,32,JAWA BARAT,32.08,KAB. KUNINGAN,32.08.32,CIGANDAMEKAR,KARANGMUNCANG,45556
32.08.32.2005,32,JAWA BARAT,32.08,KAB. KUNINGAN,32.08.32,CIGANDAMEKAR,SANGKANHURIP,45556
32.08.32.2006,32,JAWA BARAT,32.08,KAB. KUNINGAN,32.08.32,CIGANDAMEKAR,PANAWUAN,45556
32.08.32.2007,32,JAWA BARAT,32.08,KAB. KUNINGAN,32.08.32,CIGANDAMEKAR,TIMBANG,45556
32.08.32.2008,32,JAWA BARAT,32.08,KAB. KUNINGAN,32.08.32,CIGANDAMEKAR,BABAKANJATI,45556
32.08.32.2009,32,JAWA BARAT,32.08,KAB. KUNINGAN,32.08.32,CIGANDAMEKAR,INDAPATRA,45556
32.08.32.2010,32,JAWA BARAT,32.08,KAB. KUNINGAN,32.08.32,CIGANDAMEKAR,CIBUNTU,45556
32.08.32.2011,32,JAWA BARAT,32.08,KAB. KUNINGAN,32.08.32,CIGANDAMEKAR,SANGKANMULYA,45556
32.09.01.2008,32,JAWA BARAT,32.09,KAB. CIREBON,32.09.01,WALED,WALED DESA,45687
32.09.01.2009,32,JAWA BARAT,32.09,KAB. CIREBON,32.09.01,WALED,WALED KOTA,45687
32.09.01.2010,32,JAWA BARAT,32.09,KAB. CIREBON,32.09.01,WALED,MEKARSARI,45687
32.09.01.2011,32,JAWA BARAT,32.09,KAB. CIREBON,32.09.01,WALED,WALED ASEM,45687
32.09.01.2012,32,JAWA BARAT,32.09,KAB. CIREBON,32.09.01,WALED,AMBIT,45687
32.09.01.2013,32,JAWA BARAT,32.09,KAB. CIREBON,32.09.01,WALED,CIUYAH,45687
32.09.01.2014,32,JAWA BARAT,32.09,KAB. CIREBON,32.09.01,WALED,GUNUNGSARI,45687
32.09.01.2015,32,JAWA BARAT,32.09,KAB. CIREBON,32.09.01,WALED,KARANGSARI,45687
32.09.01.2016,32,JAWA BARAT,32.09,KAB. CIREBON,32.09.01,WALED,CIKULAK KIDUL,45687
32.09.01.2017,32,JAWA BARAT,32.09,KAB. CIREBON,32.09.01,WALED,CIKULAK,45687
32.09.01.2018,32,JAWA BARAT,32.09,KAB. CIREBON,32.09.01,WALED,CIBOGO,45687
32.09.01.2019,32,JAWA BARAT,32.09,KAB. CIREBON,32.09.01,WALED,CISAAT,45687
32.09.02.2008,32,JAWA BARAT,32.09,KAB. CIREBON,32.09.02,CILEDUG,LEUWEUNGGAJAH,45688
32.09.02.2009,32,JAWA BARAT,32.09,KAB. CIREBON,32.09.02,CILEDUG,TENJOMAYA,45688
32.09.02.2010,32,JAWA BARAT,32.09,KAB. CIREBON,32.09.02,CILEDUG,DAMARGUNA,45688
32.09.02.2011,32,JAWA BARAT,32.09,KAB. CIREBON,32.09.02,CILEDUG,JATISEENG,45688
32.09.02.2012,32,JAWA BARAT,32.09,KAB. CIREBON,32.09.02,CILEDUG,JATISEENG KIDUL,45688
32.09.02.2013,32,JAWA BARAT,32.09,KAB. CIREBON,32.09.02,CILEDUG,CILEDUG KULON,45688
32.09.02.2014,32,JAWA BARAT,32.09,KAB. CIREBON,32.09.02,CILEDUG,CILEDUG WETAN,45688
32.09.02.2015,32,JAWA BARAT,32.09,KAB. CIREBON,32.09.02,CILEDUG,CILEDUG LOR,45688
32.09.02.2016,32,JAWA BARAT,32.09,KAB. CIREBON,32.09.02,CILEDUG,CILEDUG TENGAH,45688
32.09.02.2017,32,JAWA BARAT,32.09,KAB. CIREBON,32.09.02,CILEDUG,BOJONGNEGARA,45688
32.09.03.2001,32,JAWA BARAT,32.09,KAB. CIREBON,32.09.03,LOSARI,ASTANALANGGAR,45692
32.09.03.2002,32,JAWA BARAT,32.09,KAB. CIREBON,32.09.03,LOSARI,BARISAN,45692
32.09.03.2003,32,JAWA BARAT,32.09,KAB. CIREBON,32.09.03,LOSARI,LOSARI KIDUL,45692
32.09.03.2004,32,JAWA BARAT,32.09,KAB. CIREBON,32.09.03,LOSARI,PANGGANGSARI,45692
32.09.03.2005,32,JAWA BARAT,32.09,KAB. CIREBON,32.09.03,LOSARI,LOSARI LOR,45692
32.09.03.2006,32,JAWA BARAT,32.09,KAB. CIREBON,32.09.03,LOSARI,MULYASARI,45692
32.09.03.2007,32,JAWA BARAT,32.09,KAB. CIREBON,32.09.03,LOSARI,KALIRAHAYU,45692
32.09.03.2008,32,JAWA BARAT,32.09,KAB. CIREBON,32.09.03,LOSARI,KALISARI,45692
32.09.03.2009,32,JAWA BARAT,32.09,KAB. CIREBON,32.09.03,LOSARI,AMBULU,45692
32.09.03.2010,32,JAWA BARAT,32.09,KAB. CIREBON,32.09.03,LOSARI,TAWANGSARI,45692
32.09.04.2001,32,JAWA BARAT,32.09,KAB. CIREBON,32.09.04,PABEDILAN,PABEDILAN KIDUL,45693
32.09.04.2002,32,JAWA BARAT,32.09,KAB. CIREBON,32.09.04,PABEDILAN,PABEDILAN WETAN,45693
32.09.04.2003,32,JAWA BARAT,32.09,KAB. CIREBON,32.09.04,PABEDILAN,PABEDILAN KULON,45693
32.09.04.2004,32,JAWA BARAT,32.09,KAB. CIREBON,32.09.04,PABEDILAN,PABEDILAN KALER,45693
32.09.04.2005,32,JAWA BARAT,32.09,KAB. CIREBON,32.09.04,PABEDILAN,SILIH ASIH,45693
32.09.04.2006,32,JAWA BARAT,32.09,KAB. CIREBON,32.09.04,PABEDILAN,TERSANA,45693
32.09.04.2007,32,JAWA BARAT,32.09,KAB. CIREBON,32.09.04,PABEDILAN,PASURUAN,45693
32.09.04.2008,32,JAWA BARAT,32.09,KAB. CIREBON,32.09.04,PABEDILAN,DUKUHWIDARA,45693
32.09.04.2009,32,JAWA BARAT,32.09,KAB. CIREBON,32.09.04,PABEDILAN,KALIBUNTU,45693
32.09.04.2010,32,JAWA BARAT,32.09,KAB. CIREBON,32.09.04,PABEDILAN,KALIMUKTI,45693
32.09.04.2011,32,JAWA BARAT,32.09,KAB. CIREBON,32.09.04,PABEDILAN,SIDARESMI,45693
32.09.04.2012,32,JAWA BARAT,32.09,KAB. CIREBON,32.09.04,PABEDILAN,BABAKAN LOSARI,45693
32.09.04.2013,32,JAWA BARAT,32.09,KAB. CIREBON,32.09.04,PABEDILAN,BABAKAN LOSARI LOR,45693
32.09.05.2001,32,JAWA BARAT,32.09,KAB. CIREBON,32.09.05,BABAKAN,CANGKUANG,45691
32.09.05.2002,32,JAWA BARAT,32.09,KAB. CIREBON,32.09.05,BABAKAN,SERANG WETAN,45691
32.09.05.2003,32,JAWA BARAT,32.09,KAB. CIREBON,32.09.05,BABAKAN,SERANG KULON,45691
32.09.05.2004,32,JAWA BARAT,32.09,KAB. CIREBON,32.09.05,BABAKAN,GEMBONGAN MEKAR,45691
32.09.05.2005,32,JAWA BARAT,32.09,KAB. CIREBON,32.09.05,BABAKAN,GEMBONGAN,45691
32.09.05.2006,32,JAWA BARAT,32.09,KAB. CIREBON,32.09.05,BABAKAN,BABAKAN GEBANG,45691
32.09.05.2007,32,JAWA BARAT,32.09,KAB. CIREBON,32.09.05,BABAKAN,BABAKAN,45691
32.09.05.2008,32,JAWA BARAT,32.09,KAB. CIREBON,32.09.05,BABAKAN,BOJONGGEBANG,45691
32.09.05.2009,32,JAWA BARAT,32.09,KAB. CIREBON,32.09.05,BABAKAN,SUMBER KIDUL,45691
32.09.05.2010,32,JAWA BARAT,32.09,KAB. CIREBON,32.09.05,BABAKAN,SUMBER LOR,45691
32.09.05.2011,32,JAWA BARAT,32.09,KAB. CIREBON,32.09.05,BABAKAN,KUDUMULYA,45691
32.09.05.2012,32,JAWA BARAT,32.09,KAB. CIREBON,32.09.05,BABAKAN,KUDUKERAS,45691
32.09.05.2013,32,JAWA BARAT,32.09,KAB. CIREBON,32.09.05,BABAKAN,PAKUSAMBEN,45691
32.09.05.2014,32,JAWA BARAT,32.09,KAB. CIREBON,32.09.05,BABAKAN,KARANGWANGUN,45691
32.09.06.2006,32,JAWA BARAT,32.09,KAB. CIREBON,32.09.06,KARANGSEMBUNG,TAMBELANG,45686
32.09.06.2011,32,JAWA BARAT,32.09,KAB. CIREBON,32.09.06,KARANGSEMBUNG,KARANGSUWUNG,45686
32.09.06.2012,32,JAWA BARAT,32.09,KAB. CIREBON,32.09.06,KARANGSEMBUNG,KARANGTENGAH,45686
32.09.06.2013,32,JAWA BARAT,32.09,KAB. CIREBON,32.09.06,KARANGSEMBUNG,KALIMEANG,45686
32.09.06.2014,32,JAWA BARAT,32.09,KAB. CIREBON,32.09.06,KARANGSEMBUNG,KARANGMALANG,45686
32.09.06.2015,32,JAWA BARAT,32.09,KAB. CIREBON,32.09.06,KARANGSEMBUNG,KARANGMEKAR,45686
32.09.06.2016,32,JAWA BARAT,32.09,KAB. CIREBON,32.09.06,KARANGSEMBUNG,KUBANGKARANG,45686
32.09.06.2017,32,JAWA BARAT,32.09,KAB. CIREBON,32.09.06,KARANGSEMBUNG,KARANGSEMBUNG,45686
32.09.07.2001,32,JAWA BARAT,32.09,KAB. CIREBON,32.09.07,LEMAHABANG,LEUWIDINGDING,45683
32.09.07.2002,32,JAWA BARAT,32.09,KAB. CIREBON,32.09.07,LEMAHABANG,ASEM,45683
32.09.07.2003,32,JAWA BARAT,32.09,KAB. CIREBON,32.09.07,LEMAHABANG,CIPEUJEUH KULON,45683
32.09.07.2004,32,JAWA BARAT,32.09,KAB. CIREBON,32.09.07,LEMAHABANG,CIPEUJEUH WETAN,45683
32.09.07.2005,32,JAWA BARAT,32.09,KAB. CIREBON,32.09.07,LEMAHABANG,SINDANGLAUT,45683
32.09.07.2006,32,JAWA BARAT,32.09,KAB. CIREBON,32.09.07,LEMAHABANG,LEMAHABANG KULON,45183
32.09.07.2007,32,JAWA BARAT,32.09,KAB. CIREBON,32.09.07,LEMAHABANG,LEMAHABANG,45683
32.09.07.2008,32,JAWA BARAT,32.09,KAB. CIREBON,32.09.07,LEMAHABANG,SIGONG,45683
32.09.07.2009,32,JAWA BARAT,32.09,KAB. CIREBON,32.09.07,LEMAHABANG,SARAJAYA,45683
32.09.07.2010,32,JAWA BARAT,32.09,KAB. CIREBON,32.09.07,LEMAHABANG,PICUNGPUGUR,45683
32.09.07.2011,32,JAWA BARAT,32.09,KAB. CIREBON,32.09.07,LEMAHABANG,TUK KARANGSUWUNG,45683
32.09.07.2012,32,JAWA BARAT,32.09,KAB. CIREBON,32.09.07,LEMAHABANG,BELAWA,45683
32.09.07.2013,32,JAWA BARAT,32.09,KAB. CIREBON,32.09.07,LEMAHABANG,WANGKELANG,45683
32.09.08.2001,32,JAWA BARAT,32.09,KAB. CIREBON,32.09.08,SUSUKAN LEBAK,KARANGAMANGU,45685
32.09.08.2002,32,JAWA BARAT,32.09,KAB. CIREBON,32.09.08,SUSUKAN LEBAK,SUSUKAN LEBAK,45685
32.09.08.2003,32,JAWA BARAT,32.09,KAB. CIREBON,32.09.08,SUSUKAN LEBAK,SUSUKAN AGUNG,45685
32.09.08.2004,32,JAWA BARAT,32.09,KAB. CIREBON,32.09.08,SUSUKAN LEBAK,SUSUKAN TONGGOH,45685
32.09.08.2005,32,JAWA BARAT,32.09,KAB. CIREBON,32.09.08,SUSUKAN LEBAK,WILULANG,45685
32.09.08.2006,32,JAWA BARAT,32.09,KAB. CIREBON,32.09.08,SUSUKAN LEBAK,SAMPIH,45685
32.09.08.2007,32,JAWA BARAT,32.09,KAB. CIREBON,32.09.08,SUSUKAN LEBAK,PASAWAHAN,45685
32.09.08.2008,32,JAWA BARAT,32.09,KAB. CIREBON,32.09.08,SUSUKAN LEBAK,CIAWIASIH,45685
32.09.08.2009,32,JAWA BARAT,32.09,KAB. CIREBON,32.09.08,SUSUKAN LEBAK,CIAWIJAPURA,45685
32.09.08.2010,32,JAWA BARAT,32.09,KAB. CIREBON,32.09.08,SUSUKAN LEBAK,CURUG,45685
32.09.08.2011,32,JAWA BARAT,32.09,KAB. CIREBON,32.09.08,SUSUKAN LEBAK,CURUG WETAN,45685
32.09.08.2012,32,JAWA BARAT,32.09,KAB. CIREBON,32.09.08,SUSUKAN LEBAK,KALIGAWE WETAN,45685
32.09.08.2013,32,JAWA BARAT,32.09,KAB. CIREBON,32.09.08,SUSUKAN LEBAK,KALIGAWE,45685
32.09.09.2001,32,JAWA BARAT,32.09,KAB. CIREBON,32.09.09,SEDONG,KARANGWUNI,45689
32.09.09.2002,32,JAWA BARAT,32.09,KAB. CIREBON,32.09.09,SEDONG,SEDONG KIDUL,45689
32.09.09.2003,32,JAWA BARAT,32.09,KAB. CIREBON,32.09.09,SEDONG,SEDONG LOR,45689
32.09.09.2004,32,JAWA BARAT,32.09,KAB. CIREBON,32.09.09,SEDONG,WINDUJAYA,45689
32.09.09.2005,32,JAWA BARAT,32.09,KAB. CIREBON,32.09.09,SEDONG,WINDUHAJI,45689
32.09.09.2006,32,JAWA BARAT,32.09,KAB. CIREBON,32.09.09,SEDONG,KERTAWANGUN,45689
32.09.09.2007,32,JAWA BARAT,32.09,KAB. CIREBON,32.09.09,SEDONG,PENAMBANGAN,45689
32.09.09.2008,32,JAWA BARAT,32.09,KAB. CIREBON,32.09.09,SEDONG,PUTAT,45689
32.09.09.2009,32,JAWA BARAT,32.09,KAB. CIREBON,32.09.09,SEDONG,PANONGAN,45689
32.09.09.2010,32,JAWA BARAT,32.09,KAB. CIREBON,32.09.09,SEDONG,PANONGAN LOR,45689
32.09.10.2004,32,JAWA BARAT,32.09,KAB. CIREBON,32.09.10,ASTANAJAPURA,MUNJUL,45681
32.09.10.2005,32,JAWA BARAT,32.09,KAB. CIREBON,32.09.10,ASTANAJAPURA,SIDAMULYA,45681
32.09.10.2006,32,JAWA BARAT,32.09,KAB. CIREBON,32.09.10,ASTANAJAPURA,MERTAPADA KULON,45681
32.09.10.2007,32,JAWA BARAT,32.09,KAB. CIREBON,32.09.10,ASTANAJAPURA,MERTAPADA WETAN,45681
32.09.10.2008,32,JAWA BARAT,32.09,KAB. CIREBON,32.09.10,ASTANAJAPURA,BUNTET,45681
32.09.10.2009,32,JAWA BARAT,32.09,KAB. CIREBON,32.09.10,ASTANAJAPURA,KANCI KULON,45681
32.09.10.2010,32,JAWA BARAT,32.09,KAB. CIREBON,32.09.10,ASTANAJAPURA,KANCI,45681
32.09.10.2011,32,JAWA BARAT,32.09,KAB. CIREBON,32.09.10,ASTANAJAPURA,ASTANAJAPURA,45681
32.09.10.2012,32,JAWA BARAT,32.09,KAB. CIREBON,32.09.10,ASTANAJAPURA,KENDAL,45681
32.09.10.2013,32,JAWA BARAT,32.09,KAB. CIREBON,32.09.10,ASTANAJAPURA,JAPURA KIDUL,45681
32.09.10.2014,32,JAWA BARAT,32.09,KAB. CIREBON,32.09.10,ASTANAJAPURA,JAPURA BAKTI,45681
32.09.11.2001,32,JAWA BARAT,32.09,KAB. CIREBON,32.09.11,PANGENAN,GETRAKMOYAN,45682
32.09.11.2002,32,JAWA BARAT,32.09,KAB. CIREBON,32.09.11,PANGENAN,ENDER,45682
32.09.11.2003,32,JAWA BARAT,32.09,KAB. CIREBON,32.09.11,PANGENAN,PANGENAN,45682
32.09.11.2004,32,JAWA BARAT,32.09,KAB. CIREBON,32.09.11,PANGENAN,BENDUNGAN,45682
32.09.11.2005,32,JAWA BARAT,32.09,KAB. CIREBON,32.09.11,PANGENAN,RAWAURIP,45682
32.09.11.2006,32,JAWA BARAT,32.09,KAB. CIREBON,32.09.11,PANGENAN,BERINGIN,45682
32.09.11.2007,32,JAWA BARAT,32.09,KAB. CIREBON,32.09.11,PANGENAN,JAPURA LOR,45682
32.09.11.2008,32,JAWA BARAT,32.09,KAB. CIREBON,32.09.11,PANGENAN,PENGARENGAN,45682
32.09.11.2009,32,JAWA BARAT,32.09,KAB. CIREBON,32.09.11,PANGENAN,ASTANA MUKTI,45682
32.09.12.2001,32,JAWA BARAT,32.09,KAB. CIREBON,32.09.12,MUNDU,SETUPATOK,45673
32.09.12.2002,32,JAWA BARAT,32.09,KAB. CIREBON,32.09.12,MUNDU,PENPEN,45673
32.09.12.2003,32,JAWA BARAT,32.09,KAB. CIREBON,32.09.12,MUNDU,MUNDUMESIGIT,45673
32.09.12.2004,32,JAWA BARAT,32.09,KAB. CIREBON,32.09.12,MUNDU,LUWUNG,45673
32.09.12.2005,32,JAWA BARAT,32.09,KAB. CIREBON,32.09.12,MUNDU,WARUDUWUR,45673
32.09.12.2006,32,JAWA BARAT,32.09,KAB. CIREBON,32.09.12,MUNDU,CITEMU,45673
32.09.12.2007,32,JAWA BARAT,32.09,KAB. CIREBON,32.09.12,MUNDU,BANDENGAN,45673
32.09.12.2008,32,JAWA BARAT,32.09,KAB. CIREBON,32.09.12,MUNDU,MUNDUPESISIR,45673
32.09.12.2009,32,JAWA BARAT,32.09,KAB. CIREBON,32.09.12,MUNDU,SUCI,45673
32.09.12.2010,32,JAWA BARAT,32.09,KAB. CIREBON,32.09.12,MUNDU,BANJARWANGUNAN,45673
32.09.12.2011,32,JAWA BARAT,32.09,KAB. CIREBON,32.09.12,MUNDU,PAMENGKANG,45673
32.09.12.2012,32,JAWA BARAT,32.09,KAB. CIREBON,32.09.12,MUNDU,SINAR RANCANG,45673
32.09.13.2001,32,JAWA BARAT,32.09,KAB. CIREBON,32.09.13,BEBER,WANAYASA,45672
32.09.13.2002,32,JAWA BARAT,32.09,KAB. CIREBON,32.09.13,BEBER,SINDANGKASIH,45672
32.09.13.2003,32,JAWA BARAT,32.09,KAB. CIREBON,32.09.13,BEBER,SINDANGHAYU,45672
32.09.13.2004,32,JAWA BARAT,32.09,KAB. CIREBON,32.09.13,BEBER,CIAWIGAJAH,45672
32.09.13.2008,32,JAWA BARAT,32.09,KAB. CIREBON,32.09.13,BEBER,CIKANCAS,45672
32.09.13.2009,32,JAWA BARAT,32.09,KAB. CIREBON,32.09.13,BEBER,HALIMPU,45672
32.09.13.2010,32,JAWA BARAT,32.09,KAB. CIREBON,32.09.13,BEBER,CIPINANG,45672
32.09.13.2011,32,JAWA BARAT,32.09,KAB. CIREBON,32.09.13,BEBER,BEBER,45672
32.09.13.2012,32,JAWA BARAT,32.09,KAB. CIREBON,32.09.13,BEBER,PATAPAN,45672
32.09.13.2013,32,JAWA BARAT,32.09,KAB. CIREBON,32.09.13,BEBER,KONDANGSARI,45672
32.09.14.2001,32,JAWA BARAT,32.09,KAB. CIREBON,32.09.14,TALUN,SAMPIRAN,45671
32.09.14.2002,32,JAWA BARAT,32.09,KAB. CIREBON,32.09.14,TALUN,CIPERNA,45671
32.09.14.2003,32,JAWA BARAT,32.09,KAB. CIREBON,32.09.14,TALUN,KECOMBERAN,45671
32.09.14.2004,32,JAWA BARAT,32.09,KAB. CIREBON,32.09.14,TALUN,CIREBON GIRANG,45671
32.09.14.2005,32,JAWA BARAT,32.09,KAB. CIREBON,32.09.14,TALUN,KERANDON,45671
32.09.14.2006,32,JAWA BARAT,32.09,KAB. CIREBON,32.09.14,TALUN,WANASABA KIDUL,45671
32.09.14.2007,32,JAWA BARAT,32.09,KAB. CIREBON,32.09.14,TALUN,WANASABA LOR,45671
32.09.14.2008,32,JAWA BARAT,32.09,KAB. CIREBON,32.09.14,TALUN,CEMPAKA,45671
32.09.14.2009,32,JAWA BARAT,32.09,KAB. CIREBON,32.09.14,TALUN,KEPONGPONGAN,45671
32.09.14.2010,32,JAWA BARAT,32.09,KAB. CIREBON,32.09.14,TALUN,SARWADADI,45671
32.09.14.2011,32,JAWA BARAT,32.09,KAB. CIREBON,32.09.14,TALUN,KUBANG,45671
32.09.15.1003,32,JAWA BARAT,32.09,KAB. CIREBON,32.09.15,SUMBER,BABAKAN,45612
32.09.15.1004,32,JAWA BARAT,32.09,KAB. CIREBON,32.09.15,SUMBER,SUMBER,45611
32.09.15.1005,32,JAWA BARAT,32.09,KAB. CIREBON,32.09.15,SUMBER,PERBUTULAN,45613
32.09.15.1006,32,JAWA BARAT,32.09,KAB. CIREBON,32.09.15,SUMBER,KALIWADAS,45616
32.09.15.1007,32,JAWA BARAT,32.09,KAB. CIREBON,32.09.15,SUMBER,PASALAKAN,45616
32.09.15.1008,32,JAWA BARAT,32.09,KAB. CIREBON,32.09.15,SUMBER,WATUBELAH,45615
32.09.15.1009,32,JAWA BARAT,32.09,KAB. CIREBON,32.09.15,SUMBER,PEJAMBON,45615
32.09.15.1010,32,JAWA BARAT,32.09,KAB. CIREBON,32.09.15,SUMBER,GEGUNUNG,45613
32.09.15.1011,32,JAWA BARAT,32.09,KAB. CIREBON,32.09.15,SUMBER,KEMANTREN,45614
32.09.15.1012,32,JAWA BARAT,32.09,KAB. CIREBON,32.09.15,SUMBER,SENDANG,45614
32.09.15.1013,32,JAWA BARAT,32.09,KAB. CIREBON,32.09.15,SUMBER,TUKMUDAL,45617
32.09.15.1014,32,JAWA BARAT,32.09,KAB. CIREBON,32.09.15,SUMBER,KENANGA,45617
32.09.15.2001,32,JAWA BARAT,32.09,KAB. CIREBON,32.09.15,SUMBER,MATANGAJI,45619
32.09.15.2002,32,JAWA BARAT,32.09,KAB. CIREBON,32.09.15,SUMBER,SIDAWANGI,45618
32.09.16.2001,32,JAWA BARAT,32.09,KAB. CIREBON,32.09.16,DUKUPUNTANG,BOBOS,45652
32.09.16.2002,32,JAWA BARAT,32.09,KAB. CIREBON,32.09.16,DUKUPUNTANG,CIKALAHANG,45652
32.09.16.2003,32,JAWA BARAT,32.09,KAB. CIREBON,32.09.16,DUKUPUNTANG,MANDALA,45652
32.09.16.2004,32,JAWA BARAT,32.09,KAB. CIREBON,32.09.16,DUKUPUNTANG,DUKUPUNTANG,45652
32.09.16.2005,32,JAWA BARAT,32.09,KAB. CIREBON,32.09.16,DUKUPUNTANG,BALAD,45652
32.09.16.2006,32,JAWA BARAT,32.09,KAB. CIREBON,32.09.16,DUKUPUNTANG,CANGKOAK,45652
32.09.16.2007,32,JAWA BARAT,32.09,KAB. CIREBON,32.09.16,DUKUPUNTANG,CISAAT,45652
32.09.16.2008,32,JAWA BARAT,32.09,KAB. CIREBON,32.09.16,DUKUPUNTANG,SINDANGMEKAR,45652
32.09.16.2009,32,JAWA BARAT,32.09,KAB. CIREBON,32.09.16,DUKUPUNTANG,SINDANGJAWA,45652
32.09.16.2010,32,JAWA BARAT,32.09,KAB. CIREBON,32.09.16,DUKUPUNTANG,KEPUNDUAN,45652
32.09.16.2011,32,JAWA BARAT,32.09,KAB. CIREBON,32.09.16,DUKUPUNTANG,GIRINATA,45652
32.09.16.2012,32,JAWA BARAT,32.09,KAB. CIREBON,32.09.16,DUKUPUNTANG,CIPANAS,45652
32.09.16.2013,32,JAWA BARAT,32.09,KAB. CIREBON,32.09.16,DUKUPUNTANG,KEDONGDONG KIDUL,45652
32.09.17.2002,32,JAWA BARAT,32.09,KAB. CIREBON,32.09.17,PALIMANAN,CILUKRAK,45661
32.09.17.2003,32,JAWA BARAT,32.09,KAB. CIREBON,32.09.17,PALIMANAN,KEPUH,45661
32.09.17.2004,32,JAWA BARAT,32.09,KAB. CIREBON,32.09.17,PALIMANAN,BALERANTE,45661
32.09.17.2005,32,JAWA BARAT,32.09,KAB. CIREBON,32.09.17,PALIMANAN,PANONGAN,45661
32.09.17.2006,32,JAWA BARAT,32.09,KAB. CIREBON,32.09.17,PALIMANAN,BEBERAN,45661
32.09.17.2007,32,JAWA BARAT,32.09,KAB. CIREBON,32.09.17,PALIMANAN,SEMPLO,45661
32.09.17.2008,32,JAWA BARAT,32.09,KAB. CIREBON,32.09.17,PALIMANAN,PALIMANAN TIMUR,45661
32.09.17.2011,32,JAWA BARAT,32.09,KAB. CIREBON,32.09.17,PALIMANAN,PEGAGAN,45661
32.09.17.2012,32,JAWA BARAT,32.09,KAB. CIREBON,32.09.17,PALIMANAN,LUNGBENDA,45661
32.09.17.2013,32,JAWA BARAT,32.09,KAB. CIREBON,32.09.17,PALIMANAN,CIAWI,45661
32.09.17.2014,32,JAWA BARAT,32.09,KAB. CIREBON,32.09.17,PALIMANAN,TEGALKARANG,45661
32.09.17.2015,32,JAWA BARAT,32.09,KAB. CIREBON,32.09.17,PALIMANAN,CENGKUANG,45661
32.09.18.2001,32,JAWA BARAT,32.09,KAB. CIREBON,32.09.18,PLUMBON,CEMPAKA,45655
32.09.18.2002,32,JAWA BARAT,32.09,KAB. CIREBON,32.09.18,PLUMBON,PAMIJAHAN,45655
32.09.18.2003,32,JAWA BARAT,32.09,KAB. CIREBON,32.09.18,PLUMBON,LURAH,45655
32.09.18.2004,32,JAWA BARAT,32.09,KAB. CIREBON,32.09.18,PLUMBON,MARIKANGEN,45655
32.09.18.2005,32,JAWA BARAT,32.09,KAB. CIREBON,32.09.18,PLUMBON,BODE LOR,45655
32.09.18.2006,32,JAWA BARAT,32.09,KAB. CIREBON,32.09.18,PLUMBON,BODESARI,45655
32.09.18.2007,32,JAWA BARAT,32.09,KAB. CIREBON,32.09.18,PLUMBON,GOMBANG,45655
32.09.18.2008,32,JAWA BARAT,32.09,KAB. CIREBON,32.09.18,PLUMBON,KARANGMULYA,45655
32.09.18.2009,32,JAWA BARAT,32.09,KAB. CIREBON,32.09.18,PLUMBON,KARANGASEM,45655
32.09.18.2010,32,JAWA BARAT,32.09,KAB. CIREBON,32.09.18,PLUMBON,PLUMBON,45655
32.09.18.2011,32,JAWA BARAT,32.09,KAB. CIREBON,32.09.18,PLUMBON,PURBAWINANGUN,45655
32.09.18.2012,32,JAWA BARAT,32.09,KAB. CIREBON,32.09.18,PLUMBON,KEBAREPAN,45655
32.09.18.2013,32,JAWA BARAT,32.09,KAB. CIREBON,32.09.18,PLUMBON,PASANGGRAHAN,45655
32.09.18.2014,32,JAWA BARAT,32.09,KAB. CIREBON,32.09.18,PLUMBON,KEDUNGSANA,45655
32.09.18.2015,32,JAWA BARAT,32.09,KAB. CIREBON,32.09.18,PLUMBON,DANAMULYA,45655
32.09.19.2001,32,JAWA BARAT,32.09,KAB. CIREBON,32.09.19,WERU,KARANGSARI,45644
32.09.19.2002,32,JAWA BARAT,32.09,KAB. CIREBON,32.09.19,WERU,KERTASARI,45644
32.09.19.2003,32,JAWA BARAT,32.09,KAB. CIREBON,32.09.19,WERU,MEGUGEDE,45644
32.09.19.2004,32,JAWA BARAT,32.09,KAB. CIREBON,32.09.19,WERU,MEGUCILIK,45644
32.09.19.2005,32,JAWA BARAT,32.09,KAB. CIREBON,32.09.19,WERU,SETU WETAN,45644
32.09.19.2006,32,JAWA BARAT,32.09,KAB. CIREBON,32.09.19,WERU,SETU KULON,45644
32.09.19.2007,32,JAWA BARAT,32.09,KAB. CIREBON,32.09.19,WERU,WERU KIDUL,45644
32.09.19.2008,32,JAWA BARAT,32.09,KAB. CIREBON,32.09.19,WERU,WERU LOR,45644
32.09.19.2009,32,JAWA BARAT,32.09,KAB. CIREBON,32.09.19,WERU,TEGALWANGI,45644
32.09.20.2004,32,JAWA BARAT,32.09,KAB. CIREBON,32.09.20,KEDAWUNG,KEDUNGDAWA,45653
32.09.20.2005,32,JAWA BARAT,32.09,KAB. CIREBON,32.09.20,KEDAWUNG,KALIKOA,45653
32.09.20.2006,32,JAWA BARAT,32.09,KAB. CIREBON,32.09.20,KEDAWUNG,TUK,45653
32.09.20.2007,32,JAWA BARAT,32.09,KAB. CIREBON,32.09.20,KEDAWUNG,KEDUNGJAYA,45653
32.09.20.2008,32,JAWA BARAT,32.09,KAB. CIREBON,32.09.20,KEDAWUNG,KEDAWUNG,45653
32.09.20.2009,32,JAWA BARAT,32.09,KAB. CIREBON,32.09.20,KEDAWUNG,KERTAWINANGUN,45653
32.09.20.2010,32,JAWA BARAT,32.09,KAB. CIREBON,32.09.20,KEDAWUNG,SUTAWINANGUN,45653
32.09.20.2011,32,JAWA BARAT,32.09,KAB. CIREBON,32.09.20,KEDAWUNG,PILANGSARI,45653
32.09.21.2001,32,JAWA BARAT,32.09,KAB. CIREBON,32.09.21,GUNUNG JATI,ADIDHARMA,45643
32.09.21.2002,32,JAWA BARAT,32.09,KAB. CIREBON,32.09.21,GUNUNG JATI,PASINDANGAN,45643
32.09.21.2003,32,JAWA BARAT,32.09,KAB. CIREBON,32.09.21,GUNUNG JATI,JADIMULYA,45643
32.09.21.2004,32,JAWA BARAT,32.09,KAB. CIREBON,32.09.21,GUNUNG JATI,KLAYAN,45643
32.09.21.2005,32,JAWA BARAT,32.09,KAB. CIREBON,32.09.21,GUNUNG JATI,JATIMERTA,45643
32.09.21.2006,32,JAWA BARAT,32.09,KAB. CIREBON,32.09.21,GUNUNG JATI,ASTANA,45643
32.09.21.2007,32,JAWA BARAT,32.09,KAB. CIREBON,32.09.21,GUNUNG JATI,KALISAPU,45643
32.09.21.2008,32,JAWA BARAT,32.09,KAB. CIREBON,32.09.21,GUNUNG JATI,WANAKAYA,45643
32.09.21.2009,32,JAWA BARAT,32.09,KAB. CIREBON,32.09.21,GUNUNG JATI,GROGOL,45643
32.09.21.2010,32,JAWA BARAT,32.09,KAB. CIREBON,32.09.21,GUNUNG JATI,BABADAN,45643
32.09.21.2011,32,JAWA BARAT,32.09,KAB. CIREBON,32.09.21,GUNUNG JATI,BUYUT,45643
32.09.21.2012,32,JAWA BARAT,32.09,KAB. CIREBON,32.09.21,GUNUNG JATI,MAYUNG,45643
32.09.21.2015,32,JAWA BARAT,32.09,KAB. CIREBON,32.09.21,GUNUNG JATI,MERTASINGA,45643
32.09.21.2016,32,JAWA BARAT,32.09,KABUPATEN CIREBON,32.09.21,GUNUNG JATI,SAMBENG,45659
32.09.21.2017,32,JAWA BARAT,32.09,KABUPATEN CIREBON,32.09.21,GUNUNG JATI,SIRNABAYA,45659
32.09.22.2010,32,JAWA BARAT,32.09,KAB. CIREBON,32.09.22,KAPETAKAN,KERTASURA,45658
32.09.22.2011,32,JAWA BARAT,32.09,KAB. CIREBON,32.09.22,KAPETAKAN,PEGAGAN KIDUL,45658
32.09.22.2012,32,JAWA BARAT,32.09,KAB. CIREBON,32.09.22,KAPETAKAN,PEGAAN LOR,45658
32.09.22.2013,32,JAWA BARAT,32.09,KAB. CIREBON,32.09.22,KAPETAKAN,DUKUH,45658
32.09.22.2014,32,JAWA BARAT,32.09,KAB. CIREBON,32.09.22,KAPETAKAN,KARANGKENDAL,45658
32.09.22.2015,32,JAWA BARAT,32.09,KAB. CIREBON,32.09.22,KAPETAKAN,GROGOL,45658
32.09.22.2016,32,JAWA BARAT,32.09,KAB. CIREBON,32.09.22,KAPETAKAN,KAPETAKAN,45658
32.09.22.2017,32,JAWA BARAT,32.09,KAB. CIREBON,32.09.22,KAPETAKAN,BUNGKO,45658
32.09.22.2018,32,JAWA BARAT,32.09,KAB. CIREBON,32.09.22,KAPETAKAN,BUNGKO LOR,45658
32.09.23.2001,32,JAWA BARAT,32.09,KAB. CIREBON,32.09.23,KLANGENAN,SERANG,45656
32.09.23.2002,32,JAWA BARAT,32.09,KAB. CIREBON,32.09.23,KLANGENAN,KLANGENAN,45656
32.09.23.2003,32,JAWA BARAT,32.09,KAB. CIREBON,32.09.23,KLANGENAN,DANAWINANGUN,45656
32.09.23.2007,32,JAWA BARAT,32.09,KAB. CIREBON,32.09.23,KLANGENAN,PAKANTINGAN,45656
32.09.23.2008,32,JAWA BARAT,32.09,KAB. CIREBON,32.09.23,KLANGENAN,JEMARAS KIDUL,45656
32.09.23.2009,32,JAWA BARAT,32.09,KAB. CIREBON,32.09.23,KLANGENAN,JEMARAS LOR,45656
32.09.23.2010,32,JAWA BARAT,32.09,KAB. CIREBON,32.09.23,KLANGENAN,SLANGIT,45656
32.09.23.2011,32,JAWA BARAT,32.09,KAB. CIREBON,32.09.23,KLANGENAN,KREYO,45656
32.09.23.2012,32,JAWA BARAT,32.09,KAB. CIREBON,32.09.23,KLANGENAN,BANGODUA,45656
32.09.24.2001,32,JAWA BARAT,32.09,KAB. CIREBON,32.09.24,ARJAWINANGUN,SENDE,45662
32.09.24.2002,32,JAWA BARAT,32.09,KAB. CIREBON,32.09.24,ARJAWINANGUN,JUNGJANG WETAN,45662
32.09.24.2003,32,JAWA BARAT,32.09,KAB. CIREBON,32.09.24,ARJAWINANGUN,JUNGJANG,45662
32.09.24.2004,32,JAWA BARAT,32.09,KAB. CIREBON,32.09.24,ARJAWINANGUN,ARJAWINANGUN,45662
32.09.24.2005,32,JAWA BARAT,32.09,KAB. CIREBON,32.09.24,ARJAWINANGUN,TEGALGUBUG,45662
32.09.24.2006,32,JAWA BARAT,32.09,KAB. CIREBON,32.09.24,ARJAWINANGUN,TEGAL GUBUG LOR,45662
32.09.24.2007,32,JAWA BARAT,32.09,KAB. CIREBON,32.09.24,ARJAWINANGUN,RAWAGATEL,45662
32.09.24.2008,32,JAWA BARAT,32.09,KAB. CIREBON,32.09.24,ARJAWINANGUN,KARANGSAMBUNG,45662
32.09.24.2009,32,JAWA BARAT,32.09,KAB. CIREBON,32.09.24,ARJAWINANGUN,BULAK,45662
32.09.24.2010,32,JAWA BARAT,32.09,KAB. CIREBON,32.09.24,ARJAWINANGUN,GEYONGAN,45662
32.09.24.2011,32,JAWA BARAT,32.09,KAB. CIREBON,32.09.24,ARJAWINANGUN,KEBONTURI,45662
32.09.25.2001,32,JAWA BARAT,32.09,KAB. CIREBON,32.09.25,PANGURAGAN,KALIANYAR,45663
32.09.25.2002,32,JAWA BARAT,32.09,KAB. CIREBON,32.09.25,PANGURAGAN,PANGURANGAN KULON,45663
32.09.25.2003,32,JAWA BARAT,32.09,KAB. CIREBON,32.09.25,PANGURAGAN,PANGURANGAN WETAN,45663
32.09.25.2004,32,JAWA BARAT,32.09,KAB. CIREBON,32.09.25,PANGURAGAN,PANGURANGAN LOR,45663
32.09.25.2005,32,JAWA BARAT,32.09,KAB. CIREBON,32.09.25,PANGURAGAN,PANGURANGAN,45663
32.09.25.2006,32,JAWA BARAT,32.09,KAB. CIREBON,32.09.25,PANGURAGAN,GUJEG,45663
32.09.25.2007,32,JAWA BARAT,32.09,KAB. CIREBON,32.09.25,PANGURAGAN,LEMAHTAMBA,45663
32.09.25.2008,32,JAWA BARAT,32.09,KAB. CIREBON,32.09.25,PANGURAGAN,KARANGANYAR,45663
32.09.25.2009,32,JAWA BARAT,32.09,KAB. CIREBON,32.09.25,PANGURAGAN,KROYA,45663
32.09.26.2004,32,JAWA BARAT,32.09,KAB. CIREBON,32.09.26,CIWARINGIN,BUDUR,45667
32.09.26.2005,32,JAWA BARAT,32.09,KAB. CIREBON,32.09.26,CIWARINGIN,BABAKAN,45667
32.09.26.2006,32,JAWA BARAT,32.09,KAB. CIREBON,32.09.26,CIWARINGIN,CIWARINGIN,45667
32.09.26.2007,32,JAWA BARAT,32.09,KAB. CIREBON,32.09.26,CIWARINGIN,GINTUNGRANJENG,45667
32.09.26.2008,32,JAWA BARAT,32.09,KAB. CIREBON,32.09.26,CIWARINGIN,GINTUNG KIDUL,45667
32.09.26.2009,32,JAWA BARAT,32.09,KAB. CIREBON,32.09.26,CIWARINGIN,GINTUNG TENGAH,45667
32.09.26.2010,32,JAWA BARAT,32.09,KAB. CIREBON,32.09.26,CIWARINGIN,BRINGIN,45667
32.09.26.2011,32,JAWA BARAT,32.09,KAB. CIREBON,32.09.26,CIWARINGIN,GALAGAMBA,45667
32.09.27.2001,32,JAWA BARAT,32.09,KAB. CIREBON,32.09.27,SUSUKAN,TANGKIL,45666
32.09.27.2002,32,JAWA BARAT,32.09,KAB. CIREBON,32.09.27,SUSUKAN,WIYONG,45666
32.09.27.2003,32,JAWA BARAT,32.09,KAB. CIREBON,32.09.27,SUSUKAN,KEDONGDONG,45666
32.09.27.2004,32,JAWA BARAT,32.09,KAB. CIREBON,32.09.27,SUSUKAN,GINTUNG LOR,45666
32.09.27.2005,32,JAWA BARAT,32.09,KAB. CIREBON,32.09.27,SUSUKAN,BOJONG KULON,45666
32.09.27.2006,32,JAWA BARAT,32.09,KAB. CIREBON,32.09.27,SUSUKAN,KEJIWAN,45666
32.09.27.2007,32,JAWA BARAT,32.09,KAB. CIREBON,32.09.27,SUSUKAN,SUSUKAN,45666
32.09.27.2008,32,JAWA BARAT,32.09,KAB. CIREBON,32.09.27,SUSUKAN,LUWUNG KENCANA,45666
32.09.27.2009,32,JAWA BARAT,32.09,KAB. CIREBON,32.09.27,SUSUKAN,BUNDER,45666
32.09.27.2010,32,JAWA BARAT,32.09,KAB. CIREBON,32.09.27,SUSUKAN,JATIPURA,45666
32.09.27.2011,32,JAWA BARAT,32.09,KAB. CIREBON,32.09.27,SUSUKAN,UJUNGGEBANG,45666
32.09.27.2012,32,JAWA BARAT,32.09,KAB. CIREBON,32.09.27,SUSUKAN,JATIANOM,45666
32.09.28.2001,32,JAWA BARAT,32.09,KAB. CIREBON,32.09.28,GEGESIK,KEDUNGDALEM,45664
32.09.28.2002,32,JAWA BARAT,32.09,KAB. CIREBON,32.09.28,GEGESIK,PANUNGGUL,45664
32.09.28.2003,32,JAWA BARAT,32.09,KAB. CIREBON,32.09.28,GEGESIK,GEGESIK WETAN,45664
32.09.28.2004,32,JAWA BARAT,32.09,KAB. CIREBON,32.09.28,GEGESIK,GEGESIK KIDUL,45664
32.09.28.2005,32,JAWA BARAT,32.09,KAB. CIREBON,32.09.28,GEGESIK,GEGESIK LOR,45664
32.09.28.2006,32,JAWA BARAT,32.09,KAB. CIREBON,32.09.28,GEGESIK,GEGESIK KULON,45664
32.09.28.2007,32,JAWA BARAT,32.09,KAB. CIREBON,32.09.28,GEGESIK,SLENDRA,45664
32.09.28.2008,32,JAWA BARAT,32.09,KAB. CIREBON,32.09.28,GEGESIK,JAGAPURA KIDUL,45664
32.09.28.2009,32,JAWA BARAT,32.09,KAB. CIREBON,32.09.28,GEGESIK,JAGAPURA WETAN,45664
32.09.28.2010,32,JAWA BARAT,32.09,KAB. CIREBON,32.09.28,GEGESIK,JAGAPURA KULON,45664
32.09.28.2011,32,JAWA BARAT,32.09,KAB. CIREBON,32.09.28,GEGESIK,JAGAPURA LOR,45664
32.09.28.2012,32,JAWA BARAT,32.09,KAB. CIREBON,32.09.28,GEGESIK,SIBUBUT,45664
32.09.28.2013,32,JAWA BARAT,32.09,KAB. CIREBON,32.09.28,GEGESIK,BAYALANGU LOR,45664
32.09.28.2014,32,JAWA BARAT,32.09,KAB. CIREBON,32.09.28,GEGESIK,BAYALANGU KIDUL,45664
32.09.29.2001,32,JAWA BARAT,32.09,KAB. CIREBON,32.09.29,KALIWEDI,KALIDERES,45665
32.09.29.2002,32,JAWA BARAT,32.09,KAB. CIREBON,32.09.29,KALIWEDI,PRAJAWINANGUN KULON,45665
32.09.29.2003,32,JAWA BARAT,32.09,KAB. CIREBON,32.09.29,KALIWEDI,PRAJAWINANGUN WETAN,45665
32.09.29.2004,32,JAWA BARAT,32.09,KAB. CIREBON,32.09.29,KALIWEDI,UJUNGSEMI,45665
32.09.29.2005,32,JAWA BARAT,32.09,KAB. CIREBON,32.09.29,KALIWEDI,WARGABINANGUN,45665
32.09.29.2006,32,JAWA BARAT,32.09,KAB. CIREBON,32.09.29,KALIWEDI,KALIWEDI LOR,45665
32.09.29.2007,32,JAWA BARAT,32.09,KAB. CIREBON,32.09.29,KALIWEDI,KALIWEDI KIDUL,45665
32.09.29.2008,32,JAWA BARAT,32.09,KAB. CIREBON,32.09.29,KALIWEDI,GUWA KIDUL,45665
32.09.29.2009,32,JAWA BARAT,32.09,KAB. CIREBON,32.09.29,KALIWEDI,GUWA LOR,45665
32.09.30.2001,32,JAWA BARAT,32.09,KAB. CIREBON,32.09.30,GEBANG,DOMPYONG KULON,45694
32.09.30.2002,32,JAWA BARAT,32.09,KAB. CIREBON,32.09.30,GEBANG,DOMPYONG WETAN,45694
32.09.30.2003,32,JAWA BARAT,32.09,KAB. CIREBON,32.09.30,GEBANG,KALIMEKAR,45694
32.09.30.2004,32,JAWA BARAT,32.09,KAB. CIREBON,32.09.30,GEBANG,KALIMORO,45694
32.09.30.2005,32,JAWA BARAT,32.09,KAB. CIREBON,32.09.30,GEBANG,GAGASARI,45694
32.09.30.2006,32,JAWA BARAT,32.09,KAB. CIREBON,32.09.30,GEBANG,KALIPASUNG,45694
32.09.30.2007,32,JAWA BARAT,32.09,KAB. CIREBON,32.09.30,GEBANG,GEBANG KULON,45694
32.09.30.2008,32,JAWA BARAT,32.09,KAB. CIREBON,32.09.30,GEBANG,GEBANG,45694
32.09.30.2009,32,JAWA BARAT,32.09,KAB. CIREBON,32.09.30,GEBANG,GEBANG ILIR,45694
32.09.30.2010,32,JAWA BARAT,32.09,KAB. CIREBON,32.09.30,GEBANG,GEBANG UDIK,45694
32.09.30.2011,32,JAWA BARAT,32.09,KAB. CIREBON,32.09.30,GEBANG,GEBANG MEKAR,45694
32.09.30.2012,32,JAWA BARAT,32.09,KAB. CIREBON,32.09.30,GEBANG,PELAYANGAN,45694
32.09.30.2013,32,JAWA BARAT,32.09,KAB. CIREBON,32.09.30,GEBANG,MELAKASARI,45694
32.09.31.2001,32,JAWA BARAT,32.09,KAB. CIREBON,32.09.31,DEPOK,CIKEDUK,45641
32.09.31.2002,32,JAWA BARAT,32.09,KAB. CIREBON,32.09.31,DEPOK,WARUJAYA,45641
32.09.31.2003,32,JAWA BARAT,32.09,KAB. CIREBON,32.09.31,DEPOK,WARUKAWUNG,45641
32.09.31.2004,32,JAWA BARAT,32.09,KAB. CIREBON,32.09.31,DEPOK,WARUGEDE,45641
32.09.31.2005,32,JAWA BARAT,32.09,KAB. CIREBON,32.09.31,DEPOK,WARUROYOM,45641
32.09.31.2006,32,JAWA BARAT,32.09,KAB. CIREBON,32.09.31,DEPOK,DEPOK,45641
32.09.31.2007,32,JAWA BARAT,32.09,KAB. CIREBON,32.09.31,DEPOK,KASUGENGAN KIDUL,45641
32.09.31.2008,32,JAWA BARAT,32.09,KAB. CIREBON,32.09.31,DEPOK,KASUGENGAN LOR,45641
32.09.31.2009,32,JAWA BARAT,32.09,KAB. CIREBON,32.09.31,DEPOK,KEDUANAN,45641
32.09.31.2010,32,JAWA BARAT,32.09,KAB. CIREBON,32.09.31,DEPOK,KEJUDEN,45641
32.09.31.2011,32,JAWA BARAT,32.09,KAB. CIREBON,32.09.31,DEPOK,GETASAN,45641
32.09.31.2012,32,JAWA BARAT,32.09,KAB. CIREBON,32.09.31,DEPOK,KARANGWANGI,45641
32.09.32.2001,32,JAWA BARAT,32.09,KAB. CIREBON,32.09.32,PASALEMAN,TONJONG,45697
32.09.32.2002,32,JAWA BARAT,32.09,KAB. CIREBON,32.09.32,PASALEMAN,TANJUNGANOM,45697
32.09.32.2003,32,JAWA BARAT,32.09,KAB. CIREBON,32.09.32,PASALEMAN,CILENGKRANG GIRANG,45697
32.09.32.2004,32,JAWA BARAT,32.09,KAB. CIREBON,32.09.32,PASALEMAN,CILENGKRANG,45697
32.09.32.2005,32,JAWA BARAT,32.09,KAB. CIREBON,32.09.32,PASALEMAN,PASALEMAN,45697
32.09.32.2006,32,JAWA BARAT,32.09,KAB. CIREBON,32.09.32,PASALEMAN,CIGOBANG WANGI,45697
32.09.32.2007,32,JAWA BARAT,32.09,KAB. CIREBON,32.09.32,PASALEMAN,CIGOBANG,45697
32.09.33.2001,32,JAWA BARAT,32.09,KAB. CIREBON,32.09.33,PABUARAN,SUKADANA,45696
32.09.33.2002,32,JAWA BARAT,32.09,KAB. CIREBON,32.09.33,PABUARAN,PABUARAN KIDUL,45696
32.09.33.2003,32,JAWA BARAT,32.09,KAB. CIREBON,32.09.33,PABUARAN,PABUARAN WETAN,45696
32.09.33.2004,32,JAWA BARAT,32.09,KAB. CIREBON,32.09.33,PABUARAN,PABUARAN LOR,45696
32.09.33.2005,32,JAWA BARAT,32.09,KAB. CIREBON,32.09.33,PABUARAN,JATIRENGGANG,45696
32.09.33.2006,32,JAWA BARAT,32.09,KAB. CIREBON,32.09.33,PABUARAN,HULUBANTENG,45696
32.09.33.2007,32,JAWA BARAT,32.09,KAB. CIREBON,32.09.33,PABUARAN,HULUBANTENG LOR,45696
32.09.34.2001,32,JAWA BARAT,32.09,KAB. CIREBON,32.09.34,KARANGWARENG,SEUSEUPAN,45695
32.09.34.2002,32,JAWA BARAT,32.09,KAB. CIREBON,32.09.34,KARANGWARENG,BLENDER,45695
32.09.34.2003,32,JAWA BARAT,32.09,KAB. CIREBON,32.09.34,KARANGWARENG,SUMURKONDANG,45695
32.09.34.2004,32,JAWA BARAT,32.09,KAB. CIREBON,32.09.34,KARANGWARENG,KUBANGDELEG,45695
32.09.34.2005,32,JAWA BARAT,32.09,KAB. CIREBON,32.09.34,KARANGWARENG,JATIPIRING,45695
32.09.34.2006,32,JAWA BARAT,32.09,KAB. CIREBON,32.09.34,KARANGWARENG,KARANGANYAR,45695
32.09.34.2007,32,JAWA BARAT,32.09,KAB. CIREBON,32.09.34,KARANGWARENG,KARANGWANGI,45695
32.09.34.2008,32,JAWA BARAT,32.09,KAB. CIREBON,32.09.34,KARANGWARENG,KARANGWARENG,45695
32.09.34.2009,32,JAWA BARAT,32.09,KAB. CIREBON,32.09.34,KARANGWARENG,KARANGASEM,45695
32.09.35.2001,32,JAWA BARAT,32.09,KAB. CIREBON,32.09.35,TENGAH TANI,PALIR,45642
32.09.35.2002,32,JAWA BARAT,32.09,KAB. CIREBON,32.09.35,TENGAH TANI,ASTAPADA,45642
32.09.35.2003,32,JAWA BARAT,32.09,KAB. CIREBON,32.09.35,TENGAH TANI,GESIK,45642
32.09.35.2004,32,JAWA BARAT,32.09,KAB. CIREBON,32.09.35,TENGAH TANI,KEMLAKAGEDE,45642
32.09.35.2005,32,JAWA BARAT,32.09,KAB. CIREBON,32.09.35,TENGAH TANI,DAWUAN,45642
32.09.35.2006,32,JAWA BARAT,32.09,KAB. CIREBON,32.09.35,TENGAH TANI,BATTEMBAT,45642
32.09.35.2007,32,JAWA BARAT,32.09,KAB. CIREBON,32.09.35,TENGAH TANI,KALIBARU,45642
32.09.35.2008,32,JAWA BARAT,32.09,KAB. CIREBON,32.09.35,TENGAH TANI,KALITENGAH,45642
32.09.36.2001,32,JAWA BARAT,32.09,KAB. CIREBON,32.09.36,PLERED,TEGALSARI,45654
32.09.36.2002,32,JAWA BARAT,32.09,KAB. CIREBON,32.09.36,PLERED,KALIWULU,45654
32.09.36.2003,32,JAWA BARAT,32.09,KAB. CIREBON,32.09.36,PLERED,PANEMBAHAN,45654
32.09.36.2004,32,JAWA BARAT,32.09,KAB. CIREBON,32.09.36,PLERED,TRUSMI WETAN,45654
32.09.36.2005,32,JAWA BARAT,32.09,KAB. CIREBON,32.09.36,PLERED,TRUSMI KULON,45654
32.09.36.2006,32,JAWA BARAT,32.09,KAB. CIREBON,32.09.36,PLERED,WOTGALI,45654
32.09.36.2007,32,JAWA BARAT,32.09,KAB. CIREBON,32.09.36,PLERED,GAMEL,45154
32.09.36.2008,32,JAWA BARAT,32.09,KAB. CIREBON,32.09.36,PLERED,SARABAU,45154
32.09.36.2009,32,JAWA BARAT,32.09,KAB. CIREBON,32.09.36,PLERED,CANKRING,45154
32.09.36.2010,32,JAWA BARAT,32.09,KAB. CIREBON,32.09.36,PLERED,PANGKALAN,45654
32.09.37.2001,32,JAWA BARAT,32.09,KAB. CIREBON,32.09.37,GEMPOL,CIKEUSAL,45668
32.09.37.2002,32,JAWA BARAT,32.09,KAB. CIREBON,32.09.37,GEMPOL,PALIMANAN BARAT,45668
32.09.37.2003,32,JAWA BARAT,32.09,KAB. CIREBON,32.09.37,GEMPOL,KEDUNGBUNDER,45668
32.09.37.2004,32,JAWA BARAT,32.09,KAB. CIREBON,32.09.37,GEMPOL,CUPANG,45668
32.09.37.2005,32,JAWA BARAT,32.09,KAB. CIREBON,32.09.37,GEMPOL,GEMPOL,45668
32.09.37.2006,32,JAWA BARAT,32.09,KAB. CIREBON,32.09.37,GEMPOL,WALAHAR,45668
32.09.37.2007,32,JAWA BARAT,32.09,KAB. CIREBON,32.09.37,GEMPOL,KEMPEK,45668
32.09.37.2008,32,JAWA BARAT,32.09,KAB. CIREBON,32.09.37,GEMPOL,WINONG,45668
32.09.38.2001,32,JAWA BARAT,32.09,KAB. CIREBON,32.09.38,GREGED,GUMULUNG LEBAK,45674
32.09.38.2002,32,JAWA BARAT,32.09,KAB. CIREBON,32.09.38,GREGED,LEBAKMEKAR,45674
32.09.38.2003,32,JAWA BARAT,32.09,KAB. CIREBON,32.09.38,GREGED,GUMULUNG TONGGOH,45674
32.09.38.2004,32,JAWA BARAT,32.09,KAB. CIREBON,32.09.38,GREGED,KAMARANG,45674
32.09.38.2005,32,JAWA BARAT,32.09,KAB. CIREBON,32.09.38,GREGED,GREGED,45674
32.09.38.2006,32,JAWA BARAT,32.09,KAB. CIREBON,32.09.38,GREGED,KAMARANG LEBAK,45674
32.09.38.2007,32,JAWA BARAT,32.09,KAB. CIREBON,32.09.38,GREGED,DURAJAYA,45674
32.09.38.2008,32,JAWA BARAT,32.09,KAB. CIREBON,32.09.38,GREGED,JATIPANCUR,45674
32.09.38.2009,32,JAWA BARAT,32.09,KAB. CIREBON,32.09.38,GREGED,SINDANG KEMPENG,45674
32.09.38.2010,32,JAWA BARAT,32.09,KAB. CIREBON,32.09.38,GREGED,NANGGELA,45674
32.09.39.2003,32,JAWA BARAT,32.09,KAB. CIREBON,32.09.39,SURANENGGALA,MUARA,45659
32.09.39.2004,32,JAWA BARAT,32.09,KAB. CIREBON,32.09.39,SURANENGGALA,PURWAWINANGUN,45659
32.09.39.2005,32,JAWA BARAT,32.09,KAB. CIREBON,32.09.39,SURANENGGALA,KERATON,45659
32.09.39.2006,32,JAWA BARAT,32.09,KAB. CIREBON,32.09.39,SURANENGGALA,SURAKARTA,45659
32.09.39.2007,32,JAWA BARAT,32.09,KAB. CIREBON,32.09.39,SURANENGGALA,KARANGREJA,45659
32.09.39.2008,32,JAWA BARAT,32.09,KAB. CIREBON,32.09.39,SURANENGGALA,SURANENGGALA KIDUL,45659
32.09.39.2009,32,JAWA BARAT,32.09,KAB. CIREBON,32.09.39,SURANENGGALA,SURANENGGALA KULON,45659
32.09.39.2010,32,JAWA BARAT,32.09,KAB. CIREBON,32.09.39,SURANENGGALA,SURANENGGALA LOR,45659
32.09.39.2011,32,JAWA BARAT,32.09,KAB. CIREBON,32.09.39,SURANENGGALA,SURANENGGALA,45659
32.09.40.2001,32,JAWA BARAT,32.09,KAB. CIREBON,32.09.40,JAMBLANG,JAMBLANG,45657
32.09.40.2002,32,JAWA BARAT,32.09,KAB. CIREBON,32.09.40,JAMBLANG,SITIWINANGUN,45657
32.09.40.2003,32,JAWA BARAT,32.09,KAB. CIREBON,32.09.40,JAMBLANG,WANGUNHARJA,45657
32.09.40.2004,32,JAWA BARAT,32.09,KAB. CIREBON,32.09.40,JAMBLANG,BOJONG WETAN,45657
32.09.40.2005,32,JAWA BARAT,32.09,KAB. CIREBON,32.09.40,JAMBLANG,BOJONG LOR,45657
32.09.40.2006,32,JAWA BARAT,32.09,KAB. CIREBON,32.09.40,JAMBLANG,ORIMALANG,45657
32.09.40.2007,32,JAWA BARAT,32.09,KAB. CIREBON,32.09.40,JAMBLANG,BAKUNG KIDUL,45657
32.09.40.2008,32,JAWA BARAT,32.09,KAB. CIREBON,32.09.40,JAMBLANG,BAKUNG LOR,45657
32.10.01.2001,32,JAWA BARAT,32.10,KAB. MAJALENGKA,32.10.01,LEMAHSUGIH,CIPASUNG,45465
32.10.01.2002,32,JAWA BARAT,32.10,KAB. MAJALENGKA,32.10.01,LEMAHSUGIH,BANGBAYANG,45465
32.10.01.2003,32,JAWA BARAT,32.10,KAB. MAJALENGKA,32.10.01,LEMAHSUGIH,BOROGOJOL,45465
32.10.01.2004,32,JAWA BARAT,32.10,KAB. MAJALENGKA,32.10.01,LEMAHSUGIH,CIBULAN,45465
32.10.01.2005,32,JAWA BARAT,32.10,KAB. MAJALENGKA,32.10.01,LEMAHSUGIH,LEMAHPUTIH,45465
32.10.01.2006,32,JAWA BARAT,32.10,KAB. MAJALENGKA,32.10.01,LEMAHSUGIH,SADAWANGI,45465
32.10.01.2007,32,JAWA BARAT,32.10,KAB. MAJALENGKA,32.10.01,LEMAHSUGIH,KEPUH,45465
32.10.01.2008,32,JAWA BARAT,32.10,KAB. MAJALENGKA,32.10.01,LEMAHSUGIH,PADAREK,45465
32.10.01.2009,32,JAWA BARAT,32.10,KAB. MAJALENGKA,32.10.01,LEMAHSUGIH,KALAPADUA,45465
32.10.01.2010,32,JAWA BARAT,32.10,KAB. MAJALENGKA,32.10.01,LEMAHSUGIH,CIGALEUH,45465
32.10.01.2011,32,JAWA BARAT,32.10,KAB. MAJALENGKA,32.10.01,LEMAHSUGIH,MARGAJAYA,45465
32.10.01.2012,32,JAWA BARAT,32.10,KAB. MAJALENGKA,32.10.01,LEMAHSUGIH,SUKAJADI,45465
32.10.01.2013,32,JAWA BARAT,32.10,KAB. MAJALENGKA,32.10.01,LEMAHSUGIH,MEKARWANGI,45465
32.10.01.2014,32,JAWA BARAT,32.10,KAB. MAJALENGKA,32.10.01,LEMAHSUGIH,SINARGALIH,45465
32.10.01.2015,32,JAWA BARAT,32.10,KAB. MAJALENGKA,32.10.01,LEMAHSUGIH,MEKARMULYA,45465
32.10.01.2016,32,JAWA BARAT,32.10,KAB. MAJALENGKA,32.10.01,LEMAHSUGIH,SUKAMAJU,45465
32.10.01.2017,32,JAWA BARAT,32.10,KAB. MAJALENGKA,32.10.01,LEMAHSUGIH,CISALAK,45465
32.10.01.2018,32,JAWA BARAT,32.10,KAB. MAJALENGKA,32.10.01,LEMAHSUGIH,DAYEUHWANGI,45465
32.10.01.2019,32,JAWA BARAT,32.10,KAB. MAJALENGKA,32.10.01,LEMAHSUGIH,LEMAHSUGIH,45465
32.10.02.2002,32,JAWA BARAT,32.10,KAB. MAJALENGKA,32.10.02,BANTARUJEG,CIPEUNDEUY,45464
32.10.02.2008,32,JAWA BARAT,32.10,KAB. MAJALENGKA,32.10.02,BANTARUJEG,CIMANGGUHILIR,45464
32.10.02.2009,32,JAWA BARAT,32.10,KAB. MAJALENGKA,32.10.02,BANTARUJEG,SALAWANGI,45464
32.10.02.2010,32,JAWA BARAT,32.10,KAB. MAJALENGKA,32.10.02,BANTARUJEG,BANTARUJEG,45464
32.10.02.2011,32,JAWA BARAT,32.10,KAB. MAJALENGKA,32.10.02,BANTARUJEG,GUNUNGLARANG,45464
32.10.02.2012,32,JAWA BARAT,32.10,KAB. MAJALENGKA,32.10.02,BANTARUJEG,CIKIDANG,45464
32.10.02.2013,32,JAWA BARAT,32.10,KAB. MAJALENGKA,32.10.02,BANTARUJEG,CINAMBO,45464
32.10.02.2014,32,JAWA BARAT,32.10,KAB. MAJALENGKA,32.10.02,BANTARUJEG,HAURGEULIS,45464
32.10.02.2015,32,JAWA BARAT,32.10,KAB. MAJALENGKA,32.10.02,BANTARUJEG,SUKAMENAK,45464
32.10.02.2016,32,JAWA BARAT,32.10,KAB. MAJALENGKA,32.10.02,BANTARUJEG,WADOWETAN,45464
32.10.02.2017,32,JAWA BARAT,32.10,KAB. MAJALENGKA,32.10.02,BANTARUJEG,BABAKANSARI,45464
32.10.02.2018,32,JAWA BARAT,32.10,KAB. MAJALENGKA,32.10.02,BANTARUJEG,SILIHWANGI,45464
32.10.02.2022,32,JAWA BARAT,32.10,KAB. MAJALENGKA,32.10.02,BANTARUJEG,SINDANGHURIP,45464
32.10.03.2001,32,JAWA BARAT,32.10,KAB. MAJALENGKA,32.10.03,CIKIJING,SUKASARI,45466
32.10.03.2002,32,JAWA BARAT,32.10,KAB. MAJALENGKA,32.10.03,CIKIJING,CISOKA,45466
32.10.03.2003,32,JAWA BARAT,32.10,KAB. MAJALENGKA,32.10.03,CIKIJING,SINDANGPANJI,45466
32.10.03.2004,32,JAWA BARAT,32.10,KAB. MAJALENGKA,32.10.03,CIKIJING,CIKIJING,45466
32.10.03.2005,32,JAWA BARAT,32.10,KAB. MAJALENGKA,32.10.03,CIKIJING,SINDANG,45466
32.10.03.2006,32,JAWA BARAT,32.10,KAB. MAJALENGKA,32.10.03,CIKIJING,BANJARANSARI,45466
32.10.03.2007,32,JAWA BARAT,32.10,KAB. MAJALENGKA,32.10.03,CIKIJING,KASTURI,45466
32.10.03.2008,32,JAWA BARAT,32.10,KAB. MAJALENGKA,32.10.03,CIKIJING,CIDULANG,45466
32.10.03.2009,32,JAWA BARAT,32.10,KAB. MAJALENGKA,32.10.03,CIKIJING,JAGASARI,45466
32.10.03.2010,32,JAWA BARAT,32.10,KAB. MAJALENGKA,32.10.03,CIKIJING,BAGJASARI,45466
32.10.03.2011,32,JAWA BARAT,32.10,KAB. MAJALENGKA,32.10.03,CIKIJING,SUNALARI,45466
32.10.03.2012,32,JAWA BARAT,32.10,KAB. MAJALENGKA,32.10.03,CIKIJING,CIPULUS,45466
32.10.03.2013,32,JAWA BARAT,32.10,KAB. MAJALENGKA,32.10.03,CIKIJING,KANCANA,45466
32.10.03.2014,32,JAWA BARAT,32.10,KAB. MAJALENGKA,32.10.03,CIKIJING,SUKAMUKTI,45466
32.10.03.2015,32,JAWA BARAT,32.10,KAB. MAJALENGKA,32.10.03,CIKIJING,CILANCANG,45466
32.10.04.2001,32,JAWA BARAT,32.10,KAB. MAJALENGKA,32.10.04,TALAGA,LAMPUYANG,45463
32.10.04.2002,32,JAWA BARAT,32.10,KAB. MAJALENGKA,32.10.04,TALAGA,CIBEUREUM,45463
32.10.04.2003,32,JAWA BARAT,32.10,KAB. MAJALENGKA,32.10.04,TALAGA,CIKEUSAL,45463
32.10.04.2004,32,JAWA BARAT,32.10,KAB. MAJALENGKA,32.10.04,TALAGA,JATIPAMOR,45463
32.10.04.2005,32,JAWA BARAT,32.10,KAB. MAJALENGKA,32.10.04,TALAGA,ARGASARI,45463
32.10.04.2006,32,JAWA BARAT,32.10,KAB. MAJALENGKA,32.10.04,TALAGA,CICANIR,45463
32.10.04.2007,32,JAWA BARAT,32.10,KAB. MAJALENGKA,32.10.04,TALAGA,CAMPAGA,45463
32.10.04.2008,32,JAWA BARAT,32.10,KAB. MAJALENGKA,32.10.04,TALAGA,SUKAPERNA,45463
32.10.04.2009,32,JAWA BARAT,32.10,KAB. MAJALENGKA,32.10.04,TALAGA,TALAGA KULON,45463
32.10.04.2010,32,JAWA BARAT,32.10,KAB. MAJALENGKA,32.10.04,TALAGA,TALAGA WETAN,45463
32.10.04.2011,32,JAWA BARAT,32.10,KAB. MAJALENGKA,32.10.04,TALAGA,GANEAS,45463
32.10.04.2012,32,JAWA BARAT,32.10,KAB. MAJALENGKA,32.10.04,TALAGA,SALADO,45463
32.10.04.2013,32,JAWA BARAT,32.10,KAB. MAJALENGKA,32.10.04,TALAGA,GUNUNGMANIK,45463
32.10.04.2014,32,JAWA BARAT,32.10,KAB. MAJALENGKA,32.10.04,TALAGA,KERTAHAYU,45463
32.10.04.2015,32,JAWA BARAT,32.10,KAB. MAJALENGKA,32.10.04,TALAGA,MEKARRAHARJA,45463
32.10.04.2016,32,JAWA BARAT,32.10,KAB. MAJALENGKA,32.10.04,TALAGA,MARGAMUKTI,45463
32.10.04.2017,32,JAWA BARAT,32.10,KAB. MAJALENGKA,32.10.04,TALAGA,MEKARHURIP,45463
32.10.05.2001,32,JAWA BARAT,32.10,KAB. MAJALENGKA,32.10.05,ARGAPURA,SAGARA,45462
32.10.05.2002,32,JAWA BARAT,32.10,KAB. MAJALENGKA,32.10.05,ARGAPURA,CIBUNUT,45462
32.10.05.2003,32,JAWA BARAT,32.10,KAB. MAJALENGKA,32.10.05,ARGAPURA,TEJAMULYA,45462
32.10.05.2004,32,JAWA BARAT,32.10,KAB. MAJALENGKA,32.10.05,ARGAPURA,SUKASARI KALER,45462
32.10.05.2005,32,JAWA BARAT,32.10,KAB. MAJALENGKA,32.10.05,ARGAPURA,ARGAMUKTI,45462
32.10.05.2006,32,JAWA BARAT,32.10,KAB. MAJALENGKA,32.10.05,ARGAPURA,SUKADANA,45462
32.10.05.2007,32,JAWA BARAT,32.10,KAB. MAJALENGKA,32.10.05,ARGAPURA,SADASARI,45462
32.10.05.2008,32,JAWA BARAT,32.10,KAB. MAJALENGKA,32.10.05,ARGAPURA,HAURSEAH,45462
32.10.05.2009,32,JAWA BARAT,32.10,KAB. MAJALENGKA,32.10.05,ARGAPURA,MEKARWANGI,45462
32.10.05.2010,32,JAWA BARAT,32.10,KAB. MAJALENGKA,32.10.05,ARGAPURA,CIKARACAK,45462
32.10.05.2011,32,JAWA BARAT,32.10,KAB. MAJALENGKA,32.10.05,ARGAPURA,HEUBEULISUK,45462
32.10.05.2012,32,JAWA BARAT,32.10,KAB. MAJALENGKA,32.10.05,ARGAPURA,SUKASARI KIDUL,45462
32.10.05.2013,32,JAWA BARAT,32.10,KAB. MAJALENGKA,32.10.05,ARGAPURA,GUNUNGWANGI,45462
32.10.05.2014,32,JAWA BARAT,32.10,KAB. MAJALENGKA,32.10.05,ARGAPURA,ARGALINGGA,45462
32.10.06.2001,32,JAWA BARAT,32.10,KAB. MAJALENGKA,32.10.06,MAJA,CIHAUR,45461
32.10.06.2002,32,JAWA BARAT,32.10,KAB. MAJALENGKA,32.10.06,MAJA,WANAHAYU,45461
32.10.06.2003,32,JAWA BARAT,32.10,KAB. MAJALENGKA,32.10.06,MAJA,CENGAL,45461
32.10.06.2004,32,JAWA BARAT,32.10,KAB. MAJALENGKA,32.10.06,MAJA,ANGGRAWATI,45461
32.10.06.2005,32,JAWA BARAT,32.10,KAB. MAJALENGKA,32.10.06,MAJA,CIPICUNG,45461
32.10.06.2006,32,JAWA BARAT,32.10,KAB. MAJALENGKA,32.10.06,MAJA,MALONGPONG,45461
32.10.06.2007,32,JAWA BARAT,32.10,KAB. MAJALENGKA,32.10.06,MAJA,TEGALSARI,45461
32.10.06.2008,32,JAWA BARAT,32.10,KAB. MAJALENGKA,32.10.06,MAJA,MAJA UTARA,45461
32.10.06.2009,32,JAWA BARAT,32.10,KAB. MAJALENGKA,32.10.06,MAJA,PASANGGRAHAN,45461
32.10.06.2010,32,JAWA BARAT,32.10,KAB. MAJALENGKA,32.10.06,MAJA,CIEURIH,45461
32.10.06.2011,32,JAWA BARAT,32.10,KAB. MAJALENGKA,32.10.06,MAJA,KARTABASUKI,45461
32.10.06.2012,32,JAWA BARAT,32.10,KAB. MAJALENGKA,32.10.06,MAJA,SINDANGKERTA,45461
32.10.06.2013,32,JAWA BARAT,32.10,KAB. MAJALENGKA,32.10.06,MAJA,BANJARAN,45461
32.10.06.2014,32,JAWA BARAT,32.10,KAB. MAJALENGKA,32.10.06,MAJA,PANIIS,45461
32.10.06.2015,32,JAWA BARAT,32.10,KAB. MAJALENGKA,32.10.06,MAJA,CICALUNG,45461
32.10.06.2016,32,JAWA BARAT,32.10,KAB. MAJALENGKA,32.10.06,MAJA,PAGERAJI,45461
32.10.06.2017,32,JAWA BARAT,32.10,KAB. MAJALENGKA,32.10.06,MAJA,MAJA SELATAN,45461
32.10.06.2018,32,JAWA BARAT,32.10,KAB. MAJALENGKA,32.10.06,MAJA,NUNUK BARU,45461
32.10.07.1001,32,JAWA BARAT,32.10,KAB. MAJALENGKA,32.10.07,MAJALENGKA,MUNJUL,45417
32.10.07.1002,32,JAWA BARAT,32.10,KAB. MAJALENGKA,32.10.07,MAJALENGKA,BABAKAN JAWA,45419
32.10.07.1003,32,JAWA BARAT,32.10,KAB. MAJALENGKA,32.10.07,MAJALENGKA,CICURUG,45412
32.10.07.1004,32,JAWA BARAT,32.10,KAB. MAJALENGKA,32.10.07,MAJALENGKA,SINDANGKASIH,45412
32.10.07.1007,32,JAWA BARAT,32.10,KAB. MAJALENGKA,32.10.07,MAJALENGKA,MAJALENGKA WETAN,45411
32.10.07.1008,32,JAWA BARAT,32.10,KAB. MAJALENGKA,32.10.07,MAJALENGKA,MAJALENGKA KULON,45418
32.10.07.1009,32,JAWA BARAT,32.10,KAB. MAJALENGKA,32.10.07,MAJALENGKA,TARIKOLOT,45416
32.10.07.1010,32,JAWA BARAT,32.10,KAB. MAJALENGKA,32.10.07,MAJALENGKA,CIKASARUNG,45415
32.10.07.1011,32,JAWA BARAT,32.10,KAB. MAJALENGKA,32.10.07,MAJALENGKA,TONJONG,45414
32.10.07.1013,32,JAWA BARAT,32.10,KAB. MAJALENGKA,32.10.07,MAJALENGKA,CIJATI,45417
32.10.07.2005,32,JAWA BARAT,32.10,KAB. MAJALENGKA,32.10.07,MAJALENGKA,KULUR,45412
32.10.07.2006,32,JAWA BARAT,32.10,KAB. MAJALENGKA,32.10.07,MAJALENGKA,KAWUNGGIRANG,45412
32.10.07.2012,32,JAWA BARAT,32.10,KAB. MAJALENGKA,32.10.07,MAJALENGKA,SIDAMUKTI,45417
32.10.07.2014,32,JAWA BARAT,32.10,KAB. MAJALENGKA,32.10.07,MAJALENGKA,CIBODAS,45412
32.10.08.2001,32,JAWA BARAT,32.10,KAB. MAJALENGKA,32.10.08,SUKAHAJI,CIOMAS,45471
32.10.08.2002,32,JAWA BARAT,32.10,KAB. MAJALENGKA,32.10.08,SUKAHAJI,PADAHANTEN,45471
32.10.08.2009,32,JAWA BARAT,32.10,KAB. MAJALENGKA,32.10.08,SUKAHAJI,SUKAHAJI,45471
32.10.08.2010,32,JAWA BARAT,32.10,KAB. MAJALENGKA,32.10.08,SUKAHAJI,SALAGEDANG,45471
32.10.08.2011,32,JAWA BARAT,32.10,KAB. MAJALENGKA,32.10.08,SUKAHAJI,CIKEUSIK,45471
32.10.08.2012,32,JAWA BARAT,32.10,KAB. MAJALENGKA,32.10.08,SUKAHAJI,JAYI,45471
32.10.08.2013,32,JAWA BARAT,32.10,KAB. MAJALENGKA,32.10.08,SUKAHAJI,NANGGEWER,45471
32.10.08.2014,32,JAWA BARAT,32.10,KAB. MAJALENGKA,32.10.08,SUKAHAJI,PALABUAN,45471
32.10.08.2015,32,JAWA BARAT,32.10,KAB. MAJALENGKA,32.10.08,SUKAHAJI,CIKONENG,45471
32.10.08.2016,32,JAWA BARAT,32.10,KAB. MAJALENGKA,32.10.08,SUKAHAJI,BABAKANMANJETI,45471
32.10.08.2017,32,JAWA BARAT,32.10,KAB. MAJALENGKA,32.10.08,SUKAHAJI,TANJUNGSARI,45471
32.10.08.2018,32,JAWA BARAT,32.10,KAB. MAJALENGKA,32.10.08,SUKAHAJI,CIKALONG,45471
32.10.08.2019,32,JAWA BARAT,32.10,KAB. MAJALENGKA,32.10.08,SUKAHAJI,CANDRAJAYA,45471
32.10.09.2001,32,JAWA BARAT,32.10,KAB. MAJALENGKA,32.10.09,RAJAGALUH,PAJAJAR,45472
32.10.09.2002,32,JAWA BARAT,32.10,KAB. MAJALENGKA,32.10.09,RAJAGALUH,TEJA,45472
32.10.09.2003,32,JAWA BARAT,32.10,KAB. MAJALENGKA,32.10.09,RAJAGALUH,PAYUNG,45472
32.10.09.2004,32,JAWA BARAT,32.10,KAB. MAJALENGKA,32.10.09,RAJAGALUH,BABAKANKAREO,45472
32.10.09.2005,32,JAWA BARAT,32.10,KAB. MAJALENGKA,32.10.09,RAJAGALUH,SINDANGPANO,45472
32.10.09.2006,32,JAWA BARAT,32.10,KAB. MAJALENGKA,32.10.09,RAJAGALUH,SADOMAS,45472
32.10.09.2007,32,JAWA BARAT,32.10,KAB. MAJALENGKA,32.10.09,RAJAGALUH,KUMBUNG,45472
32.10.09.2008,32,JAWA BARAT,32.10,KAB. MAJALENGKA,32.10.09,RAJAGALUH,RAJAGALUH KIDUL,45472
32.10.09.2009,32,JAWA BARAT,32.10,KAB. MAJALENGKA,32.10.09,RAJAGALUH,SINGAWADA,45472
32.10.09.2010,32,JAWA BARAT,32.10,KAB. MAJALENGKA,32.10.09,RAJAGALUH,RAJAGALUH LOR,45472
32.10.09.2011,32,JAWA BARAT,32.10,KAB. MAJALENGKA,32.10.09,RAJAGALUH,CIPINANG,45472
32.10.09.2012,32,JAWA BARAT,32.10,KAB. MAJALENGKA,32.10.09,RAJAGALUH,CISETU,45472
32.10.09.2013,32,JAWA BARAT,32.10,KAB. MAJALENGKA,32.10.09,RAJAGALUH,RAJAGALUH,45472
32.10.10.2001,32,JAWA BARAT,32.10,KAB. MAJALENGKA,32.10.10,LEUWIMUNDING,PARAKAN,45473
32.10.10.2002,32,JAWA BARAT,32.10,KAB. MAJALENGKA,32.10.10,LEUWIMUNDING,PATUANAN,45473
32.10.10.2003,32,JAWA BARAT,32.10,KAB. MAJALENGKA,32.10.10,LEUWIMUNDING,NANGGERANG,45473
32.10.10.2004,32,JAWA BARAT,32.10,KAB. MAJALENGKA,32.10.10,LEUWIMUNDING,LAME,45473
32.10.10.2005,32,JAWA BARAT,32.10,KAB. MAJALENGKA,32.10.10,LEUWIMUNDING,MINDI,45473
32.10.10.2006,32,JAWA BARAT,32.10,KAB. MAJALENGKA,32.10.10,LEUWIMUNDING,RAJAWANGI,45473
32.10.10.2007,32,JAWA BARAT,32.10,KAB. MAJALENGKA,32.10.10,LEUWIMUNDING,LEUWIKUJANG,45473
32.10.10.2008,32,JAWA BARAT,32.10,KAB. MAJALENGKA,32.10.10,LEUWIMUNDING,MIRAT,45473
32.10.10.2009,32,JAWA BARAT,32.10,KAB. MAJALENGKA,32.10.10,LEUWIMUNDING,LEUWIMUNDING,45473
32.10.10.2010,32,JAWA BARAT,32.10,KAB. MAJALENGKA,32.10.10,LEUWIMUNDING,CIPARAY,45473
32.10.10.2011,32,JAWA BARAT,32.10,KAB. MAJALENGKA,32.10.10,LEUWIMUNDING,HEULEUT,45473
32.10.10.2012,32,JAWA BARAT,32.10,KAB. MAJALENGKA,32.10.10,LEUWIMUNDING,KARANGASEM,45473
32.10.10.2013,32,JAWA BARAT,32.10,KAB. MAJALENGKA,32.10.10,LEUWIMUNDING,TANJUNGSARI,45473
32.10.10.2014,32,JAWA BARAT,32.10,KAB. MAJALENGKA,32.10.10,LEUWIMUNDING,PARUNGJAYA,45473
32.10.11.2001,32,JAWA BARAT,32.10,KAB. MAJALENGKA,32.10.11,JATIWANGI,BURUJUL KULON,45454
32.10.11.2002,32,JAWA BARAT,32.10,KAB. MAJALENGKA,32.10.11,JATIWANGI,BURUJUL WETAN,45454
32.10.11.2003,32,JAWA BARAT,32.10,KAB. MAJALENGKA,32.10.11,JATIWANGI,CICADAS,45454
32.10.11.2004,32,JAWA BARAT,32.10,KAB. MAJALENGKA,32.10.11,JATIWANGI,ANDIR,45454
32.10.11.2005,32,JAWA BARAT,32.10,KAB. MAJALENGKA,32.10.11,JATIWANGI,SUKARAJA WETAN,45454
32.10.11.2006,32,JAWA BARAT,32.10,KAB. MAJALENGKA,32.10.11,JATIWANGI,PINANGRAJA,45454
32.10.11.2007,32,JAWA BARAT,32.10,KAB. MAJALENGKA,32.10.11,JATIWANGI,CIBENTAR,45454
32.10.11.2008,32,JAWA BARAT,32.10,KAB. MAJALENGKA,32.10.11,JATIWANGI,LEUWEUNGGEDE,45454
32.10.11.2009,32,JAWA BARAT,32.10,KAB. MAJALENGKA,32.10.11,JATIWANGI,CIBOLERANG,45454
32.10.11.2010,32,JAWA BARAT,32.10,KAB. MAJALENGKA,32.10.11,JATIWANGI,SUTAWANGI,45454
32.10.11.2011,32,JAWA BARAT,32.10,KAB. MAJALENGKA,32.10.11,JATIWANGI,JATISURA,45454
32.10.11.2012,32,JAWA BARAT,32.10,KAB. MAJALENGKA,32.10.11,JATIWANGI,JATIWANGI,45454
32.10.11.2013,32,JAWA BARAT,32.10,KAB. MAJALENGKA,32.10.11,JATIWANGI,LOJI,45454
32.10.11.2014,32,JAWA BARAT,32.10,KAB. MAJALENGKA,32.10.11,JATIWANGI,SUKARAJA KULON,45454
32.10.11.2015,32,JAWA BARAT,32.10,KAB. MAJALENGKA,32.10.11,JATIWANGI,MEKARSARI,45454
32.10.11.2016,32,JAWA BARAT,32.10,KAB. MAJALENGKA,32.10.11,JATIWANGI,SURAWANGI,45454
32.10.12.2006,32,JAWA BARAT,32.10,KAB. MAJALENGKA,32.10.12,DAWUAN,GANDU,45453
32.10.12.2007,32,JAWA BARAT,32.10,KAB. MAJALENGKA,32.10.12,DAWUAN,DAWUAN,45453
32.10.12.2008,32,JAWA BARAT,32.10,KAB. MAJALENGKA,32.10.12,DAWUAN,GENTENG,45453
32.10.12.2010,32,JAWA BARAT,32.10,KAB. MAJALENGKA,32.10.12,DAWUAN,MANDAPA,45453
32.10.12.2011,32,JAWA BARAT,32.10,KAB. MAJALENGKA,32.10.12,DAWUAN,BALIDA,45453
32.10.12.2012,32,JAWA BARAT,32.10,KAB. MAJALENGKA,32.10.12,DAWUAN,KARANGANYAR,45453
32.10.12.2013,32,JAWA BARAT,32.10,KAB. MAJALENGKA,32.10.12,DAWUAN,SALAWANA,45453
32.10.12.2015,32,JAWA BARAT,32.10,KAB. MAJALENGKA,32.10.12,DAWUAN,BOJONGCIDERES,45453
32.10.12.2017,32,JAWA BARAT,32.10,KAB. MAJALENGKA,32.10.12,DAWUAN,SINARJATI,45453
32.10.12.2018,32,JAWA BARAT,32.10,KAB. MAJALENGKA,32.10.12,DAWUAN,PASIRMALATI,45453
32.10.12.2021,32,JAWA BARAT,32.10,KAB. MAJALENGKA,32.10.12,DAWUAN,BATURUYUK,45453
32.10.13.2001,32,JAWA BARAT,32.10,KAB. MAJALENGKA,32.10.13,KADIPATEN,HEULEUT,45452
32.10.13.2002,32,JAWA BARAT,32.10,KAB. MAJALENGKA,32.10.13,KADIPATEN,KADIPATEN,45452
32.10.13.2003,32,JAWA BARAT,32.10,KAB. MAJALENGKA,32.10.13,KADIPATEN,BABAKANANYAR,45452
32.10.13.2004,32,JAWA BARAT,32.10,KAB. MAJALENGKA,32.10.13,KADIPATEN,KARANGSAMBUNG,45452
32.10.13.2005,32,JAWA BARAT,32.10,KAB. MAJALENGKA,32.10.13,KADIPATEN,LIANGJULANG,45452
32.10.13.2006,32,JAWA BARAT,32.10,KAB. MAJALENGKA,32.10.13,KADIPATEN,PAGANDON,45452
32.10.13.2007,32,JAWA BARAT,32.10,KAB. MAJALENGKA,32.10.13,KADIPATEN,CIPAKU,45452
32.10.14.2001,32,JAWA BARAT,32.10,KAB. MAJALENGKA,32.10.14,KERTAJATI,PAKUBEUREUM,45457
32.10.14.2002,32,JAWA BARAT,32.10,KAB. MAJALENGKA,32.10.14,KERTAJATI,SUKAWANA,45457
32.10.14.2003,32,JAWA BARAT,32.10,KAB. MAJALENGKA,32.10.14,KERTAJATI,KERTAWINANGUN,45457
32.10.14.2004,32,JAWA BARAT,32.10,KAB. MAJALENGKA,32.10.14,KERTAJATI,PALASAH,45457
32.10.14.2005,32,JAWA BARAT,32.10,KAB. MAJALENGKA,32.10.14,KERTAJATI,BABAKAN,45457
32.10.14.2006,32,JAWA BARAT,32.10,KAB. MAJALENGKA,32.10.14,KERTAJATI,KERTAJATI,45457
32.10.14.2007,32,JAWA BARAT,32.10,KAB. MAJALENGKA,32.10.14,KERTAJATI,BANTARJATI,45457
32.10.14.2008,32,JAWA BARAT,32.10,KAB. MAJALENGKA,32.10.14,KERTAJATI,PASIRIPIS,45457
32.10.14.2009,32,JAWA BARAT,32.10,KAB. MAJALENGKA,32.10.14,KERTAJATI,SUKAMULYA,45457
32.10.14.2010,32,JAWA BARAT,32.10,KAB. MAJALENGKA,32.10.14,KERTAJATI,KERTASARI,45457
32.10.14.2011,32,JAWA BARAT,32.10,KAB. MAJALENGKA,32.10.14,KERTAJATI,MEKARJAYA,45457
32.10.14.2012,32,JAWA BARAT,32.10,KAB. MAJALENGKA,32.10.14,KERTAJATI,MEKARMULYA,45457
32.10.14.2013,32,JAWA BARAT,32.10,KAB. MAJALENGKA,32.10.14,KERTAJATI,SUKAKERTA,45457
32.10.14.2014,32,JAWA BARAT,32.10,KAB. MAJALENGKA,32.10.14,KERTAJATI,SAHBANDAR,45457
32.10.15.2001,32,JAWA BARAT,32.10,KAB. MAJALENGKA,32.10.15,JATITUJUH,BIYAWAK,45458
32.10.15.2002,32,JAWA BARAT,32.10,KAB. MAJALENGKA,32.10.15,JATITUJUH,PANYINGKIRAN,45458
32.10.15.2003,32,JAWA BARAT,32.10,KAB. MAJALENGKA,32.10.15,JATITUJUH,PANONGAN,45458
32.10.15.2004,32,JAWA BARAT,32.10,KAB. MAJALENGKA,32.10.15,JATITUJUH,RANDEGAN WETAN,45458
32.10.15.2005,32,JAWA BARAT,32.10,KAB. MAJALENGKA,32.10.15,JATITUJUH,PUTRIDALEM,45458
32.10.15.2006,32,JAWA BARAT,32.10,KAB. MAJALENGKA,32.10.15,JATITUJUH,JATITENGAH,45458
32.10.15.2007,32,JAWA BARAT,32.10,KAB. MAJALENGKA,32.10.15,JATITUJUH,JATITUJUH,45458
32.10.15.2008,32,JAWA BARAT,32.10,KAB. MAJALENGKA,32.10.15,JATITUJUH,BABAJURANG,45458
32.10.15.2009,32,JAWA BARAT,32.10,KAB. MAJALENGKA,32.10.15,JATITUJUH,PILANGSARI,45458
32.10.15.2010,32,JAWA BARAT,32.10,KAB. MAJALENGKA,32.10.15,JATITUJUH,JATIRAGA,45458
32.10.15.2011,32,JAWA BARAT,32.10,KAB. MAJALENGKA,32.10.15,JATITUJUH,SUMBER WETAN,45458
32.10.15.2012,32,JAWA BARAT,32.10,KAB. MAJALENGKA,32.10.15,JATITUJUH,PANGKALANPARI,45458
32.10.15.2013,32,JAWA BARAT,32.10,KAB. MAJALENGKA,32.10.15,JATITUJUH,RANDEGAN KULON,45458
32.10.15.2014,32,JAWA BARAT,32.10,KAB. MAJALENGKA,32.10.15,JATITUJUH,SUMBER KULON,45458
32.10.15.2015,32,JAWA BARAT,32.10,KAB. MAJALENGKA,32.10.15,JATITUJUH,PASINDANGAN,45458
32.10.16.2001,32,JAWA BARAT,32.10,KAB. MAJALENGKA,32.10.16,LIGUNG,CIBOGOR,45456
32.10.16.2002,32,JAWA BARAT,32.10,KAB. MAJALENGKA,32.10.16,LIGUNG,BEBER,45456
32.10.16.2003,32,JAWA BARAT,32.10,KAB. MAJALENGKA,32.10.16,LIGUNG,BEUSI,45456
32.10.16.2004,32,JAWA BARAT,32.10,KAB. MAJALENGKA,32.10.16,LIGUNG,TEGALAREN,45456
32.10.16.2005,32,JAWA BARAT,32.10,KAB. MAJALENGKA,32.10.16,LIGUNG,BUNTU,45456
32.10.16.2006,32,JAWA BARAT,32.10,KAB. MAJALENGKA,32.10.16,LIGUNG,LIGUNG,45456
32.10.16.2007,32,JAWA BARAT,32.10,KAB. MAJALENGKA,32.10.16,LIGUNG,WANASALAM,45456
32.10.16.2008,32,JAWA BARAT,32.10,KAB. MAJALENGKA,32.10.16,LIGUNG,AMPEL,45456
32.10.16.2009,32,JAWA BARAT,32.10,KAB. MAJALENGKA,32.10.16,LIGUNG,BANTARWARU,45456
32.10.16.2010,32,JAWA BARAT,32.10,KAB. MAJALENGKA,32.10.16,LIGUNG,MAJASARI,45456
32.10.16.2011,32,JAWA BARAT,32.10,KAB. MAJALENGKA,32.10.16,LIGUNG,KEDUNGKENCANA,45456
32.10.16.2012,32,JAWA BARAT,32.10,KAB. MAJALENGKA,32.10.16,LIGUNG,KERTASARI,45456
32.10.16.2013,32,JAWA BARAT,32.10,KAB. MAJALENGKA,32.10.16,LIGUNG,LEUWEUNGHAPIT,45456
32.10.16.2014,32,JAWA BARAT,32.10,KAB. MAJALENGKA,32.10.16,LIGUNG,LIGUNG LOR,45456
32.10.16.2015,32,JAWA BARAT,32.10,KAB. MAJALENGKA,32.10.16,LIGUNG,SUKAWERA,45456
32.10.16.2016,32,JAWA BARAT,32.10,KAB. MAJALENGKA,32.10.16,LIGUNG,GANDAWESI,45456
32.10.16.2017,32,JAWA BARAT,32.10,KAB. MAJALENGKA,32.10.16,LIGUNG,KODASARI,45456
32.10.16.2018,32,JAWA BARAT,32.10,KAB. MAJALENGKA,32.10.16,LIGUNG,LEUWILIANG BARU,45456
32.10.16.2019,32,JAWA BARAT,32.10,KAB. MAJALENGKA,32.10.16,LIGUNG,KEDUNGSARI,45456
32.10.17.2001,32,JAWA BARAT,32.10,KAB. MAJALENGKA,32.10.17,SUMBERJAYA,BONGAS WETAN,45455
32.10.17.2002,32,JAWA BARAT,32.10,KAB. MAJALENGKA,32.10.17,SUMBERJAYA,BONGAS KULON,45455
32.10.17.2003,32,JAWA BARAT,32.10,KAB. MAJALENGKA,32.10.17,SUMBERJAYA,GARAWANGI,45455
32.10.17.2004,32,JAWA BARAT,32.10,KAB. MAJALENGKA,32.10.17,SUMBERJAYA,RANCAPUTAT,45455
32.10.17.2005,32,JAWA BARAT,32.10,KAB. MAJALENGKA,32.10.17,SUMBERJAYA,BANJARAN,45455
32.10.17.2006,32,JAWA BARAT,32.10,KAB. MAJALENGKA,32.10.17,SUMBERJAYA,SEPAT,45455
32.10.17.2007,32,JAWA BARAT,32.10,KAB. MAJALENGKA,32.10.17,SUMBERJAYA,PANINGKIRAN,45455
32.10.17.2008,32,JAWA BARAT,32.10,KAB. MAJALENGKA,32.10.17,SUMBERJAYA,PARAPATAN,45455
32.10.17.2009,32,JAWA BARAT,32.10,KAB. MAJALENGKA,32.10.17,SUMBERJAYA,PANJALIN KIDUL,45455
32.10.17.2010,32,JAWA BARAT,32.10,KAB. MAJALENGKA,32.10.17,SUMBERJAYA,CIDENOK,45455
32.10.17.2011,32,JAWA BARAT,32.10,KAB. MAJALENGKA,32.10.17,SUMBERJAYA,LOJIKOBONG,45455
32.10.17.2012,32,JAWA BARAT,32.10,KAB. MAJALENGKA,32.10.17,SUMBERJAYA,PANJALIN LOR,45455
32.10.17.2013,32,JAWA BARAT,32.10,KAB. MAJALENGKA,32.10.17,SUMBERJAYA,SUMBERJAYA,45455
32.10.17.2014,32,JAWA BARAT,32.10,KAB. MAJALENGKA,32.10.17,SUMBERJAYA,PANCAKSUJI,45455
32.10.17.2015,32,JAWA BARAT,32.10,KAB. MAJALENGKA,32.10.17,SUMBERJAYA,GELOK MULYA,45455
32.10.18.2001,32,JAWA BARAT,32.10,KAB. MAJALENGKA,32.10.18,PANYINGKIRAN,CIJUREY,45459
32.10.18.2002,32,JAWA BARAT,32.10,KAB. MAJALENGKA,32.10.18,PANYINGKIRAN,PASIRMUNCANG,45459
32.10.18.2003,32,JAWA BARAT,32.10,KAB. MAJALENGKA,32.10.18,PANYINGKIRAN,JATIPAMOR,45459
32.10.18.2004,32,JAWA BARAT,32.10,KAB. MAJALENGKA,32.10.18,PANYINGKIRAN,BANTRANGSANA,45459
32.10.18.2005,32,JAWA BARAT,32.10,KAB. MAJALENGKA,32.10.18,PANYINGKIRAN,JATISERANG,45459
32.10.18.2006,32,JAWA BARAT,32.10,KAB. MAJALENGKA,32.10.18,PANYINGKIRAN,BONANG,45459
32.10.18.2007,32,JAWA BARAT,32.10,KAB. MAJALENGKA,32.10.18,PANYINGKIRAN,LEUWISEENG,45459
32.10.18.2008,32,JAWA BARAT,32.10,KAB. MAJALENGKA,32.10.18,PANYINGKIRAN,PANYINGKIRAN,45459
32.10.18.2009,32,JAWA BARAT,32.10,KAB. MAJALENGKA,32.10.18,PANYINGKIRAN,KARYAMUKTI,45459
32.10.19.2001,32,JAWA BARAT,32.10,KAB. MAJALENGKA,32.10.19,PALASAH,MAJASUKA,45475
32.10.19.2002,32,JAWA BARAT,32.10,KAB. MAJALENGKA,32.10.19,PALASAH,CISAMBENG,45475
32.10.19.2003,32,JAWA BARAT,32.10,KAB. MAJALENGKA,32.10.19,PALASAH,PALASAH,45475
32.10.19.2004,32,JAWA BARAT,32.10,KAB. MAJALENGKA,32.10.19,PALASAH,WERAGATI,45475
32.10.19.2005,32,JAWA BARAT,32.10,KAB. MAJALENGKA,32.10.19,PALASAH,TRAJAYA,45475
32.10.19.2006,32,JAWA BARAT,32.10,KAB. MAJALENGKA,32.10.19,PALASAH,TARIKOLOT,45475
32.10.19.2007,32,JAWA BARAT,32.10,KAB. MAJALENGKA,32.10.19,PALASAH,BUNIWANGI,45475
32.10.19.2008,32,JAWA BARAT,32.10,KAB. MAJALENGKA,32.10.19,PALASAH,SINDANGHAJI,45475
32.10.19.2009,32,JAWA BARAT,32.10,KAB. MAJALENGKA,32.10.19,PALASAH,WARINGIN,45475
32.10.19.2010,32,JAWA BARAT,32.10,KAB. MAJALENGKA,32.10.19,PALASAH,PASIR,45475
32.10.19.2011,32,JAWA BARAT,32.10,KAB. MAJALENGKA,32.10.19,PALASAH,KARAMAT,45475
32.10.19.2012,32,JAWA BARAT,32.10,KAB. MAJALENGKA,32.10.19,PALASAH,ENGGALWANGI,45475
32.10.19.2013,32,JAWA BARAT,32.10,KAB. MAJALENGKA,32.10.19,PALASAH,SINDANGWASA,45475
32.10.20.1004,32,JAWA BARAT,32.10,KAB. MAJALENGKA,32.10.20,CIGASONG,CIGASONG,45423
32.10.20.1005,32,JAWA BARAT,32.10,KAB. MAJALENGKA,32.10.20,CIGASONG,SIMPEUREUM,45422
32.10.20.1006,32,JAWA BARAT,32.10,KAB. MAJALENGKA,32.10.20,CIGASONG,CICENANG,45424
32.10.20.2001,32,JAWA BARAT,32.10,KAB. MAJALENGKA,32.10.20,CIGASONG,KAWUNGHILIR,45429
32.10.20.2002,32,JAWA BARAT,32.10,KAB. MAJALENGKA,32.10.20,CIGASONG,TAJUR,45429
32.10.20.2003,32,JAWA BARAT,32.10,KAB. MAJALENGKA,32.10.20,CIGASONG,TENJOLAYAR,45421
32.10.20.2007,32,JAWA BARAT,32.10,KAB. MAJALENGKA,32.10.20,CIGASONG,BARIBIS,45425
32.10.20.2008,32,JAWA BARAT,32.10,KAB. MAJALENGKA,32.10.20,CIGASONG,BATUJAYA,45426
32.10.20.2009,32,JAWA BARAT,32.10,KAB. MAJALENGKA,32.10.20,CIGASONG,KUTAMANGGU,45427
32.10.20.2010,32,JAWA BARAT,32.10,KAB. MAJALENGKA,32.10.20,CIGASONG,KARAYUNAN,45428
32.10.21.2001,32,JAWA BARAT,32.10,KAB. MAJALENGKA,32.10.21,SINDANGWANGI,BANTARAGUNG,45474
32.10.21.2002,32,JAWA BARAT,32.10,KAB. MAJALENGKA,32.10.21,SINDANGWANGI,PADAHERANG,45474
32.10.21.2003,32,JAWA BARAT,32.10,KAB. MAJALENGKA,32.10.21,SINDANGWANGI,LENGKONG KULON,45474
32.10.21.2004,32,JAWA BARAT,32.10,KAB. MAJALENGKA,32.10.21,SINDANGWANGI,JERUKLEUEUT,45474
32.10.21.2005,32,JAWA BARAT,32.10,KAB. MAJALENGKA,32.10.21,SINDANGWANGI,SINDANGWANGI,45474
32.10.21.2006,32,JAWA BARAT,32.10,KAB. MAJALENGKA,32.10.21,SINDANGWANGI,BUAHKAPAS,45474
32.10.21.2007,32,JAWA BARAT,32.10,KAB. MAJALENGKA,32.10.21,SINDANGWANGI,UJUNGBERUNG,45474
32.10.21.2008,32,JAWA BARAT,32.10,KAB. MAJALENGKA,32.10.21,SINDANGWANGI,BALAGEDOG,45474
32.10.21.2009,32,JAWA BARAT,32.10,KAB. MAJALENGKA,32.10.21,SINDANGWANGI,LEUWILAJA,45474
32.10.21.2010,32,JAWA BARAT,32.10,KAB. MAJALENGKA,32.10.21,SINDANGWANGI,LENGKONG WETAN,45474
32.10.22.2001,32,JAWA BARAT,32.10,KAB. MAJALENGKA,32.10.22,BANJARAN,GENTENG,45468
32.10.22.2002,32,JAWA BARAT,32.10,KAB. MAJALENGKA,32.10.22,BANJARAN,SUNIA,45468
32.10.22.2003,32,JAWA BARAT,32.10,KAB. MAJALENGKA,32.10.22,BANJARAN,DARMALARANG,45468
32.10.22.2004,32,JAWA BARAT,32.10,KAB. MAJALENGKA,32.10.22,BANJARAN,SINDANGPALA,45468
32.10.22.2005,32,JAWA BARAT,32.10,KAB. MAJALENGKA,32.10.22,BANJARAN,BANJARAN,45468
32.10.22.2006,32,JAWA BARAT,32.10,KAB. MAJALENGKA,32.10.22,BANJARAN,KAGOK,45468
32.10.22.2007,32,JAWA BARAT,32.10,KAB. MAJALENGKA,32.10.22,BANJARAN,CIMEONG,45468
32.10.22.2008,32,JAWA BARAT,32.10,KAB. MAJALENGKA,32.10.22,BANJARAN,PANYINDANGAN,45468
32.10.22.2009,32,JAWA BARAT,32.10,KAB. MAJALENGKA,32.10.22,BANJARAN,KAREO,45468
32.10.22.2010,32,JAWA BARAT,32.10,KAB. MAJALENGKA,32.10.22,BANJARAN,SANGIANG,45468
32.10.22.2011,32,JAWA BARAT,32.10,KAB. MAJALENGKA,32.10.22,BANJARAN,SUNIA BARU,45468
32.10.22.2012,32,JAWA BARAT,32.10,KAB. MAJALENGKA,32.10.22,BANJARAN,HEGARMANAH,45468
32.10.22.2013,32,JAWA BARAT,32.10,KAB. MAJALENGKA,32.10.22,BANJARAN,GIRIMULYA,45468
32.10.23.2001,32,JAWA BARAT,32.10,KAB. MAJALENGKA,32.10.23,CINGAMBUL,SEDAREJA,45467
32.10.23.2002,32,JAWA BARAT,32.10,KAB. MAJALENGKA,32.10.23,CINGAMBUL,CIDADAP,45467
32.10.23.2003,32,JAWA BARAT,32.10,KAB. MAJALENGKA,32.10.23,CINGAMBUL,MANIIS,45467
32.10.23.2004,32,JAWA BARAT,32.10,KAB. MAJALENGKA,32.10.23,CINGAMBUL,NAGARAKEMBANG,45467
32.10.23.2005,32,JAWA BARAT,32.10,KAB. MAJALENGKA,32.10.23,CINGAMBUL,WANGKELANG,45467
32.10.23.2006,32,JAWA BARAT,32.10,KAB. MAJALENGKA,32.10.23,CINGAMBUL,CIMANGGU,45467
32.10.23.2007,32,JAWA BARAT,32.10,KAB. MAJALENGKA,32.10.23,CINGAMBUL,CINGAMBUL,45467
32.10.23.2008,32,JAWA BARAT,32.10,KAB. MAJALENGKA,32.10.23,CINGAMBUL,CIKONDANG,45467
32.10.23.2009,32,JAWA BARAT,32.10,KAB. MAJALENGKA,32.10.23,CINGAMBUL,CIRANJENG,45467
32.10.23.2010,32,JAWA BARAT,32.10,KAB. MAJALENGKA,32.10.23,CINGAMBUL,RAWA,45467
32.10.23.2011,32,JAWA BARAT,32.10,KAB. MAJALENGKA,32.10.23,CINGAMBUL,KONDANGMEKAR,45467
32.10.23.2012,32,JAWA BARAT,32.10,KAB. MAJALENGKA,32.10.23,CINGAMBUL,CINTAASIH,45467
32.10.23.2013,32,JAWA BARAT,32.10,KAB. MAJALENGKA,32.10.23,CINGAMBUL,MUKTISARI,45467
32.10.24.2001,32,JAWA BARAT,32.10,KAB. MAJALENGKA,32.10.24,KASOKANDEL,JATISAWIT,45477
32.10.24.2002,32,JAWA BARAT,32.10,KAB. MAJALENGKA,32.10.24,KASOKANDEL,LEUWIKIDANG,45477
32.10.24.2003,32,JAWA BARAT,32.10,KAB. MAJALENGKA,32.10.24,KASOKANDEL,RANJI KULON,45477
32.10.24.2004,32,JAWA BARAT,32.10,KAB. MAJALENGKA,32.10.24,KASOKANDEL,RANJI WETAN,45477
32.10.24.2005,32,JAWA BARAT,32.10,KAB. MAJALENGKA,32.10.24,KASOKANDEL,GUNUNGSARI,45477
32.10.24.2006,32,JAWA BARAT,32.10,KAB. MAJALENGKA,32.10.24,KASOKANDEL,KASOKANDEL,45477
32.10.24.2007,32,JAWA BARAT,32.10,KAB. MAJALENGKA,32.10.24,KASOKANDEL,GIRIMUKTI,45477
32.10.24.2008,32,JAWA BARAT,32.10,KAB. MAJALENGKA,32.10.24,KASOKANDEL,JATIMULYA,45477
32.10.24.2009,32,JAWA BARAT,32.10,KAB. MAJALENGKA,32.10.24,KASOKANDEL,WANAJAYA,45477
32.10.24.2010,32,JAWA BARAT,32.10,KAB. MAJALENGKA,32.10.24,KASOKANDEL,GANDASARI,45477
32.10.25.2001,32,JAWA BARAT,32.10,KAB. MAJALENGKA,32.10.25,SINDANG,PASIRAYU,45478
32.10.25.2002,32,JAWA BARAT,32.10,KAB. MAJALENGKA,32.10.25,SINDANG,SINDANG,45478
32.10.25.2003,32,JAWA BARAT,32.10,KAB. MAJALENGKA,32.10.25,SINDANG,GARAWASTU,45478
32.10.25.2004,32,JAWA BARAT,32.10,KAB. MAJALENGKA,32.10.25,SINDANG,INDRAKILA,45478
32.10.25.2005,32,JAWA BARAT,32.10,KAB. MAJALENGKA,32.10.25,SINDANG,GUNUNGKUNING,45478
32.10.25.2007,32,JAWA BARAT,32.10,KAB. MAJALENGKA,32.10.25,SINDANG,SANGKANHURIP,45478
32.10.25.2008,32,JAWA BARAT,32.10,KAB. MAJALENGKA,32.10.25,SINDANG,BAYUREJA,45478
32.10.26.2001,32,JAWA BARAT,32.10,KAB. MAJALENGKA,32.10.26,MALAUSMA,SUKADANA,45469
32.10.26.2002,32,JAWA BARAT,32.10,KAB. MAJALENGKA,32.10.26,MALAUSMA,WERASARI,45469
32.10.26.2003,32,JAWA BARAT,32.10,KAB. MAJALENGKA,32.10.26,MALAUSMA,MALAUSMA,45469
32.10.26.2004,32,JAWA BARAT,32.10,KAB. MAJALENGKA,32.10.26,MALAUSMA,LEBAKWANGI,45469
32.10.26.2005,32,JAWA BARAT,32.10,KAB. MAJALENGKA,32.10.26,MALAUSMA,CIMUNCANG,45469
32.10.26.2006,32,JAWA BARAT,32.10,KAB. MAJALENGKA,32.10.26,MALAUSMA,CIRANCA,45469
32.10.26.2007,32,JAWA BARAT,32.10,KAB. MAJALENGKA,32.10.26,MALAUSMA,BANYUSARI,45469
32.10.26.2008,32,JAWA BARAT,32.10,KAB. MAJALENGKA,32.10.26,MALAUSMA,BUNINAGARA,45469
32.10.26.2009,32,JAWA BARAT,32.10,KAB. MAJALENGKA,32.10.26,MALAUSMA,JAGAMULYA,45469
32.10.26.2010,32,JAWA BARAT,32.10,KAB. MAJALENGKA,32.10.26,MALAUSMA,GIRIMUKTI,45469
32.10.26.2011,32,JAWA BARAT,32.10,KAB. MAJALENGKA,32.10.26,MALAUSMA,KRAMAT JAYA,45469
32.11.01.2001,32,JAWA BARAT,32.11,KAB. SUMEDANG,32.11.01,WADO,CIMUNGKAL,45373
32.11.01.2002,32,JAWA BARAT,32.11,KAB. SUMEDANG,32.11.01,WADO,GANJARESIK,45373
32.11.01.2003,32,JAWA BARAT,32.11,KAB. SUMEDANG,32.11.01,WADO,CILENGKRANG,45373
32.11.01.2004,32,JAWA BARAT,32.11,KAB. SUMEDANG,32.11.01,WADO,CIKAREO SELATAN,45373
32.11.01.2005,32,JAWA BARAT,32.11,KAB. SUMEDANG,32.11.01,WADO,CIKAREO UTARA,45373
32.11.01.2006,32,JAWA BARAT,32.11,KAB. SUMEDANG,32.11.01,WADO,WADO,45373
32.11.01.2007,32,JAWA BARAT,32.11,KAB. SUMEDANG,32.11.01,WADO,MULYAJAYA,45373
32.11.01.2009,32,JAWA BARAT,32.11,KAB. SUMEDANG,32.11.01,WADO,SUKAJADI,45373
32.11.01.2010,32,JAWA BARAT,32.11,KAB. SUMEDANG,32.11.01,WADO,CISURAT,45373
32.11.01.2011,32,JAWA BARAT,32.11,KAB. SUMEDANG,32.11.01,WADO,SUKAPURA,45373
32.11.02.2001,32,JAWA BARAT,32.11,KAB. SUMEDANG,32.11.02,JATINUNGGAL,SIRNASARI,45376
32.11.02.2002,32,JAWA BARAT,32.11,KAB. SUMEDANG,32.11.02,JATINUNGGAL,TARIKOLOT,45376
32.11.02.2003,32,JAWA BARAT,32.11,KAB. SUMEDANG,32.11.02,JATINUNGGAL,PAWENANG,45376
32.11.02.2004,32,JAWA BARAT,32.11,KAB. SUMEDANG,32.11.02,JATINUNGGAL,SARIMEKAR,45376
32.11.02.2005,32,JAWA BARAT,32.11,KAB. SUMEDANG,32.11.02,JATINUNGGAL,BANJARSARI,45376
32.11.02.2006,32,JAWA BARAT,32.11,KAB. SUMEDANG,32.11.02,JATINUNGGAL,KIRISIK,45376
32.11.02.2007,32,JAWA BARAT,32.11,KAB. SUMEDANG,32.11.02,JATINUNGGAL,SUKAMANAH,45376
32.11.02.2008,32,JAWA BARAT,32.11,KAB. SUMEDANG,32.11.02,JATINUNGGAL,CIPEUNDEUY,45376
32.11.02.2009,32,JAWA BARAT,32.11,KAB. SUMEDANG,32.11.02,JATINUNGGAL,CIMANINTIN,45376
32.11.03.2001,32,JAWA BARAT,32.11,KAB. SUMEDANG,32.11.03,DARMARAJA,DARMARAJA,45372
32.11.03.2002,32,JAWA BARAT,32.11,KAB. SUMEDANG,32.11.03,DARMARAJA,DARMAJAYA,45372
32.11.03.2003,32,JAWA BARAT,32.11,KAB. SUMEDANG,32.11.03,DARMARAJA,SUKAMENAK,45372
32.11.03.2005,32,JAWA BARAT,32.11,KAB. SUMEDANG,32.11.03,DARMARAJA,SUKARATU,45372
32.11.03.2006,32,JAWA BARAT,32.11,KAB. SUMEDANG,32.11.03,DARMARAJA,CIKEUSI,45372
32.11.03.2007,32,JAWA BARAT,32.11,KAB. SUMEDANG,32.11.03,DARMARAJA,CIPEUTEUY,45372
32.11.03.2009,32,JAWA BARAT,32.11,KAB. SUMEDANG,32.11.03,DARMARAJA,CIEUNTEUNG,45372
32.11.03.2010,32,JAWA BARAT,32.11,KAB. SUMEDANG,32.11.03,DARMARAJA,KARANGPAKUAN,45372
32.11.03.2011,32,JAWA BARAT,32.11,KAB. SUMEDANG,32.11.03,DARMARAJA,PAKUALAM,45372
32.11.03.2013,32,JAWA BARAT,32.11,KAB. SUMEDANG,32.11.03,DARMARAJA,NEGLASARI,45372
32.11.03.2015,32,JAWA BARAT,32.11,KAB. SUMEDANG,32.11.03,DARMARAJA,TARUNAJAYA,45372
32.11.03.2016,32,JAWA BARAT,32.11,KAB. SUMEDANG,32.11.03,DARMARAJA,RANGGON,45372
32.11.04.2001,32,JAWA BARAT,32.11,KAB. SUMEDANG,32.11.04,CIBUGEL,JAYAMEKAR,45375
32.11.04.2002,32,JAWA BARAT,32.11,KAB. SUMEDANG,32.11.04,CIBUGEL,BUANAMEKAR,45375
32.11.04.2003,32,JAWA BARAT,32.11,KAB. SUMEDANG,32.11.04,CIBUGEL,CIBUGEL,45375
32.11.04.2004,32,JAWA BARAT,32.11,KAB. SUMEDANG,32.11.04,CIBUGEL,SUKARAJA,45375
32.11.04.2005,32,JAWA BARAT,32.11,KAB. SUMEDANG,32.11.04,CIBUGEL,CIPASANG,45375
32.11.04.2006,32,JAWA BARAT,32.11,KAB. SUMEDANG,32.11.04,CIBUGEL,TAMANSARI,45375
32.11.04.2007,32,JAWA BARAT,32.11,KAB. SUMEDANG,32.11.04,CIBUGEL,JAYAMANDIRI,45375
32.11.05.2001,32,JAWA BARAT,32.11,KAB. SUMEDANG,32.11.05,CISITU,CISITU,45377
32.11.05.2002,32,JAWA BARAT,32.11,KAB. SUMEDANG,32.11.05,CISITU,SITUMEKAR,45377
32.11.05.2003,32,JAWA BARAT,32.11,KAB. SUMEDANG,32.11.05,CISITU,PAJAGAN,45377
32.11.05.2004,32,JAWA BARAT,32.11,KAB. SUMEDANG,32.11.05,CISITU,CIGINTUNG,45377
32.11.05.2005,32,JAWA BARAT,32.11,KAB. SUMEDANG,32.11.05,CISITU,SUNDAMEKAR,45377
32.11.05.2006,32,JAWA BARAT,32.11,KAB. SUMEDANG,32.11.05,CISITU,LINGGAJAYA,45377
32.11.05.2007,32,JAWA BARAT,32.11,KAB. SUMEDANG,32.11.05,CISITU,RANJENG,45377
32.11.05.2008,32,JAWA BARAT,32.11,KAB. SUMEDANG,32.11.05,CISITU,CILOPANG,45377
32.11.05.2009,32,JAWA BARAT,32.11,KAB. SUMEDANG,32.11.05,CISITU,CIMARGA,45377
32.11.05.2010,32,JAWA BARAT,32.11,KAB. SUMEDANG,32.11.05,CISITU,CINANGSI,45377
32.11.06.2001,32,JAWA BARAT,32.11,KAB. SUMEDANG,32.11.06,SITURAJA,SITURAJA UTARA,45371
32.11.06.2002,32,JAWA BARAT,32.11,KAB. SUMEDANG,32.11.06,SITURAJA,SITURAJA,45371
32.11.06.2003,32,JAWA BARAT,32.11,KAB. SUMEDANG,32.11.06,SITURAJA,MEKARMULYA,45371
32.11.06.2004,32,JAWA BARAT,32.11,KAB. SUMEDANG,32.11.06,SITURAJA,CIKADU,45371
32.11.06.2005,32,JAWA BARAT,32.11,KAB. SUMEDANG,32.11.06,SITURAJA,BANGBAYANG,45371
32.11.06.2006,32,JAWA BARAT,32.11,KAB. SUMEDANG,32.11.06,SITURAJA,KADUWULUNG,45371
32.11.06.2007,32,JAWA BARAT,32.11,KAB. SUMEDANG,32.11.06,SITURAJA,KARANGHEULEUT,45371
32.11.06.2008,32,JAWA BARAT,32.11,KAB. SUMEDANG,32.11.06,SITURAJA,CIJELER,45371
32.11.06.2009,32,JAWA BARAT,32.11,KAB. SUMEDANG,32.11.06,SITURAJA,AMBIT,45371
32.11.06.2010,32,JAWA BARAT,32.11,KAB. SUMEDANG,32.11.06,SITURAJA,JATIMEKAR,45371
32.11.06.2011,32,JAWA BARAT,32.11,KAB. SUMEDANG,32.11.06,SITURAJA,CIJATI,45371
32.11.06.2012,32,JAWA BARAT,32.11,KAB. SUMEDANG,32.11.06,SITURAJA,PAMULIHAN,45371
32.11.06.2013,32,JAWA BARAT,32.11,KAB. SUMEDANG,32.11.06,SITURAJA,MALAKA,45371
32.11.06.2014,32,JAWA BARAT,32.11,KAB. SUMEDANG,32.11.06,SITURAJA,SUKATALI,45371
32.11.06.2015,32,JAWA BARAT,32.11,KAB. SUMEDANG,32.11.06,SITURAJA,CICARIMANAH,45371
32.11.07.2001,32,JAWA BARAT,32.11,KAB. SUMEDANG,32.11.07,CONGGEANG,CONGGEANG KULON,45391
32.11.07.2002,32,JAWA BARAT,32.11,KAB. SUMEDANG,32.11.07,CONGGEANG,CONGGEANG WETAN,45391
32.11.07.2003,32,JAWA BARAT,32.11,KAB. SUMEDANG,32.11.07,CONGGEANG,CIPAMEKAR,45391
32.11.07.2004,32,JAWA BARAT,32.11,KAB. SUMEDANG,32.11.07,CONGGEANG,CIBEUREUYEUH,45391
32.11.07.2005,32,JAWA BARAT,32.11,KAB. SUMEDANG,32.11.07,CONGGEANG,JAMBU,45391
32.11.07.2006,32,JAWA BARAT,32.11,KAB. SUMEDANG,32.11.07,CONGGEANG,BABAKAN ASEM,45391
32.11.07.2007,32,JAWA BARAT,32.11,KAB. SUMEDANG,32.11.07,CONGGEANG,PADAASIH,45391
32.11.07.2008,32,JAWA BARAT,32.11,KAB. SUMEDANG,32.11.07,CONGGEANG,UNGKAL,45391
32.11.07.2009,32,JAWA BARAT,32.11,KAB. SUMEDANG,32.11.07,CONGGEANG,KARANG LAYUNG,45391
32.11.07.2010,32,JAWA BARAT,32.11,KAB. SUMEDANG,32.11.07,CONGGEANG,CACABAN,45391
32.11.07.2011,32,JAWA BARAT,32.11,KAB. SUMEDANG,32.11.07,CONGGEANG,NARIMBANG,45391
32.11.07.2012,32,JAWA BARAT,32.11,KAB. SUMEDANG,32.11.07,CONGGEANG,CIBUBUAN,45391
32.11.08.2001,32,JAWA BARAT,32.11,KAB. SUMEDANG,32.11.08,PASEH,PASEHKIDUL,45381
32.11.08.2002,32,JAWA BARAT,32.11,KAB. SUMEDANG,32.11.08,PASEH,PASEH KALER,45381
32.11.08.2003,32,JAWA BARAT,32.11,KAB. SUMEDANG,32.11.08,PASEH,LEGOK KIDUL,45381
32.11.08.2004,32,JAWA BARAT,32.11,KAB. SUMEDANG,32.11.08,PASEH,LEGOK KALER,45381
32.11.08.2005,32,JAWA BARAT,32.11,KAB. SUMEDANG,32.11.08,PASEH,BONGKOK,45381
32.11.08.2006,32,JAWA BARAT,32.11,KAB. SUMEDANG,32.11.08,PASEH,PADANAN,45381
32.11.08.2007,32,JAWA BARAT,32.11,KAB. SUMEDANG,32.11.08,PASEH,PASIRREUNGIT,45381
32.11.08.2008,32,JAWA BARAT,32.11,KAB. SUMEDANG,32.11.08,PASEH,CIJAMBE,45381
32.11.08.2009,32,JAWA BARAT,32.11,KAB. SUMEDANG,32.11.08,PASEH,HAURKUNING,45381
32.11.08.2010,32,JAWA BARAT,32.11,KAB. SUMEDANG,32.11.08,PASEH,CITEPOK,45381
32.11.09.2001,32,JAWA BARAT,32.11,KAB. SUMEDANG,32.11.09,SURIAN,WANASARI,45393
32.11.09.2002,32,JAWA BARAT,32.11,KAB. SUMEDANG,32.11.09,SURIAN,WANAJAYA,45393
32.11.09.2003,32,JAWA BARAT,32.11,KAB. SUMEDANG,32.11.09,SURIAN,PAMEKARSARI,45393
32.11.09.2004,32,JAWA BARAT,32.11,KAB. SUMEDANG,32.11.09,SURIAN,TANJUNG,45393
32.11.09.2005,32,JAWA BARAT,32.11,KAB. SUMEDANG,32.11.09,SURIAN,SURIAN,45393
32.11.09.2006,32,JAWA BARAT,32.11,KAB. SUMEDANG,32.11.09,SURIAN,SURIAMUKTI,45393
32.11.09.2007,32,JAWA BARAT,32.11,KAB. SUMEDANG,32.11.09,SURIAN,SURIAMEDAL,45393
32.11.09.2008,32,JAWA BARAT,32.11,KAB. SUMEDANG,32.11.09,SURIAN,RANGGASARI,45393
32.11.09.2009,32,JAWA BARAT,32.11,KAB. SUMEDANG,32.11.09,SURIAN,NANJUNG WANGI,45393
32.11.10.2001,32,JAWA BARAT,32.11,KAB. SUMEDANG,32.11.10,BUAHDUA,BUAHDUA,45392
32.11.10.2002,32,JAWA BARAT,32.11,KAB. SUMEDANG,32.11.10,BUAHDUA,HARIANG,45392
32.11.10.2003,32,JAWA BARAT,32.11,KAB. SUMEDANG,32.11.10,BUAHDUA,KARANGBUNGUR,45392
32.11.10.2004,32,JAWA BARAT,32.11,KAB. SUMEDANG,32.11.10,BUAHDUA,MEKARMUKTI,45392
32.11.10.2005,32,JAWA BARAT,32.11,KAB. SUMEDANG,32.11.10,BUAHDUA,CITALEUS,45392
32.11.10.2006,32,JAWA BARAT,32.11,KAB. SUMEDANG,32.11.10,BUAHDUA,NAGRAK,45392
32.11.10.2007,32,JAWA BARAT,32.11,KAB. SUMEDANG,32.11.10,BUAHDUA,CIBITUNG,45392
32.11.10.2008,32,JAWA BARAT,32.11,KAB. SUMEDANG,32.11.10,BUAHDUA,SEKARWANGI,45392
32.11.10.2009,32,JAWA BARAT,32.11,KAB. SUMEDANG,32.11.10,BUAHDUA,GENDEREH,45392
32.11.10.2010,32,JAWA BARAT,32.11,KAB. SUMEDANG,32.11.10,BUAHDUA,PANYINDANGAN,45392
32.11.10.2011,32,JAWA BARAT,32.11,KAB. SUMEDANG,32.11.10,BUAHDUA,CILANGKAP,45392
32.11.10.2012,32,JAWA BARAT,32.11,KAB. SUMEDANG,32.11.10,BUAHDUA,BOJONGLOA,45392
32.11.10.2013,32,JAWA BARAT,32.11,KAB. SUMEDANG,32.11.10,BUAHDUA,CIKURUBUK,45392
32.11.10.2014,32,JAWA BARAT,32.11,KAB. SUMEDANG,32.11.10,BUAHDUA,CIAWITALI,45392
32.11.11.2001,32,JAWA BARAT,32.11,KAB. SUMEDANG,32.11.11,TANJUNGSARI,GUDANG,45362
32.11.11.2002,32,JAWA BARAT,32.11,KAB. SUMEDANG,32.11.11,TANJUNGSARI,TANJUNGSARI,45362
32.11.11.2003,32,JAWA BARAT,32.11,KAB. SUMEDANG,32.11.11,TANJUNGSARI,JATISARI,45362
32.11.11.2004,32,JAWA BARAT,32.11,KAB. SUMEDANG,32.11.11,TANJUNGSARI,MARGALUYU,45362
32.11.11.2005,32,JAWA BARAT,32.11,KAB. SUMEDANG,32.11.11,TANJUNGSARI,KUTAMANDIRI,45362
32.11.11.2006,32,JAWA BARAT,32.11,KAB. SUMEDANG,32.11.11,TANJUNGSARI,MARGAJAYA,45362
32.11.11.2007,32,JAWA BARAT,32.11,KAB. SUMEDANG,32.11.11,TANJUNGSARI,RAHARJA,45362
32.11.11.2008,32,JAWA BARAT,32.11,KAB. SUMEDANG,32.11.11,TANJUNGSARI,CIJAMBU,45362
32.11.11.2009,32,JAWA BARAT,32.11,KAB. SUMEDANG,32.11.11,TANJUNGSARI,PASIGARAN,45362
32.11.11.2010,32,JAWA BARAT,32.11,KAB. SUMEDANG,32.11.11,TANJUNGSARI,GUNUNGMANIK,45362
32.11.11.2011,32,JAWA BARAT,32.11,KAB. SUMEDANG,32.11.11,TANJUNGSARI,KADAKAJAYA,45362
32.11.11.2012,32,JAWA BARAT,32.11,KAB. SUMEDANG,32.11.11,TANJUNGSARI,CINANJUNG,45362
32.11.12.2001,32,JAWA BARAT,32.11,KAB. SUMEDANG,32.11.12,SUKASARI,SUKASARI,45366
32.11.12.2002,32,JAWA BARAT,32.11,KAB. SUMEDANG,32.11.12,SUKASARI,GENTENG,45366
32.11.12.2003,32,JAWA BARAT,32.11,KAB. SUMEDANG,32.11.12,SUKASARI,BANYURESMI,45366
32.11.12.2004,32,JAWA BARAT,32.11,KAB. SUMEDANG,32.11.12,SUKASARI,NANGGERANG,45366
32.11.12.2005,32,JAWA BARAT,32.11,KAB. SUMEDANG,32.11.12,SUKASARI,MEKARSARI,45366
32.11.12.2006,32,JAWA BARAT,32.11,KAB. SUMEDANG,32.11.12,SUKASARI,SINDANGSARI,45366
32.11.12.2007,32,JAWA BARAT,32.11,KAB. SUMEDANG,32.11.12,SUKASARI,SUKARAPIH,45366
32.11.13.2001,32,JAWA BARAT,32.11,KAB. SUMEDANG,32.11.13,PAMULIHAN,CIGENDEL,45365
32.11.13.2002,32,JAWA BARAT,32.11,KAB. SUMEDANG,32.11.13,PAMULIHAN,CIJERUK,45365
32.11.13.2003,32,JAWA BARAT,32.11,KAB. SUMEDANG,32.11.13,PAMULIHAN,PAMULIHAN,45365
32.11.13.2004,32,JAWA BARAT,32.11,KAB. SUMEDANG,32.11.13,PAMULIHAN,HAURGOMBONG,45365
32.11.13.2005,32,JAWA BARAT,32.11,KAB. SUMEDANG,32.11.13,PAMULIHAN,CILEMBU,45365
32.11.13.2006,32,JAWA BARAT,32.11,KAB. SUMEDANG,32.11.13,PAMULIHAN,CIMARIAS,45365
32.11.13.2007,32,JAWA BARAT,32.11,KAB. SUMEDANG,32.11.13,PAMULIHAN,CINANGGERANG,45365
32.11.13.2008,32,JAWA BARAT,32.11,KAB. SUMEDANG,32.11.13,PAMULIHAN,MEKARBAKTI,45365
32.11.13.2009,32,JAWA BARAT,32.11,KAB. SUMEDANG,32.11.13,PAMULIHAN,SUKAWANGI,45365
32.11.13.2010,32,JAWA BARAT,32.11,KAB. SUMEDANG,32.11.13,PAMULIHAN,CIPTASARI,45365
32.11.13.2011,32,JAWA BARAT,32.11,KAB. SUMEDANG,32.11.13,PAMULIHAN,CITALI,45365
32.11.14.2001,32,JAWA BARAT,32.11,KAB. SUMEDANG,32.11.14,CIMANGGUNG,CIMANGGUNG,45364
32.11.14.2002,32,JAWA BARAT,32.11,KAB. SUMEDANG,32.11.14,CIMANGGUNG,SINDANGPAKUON,45364
32.11.14.2003,32,JAWA BARAT,32.11,KAB. SUMEDANG,32.11.14,CIMANGGUNG,TEGALMANGGUNG,45364
32.11.14.2004,32,JAWA BARAT,32.11,KAB. SUMEDANG,32.11.14,CIMANGGUNG,SINDULANG,45364
32.11.14.2005,32,JAWA BARAT,32.11,KAB. SUMEDANG,32.11.14,CIMANGGUNG,SINDANGGALIH,45364
32.11.14.2006,32,JAWA BARAT,32.11,KAB. SUMEDANG,32.11.14,CIMANGGUNG,SAWAHDADAP,45364
32.11.14.2007,32,JAWA BARAT,32.11,KAB. SUMEDANG,32.11.14,CIMANGGUNG,CIKAHURIPAN,45364
32.11.14.2008,32,JAWA BARAT,32.11,KAB. SUMEDANG,32.11.14,CIMANGGUNG,SUKADANA,45364
32.11.14.2009,32,JAWA BARAT,32.11,KAB. SUMEDANG,32.11.14,CIMANGGUNG,MANGUNARGA,45364
32.11.14.2010,32,JAWA BARAT,32.11,KAB. SUMEDANG,32.11.14,CIMANGGUNG,CIHANJUANG,45364
32.11.14.2011,32,JAWA BARAT,32.11,KAB. SUMEDANG,32.11.14,CIMANGGUNG,PASIRNANJUNG,45364
32.11.15.2001,32,JAWA BARAT,32.11,KAB. SUMEDANG,32.11.15,JATINANGOR,CIKERUH,45363
32.11.15.2002,32,JAWA BARAT,32.11,KAB. SUMEDANG,32.11.15,JATINANGOR,HEGARMANAH,45363
32.11.15.2003,32,JAWA BARAT,32.11,KAB. SUMEDANG,32.11.15,JATINANGOR,CIBEUSI,45363
32.11.15.2004,32,JAWA BARAT,32.11,KAB. SUMEDANG,32.11.15,JATINANGOR,CIPACING,45363
32.11.15.2005,32,JAWA BARAT,32.11,KAB. SUMEDANG,32.11.15,JATINANGOR,SAYANG,45363
32.11.15.2006,32,JAWA BARAT,32.11,KAB. SUMEDANG,32.11.15,JATINANGOR,MEKARGALIH,45363
32.11.15.2007,32,JAWA BARAT,32.11,KAB. SUMEDANG,32.11.15,JATINANGOR,CINTAMULYA,45363
32.11.15.2008,32,JAWA BARAT,32.11,KAB. SUMEDANG,32.11.15,JATINANGOR,JATIMUKTI,45363
32.11.15.2009,32,JAWA BARAT,32.11,KAB. SUMEDANG,32.11.15,JATINANGOR,CISEMPUR,45363
32.11.15.2010,32,JAWA BARAT,32.11,KAB. SUMEDANG,32.11.15,JATINANGOR,JATIROKE,45363
32.11.15.2011,32,JAWA BARAT,32.11,KAB. SUMEDANG,32.11.15,JATINANGOR,CILELES,45363
32.11.15.2012,32,JAWA BARAT,32.11,KAB. SUMEDANG,32.11.15,JATINANGOR,CILAYUNG,45363
32.11.16.2001,32,JAWA BARAT,32.11,KAB. SUMEDANG,32.11.16,RANCAKALONG,NAGARAWANGI,45361
32.11.16.2002,32,JAWA BARAT,32.11,KAB. SUMEDANG,32.11.16,RANCAKALONG,CIBUNAR,45361
32.11.16.2003,32,JAWA BARAT,32.11,KAB. SUMEDANG,32.11.16,RANCAKALONG,PANGADEGAN,45361
32.11.16.2004,32,JAWA BARAT,32.11,KAB. SUMEDANG,32.11.16,RANCAKALONG,SUKAHAYU,45361
32.11.16.2005,32,JAWA BARAT,32.11,KAB. SUMEDANG,32.11.16,RANCAKALONG,SUKAMAJU,45361
32.11.16.2006,32,JAWA BARAT,32.11,KAB. SUMEDANG,32.11.16,RANCAKALONG,PAMEKARAN,45361
32.11.16.2007,32,JAWA BARAT,32.11,KAB. SUMEDANG,32.11.16,RANCAKALONG,RANCAKALONG,45361
32.11.16.2008,32,JAWA BARAT,32.11,KAB. SUMEDANG,32.11.16,RANCAKALONG,SUKASIRNARASA,45361
32.11.16.2009,32,JAWA BARAT,32.11,KAB. SUMEDANG,32.11.16,RANCAKALONG,CIBUNGUR,45361
32.11.16.2010,32,JAWA BARAT,32.11,KAB. SUMEDANG,32.11.16,RANCAKALONG,PASIRBIRU,45361
32.11.17.1001,32,JAWA BARAT,32.11,KAB. SUMEDANG,32.11.17,SUMEDANG SELATAN,PASANGGRAHAN BARU,45313
32.11.17.1002,32,JAWA BARAT,32.11,KAB. SUMEDANG,32.11.17,SUMEDANG SELATAN,KOTAKULON,45312
32.11.17.1003,32,JAWA BARAT,32.11,KAB. SUMEDANG,32.11.17,SUMEDANG SELATAN,REGOLWETAN,45311
32.11.17.1004,32,JAWA BARAT,32.11,KAB. SUMEDANG,32.11.17,SUMEDANG SELATAN,CIPAMEUNGPEUK,45315
32.11.17.2005,32,JAWA BARAT,32.11,KAB. SUMEDANG,32.11.17,SUMEDANG SELATAN,SUKAGALIH,45316
32.11.17.2006,32,JAWA BARAT,32.11,KAB. SUMEDANG,32.11.17,SUMEDANG SELATAN,BAGINDA,45317
32.11.17.2007,32,JAWA BARAT,32.11,KAB. SUMEDANG,32.11.17,SUMEDANG SELATAN,CIPANCAR,45317
32.11.17.2008,32,JAWA BARAT,32.11,KAB. SUMEDANG,32.11.17,SUMEDANG SELATAN,CITENGAH,45318
32.11.17.2009,32,JAWA BARAT,32.11,KAB. SUMEDANG,32.11.17,SUMEDANG SELATAN,GUNASARI,45316
32.11.17.2010,32,JAWA BARAT,32.11,KAB. SUMEDANG,32.11.17,SUMEDANG SELATAN,SUKAJAYA,45314
32.11.17.2011,32,JAWA BARAT,32.11,KAB. SUMEDANG,32.11.17,SUMEDANG SELATAN,MARGAMEKAR,45314
32.11.17.2012,32,JAWA BARAT,32.11,KAB. SUMEDANG,32.11.17,SUMEDANG SELATAN,CIHERANG,45319
32.11.17.2013,32,JAWA BARAT,32.11,KAB. SUMEDANG,32.11.17,SUMEDANG SELATAN,MARGALAKSANA,45313
32.11.17.2014,32,JAWA BARAT,32.11,KAB. SUMEDANG,32.11.17,SUMEDANG SELATAN,MEKAR RAHAYU,45313
32.11.18.1001,32,JAWA BARAT,32.11,KAB. SUMEDANG,32.11.18,SUMEDANG UTARA,KOTAKALER,45322
32.11.18.1002,32,JAWA BARAT,32.11,KAB. SUMEDANG,32.11.18,SUMEDANG UTARA,SITU,45323
32.11.18.1003,32,JAWA BARAT,32.11,KAB. SUMEDANG,32.11.18,SUMEDANG UTARA,TALUN,45321
32.11.18.2004,32,JAWA BARAT,32.11,KAB. SUMEDANG,32.11.18,SUMEDANG UTARA,PADASUKA,45325
32.11.18.2005,32,JAWA BARAT,32.11,KAB. SUMEDANG,32.11.18,SUMEDANG UTARA,MULYASARI,45326
32.11.18.2006,32,JAWA BARAT,32.11,KAB. SUMEDANG,32.11.18,SUMEDANG UTARA,GIRIMUKTI,45325
32.11.18.2007,32,JAWA BARAT,32.11,KAB. SUMEDANG,32.11.18,SUMEDANG UTARA,MEKARJAYA,45328
32.11.18.2008,32,JAWA BARAT,32.11,KAB. SUMEDANG,32.11.18,SUMEDANG UTARA,MARGAMUKTI,45327
32.11.18.2009,32,JAWA BARAT,32.11,KAB. SUMEDANG,32.11.18,SUMEDANG UTARA,SIRNAMULYA,45326
32.11.18.2010,32,JAWA BARAT,32.11,KAB. SUMEDANG,32.11.18,SUMEDANG UTARA,KEBONJATI,45329
32.11.18.2011,32,JAWA BARAT,32.11,KAB. SUMEDANG,32.11.18,SUMEDANG UTARA,JATIHURIP,45329
32.11.18.2012,32,JAWA BARAT,32.11,KAB. SUMEDANG,32.11.18,SUMEDANG UTARA,JATIMULYA,45329
32.11.18.2013,32,JAWA BARAT,32.11,KAB. SUMEDANG,32.11.18,SUMEDANG UTARA,RANCAMULYA,45324
32.11.19.2001,32,JAWA BARAT,32.11,KAB. SUMEDANG,32.11.19,GANEAS,GANEAS,45356
32.11.19.2002,32,JAWA BARAT,32.11,KAB. SUMEDANG,32.11.19,GANEAS,DAYEUHLUHUR,45356
32.11.19.2003,32,JAWA BARAT,32.11,KAB. SUMEDANG,32.11.19,GANEAS,CIKONENG,45356
32.11.19.2004,32,JAWA BARAT,32.11,KAB. SUMEDANG,32.11.19,GANEAS,SUKALUYU,45356
32.11.19.2005,32,JAWA BARAT,32.11,KAB. SUMEDANG,32.11.19,GANEAS,SUKAWENING,45356
32.11.19.2006,32,JAWA BARAT,32.11,KAB. SUMEDANG,32.11.19,GANEAS,TANJUNGHURIP,45356
32.11.19.2007,32,JAWA BARAT,32.11,KAB. SUMEDANG,32.11.19,GANEAS,CIKONDANG,45356
32.11.19.2008,32,JAWA BARAT,32.11,KAB. SUMEDANG,32.11.19,GANEAS,CIKONENGKULON,45356
32.11.20.2001,32,JAWA BARAT,32.11,KAB. SUMEDANG,32.11.20,TANJUNGKERTA,SUKAMANTRI,45354
32.11.20.2002,32,JAWA BARAT,32.11,KAB. SUMEDANG,32.11.20,TANJUNGKERTA,CIPANAS,45354
32.11.20.2003,32,JAWA BARAT,32.11,KAB. SUMEDANG,32.11.20,TANJUNGKERTA,GUNTURMEKAR,45354
32.11.20.2004,32,JAWA BARAT,32.11,KAB. SUMEDANG,32.11.20,TANJUNGKERTA,MULYAMEKAR,45354
32.11.20.2005,32,JAWA BARAT,32.11,KAB. SUMEDANG,32.11.20,TANJUNGKERTA,BANYUASIH,45354
32.11.20.2006,32,JAWA BARAT,32.11,KAB. SUMEDANG,32.11.20,TANJUNGKERTA,KERTAMEKAR,45354
32.11.20.2007,32,JAWA BARAT,32.11,KAB. SUMEDANG,32.11.20,TANJUNGKERTA,KERTAHARJA,45354
32.11.20.2008,32,JAWA BARAT,32.11,KAB. SUMEDANG,32.11.20,TANJUNGKERTA,CIGENTUR,45354
32.11.20.2009,32,JAWA BARAT,32.11,KAB. SUMEDANG,32.11.20,TANJUNGKERTA,TANJUNGMEKAR,45354
32.11.20.2010,32,JAWA BARAT,32.11,KAB. SUMEDANG,32.11.20,TANJUNGKERTA,TANJUNGMULYA,45354
32.11.20.2011,32,JAWA BARAT,32.11,KAB. SUMEDANG,32.11.20,TANJUNGKERTA,BAROS,45354
32.11.20.2012,32,JAWA BARAT,32.11,KAB. SUMEDANG,32.11.20,TANJUNGKERTA,AWILEGA,45354
32.11.21.2001,32,JAWA BARAT,32.11,KAB. SUMEDANG,32.11.21,TANJUNGMEDAR,CIKARAMAS,45355
32.11.21.2002,32,JAWA BARAT,32.11,KAB. SUMEDANG,32.11.21,TANJUNGMEDAR,WARGALUYU,45355
32.11.21.2003,32,JAWA BARAT,32.11,KAB. SUMEDANG,32.11.21,TANJUNGMEDAR,JINGKANG,45355
32.11.21.2004,32,JAWA BARAT,32.11,KAB. SUMEDANG,32.11.21,TANJUNGMEDAR,KAMAL,45355
32.11.21.2005,32,JAWA BARAT,32.11,KAB. SUMEDANG,32.11.21,TANJUNGMEDAR,KERTAMUKTI,45355
32.11.21.2006,32,JAWA BARAT,32.11,KAB. SUMEDANG,32.11.21,TANJUNGMEDAR,TANJUNGWANGI,45355
32.11.21.2007,32,JAWA BARAT,32.11,KAB. SUMEDANG,32.11.21,TANJUNGMEDAR,SUKAMUKTI,45355
32.11.21.2008,32,JAWA BARAT,32.11,KAB. SUMEDANG,32.11.21,TANJUNGMEDAR,SUKATANI,45355
32.11.21.2009,32,JAWA BARAT,32.11,KAB. SUMEDANG,32.11.21,TANJUNGMEDAR,TANJUNG MEDAR,45355
32.11.22.2001,32,JAWA BARAT,32.11,KAB. SUMEDANG,32.11.22,CIMALAKA,CIMALAKA,45353
32.11.22.2002,32,JAWA BARAT,32.11,KAB. SUMEDANG,32.11.22,CIMALAKA,GALUDRA,45353
32.11.22.2003,32,JAWA BARAT,32.11,KAB. SUMEDANG,32.11.22,CIMALAKA,CIBEUREUM KULON,45353
32.11.22.2004,32,JAWA BARAT,32.11,KAB. SUMEDANG,32.11.22,CIMALAKA,NALUK,45353
32.11.22.2005,32,JAWA BARAT,32.11,KAB. SUMEDANG,32.11.22,CIMALAKA,NYALINDUNG,45353
32.11.22.2006,32,JAWA BARAT,32.11,KAB. SUMEDANG,32.11.22,CIMALAKA,TRUNAMANGGALA,45353
32.11.22.2007,32,JAWA BARAT,32.11,KAB. SUMEDANG,32.11.22,CIMALAKA,CIKOLE,45353
32.11.22.2008,32,JAWA BARAT,32.11,KAB. SUMEDANG,32.11.22,CIMALAKA,CIBEUREUM WETAN,45353
32.11.22.2009,32,JAWA BARAT,32.11,KAB. SUMEDANG,32.11.22,CIMALAKA,MANDALAHERANG,45353
32.11.22.2010,32,JAWA BARAT,32.11,KAB. SUMEDANG,32.11.22,CIMALAKA,LICIN,45353
32.11.22.2011,32,JAWA BARAT,32.11,KAB. SUMEDANG,32.11.22,CIMALAKA,CITIMUN,45353
32.11.22.2012,32,JAWA BARAT,32.11,KAB. SUMEDANG,32.11.22,CIMALAKA,SERANG,45353
32.11.22.2013,32,JAWA BARAT,32.11,KAB. SUMEDANG,32.11.22,CIMALAKA,PADASARI,45353
32.11.22.2014,32,JAWA BARAT,32.11,KAB. SUMEDANG,32.11.22,CIMALAKA,CIMUJA,45353
32.11.23.2001,32,JAWA BARAT,32.11,KAB. SUMEDANG,32.11.23,CISARUA,CISARUA,45357
32.11.23.2002,32,JAWA BARAT,32.11,KAB. SUMEDANG,32.11.23,CISARUA,CIUYAH,45357
32.11.23.2003,32,JAWA BARAT,32.11,KAB. SUMEDANG,32.11.23,CISARUA,CIMARA,45357
32.11.23.2004,32,JAWA BARAT,32.11,KAB. SUMEDANG,32.11.23,CISARUA,BANTARMARA,45357
32.11.23.2005,32,JAWA BARAT,32.11,KAB. SUMEDANG,32.11.23,CISARUA,CIPANDANWANGI,45357
32.11.23.2006,32,JAWA BARAT,32.11,KAB. SUMEDANG,32.11.23,CISARUA,CISALAK,45357
32.11.23.2007,32,JAWA BARAT,32.11,KAB. SUMEDANG,32.11.23,CISARUA,KEBONKALAPA,45357
32.11.24.2001,32,JAWA BARAT,32.11,KAB. SUMEDANG,32.11.24,TOMO,TOMO,45382
32.11.24.2002,32,JAWA BARAT,32.11,KAB. SUMEDANG,32.11.24,TOMO,TOLENGAS,45382
32.11.24.2003,32,JAWA BARAT,32.11,KAB. SUMEDANG,32.11.24,TOMO,DARMAWANGI,45382
32.11.24.2004,32,JAWA BARAT,32.11,KAB. SUMEDANG,32.11.24,TOMO,MARONGGE,45382
32.11.24.2005,32,JAWA BARAT,32.11,KAB. SUMEDANG,32.11.24,TOMO,JEMBARWANGI,45382
32.11.24.2006,32,JAWA BARAT,32.11,KAB. SUMEDANG,32.11.24,TOMO,BUGEL,45382
32.11.24.2007,32,JAWA BARAT,32.11,KAB. SUMEDANG,32.11.24,TOMO,CIPELES,45382
32.11.24.2008,32,JAWA BARAT,32.11,KAB. SUMEDANG,32.11.24,TOMO,KARYAMUKTI,45382
32.11.24.2010,32,JAWA BARAT,32.11,KAB. SUMEDANG,32.11.24,TOMO,MEKARWANGI,45382
32.11.25.2001,32,JAWA BARAT,32.11,KAB. SUMEDANG,32.11.25,UJUNGJAYA,UJUNGJAYA,45383
32.11.25.2002,32,JAWA BARAT,32.11,KAB. SUMEDANG,32.11.25,UJUNGJAYA,PALABUAN,45383
32.11.25.2003,32,JAWA BARAT,32.11,KAB. SUMEDANG,32.11.25,UJUNGJAYA,PALASARI,45383
32.11.25.2004,32,JAWA BARAT,32.11,KAB. SUMEDANG,32.11.25,UJUNGJAYA,KEBONCAU,45383
32.11.25.2005,32,JAWA BARAT,32.11,KAB. SUMEDANG,32.11.25,UJUNGJAYA,SAKURJAYA,45383
32.11.25.2006,32,JAWA BARAT,32.11,KAB. SUMEDANG,32.11.25,UJUNGJAYA,KUDANGWANGI,45383
32.11.25.2007,32,JAWA BARAT,32.11,KAB. SUMEDANG,32.11.25,UJUNGJAYA,SUKAMULYA,45383
32.11.25.2008,32,JAWA BARAT,32.11,KAB. SUMEDANG,32.11.25,UJUNGJAYA,CIPELANG,45383
32.11.25.2009,32,JAWA BARAT,32.11,KAB. SUMEDANG,32.11.25,UJUNGJAYA,CIBULUH,45383
32.11.26.2001,32,JAWA BARAT,32.11,KAB. SUMEDANG,32.11.26,JATIGEDE,CIJEUNGJING,45374
32.11.26.2002,32,JAWA BARAT,32.11,KAB. SUMEDANG,32.11.26,JATIGEDE,KADUJAYA,45374
32.11.26.2003,32,JAWA BARAT,32.11,KAB. SUMEDANG,32.11.26,JATIGEDE,LEBAKSIUH,45374
32.11.26.2004,32,JAWA BARAT,32.11,KAB. SUMEDANG,32.11.26,JATIGEDE,CINTAJAYA,45374
32.11.26.2005,32,JAWA BARAT,32.11,KAB. SUMEDANG,32.11.26,JATIGEDE,CIPICUNG,45374
32.11.26.2006,32,JAWA BARAT,32.11,KAB. SUMEDANG,32.11.26,JATIGEDE,MEKARASIH,45374
32.11.26.2008,32,JAWA BARAT,32.11,KAB. SUMEDANG,32.11.26,JATIGEDE,CIRANGGEM,45374
32.11.26.2009,32,JAWA BARAT,32.11,KAB. SUMEDANG,32.11.26,JATIGEDE,CISAMPIH,45374
32.11.26.2010,32,JAWA BARAT,32.11,KAB. SUMEDANG,32.11.26,JATIGEDE,JEMAH,45374
32.11.26.2011,32,JAWA BARAT,32.11,KAB. SUMEDANG,32.11.26,JATIGEDE,KAREDOK,45374
32.11.26.2012,32,JAWA BARAT,32.11,KAB. SUMEDANG,32.11.26,JATIGEDE,KADU,45374
32.12.01.2007,32,JAWA BARAT,32.12,KAB. INDRAMAYU,32.12.01,HAURGEULIS,HAURKOLOT,45264
32.12.01.2008,32,JAWA BARAT,32.12,KAB. INDRAMAYU,32.12.01,HAURGEULIS,HAURGEULIS,45264
32.12.01.2009,32,JAWA BARAT,32.12,KAB. INDRAMAYU,32.12.01,HAURGEULIS,SUKAJATI,45264
32.12.01.2010,32,JAWA BARAT,32.12,KAB. INDRAMAYU,32.12.01,HAURGEULIS,WANAKAYA,45264
32.12.01.2011,32,JAWA BARAT,32.12,KAB. INDRAMAYU,32.12.01,HAURGEULIS,KARANGTUMARITIS,45264
32.12.01.2012,32,JAWA BARAT,32.12,KAB. INDRAMAYU,32.12.01,HAURGEULIS,KERTANEGARA,45264
32.12.01.2013,32,JAWA BARAT,32.12,KAB. INDRAMAYU,32.12.01,HAURGEULIS,CIPANCUH,45264
32.12.01.2014,32,JAWA BARAT,32.12,KAB. INDRAMAYU,32.12.01,HAURGEULIS,MEKARJATI,45264
32.12.01.2015,32,JAWA BARAT,32.12,KAB. INDRAMAYU,32.12.01,HAURGEULIS,SIDODADI,45264
32.12.01.2016,32,JAWA BARAT,32.12,KAB. INDRAMAYU,32.12.01,HAURGEULIS,SUMBERMULYA,45264
32.12.02.2001,32,JAWA BARAT,32.12,KAB. INDRAMAYU,32.12.02,KROYA,TANJUNGKERTA,45265
32.12.02.2002,32,JAWA BARAT,32.12,KAB. INDRAMAYU,32.12.02,KROYA,KROYA,45265
32.12.02.2003,32,JAWA BARAT,32.12,KAB. INDRAMAYU,32.12.02,KROYA,SUMBON,45265
32.12.02.2004,32,JAWA BARAT,32.12,KAB. INDRAMAYU,32.12.02,KROYA,SUKAMELANG,45265
32.12.02.2005,32,JAWA BARAT,32.12,KAB. INDRAMAYU,32.12.02,KROYA,TEMIYANG,45265
32.12.02.2006,32,JAWA BARAT,32.12,KAB. INDRAMAYU,32.12.02,KROYA,TAMIYANGSARI,45265
32.12.02.2007,32,JAWA BARAT,32.12,KAB. INDRAMAYU,32.12.02,KROYA,JAYAMULYA,45265
32.12.02.2008,32,JAWA BARAT,32.12,KAB. INDRAMAYU,32.12.02,KROYA,SUKA SLAMET,45265
32.12.02.2009,32,JAWA BARAT,32.12,KAB. INDRAMAYU,32.12.02,KROYA,SUMBERJAYA,45265
32.12.03.2001,32,JAWA BARAT,32.12,KAB. INDRAMAYU,32.12.03,GABUSWETAN,KEDUNG DAWA,45263
32.12.03.2002,32,JAWA BARAT,32.12,KAB. INDRAMAYU,32.12.03,GABUSWETAN,BABAKAN JAYA,45263
32.12.03.2003,32,JAWA BARAT,32.12,KAB. INDRAMAYU,32.12.03,GABUSWETAN,GABUS KULON,45263
32.12.03.2004,32,JAWA BARAT,32.12,KAB. INDRAMAYU,32.12.03,GABUSWETAN,SEKAR MULYA,45263
32.12.03.2005,32,JAWA BARAT,32.12,KAB. INDRAMAYU,32.12.03,GABUSWETAN,KEDOKAN GABUS,45263
32.12.03.2006,32,JAWA BARAT,32.12,KAB. INDRAMAYU,32.12.03,GABUSWETAN,RANCAMULYA,45263
32.12.03.2007,32,JAWA BARAT,32.12,KAB. INDRAMAYU,32.12.03,GABUSWETAN,RANCAHAN,45263
32.12.03.2008,32,JAWA BARAT,32.12,KAB. INDRAMAYU,32.12.03,GABUSWETAN,GABUS WETAN,45263
32.12.03.2009,32,JAWA BARAT,32.12,KAB. INDRAMAYU,32.12.03,GABUSWETAN,DRUNTEN WETAN,45263
32.12.03.2010,32,JAWA BARAT,32.12,KAB. INDRAMAYU,32.12.03,GABUSWETAN,DRUNTEN KULON,45263
32.12.04.2003,32,JAWA BARAT,32.12,KAB. INDRAMAYU,32.12.04,CIKEDUNG,LOYANG,45262
32.12.04.2004,32,JAWA BARAT,32.12,KAB. INDRAMAYU,32.12.04,CIKEDUNG,AMIS,45262
32.12.04.2005,32,JAWA BARAT,32.12,KAB. INDRAMAYU,32.12.04,CIKEDUNG,JATISURA,45262
32.12.04.2006,32,JAWA BARAT,32.12,KAB. INDRAMAYU,32.12.04,CIKEDUNG,JAMBAK,45262
32.12.04.2007,32,JAWA BARAT,32.12,KAB. INDRAMAYU,32.12.04,CIKEDUNG,CIKIDUNG KIDUL,45262
32.12.04.2012,32,JAWA BARAT,32.12,KAB. INDRAMAYU,32.12.04,CIKEDUNG,CIKEDUNG LOR,45262
32.12.04.2013,32,JAWA BARAT,32.12,KAB. INDRAMAYU,32.12.04,CIKEDUNG,MUNDAKJAYA,45262
32.12.05.2001,32,JAWA BARAT,32.12,KAB. INDRAMAYU,32.12.05,LELEA,TUNGGUL PAYUNG,45261
32.12.05.2002,32,JAWA BARAT,32.12,KAB. INDRAMAYU,32.12.05,LELEA,TUGU,45261
32.12.05.2003,32,JAWA BARAT,32.12,KAB. INDRAMAYU,32.12.05,LELEA,NUNUK,45261
32.12.05.2004,32,JAWA BARAT,32.12,KAB. INDRAMAYU,32.12.05,LELEA,TEMPEL,45261
32.12.05.2005,32,JAWA BARAT,32.12,KAB. INDRAMAYU,32.12.05,LELEA,PANGAUBAN,45261
32.12.05.2006,32,JAWA BARAT,32.12,KAB. INDRAMAYU,32.12.05,LELEA,TEGALASARI,45261
32.12.05.2007,32,JAWA BARAT,32.12,KAB. INDRAMAYU,32.12.05,LELEA,LANGGENGSARI,45261
32.12.05.2008,32,JAWA BARAT,32.12,KAB. INDRAMAYU,32.12.05,LELEA,TAMANSARI,45261
32.12.05.2009,32,JAWA BARAT,32.12,KAB. INDRAMAYU,32.12.05,LELEA,LELEA,45261
32.12.05.2010,32,JAWA BARAT,32.12,KAB. INDRAMAYU,32.12.05,LELEA,CEMPEH,45261
32.12.05.2011,32,JAWA BARAT,32.12,KAB. INDRAMAYU,32.12.05,LELEA,TEMPELKULON,45261
32.12.06.2008,32,JAWA BARAT,32.12,KAB. INDRAMAYU,32.12.06,BANGODUA,MULYASARI,45272
32.12.06.2015,32,JAWA BARAT,32.12,KAB. INDRAMAYU,32.12.06,BANGODUA,BANGODUA,45272
32.12.06.2016,32,JAWA BARAT,32.12,KAB. INDRAMAYU,32.12.06,BANGODUA,BEDUYUT,45272
32.12.06.2017,32,JAWA BARAT,32.12,KAB. INDRAMAYU,32.12.06,BANGODUA,RANCASARI,45272
32.12.06.2018,32,JAWA BARAT,32.12,KAB. INDRAMAYU,32.12.06,BANGODUA,WANASARI,45272
32.12.06.2019,32,JAWA BARAT,32.12,KAB. INDRAMAYU,32.12.06,BANGODUA,KARANGGETAS,45272
32.12.06.2020,32,JAWA BARAT,32.12,KAB. INDRAMAYU,32.12.06,BANGODUA,TEGALGIRANG,45272
32.12.06.2021,32,JAWA BARAT,32.12,KAB. INDRAMAYU,32.12.06,BANGODUA,MALANGSARI,45272
32.12.07.2006,32,JAWA BARAT,32.12,KAB. INDRAMAYU,32.12.07,WIDASARI,BANGKALOA ILIR,45271
32.12.07.2007,32,JAWA BARAT,32.12,KAB. INDRAMAYU,32.12.07,WIDASARI,WIDASARI,45271
32.12.07.2008,32,JAWA BARAT,32.12,KAB. INDRAMAYU,32.12.07,WIDASARI,KALENSARI,45271
32.12.07.2010,32,JAWA BARAT,32.12,KAB. INDRAMAYU,32.12.07,WIDASARI,BUNDER,45271
32.12.07.2011,32,JAWA BARAT,32.12,KAB. INDRAMAYU,32.12.07,WIDASARI,UJUNGARIS,45271
32.12.07.2012,32,JAWA BARAT,32.12,KAB. INDRAMAYU,32.12.07,WIDASARI,KONGSIJAYA,45271
32.12.07.2013,32,JAWA BARAT,32.12,KAB. INDRAMAYU,32.12.07,WIDASARI,UJUNGJAYA,45271
32.12.07.2014,32,JAWA BARAT,32.12,KAB. INDRAMAYU,32.12.07,WIDASARI,UJUNG PONDOK JAYA,45271
32.12.07.2015,32,JAWA BARAT,32.12,KAB. INDRAMAYU,32.12.07,WIDASARI,LEUWIGEDE,45271
32.12.07.2016,32,JAWA BARAT,32.12,KAB. INDRAMAYU,32.12.07,WIDASARI,KASMARAN,45271
32.12.08.2007,32,JAWA BARAT,32.12,KAB. INDRAMAYU,32.12.08,KERTASEMAYA,TULUNGAGUNG,45274
32.12.08.2008,32,JAWA BARAT,32.12,KAB. INDRAMAYU,32.12.08,KERTASEMAYA,JENGKOK,45274
32.12.08.2009,32,JAWA BARAT,32.12,KAB. INDRAMAYU,32.12.08,KERTASEMAYA,TEGAL WIRANGRONG,45274
32.12.08.2010,32,JAWA BARAT,32.12,KAB. INDRAMAYU,32.12.08,KERTASEMAYA,MANGUNTARA,45274
32.12.08.2011,32,JAWA BARAT,32.12,KAB. INDRAMAYU,32.12.08,KERTASEMAYA,JAMBE,45274
32.12.08.2012,32,JAWA BARAT,32.12,KAB. INDRAMAYU,32.12.08,KERTASEMAYA,LEMAHAYU,45274
32.12.08.2013,32,JAWA BARAT,32.12,KAB. INDRAMAYU,32.12.08,KERTASEMAYA,TENAJAR KIDUL,45274
32.12.08.2014,32,JAWA BARAT,32.12,KAB. INDRAMAYU,32.12.08,KERTASEMAYA,KERTASEMAYA,45274
32.12.08.2015,32,JAWA BARAT,32.12,KAB. INDRAMAYU,32.12.08,KERTASEMAYA,KLIWED,45274
32.12.08.2016,32,JAWA BARAT,32.12,KAB. INDRAMAYU,32.12.08,KERTASEMAYA,TENAJAR,45274
32.12.08.2017,32,JAWA BARAT,32.12,KAB. INDRAMAYU,32.12.08,KERTASEMAYA,LARANGAN JAMBE,45274
32.12.08.2018,32,JAWA BARAT,32.12,KAB. INDRAMAYU,32.12.08,KERTASEMAYA,TENAJAR LOR,45274
32.12.08.2019,32,JAWA BARAT,32.12,KAB. INDRAMAYU,32.12.08,KERTASEMAYA,SUKAWERA,45274
32.12.09.2001,32,JAWA BARAT,32.12,KAB. INDRAMAYU,32.12.09,KRANGKENG,PURWAJAYA,45284
32.12.09.2002,32,JAWA BARAT,32.12,KAB. INDRAMAYU,32.12.09,KRANGKENG,KAPRINGAN,45284
32.12.09.2003,32,JAWA BARAT,32.12,KAB. INDRAMAYU,32.12.09,KRANGKENG,SINGAKERTA,45284
32.12.09.2004,32,JAWA BARAT,32.12,KAB. INDRAMAYU,32.12.09,KRANGKENG,DUKUHJATI,45284
32.12.09.2005,32,JAWA BARAT,32.12,KAB. INDRAMAYU,32.12.09,KRANGKENG,TEGALMULYA,45284
32.12.09.2006,32,JAWA BARAT,32.12,KAB. INDRAMAYU,32.12.09,KRANGKENG,KEDUNGWUNGU,45284
32.12.09.2007,32,JAWA BARAT,32.12,KAB. INDRAMAYU,32.12.09,KRANGKENG,SRENGSENG,45284
32.12.09.2008,32,JAWA BARAT,32.12,KAB. INDRAMAYU,32.12.09,KRANGKENG,LUWUNGGESIK,45284
32.12.09.2009,32,JAWA BARAT,32.12,KAB. INDRAMAYU,32.12.09,KRANGKENG,KALIANYAR,45284
32.12.09.2010,32,JAWA BARAT,32.12,KAB. INDRAMAYU,32.12.09,KRANGKENG,KRANGKENG,45284
32.12.09.2011,32,JAWA BARAT,32.12,KAB. INDRAMAYU,32.12.09,KRANGKENG,TANJAKAN,45284
32.12.10.2008,32,JAWA BARAT,32.12,KAB. INDRAMAYU,32.12.10,KARANGAMPEL,TANJUNGPURA,45283
32.12.10.2009,32,JAWA BARAT,32.12,KAB. INDRAMAYU,32.12.10,KARANGAMPEL,TANJUNGSARI,45283
32.12.10.2010,32,JAWA BARAT,32.12,KAB. INDRAMAYU,32.12.10,KARANGAMPEL,PRINGGACALA,45283
32.12.10.2011,32,JAWA BARAT,32.12,KAB. INDRAMAYU,32.12.10,KARANGAMPEL,BENDA,45283
32.12.10.2012,32,JAWA BARAT,32.12,KAB. INDRAMAYU,32.12.10,KARANGAMPEL,SENDANG,45283
32.12.10.2013,32,JAWA BARAT,32.12,KAB. INDRAMAYU,32.12.10,KARANGAMPEL,KARANGAMPEL KIDUL,45283
32.12.10.2014,32,JAWA BARAT,32.12,KAB. INDRAMAYU,32.12.10,KARANGAMPEL,KARANGAMPEL,45283
32.12.10.2015,32,JAWA BARAT,32.12,KAB. INDRAMAYU,32.12.10,KARANGAMPEL,DUKUH JERUK,45283
32.12.10.2016,32,JAWA BARAT,32.12,KAB. INDRAMAYU,32.12.10,KARANGAMPEL,DUKUH TENGAH,45283
32.12.10.2017,32,JAWA BARAT,32.12,KAB. INDRAMAYU,32.12.10,KARANGAMPEL,MUNDU,45283
32.12.10.2019,32,JAWA BARAT,32.12,KAB. INDRAMAYU,32.12.10,KARANGAMPEL,KAPLONGAN LOR,45283
32.12.11.2001,32,JAWA BARAT,32.12,KAB. INDRAMAYU,32.12.11,JUNTINYUAT,SEGERAN KIDUL,45282
32.12.11.2002,32,JAWA BARAT,32.12,KAB. INDRAMAYU,32.12.11,JUNTINYUAT,SEGERAN,45282
32.12.11.2003,32,JAWA BARAT,32.12,KAB. INDRAMAYU,32.12.11,JUNTINYUAT,JUNTIWEDEN,45282
32.12.11.2004,32,JAWA BARAT,32.12,KAB. INDRAMAYU,32.12.11,JUNTINYUAT,DADAP,45282
32.12.11.2005,32,JAWA BARAT,32.12,KAB. INDRAMAYU,32.12.11,JUNTINYUAT,JUNTUNYUAT,45282
32.12.11.2006,32,JAWA BARAT,32.12,KAB. INDRAMAYU,32.12.11,JUNTINYUAT,JUNTIKEDOKAN,45282
32.12.11.2007,32,JAWA BARAT,32.12,KAB. INDRAMAYU,32.12.11,JUNTINYUAT,PONDOH,45282
32.12.11.2008,32,JAWA BARAT,32.12,KAB. INDRAMAYU,32.12.11,JUNTINYUAT,SAMBIRMAYA,45282
32.12.11.2009,32,JAWA BARAT,32.12,KAB. INDRAMAYU,32.12.11,JUNTINYUAT,TINUMPUK,45282
32.12.11.2010,32,JAWA BARAT,32.12,KAB. INDRAMAYU,32.12.11,JUNTINYUAT,JUNTIKEBON,45282
32.12.11.2011,32,JAWA BARAT,32.12,KAB. INDRAMAYU,32.12.11,JUNTINYUAT,LOMBANG,45282
32.12.11.2012,32,JAWA BARAT,32.12,KAB. INDRAMAYU,32.12.11,JUNTINYUAT,LIMBANGAN,45282
32.12.12.2001,32,JAWA BARAT,32.12,KAB. INDRAMAYU,32.12.12,SLIYEG,SLEMAN,45281
32.12.12.2002,32,JAWA BARAT,32.12,KAB. INDRAMAYU,32.12.12,SLIYEG,TAMBI,45281
32.12.12.2003,32,JAWA BARAT,32.12,KAB. INDRAMAYU,32.12.12,SLIYEG,SUDIKAMPIRAN,45281
32.12.12.2004,32,JAWA BARAT,32.12,KAB. INDRAMAYU,32.12.12,SLIYEG,TAMBI LOR,45281
32.12.12.2005,32,JAWA BARAT,32.12,KAB. INDRAMAYU,32.12.12,SLIYEG,SLEMAN LOR,45281
32.12.12.2006,32,JAWA BARAT,32.12,KAB. INDRAMAYU,32.12.12,SLIYEG,MAJASARI,45281
32.12.12.2007,32,JAWA BARAT,32.12,KAB. INDRAMAYU,32.12.12,SLIYEG,MAJASIH,45281
32.12.12.2008,32,JAWA BARAT,32.12,KAB. INDRAMAYU,32.12.12,SLIYEG,SLIYEG,45281
32.12.12.2009,32,JAWA BARAT,32.12,KAB. INDRAMAYU,32.12.12,SLIYEG,GADINGAN,45281
32.12.12.2010,32,JAWA BARAT,32.12,KAB. INDRAMAYU,32.12.12,SLIYEG,MEKARGADING,45281
32.12.12.2011,32,JAWA BARAT,32.12,KAB. INDRAMAYU,32.12.12,SLIYEG,SLIYEG LOR,45281
32.12.12.2012,32,JAWA BARAT,32.12,KAB. INDRAMAYU,32.12.12,SLIYEG,TUGUKIDUL,45281
32.12.12.2013,32,JAWA BARAT,32.12,KAB. INDRAMAYU,32.12.12,SLIYEG,TUGU,45281
32.12.12.2016,32,JAWA BARAT,32.12,KAB. INDRAMAYU,32.12.12,SLIYEG,LONGOK,45281
32.12.13.2001,32,JAWA BARAT,32.12,KAB. INDRAMAYU,32.12.13,JATIBARANG,SUKALILA,45273
32.12.13.2002,32,JAWA BARAT,32.12,KAB. INDRAMAYU,32.12.13,JATIBARANG,PILANGSARI,45273
32.12.13.2003,32,JAWA BARAT,32.12,KAB. INDRAMAYU,32.12.13,JATIBARANG,JATIBARANG BARU,45273
32.12.13.2004,32,JAWA BARAT,32.12,KAB. INDRAMAYU,32.12.13,JATIBARANG,BULAK,45273
32.12.13.2005,32,JAWA BARAT,32.12,KAB. INDRAMAYU,32.12.13,JATIBARANG,BULAK LOR,45273
32.12.13.2006,32,JAWA BARAT,32.12,KAB. INDRAMAYU,32.12.13,JATIBARANG,JATIBARANG,45273
32.12.13.2007,32,JAWA BARAT,32.12,KAB. INDRAMAYU,32.12.13,JATIBARANG,KEBULEN,45273
32.12.13.2008,32,JAWA BARAT,32.12,KAB. INDRAMAYU,32.12.13,JATIBARANG,PAWIDEAN,45273
32.12.13.2009,32,JAWA BARAT,32.12,KAB. INDRAMAYU,32.12.13,JATIBARANG,JATISAWIT,45273
32.12.13.2010,32,JAWA BARAT,32.12,KAB. INDRAMAYU,32.12.13,JATIBARANG,JATISAWIT LOR,45273
32.12.13.2011,32,JAWA BARAT,32.12,KAB. INDRAMAYU,32.12.13,JATIBARANG,KRASAK,45273
32.12.13.2012,32,JAWA BARAT,32.12,KAB. INDRAMAYU,32.12.13,JATIBARANG,KALIMATI,45273
32.12.13.2013,32,JAWA BARAT,32.12,KAB. INDRAMAYU,32.12.13,JATIBARANG,MALANG SEMIRANG,45273
32.12.13.2014,32,JAWA BARAT,32.12,KAB. INDRAMAYU,32.12.13,JATIBARANG,LOHBENER,45273
32.12.13.2015,32,JAWA BARAT,32.12,KAB. INDRAMAYU,32.12.13,JATIBARANG,LOHBENER LOR,45273
32.12.14.2001,32,JAWA BARAT,32.12,KAB. INDRAMAYU,32.12.14,BALONGAN,TEGAL SEMBADRA,45285
32.12.14.2002,32,JAWA BARAT,32.12,KAB. INDRAMAYU,32.12.14,BALONGAN,SUKAREJA,45285
32.12.14.2003,32,JAWA BARAT,32.12,KAB. INDRAMAYU,32.12.14,BALONGAN,SUKAURIP,45285
32.12.14.2004,32,JAWA BARAT,32.12,KAB. INDRAMAYU,32.12.14,BALONGAN,RAWADALEM,45285
32.12.14.2005,32,JAWA BARAT,32.12,KAB. INDRAMAYU,32.12.14,BALONGAN,GELARMENDALA,45285
32.12.14.2006,32,JAWA BARAT,32.12,KAB. INDRAMAYU,32.12.14,BALONGAN,TEGALURUNG,45285
32.12.14.2007,32,JAWA BARAT,32.12,KAB. INDRAMAYU,32.12.14,BALONGAN,BALONGAN,45285
32.12.14.2008,32,JAWA BARAT,32.12,KAB. INDRAMAYU,32.12.14,BALONGAN,MAJAKERTA,45285
32.12.14.2009,32,JAWA BARAT,32.12,KAB. INDRAMAYU,32.12.14,BALONGAN,SUDIMAMPIR,45285
32.12.14.2010,32,JAWA BARAT,32.12,KAB. INDRAMAYU,32.12.14,BALONGAN,SUDIMAMPIR LOR,45285
32.12.15.1001,32,JAWA BARAT,32.12,KAB. INDRAMAYU,32.12.15,INDRAMAYU,BOJONGSARI,45214
32.12.15.1002,32,JAWA BARAT,32.12,KAB. INDRAMAYU,32.12.15,INDRAMAYU,KEPANDEAN,45214
32.12.15.1003,32,JAWA BARAT,32.12,KAB. INDRAMAYU,32.12.15,INDRAMAYU,KARANGMALANG,45213
32.12.15.1004,32,JAWA BARAT,32.12,KAB. INDRAMAYU,32.12.15,INDRAMAYU,KARANGANYAR,45213
32.12.15.1005,32,JAWA BARAT,32.12,KAB. INDRAMAYU,32.12.15,INDRAMAYU,LEMAHMEKAR,45212
32.12.15.1006,32,JAWA BARAT,32.12,KAB. INDRAMAYU,32.12.15,INDRAMAYU,LEMAHABANG,45212
32.12.15.1007,32,JAWA BARAT,32.12,KAB. INDRAMAYU,32.12.15,INDRAMAYU,MARGADADI,45211
32.12.15.1008,32,JAWA BARAT,32.12,KAB. INDRAMAYU,32.12.15,INDRAMAYU,PAOMAN,45211
32.12.15.2009,32,JAWA BARAT,32.12,KAB. INDRAMAYU,32.12.15,INDRAMAYU,TELUKAGUNG,45215
32.12.15.2010,32,JAWA BARAT,32.12,KAB. INDRAMAYU,32.12.15,INDRAMAYU,PLUMBON,45215
32.12.15.2011,32,JAWA BARAT,32.12,KAB. INDRAMAYU,32.12.15,INDRAMAYU,DUKUH,45215
32.12.15.2012,32,JAWA BARAT,32.12,KAB. INDRAMAYU,32.12.15,INDRAMAYU,PEKANDANGAN JAYA,45216
32.12.15.2013,32,JAWA BARAT,32.12,KAB. INDRAMAYU,32.12.15,INDRAMAYU,SINGARAJA,45218
32.12.15.2014,32,JAWA BARAT,32.12,KAB. INDRAMAYU,32.12.15,INDRAMAYU,SINGAJAYA,45218
32.12.15.2015,32,JAWA BARAT,32.12,KAB. INDRAMAYU,32.12.15,INDRAMAYU,PEKANDANGAN,45216
32.12.15.2016,32,JAWA BARAT,32.12,KAB. INDRAMAYU,32.12.15,INDRAMAYU,KARANGSONG,45219
32.12.15.2017,32,JAWA BARAT,32.12,KAB. INDRAMAYU,32.12.15,INDRAMAYU,PABEAN UDIK,45219
32.12.15.2020,32,JAWA BARAT,32.12,KAB. INDRAMAYU,32.12.15,INDRAMAYU,TAMBAK,45219
32.12.16.2001,32,JAWA BARAT,32.12,KAB. INDRAMAYU,32.12.16,SINDANG,PANYINDANGAN KULON,45225
32.12.16.2002,32,JAWA BARAT,32.12,KAB. INDRAMAYU,32.12.16,SINDANG,RAMBATAN WETAN,45224
32.12.16.2003,32,JAWA BARAT,32.12,KAB. INDRAMAYU,32.12.16,SINDANG,PANYINDANGAN WETAN,45225
32.12.16.2004,32,JAWA BARAT,32.12,KAB. INDRAMAYU,32.12.16,SINDANG,KENANGA,45226
32.12.16.2005,32,JAWA BARAT,32.12,KAB. INDRAMAYU,32.12.16,SINDANG,TERUSAN,45224
32.12.16.2006,32,JAWA BARAT,32.12,KAB. INDRAMAYU,32.12.16,SINDANG,DERMAYU,45223
32.12.16.2007,32,JAWA BARAT,32.12,KAB. INDRAMAYU,32.12.16,SINDANG,SINDANG,45222
32.12.16.2008,32,JAWA BARAT,32.12,KAB. INDRAMAYU,32.12.16,SINDANG,PENGANJANG,45221
32.12.16.2009,32,JAWA BARAT,32.12,KAB. INDRAMAYU,32.12.16,SINDANG,BABADAN,45227
32.12.16.2014,32,JAWA BARAT,32.12,KAB. INDRAMAYU,32.12.16,SINDANG,WANANTARA,45227
32.12.17.2001,32,JAWA BARAT,32.12,KAB. INDRAMAYU,32.12.17,CANTIGI,CANGKRING,45251
32.12.17.2002,32,JAWA BARAT,32.12,KAB. INDRAMAYU,32.12.17,CANTIGI,CANTIGI KULON,45251
32.12.17.2003,32,JAWA BARAT,32.12,KAB. INDRAMAYU,32.12.17,CANTIGI,CANTIGI WETAN,45251
32.12.17.2004,32,JAWA BARAT,32.12,KAB. INDRAMAYU,32.12.17,CANTIGI,PANYINGKIRAN KIDUL,45251
32.12.17.2005,32,JAWA BARAT,32.12,KAB. INDRAMAYU,32.12.17,CANTIGI,PANYINGKIRAN LOR,45251
32.12.17.2006,32,JAWA BARAT,32.12,KAB. INDRAMAYU,32.12.17,CANTIGI,LAMARANTARUNG,45251
32.12.17.2007,32,JAWA BARAT,32.12,KAB. INDRAMAYU,32.12.17,CANTIGI,CEMARA,45251
32.12.18.2001,32,JAWA BARAT,32.12,KAB. INDRAMAYU,32.12.18,LOHBENER,KIAJARAN WETAN,45252
32.12.18.2002,32,JAWA BARAT,32.12,KAB. INDRAMAYU,32.12.18,LOHBENER,KIAJARAN KULON,45252
32.12.18.2003,32,JAWA BARAT,32.12,KAB. INDRAMAYU,32.12.18,LOHBENER,LANJAN,45252
32.12.18.2004,32,JAWA BARAT,32.12,KAB. INDRAMAYU,32.12.18,LOHBENER,LANGUT,45252
32.12.18.2005,32,JAWA BARAT,32.12,KAB. INDRAMAYU,32.12.18,LOHBENER,LARANGAN,45252
32.12.18.2006,32,JAWA BARAT,32.12,KAB. INDRAMAYU,32.12.18,LOHBENER,WARU,45252
32.12.18.2007,32,JAWA BARAT,32.12,KAB. INDRAMAYU,32.12.18,LOHBENER,LEGOK,45252
32.12.18.2008,32,JAWA BARAT,32.12,KAB. INDRAMAYU,32.12.18,LOHBENER,BOJONGSLAWI,45252
32.12.18.2009,32,JAWA BARAT,32.12,KAB. INDRAMAYU,32.12.18,LOHBENER,LOHBENER,45252
32.12.18.2010,32,JAWA BARAT,32.12,KAB. INDRAMAYU,32.12.18,LOHBENER,PAMAYAHAN,45252
32.12.18.2011,32,JAWA BARAT,32.12,KAB. INDRAMAYU,32.12.18,LOHBENER,SINDANGKERTA,45252
32.12.18.2012,32,JAWA BARAT,32.12,KAB. INDRAMAYU,32.12.18,LOHBENER,RAMBATAN KULON,45252
32.12.19.2001,32,JAWA BARAT,32.12,KAB. INDRAMAYU,32.12.19,ARAHAN,ARAHAN KIDUL,45259
32.12.19.2002,32,JAWA BARAT,32.12,KAB. INDRAMAYU,32.12.19,ARAHAN,ARAHAN LOR,45259
32.12.19.2003,32,JAWA BARAT,32.12,KAB. INDRAMAYU,32.12.19,ARAHAN,LINGGAJATI,45259
32.12.19.2004,32,JAWA BARAT,32.12,KAB. INDRAMAYU,32.12.19,ARAHAN,CIDEMPET,45259
32.12.19.2005,32,JAWA BARAT,32.12,KAB. INDRAMAYU,32.12.19,ARAHAN,SUKADADI,45259
32.12.19.2006,32,JAWA BARAT,32.12,KAB. INDRAMAYU,32.12.19,ARAHAN,PRANGGONG,45259
32.12.19.2007,32,JAWA BARAT,32.12,KAB. INDRAMAYU,32.12.19,ARAHAN,SUKASARI,45259
32.12.19.2008,32,JAWA BARAT,32.12,KAB. INDRAMAYU,32.12.19,ARAHAN,TAWANGSARI,45259
32.12.20.2001,32,JAWA BARAT,32.12,KAB. INDRAMAYU,32.12.20,LOSARANG,RANJENG,45253
32.12.20.2002,32,JAWA BARAT,32.12,KAB. INDRAMAYU,32.12.20,LOSARANG,KRIMUN,45253
32.12.20.2003,32,JAWA BARAT,32.12,KAB. INDRAMAYU,32.12.20,LOSARANG,PUNTANG,45253
32.12.20.2004,32,JAWA BARAT,32.12,KAB. INDRAMAYU,32.12.20,LOSARANG,PEGAGAN,45253
32.12.20.2005,32,JAWA BARAT,32.12,KAB. INDRAMAYU,32.12.20,LOSARANG,RAJAIYANG,45253
32.12.20.2006,32,JAWA BARAT,32.12,KAB. INDRAMAYU,32.12.20,LOSARANG,JANGGA,45253
32.12.20.2007,32,JAWA BARAT,32.12,KAB. INDRAMAYU,32.12.20,LOSARANG,JUMBLENG,45253
32.12.20.2008,32,JAWA BARAT,32.12,KAB. INDRAMAYU,32.12.20,LOSARANG,PANGKALAN,45253
32.12.20.2010,32,JAWA BARAT,32.12,KAB. INDRAMAYU,32.12.20,LOSARANG,LOSARANG,45253
32.12.20.2011,32,JAWA BARAT,32.12,KAB. INDRAMAYU,32.12.20,LOSARANG,MUNTUR,45253
32.12.20.2012,32,JAWA BARAT,32.12,KAB. INDRAMAYU,32.12.20,LOSARANG,SANTING,45253
32.12.20.2013,32,JAWA BARAT,32.12,KAB. INDRAMAYU,32.12.20,LOSARANG,CEMARA KULON,45253
32.12.21.2001,32,JAWA BARAT,32.12,KAB. INDRAMAYU,32.12.21,KANDANGHAUR,CURUG,45254
32.12.21.2002,32,JAWA BARAT,32.12,KAB. INDRAMAYU,32.12.21,KANDANGHAUR,PRANTI,45254
32.12.21.2003,32,JAWA BARAT,32.12,KAB. INDRAMAYU,32.12.21,KANDANGHAUR,WIRAKANAN,45254
32.12.21.2004,32,JAWA BARAT,32.12,KAB. INDRAMAYU,32.12.21,KANDANGHAUR,KARANGMULYA,45254
32.12.21.2005,32,JAWA BARAT,32.12,KAB. INDRAMAYU,32.12.21,KANDANGHAUR,KARANG ANYAR,45254
32.12.21.2006,32,JAWA BARAT,32.12,KAB. INDRAMAYU,32.12.21,KANDANGHAUR,WIRAPANJUNAN,45254
32.12.21.2007,32,JAWA BARAT,32.12,KAB. INDRAMAYU,32.12.21,KANDANGHAUR,PAREANGIRANG,45254
32.12.21.2008,32,JAWA BARAT,32.12,KAB. INDRAMAYU,32.12.21,KANDANGHAUR,BULAK,45254
32.12.21.2009,32,JAWA BARAT,32.12,KAB. INDRAMAYU,32.12.21,KANDANGHAUR,ILIR,45254
32.12.21.2010,32,JAWA BARAT,32.12,KAB. INDRAMAYU,32.12.21,KANDANGHAUR,SOGE,45254
32.12.21.2011,32,JAWA BARAT,32.12,KAB. INDRAMAYU,32.12.21,KANDANGHAUR,ERETAN WETAN,45254
32.12.21.2012,32,JAWA BARAT,32.12,KAB. INDRAMAYU,32.12.21,KANDANGHAUR,ERETAN KULON,45254
32.12.21.2013,32,JAWA BARAT,32.12,KAB. INDRAMAYU,32.12.21,KANDANGHAUR,KERTAWINANGUN,45254
32.12.22.2001,32,JAWA BARAT,32.12,KAB. INDRAMAYU,32.12.22,BONGAS,CIPEDANG,45255
32.12.22.2002,32,JAWA BARAT,32.12,KAB. INDRAMAYU,32.12.22,BONGAS,SIDAMULYA,45255
32.12.22.2003,32,JAWA BARAT,32.12,KAB. INDRAMAYU,32.12.22,BONGAS,MARGAMULYA,45255
32.12.22.2004,32,JAWA BARAT,32.12,KAB. INDRAMAYU,32.12.22,BONGAS,KERTAJAYA,45255
32.12.22.2005,32,JAWA BARAT,32.12,KAB. INDRAMAYU,32.12.22,BONGAS,BONGAS,45255
32.12.22.2006,32,JAWA BARAT,32.12,KAB. INDRAMAYU,32.12.22,BONGAS,CIPAAT,45255
32.12.22.2007,32,JAWA BARAT,32.12,KAB. INDRAMAYU,32.12.22,BONGAS,KERTAMULYA,45255
32.12.22.2008,32,JAWA BARAT,32.12,KAB. INDRAMAYU,32.12.22,BONGAS,PLAWANGAN,45255
32.12.23.2001,32,JAWA BARAT,32.12,KAB. INDRAMAYU,32.12.23,ANJATAN,ANJATAN,45256
32.12.23.2002,32,JAWA BARAT,32.12,KAB. INDRAMAYU,32.12.23,ANJATAN,MANGUNJAYA,45256
32.12.23.2003,32,JAWA BARAT,32.12,KAB. INDRAMAYU,32.12.23,ANJATAN,BUGIS,45256
32.12.23.2004,32,JAWA BARAT,32.12,KAB. INDRAMAYU,32.12.23,ANJATAN,BUGIS TUA,45256
32.12.23.2005,32,JAWA BARAT,32.12,KAB. INDRAMAYU,32.12.23,ANJATAN,SALAMDARMA,45256
32.12.23.2006,32,JAWA BARAT,32.12,KAB. INDRAMAYU,32.12.23,ANJATAN,KEDUNGWUNGU,45256
32.12.23.2007,32,JAWA BARAT,32.12,KAB. INDRAMAYU,32.12.23,ANJATAN,WANGUK,45256
32.12.23.2008,32,JAWA BARAT,32.12,KAB. INDRAMAYU,32.12.23,ANJATAN,LEMPUYANG,45256
32.12.23.2009,32,JAWA BARAT,32.12,KAB. INDRAMAYU,32.12.23,ANJATAN,KOPYAH,45256
32.12.23.2010,32,JAWA BARAT,32.12,KAB. INDRAMAYU,32.12.23,ANJATAN,ANJATAN BARU,45256
32.12.23.2011,32,JAWA BARAT,32.12,KAB. INDRAMAYU,32.12.23,ANJATAN,CILANDAK,45256
32.12.23.2012,32,JAWA BARAT,32.12,KAB. INDRAMAYU,32.12.23,ANJATAN,CILANDAK LOR,45256
32.12.23.2013,32,JAWA BARAT,32.12,KAB. INDRAMAYU,32.12.23,ANJATAN,ANJATAN UTARA,45256
32.12.24.2001,32,JAWA BARAT,32.12,KAB. INDRAMAYU,32.12.24,SUKRA,BOGOR,45257
32.12.24.2002,32,JAWA BARAT,32.12,KAB. INDRAMAYU,32.12.24,SUKRA,SUKRA,45257
32.12.24.2003,32,JAWA BARAT,32.12,KAB. INDRAMAYU,32.12.24,SUKRA,UJUNGGEBANG,45257
32.12.24.2004,32,JAWA BARAT,32.12,KAB. INDRAMAYU,32.12.24,SUKRA,TAGAL TAMAN,45257
32.12.24.2005,32,JAWA BARAT,32.12,KAB. INDRAMAYU,32.12.24,SUKRA,SUKRAWETAN,45257
32.12.24.2006,32,JAWA BARAT,32.12,KAB. INDRAMAYU,32.12.24,SUKRA,SUMURADEM,45257
32.12.24.2007,32,JAWA BARAT,32.12,KAB. INDRAMAYU,32.12.24,SUKRA,SUMURADEM TIMUR,45257
32.12.24.2017,32,JAWA BARAT,32.12,KAB. INDRAMAYU,32.12.24,SUKRA,KARANG LAYUNG,45257
32.12.25.2001,32,JAWA BARAT,32.12,KAB. INDRAMAYU,32.12.25,GANTAR,BANTARWARU,45266
32.12.25.2002,32,JAWA BARAT,32.12,KAB. INDRAMAYU,32.12.25,GANTAR,SANCA,45266
32.12.25.2003,32,JAWA BARAT,32.12,KAB. INDRAMAYU,32.12.25,GANTAR,MEKARJAYA,45266
32.12.25.2004,32,JAWA BARAT,32.12,KAB. INDRAMAYU,32.12.25,GANTAR,GANTAR,45266
32.12.25.2005,32,JAWA BARAT,32.12,KAB. INDRAMAYU,32.12.25,GANTAR,SITURAJA,45266
32.12.25.2006,32,JAWA BARAT,32.12,KAB. INDRAMAYU,32.12.25,GANTAR,BALEREJA,45266
32.12.25.2007,32,JAWA BARAT,32.12,KAB. INDRAMAYU,32.12.25,GANTAR,MEKARWARU,45266
32.12.26.2001,32,JAWA BARAT,32.12,KAB. INDRAMAYU,32.12.26,TRISI,CIKAWUNG,45267
32.12.26.2002,32,JAWA BARAT,32.12,KAB. INDRAMAYU,32.12.26,TRISI,JATIMULYA,45267
32.12.26.2003,32,JAWA BARAT,32.12,KAB. INDRAMAYU,32.12.26,TRISI,JATIMUNGGUL,45267
32.12.26.2004,32,JAWA BARAT,32.12,KAB. INDRAMAYU,32.12.26,TRISI,PLOSOKEREP,45267
32.12.26.2005,32,JAWA BARAT,32.12,KAB. INDRAMAYU,32.12.26,TRISI,RAJASINGA,45267
32.12.26.2006,32,JAWA BARAT,32.12,KAB. INDRAMAYU,32.12.26,TRISI,KARANGASEM,45267
32.12.26.2007,32,JAWA BARAT,32.12,KAB. INDRAMAYU,32.12.26,TRISI,CIBERENG,45267
32.12.26.2008,32,JAWA BARAT,32.12,KAB. INDRAMAYU,32.12.26,TRISI,KENDAYAKAN,45267
32.12.26.2009,32,JAWA BARAT,32.12,KAB. INDRAMAYU,32.12.26,TRISI,MANGGUNGAN,45267
32.12.27.2001,32,JAWA BARAT,32.12,KAB. INDRAMAYU,32.12.27,SUKAGUMIWANG,CIBEBER,45275
32.12.27.2002,32,JAWA BARAT,32.12,KAB. INDRAMAYU,32.12.27,SUKAGUMIWANG,BONDAN,45275
32.12.27.2003,32,JAWA BARAT,32.12,KAB. INDRAMAYU,32.12.27,SUKAGUMIWANG,GUNUNGSARI,45275
32.12.27.2004,32,JAWA BARAT,32.12,KAB. INDRAMAYU,32.12.27,SUKAGUMIWANG,SUKAGUMIWANG,45275
32.12.27.2005,32,JAWA BARAT,32.12,KAB. INDRAMAYU,32.12.27,SUKAGUMIWANG,TERSANA,45275
32.12.27.2006,32,JAWA BARAT,32.12,KAB. INDRAMAYU,32.12.27,SUKAGUMIWANG,CADANG PINGGAN,45275
32.12.27.2007,32,JAWA BARAT,32.12,KAB. INDRAMAYU,32.12.27,SUKAGUMIWANG,GEDANGAN,45275
32.12.28.2001,32,JAWA BARAT,32.12,KAB. INDRAMAYU,32.12.28,KEDOKAN BUNDER,CANGKINGAN,45286
32.12.28.2002,32,JAWA BARAT,32.12,KAB. INDRAMAYU,32.12.28,KEDOKAN BUNDER,JAYAWINANGUN,45286
32.12.28.2003,32,JAWA BARAT,32.12,KAB. INDRAMAYU,32.12.28,KEDOKAN BUNDER,KEDOKAN AGUNG,45286
32.12.28.2004,32,JAWA BARAT,32.12,KAB. INDRAMAYU,32.12.28,KEDOKAN BUNDER,KEDOKANBUNDER,45286
32.12.28.2005,32,JAWA BARAT,32.12,KAB. INDRAMAYU,32.12.28,KEDOKAN BUNDER,KEDOKANBUNDERWETAN,45286
32.12.28.2006,32,JAWA BARAT,32.12,KAB. INDRAMAYU,32.12.28,KEDOKAN BUNDER,KAPLONGAN,45286
32.12.28.2007,32,JAWA BARAT,32.12,KAB. INDRAMAYU,32.12.28,KEDOKAN BUNDER,JAYALAKSANA,45286
32.12.29.2001,32,JAWA BARAT,32.12,KAB. INDRAMAYU,32.12.29,PASEKAN,BRONDONG,45233
32.12.29.2002,32,JAWA BARAT,32.12,KAB. INDRAMAYU,32.12.29,PASEKAN,PABEAN ILIR,45234
32.12.29.2003,32,JAWA BARAT,32.12,KAB. INDRAMAYU,32.12.29,PASEKAN,PAGIRIKAN,45231
32.12.29.2004,32,JAWA BARAT,32.12,KAB. INDRAMAYU,32.12.29,PASEKAN,PASEKAN,45232
32.12.29.2005,32,JAWA BARAT,32.12,KAB. INDRAMAYU,32.12.29,PASEKAN,KARANGANYAR,45236
32.12.29.2006,32,JAWA BARAT,32.12,KAB. INDRAMAYU,32.12.29,PASEKAN,TOTORAN,45235
32.12.30.2001,32,JAWA BARAT,32.12,KAB. INDRAMAYU,32.12.30,TUKDANA,BODAS,45276
32.12.30.2002,32,JAWA BARAT,32.12,KAB. INDRAMAYU,32.12.30,TUKDANA,GADEL,45276
32.12.30.2003,32,JAWA BARAT,32.12,KAB. INDRAMAYU,32.12.30,TUKDANA,RANCAJAWAT,45276
32.12.30.2004,32,JAWA BARAT,32.12,KAB. INDRAMAYU,32.12.30,TUKDANA,KERTICALA,45276
32.12.30.2005,32,JAWA BARAT,32.12,KAB. INDRAMAYU,32.12.30,TUKDANA,CANGKO,45276
32.12.30.2006,32,JAWA BARAT,32.12,KAB. INDRAMAYU,32.12.30,TUKDANA,KARANGKERTA,45276
32.12.30.2007,32,JAWA BARAT,32.12,KAB. INDRAMAYU,32.12.30,TUKDANA,SUKAMULYA,45276
32.12.30.2008,32,JAWA BARAT,32.12,KAB. INDRAMAYU,32.12.30,TUKDANA,MEKARSARI,45276
32.12.30.2009,32,JAWA BARAT,32.12,KAB. INDRAMAYU,32.12.30,TUKDANA,LAJER,45276
32.12.30.2010,32,JAWA BARAT,32.12,KAB. INDRAMAYU,32.12.30,TUKDANA,TUKDANA,45276
32.12.30.2011,32,JAWA BARAT,32.12,KAB. INDRAMAYU,32.12.30,TUKDANA,SUKADANA,45276
32.12.30.2012,32,JAWA BARAT,32.12,KAB. INDRAMAYU,32.12.30,TUKDANA,PAGEDANGAN,45276
32.12.30.2013,32,JAWA BARAT,32.12,KAB. INDRAMAYU,32.12.30,TUKDANA,SUKAPERNA,45276
32.12.31.2001,32,JAWA BARAT,32.12,KAB. INDRAMAYU,32.12.31,PATROL,LIMPAS,45258
32.12.31.2002,32,JAWA BARAT,32.12,KAB. INDRAMAYU,32.12.31,PATROL,MEKARSARI,45258
32.12.31.2003,32,JAWA BARAT,32.12,KAB. INDRAMAYU,32.12.31,PATROL,PATROL BARU,45258
32.12.31.2004,32,JAWA BARAT,32.12,KAB. INDRAMAYU,32.12.31,PATROL,PATROL LOR,45258
32.12.31.2005,32,JAWA BARAT,32.12,KAB. INDRAMAYU,32.12.31,PATROL,PATROL,45258
32.12.31.2006,32,JAWA BARAT,32.12,KAB. INDRAMAYU,32.12.31,PATROL,BUGEL,45258
32.12.31.2007,32,JAWA BARAT,32.12,KAB. INDRAMAYU,32.12.31,PATROL,ARJASARI,45258
32.12.31.2008,32,JAWA BARAT,32.12,KAB. INDRAMAYU,32.12.31,PATROL,SUKAHAJI,45258
32.13.01.2003,32,JAWA BARAT,32.13,KAB. SUBANG,32.13.01,SAGALAHERANG,SUKAMANDI,41282
32.13.01.2004,32,JAWA BARAT,32.13,KAB. SUBANG,32.13.01,SAGALAHERANG,CICADAS,41282
32.13.01.2005,32,JAWA BARAT,32.13,KAB. SUBANG,32.13.01,SAGALAHERANG,SAGALAHERANG KIDUL,41282
32.13.01.2006,32,JAWA BARAT,32.13,KAB. SUBANG,32.13.01,SAGALAHERANG,DAYEUH KOLOT,41282
32.13.01.2009,32,JAWA BARAT,32.13,KAB. SUBANG,32.13.01,SAGALAHERANG,LELES,41282
32.13.01.2010,32,JAWA BARAT,32.13,KAB. SUBANG,32.13.01,SAGALAHERANG,CURUGAGUNG,41282
32.13.01.2011,32,JAWA BARAT,32.13,KAB. SUBANG,32.13.01,SAGALAHERANG,SAGALAHERANG KALER,41282
32.13.02.2001,32,JAWA BARAT,32.13,KAB. SUBANG,32.13.02,CISALAK,CUPUNAGARA,41283
32.13.02.2002,32,JAWA BARAT,32.13,KAB. SUBANG,32.13.02,CISALAK,CIMANGGU,41283
32.13.02.2003,32,JAWA BARAT,32.13,KAB. SUBANG,32.13.02,CISALAK,GARDUSAYANG,41283
32.13.02.2004,32,JAWA BARAT,32.13,KAB. SUBANG,32.13.02,CISALAK,MAYANG,41283
32.13.02.2005,32,JAWA BARAT,32.13,KAB. SUBANG,32.13.02,CISALAK,SUKAKERTI,41283
32.13.02.2007,32,JAWA BARAT,32.13,KAB. SUBANG,32.13.02,CISALAK,DARMAGA,41283
32.13.02.2008,32,JAWA BARAT,32.13,KAB. SUBANG,32.13.02,CISALAK,CISALAK,41283
32.13.02.2011,32,JAWA BARAT,32.13,KAB. SUBANG,32.13.02,CISALAK,CIGADOG,41283
32.13.02.2014,32,JAWA BARAT,32.13,KAB. SUBANG,32.13.02,CISALAK,PAKUHAJI,41283
32.13.03.1001,32,JAWA BARAT,32.13,KAB. SUBANG,32.13.03,SUBANG,PARUNG,41216
32.13.03.1002,32,JAWA BARAT,32.13,KAB. SUBANG,32.13.03,SUBANG,CIGADUNG,41213
32.13.03.1003,32,JAWA BARAT,32.13,KAB. SUBANG,32.13.03,SUBANG,PASIRKAREUMBI,41214
32.13.03.1004,32,JAWA BARAT,32.13,KAB. SUBANG,32.13.03,SUBANG,KARANGANYAR,41211
32.13.03.1005,32,JAWA BARAT,32.13,KAB. SUBANG,32.13.03,SUBANG,SOKLAT,41215
32.13.03.1006,32,JAWA BARAT,32.13,KAB. SUBANG,32.13.03,SUBANG,SUKAMELANG,41217
32.13.03.1007,32,JAWA BARAT,32.13,KAB. SUBANG,32.13.03,SUBANG,DANGDEUR,41212
32.13.03.1008,32,JAWA BARAT,32.13,KAB. SUBANG,32.13.03,SUBANG,WANAREJA,41218
32.13.04.2006,32,JAWA BARAT,32.13,KAB. SUBANG,32.13.04,KALIJATI,MARENGMANG,41271
32.13.04.2007,32,JAWA BARAT,32.13,KAB. SUBANG,32.13.04,KALIJATI,KALIJATI TIMUR,41271
32.13.04.2008,32,JAWA BARAT,32.13,KAB. SUBANG,32.13.04,KALIJATI,KALIANGSANA,41271
32.13.04.2011,32,JAWA BARAT,32.13,KAB. SUBANG,32.13.04,KALIJATI,KALIJATI BARAT,41271
32.13.04.2012,32,JAWA BARAT,32.13,KAB. SUBANG,32.13.04,KALIJATI,TANGGULUN TIMUR,41271
32.13.04.2013,32,JAWA BARAT,32.13,KAB. SUBANG,32.13.04,KALIJATI,TANGGULUN BARAT,41271
32.13.04.2017,32,JAWA BARAT,32.13,KAB. SUBANG,32.13.04,KALIJATI,CARACAS,41271
32.13.04.2018,32,JAWA BARAT,32.13,KAB. SUBANG,32.13.04,KALIJATI,CIRULUK,41271
32.13.04.2019,32,JAWA BARAT,32.13,KAB. SUBANG,32.13.04,KALIJATI,JALUPANG,41271
32.13.04.2020,32,JAWA BARAT,32.13,KAB. SUBANG,32.13.04,KALIJATI,BANGGALAMULYA,41271
32.13.05.2001,32,JAWA BARAT,32.13,KAB. SUBANG,32.13.05,PABUARAN,CIHAMBULU,41262
32.13.05.2002,32,JAWA BARAT,32.13,KAB. SUBANG,32.13.05,PABUARAN,SILUMAN,41262
32.13.05.2003,32,JAWA BARAT,32.13,KAB. SUBANG,32.13.05,PABUARAN,PRINGKASAP,41262
32.13.05.2004,32,JAWA BARAT,32.13,KAB. SUBANG,32.13.05,PABUARAN,PABUARAN,41262
32.13.05.2005,32,JAWA BARAT,32.13,KAB. SUBANG,32.13.05,PABUARAN,KARANGHEGAR,41262
32.13.05.2006,32,JAWA BARAT,32.13,KAB. SUBANG,32.13.05,PABUARAN,SALAMJAYA,41262
32.13.05.2007,32,JAWA BARAT,32.13,KAB. SUBANG,32.13.05,PABUARAN,KADAWUNG,41262
32.13.05.2008,32,JAWA BARAT,32.13,KAB. SUBANG,32.13.05,PABUARAN,BALEBANDUNG JAYA,41262
32.13.06.2001,32,JAWA BARAT,32.13,KAB. SUBANG,32.13.06,PURWADADI,WANAKERTA,41261
32.13.06.2002,32,JAWA BARAT,32.13,KAB. SUBANG,32.13.06,PURWADADI,PAGON,41261
32.13.06.2003,32,JAWA BARAT,32.13,KAB. SUBANG,32.13.06,PURWADADI,PRAPATAN,41261
32.13.06.2004,32,JAWA BARAT,32.13,KAB. SUBANG,32.13.06,PURWADADI,PURWADADI,41261
32.13.06.2005,32,JAWA BARAT,32.13,KAB. SUBANG,32.13.06,PURWADADI,BELENDUNG,41261
32.13.06.2006,32,JAWA BARAT,32.13,KAB. SUBANG,32.13.06,PURWADADI,KORANJI,41261
32.13.06.2007,32,JAWA BARAT,32.13,KAB. SUBANG,32.13.06,PURWADADI,PANYINGKIRAN,41261
32.13.06.2008,32,JAWA BARAT,32.13,KAB. SUBANG,32.13.06,PURWADADI,PASIRBUNGUR,41261
32.13.06.2009,32,JAWA BARAT,32.13,KAB. SUBANG,32.13.06,PURWADADI,PURWADADI BARAT,41261
32.13.06.2010,32,JAWA BARAT,32.13,KAB. SUBANG,32.13.06,PURWADADI,RANCAMAHI,41261
32.13.07.2004,32,JAWA BARAT,32.13,KAB. SUBANG,32.13.07,PAGADEN,GUNUNGSEMBUNG,41252
32.13.07.2005,32,JAWA BARAT,32.13,KAB. SUBANG,32.13.07,PAGADEN,GEMBOR,41252
32.13.07.2006,32,JAWA BARAT,32.13,KAB. SUBANG,32.13.07,PAGADEN,KAMARUNG,41252
32.13.07.2010,32,JAWA BARAT,32.13,KAB. SUBANG,32.13.07,PAGADEN,GAMBARSARI,41252
32.13.07.2011,32,JAWA BARAT,32.13,KAB. SUBANG,32.13.07,PAGADEN,PAGEDAN,41252
32.13.07.2012,32,JAWA BARAT,32.13,KAB. SUBANG,32.13.07,PAGADEN,SUKAMULYA,41252
32.13.07.2013,32,JAWA BARAT,32.13,KAB. SUBANG,32.13.07,PAGADEN,NEGLASARI,41252
32.13.07.2014,32,JAWA BARAT,32.13,KAB. SUBANG,32.13.07,PAGADEN,SUMBERSARI,41252
32.13.07.2015,32,JAWA BARAT,32.13,KAB. SUBANG,32.13.07,PAGADEN,GUNUNGSARI,41252
32.13.07.2019,32,JAWA BARAT,32.13,KAB. SUBANG,32.13.07,PAGADEN,JABONG,41252
32.13.08.2001,32,JAWA BARAT,32.13,KAB. SUBANG,32.13.08,BINONG,CICADAS,41253
32.13.08.2002,32,JAWA BARAT,32.13,KAB. SUBANG,32.13.08,BINONG,KIHIYANG,41253
32.13.08.2003,32,JAWA BARAT,32.13,KAB. SUBANG,32.13.08,BINONG,BINONG,41253
32.13.08.2004,32,JAWA BARAT,32.13,KAB. SUBANG,32.13.08,BINONG,KEDIRI,41253
32.13.08.2010,32,JAWA BARAT,32.13,KAB. SUBANG,32.13.08,BINONG,CITRAJAYA,41253
32.13.08.2011,32,JAWA BARAT,32.13,KAB. SUBANG,32.13.08,BINONG,MULYASARI,41253
32.13.08.2014,32,JAWA BARAT,32.13,KAB. SUBANG,32.13.08,BINONG,KARANGSARI,41253
32.13.08.2016,32,JAWA BARAT,32.13,KAB. SUBANG,32.13.08,BINONG,KARANGWANGI,41253
32.13.08.2018,32,JAWA BARAT,32.13,KAB. SUBANG,32.13.08,BINONG,NANGGERANG,41253
32.13.09.2001,32,JAWA BARAT,32.13,KAB. SUBANG,32.13.09,CIASEM,CIASEM GIRANG,41256
32.13.09.2002,32,JAWA BARAT,32.13,KAB. SUBANG,32.13.09,CIASEM,CIASEM TENGAH,41256
32.13.09.2003,32,JAWA BARAT,32.13,KAB. SUBANG,32.13.09,CIASEM,DUKUH,41256
32.13.09.2004,32,JAWA BARAT,32.13,KAB. SUBANG,32.13.09,CIASEM,CIASEM HILIR,41256
32.13.09.2005,32,JAWA BARAT,32.13,KAB. SUBANG,32.13.09,CIASEM,SUKAHAJI,41256
32.13.09.2006,32,JAWA BARAT,32.13,KAB. SUBANG,32.13.09,CIASEM,SUKAMANDIJAYA,41256
32.13.09.2007,32,JAWA BARAT,32.13,KAB. SUBANG,32.13.09,CIASEM,CIASEM BARU,41256
32.13.09.2008,32,JAWA BARAT,32.13,KAB. SUBANG,32.13.09,CIASEM,PINANGSARI,41256
32.13.09.2009,32,JAWA BARAT,32.13,KAB. SUBANG,32.13.09,CIASEM,JATIBARU,41256
32.13.10.2005,32,JAWA BARAT,32.13,KAB. SUBANG,32.13.10,PUSAKANAGARA,PUSAKARATU,41255
32.13.10.2006,32,JAWA BARAT,32.13,KAB. SUBANG,32.13.10,PUSAKANAGARA,GEMPOL,41255
32.13.10.2007,32,JAWA BARAT,32.13,KAB. SUBANG,32.13.10,PUSAKANAGARA,KALENTAMBO,41255
32.13.10.2008,32,JAWA BARAT,32.13,KAB. SUBANG,32.13.10,PUSAKANAGARA,PATIMBAN,41255
32.13.10.2012,32,JAWA BARAT,32.13,KAB. SUBANG,32.13.10,PUSAKANAGARA,RANCADAKA,41255
32.13.10.2014,32,JAWA BARAT,32.13,KAB. SUBANG,32.13.10,PUSAKANAGARA,KOTASARI,41255
32.13.10.2015,32,JAWA BARAT,32.13,KAB. SUBANG,32.13.10,PUSAKANAGARA,MUNDUSARI,41255
32.13.11.2002,32,JAWA BARAT,32.13,KAB. SUBANG,32.13.11,PAMANUKAN,RANCASARI,41254
32.13.11.2003,32,JAWA BARAT,32.13,KAB. SUBANG,32.13.11,PAMANUKAN,RANCAHILIR,41254
32.13.11.2004,32,JAWA BARAT,32.13,KAB. SUBANG,32.13.11,PAMANUKAN,PAMANUKAN,41254
32.13.11.2006,32,JAWA BARAT,32.13,KAB. SUBANG,32.13.11,PAMANUKAN,PAMANUKAN HILIR,41254
32.13.11.2007,32,JAWA BARAT,32.13,KAB. SUBANG,32.13.11,PAMANUKAN,PAMANUKAN SEBRANG,41254
32.13.11.2009,32,JAWA BARAT,32.13,KAB. SUBANG,32.13.11,PAMANUKAN,MULYASARI,41254
32.13.11.2010,32,JAWA BARAT,32.13,KAB. SUBANG,32.13.11,PAMANUKAN,LENGKONGJAYA,41254
32.13.11.2011,32,JAWA BARAT,32.13,KAB. SUBANG,32.13.11,PAMANUKAN,BONGAS,41254
32.13.12.2007,32,JAWA BARAT,32.13,KAB. SUBANG,32.13.12,JALANCAGAK,CURUGRENDENG,41281
32.13.12.2008,32,JAWA BARAT,32.13,KAB. SUBANG,32.13.12,JALANCAGAK,TAMBAKAN,41281
32.13.12.2009,32,JAWA BARAT,32.13,KAB. SUBANG,32.13.12,JALANCAGAK,BUNIHAYU,41281
32.13.12.2011,32,JAWA BARAT,32.13,KAB. SUBANG,32.13.12,JALANCAGAK,KUMPAY,41281
32.13.12.2012,32,JAWA BARAT,32.13,KAB. SUBANG,32.13.12,JALANCAGAK,SARIREJA,41281
32.13.12.2014,32,JAWA BARAT,32.13,KAB. SUBANG,32.13.12,JALANCAGAK,TAMBAKMEKAR,41281
32.13.12.2017,32,JAWA BARAT,32.13,KAB. SUBANG,32.13.12,JALANCAGAK,JALANCAGAK,41281
32.13.13.2001,32,JAWA BARAT,32.13,KAB. SUBANG,32.13.13,BLANAKAN,TANJUNGTIGA,41259
32.13.13.2002,32,JAWA BARAT,32.13,KAB. SUBANG,32.13.13,BLANAKAN,MUARA,41259
32.13.13.2003,32,JAWA BARAT,32.13,KAB. SUBANG,32.13.13,BLANAKAN,BLANAKAN,41259
32.13.13.2004,32,JAWA BARAT,32.13,KAB. SUBANG,32.13.13,BLANAKAN,RAWAMENENG,41259
32.13.13.2005,32,JAWA BARAT,32.13,KAB. SUBANG,32.13.13,BLANAKAN,CILAMAYAGIRANG,41259
32.13.13.2006,32,JAWA BARAT,32.13,KAB. SUBANG,32.13.13,BLANAKAN,JAYAMUKTI,41259
32.13.13.2007,32,JAWA BARAT,32.13,KAB. SUBANG,32.13.13,BLANAKAN,CILAMAYAHILIR,41259
32.13.13.2008,32,JAWA BARAT,32.13,KAB. SUBANG,32.13.13,BLANAKAN,RAWAMEKAR,41259
32.13.13.2009,32,JAWA BARAT,32.13,KAB. SUBANG,32.13.13,BLANAKAN,LANGENSARI,41259
32.13.14.2001,32,JAWA BARAT,32.13,KAB. SUBANG,32.13.14,TANJUNGSIANG,BUNIARA,41284
32.13.14.2002,32,JAWA BARAT,32.13,KAB. SUBANG,32.13.14,TANJUNGSIANG,TANJUNGSIANG,41284
32.13.14.2003,32,JAWA BARAT,32.13,KAB. SUBANG,32.13.14,TANJUNGSIANG,CIMEUHMAL,41284
32.13.14.2004,32,JAWA BARAT,32.13,KAB. SUBANG,32.13.14,TANJUNGSIANG,SIRAP,41284
32.13.14.2005,32,JAWA BARAT,32.13,KAB. SUBANG,32.13.14,TANJUNGSIANG,KAWUNGLUWUK,41284
32.13.14.2006,32,JAWA BARAT,32.13,KAB. SUBANG,32.13.14,TANJUNGSIANG,CIBULUH,41284
32.13.14.2007,32,JAWA BARAT,32.13,KAB. SUBANG,32.13.14,TANJUNGSIANG,SINDANGLAYA,41284
32.13.14.2008,32,JAWA BARAT,32.13,KAB. SUBANG,32.13.14,TANJUNGSIANG,RANCAMANGGUNG,41284
32.13.14.2009,32,JAWA BARAT,32.13,KAB. SUBANG,32.13.14,TANJUNGSIANG,CIKAWUNG,41284
32.13.14.2010,32,JAWA BARAT,32.13,KAB. SUBANG,32.13.14,TANJUNGSIANG,GANDASOLI,41284
32.13.15.2001,32,JAWA BARAT,32.13,KAB. SUBANG,32.13.15,COMPRENG,JATIMULYA,41258
32.13.15.2002,32,JAWA BARAT,32.13,KAB. SUBANG,32.13.15,COMPRENG,SUKATANI,41258
32.13.15.2003,32,JAWA BARAT,32.13,KAB. SUBANG,32.13.15,COMPRENG,JATIREJA,41258
32.13.15.2004,32,JAWA BARAT,32.13,KAB. SUBANG,32.13.15,COMPRENG,COMPRENG,41258
32.13.15.2005,32,JAWA BARAT,32.13,KAB. SUBANG,32.13.15,COMPRENG,KALENSARI,41258
32.13.15.2006,32,JAWA BARAT,32.13,KAB. SUBANG,32.13.15,COMPRENG,MEKARJAYA,41258
32.13.15.2007,32,JAWA BARAT,32.13,KAB. SUBANG,32.13.15,COMPRENG,KIARASARI,41258
32.13.15.2008,32,JAWA BARAT,32.13,KAB. SUBANG,32.13.15,COMPRENG,SUKADANA,41258
32.13.16.2001,32,JAWA BARAT,32.13,KAB. SUBANG,32.13.16,PATOKBEUSI,RANCABANGO,41263
32.13.16.2002,32,JAWA BARAT,32.13,KAB. SUBANG,32.13.16,PATOKBEUSI,TANJUNGRASA,41263
32.13.16.2003,32,JAWA BARAT,32.13,KAB. SUBANG,32.13.16,PATOKBEUSI,CIBERES,41263
32.13.16.2004,32,JAWA BARAT,32.13,KAB. SUBANG,32.13.16,PATOKBEUSI,JATIRAGAS HILIR,41263
32.13.16.2005,32,JAWA BARAT,32.13,KAB. SUBANG,32.13.16,PATOKBEUSI,TAMBAKJATI,41263
32.13.16.2006,32,JAWA BARAT,32.13,KAB. SUBANG,32.13.16,PATOKBEUSI,RANCAJAYA,41263
32.13.16.2007,32,JAWA BARAT,32.13,KAB. SUBANG,32.13.16,PATOKBEUSI,GEMPOLSARI,41263
32.13.16.2008,32,JAWA BARAT,32.13,KAB. SUBANG,32.13.16,PATOKBEUSI,TANJUNGRASA KIDUL,41263
32.13.16.2009,32,JAWA BARAT,32.13,KAB. SUBANG,32.13.16,PATOKBEUSI,RANCAASIH,41263
32.13.16.2010,32,JAWA BARAT,32.13,KAB. SUBANG,32.13.16,PATOKBEUSI,RANCAMULYA,41263
32.13.17.2001,32,JAWA BARAT,32.13,KAB. SUBANG,32.13.17,CIBOGO,SUMURBARANG,41285
32.13.17.2002,32,JAWA BARAT,32.13,KAB. SUBANG,32.13.17,CIBOGO,CIBOGO,41285
32.13.17.2003,32,JAWA BARAT,32.13,KAB. SUBANG,32.13.17,CIBOGO,CINANGSI,41285
32.13.17.2004,32,JAWA BARAT,32.13,KAB. SUBANG,32.13.17,CIBOGO,PADAASIH,41285
32.13.17.2005,32,JAWA BARAT,32.13,KAB. SUBANG,32.13.17,CIBOGO,SADAWARNA,41285
32.13.17.2006,32,JAWA BARAT,32.13,KAB. SUBANG,32.13.17,CIBOGO,MAJASARI,41285
32.13.17.2007,32,JAWA BARAT,32.13,KAB. SUBANG,32.13.17,CIBOGO,CISAGA,41285
32.13.17.2008,32,JAWA BARAT,32.13,KAB. SUBANG,32.13.17,CIBOGO,BELENDUNG,41285
32.13.17.2009,32,JAWA BARAT,32.13,KAB. SUBANG,32.13.17,CIBOGO,CIBALANDONG JAYA,41285
32.13.18.2001,32,JAWA BARAT,32.13,KAB. SUBANG,32.13.18,CIPUNAGARA,WANASARI,41257
32.13.18.2002,32,JAWA BARAT,32.13,KAB. SUBANG,32.13.18,CIPUNAGARA,SIDAMULYA,41257
32.13.18.2003,32,JAWA BARAT,32.13,KAB. SUBANG,32.13.18,CIPUNAGARA,TANJUNG,41257
32.13.18.2004,32,JAWA BARAT,32.13,KAB. SUBANG,32.13.18,CIPUNAGARA,JATI,41257
32.13.18.2005,32,JAWA BARAT,32.13,KAB. SUBANG,32.13.18,CIPUNAGARA,SIMPAR,41257
32.13.18.2006,32,JAWA BARAT,32.13,KAB. SUBANG,32.13.18,CIPUNAGARA,PARIGIMULYA,41257
32.13.18.2007,32,JAWA BARAT,32.13,KAB. SUBANG,32.13.18,CIPUNAGARA,SIDAJAYA,41257
32.13.18.2008,32,JAWA BARAT,32.13,KAB. SUBANG,32.13.18,CIPUNAGARA,PADAMULYA,41257
32.13.18.2009,32,JAWA BARAT,32.13,KAB. SUBANG,32.13.18,CIPUNAGARA,KOSAMBI,41257
32.13.18.2010,32,JAWA BARAT,32.13,KAB. SUBANG,32.13.18,CIPUNAGARA,MANYINGSAL,41257
32.13.19.2001,32,JAWA BARAT,32.13,KAB. SUBANG,32.13.19,CIJAMBE,GUNUNGTUA,41286
32.13.19.2002,32,JAWA BARAT,32.13,KAB. SUBANG,32.13.19,CIJAMBE,CIJAMBE,41286
32.13.19.2003,32,JAWA BARAT,32.13,KAB. SUBANG,32.13.19,CIJAMBE,CIRANGKONG,41286
32.13.19.2004,32,JAWA BARAT,32.13,KAB. SUBANG,32.13.19,CIJAMBE,CIMENTENG,41286
32.13.19.2005,32,JAWA BARAT,32.13,KAB. SUBANG,32.13.19,CIJAMBE,BANTARSARI,41286
32.13.19.2006,32,JAWA BARAT,32.13,KAB. SUBANG,32.13.19,CIJAMBE,TANJUNGWANGI,41286
32.13.19.2007,32,JAWA BARAT,32.13,KAB. SUBANG,32.13.19,CIJAMBE,CIKADU,41286
32.13.19.2008,32,JAWA BARAT,32.13,KAB. SUBANG,32.13.19,CIJAMBE,SUKAHURIP,41286
32.13.20.2001,32,JAWA BARAT,32.13,KAB. SUBANG,32.13.20,CIPEUNDEUY,KARYAMUKTI,41272
32.13.20.2002,32,JAWA BARAT,32.13,KAB. SUBANG,32.13.20,CIPEUNDEUY,CIMAYASARI,41272
32.13.20.2003,32,JAWA BARAT,32.13,KAB. SUBANG,32.13.20,CIPEUNDEUY,LENGKONG,41272
32.13.20.2004,32,JAWA BARAT,32.13,KAB. SUBANG,32.13.20,CIPEUNDEUY,CIPEUNDEUY,41272
32.13.20.2005,32,JAWA BARAT,32.13,KAB. SUBANG,32.13.20,CIPEUNDEUY,WANTILAN,41272
32.13.20.2006,32,JAWA BARAT,32.13,KAB. SUBANG,32.13.20,CIPEUNDEUY,KOSAR,41272
32.13.20.2007,32,JAWA BARAT,32.13,KAB. SUBANG,32.13.20,CIPEUNDEUY,SAWANGAN,41272
32.13.21.2001,32,JAWA BARAT,32.13,KAB. SUBANG,32.13.21,LEGONKULON,TEGALURUNG,41267
32.13.21.2002,32,JAWA BARAT,32.13,KAB. SUBANG,32.13.21,LEGONKULON,BOBOS,41267
32.13.21.2003,32,JAWA BARAT,32.13,KAB. SUBANG,32.13.21,LEGONKULON,LEGONKULON,41267
32.13.21.2004,32,JAWA BARAT,32.13,KAB. SUBANG,32.13.21,LEGONKULON,MAYANGAN,41267
32.13.21.2005,32,JAWA BARAT,32.13,KAB. SUBANG,32.13.21,LEGONKULON,LEGONWETAN,41267
32.13.21.2006,32,JAWA BARAT,32.13,KAB. SUBANG,32.13.21,LEGONKULON,PANGARENGAN,41267
32.13.21.2007,32,JAWA BARAT,32.13,KAB. SUBANG,32.13.21,LEGONKULON,KARANGMULYA,41267
32.13.22.2001,32,JAWA BARAT,32.13,KAB. SUBANG,32.13.22,CIKAUM,KAWUNGANTEN,41264
32.13.22.2002,32,JAWA BARAT,32.13,KAB. SUBANG,32.13.22,CIKAUM,SINDANGSARI,41264
32.13.22.2003,32,JAWA BARAT,32.13,KAB. SUBANG,32.13.22,CIKAUM,CIKAUM BARAT,41264
32.13.22.2004,32,JAWA BARAT,32.13,KAB. SUBANG,32.13.22,CIKAUM,CIKAUM TIMUR,41264
32.13.22.2005,32,JAWA BARAT,32.13,KAB. SUBANG,32.13.22,CIKAUM,TANJUNGSARI BARAT,41264
32.13.22.2006,32,JAWA BARAT,32.13,KAB. SUBANG,32.13.22,CIKAUM,MEKARSARI,41264
32.13.22.2007,32,JAWA BARAT,32.13,KAB. SUBANG,32.13.22,CIKAUM,TANJUNGSARI TIMUR,41264
32.13.22.2008,32,JAWA BARAT,32.13,KAB. SUBANG,32.13.22,CIKAUM,GANDASARI,41264
32.13.22.2009,32,JAWA BARAT,32.13,KAB. SUBANG,32.13.22,CIKAUM,PASIRMUNCANG,41264
32.13.23.2001,32,JAWA BARAT,32.13,KAB. SUBANG,32.13.23,SERANGPANJANG,CIJENGKOL,41287
32.13.23.2002,32,JAWA BARAT,32.13,KAB. SUBANG,32.13.23,SERANGPANJANG,TALAGASARI,41287
32.13.23.2003,32,JAWA BARAT,32.13,KAB. SUBANG,32.13.23,SERANGPANJANG,CINTAMEKAR,41287
32.13.23.2004,32,JAWA BARAT,32.13,KAB. SUBANG,32.13.23,SERANGPANJANG,PONGGANG,41287
32.13.23.2005,32,JAWA BARAT,32.13,KAB. SUBANG,32.13.23,SERANGPANJANG,CIKUJANG,41287
32.13.23.2006,32,JAWA BARAT,32.13,KAB. SUBANG,32.13.23,SERANGPANJANG,CIPANCAR,41287
32.13.24.2001,32,JAWA BARAT,32.13,KAB. SUBANG,32.13.24,SUKASARI,ANGGASARI,41268
32.13.24.2002,32,JAWA BARAT,32.13,KAB. SUBANG,32.13.24,SUKASARI,BATANGSARI,41268
32.13.24.2003,32,JAWA BARAT,32.13,KAB. SUBANG,32.13.24,SUKASARI,SUKAMAJU,41268
32.13.24.2004,32,JAWA BARAT,32.13,KAB. SUBANG,32.13.24,SUKASARI,MANDALAWANGI,41268
32.13.24.2005,32,JAWA BARAT,32.13,KAB. SUBANG,32.13.24,SUKASARI,CURUGREJA,41268
32.13.24.2006,32,JAWA BARAT,32.13,KAB. SUBANG,32.13.24,SUKASARI,SUKAREJA,41268
32.13.24.2007,32,JAWA BARAT,32.13,KAB. SUBANG,32.13.24,SUKASARI,SUKASARI,41268
32.13.25.2001,32,JAWA BARAT,32.13,KAB. SUBANG,32.13.25,TAMBAKDAHAN,TANJUNGRASA,41265
32.13.25.2002,32,JAWA BARAT,32.13,KAB. SUBANG,32.13.25,TAMBAKDAHAN,WANAJAYA,41265
32.13.25.2003,32,JAWA BARAT,32.13,KAB. SUBANG,32.13.25,TAMBAKDAHAN,GARDUMUKTI,41265
32.13.25.2004,32,JAWA BARAT,32.13,KAB. SUBANG,32.13.25,TAMBAKDAHAN,MARIUK,41265
32.13.25.2005,32,JAWA BARAT,32.13,KAB. SUBANG,32.13.25,TAMBAKDAHAN,KERTAJAYA,41265
32.13.25.2006,32,JAWA BARAT,32.13,KAB. SUBANG,32.13.25,TAMBAKDAHAN,TAMBAKDAHAN,41265
32.13.25.2007,32,JAWA BARAT,32.13,KAB. SUBANG,32.13.25,TAMBAKDAHAN,RANCAUDIK,41265
32.13.25.2008,32,JAWA BARAT,32.13,KAB. SUBANG,32.13.25,TAMBAKDAHAN,BOJONGKEDING,41265
32.13.25.2009,32,JAWA BARAT,32.13,KAB. SUBANG,32.13.25,TAMBAKDAHAN,BOJONEGARA,41265
32.13.26.2001,32,JAWA BARAT,32.13,KAB. SUBANG,32.13.26,KASOMALANG,SINDANGSARI,41289
32.13.26.2002,32,JAWA BARAT,32.13,KAB. SUBANG,32.13.26,KASOMALANG,PASANGGRAHAN,41289
32.13.26.2003,32,JAWA BARAT,32.13,KAB. SUBANG,32.13.26,KASOMALANG,BOJONGLOA,41289
32.13.26.2004,32,JAWA BARAT,32.13,KAB. SUBANG,32.13.26,KASOMALANG,SUKAMELANG,41289
32.13.26.2005,32,JAWA BARAT,32.13,KAB. SUBANG,32.13.26,KASOMALANG,TENJOLAYA,41289
32.13.26.2006,32,JAWA BARAT,32.13,KAB. SUBANG,32.13.26,KASOMALANG,KASOMALANG WETAN,41289
32.13.26.2007,32,JAWA BARAT,32.13,KAB. SUBANG,32.13.26,KASOMALANG,KASOMALANG KULON,41289
32.13.26.2008,32,JAWA BARAT,32.13,KAB. SUBANG,32.13.26,KASOMALANG,CIMANGLID,41289
32.13.27.2001,32,JAWA BARAT,32.13,KAB. SUBANG,32.13.27,DAWUAN,MANYETI,41273
32.13.27.2002,32,JAWA BARAT,32.13,KAB. SUBANG,32.13.27,DAWUAN,RAWALELE,41273
32.13.27.2003,32,JAWA BARAT,32.13,KAB. SUBANG,32.13.27,DAWUAN,SUKASARI,41273
32.13.27.2004,32,JAWA BARAT,32.13,KAB. SUBANG,32.13.27,DAWUAN,SITUSARI,41273
32.13.27.2005,32,JAWA BARAT,32.13,KAB. SUBANG,32.13.27,DAWUAN,DAWUAN KALER,41273
32.13.27.2006,32,JAWA BARAT,32.13,KAB. SUBANG,32.13.27,DAWUAN,DAWUAN KIDUL,41273
32.13.27.2007,32,JAWA BARAT,32.13,KAB. SUBANG,32.13.27,DAWUAN,CISAMPIH,41273
32.13.27.2008,32,JAWA BARAT,32.13,KAB. SUBANG,32.13.27,DAWUAN,MARGASARI,41273
32.13.27.2009,32,JAWA BARAT,32.13,KAB. SUBANG,32.13.27,DAWUAN,BATUSARI,41273
32.13.27.2010,32,JAWA BARAT,32.13,KAB. SUBANG,32.13.27,DAWUAN,JAMBELAER,41273
32.13.28.2001,32,JAWA BARAT,32.13,KAB. SUBANG,32.13.28,PAGADEN BARAT,MEKARWANGI,41274
32.13.28.2002,32,JAWA BARAT,32.13,KAB. SUBANG,32.13.28,PAGADEN BARAT,BENDUNGAN,41274
32.13.28.2003,32,JAWA BARAT,32.13,KAB. SUBANG,32.13.28,PAGADEN BARAT,MUNJUL,41274
32.13.28.2004,32,JAWA BARAT,32.13,KAB. SUBANG,32.13.28,PAGADEN BARAT,MARGAHAYU,41274
32.13.28.2005,32,JAWA BARAT,32.13,KAB. SUBANG,32.13.28,PAGADEN BARAT,PANGSOR,41274
32.13.28.2006,32,JAWA BARAT,32.13,KAB. SUBANG,32.13.28,PAGADEN BARAT,SUMURGINTUNG,41274
32.13.28.2007,32,JAWA BARAT,32.13,KAB. SUBANG,32.13.28,PAGADEN BARAT,BALIMBING,41274
32.13.28.2008,32,JAWA BARAT,32.13,KAB. SUBANG,32.13.28,PAGADEN BARAT,CIDAHU,41274
32.13.28.2009,32,JAWA BARAT,32.13,KAB. SUBANG,32.13.28,PAGADEN BARAT,CIDADAP,41274
32.13.29.2001,32,JAWA BARAT,32.13,KAB. SUBANG,32.13.29,CIATER,CISAAT,41288
32.13.29.2002,32,JAWA BARAT,32.13,KAB. SUBANG,32.13.29,CIATER,CIATER,41288
32.13.29.2003,32,JAWA BARAT,32.13,KAB. SUBANG,32.13.29,CIATER,NAGRAK,41288
32.13.29.2004,32,JAWA BARAT,32.13,KAB. SUBANG,32.13.29,CIATER,CIBEUSI,41288
32.13.29.2005,32,JAWA BARAT,32.13,KAB. SUBANG,32.13.29,CIATER,CIBITUNG,41288
32.13.29.2006,32,JAWA BARAT,32.13,KAB. SUBANG,32.13.29,CIATER,PALASARI,41288
32.13.29.2007,32,JAWA BARAT,32.13,KAB. SUBANG,32.13.29,CIATER,SANCA,41288
32.13.30.2001,32,JAWA BARAT,32.13,KAB. SUBANG,32.13.30,PUSAKAJAYA,KEBONDANAS,41266
32.13.30.2002,32,JAWA BARAT,32.13,KAB. SUBANG,32.13.30,PUSAKAJAYA,PUSAKAJAYA,41266
32.13.30.2003,32,JAWA BARAT,32.13,KAB. SUBANG,32.13.30,PUSAKAJAYA,KARANGANYAR,41266
32.13.30.2004,32,JAWA BARAT,32.13,KAB. SUBANG,32.13.30,PUSAKAJAYA,BOJONGTENGAH,41266
32.13.30.2005,32,JAWA BARAT,32.13,KAB. SUBANG,32.13.30,PUSAKAJAYA,BOJONGJAYA,41266
32.13.30.2006,32,JAWA BARAT,32.13,KAB. SUBANG,32.13.30,PUSAKAJAYA,CIGUGUR,41266
32.13.30.2007,32,JAWA BARAT,32.13,KAB. SUBANG,32.13.30,PUSAKAJAYA,CIGUGUR KALER,41266
32.13.30.2008,32,JAWA BARAT,32.13,KAB. SUBANG,32.13.30,PUSAKAJAYA,RANGDU,41266
32.14.01.1001,32,JAWA BARAT,32.14,KAB. PURWAKARTA,32.14.01,PURWAKARTA,NAGRI KIDUL,41111
32.14.01.1002,32,JAWA BARAT,32.14,KAB. PURWAKARTA,32.14.01,PURWAKARTA,NAGRI KALER,41115
32.14.01.1003,32,JAWA BARAT,32.14,KAB. PURWAKARTA,32.14.01,PURWAKARTA,NAGRI TENGAH,41114
32.14.01.1004,32,JAWA BARAT,32.14,KAB. PURWAKARTA,32.14.01,PURWAKARTA,SINDANGKASIH,41112
32.14.01.1005,32,JAWA BARAT,32.14,KAB. PURWAKARTA,32.14.01,PURWAKARTA,CIPAISAN,41113
32.14.01.1006,32,JAWA BARAT,32.14,KAB. PURWAKARTA,32.14.01,PURWAKARTA,PURWAMEKAR,41119
32.14.01.1007,32,JAWA BARAT,32.14,KAB. PURWAKARTA,32.14.01,PURWAKARTA,CISEUREUH,41118
32.14.01.1008,32,JAWA BARAT,32.14,KAB. PURWAKARTA,32.14.01,PURWAKARTA,TEGALMUNCUL,41116
32.14.01.1009,32,JAWA BARAT,32.14,KAB. PURWAKARTA,32.14.01,PURWAKARTA,MUNJULJAYA,41117
32.14.01.2010,32,JAWA BARAT,32.14,KAB. PURWAKARTA,32.14.01,PURWAKARTA,CITALANG,41119
32.14.02.2001,32,JAWA BARAT,32.14,KAB. PURWAKARTA,32.14.02,CAMPAKA,CAMPAKA,41181
32.14.02.2002,32,JAWA BARAT,32.14,KAB. PURWAKARTA,32.14.02,CAMPAKA,CAMPAKASARI,41181
32.14.02.2003,32,JAWA BARAT,32.14,KAB. PURWAKARTA,32.14.02,CAMPAKA,BENTENG,41181
32.14.02.2004,32,JAWA BARAT,32.14,KAB. PURWAKARTA,32.14.02,CAMPAKA,CIRENDE,41181
32.14.02.2005,32,JAWA BARAT,32.14,KAB. PURWAKARTA,32.14.02,CAMPAKA,CIKUMPAY,41181
32.14.02.2006,32,JAWA BARAT,32.14,KAB. PURWAKARTA,32.14.02,CAMPAKA,CIJAYA,41181
32.14.02.2007,32,JAWA BARAT,32.14,KAB. PURWAKARTA,32.14.02,CAMPAKA,KERTAMUKTI,41181
32.14.02.2008,32,JAWA BARAT,32.14,KAB. PURWAKARTA,32.14.02,CAMPAKA,CIMAHI,41181
32.14.02.2009,32,JAWA BARAT,32.14,KAB. PURWAKARTA,32.14.02,CAMPAKA,CIJUNTI,41181
32.14.02.2010,32,JAWA BARAT,32.14,KAB. PURWAKARTA,32.14.02,CAMPAKA,CISAAT,41181
32.14.03.2001,32,JAWA BARAT,32.14,KAB. PURWAKARTA,32.14.03,JATILUHUR,CIKAOBANDUNG,41152
32.14.03.2002,32,JAWA BARAT,32.14,KAB. PURWAKARTA,32.14.03,JATILUHUR,JATIMEKAR,41152
32.14.03.2003,32,JAWA BARAT,32.14,KAB. PURWAKARTA,32.14.03,JATILUHUR,JATILUHUR,41152
32.14.03.2004,32,JAWA BARAT,32.14,KAB. PURWAKARTA,32.14.03,JATILUHUR,CILEGONG,41152
32.14.03.2005,32,JAWA BARAT,32.14,KAB. PURWAKARTA,32.14.03,JATILUHUR,KEMBANGKUNING,41152
32.14.03.2006,32,JAWA BARAT,32.14,KAB. PURWAKARTA,32.14.03,JATILUHUR,CIBINONG,41152
32.14.03.2007,32,JAWA BARAT,32.14,KAB. PURWAKARTA,32.14.03,JATILUHUR,BUNDER,41152
32.14.03.2008,32,JAWA BARAT,32.14,KAB. PURWAKARTA,32.14.03,JATILUHUR,MEKARGALIH,41152
32.14.03.2009,32,JAWA BARAT,32.14,KAB. PURWAKARTA,32.14.03,JATILUHUR,CISALADA,41152
32.14.03.2010,32,JAWA BARAT,32.14,KAB. PURWAKARTA,32.14.03,JATILUHUR,PARAKANLIMA,41152
32.14.04.2001,32,JAWA BARAT,32.14,KAB. PURWAKARTA,32.14.04,PLERED,PLERED,41162
32.14.04.2002,32,JAWA BARAT,32.14,KAB. PURWAKARTA,32.14.04,PLERED,PALINGGIHAN,41162
32.14.04.2003,32,JAWA BARAT,32.14,KAB. PURWAKARTA,32.14.04,PLERED,CIBOGOHILIR,41162
32.14.04.2004,32,JAWA BARAT,32.14,KAB. PURWAKARTA,32.14.04,PLERED,LINGGASARI,41162
32.14.04.2005,32,JAWA BARAT,32.14,KAB. PURWAKARTA,32.14.04,PLERED,GANDASOLI,41162
32.14.04.2006,32,JAWA BARAT,32.14,KAB. PURWAKARTA,32.14.04,PLERED,CITEKO,41162
32.14.04.2007,32,JAWA BARAT,32.14,KAB. PURWAKARTA,32.14.04,PLERED,LIUNGGUNUNG,41162
32.14.04.2008,32,JAWA BARAT,32.14,KAB. PURWAKARTA,32.14.04,PLERED,RAWASARI,41162
32.14.04.2009,32,JAWA BARAT,32.14,KAB. PURWAKARTA,32.14.04,PLERED,ANJUN,41162
32.14.04.2010,32,JAWA BARAT,32.14,KAB. PURWAKARTA,32.14.04,PLERED,SINDANGSARI,41162
32.14.04.2011,32,JAWA BARAT,32.14,KAB. PURWAKARTA,32.14.04,PLERED,BABAKANSARI,41162
32.14.04.2012,32,JAWA BARAT,32.14,KAB. PURWAKARTA,32.14.04,PLERED,GANDAMEKAR,41162
32.14.04.2013,32,JAWA BARAT,32.14,KAB. PURWAKARTA,32.14.04,PLERED,CITEKOKALER,41162
32.14.04.2014,32,JAWA BARAT,32.14,KAB. PURWAKARTA,32.14.04,PLERED,PAMOYANAN,41162
32.14.04.2015,32,JAWA BARAT,32.14,KAB. PURWAKARTA,32.14.04,PLERED,SEMPUR,41162
32.14.04.2016,32,JAWA BARAT,32.14,KAB. PURWAKARTA,32.14.04,PLERED,CIBOGO GIRANG,41162
32.14.05.2001,32,JAWA BARAT,32.14,KAB. PURWAKARTA,32.14.05,SUKATANI,SUKATANI,41167
32.14.05.2002,32,JAWA BARAT,32.14,KAB. PURWAKARTA,32.14.05,SUKATANI,MALANGNENGAH,41167
32.14.05.2003,32,JAWA BARAT,32.14,KAB. PURWAKARTA,32.14.05,SUKATANI,CILALAWI,41167
32.14.05.2004,32,JAWA BARAT,32.14,KAB. PURWAKARTA,32.14.05,SUKATANI,SUKAMAJU,41167
32.14.05.2005,32,JAWA BARAT,32.14,KAB. PURWAKARTA,32.14.05,SUKATANI,CIPICUNG,41167
32.14.05.2006,32,JAWA BARAT,32.14,KAB. PURWAKARTA,32.14.05,SUKATANI,CIANTING UTARA,41167
32.14.05.2007,32,JAWA BARAT,32.14,KAB. PURWAKARTA,32.14.05,SUKATANI,CIANTING,41167
32.14.05.2008,32,JAWA BARAT,32.14,KAB. PURWAKARTA,32.14.05,SUKATANI,PASIRMUNJUL,41167
32.14.05.2009,32,JAWA BARAT,32.14,KAB. PURWAKARTA,32.14.05,SUKATANI,TAJURSINDANG,41167
32.14.05.2010,32,JAWA BARAT,32.14,KAB. PURWAKARTA,32.14.05,SUKATANI,CIBODAS,41167
32.14.05.2011,32,JAWA BARAT,32.14,KAB. PURWAKARTA,32.14.05,SUKATANI,CIJANTUNG,41167
32.14.05.2012,32,JAWA BARAT,32.14,KAB. PURWAKARTA,32.14.05,SUKATANI,SUKAJAYA,41167
32.14.05.2013,32,JAWA BARAT,32.14,KAB. PURWAKARTA,32.14.05,SUKATANI,PANYINDANGAN,41167
32.14.05.2014,32,JAWA BARAT,32.14,KAB. PURWAKARTA,32.14.05,SUKATANI,SINDANGLAYA,41167
32.14.06.2001,32,JAWA BARAT,32.14,KAB. PURWAKARTA,32.14.06,DARANGDAN,DARANGDAN,41163
32.14.06.2002,32,JAWA BARAT,32.14,KAB. PURWAKARTA,32.14.06,DARANGDAN,DEPOK,41163
32.14.06.2003,32,JAWA BARAT,32.14,KAB. PURWAKARTA,32.14.06,DARANGDAN,CILINGGA,41163
32.14.06.2004,32,JAWA BARAT,32.14,KAB. PURWAKARTA,32.14.06,DARANGDAN,NANGEWER,41163
32.14.06.2005,32,JAWA BARAT,32.14,KAB. PURWAKARTA,32.14.06,DARANGDAN,MEKARSARI,41163
32.14.06.2006,32,JAWA BARAT,32.14,KAB. PURWAKARTA,32.14.06,DARANGDAN,LINGGARSARI,41163
32.14.06.2007,32,JAWA BARAT,32.14,KAB. PURWAKARTA,32.14.06,DARANGDAN,SAWIT,41163
32.14.06.2008,32,JAWA BARAT,32.14,KAB. PURWAKARTA,32.14.06,DARANGDAN,LINGGAMUKTI,41163
32.14.06.2009,32,JAWA BARAT,32.14,KAB. PURWAKARTA,32.14.06,DARANGDAN,GUNUNGHEJO,41163
32.14.06.2010,32,JAWA BARAT,32.14,KAB. PURWAKARTA,32.14.06,DARANGDAN,PASIRANGIN,41163
32.14.06.2011,32,JAWA BARAT,32.14,KAB. PURWAKARTA,32.14.06,DARANGDAN,LEGOKSARI,41163
32.14.06.2012,32,JAWA BARAT,32.14,KAB. PURWAKARTA,32.14.06,DARANGDAN,SIRNAMANAH,41163
32.14.06.2013,32,JAWA BARAT,32.14,KAB. PURWAKARTA,32.14.06,DARANGDAN,SADARKARYA,41163
32.14.06.2014,32,JAWA BARAT,32.14,KAB. PURWAKARTA,32.14.06,DARANGDAN,NEGLASARI,41163
32.14.06.2015,32,JAWA BARAT,32.14,KAB. PURWAKARTA,32.14.06,DARANGDAN,NAGRAK,41163
32.14.07.2001,32,JAWA BARAT,32.14,KAB. PURWAKARTA,32.14.07,MANIIS,GUNUNGKARUNG,41166
32.14.07.2002,32,JAWA BARAT,32.14,KAB. PURWAKARTA,32.14.07,MANIIS,CITAMIANG,41166
32.14.07.2003,32,JAWA BARAT,32.14,KAB. PURWAKARTA,32.14.07,MANIIS,SINARGALIH,41166
32.14.07.2004,32,JAWA BARAT,32.14,KAB. PURWAKARTA,32.14.07,MANIIS,TEGALDATAR,41166
32.14.07.2005,32,JAWA BARAT,32.14,KAB. PURWAKARTA,32.14.07,MANIIS,CIJATI,41166
32.14.07.2006,32,JAWA BARAT,32.14,KAB. PURWAKARTA,32.14.07,MANIIS,CIRAMAHILIR,41166
32.14.07.2007,32,JAWA BARAT,32.14,KAB. PURWAKARTA,32.14.07,MANIIS,SUKAMUKTI,41166
32.14.07.2008,32,JAWA BARAT,32.14,KAB. PURWAKARTA,32.14.07,MANIIS,PASIRJAMBU,41166
32.14.08.2001,32,JAWA BARAT,32.14,KAB. PURWAKARTA,32.14.08,TEGALWARU,BATUTUMPANG,41165
32.14.08.2002,32,JAWA BARAT,32.14,KAB. PURWAKARTA,32.14.08,TEGALWARU,CITALANG,41165
32.14.08.2003,32,JAWA BARAT,32.14,KAB. PURWAKARTA,32.14.08,TEGALWARU,TEGALWARU,41165
32.14.08.2004,32,JAWA BARAT,32.14,KAB. PURWAKARTA,32.14.08,TEGALWARU,TEGALSARI,41165
32.14.08.2005,32,JAWA BARAT,32.14,KAB. PURWAKARTA,32.14.08,TEGALWARU,WARUNGJERUK,41165
32.14.08.2006,32,JAWA BARAT,32.14,KAB. PURWAKARTA,32.14.08,TEGALWARU,GALUMPIT,41165
32.14.08.2007,32,JAWA BARAT,32.14,KAB. PURWAKARTA,32.14.08,TEGALWARU,SUKAHAJI,41165
32.14.08.2008,32,JAWA BARAT,32.14,KAB. PURWAKARTA,32.14.08,TEGALWARU,KAROYA,41165
32.14.08.2009,32,JAWA BARAT,32.14,KAB. PURWAKARTA,32.14.08,TEGALWARU,CADASSARI,41165
32.14.08.2010,32,JAWA BARAT,32.14,KAB. PURWAKARTA,32.14.08,TEGALWARU,CADASMEKAR,41165
32.14.08.2011,32,JAWA BARAT,32.14,KAB. PURWAKARTA,32.14.08,TEGALWARU,CISARUA,41165
32.14.08.2012,32,JAWA BARAT,32.14,KAB. PURWAKARTA,32.14.08,TEGALWARU,SUKAMULYA,41165
32.14.08.2013,32,JAWA BARAT,32.14,KAB. PURWAKARTA,32.14.08,TEGALWARU,PASANGGRAHAN,41165
32.14.09.2001,32,JAWA BARAT,32.14,KAB. PURWAKARTA,32.14.09,WANAYASA,WANAYASA,41174
32.14.09.2002,32,JAWA BARAT,32.14,KAB. PURWAKARTA,32.14.09,WANAYASA,SUKADAMI,41174
32.14.09.2003,32,JAWA BARAT,32.14,KAB. PURWAKARTA,32.14.09,WANAYASA,WANASARI,41174
32.14.09.2004,32,JAWA BARAT,32.14,KAB. PURWAKARTA,32.14.09,WANAYASA,SIMPANG,41174
32.14.09.2005,32,JAWA BARAT,32.14,KAB. PURWAKARTA,32.14.09,WANAYASA,NAGROG,41174
32.14.09.2006,32,JAWA BARAT,32.14,KAB. PURWAKARTA,32.14.09,WANAYASA,CIBUNTU,41174
32.14.09.2007,32,JAWA BARAT,32.14,KAB. PURWAKARTA,32.14.09,WANAYASA,BABAKAN,41174
32.14.09.2008,32,JAWA BARAT,32.14,KAB. PURWAKARTA,32.14.09,WANAYASA,NANGERANG,41174
32.14.09.2009,32,JAWA BARAT,32.14,KAB. PURWAKARTA,32.14.09,WANAYASA,CIAWI,41174
32.14.09.2010,32,JAWA BARAT,32.14,KAB. PURWAKARTA,32.14.09,WANAYASA,SUMURUGUL,41174
32.14.09.2011,32,JAWA BARAT,32.14,KAB. PURWAKARTA,32.14.09,WANAYASA,RAHARJA,41174
32.14.09.2012,32,JAWA BARAT,32.14,KAB. PURWAKARTA,32.14.09,WANAYASA,SAKAMBANG,41174
32.14.09.2013,32,JAWA BARAT,32.14,KAB. PURWAKARTA,32.14.09,WANAYASA,TARINGGUL TONGGOH,41174
32.14.09.2014,32,JAWA BARAT,32.14,KAB. PURWAKARTA,32.14.09,WANAYASA,LEGOKHUNI,41174
32.14.09.2015,32,JAWA BARAT,32.14,KAB. PURWAKARTA,32.14.09,WANAYASA,TARINGGUL TENGAH,41174
32.14.10.2001,32,JAWA BARAT,32.14,KAB. PURWAKARTA,32.14.10,PASAWAHAN,PASAWAHANANYAR,41172
32.14.10.2002,32,JAWA BARAT,32.14,KAB. PURWAKARTA,32.14.10,PASAWAHAN,PASAWAHAN,41172
32.14.10.2003,32,JAWA BARAT,32.14,KAB. PURWAKARTA,32.14.10,PASAWAHAN,SAWAHKULON,41172
32.14.10.2004,32,JAWA BARAT,32.14,KAB. PURWAKARTA,32.14.10,PASAWAHAN,CIHERANG,41172
32.14.10.2005,32,JAWA BARAT,32.14,KAB. PURWAKARTA,32.14.10,PASAWAHAN,CIDAHU,41172
32.14.10.2006,32,JAWA BARAT,32.14,KAB. PURWAKARTA,32.14.10,PASAWAHAN,PASAWAHANKIDUL,41172
32.14.10.2007,32,JAWA BARAT,32.14,KAB. PURWAKARTA,32.14.10,PASAWAHAN,KERTAJAYA,41172
32.14.10.2008,32,JAWA BARAT,32.14,KAB. PURWAKARTA,32.14.10,PASAWAHAN,LEBAKANYAR,41172
32.14.10.2009,32,JAWA BARAT,32.14,KAB. PURWAKARTA,32.14.10,PASAWAHAN,SELAAWI,41172
32.14.10.2010,32,JAWA BARAT,32.14,KAB. PURWAKARTA,32.14.10,PASAWAHAN,MARGASARI,41172
32.14.10.2011,32,JAWA BARAT,32.14,KAB. PURWAKARTA,32.14.10,PASAWAHAN,WARUNGKADU,41172
32.14.10.2012,32,JAWA BARAT,32.14,KAB. PURWAKARTA,32.14.10,PASAWAHAN,CIHUNI,41172
32.14.11.2001,32,JAWA BARAT,32.14,KAB. PURWAKARTA,32.14.11,BOJONG,BOJONG BARAT,41164
32.14.11.2002,32,JAWA BARAT,32.14,KAB. PURWAKARTA,32.14.11,BOJONG,BOJONG TIMUR,41164
32.14.11.2003,32,JAWA BARAT,32.14,KAB. PURWAKARTA,32.14.11,BOJONG,CIKERIS,41164
32.14.11.2004,32,JAWA BARAT,32.14,KAB. PURWAKARTA,32.14.11,BOJONG,CIHANJAWAR,41164
32.14.11.2005,32,JAWA BARAT,32.14,KAB. PURWAKARTA,32.14.11,BOJONG,CIPEUNDEUY,41164
32.14.11.2006,32,JAWA BARAT,32.14,KAB. PURWAKARTA,32.14.11,BOJONG,CILEUNCA,41164
32.14.11.2007,32,JAWA BARAT,32.14,KAB. PURWAKARTA,32.14.11,BOJONG,CIBINGBIN,41164
32.14.11.2008,32,JAWA BARAT,32.14,KAB. PURWAKARTA,32.14.11,BOJONG,KERTASARI,41164
32.14.11.2009,32,JAWA BARAT,32.14,KAB. PURWAKARTA,32.14.11,BOJONG,PANGKALAN,41164
32.14.11.2010,32,JAWA BARAT,32.14,KAB. PURWAKARTA,32.14.11,BOJONG,PAWENANG,41164
32.14.11.2011,32,JAWA BARAT,32.14,KAB. PURWAKARTA,32.14.11,BOJONG,SUKAMANAH,41164
32.14.11.2012,32,JAWA BARAT,32.14,KAB. PURWAKARTA,32.14.11,BOJONG,SINDANGPANON,41164
32.14.11.2013,32,JAWA BARAT,32.14,KAB. PURWAKARTA,32.14.11,BOJONG,SINDANGSARI,41164
32.14.11.2014,32,JAWA BARAT,32.14,KAB. PURWAKARTA,32.14.11,BOJONG,PASANGGRAHAN,41164
32.14.12.2001,32,JAWA BARAT,32.14,KAB. PURWAKARTA,32.14.12,BABAKANCIKAO,CILANGKAP,41151
32.14.12.2002,32,JAWA BARAT,32.14,KAB. PURWAKARTA,32.14.12,BABAKANCIKAO,CICADAS,41151
32.14.12.2003,32,JAWA BARAT,32.14,KAB. PURWAKARTA,32.14.12,BABAKANCIKAO,HEGARMANAH,41151
32.14.12.2004,32,JAWA BARAT,32.14,KAB. PURWAKARTA,32.14.12,BABAKANCIKAO,BABAKANCIKAO,41151
32.14.12.2005,32,JAWA BARAT,32.14,KAB. PURWAKARTA,32.14.12,BABAKANCIKAO,KADUMEKAR,41151
32.14.12.2006,32,JAWA BARAT,32.14,KAB. PURWAKARTA,32.14.12,BABAKANCIKAO,MARANCANG,41151
32.14.12.2007,32,JAWA BARAT,32.14,KAB. PURWAKARTA,32.14.12,BABAKANCIKAO,CIWARENG,41151
32.14.12.2008,32,JAWA BARAT,32.14,KAB. PURWAKARTA,32.14.12,BABAKANCIKAO,MULYAMEKAR,41151
32.14.12.2009,32,JAWA BARAT,32.14,KAB. PURWAKARTA,32.14.12,BABAKANCIKAO,CIGELAM,41151
32.14.13.2001,32,JAWA BARAT,32.14,KAB. PURWAKARTA,32.14.13,BUNGURSARI,CIWANGI,41182
32.14.13.2002,32,JAWA BARAT,32.14,KAB. PURWAKARTA,32.14.13,BUNGURSARI,CIBENING,41182
32.14.13.2003,32,JAWA BARAT,32.14,KAB. PURWAKARTA,32.14.13,BUNGURSARI,BUNGURSARI,41182
32.14.13.2004,32,JAWA BARAT,32.14,KAB. PURWAKARTA,32.14.13,BUNGURSARI,DANGDEUR,41182
32.14.13.2005,32,JAWA BARAT,32.14,KAB. PURWAKARTA,32.14.13,BUNGURSARI,CIBUNGUR,41182
32.14.13.2006,32,JAWA BARAT,32.14,KAB. PURWAKARTA,32.14.13,BUNGURSARI,WANAKERTA,41182
32.14.13.2007,32,JAWA BARAT,32.14,KAB. PURWAKARTA,32.14.13,BUNGURSARI,CINANGKA,41182
32.14.13.2008,32,JAWA BARAT,32.14,KAB. PURWAKARTA,32.14.13,BUNGURSARI,CIKOPO,41182
32.14.13.2009,32,JAWA BARAT,32.14,KAB. PURWAKARTA,32.14.13,BUNGURSARI,CIBODAS,41182
32.14.13.2010,32,JAWA BARAT,32.14,KAB. PURWAKARTA,32.14.13,BUNGURSARI,KARANGMUKTI,41182
32.14.14.2001,32,JAWA BARAT,32.14,KAB. PURWAKARTA,32.14.14,CIBATU,CIBATU,41183
32.14.14.2002,32,JAWA BARAT,32.14,KAB. PURWAKARTA,32.14.14,CIBATU,CILANDAK,41183
32.14.14.2003,32,JAWA BARAT,32.14,KAB. PURWAKARTA,32.14.14,CIBATU,KARYAMEKAR,41183
32.14.14.2004,32,JAWA BARAT,32.14,KAB. PURWAKARTA,32.14.14,CIBATU,CIPINANG,41183
32.14.14.2005,32,JAWA BARAT,32.14,KAB. PURWAKARTA,32.14.14,CIBATU,CIPARUNGSARI,41183
32.14.14.2006,32,JAWA BARAT,32.14,KAB. PURWAKARTA,32.14.14,CIBATU,CIRANGKONG,41183
32.14.14.2007,32,JAWA BARAT,32.14,KAB. PURWAKARTA,32.14.14,CIBATU,CIKADU,41183
32.14.14.2008,32,JAWA BARAT,32.14,KAB. PURWAKARTA,32.14.14,CIBATU,CIBUKAMANAH,41183
32.14.14.2009,32,JAWA BARAT,32.14,KAB. PURWAKARTA,32.14.14,CIBATU,WANAWALI,41183
32.14.14.2010,32,JAWA BARAT,32.14,KAB. PURWAKARTA,32.14.14,CIBATU,CIPANCUR,41183
32.14.15.2001,32,JAWA BARAT,32.14,KAB. PURWAKARTA,32.14.15,SUKASARI,KUTAMANAH,41153
32.14.15.2002,32,JAWA BARAT,32.14,KAB. PURWAKARTA,32.14.15,SUKASARI,KERTAMANAH,41153
32.14.15.2003,32,JAWA BARAT,32.14,KAB. PURWAKARTA,32.14.15,SUKASARI,CIRIRIP,41153
32.14.15.2004,32,JAWA BARAT,32.14,KAB. PURWAKARTA,32.14.15,SUKASARI,SUKASARI,41153
32.14.15.2005,32,JAWA BARAT,32.14,KAB. PURWAKARTA,32.14.15,SUKASARI,PARUNGBANTENG,41153
32.14.16.2001,32,JAWA BARAT,32.14,KAB. PURWAKARTA,32.14.16,PONDOKSALAM,PARAKANSALAM,41173
32.14.16.2002,32,JAWA BARAT,32.14,KAB. PURWAKARTA,32.14.16,PONDOKSALAM,PONDOKBUNGUR,41173
32.14.16.2003,32,JAWA BARAT,32.14,KAB. PURWAKARTA,32.14.16,PONDOKSALAM,SALEM,41173
32.14.16.2004,32,JAWA BARAT,32.14,KAB. PURWAKARTA,32.14.16,PONDOKSALAM,GALUDRA,41173
32.14.16.2005,32,JAWA BARAT,32.14,KAB. PURWAKARTA,32.14.16,PONDOKSALAM,TANJUNGSARI,41173
32.14.16.2006,32,JAWA BARAT,32.14,KAB. PURWAKARTA,32.14.16,PONDOKSALAM,SALAMMULYA,41173
32.14.16.2007,32,JAWA BARAT,32.14,KAB. PURWAKARTA,32.14.16,PONDOKSALAM,SALAMJAYA,41173
32.14.16.2008,32,JAWA BARAT,32.14,KAB. PURWAKARTA,32.14.16,PONDOKSALAM,BUNGURJAYA,41173
32.14.16.2009,32,JAWA BARAT,32.14,KAB. PURWAKARTA,32.14.16,PONDOKSALAM,GURUDUG,41173
32.14.16.2010,32,JAWA BARAT,32.14,KAB. PURWAKARTA,32.14.16,PONDOKSALAM,SUKAJADI,41173
32.14.16.2011,32,JAWA BARAT,32.14,KAB. PURWAKARTA,32.14.16,PONDOKSALAM,SITU,41173
32.14.17.2001,32,JAWA BARAT,32.14,KAB. PURWAKARTA,32.14.17,KIARAPEDES,KARANGPEDAS,41175
32.14.17.2002,32,JAWA BARAT,32.14,KAB. PURWAKARTA,32.14.17,KIARAPEDES,CIRACAS,41175
32.14.17.2003,32,JAWA BARAT,32.14,KAB. PURWAKARTA,32.14.17,KIARAPEDES,PARAKANGAROKGEK,41175
32.14.17.2004,32,JAWA BARAT,32.14,KAB. PURWAKARTA,32.14.17,KIARAPEDES,TARINGGULLANDEUH,41175
32.14.17.2005,32,JAWA BARAT,32.14,KAB. PURWAKARTA,32.14.17,KIARAPEDES,MEKARJAYA,41175
32.14.17.2006,32,JAWA BARAT,32.14,KAB. PURWAKARTA,32.14.17,KIARAPEDES,MARGALUYU,41175
32.14.17.2007,32,JAWA BARAT,32.14,KAB. PURWAKARTA,32.14.17,KIARAPEDES,GARDU,41175
32.14.17.2008,32,JAWA BARAT,32.14,KAB. PURWAKARTA,32.14.17,KIARAPEDES,CIBEBER,41175
32.14.17.2009,32,JAWA BARAT,32.14,KAB. PURWAKARTA,32.14.17,KIARAPEDES,PUSAKAMULYA,41175
32.14.17.2010,32,JAWA BARAT,32.14,KAB. PURWAKARTA,32.14.17,KIARAPEDES,SUMBERSARI,41175
32.15.01.1001,32,JAWA BARAT,32.15,KAB. KARAWANG,32.15.01,KARAWANG BARAT,KARAWANG KULON,41311
32.15.01.1003,32,JAWA BARAT,32.15,KAB. KARAWANG,32.15.01,KARAWANG BARAT,ADIARSA BARAT,41313
32.15.01.1005,32,JAWA BARAT,32.15,KAB. KARAWANG,32.15.01,KARAWANG BARAT,TANJUNGPURA,41316
32.15.01.1006,32,JAWA BARAT,32.15,KAB. KARAWANG,32.15.01,KARAWANG BARAT,TANJUNGMEKAR,41317
32.15.01.1007,32,JAWA BARAT,32.15,KAB. KARAWANG,32.15.01,KARAWANG BARAT,TUNGGAKJATI,41318
32.15.01.1010,32,JAWA BARAT,32.15,KAB. KARAWANG,32.15.01,KARAWANG BARAT,KARAWANGPAWITAN,41315
32.15.01.1011,32,JAWA BARAT,32.15,KAB. KARAWANG,32.15.01,KARAWANG BARAT,NAGASARI,41312
32.15.01.1012,32,JAWA BARAT,32.15,KAB. KARAWANG,32.15.01,KARAWANG BARAT,MEKARJATI,41319
32.15.02.2001,32,JAWA BARAT,32.15,KAB. KARAWANG,32.15.02,PANGKALAN,CIPTASARI,41362
32.15.02.2002,32,JAWA BARAT,32.15,KAB. KARAWANG,32.15.02,PANGKALAN,TAMANMEKAR,41362
32.15.02.2003,32,JAWA BARAT,32.15,KAB. KARAWANG,32.15.02,PANGKALAN,TAMANSARI,41362
32.15.02.2004,32,JAWA BARAT,32.15,KAB. KARAWANG,32.15.02,PANGKALAN,JATILAKSANA,41362
32.15.02.2005,32,JAWA BARAT,32.15,KAB. KARAWANG,32.15.02,PANGKALAN,CINTAASIH,41362
32.15.02.2006,32,JAWA BARAT,32.15,KAB. KARAWANG,32.15.02,PANGKALAN,KERTASARI,41362
32.15.02.2007,32,JAWA BARAT,32.15,KAB. KARAWANG,32.15.02,PANGKALAN,MULANGSARI,41362
32.15.02.2008,32,JAWA BARAT,32.15,KAB. KARAWANG,32.15.02,PANGKALAN,MEDALSARI,41362
32.15.03.2001,32,JAWA BARAT,32.15,KAB. KARAWANG,32.15.03,TELUKJAMBE TIMUR,TELUKJAMBE,41331
32.15.03.2002,32,JAWA BARAT,32.15,KAB. KARAWANG,32.15.03,TELUKJAMBE TIMUR,SUKAHARJA,41336
32.15.03.2003,32,JAWA BARAT,32.15,KAB. KARAWANG,32.15.03,TELUKJAMBE TIMUR,SIRNABAYA,41333
32.15.03.2004,32,JAWA BARAT,32.15,KAB. KARAWANG,32.15.03,TELUKJAMBE TIMUR,PUSEURJAYA,41334
32.15.03.2005,32,JAWA BARAT,32.15,KAB. KARAWANG,32.15.03,TELUKJAMBE TIMUR,SUKALUYU,41335
32.15.03.2006,32,JAWA BARAT,32.15,KAB. KARAWANG,32.15.03,TELUKJAMBE TIMUR,WADAS,41337
32.15.03.2011,32,JAWA BARAT,32.15,KAB. KARAWANG,32.15.03,TELUKJAMBE TIMUR,PURWADANA,41338
32.15.03.2012,32,JAWA BARAT,32.15,KAB. KARAWANG,32.15.03,TELUKJAMBE TIMUR,SUKAMAKMUR,41339
32.15.03.2019,32,JAWA BARAT,32.15,KAB. KARAWANG,32.15.03,TELUKJAMBE TIMUR,PINAYUNGAN,41332
32.15.04.2001,32,JAWA BARAT,32.15,KAB. KARAWANG,32.15.04,CIAMPEL,KUTAPOHACI,41363
32.15.04.2003,32,JAWA BARAT,32.15,KAB. KARAWANG,32.15.04,CIAMPEL,PARUNGMULYA,41363
32.15.04.2004,32,JAWA BARAT,32.15,KAB. KARAWANG,32.15.04,CIAMPEL,KUTAMEKAR,41363
32.15.04.2005,32,JAWA BARAT,32.15,KAB. KARAWANG,32.15.04,CIAMPEL,KUTANEGARA,41363
32.15.04.2006,32,JAWA BARAT,32.15,KAB. KARAWANG,32.15.04,CIAMPEL,MULYASARI,41363
32.15.04.2007,32,JAWA BARAT,32.15,KAB. KARAWANG,32.15.04,CIAMPEL,MULYASEJATI,41363
32.15.04.2008,32,JAWA BARAT,32.15,KAB. KARAWANG,32.15.04,CIAMPEL,TEGALLEGA,41363
32.15.05.2001,32,JAWA BARAT,32.15,KAB. KARAWANG,32.15.05,KLARI,DUREN,41371
32.15.05.2002,32,JAWA BARAT,32.15,KAB. KARAWANG,32.15.05,KLARI,PANCAWATI,41371
32.15.05.2003,32,JAWA BARAT,32.15,KAB. KARAWANG,32.15.05,KLARI,WALAHAR,41371
32.15.05.2004,32,JAWA BARAT,32.15,KAB. KARAWANG,32.15.05,KLARI,KIARAPAYUNG,41371
32.15.05.2005,32,JAWA BARAT,32.15,KAB. KARAWANG,32.15.05,KLARI,SUMURKONDANG,41371
32.15.05.2006,32,JAWA BARAT,32.15,KAB. KARAWANG,32.15.05,KLARI,CIBALONGSARI,41371
32.15.05.2007,32,JAWA BARAT,32.15,KAB. KARAWANG,32.15.05,KLARI,KLARI,41371
32.15.05.2008,32,JAWA BARAT,32.15,KAB. KARAWANG,32.15.05,KLARI,BELENDUNG,41371
32.15.05.2016,32,JAWA BARAT,32.15,KAB. KARAWANG,32.15.05,KLARI,ANGGADITA,41371
32.15.05.2017,32,JAWA BARAT,32.15,KAB. KARAWANG,32.15.05,KLARI,GINTUNGKERTA,41371
32.15.05.2018,32,JAWA BARAT,32.15,KAB. KARAWANG,32.15.05,KLARI,CURUG,41371
32.15.05.2019,32,JAWA BARAT,32.15,KAB. KARAWANG,32.15.05,KLARI,KARANGANYAR,41371
32.15.05.2020,32,JAWA BARAT,32.15,KAB. KARAWANG,32.15.05,KLARI,CIMAHI,41371
32.15.06.2001,32,JAWA BARAT,32.15,KAB. KARAWANG,32.15.06,RENGASDENGKLOK,RENGASDENGKLOK SELATAN,41352
32.15.06.2002,32,JAWA BARAT,32.15,KAB. KARAWANG,32.15.06,RENGASDENGKLOK,RENGASDENGKLOK UTARA,41352
32.15.06.2003,32,JAWA BARAT,32.15,KAB. KARAWANG,32.15.06,RENGASDENGKLOK,KERTASARI,41352
32.15.06.2004,32,JAWA BARAT,32.15,KAB. KARAWANG,32.15.06,RENGASDENGKLOK,DEWISARI,41352
32.15.06.2005,32,JAWA BARAT,32.15,KAB. KARAWANG,32.15.06,RENGASDENGKLOK,AMANSARI,41352
32.15.06.2006,32,JAWA BARAT,32.15,KAB. KARAWANG,32.15.06,RENGASDENGKLOK,KARYASARI,41352
32.15.06.2007,32,JAWA BARAT,32.15,KAB. KARAWANG,32.15.06,RENGASDENGKLOK,DUKUHKARYA,41352
32.15.06.2008,32,JAWA BARAT,32.15,KAB. KARAWANG,32.15.06,RENGASDENGKLOK,KALANGSARI,41352
32.15.06.2009,32,JAWA BARAT,32.15,KAB. KARAWANG,32.15.06,RENGASDENGKLOK,KALANGSURYA,41352
32.15.07.2001,32,JAWA BARAT,32.15,KAB. KARAWANG,32.15.07,KUTAWALUYA,WALUYA,41358
32.15.07.2002,32,JAWA BARAT,32.15,KAB. KARAWANG,32.15.07,KUTAWALUYA,MULYAJAYA,41358
32.15.07.2003,32,JAWA BARAT,32.15,KAB. KARAWANG,32.15.07,KUTAWALUYA,KUTAKARYA,41358
32.15.07.2004,32,JAWA BARAT,32.15,KAB. KARAWANG,32.15.07,KUTAWALUYA,KUTAGANDOK,41358
32.15.07.2005,32,JAWA BARAT,32.15,KAB. KARAWANG,32.15.07,KUTAWALUYA,KUTAMUKTI,41358
32.15.07.2006,32,JAWA BARAT,32.15,KAB. KARAWANG,32.15.07,KUTAWALUYA,KUTAJAYA,41358
32.15.07.2007,32,JAWA BARAT,32.15,KAB. KARAWANG,32.15.07,KUTAWALUYA,SAMPALAN,41358
32.15.07.2008,32,JAWA BARAT,32.15,KAB. KARAWANG,32.15.07,KUTAWALUYA,SINDANGMULYA,41358
32.15.07.2009,32,JAWA BARAT,32.15,KAB. KARAWANG,32.15.07,KUTAWALUYA,SINDANGMUKTI,41358
32.15.07.2010,32,JAWA BARAT,32.15,KAB. KARAWANG,32.15.07,KUTAWALUYA,KUTARAJA,41358
32.15.07.2011,32,JAWA BARAT,32.15,KAB. KARAWANG,32.15.07,KUTAWALUYA,SINDANGSARI,41358
32.15.07.2012,32,JAWA BARAT,32.15,KAB. KARAWANG,32.15.07,KUTAWALUYA,SINDANGKARYA,41358
32.15.08.2001,32,JAWA BARAT,32.15,KAB. KARAWANG,32.15.08,BATUJAYA,BATUJAYA,41354
32.15.08.2002,32,JAWA BARAT,32.15,KAB. KARAWANG,32.15.08,BATUJAYA,TELUKAMBULU,41354
32.15.08.2003,32,JAWA BARAT,32.15,KAB. KARAWANG,32.15.08,BATUJAYA,TELUKBANGO,41354
32.15.08.2004,32,JAWA BARAT,32.15,KAB. KARAWANG,32.15.08,BATUJAYA,KARYABHAKTI,41354
32.15.08.2005,32,JAWA BARAT,32.15,KAB. KARAWANG,32.15.08,BATUJAYA,BATURADEN,41354
32.15.08.2006,32,JAWA BARAT,32.15,KAB. KARAWANG,32.15.08,BATUJAYA,SEGARAN,41354
32.15.08.2007,32,JAWA BARAT,32.15,KAB. KARAWANG,32.15.08,BATUJAYA,SEGARJAYA,41354
32.15.08.2008,32,JAWA BARAT,32.15,KAB. KARAWANG,32.15.08,BATUJAYA,KUTAAMPEL,41354
32.15.08.2009,32,JAWA BARAT,32.15,KAB. KARAWANG,32.15.08,BATUJAYA,KARYAMULYA,41354
32.15.08.2010,32,JAWA BARAT,32.15,KAB. KARAWANG,32.15.08,BATUJAYA,KARYAMAKMUR,41354
32.15.09.2001,32,JAWA BARAT,32.15,KAB. KARAWANG,32.15.09,TIRTAJAYA,SABAJAYA,41357
32.15.09.2002,32,JAWA BARAT,32.15,KAB. KARAWANG,32.15.09,TIRTAJAYA,PISANGSAMBO,41357
32.15.09.2003,32,JAWA BARAT,32.15,KAB. KARAWANG,32.15.09,TIRTAJAYA,GEMPOLKARYA,41357
32.15.09.2004,32,JAWA BARAT,32.15,KAB. KARAWANG,32.15.09,TIRTAJAYA,MEDANKARYA,41357
32.15.09.2005,32,JAWA BARAT,32.15,KAB. KARAWANG,32.15.09,TIRTAJAYA,TAMBAKSUMUR,41357
32.15.09.2006,32,JAWA BARAT,32.15,KAB. KARAWANG,32.15.09,TIRTAJAYA,TAMBAKSARI,41357
32.15.09.2007,32,JAWA BARAT,32.15,KAB. KARAWANG,32.15.09,TIRTAJAYA,SUMURLABAN,41357
32.15.09.2008,32,JAWA BARAT,32.15,KAB. KARAWANG,32.15.09,TIRTAJAYA,SRIJAYA,41357
32.15.09.2009,32,JAWA BARAT,32.15,KAB. KARAWANG,32.15.09,TIRTAJAYA,KUTAMAKMUR,41357
32.15.09.2010,32,JAWA BARAT,32.15,KAB. KARAWANG,32.15.09,TIRTAJAYA,BOLANG,41357
32.15.09.2011,32,JAWA BARAT,32.15,KAB. KARAWANG,32.15.09,TIRTAJAYA,SRIKAMULYAN,41357
32.15.10.2001,32,JAWA BARAT,32.15,KAB. KARAWANG,32.15.10,PEDES,PAYUNGSARI,41353
32.15.10.2002,32,JAWA BARAT,32.15,KAB. KARAWANG,32.15.10,PEDES,KARANGJAYA,41353
32.15.10.2003,32,JAWA BARAT,32.15,KAB. KARAWANG,32.15.10,PEDES,KERTARAHARJA,41353
32.15.10.2005,32,JAWA BARAT,32.15,KAB. KARAWANG,32.15.10,PEDES,SUNGAIBUNTU,41353
32.15.10.2006,32,JAWA BARAT,32.15,KAB. KARAWANG,32.15.10,PEDES,DONGKAL,41353
32.15.10.2007,32,JAWA BARAT,32.15,KAB. KARAWANG,32.15.10,PEDES,KERTAMULYA,41353
32.15.10.2008,32,JAWA BARAT,32.15,KAB. KARAWANG,32.15.10,PEDES,PUSPASARI,41353
32.15.10.2010,32,JAWA BARAT,32.15,KAB. KARAWANG,32.15.10,PEDES,LABANJAYA,41353
32.15.10.2012,32,JAWA BARAT,32.15,KAB. KARAWANG,32.15.10,PEDES,JATIMULYA,41353
32.15.10.2016,32,JAWA BARAT,32.15,KAB. KARAWANG,32.15.10,PEDES,RANGDUMULYA,41353
32.15.10.2017,32,JAWA BARAT,32.15,KAB. KARAWANG,32.15.10,PEDES,KENDALJAYA,41353
32.15.10.2018,32,JAWA BARAT,32.15,KAB. KARAWANG,32.15.10,PEDES,MALANGSARI,41353
32.15.11.2001,32,JAWA BARAT,32.15,KAB. KARAWANG,32.15.11,CIBUAYA,PEJATEN,41356
32.15.11.2002,32,JAWA BARAT,32.15,KAB. KARAWANG,32.15.11,CIBUAYA,CIBUAYA,41356
32.15.11.2003,32,JAWA BARAT,32.15,KAB. KARAWANG,32.15.11,CIBUAYA,KERTARAHAYU,41356
32.15.11.2004,32,JAWA BARAT,32.15,KAB. KARAWANG,32.15.11,CIBUAYA,SUKASARI,41356
32.15.11.2005,32,JAWA BARAT,32.15,KAB. KARAWANG,32.15.11,CIBUAYA,KEDUNGJERUK,41356
32.15.11.2006,32,JAWA BARAT,32.15,KAB. KARAWANG,32.15.11,CIBUAYA,KALIDUNGJAYA,41356
32.15.11.2007,32,JAWA BARAT,32.15,KAB. KARAWANG,32.15.11,CIBUAYA,SEDARI,41356
32.15.11.2008,32,JAWA BARAT,32.15,KAB. KARAWANG,32.15.11,CIBUAYA,CEMARAJAYA,41356
32.15.11.2009,32,JAWA BARAT,32.15,KAB. KARAWANG,32.15.11,CIBUAYA,JAYAMULYA,41356
32.15.11.2010,32,JAWA BARAT,32.15,KAB. KARAWANG,32.15.11,CIBUAYA,KEDUNGJAYA,41356
32.15.11.2011,32,JAWA BARAT,32.15,KAB. KARAWANG,32.15.11,CIBUAYA,GEBANGJAYA,41356
32.15.12.2001,32,JAWA BARAT,32.15,KAB. KARAWANG,32.15.12,PAKISJAYA,TANJUNGMEKAR,41355
32.15.12.2002,32,JAWA BARAT,32.15,KAB. KARAWANG,32.15.12,PAKISJAYA,TELAGAJAYA,41355
32.15.12.2003,32,JAWA BARAT,32.15,KAB. KARAWANG,32.15.12,PAKISJAYA,TELUKBUYUNG,41355
32.15.12.2004,32,JAWA BARAT,32.15,KAB. KARAWANG,32.15.12,PAKISJAYA,TANAHBARU,41355
32.15.12.2005,32,JAWA BARAT,32.15,KAB. KARAWANG,32.15.12,PAKISJAYA,SOLOKAN,41355
32.15.12.2006,32,JAWA BARAT,32.15,KAB. KARAWANG,32.15.12,PAKISJAYA,TANJUNGBUNGIN,41355
32.15.12.2007,32,JAWA BARAT,32.15,KAB. KARAWANG,32.15.12,PAKISJAYA,TELUKJAYA,41355
32.15.12.2008,32,JAWA BARAT,32.15,KAB. KARAWANG,32.15.12,PAKISJAYA,TANJUNGPAKIS,41355
32.15.13.2001,32,JAWA BARAT,32.15,KAB. KARAWANG,32.15.13,CIKAMPEK,DAWUAN TIMUR,41373
32.15.13.2002,32,JAWA BARAT,32.15,KAB. KARAWANG,32.15.13,CIKAMPEK,KALIHURIP,41373
32.15.13.2003,32,JAWA BARAT,32.15,KAB. KARAWANG,32.15.13,CIKAMPEK,CIKAMPEK KOTA,41373
32.15.13.2004,32,JAWA BARAT,32.15,KAB. KARAWANG,32.15.13,CIKAMPEK,DAWUAN TENGAH,41373
32.15.13.2006,32,JAWA BARAT,32.15,KAB. KARAWANG,32.15.13,CIKAMPEK,CIKAMPEK SELATAN,41373
32.15.13.2007,32,JAWA BARAT,32.15,KAB. KARAWANG,32.15.13,CIKAMPEK,CIKAMPEK PUSAKA,41373
32.15.13.2008,32,JAWA BARAT,32.15,KAB. KARAWANG,32.15.13,CIKAMPEK,CIKAMPEK BARAT,41373
32.15.13.2009,32,JAWA BARAT,32.15,KAB. KARAWANG,32.15.13,CIKAMPEK,CIKAMPEK TIMUR,41373
32.15.13.2010,32,JAWA BARAT,32.15,KAB. KARAWANG,32.15.13,CIKAMPEK,KAMOJING,41373
32.15.13.2011,32,JAWA BARAT,32.15,KAB. KARAWANG,32.15.13,CIKAMPEK,DAWUAN BARAT,41373
32.15.14.2001,32,JAWA BARAT,32.15,KAB. KARAWANG,32.15.14,JATISARI,MEKARSARI,41374
32.15.14.2002,32,JAWA BARAT,32.15,KAB. KARAWANG,32.15.14,JATISARI,JATISARI,41374
32.15.14.2003,32,JAWA BARAT,32.15,KAB. KARAWANG,32.15.14,JATISARI,BARUGBUG,41374
32.15.14.2004,32,JAWA BARAT,32.15,KAB. KARAWANG,32.15.14,JATISARI,CIKALONGSARI,41374
32.15.14.2005,32,JAWA BARAT,32.15,KAB. KARAWANG,32.15.14,JATISARI,CIREJAG,41374
32.15.14.2006,32,JAWA BARAT,32.15,KAB. KARAWANG,32.15.14,JATISARI,JATIBARU,41374
32.15.14.2007,32,JAWA BARAT,32.15,KAB. KARAWANG,32.15.14,JATISARI,JATIRAGAS,41374
32.15.14.2008,32,JAWA BARAT,32.15,KAB. KARAWANG,32.15.14,JATISARI,JATIWANGI,41374
32.15.14.2009,32,JAWA BARAT,32.15,KAB. KARAWANG,32.15.14,JATISARI,KALIJATI,41374
32.15.14.2010,32,JAWA BARAT,32.15,KAB. KARAWANG,32.15.14,JATISARI,BALONGGANDU,41374
32.15.14.2011,32,JAWA BARAT,32.15,KAB. KARAWANG,32.15.14,JATISARI,PACING,41374
32.15.14.2012,32,JAWA BARAT,32.15,KAB. KARAWANG,32.15.14,JATISARI,SITUDAM,41374
32.15.14.2013,32,JAWA BARAT,32.15,KAB. KARAWANG,32.15.14,JATISARI,SUKAMEKAR,41374
32.15.14.2014,32,JAWA BARAT,32.15,KAB. KARAWANG,32.15.14,JATISARI,TELARSARI,41374
32.15.15.2001,32,JAWA BARAT,32.15,KAB. KARAWANG,32.15.15,CILAMAYA WETAN,MEKARMAYA,41384
32.15.15.2002,32,JAWA BARAT,32.15,KAB. KARAWANG,32.15.15,CILAMAYA WETAN,CILAMAYA,41384
32.15.15.2003,32,JAWA BARAT,32.15,KAB. KARAWANG,32.15.15,CILAMAYA WETAN,MUARA,41384
32.15.15.2004,32,JAWA BARAT,32.15,KAB. KARAWANG,32.15.15,CILAMAYA WETAN,MUARABARU,41384
32.15.15.2005,32,JAWA BARAT,32.15,KAB. KARAWANG,32.15.15,CILAMAYA WETAN,SUKATANI,41384
32.15.15.2006,32,JAWA BARAT,32.15,KAB. KARAWANG,32.15.15,CILAMAYA WETAN,TEGALWARU,41384
32.15.15.2007,32,JAWA BARAT,32.15,KAB. KARAWANG,32.15.15,CILAMAYA WETAN,TEGALSARI,41384
32.15.15.2008,32,JAWA BARAT,32.15,KAB. KARAWANG,32.15.15,CILAMAYA WETAN,CIKALONG,41384
32.15.15.2009,32,JAWA BARAT,32.15,KAB. KARAWANG,32.15.15,CILAMAYA WETAN,CIKARANG,41384
32.15.15.2010,32,JAWA BARAT,32.15,KAB. KARAWANG,32.15.15,CILAMAYA WETAN,RAWAGEMPOL WETAN,41384
32.15.15.2011,32,JAWA BARAT,32.15,KAB. KARAWANG,32.15.15,CILAMAYA WETAN,RAWAGEMPOL KULON,41384
32.15.15.2012,32,JAWA BARAT,32.15,KAB. KARAWANG,32.15.15,CILAMAYA WETAN,SUKAKERTA,41384
32.15.16.2001,32,JAWA BARAT,32.15,KAB. KARAWANG,32.15.16,TIRTAMULYA,CITARIK,41372
32.15.16.2002,32,JAWA BARAT,32.15,KAB. KARAWANG,32.15.16,TIRTAMULYA,KARANGSINOM,41372
32.15.16.2003,32,JAWA BARAT,32.15,KAB. KARAWANG,32.15.16,TIRTAMULYA,KARANGJAYA,41372
32.15.16.2004,32,JAWA BARAT,32.15,KAB. KARAWANG,32.15.16,TIRTAMULYA,PARAKAN,41372
32.15.16.2005,32,JAWA BARAT,32.15,KAB. KARAWANG,32.15.16,TIRTAMULYA,PARAKANMULYA,41372
32.15.16.2006,32,JAWA BARAT,32.15,KAB. KARAWANG,32.15.16,TIRTAMULYA,KAMURANG,41372
32.15.16.2007,32,JAWA BARAT,32.15,KAB. KARAWANG,32.15.16,TIRTAMULYA,CIPONDOH,41372
32.15.16.2008,32,JAWA BARAT,32.15,KAB. KARAWANG,32.15.16,TIRTAMULYA,KERTAWALUYA,41372
32.15.16.2009,32,JAWA BARAT,32.15,KAB. KARAWANG,32.15.16,TIRTAMULYA,BOJONGSARI,41372
32.15.16.2010,32,JAWA BARAT,32.15,KAB. KARAWANG,32.15.16,TIRTAMULYA,TIRTASARI,41372
32.15.17.2001,32,JAWA BARAT,32.15,KAB. KARAWANG,32.15.17,TELAGASARI,TELAGAMULYA,41381
32.15.17.2002,32,JAWA BARAT,32.15,KAB. KARAWANG,32.15.17,TELAGASARI,TELAGASARI,41381
32.15.17.2003,32,JAWA BARAT,32.15,KAB. KARAWANG,32.15.17,TELAGASARI,PASIRTALAGA,41381
32.15.17.2004,32,JAWA BARAT,32.15,KAB. KARAWANG,32.15.17,TELAGASARI,CARIUMULYA,41381
32.15.17.2005,32,JAWA BARAT,32.15,KAB. KARAWANG,32.15.17,TELAGASARI,PASIRMUKTI,41381
32.15.17.2006,32,JAWA BARAT,32.15,KAB. KARAWANG,32.15.17,TELAGASARI,KALIBUAYA,41381
32.15.17.2007,32,JAWA BARAT,32.15,KAB. KARAWANG,32.15.17,TELAGASARI,PASIRKAMUNING,41381
32.15.17.2008,32,JAWA BARAT,32.15,KAB. KARAWANG,32.15.17,TELAGASARI,KALIJAYA,41381
32.15.17.2009,32,JAWA BARAT,32.15,KAB. KARAWANG,32.15.17,TELAGASARI,KALISARI,41381
32.15.17.2010,32,JAWA BARAT,32.15,KAB. KARAWANG,32.15.17,TELAGASARI,CADAS KERTAJAYA,41381
32.15.17.2011,32,JAWA BARAT,32.15,KAB. KARAWANG,32.15.17,TELAGASARI,CILEWO,41381
32.15.17.2012,32,JAWA BARAT,32.15,KAB. KARAWANG,32.15.17,TELAGASARI,CIWULAN,41381
32.15.17.2013,32,JAWA BARAT,32.15,KAB. KARAWANG,32.15.17,TELAGASARI,LINGGARSARI,41381
32.15.17.2014,32,JAWA BARAT,32.15,KAB. KARAWANG,32.15.17,TELAGASARI,PULOSARI,41381
32.15.18.2001,32,JAWA BARAT,32.15,KAB. KARAWANG,32.15.18,RAWAMERTA,SUKAMERTA,41382
32.15.18.2002,32,JAWA BARAT,32.15,KAB. KARAWANG,32.15.18,RAWAMERTA,KUTAWARGI,41382
32.15.18.2003,32,JAWA BARAT,32.15,KAB. KARAWANG,32.15.18,RAWAMERTA,PANYINGKIRAN,41382
32.15.18.2004,32,JAWA BARAT,32.15,KAB. KARAWANG,32.15.18,RAWAMERTA,PASIRKALIKI,41382
32.15.18.2005,32,JAWA BARAT,32.15,KAB. KARAWANG,32.15.18,RAWAMERTA,PASIRAWI,41382
32.15.18.2006,32,JAWA BARAT,32.15,KAB. KARAWANG,32.15.18,RAWAMERTA,BALONGSARI,41382
32.15.18.2007,32,JAWA BARAT,32.15,KAB. KARAWANG,32.15.18,RAWAMERTA,MEKARJAYA,41382
32.15.18.2008,32,JAWA BARAT,32.15,KAB. KARAWANG,32.15.18,RAWAMERTA,SEKARWANGI,41382
32.15.18.2009,32,JAWA BARAT,32.15,KAB. KARAWANG,32.15.18,RAWAMERTA,PURWAMEKAR,41382
32.15.18.2010,32,JAWA BARAT,32.15,KAB. KARAWANG,32.15.18,RAWAMERTA,SUKAPURA,41382
32.15.18.2011,32,JAWA BARAT,32.15,KAB. KARAWANG,32.15.18,RAWAMERTA,CIBADAK,41382
32.15.18.2012,32,JAWA BARAT,32.15,KAB. KARAWANG,32.15.18,RAWAMERTA,SUKARAJA,41382
32.15.18.2014,32,JAWA BARAT,32.15,KAB. KARAWANG,32.15.18,RAWAMERTA,GOMBONGSARI,41382
32.15.19.2001,32,JAWA BARAT,32.15,KAB. KARAWANG,32.15.19,LEMAHABANG,KARYAMUKTI,41383
32.15.19.2002,32,JAWA BARAT,32.15,KAB. KARAWANG,32.15.19,LEMAHABANG,CIWARINGIN,41383
32.15.19.2003,32,JAWA BARAT,32.15,KAB. KARAWANG,32.15.19,LEMAHABANG,WARINGINKARYA,41383
32.15.19.2004,32,JAWA BARAT,32.15,KAB. KARAWANG,32.15.19,LEMAHABANG,KEDAWUNG,41383
32.15.19.2005,32,JAWA BARAT,32.15,KAB. KARAWANG,32.15.19,LEMAHABANG,KARANGTANJUNG,41383
32.15.19.2006,32,JAWA BARAT,32.15,KAB. KARAWANG,32.15.19,LEMAHABANG,PASIRTANJUNG,41383
32.15.19.2007,32,JAWA BARAT,32.15,KAB. KARAWANG,32.15.19,LEMAHABANG,LEMAHABANG,41383
32.15.19.2008,32,JAWA BARAT,32.15,KAB. KARAWANG,32.15.19,LEMAHABANG,LEMAHMUKTI,41383
32.15.19.2009,32,JAWA BARAT,32.15,KAB. KARAWANG,32.15.19,LEMAHABANG,PULOJAYA,41383
32.15.19.2010,32,JAWA BARAT,32.15,KAB. KARAWANG,32.15.19,LEMAHABANG,PULOKALAPA,41383
32.15.19.2011,32,JAWA BARAT,32.15,KAB. KARAWANG,32.15.19,LEMAHABANG,PULOMULYA,41383
32.15.20.2001,32,JAWA BARAT,32.15,KAB. KARAWANG,32.15.20,TEMPURAN,PANCAKARYA,41385
32.15.20.2002,32,JAWA BARAT,32.15,KAB. KARAWANG,32.15.20,TEMPURAN,DAYEUHLUHUR,41385
32.15.20.2003,32,JAWA BARAT,32.15,KAB. KARAWANG,32.15.20,TEMPURAN,LEMAHDUHUR,41385
32.15.20.2004,32,JAWA BARAT,32.15,KAB. KARAWANG,32.15.20,TEMPURAN,LEMAHKARYA,41385
32.15.20.2005,32,JAWA BARAT,32.15,KAB. KARAWANG,32.15.20,TEMPURAN,LEMAHSUBUR,41385
32.15.20.2006,32,JAWA BARAT,32.15,KAB. KARAWANG,32.15.20,TEMPURAN,LEMAHMAKMUR,41385
32.15.20.2008,32,JAWA BARAT,32.15,KAB. KARAWANG,32.15.20,TEMPURAN,PURWAJAYA,41385
32.15.20.2010,32,JAWA BARAT,32.15,KAB. KARAWANG,32.15.20,TEMPURAN,TANJUNGJAYA,41385
32.15.20.2011,32,JAWA BARAT,32.15,KAB. KARAWANG,32.15.20,TEMPURAN,SUMBERJAYA,41385
32.15.20.2012,32,JAWA BARAT,32.15,KAB. KARAWANG,32.15.20,TEMPURAN,PAGADUNGAN,41385
32.15.20.2013,32,JAWA BARAT,32.15,KAB. KARAWANG,32.15.20,TEMPURAN,TEMPURAN,41385
32.15.20.2014,32,JAWA BARAT,32.15,KAB. KARAWANG,32.15.20,TEMPURAN,CIKUNTUL,41385
32.15.20.2016,32,JAWA BARAT,32.15,KAB. KARAWANG,32.15.20,TEMPURAN,JAYANEGARA,41385
32.15.20.2017,32,JAWA BARAT,32.15,KAB. KARAWANG,32.15.20,TEMPURAN,CIPARAGEJAYA,41385
32.15.21.2001,32,JAWA BARAT,32.15,KAB. KARAWANG,32.15.21,MAJALAYA,MAJALAYA,41355
32.15.21.2002,32,JAWA BARAT,32.15,KAB. KARAWANG,32.15.21,MAJALAYA,CIRANGGON,41355
32.15.21.2003,32,JAWA BARAT,32.15,KAB. KARAWANG,32.15.21,MAJALAYA,PASIRJENGKOL,41355
32.15.21.2005,32,JAWA BARAT,32.15,KAB. KARAWANG,32.15.21,MAJALAYA,SARIJAYA,41355
32.15.21.2006,32,JAWA BARAT,32.15,KAB. KARAWANG,32.15.21,MAJALAYA,PASIRMULYA,41355
32.15.21.2007,32,JAWA BARAT,32.15,KAB. KARAWANG,32.15.21,MAJALAYA,LEMAHMULYA,41355
32.15.21.2008,32,JAWA BARAT,32.15,KAB. KARAWANG,32.15.21,MAJALAYA,BANGLE,41355
32.15.22.2001,32,JAWA BARAT,32.15,KAB. KARAWANG,32.15.22,JAYAKERTA,JAYAMAKMUR,41359
32.15.22.2002,32,JAWA BARAT,32.15,KAB. KARAWANG,32.15.22,JAYAKERTA,KEMIRI,41359
32.15.22.2003,32,JAWA BARAT,32.15,KAB. KARAWANG,32.15.22,JAYAKERTA,MAKMURJAYA,41359
32.15.22.2004,32,JAWA BARAT,32.15,KAB. KARAWANG,32.15.22,JAYAKERTA,KERTAJAYA,41359
32.15.22.2005,32,JAWA BARAT,32.15,KAB. KARAWANG,32.15.22,JAYAKERTA,JAYAKERTA,41359
32.15.22.2006,32,JAWA BARAT,32.15,KAB. KARAWANG,32.15.22,JAYAKERTA,MEDANGASEM,41359
32.15.22.2007,32,JAWA BARAT,32.15,KAB. KARAWANG,32.15.22,JAYAKERTA,CIPTAMARGA,41359
32.15.22.2008,32,JAWA BARAT,32.15,KAB. KARAWANG,32.15.22,JAYAKERTA,KAMPUNGSAWAH,41359
32.15.23.2001,32,JAWA BARAT,32.15,KAB. KARAWANG,32.15.23,CILAMAYA KULON,SUKAMULYA,41386
32.15.23.2002,32,JAWA BARAT,32.15,KAB. KARAWANG,32.15.23,CILAMAYA KULON,TEGALURUNG,41386
32.15.23.2003,32,JAWA BARAT,32.15,KAB. KARAWANG,32.15.23,CILAMAYA KULON,LANGENSARI,41386
32.15.23.2004,32,JAWA BARAT,32.15,KAB. KARAWANG,32.15.23,CILAMAYA KULON,BAYUR LOR,41386
32.15.23.2005,32,JAWA BARAT,32.15,KAB. KARAWANG,32.15.23,CILAMAYA KULON,BAYUR KIDUL,41386
32.15.23.2006,32,JAWA BARAT,32.15,KAB. KARAWANG,32.15.23,CILAMAYA KULON,KIARA,41386
32.15.23.2007,32,JAWA BARAT,32.15,KAB. KARAWANG,32.15.23,CILAMAYA KULON,MANGGUNGJAYA,41386
32.15.23.2008,32,JAWA BARAT,32.15,KAB. KARAWANG,32.15.23,CILAMAYA KULON,SUMURGEDE,41386
32.15.23.2009,32,JAWA BARAT,32.15,KAB. KARAWANG,32.15.23,CILAMAYA KULON,MUKTIJAYA,41386
32.15.23.2010,32,JAWA BARAT,32.15,KAB. KARAWANG,32.15.23,CILAMAYA KULON,PASIRUKEM,41386
32.15.23.2011,32,JAWA BARAT,32.15,KAB. KARAWANG,32.15.23,CILAMAYA KULON,PASIRJAYA,41386
32.15.23.2012,32,JAWA BARAT,32.15,KAB. KARAWANG,32.15.23,CILAMAYA KULON,SUKAJAYA,41386
32.15.24.2001,32,JAWA BARAT,32.15,KAB. KARAWANG,32.15.24,BANYUSARI,GEMBONGAN,41375
32.15.24.2002,32,JAWA BARAT,32.15,KAB. KARAWANG,32.15.24,BANYUSARI,GEMPOL,41375
32.15.24.2003,32,JAWA BARAT,32.15,KAB. KARAWANG,32.15.24,BANYUSARI,GEMPOL KOLOT,41375
32.15.24.2004,32,JAWA BARAT,32.15,KAB. KARAWANG,32.15.24,BANYUSARI,BANYUASIH,41375
32.15.24.2005,32,JAWA BARAT,32.15,KAB. KARAWANG,32.15.24,BANYUSARI,KERTARAHARJA,41375
32.15.24.2006,32,JAWA BARAT,32.15,KAB. KARAWANG,32.15.24,BANYUSARI,TANJUNG,41375
32.15.24.2007,32,JAWA BARAT,32.15,KAB. KARAWANG,32.15.24,BANYUSARI,JAYAMUKTI,41375
32.15.24.2008,32,JAWA BARAT,32.15,KAB. KARAWANG,32.15.24,BANYUSARI,CICINDE UTARA,41375
32.15.24.2009,32,JAWA BARAT,32.15,KAB. KARAWANG,32.15.24,BANYUSARI,CICINDE SELATAN,41375
32.15.24.2010,32,JAWA BARAT,32.15,KAB. KARAWANG,32.15.24,BANYUSARI,MEKARASIH,41375
32.15.24.2011,32,JAWA BARAT,32.15,KAB. KARAWANG,32.15.24,BANYUSARI,TALUNJAYA,41375
32.15.24.2012,32,JAWA BARAT,32.15,KAB. KARAWANG,32.15.24,BANYUSARI,PAMEKARAN,41375
32.15.25.2001,32,JAWA BARAT,32.15,KAB. KARAWANG,32.15.25,KOTA BARU,WANCIMEKAR,41377
32.15.25.2002,32,JAWA BARAT,32.15,KAB. KARAWANG,32.15.25,KOTA BARU,PANGULAH SELATAN,41377
32.15.25.2003,32,JAWA BARAT,32.15,KAB. KARAWANG,32.15.25,KOTA BARU,PANGULAH UTARA,41377
32.15.25.2004,32,JAWA BARAT,32.15,KAB. KARAWANG,32.15.25,KOTA BARU,PANGULAH BARU,41377
32.15.25.2005,32,JAWA BARAT,32.15,KAB. KARAWANG,32.15.25,KOTA BARU,PUCUNG,41377
32.15.25.2006,32,JAWA BARAT,32.15,KAB. KARAWANG,32.15.25,KOTA BARU,JOMIN TIMUR,41377
32.15.25.2007,32,JAWA BARAT,32.15,KAB. KARAWANG,32.15.25,KOTA BARU,JOMIN BARAT,41377
32.15.25.2008,32,JAWA BARAT,32.15,KAB. KARAWANG,32.15.25,KOTA BARU,SARIMULYA,41377
32.15.25.2009,32,JAWA BARAT,32.15,KAB. KARAWANG,32.15.25,KOTA BARU,CILKAMPEK UTARA,41377
32.15.26.1001,32,JAWA BARAT,32.15,KAB. KARAWANG,32.15.26,KARAWANG TIMUR,KARAWANG WETAN,41321
32.15.26.1002,32,JAWA BARAT,32.15,KAB. KARAWANG,32.15.26,KARAWANG TIMUR,ADIARSA TIMUR,41322
32.15.26.1003,32,JAWA BARAT,32.15,KAB. KARAWANG,32.15.26,KARAWANG TIMUR,PALUMBONSARI,41326
32.15.26.1004,32,JAWA BARAT,32.15,KAB. KARAWANG,32.15.26,KARAWANG TIMUR,PLAWAD,41327
32.15.26.2005,32,JAWA BARAT,32.15,KAB. KARAWANG,32.15.26,KARAWANG TIMUR,MARGASARI,41325
32.15.26.2006,32,JAWA BARAT,32.15,KAB. KARAWANG,32.15.26,KARAWANG TIMUR,WARUNGBAMBU,41323
32.15.26.2007,32,JAWA BARAT,32.15,KAB. KARAWANG,32.15.26,KARAWANG TIMUR,KONDANGJAYA,41324
32.15.26.2008,32,JAWA BARAT,32.15,KAB. KARAWANG,32.15.26,KARAWANG TIMUR,TEGAL SAWAH,41328
32.15.27.2001,32,JAWA BARAT,32.15,KAB. KARAWANG,32.15.27,TELUKJAMBE BARAT,MARGAKAYA,41341
32.15.27.2002,32,JAWA BARAT,32.15,KAB. KARAWANG,32.15.27,TELUKJAMBE BARAT,MARGAMULYA,41342
32.15.27.2003,32,JAWA BARAT,32.15,KAB. KARAWANG,32.15.27,TELUKJAMBE BARAT,KALANGLIGAR,41343
32.15.27.2004,32,JAWA BARAT,32.15,KAB. KARAWANG,32.15.27,TELUKJAMBE BARAT,MEKARMULYA,41349
32.15.27.2005,32,JAWA BARAT,32.15,KAB. KARAWANG,32.15.27,TELUKJAMBE BARAT,PARUNGSARI,41344
32.15.27.2006,32,JAWA BARAT,32.15,KAB. KARAWANG,32.15.27,TELUKJAMBE BARAT,KARANGMULYA,41345
32.15.27.2007,32,JAWA BARAT,32.15,KAB. KARAWANG,32.15.27,TELUKJAMBE BARAT,WANASARI,41346
32.15.27.2008,32,JAWA BARAT,32.15,KAB. KARAWANG,32.15.27,TELUKJAMBE BARAT,WANAKERTA,41347
32.15.27.2009,32,JAWA BARAT,32.15,KAB. KARAWANG,32.15.27,TELUKJAMBE BARAT,WANAJAYA,41348
32.15.27.2010,32,JAWA BARAT,32.15,KAB. KARAWANG,32.15.27,TELUKJAMBE BARAT,MULYAJAYA,41349
32.15.28.2001,32,JAWA BARAT,32.15,KAB. KARAWANG,32.15.28,TEGALWARU,CIGUNUNGSARI,41364
32.15.28.2002,32,JAWA BARAT,32.15,KAB. KARAWANG,32.15.28,TEGALWARU,WARGASETRA,41364
32.15.28.2003,32,JAWA BARAT,32.15,KAB. KARAWANG,32.15.28,TEGALWARU,MEKARBUANA,41364
32.15.28.2004,32,JAWA BARAT,32.15,KAB. KARAWANG,32.15.28,TEGALWARU,CINTALAKSANA,41364
32.15.28.2005,32,JAWA BARAT,32.15,KAB. KARAWANG,32.15.28,TEGALWARU,CINTAWARGI,41364
32.15.28.2006,32,JAWA BARAT,32.15,KAB. KARAWANG,32.15.28,TEGALWARU,CINTALANGGENG,41364
32.15.28.2007,32,JAWA BARAT,32.15,KAB. KARAWANG,32.15.28,TEGALWARU,KUTALANGGENG,41364
32.15.28.2008,32,JAWA BARAT,32.15,KAB. KARAWANG,32.15.28,TEGALWARU,KUTAMANEUH,41364
32.15.28.2009,32,JAWA BARAT,32.15,KAB. KARAWANG,32.15.28,TEGALWARU,CIPURWASARI,41364
32.15.29.2001,32,JAWA BARAT,32.15,KAB. KARAWANG,32.15.29,PURWASARI,DARAWOLONG,41376
32.15.29.2002,32,JAWA BARAT,32.15,KAB. KARAWANG,32.15.29,PURWASARI,TEGALSARI,41376
32.15.29.2003,32,JAWA BARAT,32.15,KAB. KARAWANG,32.15.29,PURWASARI,PURWASARI,41376
32.15.29.2004,32,JAWA BARAT,32.15,KAB. KARAWANG,32.15.29,PURWASARI,MEKARJAYA,41376
32.15.29.2005,32,JAWA BARAT,32.15,KAB. KARAWANG,32.15.29,PURWASARI,TAMELANG,41376
32.15.29.2006,32,JAWA BARAT,32.15,KAB. KARAWANG,32.15.29,PURWASARI,CENGKONG,41376
32.15.29.2007,32,JAWA BARAT,32.15,KAB. KARAWANG,32.15.29,PURWASARI,SUKASARI,41376
32.15.29.2008,32,JAWA BARAT,32.15,KAB. KARAWANG,32.15.29,PURWASARI,KARANGSARI,41376
32.15.30.2001,32,JAWA BARAT,32.15,KAB. KARAWANG,32.15.30,CILEBAR,KERTAMUKTI,41387
32.15.30.2002,32,JAWA BARAT,32.15,KAB. KARAWANG,32.15.30,CILEBAR,RAWASARI,41387
32.15.30.2003,32,JAWA BARAT,32.15,KAB. KARAWANG,32.15.30,CILEBAR,PUSAKAJAYA SELATAN,41387
32.15.30.2004,32,JAWA BARAT,32.15,KAB. KARAWANG,32.15.30,CILEBAR,CIKANDE,41387
32.15.30.2005,32,JAWA BARAT,32.15,KAB. KARAWANG,32.15.30,CILEBAR,KOSAMBIBATU,41387
32.15.30.2006,32,JAWA BARAT,32.15,KAB. KARAWANG,32.15.30,CILEBAR,PUSAKAJAYA UTARA,41387
32.15.30.2007,32,JAWA BARAT,32.15,KAB. KARAWANG,32.15.30,CILEBAR,SUKARATU,41387
32.15.30.2008,32,JAWA BARAT,32.15,KAB. KARAWANG,32.15.30,CILEBAR,CIPTAMARGI,41387
32.15.30.2009,32,JAWA BARAT,32.15,KAB. KARAWANG,32.15.30,CILEBAR,MEKARPOHACI,41387
32.15.30.2010,32,JAWA BARAT,32.15,KAB. KARAWANG,32.15.30,CILEBAR,TANJUNGSARI,41387
32.16.01.2001,32,JAWA BARAT,32.16,KAB. BEKASI,32.16.01,TARUMAJAYA,SAGARA MAKMUR,17211
32.16.01.2002,32,JAWA BARAT,32.16,KAB. BEKASI,32.16.01,TARUMAJAYA,SEGARAJAYA,17218
32.16.01.2003,32,JAWA BARAT,32.16,KAB. BEKASI,32.16.01,TARUMAJAYA,PUSAKA RAKYAT,17214
32.16.01.2004,32,JAWA BARAT,32.16,KAB. BEKASI,32.16.01,TARUMAJAYA,PAHLAWAN SETIA,17216
32.16.01.2005,32,JAWA BARAT,32.16,KAB. BEKASI,32.16.01,TARUMAJAYA,SETIA MULYA,17213
32.16.01.2006,32,JAWA BARAT,32.16,KAB. BEKASI,32.16.01,TARUMAJAYA,SAMUDRA JAYA,17217
32.16.01.2007,32,JAWA BARAT,32.16,KAB. BEKASI,32.16.01,TARUMAJAYA,SETIA ASIH,17215
32.16.01.2008,32,JAWA BARAT,32.16,KAB. BEKASI,32.16.01,TARUMAJAYA,PANTAI MAKMUR,17212
32.16.02.1006,32,JAWA BARAT,32.16,KAB. BEKASI,32.16.02,BABELAN,BAHAGIA,17612
32.16.02.1007,32,JAWA BARAT,32.16,KAB. BEKASI,32.16.02,BABELAN,KEBALEN,17613
32.16.02.2001,32,JAWA BARAT,32.16,KAB. BEKASI,32.16.02,BABELAN,BUNIBAKTI,17617
32.16.02.2002,32,JAWA BARAT,32.16,KAB. BEKASI,32.16.02,BABELAN,MUARABAKTI,17616
32.16.02.2003,32,JAWA BARAT,32.16,KAB. BEKASI,32.16.02,BABELAN,KEDUNG PENGAWAS,17614
32.16.02.2004,32,JAWA BARAT,32.16,KAB. BEKASI,32.16.02,BABELAN,HURIP JAYA,17619
32.16.02.2005,32,JAWA BARAT,32.16,KAB. BEKASI,32.16.02,BABELAN,PANTAIHURIP,17619
32.16.02.2008,32,JAWA BARAT,32.16,KAB. BEKASI,32.16.02,BABELAN,BABELANKOTA,17611
32.16.02.2009,32,JAWA BARAT,32.16,KAB. BEKASI,32.16.02,BABELAN,KEDUNGJAYA,17615
32.16.03.2001,32,JAWA BARAT,32.16,KAB. BEKASI,32.16.03,SUKAWANGI,SUKARINGIN,17653
32.16.03.2002,32,JAWA BARAT,32.16,KAB. BEKASI,32.16.03,SUKAWANGI,SUKABUDI,17657
32.16.03.2003,32,JAWA BARAT,32.16,KAB. BEKASI,32.16.03,SUKAWANGI,SUKADAYA,17656
32.16.03.2004,32,JAWA BARAT,32.16,KAB. BEKASI,32.16.03,SUKAWANGI,SUKAWANGI,17651
32.16.03.2005,32,JAWA BARAT,32.16,KAB. BEKASI,32.16.03,SUKAWANGI,SUKAKERTA,17652
32.16.03.2006,32,JAWA BARAT,32.16,KAB. BEKASI,32.16.03,SUKAWANGI,SUKATENANG,17654
32.16.03.2007,32,JAWA BARAT,32.16,KAB. BEKASI,32.16.03,SUKAWANGI,SUKAMEKAR,17655
32.16.04.2001,32,JAWA BARAT,32.16,KAB. BEKASI,32.16.04,TAMBELANG,SUKAWIJAYA,17626
32.16.04.2002,32,JAWA BARAT,32.16,KAB. BEKASI,32.16.04,TAMBELANG,SUKAMAJU,17623
32.16.04.2003,32,JAWA BARAT,32.16,KAB. BEKASI,32.16.04,TAMBELANG,SUKARAJA,17622
32.16.04.2004,32,JAWA BARAT,32.16,KAB. BEKASI,32.16.04,TAMBELANG,SUKARAPIH,17621
32.16.04.2005,32,JAWA BARAT,32.16,KAB. BEKASI,32.16.04,TAMBELANG,SUKARAHAYU,17624
32.16.04.2006,32,JAWA BARAT,32.16,KAB. BEKASI,32.16.04,TAMBELANG,SUKAMANTRI,17627
32.16.04.2007,32,JAWA BARAT,32.16,KAB. BEKASI,32.16.04,TAMBELANG,SUKABAKTI,17625
32.16.05.2001,32,JAWA BARAT,32.16,KAB. BEKASI,32.16.05,TAMBUN UTARA,SATRIAJAYA,17563
32.16.05.2002,32,JAWA BARAT,32.16,KAB. BEKASI,32.16.05,TAMBUN UTARA,JEJALENJAYA,17566
32.16.05.2003,32,JAWA BARAT,32.16,KAB. BEKASI,32.16.05,TAMBUN UTARA,SATRIAMEKAR,17562
32.16.05.2004,32,JAWA BARAT,32.16,KAB. BEKASI,32.16.05,TAMBUN UTARA,SRIAMUR,17561
32.16.05.2005,32,JAWA BARAT,32.16,KAB. BEKASI,32.16.05,TAMBUN UTARA,SRIMUKTI,17565
32.16.05.2006,32,JAWA BARAT,32.16,KAB. BEKASI,32.16.05,TAMBUN UTARA,SRIJAYA,17568
32.16.05.2007,32,JAWA BARAT,32.16,KAB. BEKASI,32.16.05,TAMBUN UTARA,SRIMAHI,17567
32.16.05.2008,32,JAWA BARAT,32.16,KAB. BEKASI,32.16.05,TAMBUN UTARA,KARANGSATRIA,17564
32.16.06.1001,32,JAWA BARAT,32.16,KAB. BEKASI,32.16.06,TAMBUN SELATAN,JATIMULYA,17512
32.16.06.2002,32,JAWA BARAT,32.16,KAB. BEKASI,32.16.06,TAMBUN SELATAN,LAMBANGSARI,17513
32.16.06.2003,32,JAWA BARAT,32.16,KAB. BEKASI,32.16.06,TAMBUN SELATAN,LAMBANGJAYA,17514
32.16.06.2004,32,JAWA BARAT,32.16,KAB. BEKASI,32.16.06,TAMBUN SELATAN,TAMBUN,17511
32.16.06.2005,32,JAWA BARAT,32.16,KAB. BEKASI,32.16.06,TAMBUN SELATAN,SETIADARMA,17513
32.16.06.2006,32,JAWA BARAT,32.16,KAB. BEKASI,32.16.06,TAMBUN SELATAN,SETIAMEKAR,17519
32.16.06.2007,32,JAWA BARAT,32.16,KAB. BEKASI,32.16.06,TAMBUN SELATAN,MEKARSARI,17515
32.16.06.2008,32,JAWA BARAT,32.16,KAB. BEKASI,32.16.06,TAMBUN SELATAN,TRIDAYA SAKTI,17516
32.16.06.2009,32,JAWA BARAT,32.16,KAB. BEKASI,32.16.06,TAMBUN SELATAN,MANGUNJAYA,17517
32.16.06.2010,32,JAWA BARAT,32.16,KAB. BEKASI,32.16.06,TAMBUN SELATAN,SUMBERJAYA,17518
32.16.07.1001,32,JAWA BARAT,32.16,KAB. BEKASI,32.16.07,CIBITUNG,WANASARI,17521
32.16.07.2002,32,JAWA BARAT,32.16,KAB. BEKASI,32.16.07,CIBITUNG,WANAJAYA,17523
32.16.07.2003,32,JAWA BARAT,32.16,KAB. BEKASI,32.16.07,CIBITUNG,KERTAMUKTI,17525
32.16.07.2004,32,JAWA BARAT,32.16,KAB. BEKASI,32.16.07,CIBITUNG,MUKTIWARI,17526
32.16.07.2005,32,JAWA BARAT,32.16,KAB. BEKASI,32.16.07,CIBITUNG,SARIMUKTI,17527
32.16.07.2006,32,JAWA BARAT,32.16,KAB. BEKASI,32.16.07,CIBITUNG,SUKAJAYA,17524
32.16.07.2007,32,JAWA BARAT,32.16,KAB. BEKASI,32.16.07,CIBITUNG,CIBUNTU,17522
32.16.08.1008,32,JAWA BARAT,32.16,KAB. BEKASI,32.16.08,CIKARANG BARAT,TELAGA ASIH,17841
32.16.08.2001,32,JAWA BARAT,32.16,KAB. BEKASI,32.16.08,CIKARANG BARAT,TELAGAMURNI,17849
32.16.08.2002,32,JAWA BARAT,32.16,KAB. BEKASI,32.16.08,CIKARANG BARAT,MEKARWANGI,17843
32.16.08.2003,32,JAWA BARAT,32.16,KAB. BEKASI,32.16.08,CIKARANG BARAT,JATIWANGI,17846
32.16.08.2004,32,JAWA BARAT,32.16,KAB. BEKASI,32.16.08,CIKARANG BARAT,DANAU INDAH,17847
32.16.08.2005,32,JAWA BARAT,32.16,KAB. BEKASI,32.16.08,CIKARANG BARAT,GANDAMEKAR,17842
32.16.08.2006,32,JAWA BARAT,32.16,KAB. BEKASI,32.16.08,CIKARANG BARAT,GANDASARI,17842
32.16.08.2007,32,JAWA BARAT,32.16,KAB. BEKASI,32.16.08,CIKARANG BARAT,SUKADANAU,17848
32.16.08.2009,32,JAWA BARAT,32.16,KAB. BEKASI,32.16.08,CIKARANG BARAT,KALIJAYA,17849
32.16.08.2010,32,JAWA BARAT,32.16,KAB. BEKASI,32.16.08,CIKARANG BARAT,TELAJUNG,17844
32.16.08.2011,32,JAWA BARAT,32.16,KAB. BEKASI,32.16.08,CIKARANG BARAT,CIKEDOKAN,17845
32.16.09.2001,32,JAWA BARAT,32.16,KAB. BEKASI,32.16.09,CIKARANG UTARA,CIKARANGKOTA,17831
32.16.09.2002,32,JAWA BARAT,32.16,KAB. BEKASI,32.16.09,CIKARANG UTARA,KARANGBARU,17832
32.16.09.2003,32,JAWA BARAT,32.16,KAB. BEKASI,32.16.09,CIKARANG UTARA,KARANGASIH,17839
32.16.09.2004,32,JAWA BARAT,32.16,KAB. BEKASI,32.16.09,CIKARANG UTARA,WALUYA,17837
32.16.09.2005,32,JAWA BARAT,32.16,KAB. BEKASI,32.16.09,CIKARANG UTARA,KARANGRAHARJA,17839
32.16.09.2006,32,JAWA BARAT,32.16,KAB. BEKASI,32.16.09,CIKARANG UTARA,PASIRGOMBONG,17835
32.16.09.2007,32,JAWA BARAT,32.16,KAB. BEKASI,32.16.09,CIKARANG UTARA,SIMPANGAN,17836
32.16.09.2008,32,JAWA BARAT,32.16,KAB. BEKASI,32.16.09,CIKARANG UTARA,TANJUNGSARI,17838
32.16.09.2009,32,JAWA BARAT,32.16,KAB. BEKASI,32.16.09,CIKARANG UTARA,HAJARMEKAR,17832
32.16.09.2010,32,JAWA BARAT,32.16,KAB. BEKASI,32.16.09,CIKARANG UTARA,MEKARMUKTI,17834
32.16.09.2011,32,JAWA BARAT,32.16,KAB. BEKASI,32.16.09,CIKARANG UTARA,WANGUNHARJA,17833
32.16.10.2001,32,JAWA BARAT,32.16,KAB. BEKASI,32.16.10,KARANG BAHAGIA,SUKARAYA,17536
32.16.10.2002,32,JAWA BARAT,32.16,KAB. BEKASI,32.16.10,KARANG BAHAGIA,KARANGRAHAYU,17535
32.16.10.2003,32,JAWA BARAT,32.16,KAB. BEKASI,32.16.10,KARANG BAHAGIA,KARANGSETIA,17534
32.16.10.2004,32,JAWA BARAT,32.16,KAB. BEKASI,32.16.10,KARANG BAHAGIA,KARANGANYAR,17533
32.16.10.2005,32,JAWA BARAT,32.16,KAB. BEKASI,32.16.10,KARANG BAHAGIA,KARANGBAHAGIA,17531
32.16.10.2006,32,JAWA BARAT,32.16,KAB. BEKASI,32.16.10,KARANG BAHAGIA,KARANGSENTOSA,17532
32.16.10.2007,32,JAWA BARAT,32.16,KAB. BEKASI,32.16.10,KARANG BAHAGIA,KARANGSATU,17537
32.16.10.2008,32,JAWA BARAT,32.16,KAB. BEKASI,32.16.10,KARANG BAHAGIA,KARANGMUKTI,17538
32.16.11.1007,32,JAWA BARAT,32.16,KAB. BEKASI,32.16.11,CIKARANG TIMUR,SERTAJAYA,17823
32.16.11.2001,32,JAWA BARAT,32.16,KAB. BEKASI,32.16.11,CIKARANG TIMUR,TANJUNGBARU,17827
32.16.11.2002,32,JAWA BARAT,32.16,KAB. BEKASI,32.16.11,CIKARANG TIMUR,CIPAYUNG,17825
32.16.11.2003,32,JAWA BARAT,32.16,KAB. BEKASI,32.16.11,CIKARANG TIMUR,HEGARMANAH,17824
32.16.11.2004,32,JAWA BARAT,32.16,KAB. BEKASI,32.16.11,CIKARANG TIMUR,JATIREJA,17822
32.16.11.2005,32,JAWA BARAT,32.16,KAB. BEKASI,32.16.11,CIKARANG TIMUR,JATIBARU,17821
32.16.11.2006,32,JAWA BARAT,32.16,KAB. BEKASI,32.16.11,CIKARANG TIMUR,LABANSARI,17826
32.16.11.2008,32,JAWA BARAT,32.16,KAB. BEKASI,32.16.11,CIKARANG TIMUR,KARANGSARI,17828
32.16.12.2001,32,JAWA BARAT,32.16,KAB. BEKASI,32.16.12,KEDUNG WARINGIN,KARANGSAMBUNG,17545
32.16.12.2002,32,JAWA BARAT,32.16,KAB. BEKASI,32.16.12,KEDUNG WARINGIN,WARINGINJAYA,17546
32.16.12.2003,32,JAWA BARAT,32.16,KAB. BEKASI,32.16.12,KEDUNG WARINGIN,KARANGMEKAR,17542
32.16.12.2004,32,JAWA BARAT,32.16,KAB. BEKASI,32.16.12,KEDUNG WARINGIN,MEKARJAYA,17543
32.16.12.2005,32,JAWA BARAT,32.16,KAB. BEKASI,32.16.12,KEDUNG WARINGIN,KARANGHARUM,17544
32.16.12.2006,32,JAWA BARAT,32.16,KAB. BEKASI,32.16.12,KEDUNG WARINGIN,BOJONGSARI,17547
32.16.12.2007,32,JAWA BARAT,32.16,KAB. BEKASI,32.16.12,KEDUNG WARINGIN,KEDUNGWARINGIN,17541
32.16.13.1011,32,JAWA BARAT,32.16,KAB. BEKASI,32.16.13,PEBAYURAN,KERTASARI,17711
32.16.13.2001,32,JAWA BARAT,32.16,KAB. BEKASI,32.16.13,PEBAYURAN,KARANGHARJA,17715
32.16.13.2002,32,JAWA BARAT,32.16,KAB. BEKASI,32.16.13,PEBAYURAN,KARANGSEGAR,17716
32.16.13.2003,32,JAWA BARAT,32.16,KAB. BEKASI,32.16.13,PEBAYURAN,SUMBERURIP,17714
32.16.13.2004,32,JAWA BARAT,32.16,KAB. BEKASI,32.16.13,PEBAYURAN,SUMBEREJA,17710
32.16.13.2005,32,JAWA BARAT,32.16,KAB. BEKASI,32.16.13,PEBAYURAN,KARANGREJA,17717
32.16.13.2006,32,JAWA BARAT,32.16,KAB. BEKASI,32.16.13,PEBAYURAN,KARANGJAYA,17717
32.16.13.2007,32,JAWA BARAT,32.16,KAB. BEKASI,32.16.13,PEBAYURAN,SUMBERSARI,17714
32.16.13.2008,32,JAWA BARAT,32.16,KAB. BEKASI,32.16.13,PEBAYURAN,KARANGPATRI,17713
32.16.13.2009,32,JAWA BARAT,32.16,KAB. BEKASI,32.16.13,PEBAYURAN,KARANGHAUR,17713
32.16.13.2010,32,JAWA BARAT,32.16,KAB. BEKASI,32.16.13,PEBAYURAN,KERTAJAYA,17712
32.16.13.2012,32,JAWA BARAT,32.16,KAB. BEKASI,32.16.13,PEBAYURAN,BANTARSARI,17718
32.16.13.2013,32,JAWA BARAT,32.16,KAB. BEKASI,32.16.13,PEBAYURAN,BANTARJAYA,17719
32.16.14.2001,32,JAWA BARAT,32.16,KAB. BEKASI,32.16.14,SUKAKARYA,SUKAMURNI,17643
32.16.14.2002,32,JAWA BARAT,32.16,KAB. BEKASI,32.16.14,SUKAKARYA,SUKAINDAH,17642
32.16.14.2003,32,JAWA BARAT,32.16,KAB. BEKASI,32.16.14,SUKAKARYA,SUKAKARYA,17641
32.16.14.2004,32,JAWA BARAT,32.16,KAB. BEKASI,32.16.14,SUKAKARYA,SUKALAKSANA,17645
32.16.14.2005,32,JAWA BARAT,32.16,KAB. BEKASI,32.16.14,SUKAKARYA,SUKAJADI,17644
32.16.14.2006,32,JAWA BARAT,32.16,KAB. BEKASI,32.16.14,SUKAKARYA,SUKAKARSA,17646
32.16.14.2007,32,JAWA BARAT,32.16,KAB. BEKASI,32.16.14,SUKAKARYA,SUKAMAKMUR,17647
32.16.15.2001,32,JAWA BARAT,32.16,KAB. BEKASI,32.16.15,SUKATANI,SUKAMULYA,17631
32.16.15.2002,32,JAWA BARAT,32.16,KAB. BEKASI,32.16.15,SUKATANI,SUKAMANAH,17633
32.16.15.2003,32,JAWA BARAT,32.16,KAB. BEKASI,32.16.15,SUKATANI,SUKAHURIP,17634
32.16.15.2004,32,JAWA BARAT,32.16,KAB. BEKASI,32.16.15,SUKATANI,SUKAASIH,17636
32.16.15.2005,32,JAWA BARAT,32.16,KAB. BEKASI,32.16.15,SUKATANI,SUKARUKUN,17637
32.16.15.2006,32,JAWA BARAT,32.16,KAB. BEKASI,32.16.15,SUKATANI,BANJARSARI,17635
32.16.15.2007,32,JAWA BARAT,32.16,KAB. BEKASI,32.16.15,SUKATANI,SUKADARMA,17632
32.16.16.2001,32,JAWA BARAT,32.16,KAB. BEKASI,32.16.16,CABANGBUNGIN,JAYABAKTI,17723
32.16.16.2002,32,JAWA BARAT,32.16,KAB. BEKASI,32.16.16,CABANGBUNGIN,JAYALAKSANA,17726
32.16.16.2003,32,JAWA BARAT,32.16,KAB. BEKASI,32.16.16,CABANGBUNGIN,SINDANGSARI,17725
32.16.16.2004,32,JAWA BARAT,32.16,KAB. BEKASI,32.16.16,CABANGBUNGIN,SINDANGJAYA,17724
32.16.16.2005,32,JAWA BARAT,32.16,KAB. BEKASI,32.16.16,CABANGBUNGIN,SETIALAKSANA,17727
32.16.16.2006,32,JAWA BARAT,32.16,KAB. BEKASI,32.16.16,CABANGBUNGIN,SETIAJAYA,17721
32.16.16.2007,32,JAWA BARAT,32.16,KAB. BEKASI,32.16.16,CABANGBUNGIN,LENGGAHJAYA,17728
32.16.16.2008,32,JAWA BARAT,32.16,KAB. BEKASI,32.16.16,CABANGBUNGIN,LENGGAHSARI,17722
32.16.17.2001,32,JAWA BARAT,32.16,KAB. BEKASI,32.16.17,MUARAGEMBONG,PANTAI MEKAR,17731
32.16.17.2002,32,JAWA BARAT,32.16,KAB. BEKASI,32.16.17,MUARAGEMBONG,PANTAI BAHAGIA,17735
32.16.17.2003,32,JAWA BARAT,32.16,KAB. BEKASI,32.16.17,MUARAGEMBONG,PANTAI BAKTI,17734
32.16.17.2004,32,JAWA BARAT,32.16,KAB. BEKASI,32.16.17,MUARAGEMBONG,PANTAI HARAPANJAYA,17732
32.16.17.2005,32,JAWA BARAT,32.16,KAB. BEKASI,32.16.17,MUARAGEMBONG,PANTAI SEDERHANA,17736
32.16.17.2006,32,JAWA BARAT,32.16,KAB. BEKASI,32.16.17,MUARAGEMBONG,JAYASAKTI,17733
32.16.18.2001,32,JAWA BARAT,32.16,KAB. BEKASI,32.16.18,SETU,CIJENGKOL,17322
32.16.18.2002,32,JAWA BARAT,32.16,KAB. BEKASI,32.16.18,SETU,LUBANGBUAYA,17321
32.16.18.2003,32,JAWA BARAT,32.16,KAB. BEKASI,32.16.18,SETU,BURANGKENG,17323
32.16.18.2004,32,JAWA BARAT,32.16,KAB. BEKASI,32.16.18,SETU,CILEDUG,17329
32.16.18.2005,32,JAWA BARAT,32.16,KAB. BEKASI,32.16.18,SETU,CIBENING,17329
32.16.18.2006,32,JAWA BARAT,32.16,KAB. BEKASI,32.16.18,SETU,TAMAN SARI,17324
32.16.18.2007,32,JAWA BARAT,32.16,KAB. BEKASI,32.16.18,SETU,TAMAN RAHAYU,17325
32.16.18.2008,32,JAWA BARAT,32.16,KAB. BEKASI,32.16.18,SETU,CIKARAGEMAN,17326
32.16.18.2009,32,JAWA BARAT,32.16,KAB. BEKASI,32.16.18,SETU,RAGAMANUNGGAL,17327
32.16.18.2010,32,JAWA BARAT,32.16,KAB. BEKASI,32.16.18,SETU,MUKTIJAYA,17327
32.16.18.2011,32,JAWA BARAT,32.16,KAB. BEKASI,32.16.18,SETU,KERTARAHAYU,17328
32.16.19.2001,32,JAWA BARAT,32.16,KAB. BEKASI,32.16.19,CIKARANG SELATAN,CIBATU,17855
32.16.19.2002,32,JAWA BARAT,32.16,KAB. BEKASI,32.16.19,CIKARANG SELATAN,SUKASEJATI,17853
32.16.19.2003,32,JAWA BARAT,32.16,KAB. BEKASI,32.16.19,CIKARANG SELATAN,CIANTRA,17852
32.16.19.2004,32,JAWA BARAT,32.16,KAB. BEKASI,32.16.19,CIKARANG SELATAN,SUKADAMI,17851
32.16.19.2005,32,JAWA BARAT,32.16,KAB. BEKASI,32.16.19,CIKARANG SELATAN,SUKARESMI,17857
32.16.19.2006,32,JAWA BARAT,32.16,KAB. BEKASI,32.16.19,CIKARANG SELATAN,SERANG,17854
32.16.19.2007,32,JAWA BARAT,32.16,KAB. BEKASI,32.16.19,CIKARANG SELATAN,PASIRSARI,17856
32.16.20.2001,32,JAWA BARAT,32.16,KAB. BEKASI,32.16.20,CIKARANG PUSAT,CICAU,17812
32.16.20.2002,32,JAWA BARAT,32.16,KAB. BEKASI,32.16.20,CIKARANG PUSAT,SUKAMAHI,17811
32.16.20.2003,32,JAWA BARAT,32.16,KAB. BEKASI,32.16.20,CIKARANG PUSAT,PASIRANJI,17813
32.16.20.2004,32,JAWA BARAT,32.16,KAB. BEKASI,32.16.20,CIKARANG PUSAT,HEGARMUKTI,17815
32.16.20.2005,32,JAWA BARAT,32.16,KAB. BEKASI,32.16.20,CIKARANG PUSAT,JAYAMUKTI,17816
32.16.20.2006,32,JAWA BARAT,32.16,KAB. BEKASI,32.16.20,CIKARANG PUSAT,PASIRTANJUNG,17814
32.16.21.2001,32,JAWA BARAT,32.16,KAB. BEKASI,32.16.21,SERANG BARU,SUKARAGAM,17331
32.16.21.2002,32,JAWA BARAT,32.16,KAB. BEKASI,32.16.21,SERANG BARU,SIRNAJAYA,17335
32.16.21.2003,32,JAWA BARAT,32.16,KAB. BEKASI,32.16.21,SERANG BARU,SUKASARI,17332
32.16.21.2004,32,JAWA BARAT,32.16,KAB. BEKASI,32.16.21,SERANG BARU,JAYAMULYA,17334
32.16.21.2005,32,JAWA BARAT,32.16,KAB. BEKASI,32.16.21,SERANG BARU,NAGACIPTA,17336
32.16.21.2006,32,JAWA BARAT,32.16,KAB. BEKASI,32.16.21,SERANG BARU,NAGASARI,17337
32.16.21.2007,32,JAWA BARAT,32.16,KAB. BEKASI,32.16.21,SERANG BARU,CILANGKARA,17338
32.16.21.2008,32,JAWA BARAT,32.16,KAB. BEKASI,32.16.21,SERANG BARU,JAYASAMPURNA,17333
32.16.22.2001,32,JAWA BARAT,32.16,KAB. BEKASI,32.16.22,CIBARUSAH,SIRNAJAYA,17340
32.16.22.2002,32,JAWA BARAT,32.16,KAB. BEKASI,32.16.22,CIBARUSAH,RIDOGALIH,17344
32.16.22.2003,32,JAWA BARAT,32.16,KAB. BEKASI,32.16.22,CIBARUSAH,RIDOMANAH,17345
32.16.22.2004,32,JAWA BARAT,32.16,KAB. BEKASI,32.16.22,CIBARUSAH,WIBAWAMULYA,17346
32.16.22.2005,32,JAWA BARAT,32.16,KAB. BEKASI,32.16.22,CIBARUSAH,CIBARUSAH KOTA,17341
32.16.22.2006,32,JAWA BARAT,32.16,KAB. BEKASI,32.16.22,CIBARUSAH,CIBARUSAH JAYA,17342
32.16.22.2007,32,JAWA BARAT,32.16,KAB. BEKASI,32.16.22,CIBARUSAH,SINDANGMULYA,17347
32.16.23.2001,32,JAWA BARAT,32.16,KAB. BEKASI,32.16.23,BOJONGMANGU,KARANGMULYA,17356
32.16.23.2002,32,JAWA BARAT,32.16,KAB. BEKASI,32.16.23,BOJONGMANGU,KARANGINDAH,17350
32.16.23.2003,32,JAWA BARAT,32.16,KAB. BEKASI,32.16.23,BOJONGMANGU,BOJONGMANGU,17352
32.16.23.2004,32,JAWA BARAT,32.16,KAB. BEKASI,32.16.23,BOJONGMANGU,SUKABUNGAH,17350
32.16.23.2005,32,JAWA BARAT,32.16,KAB. BEKASI,32.16.23,BOJONGMANGU,SUKAMUKTI,17350
32.16.23.2006,32,JAWA BARAT,32.16,KAB. BEKASI,32.16.23,BOJONGMANGU,MEDALKRISNA,17350
32.17.01.2001,32,JAWA BARAT,32.17,KAB. BANDUNG BARAT,32.17.01,LEMBANG,PAGERWANGI,40791
32.17.01.2002,32,JAWA BARAT,32.17,KAB. BANDUNG BARAT,32.17.01,LEMBANG,KAYUAMBON,40791
32.17.01.2003,32,JAWA BARAT,32.17,KAB. BANDUNG BARAT,32.17.01,LEMBANG,LEMBANG,40791
32.17.01.2004,32,JAWA BARAT,32.17,KAB. BANDUNG BARAT,32.17.01,LEMBANG,CIKIDANG,40791
32.17.01.2005,32,JAWA BARAT,32.17,KAB. BANDUNG BARAT,32.17.01,LEMBANG,CIKAHURIPAN,40791
32.17.01.2006,32,JAWA BARAT,32.17,KAB. BANDUNG BARAT,32.17.01,LEMBANG,CIKOLE,40791
32.17.01.2007,32,JAWA BARAT,32.17,KAB. BANDUNG BARAT,32.17.01,LEMBANG,GUDANGKAHURIPAN,40791
32.17.01.2008,32,JAWA BARAT,32.17,KAB. BANDUNG BARAT,32.17.01,LEMBANG,JAYAGIRI,40791
32.17.01.2009,32,JAWA BARAT,32.17,KAB. BANDUNG BARAT,32.17.01,LEMBANG,CIBODAS,40791
32.17.01.2010,32,JAWA BARAT,32.17,KAB. BANDUNG BARAT,32.17.01,LEMBANG,LANGENSARI,40791
32.17.01.2011,32,JAWA BARAT,32.17,KAB. BANDUNG BARAT,32.17.01,LEMBANG,MEKARWANGI,40791
32.17.01.2012,32,JAWA BARAT,32.17,KAB. BANDUNG BARAT,32.17.01,LEMBANG,CIBOGO,40791
32.17.01.2013,32,JAWA BARAT,32.17,KAB. BANDUNG BARAT,32.17.01,LEMBANG,SUKAJAYA,40791
32.17.01.2014,32,JAWA BARAT,32.17,KAB. BANDUNG BARAT,32.17.01,LEMBANG,SUNTENJAYA,40791
32.17.01.2015,32,JAWA BARAT,32.17,KAB. BANDUNG BARAT,32.17.01,LEMBANG,WANGUNHARJA,40791
32.17.01.2016,32,JAWA BARAT,32.17,KAB. BANDUNG BARAT,32.17.01,LEMBANG,WANGUNSARI,40791
32.17.02.2001,32,JAWA BARAT,32.17,KAB. BANDUNG BARAT,32.17.02,PARONGPONG,KARYAWANGI,40759
32.17.02.2002,32,JAWA BARAT,32.17,KAB. BANDUNG BARAT,32.17.02,PARONGPONG,CIHANJUANG,40759
32.17.02.2003,32,JAWA BARAT,32.17,KAB. BANDUNG BARAT,32.17.02,PARONGPONG,CIHANJUANGRAHAYU,40759
32.17.02.2004,32,JAWA BARAT,32.17,KAB. BANDUNG BARAT,32.17.02,PARONGPONG,CIHIDEUNG,40759
32.17.02.2005,32,JAWA BARAT,32.17,KAB. BANDUNG BARAT,32.17.02,PARONGPONG,CIWARUGA,40759
32.17.02.2006,32,JAWA BARAT,32.17,KAB. BANDUNG BARAT,32.17.02,PARONGPONG,CIGUGURGIRANG,40759
32.17.02.2007,32,JAWA BARAT,32.17,KAB. BANDUNG BARAT,32.17.02,PARONGPONG,SARIWANGI,40759
32.17.03.2001,32,JAWA BARAT,32.17,KAB. BANDUNG BARAT,32.17.03,CISARUA,JAMBUDIPA,40751
32.17.03.2002,32,JAWA BARAT,32.17,KAB. BANDUNG BARAT,32.17.03,CISARUA,PADAASIH,40751
32.17.03.2003,32,JAWA BARAT,32.17,KAB. BANDUNG BARAT,32.17.03,CISARUA,PASIRHALANG,40751
32.17.03.2004,32,JAWA BARAT,32.17,KAB. BANDUNG BARAT,32.17.03,CISARUA,PASIRLANGU,40751
32.17.03.2005,32,JAWA BARAT,32.17,KAB. BANDUNG BARAT,32.17.03,CISARUA,CIPADA,40751
32.17.03.2006,32,JAWA BARAT,32.17,KAB. BANDUNG BARAT,32.17.03,CISARUA,KERTAWANGI,40751
32.17.03.2007,32,JAWA BARAT,32.17,KAB. BANDUNG BARAT,32.17.03,CISARUA,TUGUMUKTI,40751
32.17.03.2008,32,JAWA BARAT,32.17,KAB. BANDUNG BARAT,32.17.03,CISARUA,SADANGMEKAR,40751
32.17.04.2001,32,JAWA BARAT,32.17,KAB. BANDUNG BARAT,32.17.04,CIKALONGWETAN,CIPTAGUMATI,40756
32.17.04.2002,32,JAWA BARAT,32.17,KAB. BANDUNG BARAT,32.17.04,CIKALONGWETAN,CIKALONG,40756
32.17.04.2003,32,JAWA BARAT,32.17,KAB. BANDUNG BARAT,32.17.04,CIKALONGWETAN,CIPADA,40756
32.17.04.2004,32,JAWA BARAT,32.17,KAB. BANDUNG BARAT,32.17.04,CIKALONGWETAN,CISOMANGBARAT,40756
32.17.04.2005,32,JAWA BARAT,32.17,KAB. BANDUNG BARAT,32.17.04,CIKALONGWETAN,GANJARSARI,40756
32.17.04.2006,32,JAWA BARAT,32.17,KAB. BANDUNG BARAT,32.17.04,CIKALONGWETAN,KANANGASARI,40756
32.17.04.2007,32,JAWA BARAT,32.17,KAB. BANDUNG BARAT,32.17.04,CIKALONGWETAN,MANDALASARI,40756
32.17.04.2008,32,JAWA BARAT,32.17,KAB. BANDUNG BARAT,32.17.04,CIKALONGWETAN,MANDALAMUKTI,40756
32.17.04.2009,32,JAWA BARAT,32.17,KAB. BANDUNG BARAT,32.17.04,CIKALONGWETAN,MEKARJAYA,40756
32.17.04.2010,32,JAWA BARAT,32.17,KAB. BANDUNG BARAT,32.17.04,CIKALONGWETAN,PUTERAN,40756
32.17.04.2011,32,JAWA BARAT,32.17,KAB. BANDUNG BARAT,32.17.04,CIKALONGWETAN,RENDE,40756
32.17.04.2012,32,JAWA BARAT,32.17,KAB. BANDUNG BARAT,32.17.04,CIKALONGWETAN,TENJOLAUT,40756
32.17.04.2013,32,JAWA BARAT,32.17,KAB. BANDUNG BARAT,32.17.04,CIKALONGWETAN,WANGUNJAYA,40756
32.17.05.2001,32,JAWA BARAT,32.17,KAB. BANDUNG BARAT,32.17.05,CIPEUNDEUY,CIPEUNDEUY,40758
32.17.05.2002,32,JAWA BARAT,32.17,KAB. BANDUNG BARAT,32.17.05,CIPEUNDEUY,CIHARASHAS,40758
32.17.05.2003,32,JAWA BARAT,32.17,KAB. BANDUNG BARAT,32.17.05,CIPEUNDEUY,BOJONGMEKAR,40758
32.17.05.2004,32,JAWA BARAT,32.17,KAB. BANDUNG BARAT,32.17.05,CIPEUNDEUY,CIROYOM,40758
32.17.05.2005,32,JAWA BARAT,32.17,KAB. BANDUNG BARAT,32.17.05,CIPEUNDEUY,JATIMEKAR,40758
32.17.05.2006,32,JAWA BARAT,32.17,KAB. BANDUNG BARAT,32.17.05,CIPEUNDEUY,MARGALAKSANA,40758
32.17.05.2007,32,JAWA BARAT,32.17,KAB. BANDUNG BARAT,32.17.05,CIPEUNDEUY,MARGALUYU,40758
32.17.05.2008,32,JAWA BARAT,32.17,KAB. BANDUNG BARAT,32.17.05,CIPEUNDEUY,NANGGELENG,40758
32.17.05.2009,32,JAWA BARAT,32.17,KAB. BANDUNG BARAT,32.17.05,CIPEUNDEUY,NYENANG,40758
32.17.05.2010,32,JAWA BARAT,32.17,KAB. BANDUNG BARAT,32.17.05,CIPEUNDEUY,SIRNARAJA,40758
32.17.05.2011,32,JAWA BARAT,32.17,KAB. BANDUNG BARAT,32.17.05,CIPEUNDEUY,SIRNAGALIH,40758
32.17.05.2012,32,JAWA BARAT,32.17,KAB. BANDUNG BARAT,32.17.05,CIPEUNDEUY,SUKAHAJI,40758
32.17.06.2001,32,JAWA BARAT,32.17,KAB. BANDUNG BARAT,32.17.06,NGAMPRAH,NGAMPRAH,40721
32.17.06.2002,32,JAWA BARAT,32.17,KAB. BANDUNG BARAT,32.17.06,NGAMPRAH,CIMAREME,40722
32.17.06.2003,32,JAWA BARAT,32.17,KAB. BANDUNG BARAT,32.17.06,NGAMPRAH,CILAME,40721
32.17.06.2004,32,JAWA BARAT,32.17,KAB. BANDUNG BARAT,32.17.06,NGAMPRAH,TANIMULYA,40723
32.17.06.2005,32,JAWA BARAT,32.17,KAB. BANDUNG BARAT,32.17.06,NGAMPRAH,CIMANGGU,40724
32.17.06.2006,32,JAWA BARAT,32.17,KAB. BANDUNG BARAT,32.17.06,NGAMPRAH,BOJONGKONENG,40727
32.17.06.2007,32,JAWA BARAT,32.17,KAB. BANDUNG BARAT,32.17.06,NGAMPRAH,MARGAJAYA,40725
32.17.06.2008,32,JAWA BARAT,32.17,KAB. BANDUNG BARAT,32.17.06,NGAMPRAH,MEKARSARI,40726
32.17.06.2009,32,JAWA BARAT,32.17,KAB. BANDUNG BARAT,32.17.06,NGAMPRAH,GADOBANGKONG,40722
32.17.06.2010,32,JAWA BARAT,32.17,KAB. BANDUNG BARAT,32.17.06,NGAMPRAH,SUKATANI,40725
32.17.06.2011,32,JAWA BARAT,32.17,KAB. BANDUNG BARAT,32.17.06,NGAMPRAH,PAKUHAJI,40723
32.17.07.2001,32,JAWA BARAT,32.17,KAB. BANDUNG BARAT,32.17.07,CIPATAT,CIPTAHARJA,40754
32.17.07.2002,32,JAWA BARAT,32.17,KAB. BANDUNG BARAT,32.17.07,CIPATAT,CIPATAT,40754
32.17.07.2003,32,JAWA BARAT,32.17,KAB. BANDUNG BARAT,32.17.07,CIPATAT,CITATAH,40754
32.17.07.2004,32,JAWA BARAT,32.17,KAB. BANDUNG BARAT,32.17.07,CIPATAT,RAJAMANDALAKULON,40754
32.17.07.2005,32,JAWA BARAT,32.17,KAB. BANDUNG BARAT,32.17.07,CIPATAT,MANDALAWANGI,40754
32.17.07.2006,32,JAWA BARAT,32.17,KAB. BANDUNG BARAT,32.17.07,CIPATAT,KERTAMUKTI,40754
32.17.07.2007,32,JAWA BARAT,32.17,KAB. BANDUNG BARAT,32.17.07,CIPATAT,NYALINDUNG,40754
32.17.07.2008,32,JAWA BARAT,32.17,KAB. BANDUNG BARAT,32.17.07,CIPATAT,GUNUNGMASIGIT,40754
32.17.07.2009,32,JAWA BARAT,32.17,KAB. BANDUNG BARAT,32.17.07,CIPATAT,CIRAWAMEKAR,40754
32.17.07.2010,32,JAWA BARAT,32.17,KAB. BANDUNG BARAT,32.17.07,CIPATAT,MANDALASARI,40754
32.17.07.2011,32,JAWA BARAT,32.17,KAB. BANDUNG BARAT,32.17.07,CIPATAT,SUMURBANDUNG,40754
32.17.07.2012,32,JAWA BARAT,32.17,KAB. BANDUNG BARAT,32.17.07,CIPATAT,SARIMUKTI,40754
32.17.08.2001,32,JAWA BARAT,32.17,KAB. BANDUNG BARAT,32.17.08,PADALARANG,KERTAMULYA,40716
32.17.08.2002,32,JAWA BARAT,32.17,KAB. BANDUNG BARAT,32.17.08,PADALARANG,PADALARANG,40711
32.17.08.2003,32,JAWA BARAT,32.17,KAB. BANDUNG BARAT,32.17.08,PADALARANG,CIMERANG,40714
32.17.08.2004,32,JAWA BARAT,32.17,KAB. BANDUNG BARAT,32.17.08,PADALARANG,CAMPAKA MEKAR,40718
32.17.08.2005,32,JAWA BARAT,32.17,KAB. BANDUNG BARAT,32.17.08,PADALARANG,TAGOGAPU,40717
32.17.08.2006,32,JAWA BARAT,32.17,KAB. BANDUNG BARAT,32.17.08,PADALARANG,CIBURUY,40719
32.17.08.2007,32,JAWA BARAT,32.17,KAB. BANDUNG BARAT,32.17.08,PADALARANG,KERTAJAYA,40713
32.17.08.2008,32,JAWA BARAT,32.17,KAB. BANDUNG BARAT,32.17.08,PADALARANG,CIPEUNDEUY,40714
32.17.08.2009,32,JAWA BARAT,32.17,KAB. BANDUNG BARAT,32.17.08,PADALARANG,JAYAMEKAR,40712
32.17.08.2010,32,JAWA BARAT,32.17,KAB. BANDUNG BARAT,32.17.08,PADALARANG,LAKSANAMEKAR,40715
32.17.09.2001,32,JAWA BARAT,32.17,KAB. BANDUNG BARAT,32.17.09,BATUJAJAR,BATUJAJAR TIMUR,40761
32.17.09.2002,32,JAWA BARAT,32.17,KAB. BANDUNG BARAT,32.17.09,BATUJAJAR,BATUJAJAR BARAT,40761
32.17.09.2004,32,JAWA BARAT,32.17,KAB. BANDUNG BARAT,32.17.09,BATUJAJAR,GALANGGANG,40761
32.17.09.2005,32,JAWA BARAT,32.17,KAB. BANDUNG BARAT,32.17.09,BATUJAJAR,CANGKORAH,40761
32.17.09.2007,32,JAWA BARAT,32.17,KAB. BANDUNG BARAT,32.17.09,BATUJAJAR,SELACAU,40761
32.17.09.2008,32,JAWA BARAT,32.17,KAB. BANDUNG BARAT,32.17.09,BATUJAJAR,PANGAUBAN,40761
32.17.09.2010,32,JAWA BARAT,32.17,KAB. BANDUNG BARAT,32.17.09,BATUJAJAR,GIRIASIH,40761
32.17.10.2001,32,JAWA BARAT,32.17,KAB. BANDUNG BARAT,32.17.10,CIHAMPELAS,CIPATIK,40767
32.17.10.2002,32,JAWA BARAT,32.17,KAB. BANDUNG BARAT,32.17.10,CIHAMPELAS,CITAPEN,40767
32.17.10.2003,32,JAWA BARAT,32.17,KAB. BANDUNG BARAT,32.17.10,CIHAMPELAS,CIHAMPELAS,40767
32.17.10.2004,32,JAWA BARAT,32.17,KAB. BANDUNG BARAT,32.17.10,CIHAMPELAS,MEKARJAYA,40767
32.17.10.2005,32,JAWA BARAT,32.17,KAB. BANDUNG BARAT,32.17.10,CIHAMPELAS,MEKARMUKTI,40767
32.17.10.2006,32,JAWA BARAT,32.17,KAB. BANDUNG BARAT,32.17.10,CIHAMPELAS,PATARUMAN,40767
32.17.10.2007,32,JAWA BARAT,32.17,KAB. BANDUNG BARAT,32.17.10,CIHAMPELAS,SITUWANGI,40767
32.17.10.2008,32,JAWA BARAT,32.17,KAB. BANDUNG BARAT,32.17.10,CIHAMPELAS,SINGAJAYA,40767
32.17.10.2009,32,JAWA BARAT,32.17,KAB. BANDUNG BARAT,32.17.10,CIHAMPELAS,TANJUNGWANGI,40767
32.17.10.2010,32,JAWA BARAT,32.17,KAB. BANDUNG BARAT,32.17.10,CIHAMPELAS,TANJUNGJAYA,40767
32.17.11.2001,32,JAWA BARAT,32.17,KAB. BANDUNG BARAT,32.17.11,CILILIN,CILILIN,40762
32.17.11.2002,32,JAWA BARAT,32.17,KAB. BANDUNG BARAT,32.17.11,CILILIN,BUDIHARJA,40762
32.17.11.2003,32,JAWA BARAT,32.17,KAB. BANDUNG BARAT,32.17.11,CILILIN,BATULAYANG,40762
32.17.11.2004,32,JAWA BARAT,32.17,KAB. BANDUNG BARAT,32.17.11,CILILIN,BONGAS,40762
32.17.11.2005,32,JAWA BARAT,32.17,KAB. BANDUNG BARAT,32.17.11,CILILIN,KARANGANYAR,40762
32.17.11.2006,32,JAWA BARAT,32.17,KAB. BANDUNG BARAT,32.17.11,CILILIN,KARANGTANJUNG,40762
32.17.11.2007,32,JAWA BARAT,32.17,KAB. BANDUNG BARAT,32.17.11,CILILIN,KARYAMUKTI,40762
32.17.11.2008,32,JAWA BARAT,32.17,KAB. BANDUNG BARAT,32.17.11,CILILIN,KIDANGPANANJUNG,40762
32.17.11.2009,32,JAWA BARAT,32.17,KAB. BANDUNG BARAT,32.17.11,CILILIN,MUKAPAYUNG,40762
32.17.11.2010,32,JAWA BARAT,32.17,KAB. BANDUNG BARAT,32.17.11,CILILIN,NANGGERANG,40762
32.17.11.2011,32,JAWA BARAT,32.17,KAB. BANDUNG BARAT,32.17.11,CILILIN,RANCAPANGGUNG,40762
32.17.12.2001,32,JAWA BARAT,32.17,KAB. BANDUNG BARAT,32.17.12,CIPONGKOR,SARINAGEN,40764
32.17.12.2002,32,JAWA BARAT,32.17,KAB. BANDUNG BARAT,32.17.12,CIPONGKOR,BARANANGSIANG,40764
32.17.12.2003,32,JAWA BARAT,32.17,KAB. BANDUNG BARAT,32.17.12,CIPONGKOR,CITALEM,40764
32.17.12.2004,32,JAWA BARAT,32.17,KAB. BANDUNG BARAT,32.17.12,CIPONGKOR,CIJENUK,40764
32.17.12.2005,32,JAWA BARAT,32.17,KAB. BANDUNG BARAT,32.17.12,CIPONGKOR,CIJAMBU,40764
32.17.12.2006,32,JAWA BARAT,32.17,KAB. BANDUNG BARAT,32.17.12,CIPONGKOR,CIBENDA,40764
32.17.12.2007,32,JAWA BARAT,32.17,KAB. BANDUNG BARAT,32.17.12,CIPONGKOR,CINTAASIH,40764
32.17.12.2008,32,JAWA BARAT,32.17,KAB. BANDUNG BARAT,32.17.12,CIPONGKOR,CICANGKANGHILIR,40764
32.17.12.2009,32,JAWA BARAT,32.17,KAB. BANDUNG BARAT,32.17.12,CIPONGKOR,GIRIMUKTI,40764
32.17.12.2010,32,JAWA BARAT,32.17,KAB. BANDUNG BARAT,32.17.12,CIPONGKOR,KARANGSARI,40764
32.17.12.2011,32,JAWA BARAT,32.17,KAB. BANDUNG BARAT,32.17.12,CIPONGKOR,MEKARSARI,40764
32.17.12.2012,32,JAWA BARAT,32.17,KAB. BANDUNG BARAT,32.17.12,CIPONGKOR,NEGLASARI,40764
32.17.12.2013,32,JAWA BARAT,32.17,KAB. BANDUNG BARAT,32.17.12,CIPONGKOR,SIRNAGALIH,40764
32.17.12.2014,32,JAWA BARAT,32.17,KAB. BANDUNG BARAT,32.17.12,CIPONGKOR,SUKAMULYA,40764
32.17.13.2001,32,JAWA BARAT,32.17,KAB. BANDUNG BARAT,32.17.13,RONGGA,CIBEDUG,40766
32.17.13.2002,32,JAWA BARAT,32.17,KAB. BANDUNG BARAT,32.17.13,RONGGA,BOJONG,40766
32.17.13.2003,32,JAWA BARAT,32.17,KAB. BANDUNG BARAT,32.17.13,RONGGA,BOJONGSALAM,40766
32.17.13.2004,32,JAWA BARAT,32.17,KAB. BANDUNG BARAT,32.17.13,RONGGA,CIBITUNG,40766
32.17.13.2005,32,JAWA BARAT,32.17,KAB. BANDUNG BARAT,32.17.13,RONGGA,CICADAS,40766
32.17.13.2006,32,JAWA BARAT,32.17,KAB. BANDUNG BARAT,32.17.13,RONGGA,CINENGAH,40766
32.17.13.2007,32,JAWA BARAT,32.17,KAB. BANDUNG BARAT,32.17.13,RONGGA,SUKAMANAH,40766
32.17.13.2008,32,JAWA BARAT,32.17,KAB. BANDUNG BARAT,32.17.13,RONGGA,SUKARESMI,40766
32.17.14.2001,32,JAWA BARAT,32.17,KAB. BANDUNG BARAT,32.17.14,SINDANGKERTA,CINTAKARYA,40763
32.17.14.2002,32,JAWA BARAT,32.17,KAB. BANDUNG BARAT,32.17.14,SINDANGKERTA,SINDANGKERTA,40763
32.17.14.2003,32,JAWA BARAT,32.17,KAB. BANDUNG BARAT,32.17.14,SINDANGKERTA,BUNINAGARA,40763
32.17.14.2004,32,JAWA BARAT,32.17,KAB. BANDUNG BARAT,32.17.14,SINDANGKERTA,CIKADU,40763
32.17.14.2005,32,JAWA BARAT,32.17,KAB. BANDUNG BARAT,32.17.14,SINDANGKERTA,CICANGKANGGIRANG,40763
32.17.14.2006,32,JAWA BARAT,32.17,KAB. BANDUNG BARAT,32.17.14,SINDANGKERTA,MEKARWANGI,40763
32.17.14.2007,32,JAWA BARAT,32.17,KAB. BANDUNG BARAT,32.17.14,SINDANGKERTA,PASIRPOGOR,40763
32.17.14.2008,32,JAWA BARAT,32.17,KAB. BANDUNG BARAT,32.17.14,SINDANGKERTA,PUNCAKSARI,40763
32.17.14.2009,32,JAWA BARAT,32.17,KAB. BANDUNG BARAT,32.17.14,SINDANGKERTA,RANCASENGGANG,40763
32.17.14.2010,32,JAWA BARAT,32.17,KAB. BANDUNG BARAT,32.17.14,SINDANGKERTA,WENINGGALIH,40763
32.17.14.2011,32,JAWA BARAT,32.17,KAB. BANDUNG BARAT,32.17.14,SINDANGKERTA,WANGUNSARI,40763
32.17.15.2001,32,JAWA BARAT,32.17,KAB. BANDUNG BARAT,32.17.15,GUNUNGHALU,SIRNAJAYA,40765
32.17.15.2002,32,JAWA BARAT,32.17,KAB. BANDUNG BARAT,32.17.15,GUNUNGHALU,GUNUNGHALU,40765
32.17.15.2003,32,JAWA BARAT,32.17,KAB. BANDUNG BARAT,32.17.15,GUNUNGHALU,BUNIJAYA,40765
32.17.15.2004,32,JAWA BARAT,32.17,KAB. BANDUNG BARAT,32.17.15,GUNUNGHALU,CELAK,40765
32.17.15.2005,32,JAWA BARAT,32.17,KAB. BANDUNG BARAT,32.17.15,GUNUNGHALU,CILANGARI,40765
32.17.15.2006,32,JAWA BARAT,32.17,KAB. BANDUNG BARAT,32.17.15,GUNUNGHALU,SINDANGJAYA,40765
32.17.15.2007,32,JAWA BARAT,32.17,KAB. BANDUNG BARAT,32.17.15,GUNUNGHALU,SUKASARI,40765
32.17.15.2008,32,JAWA BARAT,32.17,KAB. BANDUNG BARAT,32.17.15,GUNUNGHALU,TAMANJAYA,40765
32.17.15.2009,32,JAWA BARAT,32.17,KAB. BANDUNG BARAT,32.17.15,GUNUNGHALU,WARGASALUYU,40765
32.17.16.2001,32,JAWA BARAT,32.17,KAB. BANDUNG BARAT,32.17.16,SAGULING,CIKANDE,40768
32.17.16.2002,32,JAWA BARAT,32.17,KAB. BANDUNG BARAT,32.17.16,SAGULING,JATI,40768
32.17.16.2003,32,JAWA BARAT,32.17,KAB. BANDUNG BARAT,32.17.16,SAGULING,GIRIMUKTI,40768
32.17.16.2004,32,JAWA BARAT,32.17,KAB. BANDUNG BARAT,32.17.16,SAGULING,BOJONGHALEUANG,40768
32.17.16.2005,32,JAWA BARAT,32.17,KAB. BANDUNG BARAT,32.17.16,SAGULING,CIPANGERAN,40768
32.17.16.2006,32,JAWA BARAT,32.17,KAB. BANDUNG BARAT,32.17.16,SAGULING,SAGULING,40768
32.18.01.2001,32,JAWA BARAT,32.18,KAB. PANGANDARAN,32.18.01,PARIGI,PARIGI,46511
32.18.01.2002,32,JAWA BARAT,32.18,KAB. PANGANDARAN,32.18.01,PARIGI,KARANGBENDA,46512
32.18.01.2003,32,JAWA BARAT,32.18,KAB. PANGANDARAN,32.18.01,PARIGI,CILIANG,46519
32.18.01.2004,32,JAWA BARAT,32.18,KAB. PANGANDARAN,32.18.01,PARIGI,BOJONG,46519
32.18.01.2005,32,JAWA BARAT,32.18,KAB. PANGANDARAN,32.18.01,PARIGI,CINTARATU,46519
32.18.01.2006,32,JAWA BARAT,32.18,KAB. PANGANDARAN,32.18.01,PARIGI,SELASARI,46519
32.18.01.2007,32,JAWA BARAT,32.18,KAB. PANGANDARAN,32.18.01,PARIGI,KARANGJALADRI,46513
32.18.01.2008,32,JAWA BARAT,32.18,KAB. PANGANDARAN,32.18.01,PARIGI,CIBENDA,46519
32.18.01.2009,32,JAWA BARAT,32.18,KAB. PANGANDARAN,32.18.01,PARIGI,CINTAKARYA,46519
32.18.01.2010,32,JAWA BARAT,32.18,KAB. PANGANDARAN,32.18.01,PARIGI,PARAKANMANGGU,46519
32.18.02.2001,32,JAWA BARAT,32.18,KAB. PANGANDARAN,32.18.02,CIJULANG,BATUKARAS,46594
32.18.02.2002,32,JAWA BARAT,32.18,KAB. PANGANDARAN,32.18.02,CIJULANG,CIAKAR,46594
32.18.02.2003,32,JAWA BARAT,32.18,KAB. PANGANDARAN,32.18.02,CIJULANG,CIBANTEN,46594
32.18.02.2004,32,JAWA BARAT,32.18,KAB. PANGANDARAN,32.18.02,CIJULANG,KERTAYASA,46594
32.18.02.2005,32,JAWA BARAT,32.18,KAB. PANGANDARAN,32.18.02,CIJULANG,CIJULANG,46594
32.18.02.2006,32,JAWA BARAT,32.18,KAB. PANGANDARAN,32.18.02,CIJULANG,KONDANGJAJAR,46594
32.18.02.2007,32,JAWA BARAT,32.18,KAB. PANGANDARAN,32.18.02,CIJULANG,MARGACINTA,46594
32.18.03.2001,32,JAWA BARAT,32.18,KAB. PANGANDARAN,32.18.03,CIMERAK,KERTAHARJA,46595
32.18.03.2002,32,JAWA BARAT,32.18,KAB. PANGANDARAN,32.18.03,CIMERAK,CIPARANTI,46595
32.18.03.2003,32,JAWA BARAT,32.18,KAB. PANGANDARAN,32.18.03,CIMERAK,LEGOKJAWA,46595
32.18.03.2004,32,JAWA BARAT,32.18,KAB. PANGANDARAN,32.18.03,CIMERAK,MASAWAH,46595
32.18.03.2005,32,JAWA BARAT,32.18,KAB. PANGANDARAN,32.18.03,CIMERAK,CIMERAK,46595
32.18.03.2006,32,JAWA BARAT,32.18,KAB. PANGANDARAN,32.18.03,CIMERAK,SUKAJAYA,46595
32.18.03.2007,32,JAWA BARAT,32.18,KAB. PANGANDARAN,32.18.03,CIMERAK,KERTAMUKTI,46595
32.18.03.2008,32,JAWA BARAT,32.18,KAB. PANGANDARAN,32.18.03,CIMERAK,SINDANGSARI,46595
32.18.03.2009,32,JAWA BARAT,32.18,KAB. PANGANDARAN,32.18.03,CIMERAK,BATUMALANG,46595
32.18.03.2010,32,JAWA BARAT,32.18,KAB. PANGANDARAN,32.18.03,CIMERAK,MEKARSARI,46595
32.18.03.2011,32,JAWA BARAT,32.18,KAB. PANGANDARAN,32.18.03,CIMERAK,LIMUSGEDE,46595
32.18.04.2001,32,JAWA BARAT,32.18,KAB. PANGANDARAN,32.18.04,CIGUGUR,CIGUGUR,46592
32.18.04.2002,32,JAWA BARAT,32.18,KAB. PANGANDARAN,32.18.04,CIGUGUR,CIMINDI,46592
32.18.04.2003,32,JAWA BARAT,32.18,KAB. PANGANDARAN,32.18.04,CIGUGUR,PAGERBUMI,46592
32.18.04.2004,32,JAWA BARAT,32.18,KAB. PANGANDARAN,32.18.04,CIGUGUR,KERTAJAYA,46592
32.18.04.2005,32,JAWA BARAT,32.18,KAB. PANGANDARAN,32.18.04,CIGUGUR,BUNISARI,46592
32.18.04.2006,32,JAWA BARAT,32.18,KAB. PANGANDARAN,32.18.04,CIGUGUR,CAMPAKA,46592
32.18.04.2007,32,JAWA BARAT,32.18,KAB. PANGANDARAN,32.18.04,CIGUGUR,HARUMANDALA,46592
32.18.05.2001,32,JAWA BARAT,32.18,KAB. PANGANDARAN,32.18.05,LANGKAPLANCAR,KARANGKAMIRI,46591
32.18.05.2002,32,JAWA BARAT,32.18,KAB. PANGANDARAN,32.18.05,LANGKAPLANCAR,CIMANGGU,46591
32.18.05.2003,32,JAWA BARAT,32.18,KAB. PANGANDARAN,32.18.05,LANGKAPLANCAR,LANGKAPLANCAR,46591
32.18.05.2004,32,JAWA BARAT,32.18,KAB. PANGANDARAN,32.18.05,LANGKAPLANCAR,PANGKALAN,46591
32.18.05.2005,32,JAWA BARAT,32.18,KAB. PANGANDARAN,32.18.05,LANGKAPLANCAR,BOJONGKONDANG,46591
32.18.05.2006,32,JAWA BARAT,32.18,KAB. PANGANDARAN,32.18.05,LANGKAPLANCAR,BANGUNJAYA,46591
32.18.05.2007,32,JAWA BARAT,32.18,KAB. PANGANDARAN,32.18.05,LANGKAPLANCAR,JAYASARI,46591
32.18.05.2008,32,JAWA BARAT,32.18,KAB. PANGANDARAN,32.18.05,LANGKAPLANCAR,JADIMULYA,46591
32.18.05.2009,32,JAWA BARAT,32.18,KAB. PANGANDARAN,32.18.05,LANGKAPLANCAR,JADIKARYA,46591
32.18.05.2010,32,JAWA BARAT,32.18,KAB. PANGANDARAN,32.18.05,LANGKAPLANCAR,BOJONG,46591
32.18.05.2011,32,JAWA BARAT,32.18,KAB. PANGANDARAN,32.18.05,LANGKAPLANCAR,BANGUNKARYA,46591
32.18.05.2012,32,JAWA BARAT,32.18,KAB. PANGANDARAN,32.18.05,LANGKAPLANCAR,SUKAMULYA,46591
32.18.05.2013,32,JAWA BARAT,32.18,KAB. PANGANDARAN,32.18.05,LANGKAPLANCAR,MEKARWANGI,46591
32.18.05.2014,32,JAWA BARAT,32.18,KAB. PANGANDARAN,32.18.05,LANGKAPLANCAR,CISARUA,46591
32.18.05.2015,32,JAWA BARAT,32.18,KAB. PANGANDARAN,32.18.05,LANGKAPLANCAR,BUNGUR RAYA,46591
32.18.06.2001,32,JAWA BARAT,32.18,KAB. PANGANDARAN,32.18.06,MANGUNJAYA,SUKAMAJU,46571
32.18.06.2002,32,JAWA BARAT,32.18,KAB. PANGANDARAN,32.18.06,MANGUNJAYA,KERTAJAYA,46571
32.18.06.2003,32,JAWA BARAT,32.18,KAB. PANGANDARAN,32.18.06,MANGUNJAYA,MANGUNJAYA,46571
32.18.06.2004,32,JAWA BARAT,32.18,KAB. PANGANDARAN,32.18.06,MANGUNJAYA,SINDANGJAYA,46571
32.18.06.2005,32,JAWA BARAT,32.18,KAB. PANGANDARAN,32.18.06,MANGUNJAYA,JANGRAGA,46571
32.18.07.2001,32,JAWA BARAT,32.18,KAB. PANGANDARAN,32.18.07,PADAHERANG,PANYUTRAN,46584
32.18.07.2002,32,JAWA BARAT,32.18,KAB. PANGANDARAN,32.18.07,PADAHERANG,CIGANJENG,46584
32.18.07.2003,32,JAWA BARAT,32.18,KAB. PANGANDARAN,32.18.07,PADAHERANG,KARANGSARI,46584
32.18.07.2004,32,JAWA BARAT,32.18,KAB. PANGANDARAN,32.18.07,PADAHERANG,SUKANAGARA,46584
32.18.07.2005,32,JAWA BARAT,32.18,KAB. PANGANDARAN,32.18.07,PADAHERANG,PALEDAH,46584
32.18.07.2006,32,JAWA BARAT,32.18,KAB. PANGANDARAN,32.18.07,PADAHERANG,KARANGPAWITAN,46584
32.18.07.2007,32,JAWA BARAT,32.18,KAB. PANGANDARAN,32.18.07,PADAHERANG,PADAHERANG,46584
32.18.07.2008,32,JAWA BARAT,32.18,KAB. PANGANDARAN,32.18.07,PADAHERANG,KEDUNGWULUH,46584
32.18.07.2009,32,JAWA BARAT,32.18,KAB. PANGANDARAN,32.18.07,PADAHERANG,CIBOGO,46584
32.18.07.2010,32,JAWA BARAT,32.18,KAB. PANGANDARAN,32.18.07,PADAHERANG,PASIRGEULIS,46584
32.18.07.2011,32,JAWA BARAT,32.18,KAB. PANGANDARAN,32.18.07,PADAHERANG,BOJONGSARI,46584
32.18.07.2012,32,JAWA BARAT,32.18,KAB. PANGANDARAN,32.18.07,PADAHERANG,SINDANGWANGI,46584
32.18.07.2013,32,JAWA BARAT,32.18,KAB. PANGANDARAN,32.18.07,PADAHERANG,MARUYUNGSARI,46584
32.18.07.2014,32,JAWA BARAT,32.18,KAB. PANGANDARAN,32.18.07,PADAHERANG,KARANGMULYA,46584
32.18.08.2001,32,JAWA BARAT,32.18,KAB. PANGANDARAN,32.18.08,KALIPUCANG,PUTRAPINGGAN,46597
32.18.08.2002,32,JAWA BARAT,32.18,KAB. PANGANDARAN,32.18.08,KALIPUCANG,EMPLAK,46597
32.18.08.2003,32,JAWA BARAT,32.18,KAB. PANGANDARAN,32.18.08,KALIPUCANG,BAGOLO,46597
32.18.08.2004,32,JAWA BARAT,32.18,KAB. PANGANDARAN,32.18.08,KALIPUCANG,PAMOTAN,46597
32.18.08.2005,32,JAWA BARAT,32.18,KAB. PANGANDARAN,32.18.08,KALIPUCANG,KALIPUCANG,46597
32.18.08.2006,32,JAWA BARAT,32.18,KAB. PANGANDARAN,32.18.08,KALIPUCANG,CIBULUH,46597
32.18.08.2007,32,JAWA BARAT,32.18,KAB. PANGANDARAN,32.18.08,KALIPUCANG,BANJARHARJA,46597
32.18.08.2008,32,JAWA BARAT,32.18,KAB. PANGANDARAN,32.18.08,KALIPUCANG,TUNGGILIS,46597
32.18.08.2009,32,JAWA BARAT,32.18,KAB. PANGANDARAN,32.18.08,KALIPUCANG,CIPARAKAN,46597
32.18.09.2001,32,JAWA BARAT,32.18,KAB. PANGANDARAN,32.18.09,PANGANDARAN,BABAKAN,46596
32.18.09.2002,32,JAWA BARAT,32.18,KAB. PANGANDARAN,32.18.09,PANGANDARAN,SUKAHURIP,46596
32.18.09.2003,32,JAWA BARAT,32.18,KAB. PANGANDARAN,32.18.09,PANGANDARAN,PURBAHAYU,46596
32.18.09.2004,32,JAWA BARAT,32.18,KAB. PANGANDARAN,32.18.09,PANGANDARAN,PANGANDARAN,46596
32.18.09.2005,32,JAWA BARAT,32.18,KAB. PANGANDARAN,32.18.09,PANGANDARAN,WONOHARJO,46596
32.18.09.2006,32,JAWA BARAT,32.18,KAB. PANGANDARAN,32.18.09,PANGANDARAN,SIDOMULYO,46596
32.18.09.2007,32,JAWA BARAT,32.18,KAB. PANGANDARAN,32.18.09,PANGANDARAN,PANANJUNG,46596
32.18.09.2008,32,JAWA BARAT,32.18,KAB. PANGANDARAN,32.18.09,PANGANDARAN,PAGERGUNUNG,46596
32.18.10.2001,32,JAWA BARAT,32.18,KAB. PANGANDARAN,32.18.10,SIDAMULIH,SIDAMULIH,46565
32.18.10.2002,32,JAWA BARAT,32.18,KAB. PANGANDARAN,32.18.10,SIDAMULIH,CIKALONG,46565
32.18.10.2003,32,JAWA BARAT,32.18,KAB. PANGANDARAN,32.18.10,SIDAMULIH,SUKARESIK,46565
32.18.10.2004,32,JAWA BARAT,32.18,KAB. PANGANDARAN,32.18.10,SIDAMULIH,CIKEMBULAN,46565
32.18.10.2005,32,JAWA BARAT,32.18,KAB. PANGANDARAN,32.18.10,SIDAMULIH,PAJATEN,46565
32.18.10.2006,32,JAWA BARAT,32.18,KAB. PANGANDARAN,32.18.10,SIDAMULIH,KERSARATU,46565
32.18.10.2007,32,JAWA BARAT,32.18,KAB. PANGANDARAN,32.18.10,SIDAMULIH,KALIJATI,46565
32.71.01.1001,32,JAWA BARAT,32.71,KOTA BOGOR,32.71.01,BOGOR SELATAN,BATU TULIS,16131
32.71.01.1002,32,JAWA BARAT,32.71,KOTA BOGOR,32.71.01,BOGOR SELATAN,BONDONGAN,16131
32.71.01.1003,32,JAWA BARAT,32.71,KOTA BOGOR,32.71.01,BOGOR SELATAN,EMPANG,16132
32.71.01.1004,32,JAWA BARAT,32.71,KOTA BOGOR,32.71.01,BOGOR SELATAN,LAWANGGINTUNG,16134
32.71.01.1005,32,JAWA BARAT,32.71,KOTA BOGOR,32.71.01,BOGOR SELATAN,PAMOYANAN,16136
32.71.01.1006,32,JAWA BARAT,32.71,KOTA BOGOR,32.71.01,BOGOR SELATAN,RANGGAMEKAR,16136
32.71.01.1007,32,JAWA BARAT,32.71,KOTA BOGOR,32.71.01,BOGOR SELATAN,MULYAHARJA,16135
32.71.01.1008,32,JAWA BARAT,32.71,KOTA BOGOR,32.71.01,BOGOR SELATAN,CIKARET,16132
32.71.01.1009,32,JAWA BARAT,32.71,KOTA BOGOR,32.71.01,BOGOR SELATAN,BOJONGKERTA,16139
32.71.01.1010,32,JAWA BARAT,32.71,KOTA BOGOR,32.71.01,BOGOR SELATAN,RANCAMAYA,16139
32.71.01.1011,32,JAWA BARAT,32.71,KOTA BOGOR,32.71.01,BOGOR SELATAN,KERTAMAYA,16138
32.71.01.1012,32,JAWA BARAT,32.71,KOTA BOGOR,32.71.01,BOGOR SELATAN,HARJASARI,16138
32.71.01.1013,32,JAWA BARAT,32.71,KOTA BOGOR,32.71.01,BOGOR SELATAN,MUARASARI,16137
32.71.01.1014,32,JAWA BARAT,32.71,KOTA BOGOR,32.71.01,BOGOR SELATAN,GENTENG,16137
32.71.01.1015,32,JAWA BARAT,32.71,KOTA BOGOR,32.71.01,BOGOR SELATAN,PAKUAN,16134
32.71.01.1016,32,JAWA BARAT,32.71,KOTA BOGOR,32.71.01,BOGOR SELATAN,CIPAKU,16133
32.71.02.1001,32,JAWA BARAT,32.71,KOTA BOGOR,32.71.02,BOGOR TIMUR,SUKASARI,16142
32.71.02.1002,32,JAWA BARAT,32.71,KOTA BOGOR,32.71.02,BOGOR TIMUR,BARANANGSIANG,16143
32.71.02.1003,32,JAWA BARAT,32.71,KOTA BOGOR,32.71.02,BOGOR TIMUR,KATULAMPA,16144
32.71.02.1004,32,JAWA BARAT,32.71,KOTA BOGOR,32.71.02,BOGOR TIMUR,SINDANGSARI,16146
32.71.02.1005,32,JAWA BARAT,32.71,KOTA BOGOR,32.71.02,BOGOR TIMUR,SINDANGRASA,16145
32.71.02.1006,32,JAWA BARAT,32.71,KOTA BOGOR,32.71.02,BOGOR TIMUR,TAJUR,16141
32.71.03.1001,32,JAWA BARAT,32.71,KOTA BOGOR,32.71.03,BOGOR TENGAH,GUDANG,16123
32.71.03.1002,32,JAWA BARAT,32.71,KOTA BOGOR,32.71.03,BOGOR TENGAH,PALEDANG,16122
32.71.03.1003,32,JAWA BARAT,32.71,KOTA BOGOR,32.71.03,BOGOR TENGAH,PABATON,16121
32.71.03.1004,32,JAWA BARAT,32.71,KOTA BOGOR,32.71.03,BOGOR TENGAH,CIBOGOR,16124
32.71.03.1005,32,JAWA BARAT,32.71,KOTA BOGOR,32.71.03,BOGOR TENGAH,BABAKAN,16128
32.71.03.1006,32,JAWA BARAT,32.71,KOTA BOGOR,32.71.03,BOGOR TENGAH,SEMPUR,16129
32.71.03.1007,32,JAWA BARAT,32.71,KOTA BOGOR,32.71.03,BOGOR TENGAH,TEGALLEGA,16127
32.71.03.1008,32,JAWA BARAT,32.71,KOTA BOGOR,32.71.03,BOGOR TENGAH,BABAKAN PASAR,16126
32.71.03.1009,32,JAWA BARAT,32.71,KOTA BOGOR,32.71.03,BOGOR TENGAH,PANARAGAN,16125
32.71.03.1010,32,JAWA BARAT,32.71,KOTA BOGOR,32.71.03,BOGOR TENGAH,CIWARINGIN,16124
32.71.03.1011,32,JAWA BARAT,32.71,KOTA BOGOR,32.71.03,BOGOR TENGAH,KEBON KALAPA,16125
32.71.04.1001,32,JAWA BARAT,32.71,KOTA BOGOR,32.71.04,BOGOR BARAT,MENTENG,16111
32.71.04.1002,32,JAWA BARAT,32.71,KOTA BOGOR,32.71.04,BOGOR BARAT,SINDANG BARANG,16117
32.71.04.1003,32,JAWA BARAT,32.71,KOTA BOGOR,32.71.04,BOGOR BARAT,BUBULAK,16115
32.71.04.1004,32,JAWA BARAT,32.71,KOTA BOGOR,32.71.04,BOGOR BARAT,MARGAJAYA,16116
32.71.04.1005,32,JAWA BARAT,32.71,KOTA BOGOR,32.71.04,BOGOR BARAT,BALUMBANG JAYA,16116
32.71.04.1006,32,JAWA BARAT,32.71,KOTA BOGOR,32.71.04,BOGOR BARAT,SITU GEDE,16115
32.71.04.1007,32,JAWA BARAT,32.71,KOTA BOGOR,32.71.04,BOGOR BARAT,SEMPLAK,16114
32.71.04.1008,32,JAWA BARAT,32.71,KOTA BOGOR,32.71.04,BOGOR BARAT,CILENDEK BARAT,16112
32.71.04.1009,32,JAWA BARAT,32.71,KOTA BOGOR,32.71.04,BOGOR BARAT,CILENDEK TIMUR,16112
32.71.04.1010,32,JAWA BARAT,32.71,KOTA BOGOR,32.71.04,BOGOR BARAT,CURUG MEKAR,16113
32.71.04.1011,32,JAWA BARAT,32.71,KOTA BOGOR,32.71.04,BOGOR BARAT,CURUG,16113
32.71.04.1012,32,JAWA BARAT,32.71,KOTA BOGOR,32.71.04,BOGOR BARAT,PASIR JAYA,16119
32.71.04.1013,32,JAWA BARAT,32.71,KOTA BOGOR,32.71.04,BOGOR BARAT,PASIR KUDA,16119
32.71.04.1014,32,JAWA BARAT,32.71,KOTA BOGOR,32.71.04,BOGOR BARAT,PASIR MULYA,16118
32.71.04.1015,32,JAWA BARAT,32.71,KOTA BOGOR,32.71.04,BOGOR BARAT,GUNUNG BATU,16118
32.71.04.1016,32,JAWA BARAT,32.71,KOTA BOGOR,32.71.04,BOGOR BARAT,LOJI,16117
32.71.05.1001,32,JAWA BARAT,32.71,KOTA BOGOR,32.71.05,BOGOR UTARA,BANTARJATI,16153
32.71.05.1002,32,JAWA BARAT,32.71,KOTA BOGOR,32.71.05,BOGOR UTARA,TEGAL GUNDIL,16152
32.71.05.1003,32,JAWA BARAT,32.71,KOTA BOGOR,32.71.05,BOGOR UTARA,KEDUNG HALANG,16158
32.71.05.1004,32,JAWA BARAT,32.71,KOTA BOGOR,32.71.05,BOGOR UTARA,CIPARIGI,16157
32.71.05.1005,32,JAWA BARAT,32.71,KOTA BOGOR,32.71.05,BOGOR UTARA,CIBULUH,16151
32.71.05.1006,32,JAWA BARAT,32.71,KOTA BOGOR,32.71.05,BOGOR UTARA,CILUAR,16156
32.71.05.1007,32,JAWA BARAT,32.71,KOTA BOGOR,32.71.05,BOGOR UTARA,TANAH BARU,16154
32.71.05.1008,32,JAWA BARAT,32.71,KOTA BOGOR,32.71.05,BOGOR UTARA,CIMAHPAR,16155
32.71.06.1001,32,JAWA BARAT,32.71,KOTA BOGOR,32.71.06,TANAH SAREAL,TANAH SAREAL,16161
32.71.06.1002,32,JAWA BARAT,32.71,KOTA BOGOR,32.71.06,TANAH SAREAL,KEBON PEDES,16162
32.71.06.1003,32,JAWA BARAT,32.71,KOTA BOGOR,32.71.06,TANAH SAREAL,KEDUNG BADAK,16164
32.71.06.1004,32,JAWA BARAT,32.71,KOTA BOGOR,32.71.06,TANAH SAREAL,SUKARESMI,16165
32.71.06.1005,32,JAWA BARAT,32.71,KOTA BOGOR,32.71.06,TANAH SAREAL,KEDUNG WARINGIN,16163
32.71.06.1006,32,JAWA BARAT,32.71,KOTA BOGOR,32.71.06,TANAH SAREAL,KEDUNG JAYA,16164
32.71.06.1007,32,JAWA BARAT,32.71,KOTA BOGOR,32.71.06,TANAH SAREAL,SUKADAMAI,16165
32.71.06.1008,32,JAWA BARAT,32.71,KOTA BOGOR,32.71.06,TANAH SAREAL,MEKAR WANGI,16168
32.71.06.1009,32,JAWA BARAT,32.71,KOTA BOGOR,32.71.06,TANAH SAREAL,KENCANA,16167
32.71.06.1010,32,JAWA BARAT,32.71,KOTA BOGOR,32.71.06,TANAH SAREAL,KAYU MANIS,16169
32.71.06.1011,32,JAWA BARAT,32.71,KOTA BOGOR,32.71.06,TANAH SAREAL,CIBADAK,16166
32.72.01.1001,32,JAWA BARAT,32.72,KOTA SUKABUMI,32.72.01,GUNUNGPUYUH,GUNUNG PUYUH,43123
32.72.01.1002,32,JAWA BARAT,32.72,KOTA SUKABUMI,32.72.01,GUNUNGPUYUH,KARAMAT,43122
32.72.01.1003,32,JAWA BARAT,32.72,KOTA SUKABUMI,32.72.01,GUNUNGPUYUH,SRIWIDARI,43121
32.72.01.1004,32,JAWA BARAT,32.72,KOTA SUKABUMI,32.72.01,GUNUNGPUYUH,KARANG TENGAH,43124
32.72.02.1001,32,JAWA BARAT,32.72,KOTA SUKABUMI,32.72.02,CIKOLE,CIKOLE,43113
32.72.02.1002,32,JAWA BARAT,32.72,KOTA SUKABUMI,32.72.02,CIKOLE,SELABATU,43114
32.72.02.1003,32,JAWA BARAT,32.72,KOTA SUKABUMI,32.72.02,CIKOLE,GUNUNGPARANG,43111
32.72.02.1004,32,JAWA BARAT,32.72,KOTA SUKABUMI,32.72.02,CIKOLE,KEBONJATI,43112
32.72.02.1005,32,JAWA BARAT,32.72,KOTA SUKABUMI,32.72.02,CIKOLE,CISARUA,43115
32.72.02.1006,32,JAWA BARAT,32.72,KOTA SUKABUMI,32.72.02,CIKOLE,SUBANGJAYA,43116
32.72.03.1001,32,JAWA BARAT,32.72,KOTA SUKABUMI,32.72.03,CITAMIANG,CITAMIANG,43143
32.72.03.1002,32,JAWA BARAT,32.72,KOTA SUKABUMI,32.72.03,CITAMIANG,TIPAR,43141
32.72.03.1003,32,JAWA BARAT,32.72,KOTA SUKABUMI,32.72.03,CITAMIANG,NANGGELENG,43145
32.72.03.1004,32,JAWA BARAT,32.72,KOTA SUKABUMI,32.72.03,CITAMIANG,GEDONGPANJANG,43144
32.72.03.1005,32,JAWA BARAT,32.72,KOTA SUKABUMI,32.72.03,CITAMIANG,CIKONDANG,43142
32.72.04.1001,32,JAWA BARAT,32.72,KOTA SUKABUMI,32.72.04,WARUDOYONG,WARUDOYONG,43133
32.72.04.1002,32,JAWA BARAT,32.72,KOTA SUKABUMI,32.72.04,WARUDOYONG,NYOMPLONG,43131
32.72.04.1003,32,JAWA BARAT,32.72,KOTA SUKABUMI,32.72.04,WARUDOYONG,DAYEUHLUHUR,43134
32.72.04.1004,32,JAWA BARAT,32.72,KOTA SUKABUMI,32.72.04,WARUDOYONG,SUKAKARYA,43135
32.72.04.1005,32,JAWA BARAT,32.72,KOTA SUKABUMI,32.72.04,WARUDOYONG,BENTENG,43132
32.72.05.1001,32,JAWA BARAT,32.72,KOTA SUKABUMI,32.72.05,BAROS,BAROS,43167
32.72.05.1002,32,JAWA BARAT,32.72,KOTA SUKABUMI,32.72.05,BAROS,JAYARAKSA,43166
32.72.05.1003,32,JAWA BARAT,32.72,KOTA SUKABUMI,32.72.05,BAROS,JAYAMEKAR,43166
32.72.05.1004,32,JAWA BARAT,32.72,KOTA SUKABUMI,32.72.05,BAROS,SUDAJAYA HILIR,43167
32.72.06.1001,32,JAWA BARAT,32.72,KOTA SUKABUMI,32.72.06,LEMBURSITU,CIPANENGAH,43168
32.72.06.1002,32,JAWA BARAT,32.72,KOTA SUKABUMI,32.72.06,LEMBURSITU,SITUMEKAR,43168
32.72.06.1003,32,JAWA BARAT,32.72,KOTA SUKABUMI,32.72.06,LEMBURSITU,LEMBURSITU,43168
32.72.06.1004,32,JAWA BARAT,32.72,KOTA SUKABUMI,32.72.06,LEMBURSITU,CIKUNDUL,43168
32.72.06.1005,32,JAWA BARAT,32.72,KOTA SUKABUMI,32.72.06,LEMBURSITU,SINDANGSARI,43168
32.72.07.1001,32,JAWA BARAT,32.72,KOTA SUKABUMI,32.72.07,CIBEUREUM,CIBEUREUM HILIR,43164
32.72.07.1002,32,JAWA BARAT,32.72,KOTA SUKABUMI,32.72.07,CIBEUREUM,BABAKAN,43163
32.72.07.1003,32,JAWA BARAT,32.72,KOTA SUKABUMI,32.72.07,CIBEUREUM,SINDANGPALAY,43162
32.72.07.1004,32,JAWA BARAT,32.72,KOTA SUKABUMI,32.72.07,CIBEUREUM,LIMUSNUNGGAL,43165
32.73.01.1001,32,JAWA BARAT,32.73,KOTA BANDUNG,32.73.01,SUKASARI,SUKARASA,40152
32.73.01.1002,32,JAWA BARAT,32.73,KOTA BANDUNG,32.73.01,SUKASARI,GEGERKALONG,40153
32.73.01.1003,32,JAWA BARAT,32.73,KOTA BANDUNG,32.73.01,SUKASARI,ISOLA,40154
32.73.01.1004,32,JAWA BARAT,32.73,KOTA BANDUNG,32.73.01,SUKASARI,SARIJADI,40151
32.73.02.1001,32,JAWA BARAT,32.73,KOTA BANDUNG,32.73.02,COBLONG,CIPAGANTI,40131
32.73.02.1002,32,JAWA BARAT,32.73,KOTA BANDUNG,32.73.02,COBLONG,LEBAKGEDE,40132
32.73.02.1003,32,JAWA BARAT,32.73,KOTA BANDUNG,32.73.02,COBLONG,SADANGSERANG,40133
32.73.02.1004,32,JAWA BARAT,32.73,KOTA BANDUNG,32.73.02,COBLONG,DAGO,40135
32.73.02.1005,32,JAWA BARAT,32.73,KOTA BANDUNG,32.73.02,COBLONG,SEKELOA,40134
32.73.02.1006,32,JAWA BARAT,32.73,KOTA BANDUNG,32.73.02,COBLONG,LEBAK SILIWANGI,40132
32.73.03.1001,32,JAWA BARAT,32.73,KOTA BANDUNG,32.73.03,BABAKAN CIPARAY,BABAKAN CIPARAY,40223
32.73.03.1002,32,JAWA BARAT,32.73,KOTA BANDUNG,32.73.03,BABAKAN CIPARAY,BABAKAN,40222
32.73.03.1003,32,JAWA BARAT,32.73,KOTA BANDUNG,32.73.03,BABAKAN CIPARAY,SUKAHAJI,40221
32.73.03.1004,32,JAWA BARAT,32.73,KOTA BANDUNG,32.73.03,BABAKAN CIPARAY,MARGAHAYU UTARA,40224
32.73.03.1005,32,JAWA BARAT,32.73,KOTA BANDUNG,32.73.03,BABAKAN CIPARAY,MARGASUKA,40225
32.73.03.1006,32,JAWA BARAT,32.73,KOTA BANDUNG,32.73.03,BABAKAN CIPARAY,CIRANGRANG,40227
32.73.04.1001,32,JAWA BARAT,32.73,KOTA BANDUNG,32.73.04,BOJONGLOA KALER,KOPO,40233
32.73.04.1002,32,JAWA BARAT,32.73,KOTA BANDUNG,32.73.04,BOJONGLOA KALER,BABAKAN TAROGONG,40232
32.73.04.1003,32,JAWA BARAT,32.73,KOTA BANDUNG,32.73.04,BOJONGLOA KALER,JAMIKA,40231
32.73.04.1004,32,JAWA BARAT,32.73,KOTA BANDUNG,32.73.04,BOJONGLOA KALER,BABAKAN ASIH,40232
32.73.04.1005,32,JAWA BARAT,32.73,KOTA BANDUNG,32.73.04,BOJONGLOA KALER,SUKA ASIH,40233
32.73.05.1001,32,JAWA BARAT,32.73,KOTA BANDUNG,32.73.05,ANDIR,MALEBER,40184
32.73.05.1002,32,JAWA BARAT,32.73,KOTA BANDUNG,32.73.05,ANDIR,DUNGUS CARIANG,40183
32.73.05.1003,32,JAWA BARAT,32.73,KOTA BANDUNG,32.73.05,ANDIR,CIROYOM,40182
32.73.05.1004,32,JAWA BARAT,32.73,KOTA BANDUNG,32.73.05,ANDIR,KEBON JERUK,40181
32.73.05.1005,32,JAWA BARAT,32.73,KOTA BANDUNG,32.73.05,ANDIR,GARUDA,40184
32.73.05.1006,32,JAWA BARAT,32.73,KOTA BANDUNG,32.73.05,ANDIR,CAMPAKA,40184
32.73.06.1001,32,JAWA BARAT,32.73,KOTA BANDUNG,32.73.06,CICENDO,HUSEN SASTRANEGARA,40174
32.73.06.1002,32,JAWA BARAT,32.73,KOTA BANDUNG,32.73.06,CICENDO,ARJUNA,40172
32.73.06.1003,32,JAWA BARAT,32.73,KOTA BANDUNG,32.73.06,CICENDO,PAJAJARAN,40173
32.73.06.1004,32,JAWA BARAT,32.73,KOTA BANDUNG,32.73.06,CICENDO,PASIR KALIKI,40171
32.73.06.1005,32,JAWA BARAT,32.73,KOTA BANDUNG,32.73.06,CICENDO,PAMOYANAN,40173
32.73.06.1006,32,JAWA BARAT,32.73,KOTA BANDUNG,32.73.06,CICENDO,SUKARAJA,40175
32.73.07.1001,32,JAWA BARAT,32.73,KOTA BANDUNG,32.73.07,SUKAJADI,PASTEUR,40161
32.73.07.1002,32,JAWA BARAT,32.73,KOTA BANDUNG,32.73.07,SUKAJADI,CIPEDES,40162
32.73.07.1003,32,JAWA BARAT,32.73,KOTA BANDUNG,32.73.07,SUKAJADI,SUKAWARNA,40164
32.73.07.1004,32,JAWA BARAT,32.73,KOTA BANDUNG,32.73.07,SUKAJADI,SUKAGALIH,40163
32.73.07.1005,32,JAWA BARAT,32.73,KOTA BANDUNG,32.73.07,SUKAJADI,SUKABUNGAH,40162
32.73.08.1001,32,JAWA BARAT,32.73,KOTA BANDUNG,32.73.08,CIDADAP,HEGARMANAH,40141
32.73.08.1002,32,JAWA BARAT,32.73,KOTA BANDUNG,32.73.08,CIDADAP,CIUMBULEUIT,40142
32.73.08.1003,32,JAWA BARAT,32.73,KOTA BANDUNG,32.73.08,CIDADAP,LEDENG,40143
32.73.09.1001,32,JAWA BARAT,32.73,KOTA BANDUNG,32.73.09,BANDUNG WETAN,CIHAPIT,40114
32.73.09.1002,32,JAWA BARAT,32.73,KOTA BANDUNG,32.73.09,BANDUNG WETAN,TAMANSARI,40116
32.73.09.1003,32,JAWA BARAT,32.73,KOTA BANDUNG,32.73.09,BANDUNG WETAN,CITARUM,40115
32.73.10.1001,32,JAWA BARAT,32.73,KOTA BANDUNG,32.73.10,ASTANA ANYAR,KARASAK,40243
32.73.10.1002,32,JAWA BARAT,32.73,KOTA BANDUNG,32.73.10,ASTANA ANYAR,NYENGSERET,40242
32.73.10.1003,32,JAWA BARAT,32.73,KOTA BANDUNG,32.73.10,ASTANA ANYAR,KARANGANYAR,40241
32.73.10.1004,32,JAWA BARAT,32.73,KOTA BANDUNG,32.73.10,ASTANA ANYAR,PANJUNAN,40242
32.73.10.1005,32,JAWA BARAT,32.73,KOTA BANDUNG,32.73.10,ASTANA ANYAR,CIBADAK,40241
32.73.10.1006,32,JAWA BARAT,32.73,KOTA BANDUNG,32.73.10,ASTANA ANYAR,PELINDUNG HEWAN,40243
32.73.11.1001,32,JAWA BARAT,32.73,KOTA BANDUNG,32.73.11,REGOL,CIGERELENG,40253
32.73.11.1002,32,JAWA BARAT,32.73,KOTA BANDUNG,32.73.11,REGOL,ANCOL,40254
32.73.11.1003,32,JAWA BARAT,32.73,KOTA BANDUNG,32.73.11,REGOL,PUNGKUR,40252
32.73.11.1004,32,JAWA BARAT,32.73,KOTA BANDUNG,32.73.11,REGOL,BALONGGEDE,40251
32.73.11.1005,32,JAWA BARAT,32.73,KOTA BANDUNG,32.73.11,REGOL,CISEUREUH,40255
32.73.11.1006,32,JAWA BARAT,32.73,KOTA BANDUNG,32.73.11,REGOL,CIATEUL,40252
32.73.11.1007,32,JAWA BARAT,32.73,KOTA BANDUNG,32.73.11,REGOL,PASIRLUYU,40254
32.73.12.1001,32,JAWA BARAT,32.73,KOTA BANDUNG,32.73.12,BATUNUNGGAL,GUMURUH,40275
32.73.12.1002,32,JAWA BARAT,32.73,KOTA BANDUNG,32.73.12,BATUNUNGGAL,MALEER,40274
32.73.12.1003,32,JAWA BARAT,32.73,KOTA BANDUNG,32.73.12,BATUNUNGGAL,CIBANGKONG,40273
32.73.12.1004,32,JAWA BARAT,32.73,KOTA BANDUNG,32.73.12,BATUNUNGGAL,KACAPIRING,40271
32.73.12.1005,32,JAWA BARAT,32.73,KOTA BANDUNG,32.73.12,BATUNUNGGAL,KEBONWARU,40272
32.73.12.1006,32,JAWA BARAT,32.73,KOTA BANDUNG,32.73.12,BATUNUNGGAL,KEBONGEDANG,40274
32.73.12.1007,32,JAWA BARAT,32.73,KOTA BANDUNG,32.73.12,BATUNUNGGAL,SAMOJA,40273
32.73.12.1008,32,JAWA BARAT,32.73,KOTA BANDUNG,32.73.12,BATUNUNGGAL,BINONG,40275
32.73.13.1001,32,JAWA BARAT,32.73,KOTA BANDUNG,32.73.13,LENGKONG,CIJAGRA,40265
32.73.13.1002,32,JAWA BARAT,32.73,KOTA BANDUNG,32.73.13,LENGKONG,LINGKAR SELATAN,40263
32.73.13.1003,32,JAWA BARAT,32.73,KOTA BANDUNG,32.73.13,LENGKONG,BURANGRANG,40262
32.73.13.1004,32,JAWA BARAT,32.73,KOTA BANDUNG,32.73.13,LENGKONG,PALEDANG,40261
32.73.13.1005,32,JAWA BARAT,32.73,KOTA BANDUNG,32.73.13,LENGKONG,TURANGGA,40264
32.73.13.1006,32,JAWA BARAT,32.73,KOTA BANDUNG,32.73.13,LENGKONG,MALABAR,40262
32.73.13.1007,32,JAWA BARAT,32.73,KOTA BANDUNG,32.73.13,LENGKONG,CIKAWAO,40261
32.73.14.1001,32,JAWA BARAT,32.73,KOTA BANDUNG,32.73.14,CIBEUNYING KIDUL,PADASUKA,40125
32.73.14.1002,32,JAWA BARAT,32.73,KOTA BANDUNG,32.73.14,CIBEUNYING KIDUL,CIKUTRA,40124
32.73.14.1003,32,JAWA BARAT,32.73,KOTA BANDUNG,32.73.14,CIBEUNYING KIDUL,CICADAS,40126
32.73.14.1004,32,JAWA BARAT,32.73,KOTA BANDUNG,32.73.14,CIBEUNYING KIDUL,SUKAMAJU,40127
32.73.14.1005,32,JAWA BARAT,32.73,KOTA BANDUNG,32.73.14,CIBEUNYING KIDUL,SUKAPADA,40125
32.73.14.1006,32,JAWA BARAT,32.73,KOTA BANDUNG,32.73.14,CIBEUNYING KIDUL,PASIRLAYUNG,40128
32.73.15.1001,32,JAWA BARAT,32.73,KOTA BANDUNG,32.73.15,BANDUNG KULON,CIJERAH,40213
32.73.15.1002,32,JAWA BARAT,32.73,KOTA BANDUNG,32.73.15,BANDUNG KULON,CIBUNTU,40212
32.73.15.1003,32,JAWA BARAT,32.73,KOTA BANDUNG,32.73.15,BANDUNG KULON,WARUNG MUNCANG,40211
32.73.15.1004,32,JAWA BARAT,32.73,KOTA BANDUNG,32.73.15,BANDUNG KULON,CARINGIN,40212
32.73.15.1005,32,JAWA BARAT,32.73,KOTA BANDUNG,32.73.15,BANDUNG KULON,CIGONDEWAH KALER,40214
32.73.15.1006,32,JAWA BARAT,32.73,KOTA BANDUNG,32.73.15,BANDUNG KULON,GEMPOLSARI,40215
32.73.15.1007,32,JAWA BARAT,32.73,KOTA BANDUNG,32.73.15,BANDUNG KULON,CIGONDEWAH RAHAYU,40215
32.73.15.1008,32,JAWA BARAT,32.73,KOTA BANDUNG,32.73.15,BANDUNG KULON,CIGONDEWAH KIDUL,40214
32.73.16.1001,32,JAWA BARAT,32.73,KOTA BANDUNG,32.73.16,KIARACONDONG,SUKAPURA,40285
32.73.16.1002,32,JAWA BARAT,32.73,KOTA BANDUNG,32.73.16,KIARACONDONG,KEBUN JAYANTI,40284
32.73.16.1003,32,JAWA BARAT,32.73,KOTA BANDUNG,32.73.16,KIARACONDONG,BABAKAN SURABAYA,40281
32.73.16.1004,32,JAWA BARAT,32.73,KOTA BANDUNG,32.73.16,KIARACONDONG,CICAHEUM,40282
32.73.16.1005,32,JAWA BARAT,32.73,KOTA BANDUNG,32.73.16,KIARACONDONG,BABAKANSARI,40283
32.73.16.1006,32,JAWA BARAT,32.73,KOTA BANDUNG,32.73.16,KIARACONDONG,KEBON KANGKUNG,40284
32.73.17.1001,32,JAWA BARAT,32.73,KOTA BANDUNG,32.73.17,BOJONGLOA KIDUL,SITUSAEUR,40234
32.73.17.1002,32,JAWA BARAT,32.73,KOTA BANDUNG,32.73.17,BOJONGLOA KIDUL,KEBON LEGA,40235
32.73.17.1003,32,JAWA BARAT,32.73,KOTA BANDUNG,32.73.17,BOJONGLOA KIDUL,CIBADUYUT,40236
32.73.17.1004,32,JAWA BARAT,32.73,KOTA BANDUNG,32.73.17,BOJONGLOA KIDUL,MEKARWANGI,40237
32.73.17.1005,32,JAWA BARAT,32.73,KOTA BANDUNG,32.73.17,BOJONGLOA KIDUL,CIBADUYUT KIDUL,40239
32.73.17.1006,32,JAWA BARAT,32.73,KOTA BANDUNG,32.73.17,BOJONGLOA KIDUL,CIBADUYUT WETAN,40238
32.73.18.1001,32,JAWA BARAT,32.73,KOTA BANDUNG,32.73.18,CIBEUNYING KALER,CIHAUR GEULIS,40122
32.73.18.1002,32,JAWA BARAT,32.73,KOTA BANDUNG,32.73.18,CIBEUNYING KALER,SUKALUYU,40123
32.73.18.1003,32,JAWA BARAT,32.73,KOTA BANDUNG,32.73.18,CIBEUNYING KALER,NEGLASARI,40123
32.73.18.1004,32,JAWA BARAT,32.73,KOTA BANDUNG,32.73.18,CIBEUNYING KALER,CIGADUNG,40123
32.73.19.1001,32,JAWA BARAT,32.73,KOTA BANDUNG,32.73.19,SUMUR BANDUNG,BRAGA,40111
32.73.19.1002,32,JAWA BARAT,32.73,KOTA BANDUNG,32.73.19,SUMUR BANDUNG,MERDEKA,40113
32.73.19.1003,32,JAWA BARAT,32.73,KOTA BANDUNG,32.73.19,SUMUR BANDUNG,KEBON PISANG,40112
32.73.19.1004,32,JAWA BARAT,32.73,KOTA BANDUNG,32.73.19,SUMUR BANDUNG,BABAKAN CIAMIS,40113
32.73.20.1001,32,JAWA BARAT,32.73,KOTA BANDUNG,32.73.20,ANTAPANI,ANTAPANI KULON,40291
32.73.20.1004,32,JAWA BARAT,32.73,KOTA BANDUNG,32.73.20,ANTAPANI,ANTAPANI TENGAH,40291
32.73.20.1005,32,JAWA BARAT,32.73,KOTA BANDUNG,32.73.20,ANTAPANI,ANTAPANI KIDUL,40291
32.73.20.1006,32,JAWA BARAT,32.73,KOTA BANDUNG,32.73.20,ANTAPANI,ANTAPANI WETAN,40291
32.73.21.1001,32,JAWA BARAT,32.73,KOTA BANDUNG,32.73.21,BANDUNG KIDUL,BATUNUNGGAL,40266
32.73.21.1002,32,JAWA BARAT,32.73,KOTA BANDUNG,32.73.21,BANDUNG KIDUL,WATES,40269
32.73.21.1003,32,JAWA BARAT,32.73,KOTA BANDUNG,32.73.21,BANDUNG KIDUL,MENGGER,40267
32.73.21.1004,32,JAWA BARAT,32.73,KOTA BANDUNG,32.73.21,BANDUNG KIDUL,KUJANGSARI,40268
32.73.22.1001,32,JAWA BARAT,32.73,KOTA BANDUNG,32.73.22,BUAHBATU,SEKEJATI,40286
32.73.22.1002,32,JAWA BARAT,32.73,KOTA BANDUNG,32.73.22,BUAHBATU,MARGASARI,40286
32.73.22.1003,32,JAWA BARAT,32.73,KOTA BANDUNG,32.73.22,BUAHBATU,CIJAURA,40286
32.73.22.1004,32,JAWA BARAT,32.73,KOTA BANDUNG,32.73.22,BUAHBATU,JATISARI,40286
32.73.23.1001,32,JAWA BARAT,32.73,KOTA BANDUNG,32.73.23,RANCASARI,CIPAMOKOLAN,40292
32.73.23.1002,32,JAWA BARAT,32.73,KOTA BANDUNG,32.73.23,RANCASARI,DERWATI,40292
32.73.23.1003,32,JAWA BARAT,32.73,KOTA BANDUNG,32.73.23,RANCASARI,MUNJAHLEGA,40292
32.73.23.1004,32,JAWA BARAT,32.73,KOTA BANDUNG,32.73.23,RANCASARI,MEKARMULYA,40292
32.73.24.1001,32,JAWA BARAT,32.73,KOTA BANDUNG,32.73.24,ARCAMANIK,SUKAMISKIN,40293
32.73.24.1002,32,JAWA BARAT,32.73,KOTA BANDUNG,32.73.24,ARCAMANIK,CISARANTEN BINA HARAPAN,40293
32.73.24.1003,32,JAWA BARAT,32.73,KOTA BANDUNG,32.73.24,ARCAMANIK,CISARANTEN KULON,40293
32.73.24.1004,32,JAWA BARAT,32.73,KOTA BANDUNG,32.73.24,ARCAMANIK,SINDANGLAYA/CISANTRE N ENDAH,40293
32.73.25.1001,32,JAWA BARAT,32.73,KOTA BANDUNG,32.73.25,CIBIRU,PALASARI,40299
32.73.25.1002,32,JAWA BARAT,32.73,KOTA BANDUNG,32.73.25,CIBIRU,CIPADUNG,40299
32.73.25.1003,32,JAWA BARAT,32.73,KOTA BANDUNG,32.73.25,CIBIRU,PASIR BIRU,40299
32.73.25.1004,32,JAWA BARAT,32.73,KOTA BANDUNG,32.73.25,CIBIRU,CISURUPAN,40299
32.73.26.1003,32,JAWA BARAT,32.73,KOTA BANDUNG,32.73.26,UJUNGBERUNG,PASIR ENDAH,40199
32.73.26.1004,32,JAWA BARAT,32.73,KOTA BANDUNG,32.73.26,UJUNGBERUNG,CIGENDING,40199
32.73.26.1005,32,JAWA BARAT,32.73,KOTA BANDUNG,32.73.26,UJUNGBERUNG,PASIRWANGI,40199
32.73.26.1006,32,JAWA BARAT,32.73,KOTA BANDUNG,32.73.26,UJUNGBERUNG,PASIRJATI,40199
32.73.26.1007,32,JAWA BARAT,32.73,KOTA BANDUNG,32.73.26,UJUNGBERUNG,PASANGGRAHAN,40199
32.73.27.1001,32,JAWA BARAT,32.73,KOTA BANDUNG,32.73.27,GEDEBAGE,CIMENERANG,40295
32.73.27.1002,32,JAWA BARAT,32.73,KOTA BANDUNG,32.73.27,GEDEBAGE,CISANTREN KIDUL,40295
32.73.27.1003,32,JAWA BARAT,32.73,KOTA BANDUNG,32.73.27,GEDEBAGE,RANCABOLANG,40295
32.73.27.1004,32,JAWA BARAT,32.73,KOTA BANDUNG,32.73.27,GEDEBAGE,RANCANUMPANG,40295
32.73.28.1001,32,JAWA BARAT,32.73,KOTA BANDUNG,32.73.28,PANYILEUKAN,CIPADUNG KULON,40298
32.73.28.1002,32,JAWA BARAT,32.73,KOTA BANDUNG,32.73.28,PANYILEUKAN,CIPADUNG KIDUL,40298
32.73.28.1003,32,JAWA BARAT,32.73,KOTA BANDUNG,32.73.28,PANYILEUKAN,CIPADUNG WETAN,40298
32.73.28.1004,32,JAWA BARAT,32.73,KOTA BANDUNG,32.73.28,PANYILEUKAN,MEKAR MULYA,40298
32.73.29.1001,32,JAWA BARAT,32.73,KOTA BANDUNG,32.73.29,CINAMBO,CISARANTEN WETAN,40294
32.73.29.1002,32,JAWA BARAT,32.73,KOTA BANDUNG,32.73.29,CINAMBO,PAKEMITAN,40294
32.73.29.1003,32,JAWA BARAT,32.73,KOTA BANDUNG,32.73.29,CINAMBO,SUKAMULYA,40294
32.73.29.1004,32,JAWA BARAT,32.73,KOTA BANDUNG,32.73.29,CINAMBO,BABAKAN PENGHULU,40294
32.73.30.1001,32,JAWA BARAT,32.73,KOTA BANDUNG,32.73.30,MANDALAJATI,JATIHANDAP,40193
32.73.30.1002,32,JAWA BARAT,32.73,KOTA BANDUNG,32.73.30,MANDALAJATI,KARANG PAMULANG,40194
32.73.30.1003,32,JAWA BARAT,32.73,KOTA BANDUNG,32.73.30,MANDALAJATI,PASIR IMPUN,40193
32.73.30.1004,32,JAWA BARAT,32.73,KOTA BANDUNG,32.73.30,MANDALAJATI,SINDANG JAYA,40193
32.74.01.1001,32,JAWA BARAT,32.74,KOTA CIREBON,32.74.01,KEJAKSAN,KEJAKSAN,45123
32.74.01.1002,32,JAWA BARAT,32.74,KOTA CIREBON,32.74.01,KEJAKSAN,SUKAPURA,45122
32.74.01.1003,32,JAWA BARAT,32.74,KOTA CIREBON,32.74.01,KEJAKSAN,KESENDEN,45121
32.74.01.1004,32,JAWA BARAT,32.74,KOTA CIREBON,32.74.01,KEJAKSAN,KEBONBARU,45124
32.74.02.1001,32,JAWA BARAT,32.74,KOTA CIREBON,32.74.02,LEMAH WUNGKUK,PEGAMBIRAN,45113
32.74.02.1002,32,JAWA BARAT,32.74,KOTA CIREBON,32.74.02,LEMAH WUNGKUK,LEMAHWUNGKUK,45111
32.74.02.1003,32,JAWA BARAT,32.74,KOTA CIREBON,32.74.02,LEMAH WUNGKUK,KESEPUHAN,45114
32.74.02.1004,32,JAWA BARAT,32.74,KOTA CIREBON,32.74.02,LEMAH WUNGKUK,PANJUNAN,45112
32.74.03.1001,32,JAWA BARAT,32.74,KOTA CIREBON,32.74.03,HARJAMUKTI,KALIJAGA,45144
32.74.03.1002,32,JAWA BARAT,32.74,KOTA CIREBON,32.74.03,HARJAMUKTI,HARJAMUKTI,45143
32.74.03.1003,32,JAWA BARAT,32.74,KOTA CIREBON,32.74.03,HARJAMUKTI,KECAPI,45142
32.74.03.1004,32,JAWA BARAT,32.74,KOTA CIREBON,32.74.03,HARJAMUKTI,LARANGAN,45141
32.74.03.1005,32,JAWA BARAT,32.74,KOTA CIREBON,32.74.03,HARJAMUKTI,ARGASUNYA,45145
32.74.04.1001,32,JAWA BARAT,32.74,KOTA CIREBON,32.74.04,PEKALIPAN,JAGASATRU,45115
32.74.04.1002,32,JAWA BARAT,32.74,KOTA CIREBON,32.74.04,PEKALIPAN,PEKALIPAN,45117
32.74.04.1003,32,JAWA BARAT,32.74,KOTA CIREBON,32.74.04,PEKALIPAN,PULASAREN,45116
32.74.04.1004,32,JAWA BARAT,32.74,KOTA CIREBON,32.74.04,PEKALIPAN,PEKALANGAN,45118
32.74.05.1001,32,JAWA BARAT,32.74,KOTA CIREBON,32.74.05,KESAMBI,PEKIRINGAN,45131
32.74.05.1002,32,JAWA BARAT,32.74,KOTA CIREBON,32.74.05,KESAMBI,SUNYARAGI,45132
32.74.05.1003,32,JAWA BARAT,32.74,KOTA CIREBON,32.74.05,KESAMBI,KESAMBI,45134
32.74.05.1004,32,JAWA BARAT,32.74,KOTA CIREBON,32.74.05,KESAMBI,DRAJAT,45133
32.74.05.1005,32,JAWA BARAT,32.74,KOTA CIREBON,32.74.05,KESAMBI,KARYAMULYA,45135
32.75.01.1001,32,JAWA BARAT,32.75,KOTA BEKASI,32.75.01,BEKASI TIMUR,BEKASIJAYA,17112
32.75.01.1002,32,JAWA BARAT,32.75,KOTA BEKASI,32.75.01,BEKASI TIMUR,MARGAHAYU,17113
32.75.01.1003,32,JAWA BARAT,32.75,KOTA BEKASI,32.75.01,BEKASI TIMUR,DURENJAYA,17111
32.75.01.1004,32,JAWA BARAT,32.75,KOTA BEKASI,32.75.01,BEKASI TIMUR,ARENJAYA,17111
32.75.02.1001,32,JAWA BARAT,32.75,KOTA BEKASI,32.75.02,BEKASI BARAT,BINTARA,17134
32.75.02.1002,32,JAWA BARAT,32.75,KOTA BEKASI,32.75.02,BEKASI BARAT,KRANJI,17135
32.75.02.1003,32,JAWA BARAT,32.75,KOTA BEKASI,32.75.02,BEKASI BARAT,KOTABARU,17133
32.75.02.1004,32,JAWA BARAT,32.75,KOTA BEKASI,32.75.02,BEKASI BARAT,BINTARAJAYA,17136
32.75.02.1005,32,JAWA BARAT,32.75,KOTA BEKASI,32.75.02,BEKASI BARAT,JAKASAMPURNA,17145
32.75.03.1001,32,JAWA BARAT,32.75,KOTA BEKASI,32.75.03,BEKASI UTARA,KALIABANG TENGAH,17125
32.75.03.1002,32,JAWA BARAT,32.75,KOTA BEKASI,32.75.03,BEKASI UTARA,PERWIRA,17122
32.75.03.1003,32,JAWA BARAT,32.75,KOTA BEKASI,32.75.03,BEKASI UTARA,HARAPANBARU,17123
32.75.03.1004,32,JAWA BARAT,32.75,KOTA BEKASI,32.75.03,BEKASI UTARA,TELUK PUCUNG,17121
32.75.03.1005,32,JAWA BARAT,32.75,KOTA BEKASI,32.75.03,BEKASI UTARA,MARGAMULYA,17142
32.75.03.1006,32,JAWA BARAT,32.75,KOTA BEKASI,32.75.03,BEKASI UTARA,HARAPANJAYA,17124
32.75.04.1001,32,JAWA BARAT,32.75,KOTA BEKASI,32.75.04,BEKASI SELATAN,PEKAYONJAYA,17148
32.75.04.1002,32,JAWA BARAT,32.75,KOTA BEKASI,32.75.04,BEKASI SELATAN,MARGAJAYA,17141
32.75.04.1003,32,JAWA BARAT,32.75,KOTA BEKASI,32.75.04,BEKASI SELATAN,JAKAMULYA,17146
32.75.04.1004,32,JAWA BARAT,32.75,KOTA BEKASI,32.75.04,BEKASI SELATAN,JAKASETIA,17147
32.75.04.1005,32,JAWA BARAT,32.75,KOTA BEKASI,32.75.04,BEKASI SELATAN,KAYURINGINJAYA,17144
32.75.05.1001,32,JAWA BARAT,32.75,KOTA BEKASI,32.75.05,RAWALUMBU,BOJONG RAWALUMBU,17116
32.75.05.1002,32,JAWA BARAT,32.75,KOTA BEKASI,32.75.05,RAWALUMBU,PENGASINAN,17115
32.75.05.1003,32,JAWA BARAT,32.75,KOTA BEKASI,32.75.05,RAWALUMBU,SEPANJANGJAYA,17114
32.75.05.1004,32,JAWA BARAT,32.75,KOTA BEKASI,32.75.05,RAWALUMBU,BOJONGMENTENG,17117
32.75.06.1001,32,JAWA BARAT,32.75,KOTA BEKASI,32.75.06,MEDANSATRIA,MEDANSATRIA,17132
32.75.06.1002,32,JAWA BARAT,32.75,KOTA BEKASI,32.75.06,MEDANSATRIA,HARAPANMULYA,17143
32.75.06.1003,32,JAWA BARAT,32.75,KOTA BEKASI,32.75.06,MEDANSATRIA,PEJUANG,17131
32.75.06.1004,32,JAWA BARAT,32.75,KOTA BEKASI,32.75.06,MEDANSATRIA,KALIBARU,17133
32.75.07.1003,32,JAWA BARAT,32.75,KOTA BEKASI,32.75.07,BANTARGEBANG,BANTARGEBANG,17151
32.75.07.1004,32,JAWA BARAT,32.75,KOTA BEKASI,32.75.07,BANTARGEBANG,CIKIWUL,17152
32.75.07.1007,32,JAWA BARAT,32.75,KOTA BEKASI,32.75.07,BANTARGEBANG,CIKETINGUDIK,17153
32.75.07.1008,32,JAWA BARAT,32.75,KOTA BEKASI,32.75.07,BANTARGEBANG,SUMURBATU,17154
32.75.08.1001,32,JAWA BARAT,32.75,KOTA BEKASI,32.75.08,PONDOKGEDE,JATIWARINGIN,17411
32.75.08.1002,32,JAWA BARAT,32.75,KOTA BEKASI,32.75.08,PONDOKGEDE,JATIBENING,17412
32.75.08.1003,32,JAWA BARAT,32.75,KOTA BEKASI,32.75.08,PONDOKGEDE,JATIMAKMUR,17413
32.75.08.1006,32,JAWA BARAT,32.75,KOTA BEKASI,32.75.08,PONDOKGEDE,JATIBENING BARU,17412
32.75.08.1007,32,JAWA BARAT,32.75,KOTA BEKASI,32.75.08,PONDOKGEDE,JATICEMPAKA,17416
32.75.09.1001,32,JAWA BARAT,32.75,KOTA BEKASI,32.75.09,JATIASIH,JATIMEKAR,17422
32.75.09.1002,32,JAWA BARAT,32.75,KOTA BEKASI,32.75.09,JATIASIH,JATIASIH,17423
32.75.09.1003,32,JAWA BARAT,32.75,KOTA BEKASI,32.75.09,JATIASIH,JATIKRAMAT,17421
32.75.09.1004,32,JAWA BARAT,32.75,KOTA BEKASI,32.75.09,JATIASIH,JATIRASA,17424
32.75.09.1005,32,JAWA BARAT,32.75,KOTA BEKASI,32.75.09,JATIASIH,JATILUHUR,17425
32.75.09.1006,32,JAWA BARAT,32.75,KOTA BEKASI,32.75.09,JATIASIH,JATISARI,17426
32.75.10.1001,32,JAWA BARAT,32.75,KOTA BEKASI,32.75.10,JATISAMPURNA,JATISAMPURNA,17433
32.75.10.1002,32,JAWA BARAT,32.75,KOTA BEKASI,32.75.10,JATISAMPURNA,JATIKARYA,17435
32.75.10.1003,32,JAWA BARAT,32.75,KOTA BEKASI,32.75.10,JATISAMPURNA,JATIRANGGON,17432
32.75.10.1004,32,JAWA BARAT,32.75,KOTA BEKASI,32.75.10,JATISAMPURNA,JATIRANGGA,17434
32.75.10.1005,32,JAWA BARAT,32.75,KOTA BEKASI,32.75.10,JATISAMPURNA,JATIRADEN,17436
32.75.11.1001,32,JAWA BARAT,32.75,KOTA BEKASI,32.75.11,MUSTIKAJAYA,PADURENAN,17166
32.75.11.1002,32,JAWA BARAT,32.75,KOTA BEKASI,32.75.11,MUSTIKAJAYA,CIMUNING,17165
32.75.11.1003,32,JAWA BARAT,32.75,KOTA BEKASI,32.75.11,MUSTIKAJAYA,MUSTIKAJAYA,17168
32.75.11.1004,32,JAWA BARAT,32.75,KOTA BEKASI,32.75.11,MUSTIKAJAYA,MUSTIKASARI,17167
32.75.12.1001,32,JAWA BARAT,32.75,KOTA BEKASI,32.75.12,PONDOKMELATI,JATIRAHAYU,17414
32.75.12.1002,32,JAWA BARAT,32.75,KOTA BEKASI,32.75.12,PONDOKMELATI,JATIWARNA,17415
32.75.12.1003,32,JAWA BARAT,32.75,KOTA BEKASI,32.75.12,PONDOKMELATI,JATIMELATI,17446
32.75.12.1004,32,JAWA BARAT,32.75,KOTA BEKASI,32.75.12,PONDOKMELATI,JATIMURNI,17431
32.76.01.1006,32,JAWA BARAT,32.76,KOTA DEPOK,32.76.01,PANCORAN MAS,DEPOK,16431
32.76.01.1007,32,JAWA BARAT,32.76,KOTA DEPOK,32.76.01,PANCORAN MAS,DEPOK JAYA,16432
32.76.01.1008,32,JAWA BARAT,32.76,KOTA DEPOK,32.76.01,PANCORAN MAS,PANCORAN MAS,16436
32.76.01.1009,32,JAWA BARAT,32.76,KOTA DEPOK,32.76.01,PANCORAN MAS,MAMPANG,16433
32.76.01.1010,32,JAWA BARAT,32.76,KOTA DEPOK,32.76.01,PANCORAN MAS,RANGKAPAN JAYA BARU,16434
32.76.01.1011,32,JAWA BARAT,32.76,KOTA DEPOK,32.76.01,PANCORAN MAS,RANGKAPAN JAYA,16435
32.76.02.1007,32,JAWA BARAT,32.76,KOTA DEPOK,32.76.02,CIMANGGIS,HARJAMUKTI,16454
32.76.02.1008,32,JAWA BARAT,32.76,KOTA DEPOK,32.76.02,CIMANGGIS,CURUG,16453
32.76.02.1009,32,JAWA BARAT,32.76,KOTA DEPOK,32.76.02,CIMANGGIS,TUGU,16451
32.76.02.1010,32,JAWA BARAT,32.76,KOTA DEPOK,32.76.02,CIMANGGIS,MEKARSARI,16452
32.76.02.1011,32,JAWA BARAT,32.76,KOTA DEPOK,32.76.02,CIMANGGIS,PASIR GUNUNG SELATAN,16451
32.76.02.1012,32,JAWA BARAT,32.76,KOTA DEPOK,32.76.02,CIMANGGIS,CISALAK PASAR,16452
32.76.03.1001,32,JAWA BARAT,32.76,KOTA DEPOK,32.76.03,SAWANGAN,PASIR PUTIH,16519
32.76.03.1002,32,JAWA BARAT,32.76,KOTA DEPOK,32.76.03,SAWANGAN,BEDAHAN,16519
32.76.03.1003,32,JAWA BARAT,32.76,KOTA DEPOK,32.76.03,SAWANGAN,PENGASINAN,16518
32.76.03.1009,32,JAWA BARAT,32.76,KOTA DEPOK,32.76.03,SAWANGAN,CINANGKA,16516
32.76.03.1010,32,JAWA BARAT,32.76,KOTA DEPOK,32.76.03,SAWANGAN,SAWANGAN,16511
32.76.03.1011,32,JAWA BARAT,32.76,KOTA DEPOK,32.76.03,SAWANGAN,SAWANGAN BARU,16511
32.76.03.1012,32,JAWA BARAT,32.76,KOTA DEPOK,32.76.03,SAWANGAN,KEDAUNG,16516
32.76.04.1001,32,JAWA BARAT,32.76,KOTA DEPOK,32.76.04,LIMO,MARUYUNG,16532
32.76.04.1002,32,JAWA BARAT,32.76,KOTA DEPOK,32.76.04,LIMO,GROGOL,16533
32.76.04.1003,32,JAWA BARAT,32.76,KOTA DEPOK,32.76.04,LIMO,KRUKUT,16534
32.76.04.1004,32,JAWA BARAT,32.76,KOTA DEPOK,32.76.04,LIMO,LIMO,16531
32.76.05.1001,32,JAWA BARAT,32.76,KOTA DEPOK,32.76.05,SUKMAJAYA,SUKMAJAYA,16412
32.76.05.1003,32,JAWA BARAT,32.76,KOTA DEPOK,32.76.05,SUKMAJAYA,ABADI JAYA,16417
32.76.05.1004,32,JAWA BARAT,32.76,KOTA DEPOK,32.76.05,SUKMAJAYA,MEKAR JAYA,16411
32.76.05.1005,32,JAWA BARAT,32.76,KOTA DEPOK,32.76.05,SUKMAJAYA,BAKTIJAYA,16418
32.76.05.1008,32,JAWA BARAT,32.76,KOTA DEPOK,32.76.05,SUKMAJAYA,CISALAK,16416
32.76.05.1010,32,JAWA BARAT,32.76,KOTA DEPOK,32.76.05,SUKMAJAYA,TIRTAJAYA,16412
32.76.06.1001,32,JAWA BARAT,32.76,KOTA DEPOK,32.76.06,BEJI,BEJI,16421
32.76.06.1002,32,JAWA BARAT,32.76,KOTA DEPOK,32.76.06,BEJI,KUKUSAN,16425
32.76.06.1003,32,JAWA BARAT,32.76,KOTA DEPOK,32.76.06,BEJI,TANAH BARU,16426
32.76.06.1004,32,JAWA BARAT,32.76,KOTA DEPOK,32.76.06,BEJI,KEMIRI MUKA,16423
32.76.06.1005,32,JAWA BARAT,32.76,KOTA DEPOK,32.76.06,BEJI,PONDOK CINA,16424
32.76.06.1006,32,JAWA BARAT,32.76,KOTA DEPOK,32.76.06,BEJI,BEJI TIMUR,16422
32.76.07.1001,32,JAWA BARAT,32.76,KOTA DEPOK,32.76.07,CIPAYUNG,CIPAYUNG,16442
32.76.07.1002,32,JAWA BARAT,32.76,KOTA DEPOK,32.76.07,CIPAYUNG,CIPAYUNG JAYA,16441
32.76.07.1003,32,JAWA BARAT,32.76,KOTA DEPOK,32.76.07,CIPAYUNG,RATU JAYA,16445
32.76.07.1004,32,JAWA BARAT,32.76,KOTA DEPOK,32.76.07,CIPAYUNG,BOJONG PONDOK TERONG,16444
32.76.07.1005,32,JAWA BARAT,32.76,KOTA DEPOK,32.76.07,CIPAYUNG,PONDOK JAYA,16443
32.76.08.1001,32,JAWA BARAT,32.76,KOTA DEPOK,32.76.08,CILODONG,SUKAMAJU,16475
32.76.08.1002,32,JAWA BARAT,32.76,KOTA DEPOK,32.76.08,CILODONG,CILODONG,16474
32.76.08.1003,32,JAWA BARAT,32.76,KOTA DEPOK,32.76.08,CILODONG,KALIBARU,16473
32.76.08.1004,32,JAWA BARAT,32.76,KOTA DEPOK,32.76.08,CILODONG,KALIMULYA,16471
32.76.08.1005,32,JAWA BARAT,32.76,KOTA DEPOK,32.76.08,CILODONG,JATIMULYA,16472
32.76.09.1001,32,JAWA BARAT,32.76,KOTA DEPOK,32.76.09,CINERE,CINERE,16541
32.76.09.1002,32,JAWA BARAT,32.76,KOTA DEPOK,32.76.09,CINERE,GANDUL,16544
32.76.09.1003,32,JAWA BARAT,32.76,KOTA DEPOK,32.76.09,CINERE,PANGKALAN JATI,16543
32.76.09.1004,32,JAWA BARAT,32.76,KOTA DEPOK,32.76.09,CINERE,PANGKALAN JATI BARU,16542
32.76.10.1001,32,JAWA BARAT,32.76,KOTA DEPOK,32.76.10,TAPOS,TAPOS,16464
32.76.10.1002,32,JAWA BARAT,32.76,KOTA DEPOK,32.76.10,TAPOS,LEUWINANGGUNG,16463
32.76.10.1003,32,JAWA BARAT,32.76,KOTA DEPOK,32.76.10,TAPOS,SUKATANI,16461
32.76.10.1004,32,JAWA BARAT,32.76,KOTA DEPOK,32.76.10,TAPOS,SUKAMAJU BARU,16462
32.76.10.1005,32,JAWA BARAT,32.76,KOTA DEPOK,32.76.10,TAPOS,JATIJAJAR,16466
32.76.10.1006,32,JAWA BARAT,32.76,KOTA DEPOK,32.76.10,TAPOS,CILANGKAP,16465
32.76.10.1007,32,JAWA BARAT,32.76,KOTA DEPOK,32.76.10,TAPOS,CIMPAEUN,16467
32.76.11.1001,32,JAWA BARAT,32.76,KOTA DEPOK,32.76.11,BOJONGSARI,BOJONGSARI,16521
32.76.11.1002,32,JAWA BARAT,32.76,KOTA DEPOK,32.76.11,BOJONGSARI,BOJONGSARI BARU,16522
32.76.11.1003,32,JAWA BARAT,32.76,KOTA DEPOK,32.76.11,BOJONGSARI,SERUA,16523
32.76.11.1004,32,JAWA BARAT,32.76,KOTA DEPOK,32.76.11,BOJONGSARI,PONDOK PETIR,16524
32.76.11.1005,32,JAWA BARAT,32.76,KOTA DEPOK,32.76.11,BOJONGSARI,CURUG,16525
32.76.11.1006,32,JAWA BARAT,32.76,KOTA DEPOK,32.76.11,BOJONGSARI,DUREN MEKAR,16526
32.76.11.1007,32,JAWA BARAT,32.76,KOTA DEPOK,32.76.11,BOJONGSARI,DUREN SERIBU,16527
32.77.01.1001,32,JAWA BARAT,32.77,KOTA CIMAHI,32.77.01,CIMAHI SELATAN,MELONG,40534
32.77.01.1002,32,JAWA BARAT,32.77,KOTA CIMAHI,32.77.01,CIMAHI SELATAN,CIBEUREUM,40535
32.77.01.1003,32,JAWA BARAT,32.77,KOTA CIMAHI,32.77.01,CIMAHI SELATAN,UTAMA,40533
32.77.01.1004,32,JAWA BARAT,32.77,KOTA CIMAHI,32.77.01,CIMAHI SELATAN,LEUWIGAJAH,40532
32.77.01.1005,32,JAWA BARAT,32.77,KOTA CIMAHI,32.77.01,CIMAHI SELATAN,CIBEBER,40531
32.77.02.1001,32,JAWA BARAT,32.77,KOTA CIMAHI,32.77.02,CIMAHI TENGAH,BAROS,40521
32.77.02.1002,32,JAWA BARAT,32.77,KOTA CIMAHI,32.77.02,CIMAHI TENGAH,CIGUGUR TENGAH,40522
32.77.02.1003,32,JAWA BARAT,32.77,KOTA CIMAHI,32.77.02,CIMAHI TENGAH,KARANGMEKAR,40523
32.77.02.1004,32,JAWA BARAT,32.77,KOTA CIMAHI,32.77.02,CIMAHI TENGAH,SETIAMANAH,40524
32.77.02.1005,32,JAWA BARAT,32.77,KOTA CIMAHI,32.77.02,CIMAHI TENGAH,PADASUKA,40526
32.77.02.1006,32,JAWA BARAT,32.77,KOTA CIMAHI,32.77.02,CIMAHI TENGAH,CIMAHI,40525
32.77.03.1001,32,JAWA BARAT,32.77,KOTA CIMAHI,32.77.03,CIMAHI UTARA,PASIRKALIKI,40514
32.77.03.1002,32,JAWA BARAT,32.77,KOTA CIMAHI,32.77.03,CIMAHI UTARA,CIBABAT,40513
32.77.03.1003,32,JAWA BARAT,32.77,KOTA CIMAHI,32.77.03,CIMAHI UTARA,CITEUREUP,40512
32.77.03.1004,32,JAWA BARAT,32.77,KOTA CIMAHI,32.77.03,CIMAHI UTARA,CIPAGERAN,40511
32.78.01.1001,32,JAWA BARAT,32.78,KOTA TASIKMALAYA,32.78.01,CIHIDEUNG,YUDANAGARA,46121
32.78.01.1002,32,JAWA BARAT,32.78,KOTA TASIKMALAYA,32.78.01,CIHIDEUNG,NAGARAWANGI,46124
32.78.01.1003,32,JAWA BARAT,32.78,KOTA TASIKMALAYA,32.78.01,CIHIDEUNG,CILEMBANG,46123
32.78.01.1004,32,JAWA BARAT,32.78,KOTA TASIKMALAYA,32.78.01,CIHIDEUNG,ARGASARI,46122
32.78.01.1005,32,JAWA BARAT,32.78,KOTA TASIKMALAYA,32.78.01,CIHIDEUNG,TUGUJAYA,46126
32.78.01.1006,32,JAWA BARAT,32.78,KOTA TASIKMALAYA,32.78.01,CIHIDEUNG,TUGURAJA,46125
32.78.02.1001,32,JAWA BARAT,32.78,KOTA TASIKMALAYA,32.78.02,CIPEDES,PANGLAYUNGAN,46134
32.78.02.1002,32,JAWA BARAT,32.78,KOTA TASIKMALAYA,32.78.02,CIPEDES,CIPEDES,46133
32.78.02.1003,32,JAWA BARAT,32.78,KOTA TASIKMALAYA,32.78.02,CIPEDES,NAGARASARI,46132
32.78.02.1004,32,JAWA BARAT,32.78,KOTA TASIKMALAYA,32.78.02,CIPEDES,SUKAMANAH,46131
32.78.03.1001,32,JAWA BARAT,32.78,KOTA TASIKMALAYA,32.78.03,TAWANG,TAWANGSARI,46112
32.78.03.1002,32,JAWA BARAT,32.78,KOTA TASIKMALAYA,32.78.03,TAWANG,EMPANGSARI,46113
32.78.03.1003,32,JAWA BARAT,32.78,KOTA TASIKMALAYA,32.78.03,TAWANG,LENGKONGSARI,46111
32.78.03.1004,32,JAWA BARAT,32.78,KOTA TASIKMALAYA,32.78.03,TAWANG,CIKALANG,46114
32.78.03.1005,32,JAWA BARAT,32.78,KOTA TASIKMALAYA,32.78.03,TAWANG,KAHURIPAN,46115
32.78.04.1003,32,JAWA BARAT,32.78,KOTA TASIKMALAYA,32.78.04,INDIHIANG,INDIHIANG,46135
32.78.04.1004,32,JAWA BARAT,32.78,KOTA TASIKMALAYA,32.78.04,INDIHIANG,SIRNAGALIH,46135
32.78.04.1005,32,JAWA BARAT,32.78,KOTA TASIKMALAYA,32.78.04,INDIHIANG,PARAKANNYASAG,46136
32.78.04.1006,32,JAWA BARAT,32.78,KOTA TASIKMALAYA,32.78.04,INDIHIANG,PANYINGKIRAN,46136
32.78.04.1007,32,JAWA BARAT,32.78,KOTA TASIKMALAYA,32.78.04,INDIHIANG,SUKAMAJU KALER,46137
32.78.04.1008,32,JAWA BARAT,32.78,KOTA TASIKMALAYA,32.78.04,INDIHIANG,SUKAMAJU KIDUL,46137
32.78.05.1001,32,JAWA BARAT,32.78,KOTA TASIKMALAYA,32.78.05,KAWALU,KERSAMENAK,46141
32.78.05.1002,32,JAWA BARAT,32.78,KOTA TASIKMALAYA,32.78.05,KAWALU,CILAMAJANG,46143
32.78.05.1003,32,JAWA BARAT,32.78,KOTA TASIKMALAYA,32.78.05,KAWALU,GUNUNG TANDALA,46142
32.78.05.1004,32,JAWA BARAT,32.78,KOTA TASIKMALAYA,32.78.05,KAWALU,URUG,46145
32.78.05.1005,32,JAWA BARAT,32.78,KOTA TASIKMALAYA,32.78.05,KAWALU,TANJUNG,46144
32.78.05.1006,32,JAWA BARAT,32.78,KOTA TASIKMALAYA,32.78.05,KAWALU,CIBEUTI,46143
32.78.05.1007,32,JAWA BARAT,32.78,KOTA TASIKMALAYA,32.78.05,KAWALU,KARANGANYAR,46144
32.78.05.1008,32,JAWA BARAT,32.78,KOTA TASIKMALAYA,32.78.05,KAWALU,TALAGASARI,46141
32.78.05.1009,32,JAWA BARAT,32.78,KOTA TASIKMALAYA,32.78.05,KAWALU,LEUWILIANG,46145
32.78.05.1010,32,JAWA BARAT,32.78,KOTA TASIKMALAYA,32.78.05,KAWALU,GUNUNG GEDE,46142
32.78.06.1005,32,JAWA BARAT,32.78,KOTA TASIKMALAYA,32.78.06,CIBEUREUM,SETIARATU,46116
32.78.06.1007,32,JAWA BARAT,32.78,KOTA TASIKMALAYA,32.78.06,CIBEUREUM,KERSANAGARA,46116
32.78.06.1008,32,JAWA BARAT,32.78,KOTA TASIKMALAYA,32.78.06,CIBEUREUM,KOTA BARU,46117
32.78.06.1009,32,JAWA BARAT,32.78,KOTA TASIKMALAYA,32.78.06,CIBEUREUM,AWIPARI,46117
32.78.06.1010,32,JAWA BARAT,32.78,KOTA TASIKMALAYA,32.78.06,CIBEUREUM,SETIANAGARA,46116
32.78.06.1011,32,JAWA BARAT,32.78,KOTA TASIKMALAYA,32.78.06,CIBEUREUM,CIHERANG,46116
32.78.06.1012,32,JAWA BARAT,32.78,KOTA TASIKMALAYA,32.78.06,CIBEUREUM,CIAKAR,46117
32.78.06.1013,32,JAWA BARAT,32.78,KOTA TASIKMALAYA,32.78.06,CIBEUREUM,MARGABAKTI,46117
32.78.06.1014,32,JAWA BARAT,32.78,KOTA TASIKMALAYA,32.78.06,CIBEUREUM,SETIAJAYA,46116
32.78.07.1001,32,JAWA BARAT,32.78,KOTA TASIKMALAYA,32.78.07,TAMANSARI,TAMANSARI,46146
32.78.07.1002,32,JAWA BARAT,32.78,KOTA TASIKMALAYA,32.78.07,TAMANSARI,MUGARSARI,46146
32.78.07.1003,32,JAWA BARAT,32.78,KOTA TASIKMALAYA,32.78.07,TAMANSARI,TAMANJAYA,46147
32.78.07.1004,32,JAWA BARAT,32.78,KOTA TASIKMALAYA,32.78.07,TAMANSARI,SUMELAP,46147
32.78.07.1005,32,JAWA BARAT,32.78,KOTA TASIKMALAYA,32.78.07,TAMANSARI,SETIAWARGI,46148
32.78.07.1006,32,JAWA BARAT,32.78,KOTA TASIKMALAYA,32.78.07,TAMANSARI,MULYASARI,46149
32.78.07.1007,32,JAWA BARAT,32.78,KOTA TASIKMALAYA,32.78.07,TAMANSARI,SUKAHURIP,46149
32.78.07.1008,32,JAWA BARAT,32.78,KOTA TASIKMALAYA,32.78.07,TAMANSARI,SETIAMULYA,46148
32.78.08.1001,32,JAWA BARAT,32.78,KOTA TASIKMALAYA,32.78.08,MANGKUBUMI,MANGKUBUMI,46127
32.78.08.1002,32,JAWA BARAT,32.78,KOTA TASIKMALAYA,32.78.08,MANGKUBUMI,CIGANTANG,46127
32.78.08.1003,32,JAWA BARAT,32.78,KOTA TASIKMALAYA,32.78.08,MANGKUBUMI,KARIKIL,46127
32.78.08.1004,32,JAWA BARAT,32.78,KOTA TASIKMALAYA,32.78.08,MANGKUBUMI,LINGGAJAYA,46128
32.78.08.1005,32,JAWA BARAT,32.78,KOTA TASIKMALAYA,32.78.08,MANGKUBUMI,CIPAWITRA,46128
32.78.08.1006,32,JAWA BARAT,32.78,KOTA TASIKMALAYA,32.78.08,MANGKUBUMI,SAMBONGPARI,46129
32.78.08.1007,32,JAWA BARAT,32.78,KOTA TASIKMALAYA,32.78.08,MANGKUBUMI,SAMBONGJAYA,46129
32.78.08.1008,32,JAWA BARAT,32.78,KOTA TASIKMALAYA,32.78.08,MANGKUBUMI,CIPARI,46128
32.78.09.1001,32,JAWA BARAT,32.78,KOTA TASIKMALAYA,32.78.09,BUNGURSARI,SUKAMULYA,46138
32.78.09.1002,32,JAWA BARAT,32.78,KOTA TASIKMALAYA,32.78.09,BUNGURSARI,SUKARINDIK,46138
32.78.09.1003,32,JAWA BARAT,32.78,KOTA TASIKMALAYA,32.78.09,BUNGURSARI,BUNGURSARI,46138
32.78.09.1004,32,JAWA BARAT,32.78,KOTA TASIKMALAYA,32.78.09,BUNGURSARI,SUKAJAYA,46138
32.78.09.1005,32,JAWA BARAT,32.78,KOTA TASIKMALAYA,32.78.09,BUNGURSARI,CIBUNIGEULIS,46139
32.78.09.1006,32,JAWA BARAT,32.78,KOTA TASIKMALAYA,32.78.09,BUNGURSARI,BANTARSARI,46139
32.78.09.1007,32,JAWA BARAT,32.78,KOTA TASIKMALAYA,32.78.09,BUNGURSARI,SUKALAKSANA,46139
32.78.10.1001,32,JAWA BARAT,32.78,KOTA TASIKMALAYA,32.78.10,PURBARATU,SUKANAGARA,46118
32.78.10.1002,32,JAWA BARAT,32.78,KOTA TASIKMALAYA,32.78.10,PURBARATU,SUKAMENAK,46118
32.78.10.1003,32,JAWA BARAT,32.78,KOTA TASIKMALAYA,32.78.10,PURBARATU,PURBARATU,46118
32.78.10.1004,32,JAWA BARAT,32.78,KOTA TASIKMALAYA,32.78.10,PURBARATU,SUKAASIH,46119
32.78.10.1005,32,JAWA BARAT,32.78,KOTA TASIKMALAYA,32.78.10,PURBARATU,SUKAJAYA,46119
32.78.10.1006,32,JAWA BARAT,32.78,KOTA TASIKMALAYA,32.78.10,PURBARATU,SINGKUP,46119
32.79.01.1001,32,JAWA BARAT,32.79,KOTA BANJAR,32.79.01,BANJAR,BANJAR,46311
32.79.01.1002,32,JAWA BARAT,32.79,KOTA BANJAR,32.79.01,BANJAR,MEKARSARI,46317
32.79.01.1006,32,JAWA BARAT,32.79,KOTA BANJAR,32.79.01,BANJAR,SITUBATU,46314
32.79.01.2003,32,JAWA BARAT,32.79,KOTA BANJAR,32.79.01,BANJAR,BALOKANG,46312
32.79.01.2004,32,JAWA BARAT,32.79,KOTA BANJAR,32.79.01,BANJAR,CIBEUREUM,46313
32.79.01.2005,32,JAWA BARAT,32.79,KOTA BANJAR,32.79.01,BANJAR,NEGLASARI,46315
32.79.01.2007,32,JAWA BARAT,32.79,KOTA BANJAR,32.79.01,BANJAR,JAJAWAR,46318
32.79.02.1001,32,JAWA BARAT,32.79,KOTA BANJAR,32.79.02,PATARUMAN,HEGARSARI,46322
32.79.02.1002,32,JAWA BARAT,32.79,KOTA BANJAR,32.79.02,PATARUMAN,PATARUMAN,46323
32.79.02.2003,32,JAWA BARAT,32.79,KOTA BANJAR,32.79.02,PATARUMAN,MULYASARI,46328
32.79.02.2004,32,JAWA BARAT,32.79,KOTA BANJAR,32.79.02,PATARUMAN,BATULAWANG,46326
32.79.02.2005,32,JAWA BARAT,32.79,KOTA BANJAR,32.79.02,PATARUMAN,KARYAMUKTI,46327
32.79.02.2006,32,JAWA BARAT,32.79,KOTA BANJAR,32.79.02,PATARUMAN,BINANGUN,46322
32.79.02.2007,32,JAWA BARAT,32.79,KOTA BANJAR,32.79.02,PATARUMAN,SUKAMUKTI,46329
32.79.02.2008,32,JAWA BARAT,32.79,KOTA BANJAR,32.79.02,PATARUMAN,SINARTANJUNG,46329
32.79.03.1001,32,JAWA BARAT,32.79,KOTA BANJAR,32.79.03,PURWAHARJA,PURWAHARJA,46331
32.79.03.1004,32,JAWA BARAT,32.79,KOTA BANJAR,32.79.03,PURWAHARJA,KARANGPANIMBAL,46332
32.79.03.2002,32,JAWA BARAT,32.79,KOTA BANJAR,32.79.03,PURWAHARJA,RAHARJA,46333
32.79.03.2003,32,JAWA BARAT,32.79,KOTA BANJAR,32.79.03,PURWAHARJA,MEKARHARJA,46334
32.79.04.1004,32,JAWA BARAT,32.79,KOTA BANJAR,32.79.04,LANGENSARI,MUKTISARI,46343
32.79.04.1005,32,JAWA BARAT,32.79,KOTA BANJAR,32.79.04,LANGENSARI,BOJONGKANTONG,46346
32.79.04.2001,32,JAWA BARAT,32.79,KOTA BANJAR,32.79.04,LANGENSARI,LANGENSARI,46341
32.79.04.2002,32,JAWA BARAT,32.79,KOTA BANJAR,32.79.04,LANGENSARI,REJASARI,46344
32.79.04.2003,32,JAWA BARAT,32.79,KOTA BANJAR,32.79.04,LANGENSARI,WARINGINSARI,46342
32.79.04.2006,32,JAWA BARAT,32.79,KOTA BANJAR,32.79.04,LANGENSARI,KUJANGSARI,46345
